time,is_recent,pos_x,pos_y,filtered_pos_x,filtered_pos_y
0.01900864,1,1972.278,-175.7941,986.139,-87.89704
0.07707977,1,2083.178,-171.0057,1534.658,-129.4514
0.0918026,1,2083.178,-171.0057,1808.918,-150.2285
0.1037769,1,2062.48,-192.6446,1935.699,-171.4366
0.110527,1,2062.48,-192.6446,1999.089,-182.0406
0.1211967,1,2062.48,-192.6446,2030.785,-187.3426
0.134243,1,2062.48,-192.6446,2046.632,-189.9936
0.1440163,1,2062.48,-192.6446,2054.556,-191.3191
0.1562424,1,2062.48,-192.6446,2058.518,-191.9818
0.1665688,1,2062.48,-192.6446,2060.499,-192.3132
0.1773777,1,2062.48,-192.6446,2061.489,-192.4789
0.1880798,1,2062.48,-192.6446,2061.984,-192.5618
0.1980247,1,2062.48,-192.6446,2062.232,-192.6032
0.2145939,1,2062.48,-192.6446,2062.356,-192.6239
0.2224464,1,2062.48,-192.6446,2062.418,-192.6342
0.2345829,1,2062.48,-192.6446,2062.449,-192.6394
0.2446289,1,2062.48,-192.6446,2062.464,-192.642
0.2572327,1,1969.49,-136.0633,2015.977,-164.3527
0.2684593,1,1969.49,-136.0633,1992.734,-150.208
0.278986,1,1969.49,-136.0633,1981.112,-143.1357
0.2897949,1,1969.49,-136.0633,1975.301,-139.5995
0.2998295,1,1969.49,-136.0633,1972.396,-137.8314
0.3123894,1,1969.49,-136.0633,1970.943,-136.9474
0.3241272,1,1966.614,-142.7615,1968.778,-139.8544
0.3376141,1,1966.614,-142.7615,1967.696,-141.308
0.3483562,1,1966.614,-142.7615,1967.155,-142.0347
0.3573742,1,1966.614,-142.7615,1966.885,-142.3981
0.3692436,1,1966.614,-142.7615,1966.749,-142.5798
0.378561,1,1966.614,-142.7615,1966.682,-142.6707
0.3899059,1,1966.614,-142.7615,1966.648,-142.7161
0.4006042,1,2023.448,-143.6318,1995.048,-143.1739
0.4126015,1,2023.448,-143.6318,2009.248,-143.4029
0.4213352,1,2023.448,-143.6318,2016.348,-143.5173
0.4329376,1,2027.579,-141.0809,2021.963,-142.2991
0.4469528,1,2027.579,-141.0809,2024.771,-141.69
0.4543419,1,2027.579,-141.0809,2026.175,-141.3854
0.4669819,1,2075.018,-11.58913,2050.596,-76.48728
0.4801407,1,2075.018,-11.58913,2062.807,-44.03821
0.4873238,1,2075.018,-11.58913,2068.912,-27.81367
0.4980965,1,1988.002,101.6968,2028.457,36.94158
0.5091038,1,1988.002,101.6968,2008.23,69.3192
0.5198822,1,1988.002,101.6968,1998.116,85.50801
0.5318031,1,1697.672,280.2832,1847.894,182.8956
0.5423298,1,1697.672,280.2832,1772.783,231.5894
0.5537891,1,1499.065,372.2083,1635.924,301.8988
0.564249,1,1499.065,372.2083,1567.495,337.0535
0.577795,1,1499.065,372.2083,1533.28,354.6309
0.5880032,1,1393.733,400.3785,1463.506,377.5047
0.5978775,1,1393.733,400.3785,1428.62,388.9416
0.6093388,1,1393.733,400.3785,1411.176,394.6601
0.6195374,1,1343.125,403.6755,1377.15,399.1678
0.6324482,1,1343.125,403.6755,1360.137,401.4216
0.640398,1,1343.125,403.6755,1351.631,402.5486
0.6522923,1,1313.244,397.3611,1332.438,399.9548
0.6635094,1,1313.244,397.3611,1322.841,398.6579
0.6744633,1,1298.426,392.885,1310.634,395.7715
0.6846066,1,1298.426,392.885,1304.53,394.3282
0.6977901,1,1298.426,392.885,1301.478,393.6066
0.7079945,1,1353.519,535.5727,1327.498,464.5897
0.7183094,1,1353.519,535.5727,1340.509,500.0812
0.7326565,1,1353.519,535.5727,1347.014,517.8269
0.7398376,1,1423.831,704.0316,1385.422,610.9293
0.7515907,1,1423.831,704.0316,1404.626,657.4805
0.7704277,1,1452.96,771.4271,1428.793,714.4538
0.7807064,1,1452.96,771.4271,1440.877,742.9404
0.7926807,1,1452.96,771.4271,1446.918,757.1838
0.8028603,1,1462.024,800.2305,1454.471,778.7072
0.8166409,1,1462.024,800.2305,1458.248,789.4689
0.8268967,1,1464.922,809.6179,1461.585,799.5433
0.8378639,1,1464.922,809.6179,1463.253,804.5806
0.850853,1,1464.922,809.6179,1464.087,807.0992
0.860117,1,1462.939,810.6938,1463.513,808.8965
0.8713856,1,1462.939,810.6938,1463.226,809.7952
0.8830013,1,1462.939,810.6938,1463.082,810.2445
0.8935757,1,1461.174,809.4189,1462.128,809.8317
0.9032116,1,1461.174,809.4189,1461.651,809.6254
0.9145775,1,1461.174,809.4189,1461.413,809.5222
0.9240417,1,1459.381,807.7167,1460.397,808.6194
0.9380856,1,1459.381,807.7167,1459.889,808.1681
0.9481602,1,1457.591,805.7161,1458.74,806.9421
0.9584827,1,1457.591,805.7161,1458.166,806.3291
0.9704151,1,1457.591,805.7161,1457.878,806.0226
0.9812794,1,1465.327,800.1884,1461.603,803.1055
0.9991398,1,1465.327,800.1884,1463.465,801.647
1.010603,1,1471.675,795.7491,1467.57,798.698
1.02129,1,1471.675,795.7491,1469.623,797.2235
1.034081,1,1471.675,795.7491,1470.649,796.4863
1.042986,1,1475.378,793.1384,1473.014,794.8124
1.056536,1,1475.378,793.1384,1474.196,793.9753
1.064436,1,1475.378,793.1384,1474.787,793.5569
1.076876,1,1477.106,791.0761,1475.946,792.3165
1.088343,1,1477.106,791.0761,1476.526,791.6963
1.09812,1,1477.816,789.3088,1477.171,790.5026
1.110687,1,1477.816,789.3088,1477.493,789.9057
1.122572,1,1477.816,789.3088,1477.655,789.6073
1.134487,1,1478.402,787.8368,1478.028,788.722
1.146635,1,1478.402,787.8368,1478.215,788.2794
1.156591,1,1478.402,787.8368,1478.308,788.0581
1.168352,1,1478.899,785.6826,1478.604,786.8704
1.179708,1,1478.899,785.6826,1478.751,786.2765
1.190964,1,1479.743,782.6169,1479.247,784.4467
1.201801,1,1479.743,782.6169,1479.495,783.5317
1.212233,1,1479.743,782.6169,1479.619,783.0743
1.22242,1,1480.65,779.3102,1480.134,781.1923
1.234053,1,1480.65,779.3102,1480.392,780.2512
1.244232,1,1480.65,779.3102,1480.521,779.7807
1.254198,1,1481.382,775.5989,1480.951,777.6898
1.264544,1,1481.382,775.5989,1481.167,776.6443
1.27672,1,1481.382,775.5989,1481.274,776.1216
1.288013,1,1481.431,771.6538,1481.353,773.8877
1.298899,1,1481.431,771.6538,1481.392,772.7708
1.309875,1,1480.939,767.8359,1481.166,770.3033
1.320036,1,1480.939,767.8359,1481.052,769.0696
1.331757,1,1480.939,767.8359,1480.996,768.4528
1.343121,1,1480.469,763.7242,1480.732,766.0885
1.355139,1,1480.469,763.7242,1480.601,764.9064
1.36644,1,1480.469,763.7242,1480.535,764.3153
1.376482,1,1480.469,763.7242,1480.502,764.0198
1.388746,1,1480.469,763.7242,1480.485,763.872
1.398586,1,1480.469,763.7242,1480.477,763.7981
1.410192,1,1480.469,763.7242,1480.473,763.7612
1.420486,1,1480.469,763.7242,1480.471,763.7427
1.432241,1,1480.469,763.7242,1480.47,763.7335
1.441261,1,1480.469,763.7242,1480.469,763.7289
1.454054,1,1480.469,763.7242,1480.469,763.7266
1.464466,1,1480.469,763.7242,1480.469,763.7254
1.478004,1,1480.469,763.7242,1480.469,763.7249
1.489111,1,1473.009,720.4545,1476.739,742.0897
1.501476,1,1473.009,720.4545,1474.874,731.2721
1.513641,1,1473.009,720.4545,1473.942,725.8633
1.523783,1,1461.93,711.4607,1467.936,718.662
1.53607,1,1461.93,711.4607,1464.933,715.0613
1.546707,1,1461.93,711.4607,1463.432,713.261
1.555649,1,1453.042,710.189,1458.237,711.725
1.568888,1,1453.042,710.189,1455.639,710.957
1.579422,1,1453.042,710.189,1454.341,710.573
1.589911,1,1446.803,707.8404,1450.572,709.2067
1.600361,1,1446.803,707.8404,1448.688,708.5236
1.613409,1,1400.623,719.1133,1424.655,713.8184
1.622547,1,1400.623,719.1133,1412.639,716.4658
1.635427,1,1400.623,719.1133,1406.631,717.7896
1.647228,1,1170.699,772.222,1288.665,745.0057
1.656651,1,1170.699,772.222,1229.682,758.6139
1.66996,1,854.6797,839.606,1042.181,799.1099
1.679882,1,854.6797,839.606,948.4302,819.3579
1.691685,1,854.6797,839.606,901.5549,829.4819
1.701355,1,668.3605,878.4019,784.9578,853.9419
1.714493,1,668.3605,878.4019,726.6592,866.1719
1.722076,1,668.3605,878.4019,697.5099,872.2869
1.733795,1,584.5785,897.4756,641.0442,884.8812
1.745934,1,584.5785,897.4756,612.8113,891.1784
1.754641,1,584.5785,897.4756,598.6949,894.327
1.767254,1,546.2722,902.0188,572.4836,898.1729
1.777985,1,546.2722,902.0188,559.3779,900.0958
1.789381,1,546.2722,902.0188,552.8251,901.0573
1.800194,1,529.1494,901.9967,540.9872,901.527
1.812904,1,529.1494,901.9967,535.0684,901.7618
1.822083,1,518.5472,899.9454,526.8077,900.8536
1.834246,1,518.5472,899.9454,522.6775,900.3995
1.844637,1,518.5472,899.9454,520.6123,900.1725
1.855236,1,513.2473,898.2681,516.9298,899.2203
1.866293,1,513.2473,898.2681,515.0886,898.7443
1.877956,1,513.2473,898.2681,514.168,898.5062
1.888144,1,509.8044,897.2858,511.9861,897.896
1.899227,1,509.8044,897.2858,510.8953,897.5909
1.910397,1,509.8044,897.2858,510.3498,897.4384
1.920464,1,509.3961,894.2579,509.873,895.8481
1.932669,1,509.3961,894.2579,509.6346,895.053
1.94173,1,509.3961,894.2579,509.5154,894.6555
1.953264,1,509.3528,891.8713,509.4341,893.2634
1.964506,1,509.3528,891.8713,509.3935,892.5674
1.976559,1,509.4238,889.7905,509.4086,891.179
1.986595,1,509.4238,889.7905,509.4162,890.4847
1.996876,1,509.4238,889.7905,509.42,890.1376
2.008022,1,509.8456,887.432,509.6328,888.7848
2.018791,1,509.8456,887.432,509.7392,888.1084
2.032473,1,509.8456,887.432,509.7924,887.7702
2.041832,1,509.8157,886.1998,509.8041,886.985
2.052994,1,509.8157,886.1998,509.8099,886.5924
2.066137,1,510.308,885.6347,510.059,886.1135
2.075863,1,510.308,885.6347,510.1835,885.8741
2.08629,1,510.308,885.6347,510.2457,885.7544
2.096853,1,539.6569,884.7838,524.9513,885.269
2.108858,1,539.6569,884.7838,532.3041,885.0264
2.118059,1,539.6569,884.7838,535.9805,884.905
2.130911,1,795.7565,869.9699,665.8685,877.4375
2.139349,1,795.7565,869.9699,730.8125,873.7037
2.152609,1,795.7565,869.9699,763.2845,871.8368
2.163515,1,1114.004,850.6713,938.6443,861.254
2.174517,1,1114.004,850.6713,1026.324,855.9626
2.188133,1,1288.681,843.2449,1157.503,849.6038
2.197506,1,1288.681,843.2449,1223.092,846.4243
2.207994,1,1288.681,843.2449,1255.886,844.8346
2.218328,1,1371.235,844.4435,1313.561,844.639
2.231461,1,1371.235,844.4435,1342.398,844.5413
2.240061,1,1371.235,844.4435,1356.816,844.4924
2.25271,1,1410.055,843.5812,1383.436,844.0368
2.262207,1,1410.055,843.5812,1396.746,843.809
2.272697,1,1410.055,843.5812,1403.401,843.6951
2.283026,1,1427.481,845.8578,1415.441,844.7765
2.294607,1,1427.481,845.8578,1421.461,845.3171
2.307081,1,1438.694,844.4841,1430.078,844.9006
2.318087,1,1438.694,844.4841,1434.386,844.6924
2.329876,1,1438.694,844.4841,1436.54,844.5883
2.339151,1,1453.627,841.8054,1445.084,843.1968
2.351091,1,1453.627,841.8054,1449.355,842.5011
2.35914,1,1453.627,841.8054,1451.491,842.1533
2.371727,1,1480.95,833.2139,1466.221,837.6836
2.381836,1,1480.95,833.2139,1473.585,835.4487
2.392895,1,1480.95,833.2139,1477.268,834.3313
2.403152,1,1505.321,822.5811,1491.294,828.4562
2.415283,1,1505.321,822.5811,1498.308,825.5186
2.438578,1,1520.735,813.9971,1509.521,819.7578
2.444704,1,1520.735,813.9971,1515.128,816.8774
2.452198,1,1520.735,813.9971,1517.931,815.4373
2.462278,1,1532.927,808.6678,1525.429,812.0525
2.47311,1,1532.927,808.6678,1529.178,810.3601
2.483259,1,1532.927,808.6678,1531.052,809.5139
2.496922,1,1539.233,803.584,1535.143,806.549
2.504162,1,1539.233,803.584,1537.188,805.0665
2.516487,1,1546.765,804.2538,1541.976,804.6602
2.528866,1,1546.765,804.2538,1544.371,804.457
2.538862,1,1546.765,804.2538,1545.568,804.3553
2.550501,1,1561.023,810.8863,1553.295,807.6208
2.564053,1,1561.023,810.8863,1557.159,809.2535
2.573881,1,1561.023,810.8863,1559.091,810.0699
2.583778,1,1572.075,817.2944,1565.583,813.6822
2.596281,1,1572.075,817.2944,1568.829,815.4883
2.607285,1,1580.025,822.8479,1574.427,819.1681
2.615692,1,1580.025,822.8479,1577.226,821.008
2.6264,1,1580.025,822.8479,1578.625,821.928
2.635935,1,1586.869,829.0572,1582.747,825.4926
2.64959,1,1586.869,829.0572,1584.808,827.2749
2.657745,1,1586.869,829.0572,1585.839,828.166
2.670198,1,1593.805,833.9962,1589.822,831.0811
2.680332,1,1593.805,833.9962,1591.813,832.5387
2.691038,1,1593.805,833.9962,1592.809,833.2675
2.702351,1,1600.789,838.9213,1596.799,836.0944
2.71446,1,1600.789,838.9213,1598.794,837.5078
2.725138,1,1600.789,838.9213,1599.792,838.2145
2.7372,1,1606.017,841.4673,1602.904,839.8409
2.748615,1,1606.017,841.4673,1604.461,840.6542
2.757582,1,1606.017,841.4673,1605.239,841.0608
2.770943,1,1610.584,844.1957,1607.911,842.6283
2.781361,1,1610.584,844.1957,1609.248,843.412
2.791437,1,1615.362,846.5346,1612.305,844.9733
2.801302,1,1615.362,846.5346,1613.834,845.7539
2.814861,1,1615.362,846.5346,1614.598,846.1443
2.823347,1,1620.476,849.8049,1617.537,847.9746
2.835251,1,1620.476,849.8049,1619.007,848.8898
2.846079,1,1620.476,849.8049,1619.742,849.3474
2.854963,1,1624.423,852.7126,1622.082,851.03
2.867725,1,1624.423,852.7126,1623.252,851.8713
2.879793,1,1628.208,855.4414,1625.73,853.6564
2.890978,1,1628.208,855.4414,1626.969,854.5489
2.902687,1,1628.208,855.4414,1627.588,854.9951
2.915174,1,1634.828,853.1708,1631.208,854.083
2.924772,1,1634.828,853.1708,1633.018,853.627
2.936996,1,1634.828,853.1708,1633.923,853.3989
2.948986,1,1642.014,850.0753,1637.969,851.7371
2.957747,1,1642.014,850.0753,1639.991,850.9063
2.969687,1,1647.645,847.2849,1643.818,849.0956
2.980307,1,1647.645,847.2849,1645.731,848.1902
2.990568,1,1647.645,847.2849,1646.688,847.7375
3.001011,1,1652.596,845.2333,1649.642,846.4854
3.015915,1,1652.596,845.2333,1651.119,845.8594
3.026464,1,1652.596,845.2333,1651.858,845.5463
3.038427,1,1657.399,843.1605,1654.628,844.3534
3.049818,1,1657.399,843.1605,1656.014,843.757
3.060709,1,1661.345,840.5769,1658.68,842.1669
3.071482,1,1661.345,840.5769,1660.012,841.3719
3.082544,1,1661.345,840.5769,1660.679,840.9744
3.094997,1,1664.47,838.6808,1662.574,839.8276
3.104179,1,1664.47,838.6808,1663.522,839.2543
3.117001,1,1664.47,838.6808,1663.996,838.9675
3.129309,1,1666.131,837.0259,1665.064,837.9967
3.138805,1,1666.131,837.0259,1665.598,837.5114
3.150881,1,1667.368,834.9291,1666.483,836.2202
3.161129,1,1667.368,834.9291,1666.925,835.5747
3.171816,1,1667.368,834.9291,1667.147,835.252
3.181787,1,1668.135,833.4117,1667.641,834.3318
3.193129,1,1668.135,833.4117,1667.888,833.8717
3.203529,1,1668.135,833.4117,1668.011,833.6417
3.214705,1,1668.402,831.993,1668.206,832.8174
3.22394,1,1668.402,831.993,1668.304,832.4052
3.238152,1,1668.402,831.993,1668.353,832.1991
3.248251,1,1666.467,833.5839,1667.41,832.8915
3.257475,1,1666.467,833.5839,1666.939,833.2377
3.270664,1,1666.467,833.5839,1666.703,833.4108
3.280693,1,1664.949,834.9542,1665.826,834.1825
3.292366,1,1664.949,834.9542,1665.388,834.5684
3.302267,1,1663.335,836.27,1664.361,835.4192
3.315607,1,1663.335,836.27,1663.848,835.8446
3.324158,1,1663.335,836.27,1663.591,836.0573
3.338682,1,1660.945,838.4326,1662.268,837.2449
3.349392,1,1660.945,838.4326,1661.607,837.8387
3.358559,1,1660.945,838.4326,1661.276,838.1356
3.374022,1,1658.359,840.5207,1659.818,839.3281
3.383503,1,1658.359,840.5207,1659.088,839.9244
3.398823,1,1654.128,843.0537,1656.608,841.4891
3.407976,1,1654.128,843.0537,1655.368,842.2714
3.417862,1,1654.128,843.0537,1654.748,842.6625
3.430761,1,1649.513,845.5759,1652.131,844.1193
3.440714,1,1649.513,845.5759,1650.822,844.8476
3.45339,1,1644.481,847.6412,1647.652,846.2444
3.464149,1,1644.481,847.6412,1646.066,846.9427
3.476631,1,1644.481,847.6412,1645.274,847.292
3.487089,1,1639.211,849.4876,1642.242,848.3898
3.497561,1,1639.211,849.4876,1640.727,848.9387
3.508627,1,1639.211,849.4876,1639.969,849.2131
3.519464,1,1634.642,850.8222,1637.305,850.0177
3.531473,1,1634.642,850.8222,1635.974,850.4199
3.540495,1,1634.642,850.8222,1635.308,850.6211
3.55348,1,1630.455,851.8824,1632.882,851.2517
3.567472,1,1630.455,851.8824,1631.668,851.567
3.574528,1,1626.611,852.6187,1629.14,852.0928
3.586329,1,1626.611,852.6187,1627.876,852.3557
3.597479,1,1626.611,852.6187,1627.243,852.4872
3.609598,1,1622.021,853.3372,1624.632,852.9122
3.618229,1,1622.021,853.3372,1623.327,853.1246
3.631483,1,1622.021,853.3372,1622.674,853.2309
3.651754,1,1617.678,850.5073,1620.176,851.8691
3.657907,1,1617.678,850.5073,1618.927,851.1882
3.669167,1,1614.87,846.1685,1616.899,848.6783
3.679878,1,1614.87,846.1685,1615.885,847.4235
3.691229,1,1614.87,846.1685,1615.377,846.796
3.699486,1,1612.035,842.3956,1613.706,844.5958
3.728626,1,1609.352,839.2349,1611.529,841.9154
3.735027,1,1609.352,839.2349,1610.44,840.5752
3.746466,1,1609.352,839.2349,1609.896,839.905
3.756041,1,1606.582,836.304,1608.239,838.1045
3.767965,1,1606.582,836.304,1607.411,837.2042
3.778988,1,1606.582,836.304,1606.996,836.7541
3.791206,1,1604.249,833.0086,1605.622,834.8813
3.798782,1,1604.249,833.0086,1604.936,833.9449
3.80938,1,1604.249,833.0086,1604.592,833.4768
3.819311,1,1602.454,829.6254,1603.523,831.5511
3.831633,1,1602.454,829.6254,1602.988,830.5883
3.840393,1,1602.454,829.6254,1602.721,830.1068
3.852777,1,1601.042,827.0418,1601.882,828.5743
3.863672,1,1601.042,827.0418,1601.462,827.8081
3.875214,1,1601.042,827.0418,1601.252,827.4249
3.886192,1,1599.403,824.5027,1600.328,825.9638
3.897942,1,1599.403,824.5027,1599.866,825.2333
3.908901,1,1597.685,822.0246,1598.776,823.6289
3.920454,1,1597.685,822.0246,1598.23,822.8268
3.932871,1,1597.685,822.0246,1597.958,822.4257
3.941275,1,1596.225,820.3082,1597.092,821.3669
3.954636,1,1596.225,820.3082,1596.658,820.8376
3.96483,1,1596.225,820.3082,1596.442,820.5729
3.976353,1,1595.153,819.0003,1595.797,819.7866
3.98662,1,1595.153,819.0003,1595.475,819.3934
3.997305,1,1593.748,817.7272,1594.612,818.5603
4.008944,1,1593.748,817.7272,1594.18,818.1437
4.018766,1,1593.748,817.7272,1593.964,817.9354
4.031248,1,1591.719,816.5193,1592.842,817.2274
4.03977,1,1591.719,816.5193,1592.28,816.8734
4.05229,1,1591.719,816.5193,1592,816.6964
4.062532,1,1590.387,815.5833,1591.193,816.1398
4.074697,1,1590.387,815.5833,1590.79,815.8616
4.084257,1,1590.387,815.5833,1590.589,815.7224
4.096701,1,1589.103,814.8501,1589.846,815.2863
4.10742,1,1589.103,814.8501,1589.474,815.0682
4.115721,1,1589.103,814.8501,1589.289,814.9591
4.127024,1,1587.438,813.9472,1588.363,814.4531
4.136541,1,1587.438,813.9472,1587.901,814.2002
4.148439,1,1585.922,813.1799,1586.911,813.6901
4.15766,1,1585.922,813.1799,1586.417,813.4349
4.170221,1,1585.922,813.1799,1586.169,813.3074
4.181425,1,1584.432,812.2751,1585.301,812.7913
4.192095,1,1584.432,812.2751,1584.866,812.5332
4.203146,1,1584.432,812.2751,1584.649,812.4042
4.216444,1,1582.905,811.2772,1583.777,811.8407
4.22677,1,1582.905,811.2772,1583.341,811.559
4.237001,1,1582.905,811.2772,1583.123,811.4181
4.248735,1,1580.957,810.5551,1582.04,810.9866
4.25799,1,1580.957,810.5551,1581.498,810.7708
4.270445,1,1579.635,810.2077,1580.567,810.4893
4.280741,1,1579.635,810.2077,1580.101,810.3485
4.293573,1,1579.635,810.2077,1579.868,810.2781
4.302855,1,1578.641,809.4981,1579.254,809.8881
4.314726,1,1578.641,809.4981,1578.948,809.6931
4.324465,1,1578.641,809.4981,1578.794,809.5956
4.337439,1,1577.229,808.7223,1578.012,809.1589
4.348436,1,1577.229,808.7223,1577.62,808.9406
4.357996,1,1577.229,808.7223,1577.425,808.8314
4.370947,1,1575.421,808.1699,1576.423,808.5006
4.381044,1,1575.421,808.1699,1575.922,808.3352
4.393419,1,1573.872,807.7466,1574.897,808.0409
4.402769,1,1573.872,807.7466,1574.385,807.8937
4.41464,1,1573.872,807.7466,1574.128,807.8202
4.422899,1,1570.624,805.8448,1572.376,806.8325
4.435148,1,1570.624,805.8448,1571.5,806.3386
4.446321,1,1570.624,805.8448,1571.062,806.0917
4.455393,1,1566.91,802.8149,1568.986,804.4533
4.467916,1,1566.91,802.8149,1567.948,803.6342
4.480356,1,1562.61,799.646,1565.279,801.6401
4.489901,1,1562.61,799.646,1563.944,800.6431
4.500387,1,1562.61,799.646,1563.277,800.1445
4.512716,1,1558.489,796.0657,1560.883,798.1051
4.521589,1,1558.489,796.0657,1559.686,797.0854
4.533667,1,1558.489,796.0657,1559.088,796.5756
4.544138,1,1553.808,791.7047,1556.448,794.1401
4.555368,1,1553.808,791.7047,1555.128,792.9224
4.567774,1,1553.808,791.7047,1554.468,792.3136
4.576399,1,1550.357,788.2573,1552.413,790.2854
4.587236,1,1550.357,788.2573,1551.385,789.2714
4.598711,1,1550.357,788.2573,1550.871,788.7643
4.610258,1,1547.408,785.9064,1549.14,787.3353
4.619276,1,1547.408,785.9064,1548.274,786.6208
4.631971,1,1544.125,783.9043,1546.199,785.2626
4.641336,1,1544.125,783.9043,1545.162,784.5834
4.65349,1,1544.125,783.9043,1544.643,784.2439
4.663733,1,1541.396,781.7744,1543.02,783.0092
4.674715,1,1541.396,781.7744,1542.208,782.3918
4.684774,1,1541.396,781.7744,1541.802,782.0831
4.696993,1,1539.118,779.8013,1540.46,780.9422
4.708712,1,1539.118,779.8013,1539.789,780.3717
4.718843,1,1539.118,779.8013,1539.453,780.0865
4.732229,1,1537.163,777.6062,1538.308,778.8463
4.740572,1,1537.163,777.6062,1537.735,778.2263
4.753225,1,1535.507,775.8118,1536.621,777.019
4.764002,1,1535.507,775.8118,1536.064,776.4154
4.776293,1,1535.507,775.8118,1535.786,776.1136
4.787577,1,1533.722,774.1549,1534.754,775.1343
4.799345,1,1533.722,774.1549,1534.238,774.6446
4.812067,1,1531.595,772.7005,1532.916,773.6725
4.82136,1,1531.595,772.7005,1532.255,773.1865
4.834726,1,1531.595,772.7005,1531.925,772.9435
4.844839,1,1529.999,771.0562,1530.962,771.9999
4.856771,1,1529.999,771.0562,1530.481,771.5281
4.868822,1,1529.999,771.0562,1530.24,771.2921
4.878347,1,1528.422,769.6143,1529.331,770.4532
4.887968,1,1528.422,769.6143,1528.877,770.0338
4.897917,1,1528.422,769.6143,1528.649,769.8241
4.908808,1,1526.428,768.0267,1527.539,768.9254
4.918837,1,1526.428,768.0267,1526.983,768.4761
4.932669,1,1526.428,768.0267,1526.706,768.2514
4.940901,1,1524.144,766.2265,1525.425,767.239
4.953856,1,1524.144,766.2265,1524.784,766.7327
4.964151,1,1522.669,765.2753,1523.727,766.004
4.976271,1,1522.669,765.2753,1523.198,765.6396
4.986189,1,1522.669,765.2753,1522.934,765.4575
4.996138,1,1521.323,763.6333,1522.129,764.5454
5.006437,1,1521.323,763.6333,1521.726,764.0894
5.017218,1,1521.323,763.6333,1521.525,763.8613
5.030382,1,1519.953,762.0196,1520.739,762.9404
5.037603,1,1519.953,762.0196,1520.346,762.48
5.049765,1,1519.953,762.0196,1520.149,762.2498
5.058744,1,1517.189,758.6118,1518.669,760.4308
5.071798,1,1517.189,758.6118,1517.929,759.5212
5.081888,1,1517.189,758.6118,1517.559,759.0665
5.092722,1,1512.925,753.205,1515.242,756.1357
5.103872,1,1512.925,753.205,1514.083,754.6703
5.116243,1,1509.104,748.7726,1511.594,751.7215
5.12723,1,1509.104,748.7726,1510.349,750.2471
5.136515,1,1509.104,748.7726,1509.727,749.5099
5.149221,1,1505.694,744.7784,1507.71,747.1442
5.157747,1,1505.694,744.7784,1506.702,745.9613
5.170412,1,1505.694,744.7784,1506.198,745.3699
5.181246,1,1501.587,740.9152,1503.893,743.1425
5.211641,1,1496.771,737.0913,1500.332,740.1169
5.219885,1,1496.771,737.0913,1498.552,738.6041
5.229738,1,1496.771,737.0913,1497.661,737.8477
5.237028,1,1492.633,734.3245,1495.147,736.0861
5.249258,1,1492.633,734.3245,1493.89,735.2053
5.258265,1,1492.633,734.3245,1493.261,734.7649
5.270266,1,1489.337,730.9689,1491.299,732.8669
5.291723,1,1489.337,730.9689,1490.318,731.918
5.297384,1,1486.604,728.2659,1488.461,730.0919
5.308546,1,1486.604,728.2659,1487.532,729.179
5.316603,1,1486.604,728.2659,1487.068,728.7224
5.330725,1,1483.991,726.1114,1485.53,727.4169
5.33885,1,1483.991,726.1114,1484.76,726.7642
5.350824,1,1483.991,726.1114,1484.376,726.4377
5.359171,1,1481.313,724.366,1482.844,725.4019
5.382635,1,1481.313,724.366,1482.078,724.8839
5.390257,1,1478.717,722.5571,1480.398,723.7205
5.400755,1,1478.717,722.5571,1479.557,723.1388
5.413645,1,1478.717,722.5571,1479.137,722.848
5.421984,1,1476.272,720.2296,1477.705,721.5388
5.43482,1,1476.272,720.2296,1476.989,720.8842
5.446596,1,1473.806,718.8832,1475.397,719.8837
5.45624,1,1473.806,718.8832,1474.602,719.3834
5.467466,1,1473.806,718.8832,1474.204,719.1333
5.478094,1,1471.212,717.3897,1472.708,718.2615
5.489492,1,1471.212,717.3897,1471.96,717.8256
5.499971,1,1471.212,717.3897,1471.586,717.6077
5.512995,1,1468.862,715.9469,1470.224,716.7773
5.520021,1,1468.862,715.9469,1469.543,716.3621
5.53277,1,1468.862,715.9469,1469.203,716.1545
5.542051,1,1468.658,714.5768,1468.93,715.3657
5.554121,1,1468.658,714.5768,1468.794,714.9713
5.566507,1,1468.658,714.5768,1468.726,714.774
5.574739,1,1468.566,713.2274,1468.646,714.0007
5.587461,1,1468.566,713.2274,1468.606,713.6141
5.5986,1,1468.748,712.3729,1468.677,712.9935
5.609217,1,1468.748,712.3729,1468.713,712.6832
5.619757,1,1468.748,712.3729,1468.73,712.528
5.632021,1,1468.524,711.3475,1468.627,711.9377
5.641069,1,1468.524,711.3475,1468.575,711.6426
5.65415,1,1468.524,711.3475,1468.55,711.495
5.664228,1,1468.206,710.751,1468.378,711.123
5.675024,1,1468.206,710.751,1468.292,710.937
5.686659,1,1468.206,710.751,1468.249,710.844
5.698618,1,1467.635,710.3496,1467.942,710.5968
5.708776,1,1467.635,710.3496,1467.788,710.4732
5.718832,1,1466.861,710.3978,1467.324,710.4355
5.73311,1,1466.861,710.3978,1467.093,710.4166
5.741129,1,1466.861,710.3978,1466.977,710.4072
5.754686,1,1466.422,710.7056,1466.699,710.5564
5.766188,1,1466.422,710.7056,1466.561,710.631
5.776102,1,1466.422,710.7056,1466.491,710.6683
5.788481,1,1465.938,710.8002,1466.215,710.7343
5.799162,1,1465.938,710.8002,1466.076,710.7672
5.810511,1,1464.948,710.7744,1465.512,710.7708
5.822008,1,1464.948,710.7744,1465.23,710.7726
5.832964,1,1464.948,710.7744,1465.089,710.7735
5.842085,1,1464.315,710.3895,1464.702,710.5815
5.854048,1,1464.315,710.3895,1464.509,710.4855
5.864653,1,1464.315,710.3895,1464.412,710.4375
5.877886,1,1463.525,710.014,1463.969,710.2258
5.88883,1,1463.525,710.014,1463.747,710.1199
5.898741,1,1463.525,710.014,1463.636,710.067
5.909746,1,1462.556,709.9308,1463.096,709.9989
5.920156,1,1462.556,709.9308,1462.826,709.9648
5.932043,1,1461.195,709.2977,1462.011,709.6312
5.942163,1,1461.195,709.2977,1461.603,709.4645
5.954248,1,1461.195,709.2977,1461.399,709.3811
5.964357,1,1460.122,708.1368,1460.76,708.7589
5.975039,1,1460.122,708.1368,1460.441,708.4479
5.986204,1,1460.122,708.1368,1460.281,708.2924
5.996622,1,1458.255,707.1934,1459.268,707.7429
6.007036,1,1458.255,707.1934,1458.761,707.4681
6.018774,1,1458.255,707.1934,1458.508,707.3307
6.031404,1,1456.084,705.8954,1457.296,706.613
6.042002,1,1456.084,705.8954,1456.69,706.2542
6.054686,1,1453.868,704.5109,1455.279,705.3826
6.066565,1,1453.868,704.5109,1454.573,704.9467
6.077745,1,1453.868,704.5109,1454.221,704.7288
6.089781,1,1451.854,703.1774,1453.037,703.9531
6.098989,1,1451.854,703.1774,1452.445,703.5652
6.111807,1,1449.78,701.6848,1451.113,702.625
6.12195,1,1449.78,701.6848,1450.447,702.1549
6.13389,1,1449.78,701.6848,1450.113,701.9198
6.143312,1,1447.102,698.1583,1448.608,700.0391
6.15814,1,1447.102,698.1583,1447.855,699.0987
6.171873,1,1444.298,694.9075,1446.076,697.0031
6.181025,1,1444.298,694.9075,1445.187,695.9553
6.192568,1,1444.298,694.9075,1444.743,695.4314
6.202734,1,1441.279,691.6639,1443.011,693.5476
6.215395,1,1441.279,691.6639,1442.145,692.6057
6.224516,1,1441.279,691.6639,1441.712,692.1348
6.237806,1,1438.986,688.9879,1440.349,690.5613
6.249273,1,1438.986,688.9879,1439.667,689.7747
6.258841,1,1438.986,688.9879,1439.327,689.3813
6.270903,1,1435.363,686.5671,1437.345,687.9742
6.28055,1,1435.363,686.5671,1436.354,687.2707
6.292459,1,1433.785,684.2518,1435.069,685.7612
6.302069,1,1433.785,684.2518,1434.427,685.0065
6.313875,1,1433.785,684.2518,1434.106,684.6292
6.32329,1,1431.514,682.6384,1432.81,683.6338
6.336744,1,1431.514,682.6384,1432.162,683.1361
6.348928,1,1431.514,682.6384,1431.838,682.8873
6.358618,1,1429.163,680.4066,1430.501,681.647
6.370253,1,1429.163,680.4066,1429.832,681.0268
6.379744,1,1429.163,680.4066,1429.498,680.7167
6.390848,1,1428.408,678.1181,1428.953,679.4174
6.401804,1,1428.408,678.1181,1428.681,678.7677
6.414339,1,1427.968,676.0099,1428.324,677.3888
6.423544,1,1427.968,676.0099,1428.146,676.6993
6.4354,1,1427.968,676.0099,1428.057,676.3546
6.44684,1,1426.835,674.79,1427.446,675.5723
6.454912,1,1426.835,674.79,1427.141,675.1812
6.464415,1,1426.835,674.79,1426.988,674.9856
6.474829,1,1425.245,673.9818,1426.116,674.4836
6.487066,1,1425.245,673.9818,1425.68,674.2327
6.497942,1,1425.245,673.9818,1425.463,674.1072
6.508165,1,1424.369,672.7858,1424.916,673.4465
6.519068,1,1424.369,672.7858,1424.642,673.1161
6.531622,1,1424.369,672.7858,1424.505,672.9509
6.540213,1,1423.054,672.3149,1423.78,672.6329
6.554129,1,1423.054,672.3149,1423.417,672.4739
6.564001,1,1422.04,671.4296,1422.728,671.9518
6.576933,1,1422.04,671.4296,1422.384,671.6907
6.586653,1,1422.04,671.4296,1422.212,671.5601
6.596811,1,1421.046,670.459,1421.629,671.0095
6.607531,1,1421.046,670.459,1421.337,670.7343
6.618402,1,1421.046,670.459,1421.192,670.5966
6.630365,1,1419.925,668.9703,1420.559,669.7834
6.638693,1,1419.925,668.9703,1420.242,669.3769
6.651335,1,1419.925,668.9703,1420.084,669.1736
6.661753,1,1418.976,668.4052,1419.53,668.7894
6.670877,1,1418.976,668.4052,1419.253,668.5973
6.681711,1,1418.976,668.4052,1419.114,668.5012
6.693964,1,1417.594,667.7622,1418.354,668.1317
6.70347,1,1417.594,667.7622,1417.974,667.947
6.716616,1,1416.31,667.005,1417.142,667.476
6.724821,1,1416.31,667.005,1416.726,667.2405
6.73749,1,1416.31,667.005,1416.518,667.1227
6.751368,1,1414.502,666.2307,1415.51,666.6768
6.758223,1,1414.502,666.2307,1415.006,666.4537
6.7745,1,1414.502,666.2307,1414.754,666.3422
6.783472,1,1412.506,665.5054,1413.63,665.9238
6.796709,1,1412.506,665.5054,1413.068,665.7146
6.80422,1,1412.506,665.5054,1412.787,665.61
6.817389,1,1410.465,664.5859,1411.626,665.0979
6.826902,1,1410.465,664.5859,1411.045,664.8419
6.836294,1,1408.807,664.1164,1409.926,664.4791
6.849775,1,1408.807,664.1164,1409.367,664.2977
6.857958,1,1408.807,664.1164,1409.087,664.207
6.870966,1,1407.251,662.9145,1408.169,663.5608
6.882063,1,1407.251,662.9145,1407.71,663.2377
6.89369,1,1407.251,662.9145,1407.481,663.076
6.904425,1,1404.247,659.7919,1405.864,661.434
6.918413,1,1404.247,659.7919,1405.055,660.6129
6.928694,1,1400.577,655.8713,1402.816,658.2421
6.937445,1,1400.577,655.8713,1401.697,657.0566
6.950098,1,1400.577,655.8713,1401.137,656.464
6.958849,1,1396.8,652.5945,1398.969,654.5292
6.9708,1,1396.8,652.5945,1397.885,653.5619
6.980295,1,1396.8,652.5945,1397.343,653.0782
6.991961,1,1394.226,649.252,1395.784,651.165
7.003443,1,1394.226,649.252,1395.005,650.2085
7.01457,1,1394.226,649.252,1394.616,649.7302
7.023451,1,1391.637,644.8948,1393.126,647.3125
7.035147,1,1391.637,644.8948,1392.382,646.1036
7.046064,1,1391.637,644.8948,1392.009,645.4992
7.054438,1,1389.204,641.9991,1390.606,643.7491
7.068724,1,1389.204,641.9991,1389.905,642.8741
7.07831,1,1386.651,639.2947,1388.278,641.0844
7.088823,1,1386.651,639.2947,1387.465,640.1896
7.098322,1,1386.651,639.2947,1387.058,639.7421
7.111475,1,1383.801,637.378,1385.43,638.5601
7.12015,1,1383.801,637.378,1384.615,637.969
7.13212,1,1383.801,637.378,1384.208,637.6735
7.14097,1,1381.12,636.059,1382.664,636.8662
7.15362,1,1381.12,636.059,1381.892,636.4626
7.163355,1,1381.12,636.059,1381.506,636.2607
7.175692,1,1379.252,635.2028,1380.379,635.7318
7.186621,1,1379.252,635.2028,1379.816,635.4673
7.198565,1,1377.929,635.2186,1378.872,635.3429
7.20944,1,1377.929,635.2186,1378.401,635.2808
7.217947,1,1377.929,635.2186,1378.165,635.2496
7.230532,1,1376.697,635.2556,1377.431,635.2526
7.238737,1,1376.697,635.2556,1377.064,635.2542
7.251833,1,1376.697,635.2556,1376.88,635.2549
7.261938,1,1375.092,636.0332,1375.986,635.644
7.272379,1,1375.092,636.0332,1375.539,635.8386
7.282835,1,1375.092,636.0332,1375.315,635.9359
7.294172,1,1373.313,636.2634,1374.314,636.0996
7.304525,1,1373.313,636.2634,1373.813,636.1815
7.317163,1,1373.313,636.2634,1373.563,636.2224
7.328882,1,1371.517,636.2018,1372.54,636.2121
7.338514,1,1371.517,636.2018,1372.029,636.2069
7.350229,1,1369.507,636.8256,1370.768,636.5162
7.359232,1,1369.507,636.8256,1370.137,636.6709
7.37182,1,1369.507,636.8256,1369.822,636.7483
7.381834,1,1368.075,637.6196,1368.949,637.184
7.392797,1,1368.075,637.6196,1368.512,637.4018
7.403559,1,1368.075,637.6196,1368.294,637.5107
7.416681,1,1366.971,639.0008,1367.633,638.2557
7.42581,1,1366.971,639.0008,1367.302,638.6283
7.435213,1,1366.971,639.0008,1367.137,638.8146
7.44795,1,1365.398,640.2346,1366.267,639.5245
7.457277,1,1365.398,640.2346,1365.833,639.8795
7.468721,1,1365.398,640.2346,1365.615,640.057
7.479895,1,1363.489,641.0181,1364.552,640.5376
7.490213,1,1363.489,641.0181,1364.021,640.7778
7.501318,1,1361.786,641.5223,1362.904,641.15
7.514051,1,1361.786,641.5223,1362.345,641.3362
7.522875,1,1361.786,641.5223,1362.066,641.4292
7.533457,1,1360.006,640.4818,1361.036,640.9555
7.542204,1,1360.006,640.4818,1360.521,640.7186
7.554659,1,1360.006,640.4818,1360.263,640.6002
7.566122,1,1359.044,638.4814,1359.654,639.5408
7.575735,1,1359.044,638.4814,1359.349,639.0111
7.58835,1,1359.044,638.4814,1359.197,638.7463
7.600821,1,1358.191,619.2498,1358.694,628.998
7.612303,1,1358.191,619.2498,1358.443,624.1239
7.620687,1,1374.699,403.5289,1366.571,513.8264
7.633173,1,1374.699,403.5289,1370.635,458.6776
7.641756,1,1374.699,403.5289,1372.667,431.1033
7.654158,1,1374.699,403.5289,1373.683,417.3161
7.664537,1,1374.699,403.5289,1374.191,410.4225
7.6756,1,1374.699,403.5289,1374.445,406.9757
7.686075,1,1374.699,403.5289,1374.572,405.2523
7.69565,1,1374.699,403.5289,1374.635,404.3906
7.707125,1,1374.699,403.5289,1374.667,403.9597
7.717031,1,1374.699,403.5289,1374.683,403.7443
7.728037,1,1374.699,403.5289,1374.691,403.6366
7.740561,1,1374.699,403.5289,1374.695,403.5827
7.751982,1,1374.699,403.5289,1374.697,403.5558
7.762346,1,1374.699,403.5289,1374.698,403.5423
7.773863,1,1374.699,403.5289,1374.698,403.5356
7.783213,1,1374.699,403.5289,1374.698,403.5322
7.794199,1,1374.699,403.5289,1374.699,403.5305
7.80385,1,1374.699,403.5289,1374.699,403.5297
7.816133,1,1374.699,403.5289,1374.699,403.5293
7.829725,1,1374.699,403.5289,1374.699,403.5291
7.837549,1,1374.699,403.5289,1374.699,403.529
7.849176,1,1374.699,403.5289,1374.699,403.5289
7.859972,1,1374.699,403.5289,1374.699,403.5289
7.871283,1,1374.699,403.5289,1374.699,403.5289
7.88117,1,1374.699,403.5289,1374.699,403.5289
7.892508,1,1374.699,403.5289,1374.699,403.5289
7.904039,1,1374.699,403.5289,1374.699,403.5289
7.915007,1,1374.699,403.5289,1374.699,403.5289
7.924009,1,1374.699,403.5289,1374.699,403.5289
7.936956,1,1374.699,403.5289,1374.699,403.5289
7.948378,1,1374.699,403.5289,1374.699,403.5289
7.957659,1,1374.699,403.5289,1374.699,403.5289
7.968031,1,1374.699,403.5289,1374.699,403.5289
7.978544,1,1374.699,403.5289,1374.699,403.5289
7.990728,1,1374.699,403.5289,1374.699,403.5289
8.001013,1,1374.699,403.5289,1374.699,403.5289
8.013926,1,1374.699,403.5289,1374.699,403.5289
8.022966,1,1374.699,403.5289,1374.699,403.5289
8.035059,1,1374.699,403.5289,1374.699,403.5289
8.047129,1,1374.699,403.5289,1374.699,403.5289
8.056486,1,1374.699,403.5289,1374.699,403.5289
8.070959,1,1374.699,403.5289,1374.699,403.5289
8.081762,1,1374.699,403.5289,1374.699,403.5289
8.091784,1,1374.699,403.5289,1374.699,403.5289
8.104033,1,1374.699,403.5289,1374.699,403.5289
8.11735,1,1374.699,403.5289,1374.699,403.5289
8.128695,1,1374.699,403.5289,1374.699,403.5289
8.138266,1,1374.699,403.5289,1374.699,403.5289
8.150499,1,1374.699,403.5289,1374.699,403.5289
8.162397,1,1374.699,403.5289,1374.699,403.5289
8.173018,1,1374.699,403.5289,1374.699,403.5289
8.182657,1,1374.699,403.5289,1374.699,403.5289
8.195066,1,1374.699,403.5289,1374.699,403.5289
8.202715,1,1374.699,403.5289,1374.699,403.5289
8.214994,1,1374.699,403.5289,1374.699,403.5289
8.226015,1,1374.699,403.5289,1374.699,403.5289
8.235792,1,1374.699,403.5289,1374.699,403.5289
8.249117,1,1374.699,403.5289,1374.699,403.5289
8.258532,1,1374.699,403.5289,1374.699,403.5289
8.271948,1,1374.699,403.5289,1374.699,403.5289
8.28285,1,1374.699,403.5289,1374.699,403.5289
8.293707,1,1374.699,403.5289,1374.699,403.5289
8.302256,1,1374.699,403.5289,1374.699,403.5289
8.314531,1,1374.699,403.5289,1374.699,403.5289
8.32395,1,1374.699,403.5289,1374.699,403.5289
8.336103,1,1374.699,403.5289,1374.699,403.5289
8.347914,1,1374.699,403.5289,1374.699,403.5289
8.356047,1,1374.699,403.5289,1374.699,403.5289
8.366976,1,1374.699,403.5289,1374.699,403.5289
8.375433,1,1374.699,403.5289,1374.699,403.5289
8.388552,1,1374.699,403.5289,1374.699,403.5289
8.401018,1,1374.699,403.5289,1374.699,403.5289
8.410036,1,1374.699,403.5289,1374.699,403.5289
8.420183,1,1374.699,403.5289,1374.699,403.5289
8.43257,1,1374.699,403.5289,1374.699,403.5289
8.442209,1,1374.699,403.5289,1374.699,403.5289
8.457701,1,1374.699,403.5289,1374.699,403.5289
8.466841,1,1374.699,403.5289,1374.699,403.5289
8.475946,1,1374.699,403.5289,1374.699,403.5289
8.489286,1,1374.699,403.5289,1374.699,403.5289
8.500082,1,1374.699,403.5289,1374.699,403.5289
8.512491,1,1374.699,403.5289,1374.699,403.5289
8.521193,1,1374.699,403.5289,1374.699,403.5289
8.533953,1,1374.699,403.5289,1374.699,403.5289
8.542917,1,1374.699,403.5289,1374.699,403.5289
8.55678,1,1374.699,403.5289,1374.699,403.5289
8.567266,1,1374.699,403.5289,1374.699,403.5289
8.575224,1,1374.699,403.5289,1374.699,403.5289
8.589006,1,1374.699,403.5289,1374.699,403.5289
8.598845,1,1374.699,403.5289,1374.699,403.5289
8.6099,1,1374.699,403.5289,1374.699,403.5289
8.620523,1,1374.699,403.5289,1374.699,403.5289
8.632544,1,1374.699,403.5289,1374.699,403.5289
8.641939,1,1374.699,403.5289,1374.699,403.5289
8.65486,1,1374.699,403.5289,1374.699,403.5289
8.666037,1,1374.699,403.5289,1374.699,403.5289
8.674429,1,1374.699,403.5289,1374.699,403.5289
8.686384,1,1374.699,403.5289,1374.699,403.5289
8.696661,1,1374.699,403.5289,1374.699,403.5289
8.708216,1,1374.699,403.5289,1374.699,403.5289
8.718855,1,1374.699,403.5289,1374.699,403.5289
8.731749,1,1374.699,403.5289,1374.699,403.5289
8.742121,1,1374.699,403.5289,1374.699,403.5289
8.753355,1,1374.699,403.5289,1374.699,403.5289
8.763208,1,1374.699,403.5289,1374.699,403.5289
8.774168,1,1374.699,403.5289,1374.699,403.5289
8.784433,1,1374.699,403.5289,1374.699,403.5289
8.796495,1,1374.699,403.5289,1374.699,403.5289
8.804377,1,1374.699,403.5289,1374.699,403.5289
8.817862,1,1374.699,403.5289,1374.699,403.5289
8.830011,1,1374.699,403.5289,1374.699,403.5289
8.836847,1,1374.699,403.5289,1374.699,403.5289
8.849684,1,1374.699,403.5289,1374.699,403.5289
8.869055,1,1374.699,403.5289,1374.699,403.5289
8.874949,1,1374.699,403.5289,1374.699,403.5289
8.884638,1,1374.699,403.5289,1374.699,403.5289
8.89707,1,1374.699,403.5289,1374.699,403.5289
8.907267,1,1374.699,403.5289,1374.699,403.5289
8.917334,1,1374.699,403.5289,1374.699,403.5289
8.930246,1,1374.699,403.5289,1374.699,403.5289
8.938059,1,1374.699,403.5289,1374.699,403.5289
8.950636,1,1374.699,403.5289,1374.699,403.5289
8.961908,1,1374.699,403.5289,1374.699,403.5289
8.972853,1,1374.699,403.5289,1374.699,403.5289
8.982695,1,1252.395,410.3657,1313.547,406.9473
8.99391,1,1252.395,410.3657,1282.971,408.6565
9.003134,1,1252.395,410.3657,1267.683,409.511
9.015879,1,1361.209,417.4174,1314.446,413.4642
9.026136,1,1361.209,417.4174,1337.827,415.4409
9.03734,1,1361.209,417.4174,1349.518,416.4291
9.050104,1,1360.36,421.4209,1354.939,418.925
9.059805,1,1360.36,421.4209,1357.65,420.173
9.071966,1,1357.858,425.2491,1357.754,422.7111
9.08219,1,1357.858,425.2491,1357.806,423.9801
9.093222,1,1357.858,425.2491,1357.832,424.6146
9.102674,1,1354.396,429.0652,1356.114,426.8399
9.115198,1,1354.396,429.0652,1355.255,427.9526
9.123743,1,1354.396,429.0652,1354.825,428.5089
9.135763,1,1345.063,444.7909,1349.944,436.6499
9.146955,1,1345.063,444.7909,1347.504,440.7204
9.15494,1,1345.063,444.7909,1346.283,442.7557
9.170122,1,1327.048,475.2838,1336.666,459.0198
9.180437,1,1327.048,475.2838,1331.857,467.1518
9.190107,1,1327.048,475.2838,1329.453,471.2178
9.200041,1,1307.196,498.3476,1318.324,484.7827
9.214678,1,1307.196,498.3476,1312.76,491.5652
9.221792,1,1292.916,514.7894,1302.838,503.1773
9.234194,1,1292.916,514.7894,1297.877,508.9834
9.244013,1,1292.916,514.7894,1295.397,511.8864
9.25527,1,1281.449,522.3782,1288.423,517.1323
9.267534,1,1281.449,522.3782,1284.936,519.7552
9.276373,1,1281.449,522.3782,1283.192,521.0668
9.287142,1,1270.929,521.2053,1277.061,521.136
9.298201,1,1270.929,521.2053,1273.995,521.1707
9.309347,1,1270.929,521.2053,1272.462,521.188
9.319784,1,1257.931,532.0947,1265.197,526.6414
9.331877,1,1257.931,532.0947,1261.564,529.368
9.340242,1,1257.931,532.0947,1259.747,530.7314
9.352346,1,1238.923,550.5355,1249.335,540.6334
9.363585,1,1238.923,550.5355,1244.129,545.5845
9.374441,1,1224.917,564.7766,1234.523,555.1805
9.386061,1,1224.917,564.7766,1229.72,559.9785
9.396944,1,1224.917,564.7766,1227.319,562.3776
9.408346,1,1213.559,576.5199,1220.439,569.4487
9.417948,1,1213.559,576.5199,1216.999,572.9843
9.431101,1,1213.559,576.5199,1215.279,574.7521
9.440115,1,1202.971,586.5206,1209.125,580.6364
9.453264,1,1202.971,586.5206,1206.048,583.5785
9.46372,1,1202.971,586.5206,1204.51,585.0496
9.475378,1,1195.537,595.8745,1200.023,590.462
9.484823,1,1195.537,595.8745,1197.78,593.1683
9.497557,1,1189.814,602.1898,1193.797,597.6791
9.508333,1,1189.814,602.1898,1191.805,599.9344
9.517645,1,1189.814,602.1898,1190.81,601.0621
9.531321,1,1184.116,607.2729,1187.463,604.1675
9.540442,1,1184.116,607.2729,1185.789,605.7202
9.552713,1,1184.116,607.2729,1184.952,606.4966
9.563066,1,1179.777,610.6332,1182.365,608.5649
9.573893,1,1179.777,610.6332,1181.071,609.599
9.583628,1,1179.777,610.6332,1180.424,610.1161
9.595854,1,1177.574,614.8268,1178.999,612.4714
9.604254,1,1177.574,614.8268,1178.287,613.6492
9.61672,1,1177.915,619.3342,1178.101,616.4917
9.627203,1,1177.915,619.3342,1178.008,617.913
9.636255,1,1177.915,619.3342,1177.961,618.6236
9.648825,1,1178.442,624.7662,1178.202,621.6949
9.657827,1,1178.442,624.7662,1178.322,623.2306
9.67164,1,1178.442,624.7662,1178.382,623.9984
9.681162,1,1177.31,630.1291,1177.846,627.0637
9.691603,1,1177.31,630.1291,1177.578,628.5964
9.702265,1,1177.31,630.1291,1177.444,629.3628
9.716116,1,1177.179,636.2049,1177.312,632.7838
9.724298,1,1177.179,636.2049,1177.245,634.4944
9.735834,1,1177.054,640.9996,1177.15,637.7469
9.748873,1,1177.054,640.9996,1177.102,639.3733
9.757883,1,1177.054,640.9996,1177.078,640.1864
9.771967,1,1181.39,639.6932,1179.234,639.9398
9.781374,1,1181.39,639.6932,1180.312,639.8165
9.792131,1,1181.39,639.6932,1180.851,639.7549
9.802515,1,1184.838,638.8114,1182.845,639.2831
9.815184,1,1184.838,638.8114,1183.842,639.0472
9.824526,1,1184.838,638.8114,1184.34,638.9293
9.838655,1,1186.612,636.1586,1185.476,637.5439
9.850988,1,1186.612,636.1586,1186.044,636.8513
9.858824,1,1188.109,635.3327,1187.077,636.092
9.87171,1,1188.109,635.3327,1187.593,635.7123
9.882364,1,1188.109,635.3327,1187.851,635.5225
9.89747,1,1190.209,635.8705,1189.03,635.6965
9.904627,1,1190.209,635.8705,1189.62,635.7835
9.916327,1,1190.209,635.8705,1189.915,635.827
9.927275,1,1193.276,636.364,1191.595,636.0955
9.939375,1,1193.276,636.364,1192.436,636.2297
9.954515,1,1197.251,638.5737,1194.843,637.4017
9.964327,1,1197.251,638.5737,1196.047,637.9877
9.975512,1,1197.251,638.5737,1196.649,638.2808
9.98485,1,1201.251,641.0718,1198.95,639.6763
9.997545,1,1201.251,641.0718,1200.101,640.374
10.00722,1,1201.251,641.0718,1200.676,640.7229
10.01747,1,1206.091,644.4938,1203.384,642.6084
10.03068,1,1206.091,644.4938,1204.737,643.5511
10.03853,1,1210.176,647.6196,1207.457,645.5853
10.05187,1,1210.176,647.6196,1208.816,646.6024
10.06204,1,1210.176,647.6196,1209.496,647.111
10.07322,1,1214.625,650.5329,1212.061,648.8219
10.08761,1,1214.625,650.5329,1213.343,649.6774
10.09859,1,1217.422,652.4488,1215.382,651.0631
10.10802,1,1217.422,652.4488,1216.402,651.756
10.1182,1,1217.422,652.4488,1216.912,652.1024
10.13194,1,1219.431,654.3955,1218.171,653.249
10.14124,1,1219.431,654.3955,1218.801,653.8223
10.15434,1,1219.431,654.3955,1219.116,654.1089
10.16464,1,1224.06,656.3472,1221.588,655.228
10.17771,1,1224.06,656.3472,1222.824,655.7876
10.18662,1,1224.06,656.3472,1223.442,656.0674
10.19781,1,1228.79,657.6135,1226.116,656.8405
10.20851,1,1228.79,657.6135,1227.453,657.2269
10.2194,1,1231.442,658.1864,1229.448,657.7067
10.23261,1,1231.442,658.1864,1230.445,657.9465
10.24081,1,1231.442,658.1864,1230.943,658.0665
10.25427,1,1234.787,658.982,1232.865,658.5242
10.26333,1,1234.787,658.982,1233.826,658.7531
10.2746,1,1234.787,658.982,1234.306,658.8676
10.28613,1,1237.407,659.8925,1235.857,659.38
10.29704,1,1237.407,659.8925,1236.632,659.6362
10.30802,1,1237.407,659.8925,1237.019,659.7644
10.31907,1,1240.016,661.6686,1238.518,660.7165
10.33158,1,1240.016,661.6686,1239.267,661.1925
10.34055,1,1241.921,663.7635,1240.594,662.478
10.35242,1,1241.921,663.7635,1241.257,663.1208
10.36457,1,1241.921,663.7635,1241.589,663.4421
10.37584,1,1244.48,666.1824,1243.034,664.8123
10.38707,1,1244.48,666.1824,1243.757,665.4973
10.39873,1,1244.48,666.1824,1244.119,665.8398
10.41111,1,1247.585,668.5952,1245.852,667.2175
10.42077,1,1247.585,668.5952,1246.719,667.9064
10.43369,1,1251.038,666.9439,1248.878,667.4252
10.44182,1,1251.038,666.9439,1249.958,667.1846
10.455,1,1251.038,666.9439,1250.498,667.0642
10.46476,1,1255.899,664.2228,1253.199,665.6435
10.47816,1,1255.899,664.2228,1254.549,664.9331
10.48771,1,1255.899,664.2228,1255.224,664.5779
10.49895,1,1259.602,662.2711,1257.413,663.4245
10.51315,1,1259.602,662.2711,1258.508,662.8478
10.52186,1,1262.78,660.1325,1260.644,661.4901
10.53361,1,1262.78,660.1325,1261.712,660.8113
10.54141,1,1262.78,660.1325,1262.246,660.4719
10.55507,1,1265.133,657.3463,1263.69,658.9091
10.56662,1,1265.133,657.3463,1264.411,658.1277
10.57474,1,1265.133,657.3463,1264.772,657.7369
10.5869,1,1266.8,653.9161,1265.786,655.8265
10.59791,1,1266.8,653.9161,1266.293,654.8713
10.60983,1,1266.8,653.9161,1266.547,654.3937
10.6193,1,1267.984,651.1204,1267.266,652.7571
10.63159,1,1267.984,651.1204,1267.625,651.9387
10.64296,1,1268.751,648.8909,1268.188,650.4148
10.65467,1,1268.751,648.8909,1268.469,649.6528
10.66469,1,1268.751,648.8909,1268.61,649.2719
10.67547,1,1268.751,648.8909,1268.68,649.0814
10.68722,1,1269.915,645.8098,1269.298,647.4456
10.69655,1,1269.915,645.8098,1269.606,646.6277
10.70687,1,1271.401,642.7189,1270.503,644.6733
10.71759,1,1271.401,642.7189,1270.952,643.696
10.73036,1,1271.401,642.7189,1271.176,643.2075
10.73843,1,1273.053,640.3808,1272.115,641.7941
10.75121,1,1273.053,640.3808,1272.584,641.0875
10.76159,1,1273.053,640.3808,1272.819,640.7341
10.77231,1,1274.652,638.9492,1273.735,639.8417
10.78147,1,1274.652,638.9492,1274.193,639.3954
10.79246,1,1274.652,638.9492,1274.422,639.1724
10.80284,1,1276.939,637.5643,1275.681,638.3683
10.81431,1,1276.939,637.5643,1276.31,637.9663
10.82638,1,1278.617,635.7845,1277.463,636.8754
10.83403,1,1278.617,635.7845,1278.04,636.33
10.84599,1,1278.617,635.7845,1278.329,636.0573
10.85431,1,1279.696,633.9391,1279.012,634.9982
10.86728,1,1279.696,633.9391,1279.354,634.4686
10.87554,1,1279.696,633.9391,1279.525,634.2039
10.88788,1,1280.031,632.665,1279.778,633.4344
10.89765,1,1280.031,632.665,1279.905,633.0497
10.92349,1,1280.544,631.2333,1280.224,632.1415
10.93065,1,1280.544,631.2333,1280.384,631.6874
10.93823,1,1280.544,631.2333,1280.464,631.4603
10.9498,1,1281.792,630.0035,1281.128,630.7319
10.96136,1,1281.792,630.0035,1281.46,630.3677
10.9724,1,1281.792,630.0035,1281.626,630.1855
10.98311,1,1283.789,628.8071,1282.708,629.4963
10.99676,1,1283.789,628.8071,1283.248,629.1517
11.00704,1,1285.774,627.3468,1284.511,628.2493
11.01661,1,1285.774,627.3468,1285.142,627.798
11.02841,1,1285.774,627.3468,1285.458,627.5724
11.0377,1,1287.04,626.1516,1286.249,626.862
11.05052,1,1287.04,626.1516,1286.645,626.5068
11.05992,1,1287.04,626.1516,1286.842,626.3292
11.07025,1,1287.52,624.6813,1287.181,625.5052
11.08067,1,1287.52,624.6813,1287.351,625.0933
11.09223,1,1287.52,624.6813,1287.435,624.8873
11.10388,1,1287.818,622.8622,1287.627,623.8748
11.11595,1,1287.818,622.8622,1287.723,623.3685
11.1266,1,1288.174,621.1731,1287.948,622.2708
11.13748,1,1288.174,621.1731,1288.061,621.7219
11.15018,1,1288.174,621.1731,1288.117,621.4475
11.15897,1,1289.298,620.265,1288.708,620.8562
11.1713,1,1289.298,620.265,1289.003,620.5605
11.1813,1,1289.298,620.265,1289.15,620.4127
11.19248,1,1290.759,619.3417,1289.955,619.8772
11.20378,1,1290.759,619.3417,1290.357,619.6095
11.21544,1,1290.759,619.3417,1290.558,619.4756
11.22477,1,1292.394,617.946,1291.476,618.7108
11.23898,1,1292.394,617.946,1291.935,618.3284
11.2493,1,1293.06,616.7886,1292.497,617.5585
11.25833,1,1293.06,616.7886,1292.779,617.1735
11.2698,1,1293.06,616.7886,1292.92,616.9811
11.28098,1,1294.044,615.6188,1293.482,616.2999
11.29288,1,1294.044,615.6188,1293.763,615.9594
11.30256,1,1294.044,615.6188,1293.903,615.7891
11.3138,1,1295.266,614.4169,1294.584,615.103
11.32408,1,1295.266,614.4169,1294.925,614.76
11.3348,1,1295.266,614.4169,1295.095,614.5885
11.34739,1,1297.197,612.8451,1296.146,613.7168
11.35454,1,1297.197,612.8451,1296.672,613.2809
11.36596,1,1297.197,612.8451,1296.935,613.063
11.37528,1,1298.177,610.6672,1297.556,611.8651
11.38718,1,1298.177,610.6672,1297.867,611.2662
11.39664,1,1298.177,610.6672,1298.022,610.9667
11.40795,1,1298.852,608.7253,1298.437,609.846
11.41773,1,1298.852,608.7253,1298.645,609.2856
11.4298,1,1299.771,608.0602,1299.208,608.6729
11.43918,1,1299.771,608.0602,1299.49,608.3666
11.45214,1,1299.771,608.0602,1299.63,608.2134
11.46208,1,1300.971,607.7869,1300.301,608.0001
11.47577,1,1300.971,607.7869,1300.636,607.8935
11.48423,1,1300.971,607.7869,1300.803,607.8402
11.49685,1,1301.949,607.9219,1301.376,607.8811
11.50657,1,1301.949,607.9219,1301.663,607.9015
11.51631,1,1301.949,607.9219,1301.806,607.9117
11.52736,1,1302.947,607.494,1302.376,607.7029
11.53716,1,1302.947,607.494,1302.662,607.5984
11.5496,1,1302.062,607.5306,1302.362,607.5645
11.55843,1,1302.062,607.5306,1302.212,607.5476
11.57063,1,1302.062,607.5306,1302.136,607.5391
11.58095,1,1300.814,608.3675,1301.475,607.9533
11.59156,1,1300.814,608.3675,1301.145,608.1604
11.60111,1,1300.814,608.3675,1300.979,608.2639
11.6137,1,1299.981,609.663,1300.48,608.9635
11.62466,1,1299.981,609.663,1300.23,609.3132
11.63593,1,1299.981,609.663,1300.106,609.4882
11.64812,1,1299.328,610.9378,1299.717,610.213
11.65723,1,1299.328,610.9378,1299.523,610.5754
11.66894,1,1299.328,610.9378,1299.426,610.7566
11.67923,1,1297.695,612.0479,1298.56,611.4022
11.69049,1,1297.695,612.0479,1298.128,611.725
11.70069,1,1296.276,613.1802,1297.202,612.4526
11.71465,1,1296.276,613.1802,1296.739,612.8164
11.72195,1,1296.276,613.1802,1296.508,612.9983
11.73481,1,1294.594,614.0993,1295.551,613.5488
11.74332,1,1294.594,614.0993,1295.073,613.8241
11.7561,1,1294.594,614.0993,1294.833,613.9617
11.76781,1,1292.396,615.7694,1293.615,614.8655
11.77926,1,1292.396,615.7694,1293.006,615.3175
11.79003,1,1292.396,615.7694,1292.701,615.5435
11.80028,1,1290.199,617.1974,1291.45,616.3704
11.81139,1,1290.199,617.1974,1290.824,616.7839
11.8211,1,1288.148,618.7311,1289.486,617.7576
11.83317,1,1288.148,618.7311,1288.817,618.2444
11.8427,1,1288.148,618.7311,1288.483,618.4878
11.85394,1,1286.847,620.8261,1287.665,619.657
11.86412,1,1286.847,620.8261,1287.256,620.2416
11.875,1,1286.847,620.8261,1287.052,620.5338
11.88616,1,1284.566,622.0626,1285.809,621.2982
11.89754,1,1284.566,622.0626,1285.188,621.6804
11.9089,1,1284.566,622.0626,1284.877,621.8715
11.92029,1,1282.979,622.0388,1283.928,621.9551
11.93276,1,1282.979,622.0388,1283.453,621.9969
11.94034,1,1282.979,622.0388,1283.216,622.0178
11.95399,1,1281.871,622.3625,1282.544,622.1902
11.96383,1,1281.871,622.3625,1282.207,622.2764
11.97521,1,1280.528,623.5205,1281.368,622.8984
11.98446,1,1280.528,623.5205,1280.948,623.2095
11.99655,1,1280.528,623.5205,1280.738,623.365
12.00761,1,1279.275,624.6025,1280.006,623.9838
12.01765,1,1279.275,624.6025,1279.641,624.2931
12.03123,1,1279.275,624.6025,1279.458,624.4478
12.03885,1,1278.355,625.6619,1278.906,625.0548
12.05235,1,1278.355,625.6619,1278.631,625.3583
12.06319,1,1277.566,627.0865,1278.098,626.2224
12.07385,1,1277.566,627.0865,1277.832,626.6545
12.08416,1,1277.566,627.0865,1277.699,626.8705
12.09816,1,1276.459,628.2573,1277.079,627.5639
12.10478,1,1276.459,628.2573,1276.769,627.9106
12.11842,1,1276.459,628.2573,1276.614,628.084
12.13021,1,1276.381,629.7195,1276.497,628.9017
12.13993,1,1276.381,629.7195,1276.439,629.3106
12.15017,1,1276.381,629.7195,1276.41,629.515
12.15883,1,1276.651,631.7047,1276.53,630.6099
12.17249,1,1276.651,631.7047,1276.591,631.1572
12.18255,1,1276.485,633.6934,1276.538,632.4253
12.19361,1,1276.485,633.6934,1276.512,633.0593
12.20397,1,1276.485,633.6934,1276.499,633.3763
12.21601,1,1276.038,635.5418,1276.268,634.4591
12.22678,1,1276.038,635.5418,1276.153,635.0005
12.23512,1,1276.038,635.5418,1276.095,635.2711
12.24787,1,1275.838,637.4199,1275.967,636.3455
12.25592,1,1275.838,637.4199,1275.902,636.8827
12.26872,1,1275.838,637.4199,1275.87,637.1513
12.27981,1,1275.042,638.7574,1275.456,637.9543
12.29228,1,1275.042,638.7574,1275.249,638.3559
12.30126,1,1275.042,638.7574,1275.146,638.5566
12.31406,1,1274.009,639.6049,1274.577,639.0808
12.32223,1,1274.009,639.6049,1274.293,639.3429
12.33539,1,1273.219,640.6942,1273.756,640.0186
12.34669,1,1273.219,640.6942,1273.487,640.3564
12.35447,1,1273.219,640.6942,1273.353,640.5253
12.36663,1,1272.516,641.826,1272.935,641.1757
12.37544,1,1272.516,641.826,1272.725,641.5009
12.38817,1,1272.516,641.826,1272.621,641.6635
12.39874,1,1271.825,642.8768,1272.223,642.2701
12.40997,1,1271.825,642.8768,1272.024,642.5735
12.42071,1,1271.825,642.8768,1271.924,642.7251
12.43386,1,1271.383,643.9702,1271.654,643.3477
12.443,1,1271.383,643.9702,1271.519,643.6589
12.45574,1,1271.047,645.7167,1271.283,644.6879
12.46621,1,1271.047,645.7167,1271.165,645.2023
12.47513,1,1271.047,645.7167,1271.106,645.4595
12.48755,1,1270.257,647.5113,1270.681,646.4854
12.4974,1,1270.257,647.5113,1270.469,646.9983
12.50849,1,1270.257,647.5113,1270.363,647.2548
12.51869,1,1269.139,648.4359,1269.751,647.8453
12.53091,1,1269.139,648.4359,1269.445,648.1406
12.53996,1,1269.139,648.4359,1269.292,648.2882
12.55384,1,1267.924,649.6906,1268.608,648.9894
12.56361,1,1267.924,649.6906,1268.266,649.34
12.57446,1,1267.924,649.6906,1268.095,649.5153
12.58673,1,1267.107,651.835,1267.601,650.6751
12.59668,1,1267.107,651.835,1267.354,651.255
12.60813,1,1265.924,654.4816,1266.639,652.8683
12.61885,1,1265.924,654.4816,1266.281,653.6749
12.63215,1,1265.924,654.4816,1266.103,654.0782
12.64664,1,1264.232,657.9899,1265.167,656.0341
12.65521,1,1264.232,657.9899,1264.7,657.012
12.66695,1,1262.802,660.528,1263.751,658.77
12.67398,1,1262.802,660.528,1263.276,659.649
12.6865,1,1262.802,660.528,1263.039,660.0885
12.6973,1,1261.262,662.5825,1262.151,661.3355
12.71019,1,1261.262,662.5825,1261.706,661.959
12.72025,1,1261.262,662.5825,1261.484,662.2708
12.73309,1,1259.727,663.9548,1260.605,663.1128
12.74224,1,1259.727,663.9548,1260.166,663.5338
12.75397,1,1259.727,663.9548,1259.947,663.7443
12.76416,1,1258.335,665.8379,1259.141,664.7911
12.77576,1,1258.335,665.8379,1258.738,665.3145
12.78974,1,1256.626,668.3879,1257.682,666.8512
12.79926,1,1256.626,668.3879,1257.154,667.6196
12.81084,1,1256.626,668.3879,1256.89,668.0038
12.81963,1,1255.85,671.2534,1256.37,669.6285
12.83286,1,1255.85,671.2534,1256.11,670.4409
12.84113,1,1255.85,671.2534,1255.98,670.8472
12.85328,1,1255.629,673.6743,1255.805,672.2607
12.86429,1,1255.629,673.6743,1255.717,672.9675
12.87618,1,1255.629,673.6743,1255.673,673.3209
12.88651,1,1255.644,676.3289,1255.659,674.8249
12.89702,1,1255.644,676.3289,1255.651,675.5769
12.90745,1,1255.644,676.3289,1255.648,675.9529
12.9191,1,1271.17,677.7897,1263.409,676.8713
12.9303,1,1271.17,677.7897,1267.289,677.3306
12.93965,1,1311.059,678.0026,1289.174,677.6666
12.95123,1,1311.059,678.0026,1300.117,677.8346
12.96402,1,1311.059,678.0026,1305.588,677.9186
12.97359,1,1357.619,677.8871,1331.603,677.9028
12.98376,1,1357.619,677.8871,1344.611,677.895
12.99384,1,1357.619,677.8871,1351.115,677.8911
13.00482,1,1399.712,677.7837,1375.413,677.8374
13.017,1,1399.712,677.7837,1387.563,677.8105
13.02707,1,1399.712,677.7837,1393.637,677.7971
13.0367,1,1432.316,677.9215,1412.977,677.8593
13.04943,1,1432.316,677.9215,1422.646,677.8904
13.05824,1,1432.316,677.9215,1427.481,677.9059
13.07001,1,1455.816,677.6882,1441.648,677.7971
13.08181,1,1455.816,677.6882,1448.732,677.7426
13.09322,1,1472.907,679.0598,1460.82,678.4012
13.10217,1,1472.907,679.0598,1466.864,678.7305
13.1144,1,1472.907,679.0598,1469.885,678.8951
13.12282,1,1485.169,677.416,1477.527,678.1555
13.13529,1,1485.169,677.416,1481.348,677.7858
13.14314,1,1485.169,677.416,1483.259,677.6008
13.15547,1,1493.251,678.869,1488.255,678.2349
13.16658,1,1493.251,678.869,1490.753,678.5519
13.17488,1,1493.251,678.869,1492.002,678.7104
13.18815,1,1499.47,679.7675,1495.736,679.239
13.19933,1,1499.47,679.7675,1497.603,679.5032
13.21191,1,1503.778,678.0105,1500.691,678.7568
13.2209,1,1503.778,678.0105,1502.234,678.3837
13.23252,1,1503.778,678.0105,1503.006,678.1971
13.24172,1,1506.532,677.704,1504.769,677.9506
13.25383,1,1506.532,677.704,1505.651,677.8273
13.26595,1,1506.532,677.704,1506.092,677.7656
13.27571,1,1508.206,678.1488,1507.149,677.9572
13.2898,1,1508.206,678.1488,1507.677,678.053
13.29789,1,1508.206,678.1488,1507.942,678.1009
13.30894,1,1509.005,678.8311,1508.473,678.466
13.31914,1,1509.005,678.8311,1508.739,678.6486
13.33244,1,1509.929,679.8643,1509.334,679.2564
13.34116,1,1509.929,679.8643,1509.631,679.5603
13.35393,1,1509.929,679.8643,1509.78,679.7123
13.36341,1,1512.87,681.1436,1511.325,680.428
13.3742,1,1512.87,681.1436,1512.097,680.7858
13.38439,1,1512.87,681.1436,1512.484,680.9647
13.39608,1,1516.99,682.941,1514.737,681.9529
13.40804,1,1516.99,682.941,1515.864,682.447
13.41598,1,1516.99,682.941,1516.427,682.694
13.42996,1,1521.616,684.8922,1519.021,683.7931
13.43772,1,1521.616,684.8922,1520.319,684.3427
13.4504,1,1521.616,684.8922,1520.967,684.6174
13.46278,1,1526.399,687.3217,1523.683,685.9695
13.47452,1,1526.399,687.3217,1525.041,686.6456
13.48697,1,1530.189,689.9648,1527.615,688.3052
13.49715,1,1530.189,689.9648,1528.902,689.135
13.50849,1,1530.189,689.9648,1529.546,689.5499
13.51803,1,1533.495,693.1105,1531.521,691.3302
13.53109,1,1533.495,693.1105,1532.508,692.2203
13.5403,1,1533.495,693.1105,1533.001,692.6654
13.55329,1,1537.052,696.141,1535.027,694.4032
13.56438,1,1537.052,696.141,1536.04,695.2721
13.57778,1,1540.344,699.1155,1538.192,697.1938
13.58968,1,1540.344,699.1155,1539.268,698.1547
13.59937,1,1540.344,699.1155,1539.806,698.6351
13.61074,1,1543.268,702.5524,1541.537,700.5938
13.62,1,1543.268,702.5524,1542.403,701.5731
13.63218,1,1543.268,702.5524,1542.835,702.0627
13.64178,1,1545.421,704.5674,1544.128,703.3151
13.65396,1,1545.421,704.5674,1544.774,703.9413
13.66427,1,1546.791,705.6999,1545.783,704.8206
13.67444,1,1546.791,705.6999,1546.287,705.2603
13.68431,1,1546.791,705.6999,1546.539,705.4801
13.69727,1,1548.66,707.5728,1547.599,706.5264
13.70835,1,1548.66,707.5728,1548.13,707.0496
13.71851,1,1548.66,707.5728,1548.395,707.3112
13.7317,1,1550.986,710.0322,1549.691,708.6716
13.74201,1,1550.986,710.0322,1550.338,709.3519
13.75481,1,1553.777,712.7211,1552.058,711.0365
13.76594,1,1553.777,712.7211,1552.918,711.8788
13.77543,1,1553.777,712.7211,1553.348,712.2999
13.78724,1,1554.555,714.8029,1553.951,713.5514
13.79893,1,1554.555,714.8029,1554.253,714.1771
13.81089,1,1554.555,714.8029,1554.404,714.49
13.82026,1,1523.627,709.7177,1539.016,712.1038
13.83275,1,1523.627,709.7177,1531.321,710.9108
13.84301,1,1523.627,709.7177,1527.474,710.3142
13.8525,1,1358.248,677.3264,1442.861,693.8203
13.86317,1,1358.248,677.3264,1400.554,685.5734
13.8741,1,1358.248,677.3264,1379.401,681.4499
13.88478,1,1168.538,643.2347,1273.969,662.3423
13.89777,1,1168.538,643.2347,1221.254,652.7885
13.90701,1,1047.159,619.0267,1134.207,635.9076
13.91693,1,1047.159,619.0267,1090.683,627.4672
13.93179,1,1047.159,619.0267,1068.921,623.2469
13.939,1,980.6238,605.8959,1024.772,614.5714
13.95127,1,980.6238,605.8959,1002.698,610.2336
13.95999,1,980.6238,605.8959,991.661,608.0648
13.97244,1,947.4891,599.6492,969.5751,603.857
13.98179,1,947.4891,599.6492,958.5321,601.7531
13.99311,1,947.4891,599.6492,953.0106,600.7012
14.00286,1,929.8146,596.0522,941.4126,598.3767
14.01507,1,929.8146,596.0522,935.6136,597.2145
14.02656,1,919.5522,595.6975,927.5829,596.456
14.03523,1,919.5522,595.6975,923.5675,596.0768
14.04803,1,919.5522,595.6975,921.5598,595.8871
14.05772,1,914.0162,595.2283,917.788,595.5577
14.07069,1,914.0162,595.2283,915.9021,595.3931
14.08187,1,914.0162,595.2283,914.9592,595.3107
14.09517,1,910.2783,592.9057,912.6187,594.1082
14.1042,1,910.2783,592.9057,911.4485,593.507
14.11537,1,910.2783,592.9057,910.8634,593.2063
14.12615,1,908.0549,592.6888,909.4592,592.9475
14.1363,1,908.0549,592.6888,908.7571,592.8181
14.14891,1,936.745,598.4407,922.751,595.6294
14.16061,1,936.745,598.4407,929.748,597.035
14.17173,1,936.745,598.4407,933.2465,597.7379
14.18284,1,1039.784,613.4252,986.5151,605.5815
14.19583,1,1039.784,613.4252,1013.149,609.5034
14.20613,1,1039.784,613.4252,1026.467,611.4642
14.21742,1,1249.605,646.382,1138.036,628.9231
14.22923,1,1249.605,646.382,1193.821,637.6526
14.23741,1,1398.303,674.1223,1296.062,655.8875
14.25058,1,1398.303,674.1223,1347.183,665.0049
14.25885,1,1398.303,674.1223,1372.743,669.5636
14.2705,1,1484.345,688.5943,1428.544,679.079
14.28129,1,1484.345,688.5943,1456.444,683.8367
14.29198,1,1484.345,688.5943,1470.395,686.2155
14.30224,1,1528.689,699.8511,1499.542,693.0333
14.31459,1,1528.689,699.8511,1514.116,696.4423
14.32438,1,1528.689,699.8511,1521.403,698.1467
14.33716,1,1552.79,706.2054,1537.096,702.1761
14.3491,1,1552.79,706.2054,1544.943,704.1908
14.35736,1,1552.79,706.2054,1548.867,705.1981
14.36888,1,1568.939,717.2112,1558.903,711.2047
14.38141,1,1568.939,717.2112,1563.921,714.208
14.39039,1,1587.707,745.3342,1575.814,729.7711
14.40043,1,1587.707,745.3342,1581.76,737.5527
14.41125,1,1587.707,745.3342,1584.733,741.4435
14.42138,1,1602.817,764.2738,1593.775,752.8586
14.43354,1,1602.817,764.2738,1598.296,758.5662
14.44351,1,1602.817,764.2738,1600.556,761.42
14.45521,1,1612.81,778.6354,1606.683,770.0277
14.46723,1,1612.81,778.6354,1609.747,774.3315
14.47643,1,1612.81,778.6354,1611.279,776.4835
14.49062,1,1617.304,786.8766,1614.291,781.6801
14.50083,1,1617.304,786.8766,1615.798,784.2783
14.51525,1,1621.122,793.2978,1618.46,788.7881
14.52483,1,1621.122,793.2978,1619.791,791.043
14.53795,1,1621.122,793.2978,1620.456,792.1704
14.5494,1,1624.363,798.0928,1622.41,795.1316
14.55894,1,1624.363,798.0928,1623.386,796.6122
14.57043,1,1624.641,801.1351,1624.014,798.8737
14.5808,1,1624.641,801.1351,1624.327,800.0044
14.59133,1,1624.641,801.1351,1624.484,800.5698
14.60143,1,1623.443,802.4751,1623.964,801.5225
14.61354,1,1623.443,802.4751,1623.703,801.9988
14.62264,1,1623.443,802.4751,1623.573,802.2369
14.63441,1,1622.361,803.5722,1622.967,802.9045
14.64728,1,1622.361,803.5722,1622.664,803.2384
14.65618,1,1622.361,803.5722,1622.513,803.4053
14.67257,1,1620.934,804.2171,1621.723,803.8112
14.68124,1,1620.934,804.2171,1621.329,804.0142
14.69185,1,1617.219,800.9584,1619.274,802.4863
14.7032,1,1617.219,800.9584,1618.247,801.7224
14.71476,1,1617.219,800.9584,1617.733,801.3405
14.72395,1,1615.163,797.5127,1616.448,799.4266
14.73624,1,1615.163,797.5127,1615.805,798.4696
14.74821,1,1615.163,797.5127,1615.484,797.9911
14.75881,1,1612.459,791.5355,1613.971,794.7633
14.77067,1,1612.459,791.5355,1613.215,793.1494
14.78193,1,1608.479,783.1111,1610.847,788.1302
14.79622,1,1608.479,783.1111,1609.663,785.6207
14.8043,1,1608.479,783.1111,1609.071,784.366
14.81603,1,1603.821,772.4178,1606.446,778.3919
14.82675,1,1603.821,772.4178,1605.134,775.4049
14.8369,1,1603.821,772.4178,1604.478,773.9114
14.85031,1,1598.354,762.8772,1601.416,768.3943
14.85864,1,1598.354,762.8772,1599.885,765.6357
14.87122,1,1598.354,762.8772,1599.119,764.2565
14.88165,1,1594.628,753.791,1596.874,759.0237
14.89302,1,1594.628,753.791,1595.751,756.4073
14.90288,1,1590.618,746.4019,1593.184,751.4046
14.91546,1,1590.618,746.4019,1591.901,748.9032
14.92429,1,1590.618,746.4019,1591.259,747.6525
14.93668,1,1585.947,742.8219,1588.603,745.2372
14.94886,1,1585.947,742.8219,1587.275,744.0295
14.95724,1,1585.947,742.8219,1586.611,743.4257
14.97022,1,1582.886,738.985,1584.749,741.2054
14.98031,1,1582.886,738.985,1583.817,740.0952
14.99386,1,1579.817,735.7898,1581.817,737.9425
15.00628,1,1579.817,735.7898,1580.817,736.8661
15.01608,1,1579.817,735.7898,1580.317,736.328
15.02686,1,1575.919,732.3676,1578.118,734.3478
15.03673,1,1575.919,732.3676,1577.019,733.3577
15.04904,1,1575.919,732.3676,1576.469,732.8627
15.05879,1,1573.209,729.7993,1574.839,731.331
15.07099,1,1573.209,729.7993,1574.024,730.5652
15.08094,1,1573.209,729.7993,1573.617,730.1823
15.09164,1,1572.015,727.4214,1572.816,728.8019
15.10198,1,1572.015,727.4214,1572.416,728.1117
15.11463,1,1570.856,725.0483,1571.636,726.58
15.12486,1,1570.856,725.0483,1571.246,725.8141
15.13656,1,1570.856,725.0483,1571.051,725.4312
15.15042,1,1569.837,722.9557,1570.444,724.1934
15.15951,1,1569.837,722.9557,1570.141,723.5746
15.17002,1,1569.837,722.9557,1569.989,723.2651
15.18011,1,1568.672,721.8307,1569.33,722.5479
15.19034,1,1568.672,721.8307,1569.001,722.1893
15.20133,1,1568.672,721.8307,1568.836,722.01
15.21366,1,1566.862,720.0416,1567.849,721.0258
15.22363,1,1566.862,720.0416,1567.355,720.5337
15.23619,1,1565.619,719.317,1566.487,719.9253
15.24619,1,1565.619,719.317,1566.053,719.6211
15.25434,1,1565.619,719.317,1565.836,719.469
15.26999,1,1564.041,718.6074,1564.938,719.0382
15.27989,1,1564.041,718.6074,1564.49,718.8228
15.29241,1,1564.041,718.6074,1564.265,718.7151
15.29936,1,1563.236,717.8889,1563.751,718.302
15.31003,1,1563.236,717.8889,1563.494,718.0955
15.32084,1,1563.236,717.8889,1563.365,717.9922
15.3328,1,1562.624,716.7254,1562.995,717.3588
15.36034,1,1562.143,715.2137,1562.569,716.2863
15.36849,1,1562.143,715.2137,1562.356,715.75
15.37619,1,1562.143,715.2137,1562.249,715.4819
15.38618,1,1561.434,713.8552,1561.842,714.6686
15.39763,1,1561.434,713.8552,1561.638,714.2619
15.40698,1,1561.434,713.8552,1561.536,714.0586
15.41767,1,1560.768,712.3918,1561.152,713.2252
15.42965,1,1560.768,712.3918,1560.96,712.8085
15.43883,1,1560.768,712.3918,1560.864,712.6001
15.4503,1,1560.073,710.7575,1560.469,711.6788
15.46401,1,1560.073,710.7575,1560.271,711.2181
15.47347,1,1560.073,710.7575,1560.172,710.9878
15.48394,1,1558.791,710.1111,1559.482,710.5494
15.49656,1,1558.791,710.1111,1559.136,710.3303
15.50337,1,1558.791,710.1111,1558.964,710.2207
15.51912,1,1557.218,708.9205,1558.091,709.5706
15.52973,1,1557.218,708.9205,1557.655,709.2455
15.53839,1,1556.093,707.7344,1556.874,708.49
15.55139,1,1556.093,707.7344,1556.483,708.1122
15.56326,1,1556.093,707.7344,1556.288,707.9233
15.57506,1,1555.306,706.2667,1555.797,707.095
15.58474,1,1555.306,706.2667,1555.552,706.6808
15.60425,1,1553.873,704.8821,1554.712,705.7815
15.61122,1,1553.873,704.8821,1554.293,705.3318
15.61843,1,1553.873,704.8821,1554.083,705.1069
15.63029,1,1552.681,703.6858,1553.382,704.3964
15.63932,1,1552.681,703.6858,1553.031,704.0411
15.65246,1,1552.681,703.6858,1552.856,703.8634
15.66294,1,1551.556,702.3009,1552.206,703.0822
15.67622,1,1551.556,702.3009,1551.881,702.6915
15.68628,1,1551.556,702.3009,1551.719,702.4962
15.69474,1,1550.569,701.6113,1551.144,702.0537
15.70462,1,1550.569,701.6113,1550.856,701.8325
15.7175,1,1549.587,700.5308,1550.222,701.1816
15.72793,1,1549.587,700.5308,1549.904,700.8562
15.7381,1,1549.587,700.5308,1549.745,700.6935
15.75054,1,1548.276,699.4431,1549.011,700.0682
15.76033,1,1548.276,699.4431,1548.644,699.7556
15.77253,1,1548.276,699.4431,1548.46,699.5994
15.78251,1,1546.32,697.8685,1547.39,698.7339
15.79425,1,1546.32,697.8685,1546.855,698.3011
15.80435,1,1546.32,697.8685,1546.588,698.0848
15.81724,1,1533.36,690.4038,1539.974,694.2443
15.82687,1,1533.36,690.4038,1536.667,692.3241
15.83749,1,1404.405,639.1981,1470.536,665.7611
15.852,1,1404.405,639.1981,1437.47,652.4796
15.8597,1,1404.405,639.1981,1420.938,645.8389
15.8725,1,1078.095,520.0606,1249.516,582.9497
15.8827,1,1078.095,520.0606,1163.806,551.5051
15.89372,1,1078.095,520.0606,1120.95,535.7828
15.9035,1,853.3703,437.8398,987.1604,486.8113
15.91569,1,853.3703,437.8398,920.2654,462.3256
15.92647,1,853.3703,437.8398,886.8179,450.0827
15.93699,1,750.6334,400.8466,818.7256,425.4647
15.95024,1,750.6334,400.8466,784.6796,413.1556
15.95878,1,750.6334,400.8466,767.6565,407.0011
15.97199,1,709.2257,390.0632,738.4411,398.5322
15.98263,1,709.2257,390.0632,723.8334,394.2977
15.99364,1,691.1956,384.1721,707.5145,389.2349
16.00438,1,691.1956,384.1721,699.355,386.7035
16.01777,1,691.1956,384.1721,695.2753,385.4378
16.02693,1,681.3151,378.4066,688.2952,381.9222
16.03789,1,681.3151,378.4066,684.8052,380.1644
16.05079,1,697.9123,381.6263,691.3588,380.8953
16.06009,1,697.9123,381.6263,694.6355,381.2608
16.07184,1,697.9123,381.6263,696.2739,381.4435
16.08171,1,741.7512,399.3595,719.0126,390.4016
16.09339,1,741.7512,399.3595,730.3818,394.8806
16.10257,1,741.7512,399.3595,736.0665,397.1201
16.11573,1,787.5718,413.5322,761.8192,405.3261
16.12633,1,787.5718,413.5322,774.6956,409.4291
16.13696,1,787.5718,413.5322,781.1337,411.4807
16.15059,1,969.4404,467.65,875.287,439.5653
16.15991,1,969.4404,467.65,922.3636,453.6077
16.17207,1,1171.609,534.9623,1046.986,494.285
16.18233,1,1171.609,534.9623,1109.297,514.6237
16.19322,1,1171.609,534.9623,1140.453,524.793
16.20402,1,1348.156,578.3928,1244.305,551.5929
16.21638,1,1348.156,578.3928,1296.23,564.9928
16.22588,1,1348.156,578.3928,1322.193,571.6927
16.23699,1,1436.862,607.0078,1379.528,589.3502
16.24985,1,1436.862,607.0078,1408.195,598.179
16.25891,1,1436.862,607.0078,1422.529,602.5934
16.27041,1,1472.89,620.6373,1447.709,611.6154
16.28091,1,1472.89,620.6373,1460.3,616.1263
16.29233,1,1489.138,628.6052,1474.719,622.3657
16.30334,1,1489.138,628.6052,1481.929,625.4855
16.31657,1,1489.138,628.6052,1485.534,627.0453
16.33216,1,1499.567,627.1371,1492.55,627.0912
16.33877,1,1499.567,627.1371,1496.059,627.1141
16.35362,1,1504.509,626.5833,1500.284,626.8488
16.36624,1,1504.509,626.5833,1502.396,626.7161
16.37755,1,1504.509,626.5833,1503.453,626.6497
16.38709,1,1506.324,625.6254,1504.888,626.1375
16.39654,1,1506.324,625.6254,1505.606,625.8815
16.40631,1,1506.324,625.6254,1505.965,625.7534
16.41646,1,1507.336,624.4999,1506.651,625.1266
16.43057,1,1507.336,624.4999,1506.993,624.8132
16.44053,1,1507.336,624.4999,1507.165,624.6566
16.45206,1,1508.552,624.1413,1507.859,624.3989
16.46158,1,1508.552,624.1413,1508.206,624.2701
16.47199,1,1508.552,624.1413,1508.379,624.2057
16.48795,1,1509.05,623.4985,1508.715,623.8521
16.49851,1,1509.05,623.4985,1508.883,623.6753
16.50676,1,1508.275,622.8934,1508.579,623.2844
16.51575,1,1508.275,622.8934,1508.427,623.0889
16.52738,1,1508.275,622.8934,1508.351,622.9911
16.53784,1,1507.903,621.934,1508.127,622.4625
16.55062,1,1507.903,621.934,1508.015,622.1982
16.55921,1,1507.903,621.934,1507.959,622.0661
16.57134,1,1507.893,621.3716,1507.926,621.7189
16.58082,1,1507.893,621.3716,1507.909,621.5452
16.59232,1,1507.893,621.3716,1507.901,621.4584
16.60296,1,1507.292,620.4894,1507.596,620.9739
16.61587,1,1507.292,620.4894,1507.444,620.7316
16.62464,1,1506.385,619.8819,1506.915,620.3068
16.63696,1,1506.385,619.8819,1506.65,620.0944
16.64909,1,1506.385,619.8819,1506.518,619.9882
16.65877,1,1505.549,619.0829,1506.033,619.5355
16.67002,1,1505.549,619.0829,1505.791,619.3092
16.67933,1,1505.549,619.0829,1505.67,619.196
16.69105,1,1504.785,618.6058,1505.228,618.9009
16.70114,1,1504.785,618.6058,1505.006,618.7533
16.71498,1,1504.158,617.9816,1504.582,618.3674
16.724,1,1504.158,617.9816,1504.37,618.1746
16.7372,1,1504.158,617.9816,1504.264,618.0781
16.74884,1,1503.324,617.2897,1503.794,617.684
16.75817,1,1503.324,617.2897,1503.559,617.4868
16.77082,1,1503.324,617.2897,1503.441,617.3883
16.78036,1,1502.418,616.525,1502.93,616.9567
16.79106,1,1502.418,616.525,1502.674,616.7408
16.80044,1,1502.418,616.525,1502.546,616.6329
16.81277,1,1501.325,615.771,1501.936,616.202
16.82199,1,1501.325,615.771,1501.63,615.9865
16.83416,1,1501.325,615.771,1501.477,615.8787
16.84332,1,1499.834,615.0245,1500.656,615.4517
16.85549,1,1499.834,615.0245,1500.245,615.2381
16.86744,1,1498.52,614.2481,1499.382,614.7431
16.87741,1,1498.52,614.2481,1498.951,614.4956
16.88884,1,1498.52,614.2481,1498.735,614.3718
16.89945,1,1497.273,613.5034,1498.004,613.9376
16.9117,1,1497.273,613.5034,1497.638,613.7205
16.92192,1,1497.273,613.5034,1497.456,613.6119
16.93458,1,1495.996,613.0236,1496.726,613.3177
16.94327,1,1495.996,613.0236,1496.361,613.1707
16.95624,1,1494.416,612.3623,1495.389,612.7665
16.96869,1,1494.416,612.3623,1494.903,612.5644
16.97632,1,1494.416,612.3623,1494.659,612.4634
16.99025,1,1492.952,611.7001,1493.806,612.0817
16.99957,1,1492.952,611.7001,1493.379,611.8909
17.0107,1,1492.952,611.7001,1493.166,611.7955
17.02003,1,1491.371,611.1444,1492.268,611.47
17.03279,1,1491.371,611.1444,1491.819,611.3072
17.04211,1,1491.371,611.1444,1491.595,611.2258
17.05526,1,1490.056,610.9176,1490.825,611.0717
17.06692,1,1490.056,610.9176,1490.441,610.9946
17.07557,1,1490.056,610.9176,1490.248,610.9561
17.08919,1,1488.652,610.3557,1489.45,610.6559
17.09902,1,1488.652,610.3557,1489.051,610.5057
17.11029,1,1486.875,609.2249,1487.963,609.8653
17.12095,1,1486.875,609.2249,1487.419,609.545
17.13401,1,1486.875,609.2249,1487.147,609.3849
17.14174,1,1484.807,608.6722,1485.977,609.0286
17.15469,1,1484.807,608.6722,1485.392,608.8503
17.16803,1,1483.286,607.9736,1484.339,608.412
17.17574,1,1483.286,607.9736,1483.813,608.1928
17.18807,1,1483.286,607.9736,1483.55,608.0833
17.19964,1,1481.572,607.8539,1482.561,607.9686
17.20962,1,1481.572,607.8539,1482.066,607.9113
17.21987,1,1481.572,607.8539,1481.819,607.8826
17.23214,1,1479.968,607.5352,1480.894,607.7089
17.24137,1,1479.968,607.5352,1480.431,607.6221
17.2549,1,1479.968,607.5352,1480.2,607.5786
17.26617,1,1478.135,607.5564,1479.168,607.5675
17.27566,1,1478.135,607.5564,1478.652,607.562
17.28776,1,1478.135,607.5564,1478.394,607.5592
17.29833,1,1476.137,607.8987,1477.265,607.7289
17.3096,1,1476.137,607.8987,1476.701,607.8138
17.31882,1,1473.732,608.543,1475.217,608.1784
17.33215,1,1473.732,608.543,1474.475,608.3607
17.34265,1,1473.732,608.543,1474.104,608.4518
17.35448,1,1471.615,609.3165,1472.859,608.8842
17.36738,1,1471.615,609.3165,1472.237,609.1003
17.37608,1,1471.615,609.3165,1471.926,609.2084
17.38861,1,1470.011,610.3431,1470.968,609.7758
17.40076,1,1470.011,610.3431,1470.49,610.0594
17.41202,1,1468.45,610.7264,1469.47,610.3929
17.41998,1,1468.45,610.7264,1468.96,610.5597
17.43285,1,1468.45,610.7264,1468.705,610.6431
17.44162,1,1466.311,611.4434,1467.508,611.0432
17.45417,1,1466.311,611.4434,1466.91,611.2433
17.4669,1,1466.311,611.4434,1466.611,611.3434
17.47497,1,1464.297,612.7995,1465.454,612.0714
17.48755,1,1464.297,612.7995,1464.875,612.4354
17.49819,1,1464.297,612.7995,1464.586,612.6174
17.51034,1,1462.319,614.2986,1463.453,613.458
17.51984,1,1462.319,614.2986,1462.886,613.8783
17.53361,1,1460.199,615.7094,1461.542,614.7938
17.54283,1,1460.199,615.7094,1460.871,615.2516
17.55384,1,1460.199,615.7094,1460.535,615.4805
17.56444,1,1458.233,617.2527,1459.384,616.3666
17.57686,1,1458.233,617.2527,1458.808,616.8097
17.58473,1,1458.233,617.2527,1458.521,617.0313
17.59818,1,1456.283,618.6686,1457.402,617.85
17.60823,1,1456.283,618.6686,1456.842,618.2593
17.61873,1,1456.283,618.6686,1456.562,618.464
17.63347,1,1454.984,620.6249,1455.773,619.5444
17.64122,1,1454.984,620.6249,1455.379,620.0847
17.65378,1,1452.565,623.8513,1453.972,621.968
17.66358,1,1452.565,623.8513,1453.269,622.9097
17.67381,1,1452.565,623.8513,1452.917,623.3805
17.68469,1,1450.153,628.0997,1451.535,625.7401
17.69713,1,1450.153,628.0997,1450.844,626.9199
17.70602,1,1450.153,628.0997,1450.499,627.5098
17.71689,1,1448.011,632.3413,1449.255,629.9255
17.73174,1,1448.011,632.3413,1448.633,631.1334
17.73907,1,1448.011,632.3413,1448.322,631.7374
17.75103,1,1444.251,637.4979,1446.287,634.6177
17.76262,1,1444.251,637.4979,1445.269,636.0578
17.77216,1,1442.193,642.3154,1443.731,639.1866
17.78251,1,1442.193,642.3154,1442.962,640.751
17.79406,1,1442.193,642.3154,1442.577,641.5332
17.80386,1,1438.707,648.1571,1440.642,644.8452
17.81584,1,1438.707,648.1571,1439.674,646.5011
17.82469,1,1438.707,648.1571,1439.191,647.3291
17.83732,1,1435.374,653.7403,1437.282,650.5347
17.84873,1,1435.374,653.7403,1436.328,652.1375
17.85813,1,1435.374,653.7403,1435.851,652.9388
17.87103,1,1432.972,659.0731,1434.411,656.006
17.88172,1,1432.972,659.0731,1433.692,657.5396
17.89497,1,1430.177,662.2304,1431.934,659.885
17.90421,1,1430.177,662.2304,1431.056,661.0577
17.9167,1,1430.177,662.2304,1430.616,661.644
17.92728,1,1427.177,664.532,1428.896,663.088
17.93624,1,1427.177,664.532,1428.037,663.8101
17.95009,1,1427.177,664.532,1427.607,664.171
17.95771,1,1425.081,666.8073,1426.344,665.4891
17.97017,1,1425.081,666.8073,1425.712,666.1482
17.98189,1,1425.081,666.8073,1425.396,666.4777
17.99326,1,1422.357,669.4509,1423.877,667.9644
18.00314,1,1422.357,669.4509,1423.117,668.7076
18.01643,1,1419.24,672.8077,1421.178,670.7577
18.02592,1,1419.24,672.8077,1420.209,671.7827
18.03746,1,1419.24,672.8077,1419.725,672.2952
18.0503,1,1418.04,675.254,1418.882,673.7746
18.05822,1,1418.04,675.254,1418.461,674.5143
18.0713,1,1418.04,675.254,1418.251,674.8842
18.08243,1,1415.714,677.2354,1416.982,676.0598
18.09555,1,1415.714,677.2354,1416.348,676.6476
18.10493,1,1413,678.1053,1414.674,677.3765
18.11875,1,1413,678.1053,1413.837,677.7409
18.1305,1,1413,678.1053,1413.419,677.9231
18.13994,1,1411.472,679.479,1412.445,678.701
18.15219,1,1411.472,679.479,1411.959,679.09
18.16227,1,1411.472,679.479,1411.715,679.2845
18.17541,1,1410.116,681.2655,1410.916,680.275
18.18624,1,1410.116,681.2655,1410.516,680.7703
18.19763,1,1408.485,682.7839,1409.5,681.7771
18.20879,1,1408.485,682.7839,1408.993,682.2805
18.2192,1,1408.485,682.7839,1408.739,682.5322
18.23207,1,1406.573,684.3232,1407.656,683.4277
18.2407,1,1406.573,684.3232,1407.115,683.8755
18.25326,1,1406.573,684.3232,1406.844,684.0994
18.26391,1,1404.262,685.6263,1405.553,684.8628
18.27472,1,1404.262,685.6263,1404.908,685.2445
18.28423,1,1404.262,685.6263,1404.585,685.4354
18.29677,1,1401.58,687.7673,1403.083,686.6013
18.30717,1,1401.58,687.7673,1402.332,687.1843
18.31594,1,1397.379,689.2326,1399.855,688.2085
18.32727,1,1397.379,689.2326,1398.617,688.7206
18.33882,1,1397.379,689.2326,1397.998,688.9766
18.34999,1,1392.821,690.9966,1395.41,689.9866
18.35915,1,1392.821,690.9966,1394.115,690.4916
18.37264,1,1392.821,690.9966,1393.468,690.7441
18.38373,1,1389.472,692.6366,1391.47,691.6904
18.39524,1,1389.472,692.6366,1390.471,692.1635
18.40426,1,1389.472,692.6366,1389.972,692.4
18.4162,1,1386.503,694.4684,1388.237,693.4342
18.42478,1,1386.503,694.4684,1387.37,693.9513
18.43689,1,1384.156,696.1218,1385.763,695.0365
18.44838,1,1384.156,696.1218,1384.959,695.5791
18.4569,1,1384.156,696.1218,1384.557,695.8505
18.46791,1,1380.974,698.3912,1382.766,697.1208
18.47553,1,1380.974,698.3912,1381.87,697.756
18.4885,1,1380.974,698.3912,1381.422,698.0736
18.50109,1,1377.268,700.8316,1379.345,699.4526
18.51473,1,1377.268,700.8316,1378.306,700.1421
18.52374,1,1377.268,700.8316,1377.787,700.4868
18.53677,1,1373.628,703.3626,1375.708,701.9247
18.54825,1,1373.628,703.3626,1374.668,702.6437
18.55718,1,1371.118,705.6178,1372.893,704.1307
18.57029,1,1371.118,705.6178,1372.006,704.8743
18.58013,1,1371.118,705.6178,1371.562,705.246
18.59157,1,1368.625,707.068,1370.094,706.157
18.60118,1,1368.625,707.068,1369.359,706.6125
18.61388,1,1368.625,707.068,1368.992,706.8402
18.62257,1,1367.362,709.2113,1368.177,708.0258
18.63607,1,1367.362,709.2113,1367.769,708.6185
18.64976,1,1365.846,711.3403,1366.807,709.9794
18.65735,1,1365.846,711.3403,1366.327,710.6598
18.66991,1,1365.846,711.3403,1366.086,711
18.67986,1,1363.265,713.4211,1364.676,712.2106
18.6902,1,1363.265,713.4211,1363.97,712.8158
18.70115,1,1363.265,713.4211,1363.618,713.1184
18.7145,1,1362.196,715.3733,1362.907,714.2458
18.72217,1,1362.196,715.3733,1362.551,714.8096
18.74611,1,1360.597,717.0122,1361.574,715.9109
18.75431,1,1360.597,717.0122,1361.085,716.4615
18.76259,1,1360.597,717.0122,1360.841,716.7369
18.77432,1,1359.023,719.0389,1359.932,717.8879
18.78259,1,1359.023,719.0389,1359.478,718.4634
18.79603,1,1359.023,719.0389,1359.25,718.7511
18.80421,1,1357.255,721.2952,1358.253,720.0231
18.81543,1,1357.255,721.2952,1357.754,720.6592
18.82664,1,1357.255,721.2952,1357.505,720.9772
18.83863,1,1355.103,723.882,1356.304,722.4296
18.85073,1,1355.103,723.882,1355.703,723.1558
18.86337,1,1352.971,725.2653,1354.337,724.2105
18.87522,1,1352.971,725.2653,1353.654,724.7379
18.88327,1,1352.971,725.2653,1353.313,725.0016
18.8985,1,1351.114,726.5978,1352.213,725.7997
18.90613,1,1351.114,726.5978,1351.663,726.1987
18.91632,1,1351.114,726.5978,1351.388,726.3983
18.92968,1,1349.286,728.2165,1350.337,727.3074
18.93808,1,1349.286,728.2165,1349.812,727.762
18.94991,1,1347.028,730.1792,1348.42,728.9706
18.95934,1,1347.028,730.1792,1347.724,729.5749
18.97003,1,1347.028,730.1792,1347.376,729.8771
18.98048,1,1344.864,731.6271,1346.12,730.7521
18.99286,1,1344.864,731.6271,1345.492,731.1896
19.00334,1,1344.864,731.6271,1345.178,731.4083
19.01613,1,1342.693,733.4567,1343.935,732.4325
19.02707,1,1342.693,733.4567,1343.314,732.9446
19.03619,1,1342.693,733.4567,1343.003,733.2006
19.04845,1,1339.934,735.2878,1341.469,734.2443
19.0579,1,1339.934,735.2878,1340.701,734.7661
19.07034,1,1339.934,735.2878,1340.318,735.027
19.08063,1,1338.018,737.3883,1339.168,736.2076
19.09112,1,1338.018,737.3883,1338.593,736.798
19.10154,1,1336.524,739.6047,1337.559,738.2013
19.11299,1,1336.524,739.6047,1337.041,738.903
19.12221,1,1336.524,739.6047,1336.783,739.2538
19.13427,1,1335.161,741.1685,1335.972,740.2112
19.14406,1,1335.161,741.1685,1335.567,740.6898
19.15582,1,1335.161,741.1685,1335.364,740.9292
19.16684,1,1332.825,742.8887,1334.095,741.9089
19.17887,1,1332.825,742.8887,1333.46,742.3988
19.19055,1,1332.825,742.8887,1333.143,742.6438
19.1999,1,1330.398,745.0089,1331.77,743.8264
19.21221,1,1330.398,745.0089,1331.084,744.4176
19.21905,1,1330.398,745.0089,1330.741,744.7133
19.2325,1,1328.799,746.1349,1329.77,745.4241
19.24063,1,1328.799,746.1349,1329.284,745.7795
19.25381,1,1327.14,747.4473,1328.212,746.6134
19.26604,1,1327.14,747.4473,1327.676,747.0304
19.27414,1,1327.14,747.4473,1327.408,747.2389
19.28785,1,1325.099,749.2409,1326.253,748.2399
19.29724,1,1325.099,749.2409,1325.676,748.7404
19.30777,1,1325.099,749.2409,1325.387,748.9906
19.31837,1,1317.168,752.2345,1321.278,750.6125
19.33133,1,1317.168,752.2345,1319.223,751.4235
19.34086,1,1317.168,752.2345,1318.195,751.829
19.35238,1,1310.587,755.973,1314.391,753.901
19.36326,1,1310.587,755.973,1312.489,754.937
19.37427,1,1306.457,759.9946,1309.473,757.4658
19.38647,1,1306.457,759.9946,1307.965,758.7302
19.39773,1,1306.457,759.9946,1307.211,759.3624
19.40825,1,1303.3,762.3657,1305.255,760.8641
19.41799,1,1303.3,762.3657,1304.278,761.6149
19.43192,1,1303.3,762.3657,1303.789,761.9903
19.4405,1,1299.94,765.2924,1301.864,763.6414
19.45316,1,1299.94,765.2924,1300.902,764.4669
19.46451,1,1297.014,768.5222,1298.958,766.4945
19.47483,1,1297.014,768.5222,1297.986,767.5083
19.48654,1,1297.014,768.5222,1297.5,768.0153
19.49683,1,1295.182,771.4023,1296.341,769.7088
19.50938,1,1295.182,771.4023,1295.761,770.5555
19.51846,1,1295.182,771.4023,1295.472,770.9789
19.53278,1,1292.965,774.1832,1294.218,772.5811
19.54211,1,1292.965,774.1832,1293.591,773.3821
19.55508,1,1290.526,777.5984,1292.059,775.4903
19.56668,1,1290.526,777.5984,1291.293,776.5444
19.57521,1,1290.526,777.5984,1290.909,777.0714
19.58865,1,1288.215,779.9957,1289.562,778.5336
19.59904,1,1288.215,779.9957,1288.888,779.2646
19.61049,1,1288.215,779.9957,1288.552,779.6301
19.61956,1,1285.633,782.506,1287.092,781.0681
19.63201,1,1285.633,782.506,1286.363,781.787
19.64091,1,1285.633,782.506,1285.998,782.1465
19.65367,1,1283.147,784.1547,1284.573,783.1506
19.66692,1,1283.147,784.1547,1283.86,783.6527
19.68099,1,1281.353,785.4599,1282.606,784.5563
19.69013,1,1281.353,785.4599,1281.979,785.0081
19.7001,1,1281.353,785.4599,1281.666,785.234
19.71221,1,1279.745,786.8525,1280.705,786.0433
19.72077,1,1279.745,786.8525,1280.225,786.4479
19.7329,1,1279.745,786.8525,1279.985,786.6502
19.74231,1,1277.914,788.3644,1278.949,787.5073
19.75395,1,1277.914,788.3644,1278.432,787.9359
19.76418,1,1277.914,788.3644,1278.173,788.1501
19.77561,1,1275.395,790.3066,1276.784,789.2284
19.7846,1,1275.395,790.3066,1276.09,789.7675
19.7969,1,1273.092,792.9724,1274.591,791.3699
19.80744,1,1273.092,792.9724,1273.841,792.1711
19.81672,1,1273.092,792.9724,1273.467,792.5718
19.82904,1,1271.125,795.4661,1272.296,794.0189
19.83975,1,1271.125,795.4661,1271.71,794.7426
19.85018,1,1271.125,795.4661,1271.417,795.1044
19.85996,1,1269.189,796.957,1270.303,796.0306
19.8728,1,1269.189,796.957,1269.746,796.4938
19.88198,1,1269.189,796.957,1269.468,796.7253
19.89309,1,1267.112,798.1632,1268.29,797.4443
19.90363,1,1267.112,798.1632,1267.701,797.8037
19.92042,1,1265.181,799.6534,1266.441,798.7286
19.93229,1,1265.181,799.6534,1265.811,799.191
19.93835,1,1265.181,799.6534,1265.496,799.4222
19.94893,1,1263.279,801.0418,1264.387,800.2321
19.95845,1,1263.279,801.0418,1263.833,800.637
19.97067,1,1263.279,801.0418,1263.556,800.8394
19.98088,1,1261.274,802.6993,1262.415,801.7693
19.99175,1,1261.274,802.6993,1261.844,802.2344
20.00255,1,1261.274,802.6993,1261.559,802.4669
20.01625,1,1259.224,803.6099,1260.391,803.0384
20.0267,1,1259.224,803.6099,1259.808,803.3242
20.03685,1,1259.224,803.6099,1259.516,803.467
20.05062,1,1257.654,805.2551,1258.585,804.3611
20.06145,1,1257.654,805.2551,1258.12,804.8081
20.07335,1,1255.497,807.2561,1256.808,806.0321
20.08755,1,1255.497,807.2561,1256.153,806.6441
20.09855,1,1253.117,809.7597,1254.635,808.2019
20.10596,1,1253.117,809.7597,1253.876,808.9808
20.11572,1,1253.117,809.7597,1253.496,809.3702
20.13014,1,1251.287,812.1251,1252.391,810.7477
20.13936,1,1251.287,812.1251,1251.839,811.4364
20.1522,1,1251.287,812.1251,1251.563,811.7808
20.16316,1,1249.675,814.0296,1250.619,812.9052
20.17397,1,1249.675,814.0296,1250.147,813.4674
20.18403,1,1249.675,814.0296,1249.911,813.7485
20.19671,1,1247.156,815.7543,1248.533,814.7515
20.20605,1,1247.156,815.7543,1247.845,815.2529
20.21704,1,1247.156,815.7543,1247.5,815.5037
20.23017,1,1244.836,816.9767,1246.168,816.2402
20.23731,1,1244.836,816.9767,1245.502,816.6085
20.24916,1,1243.256,819.0415,1244.379,817.825
20.25799,1,1243.256,819.0415,1243.818,818.4332
20.27193,1,1243.256,819.0415,1243.537,818.7374
20.28328,1,1241.702,821.5554,1242.62,820.1464
20.29641,1,1241.702,821.5554,1242.161,820.8508
20.30708,1,1241.702,821.5554,1241.932,821.2031
20.31734,1,1239.794,823.7133,1240.863,822.4582
20.32937,1,1239.794,823.7133,1240.328,823.0857
20.33771,1,1239.794,823.7133,1240.061,823.3995
20.34844,1,1238.128,824.8727,1239.094,824.1361
20.35801,1,1238.128,824.8727,1238.611,824.5044
20.37206,1,1236.544,826.5735,1237.578,825.5389
20.38117,1,1236.544,826.5735,1237.061,826.0562
20.39168,1,1236.544,826.5735,1236.803,826.3148
20.40248,1,1235.081,828.175,1235.942,827.2449
20.41511,1,1235.081,828.175,1235.512,827.71
20.42324,1,1235.081,828.175,1235.297,827.9425
20.43591,1,1233.801,829.661,1234.549,828.8018
20.44806,1,1233.801,829.661,1234.175,829.2314
20.45622,1,1233.801,829.661,1233.988,829.4462
20.46821,1,1232.202,830.996,1233.095,830.2211
20.47914,1,1232.202,830.996,1232.649,830.6085
20.48991,1,1232.202,830.996,1232.426,830.8022
20.49959,1,1230.853,832.2543,1231.639,831.5283
20.51378,1,1230.853,832.2543,1231.246,831.8914
20.52276,1,1229.235,833.682,1230.24,832.7867
20.53561,1,1229.235,833.682,1229.738,833.2344
20.54779,1,1229.235,833.682,1229.486,833.4582
20.55772,1,1227.467,835.3144,1228.476,834.3863
20.57017,1,1227.467,835.3144,1227.971,834.8503
20.58038,1,1204.128,817.6731,1216.05,826.2617
20.59101,1,1204.128,817.6731,1210.089,821.9674
20.60151,1,1204.128,817.6731,1207.109,819.8203
20.61416,1,1114.744,671.6287,1160.927,745.7245
20.62393,1,1114.744,671.6287,1137.835,708.6766
20.63473,1,1114.744,671.6287,1126.29,690.1526
20.64658,1,1026.559,486.3225,1076.425,588.2375
20.65466,1,1026.559,486.3225,1051.492,537.28
20.66708,1,1026.559,486.3225,1039.026,511.8013
20.68007,1,975.2799,382.0533,1007.153,446.9272
20.68926,1,975.2799,382.0533,991.2164,414.4902
20.70044,1,975.2799,382.0533,983.2482,398.2717
20.71503,1,952.1757,334.3091,967.7119,366.2904
20.72206,1,952.1757,334.3091,959.9438,350.2997
20.73517,1,941.3078,313.9536,950.6259,332.1266
20.7471,1,941.3078,313.9536,945.9668,323.0401
20.75574,1,941.3078,313.9536,943.6373,318.4968
20.76846,1,937.3532,301.6447,940.4952,310.0707
20.77889,1,937.3532,301.6447,938.9242,305.8577
20.78986,1,937.3532,301.6447,938.1387,303.7512
20.79982,1,936.1618,298.6805,937.1503,301.2158
20.81445,1,936.1618,298.6805,936.656,299.9481
20.83064,1,939.4377,286.424,938.0469,293.186
20.84068,1,939.4377,286.424,938.7423,289.805
20.85489,1,942.6034,276.0086,940.6729,282.9068
20.86719,1,942.6034,276.0086,941.6381,279.4577
20.87413,1,942.6034,276.0086,942.1207,277.7332
20.88639,1,944.4581,268.3556,943.2894,273.0444
20.89704,1,944.4581,268.3556,943.8738,270.7
20.90751,1,944.4581,268.3556,944.166,269.5278
20.91762,1,946.9373,262.7278,945.5516,266.1278
20.93019,1,946.9373,262.7278,946.2444,264.4278
20.93814,1,946.9373,262.7278,946.5908,263.5778
20.95088,1,946.9589,258.8767,946.7749,261.2272
20.96277,1,946.9589,258.8767,946.8669,260.0519
20.97248,1,946.9589,258.8767,946.913,259.4643
20.98149,1,945.5175,256.7401,946.2152,258.1022
20.9932,1,945.5175,256.7401,945.8663,257.4212
21.00336,1,946.7317,255.032,946.299,256.2266
21.01582,1,946.7317,255.032,946.5154,255.6293
21.02357,1,946.7317,255.032,946.6235,255.3306
21.03653,1,946.6615,253.4307,946.6425,254.3806
21.04762,1,946.6615,253.4307,946.652,253.9056
21.05729,1,946.6615,253.4307,946.6567,253.6682
21.06924,1,945.699,253.6004,946.1779,253.6343
21.08005,1,945.699,253.6004,945.9384,253.6174
21.09223,1,945.699,253.6004,945.8187,253.6089
21.1018,1,946.127,252.0527,945.9729,252.8308
21.11475,1,946.127,252.0527,946.0499,252.4418
21.12273,1,946.127,252.0527,946.0885,252.2473
21.13516,1,946.1854,251.4769,946.137,251.8621
21.1469,1,946.1854,251.4769,946.1611,251.6695
21.15553,1,946.0502,250.0812,946.1057,250.8754
21.16791,1,946.0502,250.0812,946.0779,250.4783
21.17784,1,946.0502,250.0812,946.064,250.2798
21.18938,1,955.0759,272.2969,950.5699,261.2884
21.19876,1,955.0759,272.2969,952.8229,266.7927
21.20987,1,955.0759,272.2969,953.9495,269.5448
21.22024,1,1017.033,481.9155,985.4912,375.7301
21.2333,1,1017.033,481.9155,1001.262,428.8228
21.24222,1,1017.033,481.9155,1009.147,455.3691
21.25324,1,1085.489,703.1823,1047.318,579.2758
21.26328,1,1085.489,703.1823,1066.404,641.229
21.27411,1,1085.489,703.1823,1075.947,672.2057
21.28384,1,1122.192,811.2777,1099.069,741.7417
21.29592,1,1122.192,811.2777,1110.63,776.5097
21.30605,1,1136.546,858.2168,1123.588,817.3633
21.3322,1,1136.546,858.2168,1130.067,837.79
21.33789,1,1142.21,879.0934,1136.138,858.4418
21.34891,1,1142.21,879.0934,1139.174,868.7676
21.35964,1,1142.21,879.0934,1140.692,873.9305
21.37182,1,1145.22,887.2101,1142.956,880.5703
21.38185,1,1145.22,887.2101,1144.088,883.8903
21.39259,1,1145.22,887.2101,1144.654,885.5502
21.40246,1,1144.959,891.3714,1144.807,888.4608
21.41519,1,1144.959,891.3714,1144.883,889.9161
21.4247,1,1144.959,891.3714,1144.921,890.6438
21.43693,1,1119.38,861.806,1132.151,876.2249
21.44867,1,1119.38,861.806,1125.765,869.0154
21.45812,1,1101.656,812.7174,1113.711,840.8664
21.47034,1,1101.656,812.7174,1107.683,826.7919
21.48045,1,1101.656,812.7174,1104.67,819.7546
21.49193,1,1053.262,606.9225,1078.966,713.3386
21.50138,1,1053.262,606.9225,1066.114,660.1305
21.51481,1,1053.262,606.9225,1059.688,633.5265
21.52474,1,1011.018,408.0445,1035.353,520.7855
21.5368,1,1011.018,408.0445,1023.186,464.415
21.54827,1,991.5258,307.8788,1007.356,386.1469
21.55928,1,991.5258,307.8788,999.4407,347.0129
21.57097,1,991.5258,307.8788,995.4832,327.4459
21.58107,1,987.7266,259.9158,991.6049,293.6808
21.59409,1,987.7266,259.9158,989.6658,276.7983
21.60301,1,987.7266,259.9158,988.6962,268.357
21.61483,1,982.1482,245.6367,985.4222,256.9969
21.62466,1,982.1482,245.6367,983.7852,251.3168
21.63668,1,982.1482,245.6367,982.9667,248.4768
21.64825,1,972.2483,234.1406,977.6075,241.3087
21.65728,1,972.2483,234.1406,974.9279,237.7246
21.66806,1,972.2483,234.1406,973.5881,235.9326
21.67767,1,964.1071,219.7722,968.8475,227.8524
21.69921,1,964.5931,216.0262,966.7203,221.9393
21.7066,1,964.5931,216.0262,965.6567,218.9827
21.71567,1,964.5931,216.0262,965.1249,217.5044
21.72827,1,964.5931,216.0262,964.859,216.7653
21.73747,1,962.1194,216.6685,963.4893,216.7169
21.7498,1,962.1194,216.6685,962.8043,216.6927
21.76109,1,962.3644,214.5092,962.5844,215.6009
21.77001,1,962.3644,214.5092,962.4744,215.0551
21.78123,1,962.3644,214.5092,962.4194,214.7821
21.79293,1,961.4869,210.9051,961.9531,212.8436
21.81383,1,961.4869,210.9051,961.72,211.8744
21.81942,1,960.7178,208.8776,961.2189,210.376
21.8309,1,960.7178,208.8776,960.9683,209.6268
21.8409,1,960.7178,208.8776,960.843,209.2522
21.85324,1,959.9688,207.1313,960.4059,208.1917
21.86458,1,959.9688,207.1313,960.1874,207.6615
21.87397,1,959.9688,207.1313,960.0781,207.3964
21.8867,1,960.243,205.1326,960.1606,206.2645
21.89712,1,960.243,205.1326,960.2018,205.6986
21.90756,1,960.243,205.1326,960.2224,205.4156
21.91743,1,961.2943,203.7749,960.7584,204.5952
21.93062,1,961.2943,203.7749,961.0264,204.185
21.94334,1,962.2573,202.7105,961.6418,203.4478
21.96024,1,962.2573,202.7105,961.9496,203.0791
21.9678,1,962.2573,202.7105,962.1035,202.8948
21.97412,1,974.6921,216.0119,968.3978,209.4534
21.98287,1,974.6921,216.0119,971.545,212.7326
21.99711,1,974.6921,216.0119,973.1185,214.3723
22.0041,1,1097.444,366.7675,1035.281,290.5699
22.01735,1,1097.444,366.7675,1066.363,328.6687
22.02646,1,1097.444,366.7675,1081.903,347.7181
22.038,1,1285.476,576.9867,1183.69,462.3524
22.04945,1,1285.476,576.9867,1234.583,519.6696
22.05786,1,1285.476,576.9867,1260.03,548.3281
22.07177,1,1384.473,686.7341,1322.251,617.5311
22.08169,1,1384.473,686.7341,1353.362,652.1326
22.09264,1,1426.476,734.5021,1389.919,693.3174
22.10417,1,1426.476,734.5021,1408.198,713.9097
22.11568,1,1426.476,734.5021,1417.337,724.2059
22.12655,1,1445.828,752.6594,1431.583,738.4326
22.1369,1,1445.828,752.6594,1438.706,745.546
22.14827,1,1445.828,752.6594,1442.267,749.1027
22.15871,1,1453.332,763.2698,1447.799,756.1862
22.16965,1,1453.332,763.2698,1450.565,759.728
22.18191,1,1453.332,763.2698,1451.948,761.4989
22.19556,1,1455.523,768.8579,1453.736,765.1784
22.20119,1,1455.523,768.8579,1454.629,767.0182
22.21569,1,1486.562,764.2175,1470.595,765.6179
22.22248,1,1486.562,764.2175,1478.579,764.9177
22.2359,1,1486.562,764.2175,1482.57,764.5676
22.24758,1,1511.602,763.1907,1497.086,763.8792
22.25704,1,1511.602,763.1907,1504.344,763.5349
22.27025,1,1511.602,763.1907,1507.973,763.3628
22.28172,1,1526.161,766.7686,1517.067,765.0657
22.29325,1,1526.161,766.7686,1521.614,765.9171
22.30327,1,1535.383,767.02,1528.499,766.4686
22.31555,1,1535.383,767.02,1531.941,766.7443
22.32619,1,1535.383,767.02,1533.662,766.8821
22.33629,1,1542.039,766.9861,1537.851,766.9341
22.34883,1,1542.039,766.9861,1539.945,766.9601
22.35859,1,1542.039,766.9861,1540.992,766.9731
22.37075,1,1545.73,767.8079,1543.361,767.3905
22.3812,1,1545.73,767.8079,1544.545,767.5992
22.3917,1,1545.73,767.8079,1545.138,767.7035
22.40348,1,1547.525,769.0292,1546.331,768.3663
22.41998,1,1547.525,769.0292,1546.928,768.6978
22.42663,1,1552.911,773.1722,1549.92,770.9349
22.43648,1,1552.911,773.1722,1551.415,772.0536
22.44849,1,1552.911,773.1722,1552.163,772.6129
22.45723,1,1559.827,777.7261,1555.995,775.1695
22.46958,1,1559.827,777.7261,1557.911,776.4478
22.48051,1,1559.827,777.7261,1558.869,777.0869
22.49289,1,1565.883,780.8321,1562.376,778.9595
22.50465,1,1565.883,780.8321,1564.13,779.8958
22.518,1,1570.548,783.5248,1567.339,781.7103
22.52957,1,1570.548,783.5248,1568.943,782.6176
22.53857,1,1570.548,783.5248,1569.745,783.0712
22.55034,1,1573.605,785.7343,1571.675,784.4027
22.55911,1,1573.605,785.7343,1572.64,785.0685
22.57227,1,1573.605,785.7343,1573.122,785.4014
22.58261,1,1576.149,787.7974,1574.636,786.5994
22.59469,1,1576.149,787.7974,1575.392,787.1984
22.60438,1,1576.149,787.7974,1575.771,787.4979
22.61685,1,1578.285,788.5729,1577.028,788.0354
22.62883,1,1578.285,788.5729,1577.656,788.3041
22.63809,1,1579.971,790.4949,1578.813,789.3995
22.65063,1,1579.971,790.4949,1579.392,789.9472
22.65822,1,1579.971,790.4949,1579.681,790.2211
22.67021,1,1581.394,792.6226,1580.538,791.4219
22.68034,1,1581.394,792.6226,1580.966,792.0222
22.69123,1,1581.394,792.6226,1581.18,792.3224
22.70314,1,1583.525,794.1758,1582.353,793.2491
22.71508,1,1583.525,794.1758,1582.939,793.7124
22.72449,1,1583.525,794.1758,1583.232,793.9441
22.73792,1,1585.301,796.4691,1584.266,795.2066
22.74918,1,1585.301,796.4691,1584.784,795.8379
22.75885,1,1586.427,797.8887,1585.605,796.8633
22.77096,1,1586.427,797.8887,1586.016,797.376
22.78145,1,1586.427,797.8887,1586.221,797.6323
22.7921,1,1587.576,799.4442,1586.899,798.5383
22.80309,1,1587.576,799.4442,1587.238,798.9912
22.81476,1,1587.576,799.4442,1587.407,799.2177
22.82382,1,1588.156,800.7957,1587.781,800.0067
22.83587,1,1588.156,800.7957,1587.969,800.4012
22.84801,1,1589.173,802.103,1588.571,801.2521
22.8576,1,1589.173,802.103,1588.872,801.6776
22.87002,1,1589.173,802.103,1589.022,801.8903
22.8805,1,1590.208,803.7752,1589.615,802.8328
22.89156,1,1590.208,803.7752,1589.912,803.304
22.9021,1,1590.208,803.7752,1590.06,803.5396
22.91442,1,1591.731,806.1502,1590.896,804.8448
22.92364,1,1591.731,806.1502,1591.313,805.4976
22.93624,1,1591.731,806.1502,1591.522,805.8239
22.9489,1,1592.854,808.4315,1592.188,807.1277
22.95714,1,1592.854,808.4315,1592.521,807.7795
22.97016,1,1594.961,810.9512,1593.741,809.3654
22.98085,1,1594.961,810.9512,1594.351,810.1583
22.99152,1,1594.961,810.9512,1594.656,810.5547
23.0017,1,1596.856,812.5963,1595.756,811.5754
23.01399,1,1596.856,812.5963,1596.306,812.0858
23.0345,1,1598.073,814.6797,1597.19,813.3828
23.04174,1,1598.073,814.6797,1597.631,814.0313
23.04954,1,1598.073,814.6797,1597.852,814.3555
23.05655,1,1598.073,814.6797,1597.963,814.5176
23.06946,1,1598.655,816.2553,1598.309,815.3865
23.07995,1,1598.655,816.2553,1598.482,815.8209
23.09135,1,1599.302,817.958,1598.892,816.8895
23.10115,1,1599.302,817.958,1599.097,817.4237
23.1131,1,1599.302,817.958,1599.2,817.6909
23.12281,1,1599.552,820.6403,1599.376,819.1656
23.13444,1,1599.552,820.6403,1599.464,819.903
23.14602,1,1599.552,820.6403,1599.508,820.2716
23.15428,1,1600.238,823.3167,1599.873,821.7942
23.16633,1,1600.238,823.3167,1600.055,822.5554
23.17602,1,1600.238,823.3167,1600.146,822.936
23.18722,1,1600.445,826.2915,1600.296,824.6138
23.1979,1,1600.445,826.2915,1600.37,825.4526
23.20916,1,1600.192,829.3167,1600.281,827.3846
23.22068,1,1600.192,829.3167,1600.237,828.3507
23.23224,1,1600.192,829.3167,1600.214,828.8337
23.2414,1,1600.74,832.6584,1600.477,830.7461
23.25303,1,1600.74,832.6584,1600.608,831.7023
23.26349,1,1600.74,832.6584,1600.674,832.1803
23.27575,1,1599.616,835.3198,1600.145,833.7501
23.28772,1,1599.616,835.3198,1599.88,834.5349
23.29724,1,1599.616,835.3198,1599.748,834.9274
23.30861,1,1598.425,836.9738,1599.086,835.9506
23.31791,1,1598.425,836.9738,1598.756,836.4622
23.32986,1,1598.425,836.9738,1598.59,836.718
23.33891,1,1597.252,839.4985,1597.921,838.1083
23.35137,1,1597.252,839.4985,1597.586,838.8033
23.36339,1,1595.844,841.2771,1596.715,840.0402
23.37248,1,1595.844,841.2771,1596.28,840.6587
23.38273,1,1595.844,841.2771,1596.062,840.9679
23.39462,1,1594.794,843.1873,1595.428,842.0776
23.40403,1,1594.794,843.1873,1595.111,842.6324
23.41615,1,1594.794,843.1873,1594.953,842.9099
23.42726,1,1594.101,844.0452,1594.527,843.4775
23.4373,1,1594.101,844.0452,1594.314,843.7614
23.45209,1,1593.109,844.4908,1593.711,844.1261
23.46348,1,1593.109,844.4908,1593.41,844.3085
23.47268,1,1593.109,844.4908,1593.26,844.3997
23.48295,1,1592.411,844.1034,1592.835,844.2515
23.496,1,1592.411,844.1034,1592.624,844.1775
23.50627,1,1592.411,844.1034,1592.518,844.1404
23.51488,1,1591.632,844.1344,1592.075,844.1375
23.52638,1,1591.632,844.1344,1591.854,844.1359
23.5367,1,1591.632,844.1344,1591.743,844.1351
23.54968,1,1583.01,840.8325,1587.377,842.4838
23.559,1,1583.01,840.8325,1585.193,841.6581
23.57224,1,1563.495,831.5326,1574.344,836.5953
23.58216,1,1563.495,831.5326,1568.919,834.064
23.59252,1,1563.495,831.5326,1566.207,832.7983
23.60341,1,1541.376,821.4063,1553.792,827.1023
23.616,1,1541.376,821.4063,1547.584,824.2543
23.6265,1,1541.376,821.4063,1544.48,822.8303
23.63576,1,1520.697,812.4908,1532.589,817.6605
23.64834,1,1520.697,812.4908,1526.643,815.0757
23.65737,1,1520.697,812.4908,1523.67,813.7832
23.66917,1,1503.344,806.2167,1513.507,810
23.67972,1,1503.344,806.2167,1508.426,808.1084
23.69138,1,1503.344,806.2167,1505.885,807.1626
23.70186,1,1490.655,800.6537,1498.27,803.9081
23.71496,1,1490.655,800.6537,1494.462,802.2809
23.72388,1,1480.567,795.8089,1487.514,799.0449
23.73695,1,1480.567,795.8089,1484.041,797.4269
23.74793,1,1480.567,795.8089,1482.304,796.6179
23.75779,1,1473.27,792.5102,1477.787,794.5641
23.76937,1,1473.27,792.5102,1475.528,793.5371
23.77981,1,1473.27,792.5102,1474.399,793.0237
23.79035,1,1468.588,790.4107,1471.493,791.7172
23.79963,1,1468.588,790.4107,1470.041,791.064
23.81239,1,1468.588,790.4107,1469.314,790.7373
23.82088,1,1464.112,788.8199,1466.713,789.7786
23.8333,1,1464.112,788.8199,1465.413,789.2993
23.84316,1,1464.112,788.8199,1464.763,789.0596
23.85478,1,1461.127,787.139,1462.945,788.0994
23.86511,1,1461.127,787.139,1462.036,787.6192
23.87642,1,1458.912,785.8453,1460.474,786.7323
23.88659,1,1458.912,785.8453,1459.693,786.2888
23.89668,1,1458.912,785.8453,1459.303,786.0671
23.90854,1,1457.198,784.3947,1458.25,785.2308
23.91797,1,1457.198,784.3947,1457.724,784.8127
23.92951,1,1457.198,784.3947,1457.461,784.6037
23.9391,1,1456.018,782.9897,1456.74,783.7968
23.94964,1,1456.018,782.9897,1456.379,783.3932
23.95877,1,1456.018,782.9897,1456.198,783.1915
23.97057,1,1455.261,781.9077,1455.73,782.5496
23.98229,1,1455.261,781.9077,1455.495,782.2286
23.99258,1,1455.261,781.9077,1455.378,782.0682
24.00346,1,1454.983,780.7875,1455.181,781.4279
24.01628,1,1454.983,780.7875,1455.082,781.1077
24.02469,1,1459.491,779.9233,1457.286,780.5155
24.03777,1,1459.491,779.9233,1458.389,780.2194
24.04933,1,1459.491,779.9233,1458.94,780.0714
24.05845,1,1465.932,780.3477,1462.436,780.2096
24.07215,1,1465.932,780.3477,1464.184,780.2787
24.08296,1,1465.932,780.3477,1465.058,780.3132
24.09614,1,1472.39,780.2331,1468.724,780.2732
24.10603,1,1472.39,780.2331,1470.557,780.2532
24.11645,1,1479.405,779.6964,1474.981,779.9747
24.12998,1,1479.405,779.6964,1477.193,779.8356
24.13706,1,1479.405,779.6964,1478.299,779.766
24.14939,1,1486.564,779.973,1482.432,779.8695
24.16002,1,1486.564,779.973,1484.498,779.9213
24.1708,1,1486.564,779.973,1485.531,779.9471
24.18106,1,1493.271,780.4377,1489.401,780.1924
24.19199,1,1493.271,780.4377,1491.336,780.3151
24.203,1,1493.271,780.4377,1492.303,780.3764
24.2158,1,1499.363,780.6035,1495.833,780.4899
24.22376,1,1499.363,780.6035,1497.598,780.5467
24.23653,1,1504.724,780.1179,1501.161,780.3323
24.24852,1,1504.724,780.1179,1502.942,780.2251
24.25774,1,1504.724,780.1179,1503.833,780.1715
24.26937,1,1508.293,779.2493,1506.063,779.7104
24.27995,1,1508.293,779.2493,1507.178,779.4799
24.2914,1,1508.293,779.2493,1507.736,779.3646
24.3008,1,1511.619,778.3165,1509.677,778.8406
24.31336,1,1511.619,778.3165,1510.648,778.5785
24.32282,1,1511.619,778.3165,1511.133,778.4475
24.33623,1,1513.745,777.6176,1512.439,778.0326
24.34779,1,1513.745,777.6176,1513.092,777.8251
24.35739,1,1515.443,776.8649,1514.268,777.345
24.36899,1,1515.443,776.8649,1514.855,777.105
24.3789,1,1515.443,776.8649,1515.149,776.985
24.39082,1,1517.042,776.2924,1516.095,776.6387
24.40057,1,1517.042,776.2924,1516.568,776.4655
24.41242,1,1517.042,776.2924,1516.805,776.3789
24.42132,1,1518.148,775.8373,1517.477,776.1082
24.43263,1,1518.148,775.8373,1517.812,775.9728
24.44164,1,1518.148,775.8373,1517.98,775.905
24.45417,1,1518.939,775.0987,1518.46,775.5018
24.46821,1,1518.939,775.0987,1518.699,775.3003
24.47508,1,1518.939,775.0987,1518.819,775.1995
24.48809,1,1519.453,774.6041,1519.136,774.9018
24.49927,1,1519.453,774.6041,1519.294,774.7529
24.51016,1,1520.198,773.9664,1519.746,774.3597
24.51954,1,1520.198,773.9664,1519.972,774.1631
24.53245,1,1520.198,773.9664,1520.085,774.0648
24.54147,1,1520.774,772.9329,1520.429,773.4988
24.55357,1,1520.774,772.9329,1520.601,773.2159
24.56674,1,1520.774,772.9329,1520.688,773.0744
24.57717,1,1521.064,772.131,1520.875,772.6027
24.58887,1,1521.064,772.131,1520.969,772.3668
24.59944,1,1521.952,770.9415,1521.461,771.6542
24.61133,1,1521.952,770.9415,1521.706,771.2979
24.62157,1,1521.952,770.9415,1521.829,771.1196
24.63353,1,1524.482,766.9716,1523.156,769.0457
24.64398,1,1524.482,766.9716,1523.819,768.0087
24.65497,1,1524.482,766.9716,1524.151,767.4901
24.66656,1,1527.875,762.3346,1526.013,764.9124
24.67542,1,1527.875,762.3346,1526.944,763.6235
24.68768,1,1527.875,762.3346,1527.409,762.979
24.69947,1,1530.446,758.123,1528.927,760.551
24.71176,1,1530.446,758.123,1529.687,759.337
24.72118,1,1532.982,753.7433,1531.334,756.5402
24.73241,1,1532.982,753.7433,1532.158,755.1417
24.7423,1,1532.982,753.7433,1532.57,754.4425
24.75487,1,1535.611,749.0256,1534.091,751.734
24.76877,1,1535.611,749.0256,1534.851,750.3798
24.77938,1,1535.611,749.0256,1535.231,749.7026
24.7902,1,1537.108,745.4935,1536.169,747.598
24.80056,1,1537.108,745.4935,1536.638,746.5458
24.81296,1,1538.078,742.7853,1537.358,744.6655
24.82133,1,1538.078,742.7853,1537.718,743.7254
24.83365,1,1538.078,742.7853,1537.898,743.2554
24.84229,1,1539.138,739.9054,1538.518,741.5804
24.85403,1,1539.138,739.9054,1538.828,740.7429
24.86395,1,1539.138,739.9054,1538.983,740.3242
24.87602,1,1539.472,737.8905,1539.228,739.1073
24.88413,1,1539.472,737.8905,1539.35,738.4989
24.89711,1,1539.472,737.8905,1539.411,738.1947
24.9066,1,1539.959,736.1205,1539.685,737.1576
24.91659,1,1539.959,736.1205,1539.822,736.639
24.92934,1,1539.959,736.1205,1539.891,736.3798
24.93834,1,1540.263,734.9313,1540.077,735.6555
24.95259,1,1540.263,734.9313,1540.17,735.2935
24.96311,1,1540.864,733.9565,1540.517,734.625
24.97394,1,1540.864,733.9565,1540.69,734.2908
24.98244,1,1540.864,733.9565,1540.777,734.1237
24.9969,1,1541.447,732.471,1541.112,733.2974
25.00387,1,1541.447,732.471,1541.279,732.8842
25.01628,1,1541.447,732.471,1541.363,732.6776
25.02582,1,1542.125,731.1625,1541.744,731.92
25.03651,1,1542.125,731.1625,1541.935,731.5413
25.04875,1,1542.125,731.1625,1542.03,731.3519
25.05888,1,1542.622,729.8881,1542.326,730.62
25.07179,1,1542.622,729.8881,1542.474,730.254
25.08098,1,1542.622,729.8881,1542.548,730.071
25.09468,1,1542.935,728.9081,1542.741,729.4896
25.10407,1,1542.935,728.9081,1542.838,729.1989
25.11573,1,1542.598,728.5091,1542.718,728.854
25.1264,1,1542.598,728.5091,1542.658,728.6815
25.15303,1,1542.046,728.0256,1542.352,728.3535
25.15984,1,1542.046,728.0256,1542.199,728.1896
25.16716,1,1542.046,728.0256,1542.122,728.1075
25.17908,1,1541.134,727.6307,1541.628,727.8691
25.18855,1,1541.134,727.6307,1541.381,727.7499
25.19925,1,1541.134,727.6307,1541.258,727.6903
25.21115,1,1539.932,726.7891,1540.595,727.2397
25.2208,1,1539.932,726.7891,1540.263,727.0144
25.23403,1,1536.536,723.0894,1538.4,725.0519
25.24284,1,1536.536,723.0894,1537.468,724.0706
25.254,1,1536.536,723.0894,1537.002,723.58
25.26652,1,1531.799,716.4042,1534.401,719.9921
25.27543,1,1531.799,716.4042,1533.1,718.1981
25.28823,1,1531.799,716.4042,1532.45,717.3011
25.29783,1,1526.698,709.7383,1529.574,713.5198
25.31201,1,1526.698,709.7383,1528.136,711.629
25.32188,1,1526.698,709.7383,1527.417,710.6837
25.33381,1,1520.915,704.2974,1524.166,707.4905
25.3445,1,1520.915,704.2974,1522.54,705.8939
25.35549,1,1516.07,699.4454,1519.305,702.6697
25.3661,1,1516.07,699.4454,1517.688,701.0576
25.37758,1,1516.07,699.4454,1516.879,700.2515
25.38784,1,1510.974,694.6591,1513.927,697.4553
25.39852,1,1510.974,694.6591,1512.451,696.0571
25.4113,1,1510.974,694.6591,1511.713,695.3581
25.42098,1,1506.692,691.0753,1509.202,693.2167
25.43347,1,1506.692,691.0753,1507.947,692.146
25.44412,1,1506.692,691.0753,1507.319,691.6107
25.45564,1,1503.975,688.6067,1505.647,690.1086
25.46593,1,1503.975,688.6067,1504.811,689.3577
25.47527,1,1501.393,685.9162,1503.102,687.637
25.48733,1,1501.393,685.9162,1502.247,686.7766
25.501,1,1501.393,685.9162,1501.82,686.3464
25.51374,1,1454.501,693.4571,1478.161,689.9017
25.5247,1,1454.501,693.4571,1466.331,691.6794
25.53605,1,1215.311,731.2571,1340.821,711.4683
25.55055,1,1215.311,731.2571,1278.066,721.3627
25.5591,1,1215.311,731.2571,1246.688,726.3099
25.57049,1,843.5576,774.0833,1045.123,750.1966
25.58058,1,843.5576,774.0833,944.3403,762.1399
25.59109,1,843.5576,774.0833,893.949,768.1116
25.60069,1,618.5326,793.5499,756.2408,780.8307
25.61282,1,618.5326,793.5499,687.3867,787.1903
25.62335,1,618.5326,793.5499,652.9597,790.3701
25.63586,1,518.9505,803.1782,585.9551,796.7742
25.65075,1,518.9505,803.1782,552.4528,799.9762
25.66676,1,475.0811,805.3753,513.767,802.6758
25.67259,1,475.0811,805.3753,494.424,804.0255
25.68124,1,475.0811,805.3753,484.7526,804.7004
25.69293,1,453.6436,808.9754,469.1981,806.8379
25.70342,1,453.6436,808.9754,461.4208,807.9066
25.71511,1,453.6436,808.9754,457.5322,808.441
25.72675,1,444.9778,809.1953,451.255,808.8181
25.73714,1,444.9778,809.1953,448.1164,809.0067
25.7494,1,438.1119,810.4767,443.1141,809.7417
25.75892,1,438.1119,810.4767,440.613,810.1092
25.77007,1,438.1119,810.4767,439.3624,810.293
25.78139,1,435.2501,811.6191,437.3063,810.9561
25.79263,1,435.2501,811.6191,436.2782,811.2876
25.8031,1,435.2501,811.6191,435.7642,811.4534
25.81603,1,445.4019,774.7565,440.583,793.105
25.82459,1,445.4019,774.7565,442.9924,783.9308
25.83766,1,465.1498,704.165,454.0711,744.0479
25.84912,1,465.1498,704.165,459.6105,724.1064
25.85785,1,465.1498,704.165,462.3801,714.1357
25.8707,1,482.4621,639.6008,472.4211,676.8683
25.88008,1,482.4621,639.6008,477.4416,658.2345
25.89181,1,482.4621,639.6008,479.9518,648.9176
25.90426,1,495.2373,593.9325,487.5946,621.425
25.91765,1,495.2373,593.9325,491.416,607.6788
25.92689,1,495.2373,593.9325,493.3266,600.8057
25.93651,1,502.1517,566.3717,497.7392,583.5887
25.9508,1,502.1517,566.3717,499.9454,574.9802
25.95955,1,551.6113,553.263,525.7784,564.1216
25.97219,1,551.6113,553.263,538.6948,558.6923
25.98184,1,551.6113,553.263,545.1531,555.9777
25.9924,1,670.0353,555.57,607.5942,555.7738
26.00411,1,670.0353,555.57,638.8148,555.6719
26.0169,1,670.0353,555.57,654.425,555.621
26.02791,1,898.686,560.8395,776.5555,558.2302
26.03768,1,898.686,560.8395,837.6207,559.5349
26.05005,1,1119.13,570.4313,978.3754,564.9831
26.0593,1,1119.13,570.4313,1048.753,567.7072
26.07088,1,1119.13,570.4313,1083.941,569.0693
26.08237,1,1235.766,578.8693,1159.854,573.9692
26.094,1,1235.766,578.8693,1197.81,576.4193
26.10379,1,1235.766,578.8693,1216.788,577.6443
26.11658,1,1294.747,583.5438,1255.767,580.594
26.12687,1,1294.747,583.5438,1275.257,582.0688
26.13665,1,1294.747,583.5438,1285.002,582.8063
26.14898,1,1329.885,581.9885,1307.443,582.3973
26.15892,1,1329.885,581.9885,1318.664,582.1929
26.17095,1,1371.709,586.9728,1345.186,584.5829
26.18175,1,1371.709,586.9728,1358.448,585.7778
26.19441,1,1371.709,586.9728,1365.078,586.3754
26.20637,1,1398.513,591.3239,1381.795,588.8496
26.21646,1,1398.513,591.3239,1390.154,590.0867
26.22732,1,1398.513,591.3239,1394.333,590.7053
26.23863,1,1413.269,592.6389,1403.801,591.6721
26.25452,1,1413.269,592.6389,1408.535,592.1555
26.26469,1,1423.744,590.3911,1416.14,591.2733
26.28074,1,1423.744,590.3911,1419.942,590.8322
26.29239,1,1428.588,587.291,1424.265,589.0615
26.29999,1,1428.588,587.291,1426.427,588.1763
26.31151,1,1428.588,587.291,1427.508,587.7336
26.32021,1,1432.089,588.2256,1429.798,587.9796
26.33159,1,1432.089,588.2256,1430.943,588.1027
26.34114,1,1432.089,588.2256,1431.516,588.1642
26.35055,1,1433.406,588.4261,1432.461,588.2952
26.36113,1,1433.406,588.4261,1432.934,588.3606
26.37231,1,1433.406,588.4261,1433.17,588.3933
26.38334,1,1434.034,586.3932,1433.602,587.3933
26.39887,1,1434.034,586.3932,1433.818,586.8933
26.40618,1,1434.034,586.3932,1433.926,586.6433
26.41596,1,1434.259,585.5145,1434.093,586.0789
26.4276,1,1434.259,585.5145,1434.176,585.7966
26.43746,1,1434.259,585.5145,1434.218,585.6555
26.45023,1,1433.6,584.1295,1433.909,584.8925
26.45968,1,1433.6,584.1295,1433.755,584.511
26.47184,1,1432.622,583.6984,1433.188,584.1047
26.48151,1,1432.622,583.6984,1432.905,583.9016
26.49349,1,1432.622,583.6984,1432.763,583.8
26.50349,1,1431.986,582.979,1432.374,583.3895
26.51594,1,1431.986,582.979,1432.18,583.1843
26.52444,1,1431.986,582.979,1432.083,583.0817
26.53627,1,1431.836,582.0317,1431.96,582.5567
26.54803,1,1431.836,582.0317,1431.898,582.2942
26.55764,1,1431.836,582.0317,1431.867,582.163
26.57047,1,1431.307,581.529,1431.587,581.8459
26.58026,1,1431.307,581.529,1431.447,581.6875
26.5911,1,1431.307,581.529,1431.377,581.6083
26.60155,1,1430.675,580.5101,1431.026,581.0592
26.61426,1,1430.675,580.5101,1430.851,580.7847
26.62301,1,1430.13,579.6778,1430.49,580.2312
26.63567,1,1430.13,579.6778,1430.31,579.9545
26.64712,1,1430.13,579.6778,1430.22,579.8162
26.65669,1,1429.692,578.7957,1429.956,579.3059
26.6679,1,1429.692,578.7957,1429.824,579.0508
26.68003,1,1429.692,578.7957,1429.758,578.9232
26.68921,1,1428.941,578.3683,1429.349,578.6458
26.70015,1,1428.941,578.3683,1429.145,578.507
26.71119,1,1428.941,578.3683,1429.043,578.4376
26.72097,1,1428.708,578.4933,1428.876,578.4655
26.73412,1,1428.708,578.4933,1428.792,578.4794
26.74282,1,1428.708,578.4933,1428.75,578.4863
26.75516,1,1428.455,578.9537,1428.603,578.72
26.76649,1,1428.455,578.9537,1428.529,578.8369
26.77506,1,1428.599,579.6689,1428.564,579.2529
26.78641,1,1428.599,579.6689,1428.581,579.4609
26.79758,1,1428.599,579.6689,1428.59,579.5649
26.80844,1,1430.23,581.8078,1429.41,580.6864
26.82358,1,1430.23,581.8078,1429.82,581.2471
26.83734,1,1433.727,586.0146,1431.774,583.6309
26.84443,1,1433.727,586.0146,1432.75,584.8228
26.85592,1,1433.727,586.0146,1433.239,585.4187
26.86739,1,1438.207,590.8682,1435.723,588.1434
26.87605,1,1438.207,590.8682,1436.965,589.5059
26.89153,1,1438.207,590.8682,1437.586,590.187
26.90645,1,1441.932,595.0897,1439.759,592.6383
26.91396,1,1441.932,595.0897,1440.846,593.864
26.92309,1,1441.932,595.0897,1441.389,594.4768
26.93648,1,1446.178,599.5729,1443.784,597.0248
26.94836,1,1446.178,599.5729,1444.981,598.2988
26.95758,1,1449.524,603.3743,1447.253,600.8365
26.96932,1,1449.524,603.3743,1448.388,602.1055
26.97935,1,1449.524,603.3743,1448.956,602.7399
26.99037,1,1451.88,607.0353,1450.418,604.8876
27.0008,1,1451.88,607.0353,1451.149,605.9614
27.0153,1,1453.844,609.9904,1452.496,607.976
27.02215,1,1453.844,609.9904,1453.17,608.9832
27.04796,1,1455.039,612.1429,1454.104,610.563
27.05704,1,1455.039,612.1429,1454.572,611.3529
27.06305,1,1455.039,612.1429,1454.805,611.7479
27.07306,1,1455.039,612.1429,1454.922,611.9454
27.08693,1,1456.881,614.2751,1455.902,613.1103
27.09701,1,1456.881,614.2751,1456.392,613.6927
27.10872,1,1457.788,615.4197,1457.09,614.5563
27.11919,1,1457.788,615.4197,1457.439,614.988
27.13214,1,1457.788,615.4197,1457.613,615.2039
27.14129,1,1448.505,631.2673,1453.059,623.2356
27.15323,1,1448.505,631.2673,1450.782,627.2515
27.16343,1,1448.505,631.2673,1449.643,629.2594
27.17431,1,1429.316,666.1274,1439.48,647.6934
27.18487,1,1429.316,666.1274,1434.398,656.9104
27.19697,1,1412.021,698.6423,1423.209,677.7764
27.20661,1,1412.021,698.6423,1417.615,688.2094
27.21609,1,1412.021,698.6423,1414.818,693.4258
27.22738,1,1398.248,721.6333,1406.533,707.5295
27.23829,1,1398.248,721.6333,1402.39,714.5814
27.25014,1,1398.248,721.6333,1400.319,718.1074
27.25881,1,1387.578,736.1824,1393.948,727.1449
27.27186,1,1387.578,736.1824,1390.763,731.6636
27.28314,1,1387.578,736.1824,1389.17,733.923
27.29329,1,1383.633,747.407,1386.402,740.665
27.30452,1,1383.633,747.407,1385.017,744.036
27.31716,1,1380.521,754.6987,1382.769,749.3674
27.32477,1,1380.521,754.6987,1381.645,752.0331
27.33796,1,1380.521,754.6987,1381.083,753.3659
27.34968,1,1378.182,762.0916,1379.632,757.7288
27.35822,1,1378.182,762.0916,1378.907,759.9102
27.37185,1,1378.182,762.0916,1378.544,761.0009
27.38281,1,1377.331,767.7629,1377.938,764.3819
27.39409,1,1377.331,767.7629,1377.634,766.0724
27.40443,1,1377.331,767.7629,1377.483,766.9177
27.4171,1,1377.419,771.2531,1377.451,769.0854
27.42905,1,1377.419,771.2531,1377.435,770.1693
27.4378,1,1377.419,771.2531,1377.427,770.7112
27.45044,1,1378.414,774.5699,1377.92,772.6405
27.45938,1,1378.414,774.5699,1378.167,773.6052
27.47115,1,1379.727,777.9155,1378.947,775.7604
27.48161,1,1379.727,777.9155,1379.337,776.8379
27.49279,1,1379.727,777.9155,1379.532,777.3767
27.50296,1,1380.028,780.8585,1379.78,779.1176
27.51491,1,1380.028,780.8585,1379.904,779.988
27.52352,1,1380.028,780.8585,1379.966,780.4232
27.53604,1,1381.004,782.9194,1380.485,781.6713
27.54707,1,1381.004,782.9194,1380.744,782.2954
27.55557,1,1381.004,782.9194,1380.874,782.6074
27.5685,1,1382.689,784.7521,1381.781,783.6797
27.58016,1,1382.689,784.7521,1382.235,784.2159
27.59106,1,1383.982,786.3669,1383.109,785.2914
27.60069,1,1383.982,786.3669,1383.545,785.8291
27.6129,1,1383.982,786.3669,1383.764,786.098
27.62156,1,1385.32,787.9879,1384.542,787.043
27.63382,1,1385.32,787.9879,1384.931,787.5154
27.6466,1,1385.32,787.9879,1385.126,787.7516
27.6568,1,1385.307,787.92,1385.217,787.8358
27.66886,1,1385.307,787.92,1385.262,787.8779
27.67933,1,1362.002,760.741,1373.632,774.3094
27.6905,1,1362.002,760.741,1367.817,767.5252
27.70103,1,1362.002,760.741,1364.91,764.1331
27.71379,1,1251.667,596.4691,1308.288,680.3011
27.72211,1,1251.667,596.4691,1279.977,638.3851
27.73511,1,1251.667,596.4691,1265.822,617.4271
27.74716,1,1153.552,442.831,1209.687,530.1291
27.75583,1,1153.552,442.831,1181.62,486.48
27.76813,1,1153.552,442.831,1167.586,464.6555
27.77924,1,1098.649,368.1942,1133.117,416.4248
27.78907,1,1098.649,368.1942,1115.883,392.3095
27.79975,1,1098.649,368.1942,1107.266,380.2518
27.81358,1,1071.339,333.5637,1089.303,356.9077
27.82277,1,1071.339,333.5637,1080.321,345.2357
27.83423,1,1058.618,316.5001,1069.47,330.8679
27.84486,1,1058.618,316.5001,1064.044,323.684
27.85372,1,1058.618,316.5001,1061.331,320.092
27.86477,1,1052.486,302.0974,1056.909,311.0947
27.87603,1,1052.486,302.0974,1054.698,306.5961
27.88903,1,1052.486,302.0974,1053.592,304.3467
27.90066,1,1048.083,296.8195,1050.837,300.5831
27.92284,1,1045.321,293.294,1048.079,296.9386
27.93094,1,1045.321,293.294,1046.7,295.1163
27.93702,1,1045.321,293.294,1046.011,294.2052
27.94885,1,1045.321,293.294,1045.666,293.7496
27.95812,1,1036.093,314.6907,1040.879,304.2202
27.97033,1,1036.093,314.6907,1038.486,309.4554
27.98085,1,1036.093,314.6907,1037.289,312.0731
27.9924,1,1041.416,357.7386,1039.353,334.9059
28.00291,1,1041.416,357.7386,1040.385,346.3223
28.01647,1,1137.465,481.317,1088.925,413.8196
28.02403,1,1137.465,481.317,1113.195,447.5683
28.03631,1,1137.465,481.317,1125.33,464.4426
28.04813,1,1286.475,629.2691,1205.902,546.8558
28.05688,1,1286.475,629.2691,1246.189,588.0625
28.06898,1,1286.475,629.2691,1266.332,608.6658
28.07922,1,1373.531,717.243,1319.932,662.9543
28.08957,1,1373.531,717.243,1346.732,690.0986
28.09921,1,1373.531,717.243,1360.132,703.6708
28.1123,1,1414.213,756.7292,1387.172,730.2
28.12124,1,1414.213,756.7292,1400.693,743.4646
28.13288,1,1431.788,777.973,1416.24,760.7188
28.14272,1,1431.788,777.973,1424.014,769.3458
28.15229,1,1431.788,777.973,1427.901,773.6594
28.16384,1,1442.5,789.9618,1435.2,781.8106
28.17907,1,1442.5,789.9618,1438.85,785.8862
28.1873,1,1442.5,789.9618,1440.675,787.924
28.19757,1,1444.429,795.1441,1442.552,791.5341
28.20852,1,1444.429,795.1441,1443.49,793.3391
28.21993,1,1444.429,795.1441,1443.96,794.2416
28.232,1,1431.052,797.5005,1437.506,795.871
28.24208,1,1431.052,797.5005,1434.279,796.6858
28.2545,1,1422.35,797.3483,1428.315,797.017
28.26602,1,1422.35,797.3483,1425.333,797.1826
28.27421,1,1422.35,797.3483,1423.842,797.2654
28.28713,1,1417.483,796.7416,1420.662,797.0035
28.2973,1,1417.483,796.7416,1419.073,796.8726
28.30822,1,1417.483,796.7416,1418.278,796.8071
28.31888,1,1413.782,795.875,1416.03,796.3411
28.33182,1,1413.782,795.875,1414.906,796.108
28.34062,1,1413.782,795.875,1414.344,795.9915
28.35579,1,1388.716,795.9149,1401.53,795.9532
28.36794,1,1388.716,795.9149,1395.123,795.9341
28.37866,1,1294.923,802.6323,1345.023,799.2832
28.39028,1,1294.923,802.6323,1319.973,800.9578
28.40017,1,1294.923,802.6323,1307.448,801.795
28.41407,1,1145.474,812.5904,1226.461,807.1927
28.423,1,1145.474,812.5904,1185.968,809.8916
28.43545,1,1033.861,823.0988,1109.915,816.4952
28.44474,1,1033.861,823.0988,1071.888,819.797
28.45495,1,1033.861,823.0988,1052.875,821.4479
28.47023,1,963.8932,828.4938,1008.384,824.9708
28.47705,1,963.8932,828.4938,986.1385,826.7323
28.48934,1,963.8932,828.4938,975.0159,827.613
28.49885,1,924.4222,831.4589,949.7191,829.536
28.51021,1,924.4222,831.4589,937.0707,830.4974
28.52336,1,924.4222,831.4589,930.7465,830.9781
28.53523,1,902.6523,833.8242,916.6994,832.4011
28.54665,1,902.6523,833.8242,909.6759,833.1127
28.56257,1,931.9194,825.9406,920.7977,829.5266
28.57249,1,931.9194,825.9406,926.3585,827.7336
28.58046,1,931.9194,825.9406,929.139,826.837
28.59138,1,979.015,819.9258,954.077,823.3814
28.60643,1,979.015,819.9258,966.546,821.6536
28.61834,1,1046.331,811.9956,1006.439,816.8246
28.62829,1,1046.331,811.9956,1026.385,814.4101
28.63756,1,1046.331,811.9956,1036.358,813.2029
28.64999,1,1150.366,797.5434,1093.362,805.3732
28.65883,1,1150.366,797.5434,1121.864,801.4583
28.67132,1,1150.366,797.5434,1136.115,799.5009
28.68201,1,1236.733,785.3936,1186.424,792.4473
28.69345,1,1236.733,785.3936,1211.578,788.9204
28.7036,1,1236.733,785.3936,1224.156,787.157
28.71602,1,1295.245,777.9711,1259.7,782.564
28.72701,1,1295.245,777.9711,1277.472,780.2676
28.7374,1,1332.005,772.9369,1304.739,776.6022
28.75006,1,1332.005,772.9369,1318.372,774.7695
28.75804,1,1332.005,772.9369,1325.189,773.8532
28.77087,1,1349.753,769.6263,1337.471,771.7397
28.78078,1,1349.753,769.6263,1343.612,770.683
28.79206,1,1349.753,769.6263,1346.683,770.1547
28.80322,1,1359.965,769.3976,1353.324,769.7761
28.81493,1,1359.965,769.3976,1356.645,769.5869
28.82414,1,1359.965,769.3976,1358.305,769.4922
28.8364,1,1365.936,767.9865,1362.12,768.7394
28.84946,1,1365.936,767.9865,1364.028,768.3629
28.85906,1,1369.966,766.7587,1366.997,767.5608
28.87181,1,1369.966,766.7587,1368.481,767.1598
28.88125,1,1369.966,766.7587,1369.224,766.9592
28.89267,1,1371.842,765.1329,1370.533,766.046
28.90301,1,1371.842,765.1329,1371.188,765.5895
28.91561,1,1371.842,765.1329,1371.515,765.3612
28.92605,1,1373.508,764.623,1372.512,764.9921
28.93589,1,1373.508,764.623,1373.01,764.8075
28.94979,1,1371.065,763.7529,1372.038,764.2802
28.95856,1,1371.065,763.7529,1371.552,764.0165
28.97158,1,1371.065,763.7529,1371.308,763.8846
28.98306,1,1333.241,761.7379,1352.275,762.8113
28.99535,1,1333.241,761.7379,1342.758,762.2746
29.00411,1,1333.241,761.7379,1338,762.0062
29.01706,1,1101.399,753.9698,1219.699,757.988
29.02679,1,1101.399,753.9698,1160.549,755.9789
29.03739,1,1101.399,753.9698,1130.974,754.9744
29.04996,1,812.0921,748.518,971.533,751.7462
29.05968,1,812.0921,748.518,891.8125,750.1321
29.07158,1,646.3652,745.2247,769.0889,747.6784
29.08203,1,646.3652,745.2247,707.7271,746.4515
29.09524,1,646.3652,745.2247,677.0461,745.8381
29.10388,1,568.2587,741.7514,622.6524,743.7948
29.11702,1,568.2587,741.7514,595.4556,742.7731
29.1267,1,568.2587,741.7514,581.8571,742.2622
29.13659,1,532.4557,740.3397,557.1564,741.301
29.14939,1,532.4557,740.3397,544.8061,740.8203
29.15859,1,532.4557,740.3397,538.6309,740.58
29.17112,1,532.2771,737.6835,535.454,739.1317
29.18148,1,532.2771,737.6835,533.8655,738.4076
29.19119,1,616.4724,734.0012,575.1689,736.2044
29.20262,1,616.4724,734.0012,595.8207,735.1028
29.2143,1,616.4724,734.0012,606.1465,734.552
29.22239,1,681.3911,735.3083,643.7688,734.9302
29.23504,1,681.3911,735.3083,662.58,735.1193
29.24478,1,681.3911,735.3083,671.9855,735.2137
29.26207,1,861.4843,740.5981,766.7349,737.9059
29.26879,1,861.4843,740.5981,814.1096,739.2521
29.28023,1,861.4843,740.5981,837.7969,739.9251
29.29082,1,1046.345,746.4506,942.0709,743.1879
29.30094,1,1046.345,746.4506,994.2079,744.8192
29.31365,1,1163.381,747.8617,1078.795,746.3405
29.32344,1,1163.381,747.8617,1121.088,747.1011
29.33644,1,1163.381,747.8617,1142.235,747.4814
29.34839,1,1225.797,751.012,1184.016,749.2467
29.35759,1,1225.797,751.012,1204.906,750.1293
29.36989,1,1225.797,751.012,1215.352,750.5707
29.37969,1,1258.332,749.1002,1236.842,749.8354
29.39254,1,1258.332,749.1002,1247.587,749.4678
29.40439,1,1278.047,748.6794,1262.817,749.0736
29.41252,1,1278.047,748.6794,1270.432,748.8765
29.41941,1,1278.047,748.6794,1274.24,748.778
29.432,1,1297.144,748.4127,1285.692,748.5953
29.44143,1,1297.144,748.4127,1291.418,748.504
29.45531,1,1297.144,748.4127,1294.281,748.4584
29.46596,1,1310.307,748.1882,1302.294,748.3232
29.47528,1,1310.307,748.1882,1306.301,748.2557
29.48723,1,1310.307,748.1882,1308.304,748.2219
29.49762,1,1318.309,748.9777,1313.306,748.5998
29.5087,1,1318.309,748.9777,1315.807,748.7887
29.52183,1,1318.309,748.9777,1317.058,748.8832
29.54355,1,1322.491,749.0239,1319.775,748.9535
29.55093,1,1322.491,749.0239,1321.133,748.9886
29.55951,1,1324.231,748.9386,1322.682,748.9636
29.56927,1,1324.231,748.9386,1323.456,748.9511
29.57926,1,1324.231,748.9386,1323.844,748.9448
29.593,1,1324.372,747.414,1324.108,748.1794
29.60074,1,1324.372,747.414,1324.24,747.7968
29.61338,1,1323.725,746.6761,1323.982,747.2365
29.62235,1,1323.725,746.6761,1323.854,746.9563
29.63548,1,1323.725,746.6761,1323.789,746.8162
29.64752,1,1323.36,745.9274,1323.575,746.3718
29.65531,1,1323.36,745.9274,1323.468,746.1497
29.66816,1,1323.36,745.9274,1323.414,746.0386
29.67924,1,1323.022,745.6112,1323.218,745.8249
29.69083,1,1323.022,745.6112,1323.12,745.718
29.70042,1,1323.022,745.6112,1323.071,745.6646
29.71498,1,1322.465,745.2576,1322.768,745.4611
29.72278,1,1322.465,745.2576,1322.617,745.3594
29.73463,1,1321.953,744.6892,1322.285,745.0243
29.74484,1,1321.953,744.6892,1322.119,744.8568
29.75618,1,1321.953,744.6892,1322.036,744.7729
29.76686,1,1320.994,743.9337,1321.515,744.3533
29.77769,1,1320.994,743.9337,1321.254,744.1434
29.79004,1,1320.994,743.9337,1321.124,744.0386
29.8001,1,1320.044,743.6953,1320.584,743.8669
29.81263,1,1320.044,743.6953,1320.314,743.7811
29.82075,1,1320.044,743.6953,1320.179,743.7382
29.8333,1,1319.308,743.2897,1319.743,743.5139
29.84357,1,1319.308,743.2897,1319.526,743.4018
29.85539,1,1318.813,742.4225,1319.169,742.9122
29.86475,1,1318.813,742.4225,1318.991,742.6674
29.8786,1,1318.813,742.4225,1318.902,742.5449
29.88617,1,1318.559,741.9507,1318.73,742.2478
29.89842,1,1318.559,741.9507,1318.644,742.0992
29.90929,1,1318.559,741.9507,1318.602,742.025
29.91965,1,1318.152,741.2069,1318.377,741.616
29.93315,1,1318.152,741.2069,1318.265,741.4114
29.9442,1,1318.152,741.2069,1318.208,741.3092
29.95621,1,1317.119,740.2698,1317.664,740.7896
29.96739,1,1317.119,740.2698,1317.391,740.5297
29.97792,1,1316.107,739.6996,1316.749,740.1146
29.98617,1,1316.107,739.6996,1316.428,739.9071
29.99666,1,1316.107,739.6996,1316.268,739.8033
30.00846,1,1314.967,739.3935,1315.618,739.5984
30.01723,1,1314.967,739.3935,1315.292,739.496
30.03105,1,1314.967,739.3935,1315.13,739.4447
30.03967,1,1313.291,738.8453,1314.21,739.145
30.05218,1,1313.291,738.8453,1313.75,738.9951
30.06275,1,1313.291,738.8453,1313.521,738.9202
30.07284,1,1311.523,737.97,1312.522,738.4451
30.08287,1,1311.523,737.97,1312.023,738.2075
30.095,1,1311.523,737.97,1311.773,738.0887
30.10412,1,1309.782,736.9735,1310.777,737.5311
30.11659,1,1309.782,736.9735,1310.28,737.2523
30.12642,1,1309.782,736.9735,1310.031,737.1129
30.13637,1,1308.125,735.7872,1309.078,736.4501
30.14961,1,1308.125,735.7872,1308.601,736.1187
30.15816,1,1305.805,734.7104,1307.203,735.4146
30.17053,1,1305.805,734.7104,1306.504,735.0625
30.18082,1,1305.805,734.7104,1306.155,734.8865
30.19158,1,1303.521,734.0562,1304.838,734.4713
30.20208,1,1303.521,734.0562,1304.179,734.2637
30.21399,1,1303.521,734.0562,1303.85,734.1599
30.22219,1,1301.259,732.98,1302.554,733.5699
30.23654,1,1301.259,732.98,1301.907,733.275
30.24645,1,1301.259,732.98,1301.583,733.1276
30.25459,1,1299.397,730.913,1300.49,732.0203
30.26679,1,1299.397,730.913,1299.943,731.4667
30.27984,1,1296.777,728.1801,1298.36,729.8234
30.29041,1,1296.777,728.1801,1297.569,729.0017
30.30023,1,1296.777,728.1801,1297.173,728.5909
30.31225,1,1294.322,726.3682,1295.748,727.4795
30.32181,1,1294.322,726.3682,1295.035,726.9238
30.3355,1,1294.322,726.3682,1294.679,726.646
30.34737,1,1292.115,725.6363,1293.397,726.1411
30.35507,1,1292.115,725.6363,1292.756,725.8887
30.36663,1,1292.115,725.6363,1292.436,725.7625
30.37756,1,1290.299,723.9832,1291.367,724.8728
30.38814,1,1290.299,723.9832,1290.833,724.428
30.39872,1,1288.522,722.5233,1289.678,723.4756
30.40999,1,1288.522,722.5233,1289.1,722.9995
30.41997,1,1288.522,722.5233,1288.811,722.7614
30.43291,1,1286.813,721.5339,1287.812,722.1477
30.44131,1,1286.813,721.5339,1287.313,721.8408
30.45422,1,1286.813,721.5339,1287.063,721.6874
30.46597,1,1285.708,720.4174,1286.385,721.0524
30.47445,1,1285.708,720.4174,1286.046,720.7349
30.48759,1,1285.708,720.4174,1285.877,720.5761
30.51262,1,1283.83,717.9337,1284.853,719.2549
30.5178,1,1283.83,717.9337,1284.342,718.5942
30.53058,1,1282.528,715.4336,1283.435,717.0139
30.54024,1,1282.528,715.4336,1282.981,716.2238
30.55268,1,1281.418,712.5586,1282.2,714.3912
30.56289,1,1281.418,712.5586,1281.809,713.4749
30.5738,1,1281.418,712.5586,1281.613,713.0167
30.58464,1,1280.153,710.2605,1280.883,711.6386
30.59674,1,1280.153,710.2605,1280.518,710.9496
30.60596,1,1280.153,710.2605,1280.336,710.605
30.61778,1,1279.13,707.9857,1279.733,709.2953
30.62972,1,1279.13,707.9857,1279.431,708.6405
30.63858,1,1279.13,707.9857,1279.281,708.3131
30.6515,1,1277.936,706.2515,1278.608,707.2823
30.66199,1,1277.936,706.2515,1278.272,706.767
30.67454,1,1277.336,704.6434,1277.804,705.7052
30.68347,1,1277.336,704.6434,1277.57,705.1743
30.6959,1,1277.336,704.6434,1277.453,704.9088
30.70649,1,1276.246,702.9896,1276.85,703.9492
30.71711,1,1276.246,702.9896,1276.548,703.4694
30.72955,1,1276.246,702.9896,1276.397,703.2295
30.73974,1,1275.481,702.0633,1275.939,702.6464
30.75118,1,1275.481,702.0633,1275.71,702.3549
30.76218,1,1274.804,701.0011,1275.257,701.678
30.78186,1,1274.804,701.0011,1275.031,701.3395
30.78844,1,1274.804,701.0011,1274.917,701.1703
30.79761,1,1273.884,700.21,1274.401,700.6902
30.8081,1,1273.884,700.21,1274.143,700.4501
30.8186,1,1273.884,700.21,1274.013,700.3301
30.83035,1,1273.198,699.249,1273.606,699.7896
30.83993,1,1273.198,699.249,1273.402,699.5193
30.85212,1,1272.499,698.0776,1272.951,698.7985
30.86277,1,1272.499,698.0776,1272.725,698.438
30.87362,1,1272.499,698.0776,1272.612,698.2578
30.88346,1,1271.162,696.5635,1271.887,697.4106
30.89561,1,1271.162,696.5635,1271.524,696.9871
30.90429,1,1271.162,696.5635,1271.343,696.7753
30.91643,1,1270.273,695.1323,1270.808,695.9537
30.92674,1,1270.273,695.1323,1270.541,695.543
30.93749,1,1270.273,695.1323,1270.407,695.3376
30.94893,1,1269.147,693.629,1269.777,694.4833
30.95931,1,1269.147,693.629,1269.462,694.0562
30.97053,1,1269.147,693.629,1269.304,693.8425
30.98104,1,1267.613,691.6964,1268.459,692.7695
30.99432,1,1267.613,691.6964,1268.036,692.2329
31.00321,1,1265.76,689.4669,1266.898,690.8499
31.01609,1,1265.76,689.4669,1266.329,690.1584
31.02453,1,1265.76,689.4669,1266.044,689.8127
31.0373,1,1264.2,688.2017,1265.122,689.0072
31.04973,1,1264.2,688.2017,1264.661,688.6045
31.05832,1,1264.2,688.2017,1264.43,688.4031
31.07068,1,1262.733,686.7946,1263.582,687.5988
31.08139,1,1262.733,686.7946,1263.157,687.1967
31.09237,1,1262.733,686.7946,1262.945,686.9956
31.10311,1,1261.196,685.181,1262.071,686.0883
31.11588,1,1261.196,685.181,1261.633,685.6346
31.12475,1,1259.413,683.4619,1260.523,684.5483
31.13693,1,1259.413,683.4619,1259.968,684.0051
31.14804,1,1259.413,683.4619,1259.69,683.7335
31.15761,1,1257.541,682.4263,1258.616,683.08
31.17063,1,1257.541,682.4263,1258.078,682.7532
31.18099,1,1257.541,682.4263,1257.81,682.5897
31.19283,1,1255.592,680.2359,1256.701,681.4128
31.20421,1,1255.592,680.2359,1256.146,680.8243
31.2183,1,1254.091,677.8701,1255.119,679.3472
31.22914,1,1254.091,677.8701,1254.605,678.6086
31.23783,1,1254.091,677.8701,1254.348,678.2394
31.24932,1,1252.344,676.0803,1253.346,677.1599
31.26036,1,1252.344,676.0803,1252.845,676.6201
31.27138,1,1252.344,676.0803,1252.595,676.3502
31.28156,1,1250.491,674.552,1251.543,675.4511
31.29323,1,1250.491,674.552,1251.017,675.0016
31.30298,1,1250.491,674.552,1250.754,674.7768
31.31527,1,1248.145,672.4539,1249.45,673.6154
31.32447,1,1248.145,672.4539,1248.797,673.0347
31.33868,1,1245.888,670.7668,1247.343,671.9008
31.34799,1,1245.888,670.7668,1246.615,671.3337
31.35799,1,1245.888,670.7668,1246.252,671.0503
31.37454,1,1244.545,669.3837,1245.398,670.217
31.38829,1,1244.545,669.3837,1244.971,669.8003
31.39944,1,1243.375,667.8904,1244.173,668.8453
31.40959,1,1243.375,667.8904,1243.774,668.3679
31.41579,1,1243.375,667.8904,1243.574,668.1292
31.42984,1,1241.435,666.9837,1242.505,667.5564
31.43909,1,1241.435,666.9837,1241.97,667.27
31.45032,1,1241.435,666.9837,1241.702,667.1268
31.45856,1,1239.694,666.2042,1240.698,666.6655
31.47198,1,1239.694,666.2042,1240.196,666.4348
31.48218,1,1239.694,666.2042,1239.945,666.3195
31.4933,1,1238.555,665.3109,1239.25,665.8152
31.50325,1,1238.555,665.3109,1238.902,665.563
31.51585,1,1238.555,665.3109,1238.729,665.437
31.52765,1,1237.775,665.0377,1238.252,665.2374
31.53663,1,1237.775,665.0377,1238.013,665.1376
31.54964,1,1236.589,665.0696,1237.302,665.1036
31.55914,1,1236.589,665.0696,1236.946,665.0867
31.57123,1,1236.589,665.0696,1236.768,665.0781
31.58163,1,1205.805,664.7655,1221.286,664.9218
31.59293,1,1205.805,664.7655,1213.546,664.8436
31.60367,1,1205.805,664.7655,1209.676,664.8046
31.61555,1,1050.928,673.0482,1130.302,668.9264
31.62617,1,1050.928,673.0482,1090.615,670.9873
31.63666,1,842.5923,687.3655,966.6035,679.1764
31.65015,1,842.5923,687.3655,904.5979,683.271
31.65792,1,842.5923,687.3655,873.5951,685.3182
31.67044,1,708.9002,700.7994,791.2477,693.0588
31.68145,1,708.9002,700.7994,750.074,696.9291
31.70172,1,636.0794,707.0558,693.0767,701.9924
31.70865,1,636.0794,707.0558,664.578,704.5241
31.71893,1,636.0794,707.0558,650.3287,705.7899
31.73064,1,599.3986,708.8845,624.8636,707.3372
31.73897,1,599.3986,708.8845,612.1311,708.1108
31.75068,1,599.3986,708.8845,605.7649,708.4977
31.76148,1,579.4595,710.6913,592.6122,709.5945
31.77207,1,579.4595,710.6913,586.0358,710.1429
31.78251,1,579.4595,710.6913,582.7477,710.4171
31.79296,1,567.4188,711.4597,575.0833,710.9384
31.80377,1,567.4188,711.4597,571.251,711.1991
31.81536,1,567.4188,711.4597,569.335,711.3294
31.82475,1,560.1111,713.4739,564.723,712.4017
31.83711,1,560.1111,713.4739,562.4171,712.9378
31.84776,1,560.1111,713.4739,561.264,713.2059
31.85657,1,556.3665,713.1475,558.8152,713.1767
31.86918,1,556.3665,713.1475,557.5908,713.1621
31.88133,1,555.4763,712.6756,556.5336,712.9188
31.89711,1,555.4763,712.6756,556.0049,712.7972
31.90785,1,555.4763,712.6756,555.7406,712.7365
31.91623,1,554.5176,713.3274,555.1292,713.0319
31.92665,1,554.5176,713.3274,554.8234,713.1797
31.93679,1,554.5176,713.3274,554.6705,713.2535
31.9494,1,553.0728,714.5136,553.8717,713.8835
31.95728,1,553.0728,714.5136,553.4723,714.1986
31.97043,1,555.6854,709.3433,554.5789,711.7709
31.98054,1,555.6854,709.3433,555.1321,710.5571
31.99094,1,555.6854,709.3433,555.4087,709.9502
32.00072,1,604.8015,647.0654,580.1051,678.5078
32.01337,1,604.8015,647.0654,592.4533,662.7866
32.02188,1,604.8015,647.0654,598.6274,654.926
32.03453,1,701.9317,520.6105,650.2795,587.7682
32.04729,1,701.9317,520.6105,676.1056,554.1893
32.05655,1,701.9317,520.6105,689.0187,537.3999
32.06851,1,770.5126,430.0345,729.7656,483.7172
32.07893,1,770.5126,430.0345,750.1392,456.8759
32.08929,1,770.5126,430.0345,760.3259,443.4552
32.09991,1,809.6558,380.0518,784.9908,411.7535
32.11257,1,809.6558,380.0518,797.3233,395.9026
32.11945,1,809.6558,380.0518,803.4895,387.9772
32.13319,1,830.1929,357.7751,816.8412,372.8762
32.14095,1,830.1929,357.7751,823.517,365.3256
32.15333,1,842.4366,344.0204,832.9768,354.673
32.1648,1,842.4366,344.0204,837.7067,349.3467
32.17549,1,842.4366,344.0204,840.0717,346.6835
32.18487,1,848.386,334.2907,844.2288,340.4871
32.19807,1,848.386,334.2907,846.3074,337.3889
32.2078,1,848.386,334.2907,847.3467,335.8398
32.21857,1,851.3951,328.7811,849.3708,332.3105
32.23132,1,851.3951,328.7811,850.3829,330.5458
32.24123,1,852.5816,325.5206,851.4823,328.0332
32.25321,1,852.5816,325.5206,852.032,326.7769
32.2634,1,852.5816,325.5206,852.3068,326.1488
32.27476,1,854.5948,325.5311,853.4508,325.8399
32.28682,1,854.5948,325.5311,854.0228,325.6855
32.29742,1,854.5948,325.5311,854.3088,325.6083
32.3102,1,855.894,323.7737,855.1014,324.691
32.32159,1,855.894,323.7737,855.4977,324.2324
32.33261,1,856.4219,323.1368,855.9598,323.6846
32.34675,1,856.4219,323.1368,856.1909,323.4107
32.35548,1,856.4219,323.1368,856.3064,323.2737
32.368,1,846.1497,333.1208,851.228,328.1973
32.37891,1,846.1497,333.1208,848.6888,330.6591
32.392,1,846.1497,333.1208,847.4193,331.89
32.40045,1,788.5208,394.119,817.97,363.0045
32.4107,1,788.5208,394.119,803.2454,378.5618
32.42152,1,788.5208,394.119,795.8831,386.3404
32.43464,1,661.7784,525.173,728.8307,455.7567
32.44659,1,661.7784,525.173,695.3046,490.4648
32.4562,1,573.5552,618.6093,634.4299,554.5371
32.46931,1,573.5552,618.6093,603.9926,586.5732
32.48097,1,573.5552,618.6093,588.7739,602.5913
32.4919,1,527.2352,666.5461,558.0045,634.5687
32.50224,1,527.2352,666.5461,542.6199,650.5574
32.51537,1,505.7014,689.5497,524.1606,670.0536
32.52448,1,505.7014,689.5497,514.931,679.8016
32.53449,1,505.7014,689.5497,510.3162,684.6757
32.54644,1,492.8528,703.0724,501.5845,693.874
32.55514,1,492.8528,703.0724,497.2186,698.4732
32.56797,1,492.8528,703.0724,495.0357,700.7728
32.57594,1,485.5306,711.7784,490.2831,706.2756
32.59314,1,485.5306,711.7784,487.9069,709.027
32.60096,1,485.5306,711.7784,486.7187,710.4027
32.61399,1,482.3783,717.1231,484.5485,713.7629
32.62234,1,482.3783,717.1231,483.4634,715.443
32.63515,1,480.2036,720.6096,481.8335,718.0263
32.64786,1,480.2036,720.6096,481.0186,719.318
32.65488,1,480.2036,720.6096,480.6111,719.9638
32.66825,1,479.4034,724.4443,480.0072,722.2041
32.68133,1,479.4034,724.4443,479.7053,723.3242
32.69046,1,479.4034,724.4443,479.5543,723.8843
32.7005,1,478.7871,726.4789,479.1707,725.1816
32.71454,1,478.7871,726.4789,478.9789,725.8303
32.72175,1,478.7871,726.4789,478.883,726.1547
32.73499,1,477.8464,727.1655,478.3647,726.66
32.74857,1,477.8464,727.1655,478.1056,726.9127
32.75568,1,492.0837,715.3757,485.0947,721.1442
32.76734,1,492.0837,715.3757,488.5892,718.26
32.7783,1,492.0837,715.3757,490.3364,716.8179
32.79025,1,598.3793,611.3196,544.3579,664.0687
32.79984,1,598.3793,611.3196,571.3687,637.6942
32.81339,1,598.3793,611.3196,584.874,624.5068
32.82305,1,769.0974,437.5597,676.9857,531.0333
32.83547,1,769.0974,437.5597,723.0415,484.2965
32.84612,1,867.8263,336.1933,795.4339,410.2449
32.85585,1,867.8263,336.1933,831.6301,373.2191
32.87746,1,915.7367,284.4241,873.6834,328.8216
32.88295,1,915.7367,284.4241,894.7101,306.6228
32.89185,1,915.7367,284.4241,905.2234,295.5234
32.90183,1,915.7367,284.4241,910.48,289.9738
32.91475,1,936.431,265.8348,923.4556,277.9043
32.92352,1,936.431,265.8348,929.9433,271.8695
32.93587,1,945.7465,258.4927,937.8449,265.1811
32.94749,1,945.7465,258.4927,941.7957,261.8369
32.9574,1,945.7465,258.4927,943.7711,260.1648
32.96854,1,950.955,250.2907,947.363,255.2277
32.97986,1,950.955,250.2907,949.1591,252.7592
32.99133,1,950.955,250.2907,950.057,251.5249
33.00087,1,953.1863,245.601,951.6217,248.563
33.01273,1,953.1863,245.601,952.4041,247.082
33.02151,1,953.1863,245.601,952.7952,246.3415
33.03402,1,955.1519,243.7243,953.9735,245.0329
33.04622,1,955.1519,243.7243,954.5627,244.3786
33.05328,1,955.1519,243.7243,954.8573,244.0515
33.06702,1,956.0656,244.9569,955.4614,244.5042
33.07448,1,956.0656,244.9569,955.7635,244.7305
33.08735,1,953.8127,245.4317,954.7881,245.0811
33.09782,1,953.8127,245.4317,954.3004,245.2564
33.10898,1,953.8127,245.4317,954.0565,245.3441
33.11978,1,928.3801,269.7312,941.2183,257.5376
33.13157,1,928.3801,269.7312,934.7992,263.6344
33.14111,1,928.3801,269.7312,931.5896,266.6828
33.1537,1,766.1438,432.1352,848.8667,349.409
33.16421,1,766.1438,432.1352,807.5052,390.7721
33.1757,1,766.1438,432.1352,786.8245,411.4537
33.18781,1,598.3832,606.7604,692.6039,509.107
33.19859,1,598.3832,606.7604,645.4935,557.9337
33.21039,1,513.484,695.498,579.4888,626.7159
33.22002,1,513.484,695.498,546.4864,661.1069
33.23409,1,513.484,695.498,529.9852,678.3025
33.24654,1,474.63,737.9878,502.3076,708.1451
33.25495,1,474.63,737.9878,488.4688,723.0665
33.26765,1,474.63,737.9878,481.5494,730.5271
33.27795,1,457.9657,757.3138,469.7575,743.9205
33.29029,1,457.9657,757.3138,463.8616,750.6172
33.29972,1,450.4496,765.8774,457.1556,758.2473
33.31149,1,450.4496,765.8774,453.8026,762.0624
33.32005,1,450.4496,765.8774,452.1261,763.9698
33.33218,1,444.6726,772.1719,448.3994,768.0709
33.34122,1,444.6726,772.1719,446.536,770.1213
33.35278,1,444.6726,772.1719,445.6043,771.1466
33.3631,1,526.0064,783.4164,485.8054,777.2815
33.37493,1,526.0064,783.4164,505.9059,780.3489
33.38268,1,526.0064,783.4164,515.9562,781.8827
33.39792,1,724.3618,800.5529,620.1589,791.2178
33.40475,1,724.3618,800.5529,672.2604,795.8853
33.41614,1,724.3618,800.5529,698.311,798.2191
33.42724,1,937.047,815.5823,817.679,806.9007
33.43687,1,937.047,815.5823,877.363,811.2415
33.44847,1,937.047,815.5823,907.205,813.4119
33.45786,1,1072.786,824.3131,989.9955,818.8625
33.47172,1,1072.786,824.3131,1031.391,821.5878
33.48176,1,1213.685,822.7855,1122.538,822.1866
33.49273,1,1213.685,822.7855,1168.111,822.4861
33.50262,1,1213.685,822.7855,1190.898,822.6357
33.51516,1,1295.763,821.821,1243.331,822.2284
33.52622,1,1295.763,821.821,1269.547,822.0247
33.53556,1,1295.763,821.821,1282.655,821.9229
33.54783,1,1335.367,822.9144,1309.011,822.4186
33.5576,1,1335.367,822.9144,1322.189,822.6665
33.57105,1,1358.684,822.5039,1340.437,822.5852
33.58051,1,1358.684,822.5039,1349.56,822.5446
33.59265,1,1358.684,822.5039,1354.122,822.5242
33.60339,1,1369.565,822.0232,1361.844,822.2737
33.615,1,1369.565,822.0232,1365.704,822.1484
33.6236,1,1369.565,822.0232,1367.635,822.0858
33.63662,1,1371.597,817.3967,1369.616,819.7413
33.64822,1,1371.597,817.3967,1370.606,818.569
33.65862,1,1371.597,817.3967,1371.101,817.9828
33.66978,1,1367.415,804.9564,1369.258,811.4696
33.67884,1,1367.415,804.9564,1368.337,808.213
33.69059,1,1367.415,804.9564,1367.876,806.5847
33.69913,1,1364.877,797.3054,1366.376,801.9451
33.71489,1,1364.877,797.3054,1365.626,799.6252
33.72192,1,1363.767,792.6548,1364.697,796.14
33.73405,1,1363.767,792.6548,1364.232,794.3975
33.74614,1,1363.767,792.6548,1363.999,793.5261
33.75539,1,1363.484,789.9462,1363.742,791.7361
33.76908,1,1363.484,789.9462,1363.613,790.8412
33.7806,1,1363.484,789.9462,1363.548,790.3937
33.79388,1,1362.776,787.0039,1363.162,788.6988
33.80161,1,1362.776,787.0039,1362.969,787.8513
33.81371,1,1362.118,784.7318,1362.544,786.2916
33.82349,1,1362.118,784.7318,1362.331,785.5117
33.83535,1,1362.118,784.7318,1362.225,785.1218
33.84673,1,1361.103,781.7819,1361.664,783.4518
33.85563,1,1361.103,781.7819,1361.383,782.6168
33.86864,1,1361.103,781.7819,1361.243,782.1993
33.8784,1,1360.325,778.8465,1360.784,780.5229
33.88959,1,1360.325,778.8465,1360.555,779.6847
33.89888,1,1360.325,778.8465,1360.44,779.2656
33.91373,1,1359.365,776.686,1359.903,777.9758
33.9202,1,1359.365,776.686,1359.634,777.3309
33.93337,1,1354.762,774.1227,1357.198,775.7268
33.9421,1,1354.762,774.1227,1355.98,774.9248
33.95324,1,1354.762,774.1227,1355.371,774.5238
33.96469,1,1315.791,769.7664,1335.581,772.1451
33.97605,1,1315.791,769.7664,1325.686,770.9558
33.98837,1,1315.791,769.7664,1320.738,770.3611
33.99853,1,1226.46,762.2156,1273.599,766.2883
34.0105,1,1226.46,762.2156,1250.03,764.252
34.01973,1,1226.46,762.2156,1238.245,763.2338
34.03195,1,1144.323,753.1845,1191.284,758.2091
34.04118,1,1144.323,753.1845,1167.803,755.6968
34.05441,1,1086.005,747.673,1126.904,751.6849
34.06438,1,1086.005,747.673,1106.454,749.679
34.07484,1,1086.005,747.673,1096.229,748.676
34.08624,1,1049.092,743.6227,1072.661,746.1493
34.09641,1,1049.092,743.6227,1060.876,744.886
34.10691,1,1049.092,743.6227,1054.984,744.2543
34.11781,1,1024.734,741.0806,1039.859,742.6675
34.13131,1,1024.734,741.0806,1032.296,741.874
34.13997,1,1024.734,741.0806,1028.515,741.4773
34.15353,1,1010.371,738.054,1019.443,739.7656
34.16375,1,1010.371,738.054,1014.907,738.9098
34.1786,1,971.5859,726.9514,993.2463,732.9306
34.19122,1,971.5859,726.9514,982.4161,729.941
34.20028,1,971.5859,726.9514,977.001,728.4462
34.20925,1,855.6932,708.8351,916.347,718.6406
34.22021,1,855.6932,708.8351,886.0201,713.7379
34.23304,1,855.6932,708.8351,870.8567,711.2865
34.24116,1,728.8412,702.8825,799.8489,707.0845
34.25444,1,728.8412,702.8825,764.3451,704.9835
34.26405,1,728.8412,702.8825,746.5931,703.933
34.27586,1,655.1501,700.0909,700.8716,702.012
34.28685,1,655.1501,700.0909,678.0109,701.0514
34.2964,1,612.4961,696.8778,645.2535,698.9646
34.31116,1,612.4961,696.8778,628.8748,697.9212
34.31954,1,612.4961,696.8778,620.6854,697.3995
34.33544,1,589.7538,696.8331,605.2196,697.1163
34.34723,1,589.7538,696.8331,597.4867,696.9747
34.35339,1,589.7538,696.8331,593.6202,696.9039
34.36398,1,577.0047,697.8561,585.3125,697.38
34.37605,1,577.0047,697.8561,581.1586,697.618
34.38699,1,569.8054,698.1723,575.482,697.8951
34.39897,1,569.8054,698.1723,572.6437,698.0337
34.40909,1,569.8054,698.1723,571.2245,698.103
34.41891,1,550.6701,731.8011,560.9473,714.9521
34.43214,1,550.6701,731.8011,555.8087,723.3766
34.44134,1,550.6701,731.8011,553.2394,727.5889
34.45308,1,528.3946,783.9954,540.817,755.7921
34.46333,1,528.3946,783.9954,534.6058,769.8938
34.47658,1,528.3946,783.9954,531.5002,776.9446
34.48656,1,512.3315,824.6266,521.9159,800.7856
34.49737,1,512.3315,824.6266,517.1237,812.7061
34.50993,1,500.7019,851.5256,508.9128,832.1158
34.51989,1,500.7019,851.5256,504.8073,841.8207
34.5327,1,500.7019,851.5256,502.7546,846.6732
34.54122,1,494.4587,866.6093,498.6067,856.6412
34.55314,1,494.4587,866.6093,496.5327,861.6252
34.56352,1,494.4587,866.6093,495.4957,864.1172
34.57491,1,491.4178,876.7299,493.4567,870.4236
34.58469,1,491.4178,876.7299,492.4373,873.5767
34.59888,1,492.763,881.9646,492.6001,877.7706
34.60945,1,492.763,881.9646,492.6815,879.8676
34.61949,1,492.763,881.9646,492.7222,880.9161
34.63308,1,509.8679,882.5717,501.2951,881.7439
34.64378,1,509.8679,882.5717,505.5815,882.1578
34.65509,1,509.8679,882.5717,507.7247,882.3647
34.66456,1,565.2141,880.9351,536.4694,881.6499
34.67502,1,565.2141,880.9351,550.8417,881.2925
34.68417,1,565.2141,880.9351,558.0278,881.1138
34.69654,1,681.3734,869.4119,619.7006,875.2628
34.70779,1,681.3734,869.4119,650.537,872.3373
34.71796,1,681.3734,869.4119,665.9552,870.8746
34.73042,1,860.6377,839.2418,763.2964,855.0582
34.73976,1,860.6377,839.2418,811.967,847.15
34.75205,1,1002.185,811.6986,907.0762,829.4243
34.76357,1,1002.185,811.6986,954.6307,820.5615
34.77466,1,1002.185,811.6986,978.408,816.13
34.78653,1,1086.032,796.2925,1032.22,806.2112
34.79733,1,1086.032,796.2925,1059.126,801.2518
34.80782,1,1086.032,796.2925,1072.579,798.7722
34.81788,1,1128.165,791.2165,1100.372,794.9943
34.83125,1,1128.165,791.2165,1114.268,793.1054
34.83907,1,1152.712,788.7371,1133.49,790.9213
34.85111,1,1152.712,788.7371,1143.101,789.8292
34.86265,1,1152.712,788.7371,1147.906,789.2831
34.87653,1,1166.331,785.3109,1157.119,787.297
34.89011,1,1166.331,785.3109,1161.725,786.304
34.89584,1,1166.331,785.3109,1164.028,785.8074
34.90649,1,1194.202,775.4222,1179.115,780.6148
34.91706,1,1194.202,775.4222,1186.658,778.0186
34.93028,1,1216.31,765.8094,1201.484,771.9139
34.93958,1,1216.31,765.8094,1208.897,768.8617
34.9551,1,1216.31,765.8094,1212.604,767.3356
34.96768,1,1230.713,758.9944,1221.659,763.165
34.97351,1,1230.713,758.9944,1226.186,761.0797
34.98737,1,1230.713,758.9944,1228.449,760.037
34.99761,1,1238.594,754.5564,1233.522,757.2968
35.00963,1,1238.594,754.5564,1236.058,755.9266
35.01996,1,1238.594,754.5564,1237.326,755.2415
35.0345,1,1242.858,750.1732,1240.092,752.7073
35.04081,1,1242.858,750.1732,1241.475,751.4403
35.05195,1,1246.387,747.1365,1243.931,749.2884
35.06287,1,1246.387,747.1365,1245.159,748.2124
35.07305,1,1246.387,747.1365,1245.773,747.6744
35.08405,1,1248.399,745.817,1247.086,746.7457
35.09978,1,1248.399,745.817,1247.743,746.2814
35.1077,1,1248.399,745.817,1248.071,746.0492
35.11769,1,1249.592,745.0859,1248.832,745.5676
35.13049,1,1249.592,745.0859,1249.212,745.3268
35.13931,1,1249.592,745.0859,1249.402,745.2064
35.1526,1,1248.481,744.4495,1248.941,744.8279
35.16343,1,1248.481,744.4495,1248.711,744.6387
35.17577,1,1247.515,743.1566,1248.113,743.8977
35.18715,1,1247.515,743.1566,1247.814,743.5272
35.19749,1,1247.515,743.1566,1247.665,743.3419
35.20782,1,1246.317,741.5222,1246.991,742.4321
35.21906,1,1246.317,741.5222,1246.654,741.9772
35.23212,1,1245.194,739.6385,1245.924,740.8079
35.23978,1,1245.194,739.6385,1245.559,740.2232
35.25287,1,1245.194,739.6385,1245.377,739.9309
35.26313,1,1243.77,737.8008,1244.573,738.8658
35.27358,1,1243.77,737.8008,1244.172,738.3334
35.28409,1,1243.77,737.8008,1243.971,738.0671
35.29802,1,1242.588,736.1596,1243.28,737.1134
35.30785,1,1242.588,736.1596,1242.934,736.6365
35.32046,1,1242.588,736.1596,1242.761,736.3981
35.33171,1,1241.363,735.0025,1242.062,735.7003
35.34132,1,1241.363,735.0025,1241.712,735.3514
35.35351,1,1239.163,730.1583,1240.438,732.7549
35.36452,1,1239.163,730.1583,1239.801,731.4565
35.37951,1,1239.163,730.1583,1239.482,730.8074
35.38903,1,1236.115,723.1921,1237.799,726.9998
35.39773,1,1236.115,723.1921,1236.957,725.0959
35.4085,1,1236.115,723.1921,1236.536,724.144
35.41903,1,1233.151,715.8588,1234.844,720.0014
35.43121,1,1233.151,715.8588,1233.997,717.9301
35.44051,1,1233.151,715.8588,1233.574,716.8944
35.45329,1,1230.386,709.4469,1231.98,713.1707
35.46623,1,1230.386,709.4469,1231.183,711.3088
35.47491,1,1228.038,704.3077,1229.611,707.8082
35.48617,1,1228.038,704.3077,1228.824,706.058
35.4964,1,1228.038,704.3077,1228.431,705.1829
35.50732,1,1226.496,701.1945,1227.464,703.1887
35.51777,1,1226.496,701.1945,1226.98,702.1915
35.5279,1,1226.496,701.1945,1226.738,701.693
35.5369,1,1225.218,698.1386,1225.978,699.9158
35.55012,1,1225.218,698.1386,1225.598,699.0272
35.55911,1,1225.218,698.1386,1225.408,698.5829
35.57214,1,1222.735,694.8693,1224.072,696.7261
35.58282,1,1222.735,694.8693,1223.403,695.7977
35.59471,1,1100.218,680.9493,1161.811,688.3735
35.60715,1,1100.218,680.9493,1131.015,684.6614
35.61717,1,1100.218,680.9493,1115.616,682.8054
35.63065,1,1112.199,675.1907,1113.907,678.998
35.6395,1,1112.199,675.1907,1113.053,677.0944
35.65175,1,1112.199,675.1907,1112.626,676.1425
35.66354,1,1257.18,616.7174,1184.903,646.4299
35.67401,1,1257.18,616.7174,1221.042,631.5737
35.68417,1,1257.18,616.7174,1239.111,624.1455
35.69685,1,1239.82,595.4818,1239.466,609.8137
35.70681,1,1239.82,595.4818,1239.643,602.6477
35.71752,1,1232.972,609.1589,1236.308,605.9033
35.72984,1,1232.972,609.1589,1234.64,607.5311
35.73907,1,1232.972,609.1589,1233.806,608.345
35.75137,1,1228.092,615.8278,1230.949,612.0864
35.76453,1,1228.092,615.8278,1229.521,613.9572
35.77288,1,1228.092,615.8278,1228.807,614.8925
35.78282,1,1221.836,621.4899,1225.321,618.1912
35.7929,1,1221.836,621.4899,1223.579,619.8406
35.80366,1,1221.836,621.4899,1222.707,620.6653
35.81689,1,1214.913,627.6495,1218.81,624.1573
35.82702,1,1214.913,627.6495,1216.862,625.9034
35.83852,1,1210.31,634.3117,1213.586,630.1075
35.85033,1,1210.31,634.3117,1211.948,632.2096
35.86181,1,1210.31,634.3117,1211.129,633.2606
35.87277,1,1204.792,640.4936,1207.96,636.8771
35.88297,1,1204.792,640.4936,1206.376,638.6853
35.89608,1,1204.792,640.4936,1205.584,639.5895
35.90446,1,1199.656,645.4763,1202.62,642.5328
35.92549,1,1199.656,645.4763,1201.138,644.0045
35.93244,1,1196.214,649.5558,1198.676,646.7802
35.93972,1,1196.214,649.5558,1197.445,648.168
35.95168,1,1196.214,649.5558,1196.829,648.8619
35.96178,1,1193.77,651.4939,1195.3,650.1779
35.97327,1,1193.77,651.4939,1194.535,650.8359
35.98267,1,1193.77,651.4939,1194.152,651.1649
35.99404,1,1197.901,651.1447,1196.027,651.1548
36.00487,1,1197.901,651.1447,1196.964,651.1497
36.01646,1,1197.901,651.1447,1197.432,651.1472
36.02605,1,1202.988,649.7228,1200.21,650.4351
36.03684,1,1202.988,649.7228,1201.599,650.079
36.04934,1,1207.383,648.9298,1204.491,649.5044
36.05904,1,1207.383,648.9298,1205.937,649.2171
36.06905,1,1207.383,648.9298,1206.66,649.0735
36.07986,1,1211.199,647.7068,1208.93,648.3901
36.09171,1,1211.199,647.7068,1210.064,648.0485
36.10231,1,1211.199,647.7068,1210.632,647.8777
36.11581,1,1214.99,646.4434,1212.811,647.1605
36.12703,1,1214.99,646.4434,1213.901,646.802
36.13639,1,1214.99,646.4434,1214.446,646.6227
36.14864,1,1219.66,645.2202,1217.053,645.9214
36.15786,1,1219.66,645.2202,1218.357,645.5708
36.17142,1,1223.692,643.5921,1221.025,644.5814
36.18249,1,1223.692,643.5921,1222.358,644.0868
36.19497,1,1223.692,643.5921,1223.025,643.8395
36.20406,1,1227.752,641.9872,1225.389,642.9133
36.21606,1,1227.752,641.9872,1226.571,642.4503
36.22638,1,1227.752,641.9872,1227.161,642.2188
36.23729,1,1231.498,640.5958,1229.33,641.4073
36.25076,1,1231.498,640.5958,1230.414,641.0016
36.25873,1,1231.498,640.5958,1230.956,640.7987
36.272,1,1234.513,639.9647,1232.735,640.3817
36.28225,1,1234.513,639.9647,1233.624,640.1732
36.29295,1,1237.452,638.8582,1235.538,639.5157
36.30328,1,1237.452,638.8582,1236.495,639.1869
36.3162,1,1237.452,638.8582,1236.974,639.0225
36.32645,1,1240.549,635.6219,1238.761,637.3222
36.33698,1,1240.549,635.6219,1239.655,636.472
36.34904,1,1240.549,635.6219,1240.102,636.047
36.3585,1,1243.123,631.2194,1241.612,633.6332
36.37162,1,1243.123,631.2194,1242.367,632.4263
36.3822,1,1245.523,628.877,1243.945,630.6516
36.39583,1,1245.523,628.877,1244.734,629.7643
36.40446,1,1245.523,628.877,1245.128,629.3206
36.41666,1,1248.559,626.5171,1246.844,627.9188
36.4266,1,1248.559,626.5171,1247.701,627.218
36.43715,1,1248.559,626.5171,1248.13,626.8676
36.44907,1,1251.107,624.9977,1249.619,625.9326
36.45757,1,1251.107,624.9977,1250.363,625.4651
36.46955,1,1251.107,624.9977,1250.735,625.2314
36.48097,1,1252.888,622.9649,1251.812,624.0981
36.49059,1,1252.888,622.9649,1252.35,623.5315
36.50123,1,1254.824,620.8327,1253.587,622.1821
36.51388,1,1254.824,620.8327,1254.205,621.5074
36.52203,1,1254.824,620.8327,1254.515,621.17
36.53576,1,1255.563,619.5015,1255.039,620.3358
36.54632,1,1255.563,619.5015,1255.301,619.9187
36.55421,1,1255.563,619.5015,1255.432,619.7101
36.56744,1,1255.83,617.8223,1255.631,618.7662
36.57851,1,1255.83,617.8223,1255.73,618.2942
36.58759,1,1255.83,617.8223,1255.78,618.0582
36.59795,1,1256.498,616.0739,1256.139,617.066
36.60857,1,1256.498,616.0739,1256.319,616.5699
36.61904,1,1256.498,616.0739,1256.408,616.3219
36.63156,1,1258.328,613.7296,1257.368,615.0258
36.64397,1,1258.328,613.7296,1257.848,614.3777
36.65308,1,1259.415,612.4418,1258.631,613.4097
36.66311,1,1259.415,612.4418,1259.023,612.9258
36.67368,1,1259.415,612.4418,1259.219,612.6838
36.70026,1,1260.753,611.519,1259.986,612.1014
36.70962,1,1260.753,611.519,1260.37,611.8102
36.71641,1,1262.695,610.2248,1261.532,611.0175
36.73003,1,1262.695,610.2248,1262.114,610.6211
36.73753,1,1262.695,610.2248,1262.405,610.423
36.75052,1,1265.564,608.5923,1263.984,609.5076
36.76125,1,1265.564,608.5923,1264.774,609.0499
36.77237,1,1268.226,607.8202,1266.5,608.4351
36.7844,1,1268.226,607.8202,1267.363,608.1276
36.79651,1,1268.226,607.8202,1267.794,607.9739
36.80644,1,1270.767,607.3071,1269.281,607.6405
36.81707,1,1270.767,607.3071,1270.024,607.4738
36.82931,1,1270.767,607.3071,1270.396,607.3904
36.83826,1,1273.622,606.043,1272.009,606.7167
36.85072,1,1273.622,606.043,1272.816,606.3799
36.86105,1,1273.622,606.043,1273.219,606.2114
36.87309,1,1275.346,604.1169,1274.283,605.1642
36.88316,1,1275.346,604.1169,1274.814,604.6406
36.89448,1,1277.226,602.5276,1276.02,603.5841
36.90405,1,1277.226,602.5276,1276.623,603.0558
36.91639,1,1277.226,602.5276,1276.924,602.7917
36.92808,1,1278.723,601.2062,1277.824,601.999
36.93739,1,1278.723,601.2062,1278.273,601.6027
36.94974,1,1278.723,601.2062,1278.498,601.4044
36.95991,1,1279.907,600.262,1279.203,600.8332
36.97097,1,1279.907,600.262,1279.555,600.5476
36.98136,1,1279.907,600.262,1279.731,600.4048
36.99528,1,1281.08,598.6315,1280.406,599.5181
37.00297,1,1281.08,598.6315,1280.743,599.0748
37.01591,1,1282.784,597.6639,1281.763,598.3694
37.02765,1,1282.784,597.6639,1282.274,598.0166
37.03734,1,1282.784,597.6639,1282.529,597.8402
37.04996,1,1284.216,596.5536,1283.372,597.1969
37.05994,1,1284.216,596.5536,1283.794,596.8752
37.07208,1,1284.216,596.5536,1284.005,596.7145
37.08145,1,1284.799,595.7091,1284.402,596.2118
37.09338,1,1284.799,595.7091,1284.6,595.9604
37.10236,1,1284.799,595.7091,1284.699,595.8348
37.11736,1,1284.939,595.999,1284.819,595.9169
37.12949,1,1284.939,595.999,1284.879,595.9579
37.13692,1,1283.156,596.5657,1284.018,596.2618
37.15144,1,1283.156,596.5657,1283.587,596.4137
37.16183,1,1283.156,596.5657,1283.371,596.4897
37.17289,1,1281.973,597.5857,1282.672,597.0377
37.18329,1,1281.973,597.5857,1282.323,597.3117
37.19399,1,1281.973,597.5857,1282.148,597.4487
37.2086,1,1280.046,598.6248,1281.097,598.0367
37.2182,1,1280.046,598.6248,1280.572,598.3307
37.23317,1,1277.746,600.0892,1279.159,599.21
37.24123,1,1277.746,600.0892,1278.452,599.6495
37.2528,1,1277.746,600.0892,1278.099,599.8694
37.26273,1,1274.743,602.7305,1276.421,601.2999
37.2752,1,1274.743,602.7305,1275.582,602.0152
37.28482,1,1274.743,602.7305,1275.162,602.3728
37.29817,1,1272.028,605.53,1273.595,603.9514
37.30845,1,1272.028,605.53,1272.812,604.7407
37.31885,1,1268.203,607.9766,1270.507,606.3586
37.33287,1,1268.203,607.9766,1269.355,607.1676
37.34171,1,1268.203,607.9766,1268.779,607.5721
37.35427,1,1264.79,610.0032,1266.785,608.7877
37.36447,1,1264.79,610.0032,1265.787,609.3954
37.37514,1,1264.79,610.0032,1265.289,609.6993
37.38667,1,1261.906,611.4191,1263.597,610.5592
37.39713,1,1261.906,611.4191,1262.752,610.9891
37.40789,1,1260.359,613.5193,1261.556,612.2542
37.41798,1,1260.359,613.5193,1260.958,612.8867
37.43067,1,1260.359,613.5193,1260.658,613.203
37.43955,1,1258.252,614.6595,1259.455,613.9313
37.45158,1,1258.252,614.6595,1258.854,614.2954
37.46298,1,1258.252,614.6595,1258.553,614.4775
37.47459,1,1256.77,615.861,1257.661,615.1693
37.48675,1,1256.77,615.861,1257.216,615.5151
37.49811,1,1255.908,618.4177,1256.562,616.9664
37.50964,1,1255.908,618.4177,1256.235,617.6921
37.51769,1,1255.908,618.4177,1256.072,618.0549
37.53049,1,1254.676,622.0117,1255.374,620.0333
37.54018,1,1254.676,622.0117,1255.025,621.0225
37.55123,1,1254.676,622.0117,1254.851,621.5171
37.56149,1,1251.975,625.8507,1253.413,623.6839
37.57347,1,1251.975,625.8507,1252.694,624.7673
37.58257,1,1251.975,625.8507,1252.334,625.309
37.59309,1,1249.898,629.5861,1251.116,627.4475
37.60291,1,1249.898,629.5861,1250.507,628.5168
37.61688,1,1249.898,629.5861,1250.203,629.0514
37.62464,1,1237.876,600.2667,1244.04,614.6591
37.6376,1,1237.876,600.2667,1240.958,607.4629
37.6503,1,1237.731,401.3699,1239.345,504.4164
37.65644,1,1237.731,401.3699,1238.538,452.8932
37.66882,1,1237.731,401.3699,1238.135,427.1316
37.67938,1,1252.226,198.9396,1245.18,313.0356
37.69178,1,1252.226,198.9396,1248.703,255.9876
37.70148,1,1252.226,198.9396,1250.464,227.4636
37.71371,1,1258.952,95.96353,1254.708,161.7136
37.72422,1,1258.952,95.96353,1256.83,128.8385
37.73548,1,1258.952,95.96353,1257.891,112.401
37.74706,1,1260.914,52.05898,1259.403,82.23001
37.75574,1,1260.914,52.05898,1260.158,67.14449
37.76849,1,1260.914,52.05898,1260.536,59.60174
37.77615,1,1259.129,31.5346,1259.833,45.56817
37.78804,1,1259.129,31.5346,1259.481,38.55138
37.79803,1,1259.129,31.5346,1259.305,35.04299
37.80886,1,1258.9,25.73152,1259.102,30.38725
37.81924,1,1258.9,25.73152,1259.001,28.05938
37.83234,1,1258.654,35.74213,1258.827,31.90076
37.84109,1,1258.654,35.74213,1258.741,33.82145
37.85304,1,1258.654,35.74213,1258.697,34.78179
37.86272,1,1258.958,42.40146,1258.828,38.59163
37.87421,1,1258.958,42.40146,1258.893,40.49654
37.88399,1,1258.958,42.40146,1258.925,41.44901
37.89761,1,1258.609,47.93161,1258.767,44.69031
37.90886,1,1258.609,47.93161,1258.688,46.31096
37.92105,1,1251.463,75.88389,1255.076,61.09742
37.93186,1,1251.463,75.88389,1253.269,68.49065
37.94083,1,1251.463,75.88389,1252.366,72.18727
37.95308,1,1220.285,267.112,1236.326,169.6496
37.97925,1,1220.285,267.112,1228.306,218.3808
37.98699,1,1190.818,467.2964,1209.562,342.8386
37.99329,1,1190.818,467.2964,1200.19,405.0675
38.00443,1,1190.818,467.2964,1195.504,436.182
38.01654,1,1170.033,573.802,1182.769,504.992
38.02909,1,1170.033,573.802,1176.401,539.397
38.03801,1,1170.033,573.802,1173.217,556.5995
38.05089,1,1166.128,621.0824,1169.672,588.8409
38.06238,1,1166.128,621.0824,1167.9,604.9617
38.07404,1,1161.508,644.631,1164.704,624.7964
38.08327,1,1161.508,644.631,1163.106,634.7137
38.09708,1,1161.508,644.631,1162.307,639.6724
38.10398,1,1161.256,656.1686,1161.781,647.9205
38.11658,1,1161.256,656.1686,1161.519,652.0446
38.12473,1,1161.256,656.1686,1161.387,654.1066
38.13704,1,1161.752,660.9849,1161.57,657.5458
38.14923,1,1161.752,660.9849,1161.661,659.2654
38.15798,1,1161.752,660.9849,1161.706,660.1251
38.17284,1,1168.309,665.6901,1165.008,662.9076
38.18787,1,1168.309,665.6901,1166.659,664.2988
38.19743,1,1173.638,666.4734,1170.148,665.3861
38.20469,1,1173.638,666.4734,1171.893,665.9298
38.21659,1,1173.638,666.4734,1172.765,666.2017
38.22765,1,1177.096,666.3391,1174.931,666.2704
38.23721,1,1177.096,666.3391,1176.013,666.3047
38.24883,1,1177.096,666.3391,1176.555,666.3219
38.2578,1,1178.278,667.981,1177.416,667.1515
38.26929,1,1178.278,667.981,1177.847,667.5663
38.28147,1,1178.278,667.981,1178.062,667.7737
38.29135,1,1179.572,669.1558,1178.817,668.4647
38.3027,1,1179.572,669.1558,1179.194,668.8102
38.31568,1,1182.115,669.0354,1180.654,668.9229
38.32396,1,1182.115,669.0354,1181.385,668.9791
38.33507,1,1182.115,669.0354,1181.75,669.0073
38.34488,1,1183.093,669.1393,1182.421,669.0732
38.35861,1,1183.093,669.1393,1182.757,669.1063
38.36863,1,1183.093,669.1393,1182.925,669.1228
38.37794,1,1182.801,669.9625,1182.863,669.5427
38.38998,1,1182.801,669.9625,1182.832,669.7526
38.40092,1,1182.801,669.9625,1182.816,669.8575
38.41151,1,1183.61,670.8732,1183.213,670.3654
38.42221,1,1183.61,670.8732,1183.412,670.6193
38.43392,1,1186.418,669.6298,1184.915,670.1245
38.44418,1,1186.418,669.6298,1185.667,669.8772
38.45564,1,1186.418,669.6298,1186.042,669.7535
38.46657,1,1189.751,665.9789,1187.897,667.8662
38.47559,1,1189.751,665.9789,1188.824,666.9225
38.48856,1,1189.751,665.9789,1189.287,666.4507
38.49949,1,1192.751,662.1917,1191.019,664.3212
38.51237,1,1192.751,662.1917,1191.885,663.2565
38.52124,1,1192.751,662.1917,1192.318,662.7241
38.53373,1,1196.753,657.8669,1194.536,660.2955
38.54262,1,1196.753,657.8669,1195.644,659.0812
38.55469,1,1201.55,652.6492,1198.597,655.8652
38.56463,1,1201.55,652.6492,1200.073,654.2572
38.57611,1,1201.55,652.6492,1200.812,653.4532
38.58723,1,1206.739,646.7149,1203.775,650.0841
38.59742,1,1206.739,646.7149,1205.257,648.3995
38.6088,1,1206.739,646.7149,1205.998,647.5573
38.61742,1,1211.31,642.0055,1208.654,644.7814
38.63102,1,1211.31,642.0055,1209.982,643.3934
38.64123,1,1211.31,642.0055,1210.646,642.6995
38.65383,1,1214.392,637.7796,1212.519,640.2395
38.66459,1,1214.392,637.7796,1213.456,639.0095
38.67588,1,1216.593,634.2429,1215.024,636.6262
38.68822,1,1216.593,634.2429,1215.808,635.4346
38.69807,1,1216.593,634.2429,1216.2,634.8387
38.70912,1,1219.774,631.472,1217.987,633.1554
38.71915,1,1219.774,631.472,1218.88,632.3137
38.73238,1,1219.774,631.472,1219.327,631.8928
38.73989,1,1222.051,629.2857,1220.689,630.5892
38.75311,1,1222.051,629.2857,1221.37,629.9375
38.76648,1,1223.807,626.6907,1222.588,628.3141
38.77464,1,1223.807,626.6907,1223.198,627.5024
38.78696,1,1223.807,626.6907,1223.502,627.0966
38.79738,1,1224.818,625.0913,1224.16,626.0939
38.80825,1,1224.818,625.0913,1224.489,625.5927
38.81839,1,1224.818,625.0913,1224.654,625.342
38.83142,1,1226.068,622.7,1225.361,624.021
38.84113,1,1226.068,622.7,1225.714,623.3605
38.85238,1,1226.068,622.7,1225.891,623.0302
38.86134,1,1227.069,621.8148,1226.48,622.4225
38.87205,1,1227.069,621.8148,1226.774,622.1187
38.88218,1,1227.069,621.8148,1226.922,621.9667
38.89397,1,1228.661,621.2312,1227.791,621.599
38.90452,1,1228.661,621.2312,1228.226,621.4151
38.91772,1,1229.851,620.2237,1229.038,620.8194
38.92924,1,1229.851,620.2237,1229.444,620.5215
38.94002,1,1229.851,620.2237,1229.647,620.3726
38.95264,1,1230.704,619.775,1230.176,620.0738
38.96288,1,1230.704,619.775,1230.44,619.9244
38.9736,1,1230.704,619.775,1230.572,619.8497
38.98291,1,1231.908,619.1029,1231.24,619.4763
38.9979,1,1231.908,619.1029,1231.574,619.2896
39.00426,1,1231.908,619.1029,1231.741,619.1963
39.0172,1,1233.051,618.2304,1232.396,618.7134
39.02691,1,1233.051,618.2304,1232.723,618.4719
39.03806,1,1233.88,617.7326,1233.302,618.1023
39.05128,1,1233.88,617.7326,1233.591,617.9175
39.06226,1,1233.88,617.7326,1233.735,617.8251
39.0742,1,1235.013,617.238,1234.374,617.5316
39.0838,1,1235.013,617.238,1234.694,617.3848
39.09663,1,1235.013,617.238,1234.854,617.3114
39.10485,1,1236.216,616.6542,1235.535,616.9828
39.11809,1,1236.216,616.6542,1235.875,616.8185
39.12697,1,1236.216,616.6542,1236.045,616.7363
39.13745,1,1237.719,616.1066,1236.882,616.4215
39.15012,1,1237.719,616.1066,1237.3,616.264
39.15916,1,1241.299,613.9462,1239.3,615.1051
39.17284,1,1241.299,613.9462,1240.3,614.5256
39.18366,1,1241.299,613.9462,1240.8,614.2359
39.19415,1,1246.384,610.2925,1243.592,612.2642
39.20422,1,1246.384,610.2925,1244.988,611.2784
39.21651,1,1246.384,610.2925,1245.686,610.7855
39.22476,1,1251.573,606.9086,1248.63,608.847
39.23775,1,1251.573,606.9086,1250.101,607.8778
39.24957,1,1257.159,603.7346,1253.63,605.8062
39.26006,1,1257.159,603.7346,1255.395,604.7704
39.27273,1,1257.159,603.7346,1256.277,604.2525
39.28467,1,1262.394,599.8397,1259.335,602.0461
39.29681,1,1262.394,599.8397,1260.865,600.9429
39.30724,1,1262.394,599.8397,1261.629,600.3912
39.31707,1,1266.759,596.6893,1264.194,598.5403
39.32873,1,1266.759,596.6893,1265.477,597.6148
39.33827,1,1266.759,596.6893,1266.118,597.1521
39.35179,1,1270.782,593.9265,1268.45,595.5393
39.36429,1,1270.782,593.9265,1269.616,594.7329
39.37311,1,1274.13,590.7111,1271.873,592.722
39.38345,1,1274.13,590.7111,1273.002,591.7166
39.39571,1,1274.13,590.7111,1273.566,591.2139
39.40681,1,1276.986,589.1879,1275.276,590.2009
39.41581,1,1276.986,589.1879,1276.131,589.6943
39.42593,1,1276.986,589.1879,1276.558,589.4411
39.4362,1,1279.289,586.6707,1277.924,588.0559
39.44872,1,1279.289,586.6707,1278.606,587.3633
39.45796,1,1279.289,586.6707,1278.948,587.017
39.46983,1,1280.745,584.78,1279.846,585.8984
39.48174,1,1280.745,584.78,1280.296,585.3392
39.49291,1,1278.696,585.2116,1279.496,585.2754
39.50406,1,1278.696,585.2116,1279.096,585.2435
39.51591,1,1278.696,585.2116,1278.896,585.2275
39.52442,1,1276.533,585.3425,1277.714,585.285
39.53658,1,1276.533,585.3425,1277.124,585.3138
39.54814,1,1276.533,585.3425,1276.828,585.3281
39.55798,1,1275.211,585.2045,1276.02,585.2663
39.5705,1,1275.211,585.2045,1275.616,585.2354
39.5808,1,1275.211,585.2045,1275.414,585.2199
39.59315,1,1273.553,585.4744,1274.483,585.3472
39.60294,1,1273.553,585.4744,1274.018,585.4108
39.61656,1,1272.187,585.3735,1273.102,585.3921
39.62462,1,1272.187,585.3735,1272.644,585.3828
39.63694,1,1272.187,585.3735,1272.415,585.3782
39.6488,1,1270.473,585.5651,1271.444,585.4717
39.65747,1,1270.473,585.5651,1270.958,585.5184
39.67186,1,1270.473,585.5651,1270.716,585.5417
39.68121,1,1269.032,585.9575,1269.874,585.7496
39.69182,1,1269.032,585.9575,1269.453,585.8536
39.70161,1,1269.032,585.9575,1269.242,585.9055
39.71493,1,1267.35,586.5568,1268.296,586.2311
39.72343,1,1267.35,586.5568,1267.823,586.3939
39.73559,1,1265.724,586.8712,1266.774,586.6326
39.74734,1,1265.724,586.8712,1266.249,586.7519
39.75517,1,1265.724,586.8712,1265.986,586.8115
39.76723,1,1263.844,586.814,1264.915,586.8127
39.77945,1,1263.844,586.814,1264.38,586.8134
39.79105,1,1263.844,586.814,1264.112,586.8137
39.80077,1,1262.002,587.0784,1263.057,586.946
39.8216,1,1262.002,587.0784,1262.529,587.0122
39.82938,1,1260.111,587.5817,1261.32,587.2969
39.8353,1,1260.111,587.5817,1260.715,587.4393
39.84809,1,1260.111,587.5817,1260.413,587.5105
39.85675,1,1258.446,587.8597,1259.43,587.6851
39.86974,1,1258.446,587.8597,1258.938,587.7725
39.88024,1,1258.446,587.8597,1258.692,587.8161
39.89134,1,1256.824,587.7496,1257.758,587.7828
39.9032,1,1256.824,587.7496,1257.291,587.7662
39.914,1,1256.824,587.7496,1257.058,587.7579
39.92463,1,1255.484,587.7214,1256.271,587.7397
39.94591,1,1253.717,587.8588,1254.994,587.7993
39.95349,1,1253.717,587.8588,1254.355,587.829
39.96071,1,1253.717,587.8588,1254.036,587.8439
39.97086,1,1253.717,587.8588,1253.876,587.8514
39.98063,1,1252.086,587.9032,1252.981,587.8773
39.99281,1,1252.086,587.9032,1252.533,587.8903
40.00256,1,1252.086,587.9032,1252.31,587.8967
40.01427,1,1250.316,587.5822,1251.313,587.7394
40.02389,1,1250.316,587.5822,1250.814,587.6608
40.03532,1,1248.203,587.6719,1249.509,587.6664
40.04792,1,1248.203,587.6719,1248.856,587.6692
40.05696,1,1248.203,587.6719,1248.53,587.6705
40.06876,1,1246.166,587.8685,1247.348,587.7695
40.07822,1,1246.166,587.8685,1246.757,587.819
40.09129,1,1246.166,587.8685,1246.461,587.8438
40.10113,1,1243.926,587.4899,1245.194,587.6669
40.1129,1,1243.926,587.4899,1244.56,587.5784
40.1216,1,1243.926,587.4899,1244.243,587.5342
40.13796,1,1241.867,588.241,1243.055,587.8876
40.14984,1,1241.867,588.241,1242.461,588.0643
40.15598,1,1240.057,589.1881,1241.259,588.6262
40.16679,1,1240.057,589.1881,1240.658,588.9072
40.17506,1,1240.057,589.1881,1240.357,589.0476
40.19049,1,1238.389,590.7491,1239.373,589.8984
40.2014,1,1238.389,590.7491,1238.881,590.3237
40.21326,1,1238.389,590.7491,1238.635,590.5364
40.2215,1,1237.011,592.4186,1237.823,591.4775
40.23484,1,1237.011,592.4186,1237.417,591.9481
40.24313,1,1237.011,592.4186,1237.214,592.1833
40.25512,1,1235.313,595.0642,1236.263,593.6238
40.26717,1,1235.313,595.0642,1235.788,594.344
40.27615,1,1235.313,595.0642,1235.55,594.7041
40.28947,1,1234.202,598.1888,1234.876,596.4465
40.29813,1,1234.202,598.1888,1234.539,597.3176
40.30956,1,1233.553,601.1908,1234.046,599.2542
40.32162,1,1233.553,601.1908,1233.799,600.2225
40.33292,1,1233.553,601.1908,1233.676,600.7067
40.34213,1,1232.688,604.8951,1233.182,602.8009
40.3562,1,1232.688,604.8951,1232.935,603.848
40.36678,1,1232.688,604.8951,1232.812,604.3716
40.37576,1,1231.528,610.3105,1232.17,607.3411
40.38834,1,1231.528,610.3105,1231.849,608.8258
40.39841,1,1230.935,614.4945,1231.392,611.6602
40.41003,1,1230.935,614.4945,1231.164,613.0773
40.41872,1,1230.935,614.4945,1231.05,613.7859
40.43192,1,1248.58,636.1807,1239.815,624.9833
40.44074,1,1248.58,636.1807,1244.197,630.582
40.453,1,1248.58,636.1807,1246.389,633.3813
40.46348,1,1278.465,670.4021,1262.427,651.8917
40.47491,1,1278.465,670.4021,1270.446,661.1469
40.48807,1,1304.194,701.2079,1287.32,681.1774
40.49738,1,1304.194,701.2079,1295.757,691.1926
40.50912,1,1304.194,701.2079,1299.976,696.2003
40.51919,1,1322.919,724.334,1311.447,710.2671
40.53091,1,1322.919,724.334,1317.183,717.3005
40.54126,1,1322.919,724.334,1320.051,720.8173
40.55397,1,1337.188,742.3702,1328.62,731.5938
40.56321,1,1337.188,742.3702,1332.904,736.9819
40.57574,1,1337.188,742.3702,1335.046,739.676
40.58652,1,1346.66,753.7122,1340.853,746.6941
40.59725,1,1346.66,753.7122,1343.756,750.2031
40.60883,1,1353.149,761.7237,1348.452,755.9634
40.61915,1,1353.149,761.7237,1350.801,758.8435
40.6316,1,1353.149,761.7237,1351.975,760.2836
40.64004,1,1356.864,767.8318,1354.419,764.0577
40.65298,1,1356.864,767.8318,1355.641,765.9448
40.66293,1,1356.864,767.8318,1356.252,766.8883
40.67451,1,1360.47,771.9194,1358.361,769.4038
40.68353,1,1360.47,771.9194,1359.416,770.6616
40.69588,1,1360.47,771.9194,1359.943,771.2905
40.70681,1,1363.188,773.9161,1361.565,772.6033
40.71711,1,1363.188,773.9161,1362.377,773.2598
40.73056,1,1366.608,776.5946,1364.492,774.9272
40.73758,1,1366.608,776.5946,1365.55,775.7609
40.74912,1,1366.608,776.5946,1366.079,776.1777
40.75775,1,1366.608,776.5946,1366.343,776.3862
40.76969,1,1366.014,775.3594,1366.178,775.8728
40.78029,1,1366.014,775.3594,1366.096,775.6161
40.79016,1,1341.995,747.2856,1354.046,761.4508
40.79962,1,1341.995,747.2856,1348.021,754.3682
40.8137,1,1341.995,747.2856,1345.008,750.8269
40.82184,1,1262.669,533.876,1303.838,642.3514
40.83428,1,1262.669,533.876,1283.253,588.1138
40.84701,1,1262.669,533.876,1272.961,560.9949
40.85507,1,1207.886,302.5515,1240.423,431.7732
40.86859,1,1207.886,302.5515,1224.155,367.1623
40.87863,1,1207.886,302.5515,1216.02,334.8569
40.8904,1,1174.735,194.3226,1195.377,264.5897
40.90061,1,1174.735,194.3226,1185.056,229.4561
40.91327,1,1162.7,151.7384,1173.878,190.5973
40.92207,1,1162.7,151.7384,1168.289,171.1678
40.93465,1,1162.7,151.7384,1165.494,161.4531
40.94372,1,1158.34,131.2832,1161.917,146.3681
40.95461,1,1158.34,131.2832,1160.128,138.8257
40.96474,1,1158.34,131.2832,1159.234,135.0544
40.97634,1,1155.498,123.2516,1157.366,129.153
40.9882,1,1155.498,123.2516,1156.432,126.2023
40.99805,1,1155.498,123.2516,1155.965,124.7269
41.00858,1,1154.614,116.2799,1155.29,120.5034
41.01856,1,1154.614,116.2799,1154.952,118.3916
41.03215,1,1154.638,114.6781,1154.795,116.5349
41.04173,1,1154.638,114.6781,1154.717,115.6065
41.05442,1,1154.638,114.6781,1154.677,115.1423
41.06427,1,1154.921,114.173,1154.799,114.6577
41.07583,1,1154.921,114.173,1154.86,114.4153
41.08665,1,1154.921,114.173,1154.891,114.2942
41.09702,1,1154.212,112.7648,1154.551,113.5295
41.11259,1,1154.212,112.7648,1154.381,113.1471
41.12473,1,1148.342,145.5996,1151.362,129.3734
41.14221,1,1148.342,145.5996,1149.852,137.4865
41.15006,1,1148.342,145.5996,1149.097,141.5431
41.15639,1,1129.34,297.7041,1139.219,219.6236
41.16901,1,1129.34,297.7041,1134.28,258.6639
41.17918,1,1129.34,297.7041,1131.81,278.184
41.1928,1,1110.569,487.6055,1121.189,382.8947
41.20154,1,1110.569,487.6055,1115.879,435.2501
41.21358,1,1099.591,593.0712,1107.735,514.1606
41.2229,1,1099.591,593.0712,1103.663,553.616
41.23486,1,1099.591,593.0712,1101.627,573.3436
41.24458,1,1094.405,640.5793,1098.016,606.9614
41.25489,1,1094.405,640.5793,1096.21,623.7704
41.26402,1,1094.405,640.5793,1095.307,632.1748
41.27498,1,1090.941,663.5771,1093.124,647.876
41.2866,1,1090.941,663.5771,1092.032,655.7266
41.29745,1,1090.941,663.5771,1091.487,659.6519
41.30807,1,1089.004,676.2122,1090.245,667.932
41.31838,1,1089.004,676.2122,1089.625,672.0721
41.33076,1,1089.004,676.2122,1089.315,674.1421
41.34116,1,1142.997,697.3898,1116.156,685.7659
41.35243,1,1142.997,697.3898,1129.577,691.5779
41.36309,1,1142.997,697.3898,1136.287,694.4838
41.37474,1,1235.963,736.8672,1186.125,715.6755
41.38573,1,1235.963,736.8672,1211.044,726.2714
41.3968,1,1301.122,768.4711,1256.083,747.3712
41.40877,1,1301.122,768.4711,1278.603,757.9211
41.41844,1,1301.122,768.4711,1289.863,763.1962
41.43092,1,1338.529,785.7687,1314.196,774.4824
41.44073,1,1338.529,785.7687,1326.362,780.1256
41.45461,1,1361.553,797.6617,1343.958,788.8937
41.46379,1,1361.553,797.6617,1352.755,793.2777
41.47465,1,1361.553,797.6617,1357.154,795.4697
41.48448,1,1361.553,797.6617,1359.354,796.5657
41.49733,1,1372.932,802.3575,1366.143,799.4616
41.50881,1,1372.932,802.3575,1369.537,800.9095
41.51833,1,1381.525,806.28,1375.531,803.5947
41.53092,1,1381.525,806.28,1378.528,804.9374
41.53924,1,1381.525,806.28,1380.027,805.6086
41.55256,1,1386.593,808.7719,1383.31,807.1902
41.56345,1,1386.593,808.7719,1384.952,807.9811
41.57444,1,1386.593,808.7719,1385.772,808.3765
41.58685,1,1391.149,808.8794,1388.461,808.6279
41.59683,1,1391.149,808.8794,1389.805,808.7537
41.60909,1,1376.764,800.4966,1383.285,804.6251
41.61831,1,1376.764,800.4966,1380.024,802.5609
41.64201,1,1280.318,742.1246,1330.171,772.3428
41.65086,1,1280.318,742.1246,1305.245,757.2337
41.65824,1,1280.318,742.1246,1292.782,749.6792
41.6683,1,1003.195,573.715,1147.988,661.6971
41.67793,1,1003.195,573.715,1075.591,617.7061
41.68887,1,1003.195,573.715,1039.393,595.7106
41.69875,1,817.3864,456.0847,928.3897,525.8976
41.71377,1,817.3864,456.0847,872.8881,490.9911
41.72035,1,817.3864,456.0847,845.1372,473.5379
41.7323,1,729.3591,401.8928,787.2482,437.7153
41.74103,1,729.3591,401.8928,758.3036,419.8041
41.7542,1,729.3591,401.8928,743.8314,410.8484
41.76492,1,690.0124,376.4996,716.9219,393.674
41.77541,1,690.0124,376.4996,703.4672,385.0868
41.78605,1,690.0124,376.4996,696.7397,380.7932
41.79723,1,672.1697,370.6412,684.4547,375.7172
41.80811,1,672.1697,370.6412,678.3122,373.1792
41.81952,1,664.2756,367.7858,671.2939,370.4825
41.83141,1,664.2756,367.7858,667.7848,369.1342
41.84035,1,664.2756,367.7858,666.0302,368.46
41.85255,1,678.5292,369.3208,672.2797,368.8904
41.8641,1,678.5292,369.3208,675.4045,369.1056
41.87618,1,678.5292,369.3208,676.9669,369.2132
41.88795,1,714.1624,386.8413,695.5646,378.0273
41.89758,1,714.1624,386.8413,704.8635,382.4343
41.90949,1,743.766,401.7093,724.3148,392.0718
41.92022,1,743.766,401.7093,734.0404,396.8905
41.93213,1,743.766,401.7093,738.9032,399.2999
41.94206,1,888.9044,476.6989,813.9038,437.9994
41.95343,1,888.9044,476.6989,851.4041,457.3492
41.96313,1,888.9044,476.6989,870.1543,467.024
41.97391,1,1115.628,588.6614,992.8912,527.8428
41.98413,1,1115.628,588.6614,1054.26,558.2521
41.99859,1,1254.193,654.7953,1154.226,606.5237
42.00856,1,1254.193,654.7953,1204.209,630.6595
42.01813,1,1254.193,654.7953,1229.201,642.7274
42.03085,1,1321.584,691.9221,1275.393,667.3247
42.03953,1,1321.584,691.9221,1298.489,679.6234
42.05122,1,1321.584,691.9221,1310.036,685.7727
42.06196,1,1354.81,706.3172,1332.423,696.0449
42.07525,1,1354.81,706.3172,1343.617,701.181
42.08358,1,1354.81,706.3172,1349.214,703.7491
42.09564,1,1371.436,716.0543,1360.325,709.9017
42.10585,1,1371.436,716.0543,1365.88,712.978
42.11632,1,1371.436,716.0543,1368.658,714.5161
42.12914,1,1377.135,725.0608,1372.896,719.7885
42.13897,1,1377.135,725.0608,1375.016,722.4246
42.15092,1,1377.307,737.9647,1376.161,730.1946
42.16145,1,1377.307,737.9647,1376.734,734.0797
42.17197,1,1377.307,737.9647,1377.021,736.0222
42.18127,1,1376.949,746.6674,1376.985,741.3448
42.19291,1,1376.949,746.6674,1376.967,744.0061
42.20856,1,1376.949,746.6674,1376.958,745.3368
42.21748,1,1375.694,752.2124,1376.326,748.7746
42.22485,1,1375.694,752.2124,1376.01,750.4935
42.23808,1,1375.694,752.2124,1375.852,751.353
42.24837,1,1375.35,754.1202,1375.601,752.7366
42.25737,1,1375.35,754.1202,1375.475,753.4284
42.271,1,1373.62,756.2853,1374.548,754.8569
42.2807,1,1373.62,756.2853,1374.084,755.5711
42.29152,1,1373.62,756.2853,1373.852,755.9282
42.30666,1,1371.919,759.0892,1372.885,757.5087
42.32129,1,1371.919,759.0892,1372.402,758.299
42.32884,1,1371.919,759.0892,1372.16,758.6941
42.33657,1,1371.366,759.2176,1371.763,758.9558
42.34945,1,1371.366,759.2176,1371.565,759.0867
42.3635,1,1370.598,759.5963,1371.081,759.3414
42.38065,1,1370.598,759.5963,1370.84,759.4689
42.38799,1,1370.598,759.5963,1370.719,759.5326
42.39507,1,1370.276,761.2725,1370.498,760.4025
42.40469,1,1370.276,761.2725,1370.387,760.8375
42.41846,1,1370.276,761.2725,1370.332,761.055
42.43104,1,1370.208,762.252,1370.27,761.6534
42.44008,1,1370.208,762.252,1370.239,761.9527
42.45087,1,1370.208,762.252,1370.223,762.1023
42.46162,1,1369.595,762.727,1369.909,762.4147
42.47211,1,1369.595,762.727,1369.752,762.5708
42.48291,1,1368.994,762.6024,1369.373,762.5865
42.4959,1,1368.994,762.6024,1369.184,762.5945
42.50594,1,1368.994,762.6024,1369.089,762.5984
42.51774,1,1368.529,762.5687,1368.809,762.5835
42.52988,1,1368.529,762.5687,1368.669,762.576
42.54032,1,1368.529,762.5687,1368.599,762.5724
42.55209,1,1368.152,762.7067,1368.375,762.6395
42.56261,1,1368.152,762.7067,1368.264,762.6731
42.57331,1,1368.079,763.1266,1368.171,762.8998
42.5837,1,1368.079,763.1266,1368.125,763.0132
42.59563,1,1368.079,763.1266,1368.102,763.0699
42.60435,1,1367.971,763.1331,1368.036,763.1015
42.61698,1,1367.971,763.1331,1368.004,763.1173
42.6266,1,1367.971,763.1331,1367.987,763.1252
42.63708,1,1367.433,763.3267,1367.71,763.226
42.64973,1,1367.433,763.3267,1367.572,763.2764
42.65861,1,1367.433,763.3267,1367.502,763.3015
42.67157,1,1366.687,763.6112,1367.094,763.4564
42.68185,1,1366.687,763.6112,1366.89,763.5338
42.69413,1,1366.014,763.4702,1366.452,763.502
42.70392,1,1366.014,763.4702,1366.233,763.4861
42.71652,1,1366.014,763.4702,1366.124,763.4781
42.7273,1,1365.35,763.404,1365.737,763.441
42.73721,1,1365.35,763.404,1365.544,763.4225
42.74984,1,1365.35,763.404,1365.447,763.4132
42.75872,1,1364.423,763.5337,1364.935,763.4734
42.77097,1,1364.423,763.5337,1364.679,763.5035
42.78076,1,1364.423,763.5337,1364.551,763.5186
42.79205,1,1363.746,763.4379,1364.149,763.4783
42.80164,1,1363.746,763.4379,1363.948,763.4581
42.81468,1,1362.831,763.306,1363.389,763.3821
42.82336,1,1362.831,763.306,1363.11,763.3441
42.83473,1,1362.831,763.306,1362.97,763.3251
42.84836,1,1361.818,762.9946,1362.394,763.1599
42.85646,1,1361.818,762.9946,1362.106,763.0773
42.86863,1,1361.818,762.9946,1361.962,763.0359
42.87856,1,1360.742,762.6175,1361.352,762.8267
42.88994,1,1360.742,762.6175,1361.047,762.7221
42.89953,1,1360.742,762.6175,1360.894,762.6698
42.91154,1,1359.603,762.1502,1360.249,762.41
42.9201,1,1359.603,762.1502,1359.926,762.2802
42.93223,1,1359.603,762.1502,1359.764,762.2152
42.94107,1,1358.294,761.4769,1359.029,761.8461
42.95375,1,1358.294,761.4769,1358.662,761.6615
42.96365,1,1358.294,761.4769,1358.478,761.5692
42.97456,1,1356.541,760.4288,1357.51,760.999
42.98256,1,1356.541,760.4288,1357.026,760.7139
42.99392,1,1356.541,760.4288,1356.783,760.5714
43.0048,1,1354.571,759.3251,1355.677,759.9482
43.01646,1,1354.571,759.3251,1355.124,759.6367
43.02637,1,1352.032,757.8647,1353.578,758.7507
43.03637,1,1352.032,757.8647,1352.805,758.3077
43.04977,1,1352.032,757.8647,1352.418,758.0862
43.05857,1,1349.469,755.5605,1350.944,756.8234
43.07149,1,1349.469,755.5605,1350.207,756.192
43.08222,1,1349.469,755.5605,1349.838,755.8762
43.09351,1,1346.708,750.6298,1348.273,753.253
43.10632,1,1346.708,750.6298,1347.49,751.9414
43.11504,1,1346.708,750.6298,1347.099,751.2856
43.12653,1,1344.777,744.22,1345.938,747.7528
43.13599,1,1344.777,744.22,1345.357,745.9865
43.14851,1,1341.955,737.8868,1343.656,741.9366
43.15865,1,1341.955,737.8868,1342.805,739.9117
43.17017,1,1341.955,737.8868,1342.38,738.8993
43.18029,1,1339.35,731.9085,1340.865,735.4039
43.19124,1,1339.35,731.9085,1340.107,733.6563
43.20108,1,1339.35,731.9085,1339.728,732.7823
43.21432,1,1336.234,728.0684,1337.981,730.4254
43.22212,1,1336.234,728.0684,1337.108,729.2469
43.23435,1,1336.234,728.0684,1336.671,728.6577
43.24654,1,1334.02,724.4572,1335.345,726.5575
43.25562,1,1334.02,724.4572,1334.682,725.5073
43.26888,1,1331.173,721.2801,1332.928,723.3937
43.2806,1,1331.173,721.2801,1332.05,722.3369
43.29174,1,1331.173,721.2801,1331.611,721.8085
43.30106,1,1329.137,718.2433,1330.374,720.0259
43.31329,1,1329.137,718.2433,1329.756,719.1346
43.3224,1,1329.137,718.2433,1329.446,718.689
43.33448,1,1327.947,715.4384,1328.697,717.0637
43.34614,1,1327.947,715.4384,1328.322,716.251
43.35522,1,1327.947,715.4384,1328.134,715.8447
43.36842,1,1326.394,712.1121,1327.264,713.9784
43.37813,1,1326.394,712.1121,1326.829,713.0452
43.38971,1,1324.603,709.7676,1325.716,711.4064
43.40124,1,1324.603,709.7676,1325.159,710.587
43.41335,1,1324.603,709.7676,1324.881,710.1772
43.42207,1,1322.127,708.1789,1323.504,709.1781
43.43523,1,1322.127,708.1789,1322.816,708.6785
43.44613,1,1322.127,708.1789,1322.471,708.4287
43.4548,1,1320.028,706.6025,1321.25,707.5156
43.46638,1,1320.028,706.6025,1320.639,707.0591
43.47633,1,1320.028,706.6025,1320.333,706.8308
43.4882,1,1318.257,705.5186,1319.295,706.1747
43.50019,1,1318.257,705.5186,1318.776,705.8467
43.51291,1,1316.834,704.0203,1317.805,704.9335
43.52145,1,1316.834,704.0203,1317.319,704.4769
43.53414,1,1316.834,704.0203,1317.076,704.2487
43.54602,1,1315.651,702.0288,1316.364,703.1387
43.55523,1,1315.651,702.0288,1316.007,702.5837
43.56797,1,1315.651,702.0288,1315.829,702.3063
43.57836,1,1313.437,699.5785,1314.633,700.9424
43.59001,1,1313.437,699.5785,1314.035,700.2604
43.60087,1,1311.275,698.3454,1312.655,699.3029
43.61406,1,1311.275,698.3454,1311.965,698.8242
43.62268,1,1311.275,698.3454,1311.62,698.5848
43.63518,1,1309.688,697.8331,1310.654,698.2089
43.64671,1,1309.688,697.8331,1310.171,698.021
43.65504,1,1309.688,697.8331,1309.93,697.927
43.66845,1,1308.136,696.5254,1309.033,697.2262
43.6776,1,1308.136,696.5254,1308.585,696.8758
43.68806,1,1308.136,696.5254,1308.361,696.7006
43.69935,1,1306.522,695.7888,1307.441,696.2446
43.70898,1,1306.522,695.7888,1306.982,696.0167
43.71738,1,1306.522,695.7888,1306.752,695.9027
43.73035,1,1305.257,695.5803,1306.004,695.7415
43.73852,1,1305.257,695.5803,1305.63,695.6609
43.75138,1,1303.979,695.166,1304.805,695.4135
43.76642,1,1303.979,695.166,1304.392,695.2897
43.77469,1,1303.979,695.166,1304.186,695.2278
43.78701,1,1302.19,694.7058,1303.188,694.9668
43.79845,1,1302.19,694.7058,1302.689,694.8363
43.81022,1,1302.19,694.7058,1302.439,694.7711
43.81947,1,1300.582,694.1229,1301.51,694.447
43.83305,1,1300.582,694.1229,1301.046,694.2849
43.84135,1,1299.503,693.1232,1300.275,693.7041
43.85732,1,1299.503,693.1232,1299.889,693.4137
43.8705,1,1299.503,693.1232,1299.696,693.2684
43.87734,1,1298.421,691.7545,1299.058,692.5115
43.88743,1,1298.421,691.7545,1298.74,692.133
43.90313,1,1297.254,690.0292,1297.997,691.0811
43.91757,1,1297.254,690.0292,1297.625,690.5552
43.92361,1,1297.254,690.0292,1297.439,690.2922
43.93395,1,1296.667,689.3052,1297.053,689.7987
43.94475,1,1296.667,689.3052,1296.86,689.5519
43.9553,1,1296.667,689.3052,1296.764,689.4286
43.96645,1,1295.662,688.5094,1296.213,688.969
43.97615,1,1295.662,688.5094,1295.938,688.7392
43.98653,1,1295.662,688.5094,1295.8,688.6243
43.99749,1,1295.152,687.7335,1295.476,688.1788
44.00897,1,1295.152,687.7335,1295.314,687.9562
44.0191,1,1295.152,687.7335,1295.233,687.8448
44.03279,1,1293.922,686.8343,1294.578,687.3396
44.04256,1,1293.922,686.8343,1294.25,687.0869
44.05465,1,1292.872,686.4393,1293.561,686.7631
44.06454,1,1292.872,686.4393,1293.216,686.6012
44.0756,1,1292.872,686.4393,1293.044,686.5203
44.0864,1,1291.875,685.8765,1292.459,686.1984
44.09692,1,1291.875,685.8765,1292.167,686.0375
44.10774,1,1291.875,685.8765,1292.021,685.957
44.11795,1,1290.875,685.3771,1291.448,685.6671
44.13222,1,1290.875,685.3771,1291.162,685.5221
44.14117,1,1290.875,685.3771,1291.018,685.4496
44.15245,1,1290.365,685.1581,1290.692,685.3038
44.16331,1,1290.365,685.1581,1290.529,685.231
44.17446,1,1289.744,684.7143,1290.136,684.9727
44.18407,1,1289.744,684.7143,1289.94,684.8435
44.19548,1,1289.744,684.7143,1289.842,684.7789
44.2039,1,1289.24,684.6081,1289.541,684.6935
44.21732,1,1289.24,684.6081,1289.391,684.6508
44.22572,1,1289.24,684.6081,1289.316,684.6294
44.23659,1,1288.804,684.3807,1289.06,684.5051
44.24787,1,1288.804,684.3807,1288.932,684.4429
44.25811,1,1288.804,684.3807,1288.868,684.4118
44.26958,1,1288.655,684.1323,1288.761,684.2721
44.27937,1,1288.655,684.1323,1288.708,684.2022
44.29168,1,1288.655,684.1323,1288.682,684.1672
44.30145,1,1294.493,687.2754,1291.588,685.7213
44.31439,1,1294.493,687.2754,1293.041,686.4984
44.32256,1,1294.493,687.2754,1293.767,686.8868
44.33473,1,1317.079,700.3093,1305.423,693.598
44.34633,1,1317.079,700.3093,1311.251,696.9536
44.3561,1,1345.577,717.0966,1328.414,707.0251
44.36678,1,1345.577,717.0966,1336.996,712.0608
44.37531,1,1345.577,717.0966,1341.286,714.5787
44.38716,1,1370.151,731.7222,1355.719,723.1504
44.39783,1,1370.151,731.7222,1362.935,727.4363
44.40862,1,1370.151,731.7222,1366.543,729.5792
44.4188,1,1390.406,743.1713,1378.474,736.3752
44.43271,1,1390.406,743.1713,1384.44,739.7733
44.4409,1,1390.406,743.1713,1387.423,741.4723
44.4539,1,1407.21,751.9717,1397.317,746.722
44.46474,1,1407.21,751.9717,1402.264,749.3468
44.47582,1,1419.684,759.8132,1410.974,754.58
44.4865,1,1419.684,759.8132,1415.329,757.1965
44.49641,1,1419.684,759.8132,1417.507,758.5049
44.50809,1,1400.084,748.5795,1408.795,753.5422
44.51837,1,1400.084,748.5795,1404.44,751.0609
44.53073,1,1400.084,748.5795,1402.262,749.8202
44.54035,1,1262.03,652.6802,1332.146,701.2502
44.55115,1,1262.03,652.6802,1297.088,676.9652
44.56213,1,1262.03,652.6802,1279.559,664.8228
44.5742,1,986.5763,455.4146,1133.068,560.1187
44.58347,1,986.5763,455.4146,1059.822,507.7666
44.59611,1,826.2223,345.0667,943.0222,426.4167
44.60363,1,826.2223,345.0667,884.6222,385.7417
44.61795,1,826.2223,345.0667,855.4222,365.4042
44.62877,1,751.2383,294.9959,803.3303,330.2001
44.63764,1,751.2383,294.9959,777.2843,312.598
44.65036,1,751.2383,294.9959,764.2613,303.797
44.66037,1,724.2541,271.2446,744.2577,287.5208
44.6709,1,724.2541,271.2446,734.2559,279.3827
44.68122,1,724.2541,271.2446,729.255,275.3137
44.69181,1,712.6603,258.1525,720.9576,266.7331
44.70286,1,712.6603,258.1525,716.809,262.4427
44.71613,1,712.6603,258.1525,714.7346,260.2976
44.72396,1,707.1009,255.9184,710.9177,258.108
44.73804,1,707.1009,255.9184,709.0093,257.0132
44.74957,1,704.6353,254.1073,706.8223,255.5602
44.75795,1,704.6353,254.1073,705.7288,254.8338
44.77083,1,704.6353,254.1073,705.182,254.4705
44.78196,1,719.4908,287.0856,712.3364,270.7781
44.79496,1,719.4908,287.0856,715.9136,278.9319
44.80452,1,719.4908,287.0856,717.7023,283.0087
44.81628,1,754.0182,350.0282,735.8602,316.5184
44.82432,1,754.0182,350.0282,744.9392,333.2733
44.83652,1,754.0182,350.0282,749.4788,341.6508
44.84882,1,957.4699,519.6727,853.4744,430.6617
44.859,1,957.4699,519.6727,905.4722,475.1672
44.87029,1,1212.896,674.5591,1059.184,574.8632
44.88107,1,1212.896,674.5591,1136.04,624.7111
44.8935,1,1212.896,674.5591,1174.468,649.6351
44.90338,1,1342.883,750.1785,1258.675,699.9068
44.91819,1,1342.883,750.1785,1300.779,725.0426
44.93092,1,1399.692,778.572,1350.235,751.8073
44.93761,1,1399.692,778.572,1374.964,765.1897
44.95097,1,1399.692,778.572,1387.328,771.8809
44.96343,1,1421.874,795.9124,1404.601,783.8966
44.97345,1,1421.874,795.9124,1413.238,789.9045
44.98218,1,1421.874,795.9124,1417.556,792.9084
44.99366,1,1432.699,801.4673,1425.128,797.1879
45.00394,1,1432.699,801.4673,1428.913,799.3276
45.01591,1,1432.699,801.4673,1430.806,800.3975
45.02653,1,1439.368,804.439,1435.087,802.4182
45.03577,1,1439.368,804.439,1437.228,803.4286
45.04771,1,1439.368,804.439,1438.298,803.9338
45.05734,1,1442.896,804.3568,1440.597,804.1453
45.07092,1,1442.896,804.3568,1441.746,804.251
45.0815,1,1444.211,804.8921,1442.978,804.5715
45.09286,1,1444.211,804.8921,1443.594,804.7318
45.10229,1,1444.211,804.8921,1443.903,804.812
45.1149,1,1445.413,804.3993,1444.658,804.6056
45.12428,1,1445.413,804.3993,1445.035,804.5024
45.13699,1,1445.413,804.3993,1445.224,804.4509
45.14835,1,1445.855,804.9834,1445.54,804.7172
45.15707,1,1445.855,804.9834,1445.698,804.8503
45.16962,1,1445.855,804.9834,1445.777,804.9169
45.17883,1,1446.578,805.2635,1446.177,805.0902
45.19122,1,1446.578,805.2635,1446.378,805.1769
45.20226,1,1447.617,804.4807,1446.997,804.8288
45.21326,1,1447.617,804.4807,1447.307,804.6548
45.22267,1,1447.617,804.4807,1447.462,804.5677
45.23514,1,1448.258,803.1361,1447.86,803.8519
45.2467,1,1448.258,803.1361,1448.059,803.494
45.25729,1,1448.258,803.1361,1448.159,803.3151
45.2685,1,1448.616,802.7506,1448.387,803.0328
45.27897,1,1448.616,802.7506,1448.501,802.8917
45.2902,1,1448.616,802.7506,1448.559,802.8212
45.30018,1,1449.369,802.9382,1448.964,802.8797
45.31285,1,1449.369,802.9382,1449.167,802.9089
45.32158,1,1449.949,802.7092,1449.558,802.8091
45.33385,1,1449.949,802.7092,1449.753,802.7592
45.34412,1,1449.949,802.7092,1449.851,802.7341
45.35568,1,1450.807,802.876,1450.329,802.8051
45.36668,1,1450.807,802.876,1450.568,802.8405
45.37514,1,1450.807,802.876,1450.688,802.8583
45.38749,1,1451.518,802.9171,1451.103,802.8877
45.3976,1,1451.518,802.9171,1451.311,802.9024
45.40855,1,1451.518,802.9171,1451.415,802.9098
45.41838,1,1452.162,802.5552,1451.788,802.7325
45.43184,1,1452.162,802.5552,1451.975,802.6438
45.44057,1,1452.162,802.5552,1452.068,802.5995
45.45314,1,1452.626,802.6238,1452.347,802.6116
45.46661,1,1452.626,802.6238,1452.487,802.6177
45.47568,1,1452.966,802.5491,1452.726,802.5834
45.48798,1,1452.966,802.5491,1452.846,802.5662
45.49858,1,1452.966,802.5491,1452.906,802.5576
45.5109,1,1453.61,802.4275,1453.258,802.4926
45.52058,1,1453.61,802.4275,1453.434,802.46
45.53411,1,1442.705,800.4518,1448.069,801.4559
45.5447,1,1442.705,800.4518,1445.387,800.9539
45.55687,1,1442.705,800.4518,1444.046,800.7029
45.56651,1,1315.61,784.6667,1379.828,792.6848
45.57905,1,1315.61,784.6667,1347.719,788.6758
45.58961,1,1315.61,784.6667,1331.664,786.6713
45.59915,1,1035.984,752.4138,1183.824,769.5425
45.60812,1,1035.984,752.4138,1109.904,760.9781
45.61938,1,1035.984,752.4138,1072.944,756.696
45.63337,1,831.6005,728.6628,952.2724,742.6794
45.64058,1,831.6005,728.6628,891.9364,735.6711
45.65285,1,831.6005,728.6628,861.7684,732.167
45.66398,1,729.4121,715.7547,795.5903,723.9608
45.67467,1,729.4121,715.7547,762.5012,719.8578
45.68869,1,678.6022,712.3492,720.5517,716.1035
45.69781,1,678.6022,712.3492,699.5769,714.2263
45.70781,1,678.6022,712.3492,689.0895,713.2877
45.71873,1,653.366,713.9094,671.2278,713.5986
45.73116,1,653.366,713.9094,662.2969,713.754
45.74001,1,653.366,713.9094,657.8314,713.8317
45.75159,1,641.4415,714.9816,649.6365,714.4067
45.76337,1,641.4415,714.9816,645.539,714.6942
45.7757,1,636.5966,712.8378,641.0678,713.766
45.78667,1,636.5966,712.8378,638.8322,713.3019
45.79697,1,636.5966,712.8378,637.7144,713.0698
45.81172,1,703.4513,716.1698,670.5829,714.6198
45.81967,1,703.4513,716.1698,687.0171,715.3948
45.83202,1,703.4513,716.1698,695.2342,715.7823
45.8426,1,814.3566,720.0792,754.7954,717.9308
45.85449,1,814.3566,720.0792,784.576,719.005
45.86642,1,1106.385,731.2225,945.4802,725.1138
45.87594,1,1106.385,731.2225,1025.932,728.1682
45.8871,1,1106.385,731.2225,1066.158,729.6953
45.89775,1,1318.393,739.6845,1192.276,734.6899
45.90824,1,1318.393,739.6845,1255.335,737.1873
45.919,1,1318.393,739.6845,1286.864,738.4359
45.93203,1,1432.9,747.0662,1359.882,742.751
45.94028,1,1432.9,747.0662,1396.391,744.9086
45.95173,1,1432.9,747.0662,1414.646,745.9874
45.96236,1,1488.395,751.3192,1451.52,748.6533
45.97296,1,1488.395,751.3192,1469.958,749.9863
45.98293,1,1488.395,751.3192,1479.176,750.6527
45.99566,1,1515.261,751.0351,1497.219,750.8439
46.00705,1,1515.261,751.0351,1506.24,750.9395
46.01573,1,1515.261,751.0351,1510.751,750.9873
46.02801,1,1530.524,749.7408,1520.637,750.364
46.03704,1,1530.524,749.7408,1525.581,750.0524
46.04898,1,1550.097,759.9664,1537.839,755.0094
46.05933,1,1550.097,759.9664,1543.968,757.4879
46.07081,1,1550.097,759.9664,1547.032,758.7272
46.08092,1,1561.617,768.9174,1554.325,763.8223
46.09235,1,1561.617,768.9174,1557.971,766.3698
46.10179,1,1561.617,768.9174,1559.794,767.6436
46.11374,1,1569.424,772.7352,1564.609,770.1894
46.12218,1,1569.424,772.7352,1567.017,771.4623
46.13476,1,1569.424,772.7352,1568.22,772.0988
46.14462,1,1576.283,772.157,1572.252,772.1279
46.15743,1,1576.283,772.157,1574.268,772.1425
46.182,1,1579.879,774.0375,1577.073,773.09
46.18883,1,1579.879,774.0375,1578.476,773.5637
46.19742,1,1582.873,774.8945,1580.675,774.2291
46.2088,1,1582.873,774.8945,1581.774,774.5618
46.21915,1,1582.873,774.8945,1582.323,774.7281
46.23222,1,1585.196,775.4368,1583.76,775.0825
46.24051,1,1585.196,775.4368,1584.478,775.2596
46.25263,1,1585.196,775.4368,1584.837,775.3483
46.26365,1,1587.053,776.0632,1585.945,775.7057
46.27548,1,1587.053,776.0632,1586.499,775.8844
46.28471,1,1587.053,776.0632,1586.776,775.9738
46.29808,1,1588.063,776.5673,1587.42,776.2705
46.30772,1,1588.063,776.5673,1587.741,776.4189
46.31836,1,1588.128,777.6188,1587.935,777.0188
46.33563,1,1588.128,777.6188,1588.032,777.3188
46.34219,1,1588.128,777.6188,1588.08,777.4688
46.35792,1,1588.468,777.5425,1588.274,777.5056
46.37,1,1588.468,777.5425,1588.371,777.524
46.37615,1,1588.468,777.5425,1588.42,777.5333
46.38597,1,1589.563,777.2636,1588.991,777.3984
46.39709,1,1589.563,777.2636,1589.277,777.3311
46.41019,1,1590.486,776.986,1589.881,777.1585
46.41913,1,1590.486,776.986,1590.184,777.0723
46.43198,1,1590.486,776.986,1590.335,777.0291
46.44057,1,1591.317,776.7784,1590.826,776.9037
46.45379,1,1591.317,776.7784,1591.071,776.8411
46.46437,1,1591.317,776.7784,1591.194,776.8097
46.47702,1,1594.87,775.4211,1593.032,776.1154
46.48818,1,1594.87,775.4211,1593.951,775.7682
46.49861,1,1594.87,775.4211,1594.41,775.5946
46.50922,1,1598.743,773.9157,1596.577,774.7551
46.52278,1,1598.743,773.9157,1597.66,774.3354
46.53555,1,1602.631,772.5908,1600.145,773.4631
46.5421,1,1602.631,772.5908,1601.388,773.027
46.55516,1,1602.631,772.5908,1602.009,772.8088
46.56742,1,1606.494,771.9505,1604.252,772.3796
46.57738,1,1606.494,771.9505,1605.373,772.165
46.58844,1,1606.494,771.9505,1605.933,772.0577
46.5983,1,1610.074,771.3056,1608.004,771.6816
46.60918,1,1610.074,771.3056,1609.039,771.4937
46.61983,1,1610.074,771.3056,1609.556,771.3997
46.63342,1,1613.495,770.7203,1611.526,771.0599
46.64409,1,1613.495,770.7203,1612.51,770.8901
46.65657,1,1608.174,763.7416,1610.342,767.3159
46.66849,1,1608.174,763.7416,1609.258,765.5287
46.67777,1,1608.174,763.7416,1608.716,764.6351
46.68891,1,1517.541,677.9592,1563.129,721.2971
46.70065,1,1517.541,677.9592,1540.335,699.6282
46.71204,1,1281.732,464.5041,1411.033,582.0661
46.72169,1,1281.732,464.5041,1346.383,523.2851
46.73355,1,1281.732,464.5041,1314.057,493.8946
46.74345,1,1133.605,329.4546,1223.831,411.6746
46.75417,1,1133.605,329.4546,1178.718,370.5646
46.76396,1,1133.605,329.4546,1156.162,350.0096
46.77472,1,1065.759,260.3358,1110.96,305.1727
46.78644,1,1065.759,260.3358,1088.359,282.7543
46.79763,1,1065.759,260.3358,1077.059,271.545
46.80777,1,1039.077,236.7409,1058.068,254.143
46.81853,1,1039.077,236.7409,1048.573,245.4419
46.83223,1,1025.175,224.2468,1036.874,234.8444
46.84067,1,1025.175,224.2468,1031.024,229.5456
46.85191,1,1025.175,224.2468,1028.1,226.8962
46.86304,1,1017.328,218.4319,1022.714,222.6641
46.8746,1,1017.328,218.4319,1020.021,220.548
46.88682,1,1017.328,218.4319,1018.674,219.49
46.89632,1,999.5725,219.3736,1009.123,219.4318
46.90859,1,999.5725,219.3736,1004.348,219.4027
46.91798,1,999.5725,219.3736,1001.96,219.3881
46.93221,1,986.593,222.5715,994.2766,220.9798
46.9409,1,986.593,222.5715,990.4348,221.7756
46.95322,1,1016.27,231.9055,1003.352,226.8406
46.96293,1,1016.27,231.9055,1009.811,229.373
46.97657,1,1016.27,231.9055,1013.04,230.6393
46.98667,1,1067.984,262.0779,1040.512,246.3586
46.99706,1,1067.984,262.0779,1054.248,254.2183
47.0088,1,1067.984,262.0779,1061.116,258.1481
47.01882,1,1266.977,377.7765,1164.046,317.9623
47.03164,1,1266.977,377.7765,1215.512,347.8694
47.04068,1,1266.977,377.7765,1241.244,362.8229
47.05264,1,1466.402,503.4756,1353.823,433.1493
47.06314,1,1466.402,503.4756,1410.113,468.3124
47.07435,1,1575.896,568.1282,1493.005,518.2203
47.08382,1,1575.896,568.1282,1534.451,543.1743
47.09647,1,1575.896,568.1282,1555.174,555.6512
47.10666,1,1624.396,598.423,1589.785,577.0371
47.11523,1,1624.396,598.423,1607.09,587.7301
47.12998,1,1624.396,598.423,1615.743,593.0765
47.13737,1,1648.094,612.7309,1631.918,602.9037
47.15071,1,1648.094,612.7309,1640.006,607.8173
47.16404,1,1648.094,612.7309,1644.05,610.274
47.17339,1,1660.49,621.069,1652.27,615.6715
47.18129,1,1660.49,621.069,1656.38,618.3702
47.192,1,1660.49,621.069,1658.435,619.7196
47.20318,1,1660.694,647.9966,1659.564,633.8582
47.21518,1,1660.694,647.9966,1660.129,640.9274
47.22701,1,1657.347,673.4823,1658.738,657.2048
47.23643,1,1657.347,673.4823,1658.043,665.3436
47.24905,1,1657.347,673.4823,1657.695,669.413
47.25995,1,1656.044,683.7629,1656.87,676.5879
47.27209,1,1656.044,683.7629,1656.457,680.1754
47.2867,1,1653.971,689.3049,1655.214,684.7402
47.30716,1,1653.971,689.3049,1654.592,687.0226
47.31415,1,1653.971,689.3049,1654.281,688.1638
47.32111,1,1652.18,694.2821,1653.231,691.2229
47.33289,1,1652.18,694.2821,1652.705,692.7525
47.34088,1,1652.18,694.2821,1652.442,693.5173
47.35378,1,1649.375,695.7443,1650.909,694.6309
47.36656,1,1649.375,695.7443,1650.142,695.1876
47.37479,1,1649.375,695.7443,1649.759,695.4659
47.38849,1,1640.727,691.7654,1645.243,693.6157
47.39777,1,1640.727,691.7654,1642.985,692.6906
47.40942,1,1634.923,688.5438,1638.954,690.6172
47.41966,1,1634.923,688.5438,1636.938,689.5805
47.43277,1,1634.923,688.5438,1635.931,689.0621
47.44245,1,1631.159,686.9709,1633.545,688.0165
47.45611,1,1631.159,686.9709,1632.352,687.4938
47.46828,1,1628.761,685.4359,1630.556,686.4648
47.47606,1,1628.761,685.4359,1629.659,685.9504
47.4885,1,1628.761,685.4359,1629.21,685.6931
47.49969,1,1627.295,684.3369,1628.253,685.015
47.51411,1,1627.295,684.3369,1627.774,684.676
47.52089,1,1627.295,684.3369,1627.535,684.5065
47.53304,1,1625.722,683.4926,1626.628,683.9995
47.54145,1,1625.722,683.4926,1626.175,683.746
47.55353,1,1625.722,683.4926,1625.949,683.6193
47.56639,1,1623.79,682.4879,1624.87,683.0536
47.57487,1,1623.79,682.4879,1624.33,682.7708
47.58746,1,1621.94,681.436,1623.135,682.1034
47.59828,1,1621.94,681.436,1622.537,681.7697
47.61008,1,1621.94,681.436,1622.239,681.6029
47.61952,1,1620.023,681.2672,1621.131,681.4351
47.63253,1,1620.023,681.2672,1620.577,681.3511
47.64249,1,1620.023,681.2672,1620.3,681.3092
47.65424,1,1618.105,680.6223,1619.203,680.9657
47.66472,1,1618.105,680.6223,1618.654,680.7939
47.67543,1,1618.105,680.6223,1618.38,680.7081
47.68732,1,1615.801,680.425,1617.09,680.5665
47.69769,1,1615.801,680.425,1616.446,680.4957
47.70923,1,1613.476,680.1809,1614.961,680.3383
47.71919,1,1613.476,680.1809,1614.218,680.2596
47.73088,1,1613.476,680.1809,1613.847,680.2203
47.7394,1,1611.149,680.0302,1612.498,680.1252
47.75201,1,1611.149,680.0302,1611.823,680.0778
47.76181,1,1611.149,680.0302,1611.486,680.054
47.7737,1,1608.762,679.2562,1610.124,679.6551
47.7832,1,1608.762,679.2562,1609.443,679.4557
47.79568,1,1608.762,679.2562,1609.103,679.356
47.80593,1,1606.705,677.8937,1607.904,678.6249
47.81615,1,1606.705,677.8937,1607.304,678.2593
47.82931,1,1604.413,676.9763,1605.859,677.6178
47.83654,1,1604.413,676.9763,1605.136,677.2971
47.84814,1,1604.413,676.9763,1604.774,677.1367
47.8573,1,1604.413,676.9763,1604.594,677.0565
47.87106,1,1601.861,676.3063,1603.227,676.6814
47.88066,1,1601.861,676.3063,1602.544,676.4938
47.89141,1,1599.72,676.073,1601.132,676.2834
47.9012,1,1599.72,676.073,1600.426,676.1782
47.91449,1,1599.72,676.073,1600.073,676.1256
47.92373,1,1597.656,675.8416,1598.865,675.9836
47.93475,1,1597.656,675.8416,1598.26,675.9126
47.94717,1,1597.656,675.8416,1597.958,675.8771
47.95584,1,1595.882,674.5413,1596.92,675.2092
47.96931,1,1595.882,674.5413,1596.401,674.8752
47.97954,1,1595.882,674.5413,1596.142,674.7083
47.9903,1,1594.223,673.5269,1595.182,674.1176
48.00053,1,1594.223,673.5269,1594.703,673.8223
48.0134,1,1591.748,672.6432,1593.225,673.2328
48.02203,1,1591.748,672.6432,1592.487,672.938
48.03483,1,1591.748,672.6432,1592.117,672.7906
48.04228,1,1589.518,671.2302,1590.817,672.0104
48.05478,1,1589.518,671.2302,1590.167,671.6202
48.06619,1,1589.518,671.2302,1589.843,671.4252
48.08075,1,1587.109,668.739,1588.476,670.0821
48.0917,1,1587.109,668.739,1587.792,669.4105
48.10213,1,1583.951,666.8007,1585.872,668.1056
48.11533,1,1583.951,666.8007,1584.911,667.4531
48.1247,1,1583.951,666.8007,1584.431,667.1269
48.13754,1,1580.638,664.7175,1582.535,665.9222
48.1487,1,1580.638,664.7175,1581.587,665.3198
48.15864,1,1580.638,664.7175,1581.113,665.0187
48.17107,1,1577.896,662.5019,1579.504,663.7603
48.18086,1,1577.896,662.5019,1578.7,663.1311
48.1929,1,1574.799,660.8578,1576.75,661.9945
48.20225,1,1574.799,660.8578,1575.774,661.4261
48.21493,1,1574.799,660.8578,1575.286,661.142
48.22396,1,1570.703,659.0229,1572.995,660.0824
48.23608,1,1570.703,659.0229,1571.849,659.5526
48.24768,1,1570.703,659.0229,1571.276,659.2877
48.25636,1,1567.593,657.7427,1569.434,658.5153
48.26674,1,1567.593,657.7427,1568.513,658.129
48.27579,1,1567.593,657.7427,1568.053,657.9359
48.29047,1,1565.147,657.2088,1566.6,657.5724
48.30059,1,1565.147,657.2088,1565.874,657.3906
48.31455,1,1563.253,656.9371,1564.563,657.1638
48.32315,1,1563.253,656.9371,1563.908,657.0504
48.33514,1,1563.253,656.9371,1563.58,656.9938
48.34747,1,1560.943,656.6665,1562.261,656.8301
48.3563,1,1560.943,656.6665,1561.602,656.7483
48.3684,1,1560.943,656.6665,1561.272,656.7074
48.37899,1,1558.692,656.8279,1559.982,656.7676
48.39008,1,1558.692,656.8279,1559.337,656.7977
48.40204,1,1558.692,656.8279,1559.014,656.8128
48.41415,1,1556.728,655.8661,1557.871,656.3395
48.42359,1,1556.728,655.8661,1557.3,656.1028
48.44702,1,1553.448,651.9286,1555.374,654.0157
48.4536,1,1553.448,651.9286,1554.411,652.9722
48.46308,1,1549.674,646.4698,1552.042,649.721
48.47433,1,1549.674,646.4698,1550.858,648.0955
48.48658,1,1549.674,646.4698,1550.266,647.2827
48.49674,1,1546.896,641.5435,1548.581,644.4131
48.50696,1,1546.896,641.5435,1547.739,642.9783
48.51751,1,1546.896,641.5435,1547.317,642.2609
48.53073,1,1542.831,637.3044,1545.074,639.7827
48.5397,1,1542.831,637.3044,1543.952,638.5436
48.55228,1,1542.831,637.3044,1543.392,637.924
48.56182,1,1539.018,633.4786,1541.205,635.7013
48.57352,1,1539.018,633.4786,1540.112,634.59
48.58312,1,1539.018,633.4786,1539.565,634.0343
48.59418,1,1536.304,629.7909,1537.935,631.9126
48.60368,1,1536.304,629.7909,1537.119,630.8517
48.61745,1,1533.081,625.6418,1535.1,628.2468
48.62738,1,1533.081,625.6418,1534.091,626.9443
48.63839,1,1533.081,625.6418,1533.586,626.293
48.65,1,1529.59,623.8967,1531.588,625.0948
48.65932,1,1529.59,623.8967,1530.589,624.4957
48.67169,1,1529.59,623.8967,1530.089,624.1962
48.68244,1,1527.372,622.0219,1528.73,623.109
48.69341,1,1527.372,622.0219,1528.051,622.5654
48.70438,1,1527.372,622.0219,1527.711,622.2937
48.71712,1,1525.37,621.1335,1526.54,621.7136
48.72659,1,1525.37,621.1335,1525.955,621.4236
48.73659,1,1523.881,619.9349,1524.918,620.6792
48.75024,1,1523.881,619.9349,1524.4,620.307
48.75899,1,1523.881,619.9349,1524.14,620.121
48.77113,1,1521.749,619.5316,1522.945,619.8263
48.78226,1,1521.749,619.5316,1522.347,619.679
48.79253,1,1521.749,619.5316,1522.048,619.6053
48.80332,1,1518.23,618.4706,1520.139,619.038
48.81572,1,1518.23,618.4706,1519.184,618.7543
48.82465,1,1518.23,618.4706,1518.707,618.6124
48.83807,1,1515.68,616.3494,1517.193,617.481
48.85012,1,1515.68,616.3494,1516.437,616.9152
48.86302,1,1512.99,615.2009,1514.713,616.058
48.87256,1,1512.99,615.2009,1513.852,615.6295
48.88195,1,1512.99,615.2009,1513.421,615.4152
48.8932,1,1510.445,614.42,1511.933,614.9176
48.90308,1,1510.445,614.42,1511.189,614.6688
48.91517,1,1510.445,614.42,1510.817,614.5444
48.926,1,1508.351,613.1105,1509.584,613.8275
48.93543,1,1508.351,613.1105,1508.968,613.469
48.94805,1,1506.271,612.1354,1507.619,612.8022
48.95692,1,1506.271,612.1354,1506.945,612.4689
48.96889,1,1506.271,612.1354,1506.608,612.3021
48.97945,1,1504.653,611.5276,1505.631,611.9149
48.9905,1,1504.653,611.5276,1505.142,611.7213
49.00048,1,1504.653,611.5276,1504.897,611.6245
49.01344,1,1502.674,610.4978,1503.786,611.0612
49.0215,1,1502.674,610.4978,1503.23,610.7795
49.03368,1,1502.674,610.4978,1502.952,610.6387
49.0442,1,1500.66,608.7374,1501.806,609.688
49.05479,1,1500.66,608.7374,1501.233,609.2126
49.06674,1,1500.66,608.7374,1500.946,608.975
49.07581,1,1498.063,606.1169,1499.505,607.5459
49.08757,1,1498.063,606.1169,1498.784,606.8314
49.09816,1,1495.296,604.6415,1497.04,605.7365
49.11049,1,1495.296,604.6415,1496.168,605.189
49.11845,1,1495.296,604.6415,1495.732,604.9153
49.13067,1,1492.253,603.3546,1493.993,604.1349
49.13921,1,1492.253,603.3546,1493.123,603.7448
49.15417,1,1492.253,603.3546,1492.688,603.5497
49.16411,1,1490.375,602.6399,1491.531,603.0948
49.17516,1,1490.375,602.6399,1490.953,602.8673
49.18698,1,1490.375,602.6399,1490.664,602.7536
49.19857,1,1488.514,601.8055,1489.589,602.2795
49.20878,1,1488.514,601.8055,1489.051,602.0425
49.21983,1,1486.951,601.7332,1488.001,601.8878
49.23415,1,1486.951,601.7332,1487.476,601.8105
49.24203,1,1486.951,601.7332,1487.213,601.7719
49.25494,1,1485.412,601.6696,1486.313,601.7207
49.26485,1,1485.412,601.6696,1485.863,601.6951
49.27568,1,1485.412,601.6696,1485.637,601.6824
49.28676,1,1484.067,601.5404,1484.852,601.6114
49.2971,1,1484.067,601.5404,1484.459,601.5759
49.30946,1,1482.765,601.2288,1483.612,601.4023
49.32092,1,1482.765,601.2288,1483.188,601.3156
49.33338,1,1482.765,601.2288,1482.977,601.2722
49.34235,1,1481.373,601.4552,1482.175,601.3636
49.35453,1,1481.373,601.4552,1481.774,601.4094
49.36446,1,1481.373,601.4552,1481.573,601.4323
49.37574,1,1479.324,601.5008,1480.449,601.4666
49.38753,1,1479.324,601.5008,1479.886,601.4836
49.39851,1,1479.324,601.5008,1479.605,601.4922
49.40923,1,1477.407,601.8065,1478.506,601.6493
49.41908,1,1477.407,601.8065,1477.956,601.7279
49.43227,1,1475.881,602.3777,1476.918,602.0529
49.44305,1,1475.881,602.3777,1476.4,602.2153
49.45812,1,1475.881,602.3777,1476.14,602.2965
49.46848,1,1474.296,602.4875,1475.218,602.392
49.47851,1,1474.296,602.4875,1474.757,602.4397
49.49012,1,1472.671,602.6398,1473.714,602.5398
49.50079,1,1472.671,602.6398,1473.192,602.5898
49.51234,1,1472.671,602.6398,1472.932,602.6149
49.52145,1,1471.117,602.8217,1472.024,602.7183
49.53436,1,1471.117,602.8217,1471.571,602.77
49.54652,1,1471.117,602.8217,1471.344,602.7958
49.55497,1,1469.988,603.6982,1470.666,603.247
49.56786,1,1469.988,603.6982,1470.327,603.4727
49.57809,1,1469.988,603.6982,1470.158,603.5854
49.58983,1,1468.604,604.8943,1469.381,604.2399
49.59955,1,1468.604,604.8943,1468.993,604.5671
49.61089,1,1467.168,606.0935,1468.08,605.3303
49.62122,1,1467.168,606.0935,1467.624,605.7119
49.63504,1,1467.168,606.0935,1467.396,605.9027
49.6465,1,1465.216,607.145,1466.306,606.5239
49.65681,1,1465.216,607.145,1465.761,606.8345
49.6693,1,1465.216,607.145,1465.488,606.9897
49.68058,1,1463.158,608.0095,1464.323,607.4996
49.69103,1,1463.158,608.0095,1463.741,607.7546
49.70196,1,1460.822,609.3869,1462.281,608.5707
49.71539,1,1460.822,609.3869,1461.552,608.9788
49.72327,1,1460.822,609.3869,1461.187,609.1829
49.73578,1,1459.043,611.0447,1460.115,610.1138
49.74696,1,1459.043,611.0447,1459.579,610.5792
49.75484,1,1459.043,611.0447,1459.311,610.812
49.76892,1,1457.337,612.5978,1458.324,611.705
49.77927,1,1457.337,612.5978,1457.831,612.1514
49.79064,1,1457.337,612.5978,1457.584,612.3746
49.80097,1,1454.78,614.9297,1456.182,613.6522
49.81286,1,1454.78,614.9297,1455.481,614.2909
49.82169,1,1454.78,614.9297,1455.13,614.6103
49.83362,1,1452.833,616.5013,1453.982,615.5558
49.84241,1,1452.833,616.5013,1453.407,616.0286
49.85499,1,1450.806,619.0355,1452.107,617.532
49.86954,1,1450.806,619.0355,1451.456,618.2838
49.87951,1,1450.806,619.0355,1451.131,618.6597
49.89174,1,1448.705,621.8227,1449.918,620.2412
49.90199,1,1448.705,621.8227,1449.311,621.032
49.91492,1,1445.831,624.3249,1447.571,622.6785
49.92402,1,1445.831,624.3249,1446.701,623.5017
49.93512,1,1445.831,624.3249,1446.266,623.9133
49.94747,1,1443.006,627.5151,1444.636,625.7142
49.95503,1,1443.006,627.5151,1443.821,626.6146
49.96717,1,1443.006,627.5151,1443.414,627.0648
49.97709,1,1440.538,630.5649,1441.976,628.8149
49.98847,1,1440.538,630.5649,1441.257,629.6899
50.00267,1,1440.538,630.5649,1440.897,630.1274
50.01452,1,1438.512,634.4403,1439.705,632.2839
50.02477,1,1438.512,634.4403,1439.108,633.3621
50.03683,1,1435.28,637.741,1437.194,635.5515
50.04648,1,1435.28,637.741,1436.237,636.6462
50.05725,1,1435.28,637.741,1435.758,637.1936
50.06862,1,1432.752,640.3168,1434.255,638.7552
50.07838,1,1432.752,640.3168,1433.504,639.536
50.09019,1,1432.752,640.3168,1433.128,639.9264
50.10115,1,1431.208,643.4178,1432.168,641.6721
50.11313,1,1431.208,643.4178,1431.688,642.545
50.12861,1,1429.451,646.2306,1430.57,644.3878
50.13405,1,1429.451,646.2306,1430.01,645.3092
50.14233,1,1429.451,646.2306,1429.731,645.7699
50.15697,1,1427.513,649.5448,1428.622,647.6573
50.16737,1,1427.513,649.5448,1428.067,648.6011
50.18056,1,1427.513,649.5448,1427.79,649.0729
50.19082,1,1424.858,653.4634,1426.324,651.2682
50.20126,1,1424.858,653.4634,1425.591,652.3658
50.21439,1,1424.858,653.4634,1425.224,652.9147
50.22428,1,1420.447,658.8081,1422.835,655.8614
50.24033,1,1420.447,658.8081,1421.641,657.3347
50.25275,1,1416.784,662.3863,1419.212,659.8605
50.25945,1,1416.784,662.3863,1417.998,661.1234
50.26935,1,1416.784,662.3863,1417.391,661.7549
50.27992,1,1414.034,666.5544,1415.713,664.1547
50.29067,1,1414.034,666.5544,1414.873,665.3545
50.30047,1,1414.034,666.5544,1414.454,665.9545
50.31333,1,1411.913,670.6282,1413.184,668.2913
50.32218,1,1411.913,670.6282,1412.549,669.4597
50.33437,1,1411.913,670.6282,1412.231,670.0439
50.34246,1,1409.806,673.7531,1411.018,671.8986
50.35584,1,1409.806,673.7531,1410.412,672.8258
50.36916,1,1408.058,676.5814,1409.235,674.7036
50.37872,1,1408.058,676.5814,1408.646,675.6425
50.38953,1,1408.058,676.5814,1408.352,676.1119
50.40047,1,1380.546,677.2637,1394.449,676.6878
50.41381,1,1380.546,677.2637,1387.497,676.9757
50.42076,1,1380.546,677.2637,1384.021,677.1197
50.43389,1,1201.931,670.5533,1292.976,673.8365
50.44331,1,1201.931,670.5533,1247.454,672.1949
50.45494,1,1201.931,670.5533,1224.693,671.3741
50.46725,1,893.7258,656.2432,1059.209,663.8086
50.49552,1,679.4256,641.83,869.3174,652.8193
50.50137,1,679.4256,641.83,774.3715,647.3246
50.51285,1,679.4256,641.83,726.8986,644.5773
50.52216,1,579.5022,633.4446,653.2004,639.011
50.53369,1,579.5022,633.4446,616.3513,636.2278
50.54366,1,579.5022,633.4446,597.9268,634.8362
50.55481,1,535.0735,633.4761,566.5001,634.1561
50.56585,1,535.0735,633.4761,550.7869,633.8161
50.57585,1,535.0735,633.4761,542.9302,633.6461
50.58843,1,511.3462,633.7791,527.1382,633.7126
50.59833,1,511.3462,633.7791,519.2422,633.7458
50.61213,1,501.6191,635.7247,510.4307,634.7352
50.62096,1,501.6191,635.7247,506.0249,635.23
50.63306,1,501.6191,635.7247,503.822,635.4773
50.64433,1,495.8185,635.9652,499.8203,635.7213
50.65491,1,495.8185,635.9652,497.8194,635.8433
50.66672,1,495.8185,635.9652,496.8189,635.9042
50.67747,1,493.0896,635.4834,494.9543,635.6938
50.68752,1,493.0896,635.4834,494.022,635.5886
50.69839,1,490.566,636.2045,492.294,635.8966
50.71063,1,490.566,636.2045,491.43,636.0505
50.72009,1,490.566,636.2045,490.998,636.1276
50.733,1,495.6564,624.0682,493.3272,630.0979
50.74271,1,495.6564,624.0682,494.4918,627.0831
50.75496,1,495.6564,624.0682,495.0741,625.5757
50.76424,1,562.6191,522.9529,528.8466,574.2643
50.77567,1,562.6191,522.9529,545.7328,548.6086
50.78745,1,562.6191,522.9529,554.1759,535.7808
50.79714,1,664.4742,368.6035,609.3251,452.1921
50.81011,1,664.4742,368.6035,636.8997,410.3978
50.81781,1,664.4742,368.6035,650.687,389.5007
50.83041,1,725.9166,266.079,688.3018,327.7899
50.83875,1,725.9166,266.079,707.1092,296.9344
50.85089,1,759.3076,215.9706,733.2084,256.4525
50.86146,1,759.3076,215.9706,746.2579,236.2115
50.87177,1,759.3076,215.9706,752.7827,226.0911
50.8827,1,780.2696,195.3053,766.5261,210.6982
50.89333,1,780.2696,195.3053,773.3978,203.0018
50.90324,1,780.2696,195.3053,776.8337,199.1535
50.91528,1,793.3129,186.1016,785.0733,192.6276
50.92614,1,793.3129,186.1016,789.1931,189.3646
50.9358,1,793.3129,186.1016,791.253,187.7331
50.94822,1,800.9328,182.1104,796.0929,184.9218
50.95717,1,800.9328,182.1104,798.5128,183.5161
50.9707,1,807.3235,179.206,802.9182,181.3611
50.98096,1,807.3235,179.206,805.1208,180.2835
50.99195,1,807.3235,179.206,806.2222,179.7448
51.00381,1,811.3536,178.0627,808.7878,178.9037
51.01542,1,811.3536,178.0627,810.0707,178.4832
51.02719,1,811.3536,178.0627,810.7122,178.2729
51.03615,1,814.3727,175.7659,812.5425,177.0194
51.04873,1,814.3727,175.7659,813.4576,176.3926
51.05892,1,814.3727,175.7659,813.9152,176.0792
51.07096,1,871.3179,223.349,842.6165,199.7141
51.08241,1,871.3179,223.349,856.9672,211.5315
51.09479,1,1039.139,343.4597,948.0529,277.4956
51.10347,1,1039.139,343.4597,993.5957,310.4777
51.11529,1,1039.139,343.4597,1016.367,326.9687
51.12476,1,1193.831,446.6715,1105.099,386.8201
51.13667,1,1193.831,446.6715,1149.465,416.7458
51.14841,1,1193.831,446.6715,1171.648,431.7086
51.16172,1,1308.543,517.8009,1240.096,474.7548
51.17441,1,1308.543,517.8009,1274.319,496.2778
51.18291,1,1403.47,588.3199,1338.895,542.2989
51.19118,1,1403.47,588.3199,1371.182,565.3094
51.20214,1,1403.47,588.3199,1387.326,576.8147
51.21471,1,1447.401,625.252,1417.364,601.0333
51.22446,1,1447.401,625.252,1432.383,613.1426
51.23692,1,1447.401,625.252,1439.892,619.1973
51.24757,1,1466.726,643.2888,1453.309,631.243
51.2627,1,1466.726,643.2888,1460.017,637.2659
51.27263,1,1478.905,653.1719,1469.461,645.2189
51.28202,1,1478.905,653.1719,1474.183,649.1954
51.29642,1,1478.905,653.1719,1476.544,651.1837
51.30447,1,1487.935,659.6642,1482.24,655.424
51.3169,1,1487.935,659.6642,1485.087,657.5441
51.32862,1,1487.935,659.6642,1486.511,658.6041
51.33756,1,1493.85,661.0485,1490.181,659.8263
51.35098,1,1493.85,661.0485,1492.015,660.4374
51.36171,1,1493.85,661.0485,1492.933,660.7429
51.3718,1,1494.148,664.1884,1493.541,662.4657
51.38315,1,1494.148,664.1884,1493.844,663.327
51.39312,1,1494.148,664.1884,1493.996,663.7577
51.40286,1,1494.647,667.3348,1494.322,665.5463
51.41611,1,1494.647,667.3348,1494.484,666.4406
51.42394,1,1495.461,668.8347,1494.972,667.6376
51.43609,1,1495.461,668.8347,1495.217,668.2362
51.44819,1,1495.461,668.8347,1495.339,668.5355
51.4567,1,1495.655,670.0821,1495.497,669.3088
51.46899,1,1495.655,670.0821,1495.576,669.6954
51.47945,1,1495.655,670.0821,1495.616,669.8888
51.4907,1,1446.555,678.3308,1471.085,674.1098
51.50092,1,1446.555,678.3308,1458.82,676.2203
51.51402,1,1247.648,702.4308,1353.234,689.3256
51.52226,1,1247.648,702.4308,1300.441,695.8782
51.53492,1,1247.648,702.4308,1274.044,699.1545
51.54583,1,935.0607,730.4271,1104.552,714.7908
51.5562,1,935.0607,730.4271,1019.807,722.609
51.56866,1,935.0607,730.4271,977.4337,726.5181
51.58095,1,738.0029,747.0757,857.7183,736.7969
51.59145,1,738.0029,747.0757,797.8606,741.9363
51.60154,1,738.0029,747.0757,767.9318,744.506
51.61467,1,643.1403,754.5297,705.536,749.5178
51.62334,1,643.1403,754.5297,674.3381,752.0237
51.63541,1,602.8036,760.1716,638.5709,756.0977
51.6473,1,602.8036,760.1716,620.6873,758.1346
51.65489,1,602.8036,760.1716,611.7455,759.1531
51.66731,1,586.7109,759.2958,599.2282,759.2244
51.6815,1,586.7109,759.2958,592.9696,759.2601
51.69125,1,586.7109,759.2958,589.8403,759.278
51.70192,1,676.6748,632.8491,633.2576,696.0635
51.71332,1,676.6748,632.8491,654.9662,664.4563
51.72455,1,676.6748,632.8491,665.8205,648.6527
51.73524,1,834.0197,394.3701,749.92,521.5114
51.74622,1,834.0197,394.3701,791.9698,457.9407
51.75462,1,834.0197,394.3701,812.9948,426.1554
51.76742,1,947.3148,212.6976,880.1548,319.4265
51.77886,1,947.3148,212.6976,913.7347,266.0621
51.78793,1,1001.102,120.849,957.4186,193.4556
51.79794,1,1001.102,120.849,979.2605,157.1523
51.80952,1,1001.102,120.849,990.1814,139.0007
51.81916,1,1022.707,81.99232,1006.444,110.4965
51.83096,1,1022.707,81.99232,1014.575,96.24441
51.83951,1,1022.707,81.99232,1018.641,89.11836
51.85189,1,1030.883,67.67657,1024.762,78.39746
51.86304,1,1030.883,67.67657,1027.823,73.03702
51.87397,1,1030.883,67.67657,1029.353,70.3568
51.88501,1,1042.65,60.12323,1036.002,65.24001
51.89647,1,1042.65,60.12323,1039.326,62.68162
51.90697,1,1117.485,56.64936,1078.406,59.66549
51.91798,1,1117.485,56.64936,1097.945,58.15742
51.93218,1,1117.485,56.64936,1107.715,57.40339
51.94039,1,1179.385,54.12028,1143.55,55.76184
51.95364,1,1179.385,54.12028,1161.468,54.94106
51.96423,1,1179.385,54.12028,1170.426,54.53067
51.97655,1,1212.781,54.21459,1191.604,54.37263
51.98587,1,1212.781,54.21459,1202.192,54.29361
51.99769,1,1230.894,53.8505,1216.543,54.07205
52.00945,1,1230.894,53.8505,1223.718,53.96127
52.02055,1,1230.894,53.8505,1227.306,53.90588
52.03358,1,1240.996,52.9319,1234.151,53.41889
52.04268,1,1240.996,52.9319,1237.573,53.17539
52.05359,1,1240.996,52.9319,1239.285,53.05364
52.06413,1,1249.761,51.92609,1244.523,52.48987
52.07549,1,1249.761,51.92609,1247.142,52.20798
52.08731,1,1249.761,51.92609,1248.451,52.06703
52.09723,1,1288.277,99.35019,1268.364,75.70861
52.1085,1,1288.277,99.35019,1278.321,87.5294
52.1209,1,1365.824,268.1573,1322.072,177.8434
52.13782,1,1365.824,268.1573,1343.948,223.0003
52.14324,1,1365.824,268.1573,1354.886,245.5788
52.15291,1,1431.037,430.9009,1392.961,338.2399
52.16346,1,1431.037,430.9009,1411.999,384.5704
52.17416,1,1431.037,430.9009,1421.518,407.7357
52.18709,1,1465.424,511.6186,1443.471,459.6771
52.19756,1,1465.424,511.6186,1454.448,485.6479
52.20686,1,1465.424,511.6186,1459.936,498.6332
52.21788,1,1481.905,551.1504,1470.921,524.8918
52.23066,1,1481.905,551.1504,1476.413,538.0211
52.24593,1,1487.812,575.0449,1482.113,556.533
52.26407,1,1487.812,575.0449,1484.962,565.7889
52.27368,1,1494.705,586.703,1489.834,576.246
52.28306,1,1494.705,586.703,1492.269,581.4745
52.29646,1,1494.705,586.703,1493.487,584.0887
52.3073,1,1509.143,601.4007,1501.315,592.7448
52.31664,1,1509.143,601.4007,1505.229,597.0728
52.3287,1,1509.143,601.4007,1507.186,599.2367
52.33714,1,1539.34,636.9067,1523.263,618.0717
52.35092,1,1539.34,636.9067,1531.301,627.4891
52.36066,1,1558.69,662.0044,1544.996,644.7468
52.37183,1,1558.69,662.0044,1551.843,653.3756
52.38167,1,1558.69,662.0044,1555.267,657.69
52.39318,1,1568.302,676.6689,1561.784,667.1794
52.40149,1,1568.302,676.6689,1565.043,671.9242
52.41419,1,1568.302,676.6689,1566.673,674.2966
52.424,1,1574.273,683.8064,1570.473,679.0515
52.43724,1,1574.273,683.8064,1572.373,681.429
52.44897,1,1574.273,683.8064,1573.323,682.6177
52.45808,1,1577.154,688.283,1575.238,685.4503
52.47016,1,1577.154,688.283,1576.196,686.8666
52.48073,1,1578.657,692.8596,1577.427,689.8631
52.49106,1,1578.657,692.8596,1578.042,691.3613
52.50166,1,1578.657,692.8596,1578.349,692.1105
52.51402,1,1579.413,695.3663,1578.881,693.7384
52.52303,1,1579.413,695.3663,1579.147,694.5524
52.53496,1,1579.413,695.3663,1579.28,694.9594
52.5479,1,1579.751,696.2859,1579.515,695.6227
52.55594,1,1579.751,696.2859,1579.633,695.9543
52.56945,1,1579.751,696.2859,1579.692,696.1201
52.57999,1,1580.163,697.1578,1579.927,696.639
52.5906,1,1580.163,697.1578,1580.045,696.8984
52.60102,1,1580.163,697.1578,1580.104,697.0281
52.61327,1,1579.235,700.6105,1579.669,698.8193
52.62093,1,1579.235,700.6105,1579.452,699.7149
52.63416,1,1578.763,701.2538,1579.107,700.4844
52.64608,1,1578.763,701.2538,1578.935,700.8691
52.65326,1,1578.763,701.2538,1578.849,701.0614
52.66733,1,1578.212,702.097,1578.53,701.5792
52.67536,1,1578.212,702.097,1578.371,701.8381
52.68877,1,1578.212,702.097,1578.291,701.9675
52.69952,1,1578.109,702.6646,1578.2,702.316
52.71009,1,1578.109,702.6646,1578.155,702.4903
52.71992,1,1578.109,702.6646,1578.132,702.5774
52.73446,1,1578.048,702.3119,1578.09,702.4446
52.74448,1,1578.048,702.3119,1578.069,702.3783
52.75568,1,1577.617,702.2297,1577.843,702.304
52.76755,1,1577.617,702.2297,1577.73,702.2668
52.77894,1,1577.617,702.2297,1577.673,702.2483
52.7879,1,1577,702.5138,1577.337,702.381
52.79855,1,1577,702.5138,1577.168,702.4474
52.8102,1,1577,702.5138,1577.084,702.4806
52.82046,1,1576.223,702.5392,1576.654,702.5099
52.83276,1,1576.223,702.5392,1576.438,702.5245
52.84056,1,1576.223,702.5392,1576.331,702.5319
52.85326,1,1575.577,702.3839,1575.954,702.4579
52.86588,1,1575.577,702.3839,1575.766,702.4209
52.87763,1,1575.098,702.3804,1575.432,702.4006
52.88809,1,1575.098,702.3804,1575.265,702.3905
52.89802,1,1575.098,702.3804,1575.182,702.3855
52.91011,1,1574.04,702.2056,1574.611,702.2955
52.91954,1,1574.04,702.2056,1574.326,702.2505
52.93111,1,1574.04,702.2056,1574.183,702.228
52.9406,1,1573.23,702.0383,1573.707,702.1332
52.95244,1,1573.23,702.0383,1573.469,702.0858
52.96262,1,1573.23,702.0383,1573.35,702.062
52.97357,1,1570.532,701.293,1571.941,701.6775
52.98656,1,1570.532,701.293,1571.237,701.4852
52.99593,1,1566.717,699.8779,1568.977,700.6815
53.00753,1,1566.717,699.8779,1567.847,700.2797
53.01796,1,1566.717,699.8779,1567.282,700.0787
53.03059,1,1564.325,698.8837,1565.804,699.4812
53.04079,1,1564.325,698.8837,1565.064,699.1824
53.05273,1,1564.325,698.8837,1564.695,699.0331
53.06312,1,1561.915,697.5969,1563.305,698.3149
53.07432,1,1561.915,697.5969,1562.61,697.9559
53.08667,1,1559.576,696.1938,1561.093,697.0748
53.09562,1,1559.576,696.1938,1560.334,696.6343
53.10628,1,1559.576,696.1938,1559.955,696.4141
53.1183,1,1557.505,694.4438,1558.73,695.429
53.12984,1,1557.505,694.4438,1558.118,694.9364
53.13847,1,1557.505,694.4438,1557.812,694.6901
53.15138,1,1555.368,693.1792,1556.59,693.9347
53.16133,1,1555.368,693.1792,1555.979,693.5569
53.17146,1,1555.368,693.1792,1555.673,693.368
53.1823,1,1553.161,692.1823,1554.417,692.7751
53.19361,1,1553.161,692.1823,1553.789,692.4788
53.20384,1,1553.161,692.1823,1553.475,692.3306
53.21735,1,1550.93,691.4598,1552.203,691.8952
53.22856,1,1550.93,691.4598,1551.566,691.6775
53.23537,1,1548.573,690.3189,1550.07,690.9982
53.24863,1,1548.573,690.3189,1549.321,690.6586
53.25753,1,1548.573,690.3189,1548.947,690.4888
53.27044,1,1546.299,689.6513,1547.623,690.0701
53.2806,1,1546.299,689.6513,1546.961,689.8607
53.29145,1,1546.299,689.6513,1546.63,689.756
53.30145,1,1543.685,688.2374,1545.158,688.9967
53.31393,1,1543.685,688.2374,1544.422,688.6171
53.32436,1,1543.685,688.2374,1544.053,688.4272
53.3353,1,1540.811,685.7288,1542.432,687.078
53.34628,1,1540.811,685.7288,1541.622,686.4034
53.35542,1,1540.811,685.7288,1541.216,686.0662
53.3688,1,1538.153,683.8625,1539.684,684.9644
53.37904,1,1538.153,683.8625,1538.918,684.4135
53.39115,1,1536.214,682.8489,1537.566,683.6312
53.40233,1,1536.214,682.8489,1536.89,683.24
53.41481,1,1536.214,682.8489,1536.552,683.0444
53.42376,1,1533.213,681.8229,1534.882,682.4337
53.44467,1,1533.213,681.8229,1534.048,682.1283
53.45184,1,1530.11,680.1717,1532.079,681.15
53.4594,1,1530.11,680.1717,1531.094,680.6609
53.47173,1,1530.11,680.1717,1530.602,680.4163
53.482,1,1527.98,678.1053,1529.291,679.2607
53.49377,1,1527.98,678.1053,1528.636,678.683
53.50333,1,1527.98,678.1053,1528.308,678.3942
53.51701,1,1525.626,676.772,1526.967,677.5831
53.52866,1,1525.626,676.772,1526.297,677.1775
53.53826,1,1523.338,675.0162,1524.817,676.0968
53.54947,1,1523.338,675.0162,1524.077,675.5565
53.55785,1,1523.338,675.0162,1523.708,675.2864
53.57045,1,1519.789,673.452,1521.748,674.3692
53.58054,1,1519.789,673.452,1520.768,673.9106
53.59174,1,1519.789,673.452,1520.279,673.6813
53.60191,1,1516.907,671.8783,1518.593,672.7798
53.61438,1,1516.907,671.8783,1517.75,672.329
53.62355,1,1516.907,671.8783,1517.328,672.1036
53.63648,1,1514.328,670.213,1515.828,671.1583
53.64771,1,1514.328,670.213,1515.078,670.6857
53.65743,1,1514.328,670.213,1514.703,670.4493
53.67056,1,1510.944,668.6697,1512.823,669.5595
53.68011,1,1510.944,668.6697,1511.884,669.1146
53.69141,1,1508.464,667.5827,1510.174,668.3486
53.70089,1,1508.464,667.5827,1509.319,667.9657
53.71298,1,1508.464,667.5827,1508.892,667.7742
53.72184,1,1506.296,667.2523,1507.594,667.5132
53.73448,1,1506.296,667.2523,1506.945,667.3828
53.74399,1,1506.296,667.2523,1506.621,667.3176
53.75538,1,1504.08,666.1633,1505.35,666.7404
53.76746,1,1504.08,666.1633,1504.715,666.4518
53.77763,1,1504.08,666.1633,1504.397,666.3076
53.78864,1,1501.854,664.3026,1503.126,665.3051
53.79803,1,1501.854,664.3026,1502.49,664.8038
53.81167,1,1499.302,663.4358,1500.896,664.1198
53.82089,1,1499.302,663.4358,1500.099,663.7778
53.83298,1,1499.302,663.4358,1499.701,663.6068
53.84259,1,1497.503,662.4552,1498.602,663.031
53.85321,1,1497.503,662.4552,1498.052,662.7431
53.86299,1,1497.503,662.4552,1497.778,662.5991
53.87454,1,1495.945,661.4678,1496.861,662.0334
53.8868,1,1495.945,661.4678,1496.403,661.7506
53.89763,1,1495.945,661.4678,1496.174,661.6093
53.90905,1,1494.198,661.1192,1495.186,661.3643
53.91962,1,1494.198,661.1192,1494.692,661.2417
53.93359,1,1490.536,659.4123,1492.614,660.327
53.94433,1,1490.536,659.4123,1491.575,659.8696
53.95375,1,1490.536,659.4123,1491.056,659.641
53.9644,1,1486.776,656.1917,1488.916,657.9164
53.97632,1,1486.776,656.1917,1487.846,657.0541
53.98721,1,1486.776,656.1917,1487.311,656.6229
53.99861,1,1483.48,653.4801,1485.396,655.0515
54.00883,1,1483.48,653.4801,1484.438,654.2658
54.01898,1,1483.48,653.4801,1483.959,653.8729
54.03826,1,1481.126,651.0878,1482.543,652.4803
54.0494,1,1481.126,651.0878,1481.834,651.7841
54.05812,1,1478.721,648.175,1480.278,649.9795
54.06953,1,1478.721,648.175,1479.499,649.0773
54.08012,1,1478.721,648.175,1479.11,648.6261
54.09199,1,1476.159,646.0935,1477.634,647.3598
54.11754,1,1473.405,644.466,1475.52,645.9129
54.12962,1,1473.405,644.466,1474.462,645.1895
54.13665,1,1473.405,644.466,1473.933,644.8278
54.14394,1,1472.319,643.2955,1473.126,644.0616
54.1555,1,1472.319,643.2955,1472.723,643.6786
54.16704,1,1472.319,643.2955,1472.521,643.4871
54.17662,1,1471.567,642.5385,1472.044,643.0128
54.18772,1,1471.567,642.5385,1471.806,642.7756
54.20005,1,1471.567,642.5385,1471.687,642.6571
54.21352,1,1470.342,641.5814,1471.014,642.1193
54.22249,1,1470.342,641.5814,1470.678,641.8503
54.23461,1,1469.332,640.6437,1470.005,641.2471
54.24618,1,1469.332,640.6437,1469.668,640.9454
54.25449,1,1469.332,640.6437,1469.5,640.7946
54.26959,1,1466.787,638.6334,1468.144,639.714
54.27837,1,1466.787,638.6334,1467.466,639.1737
54.28943,1,1466.787,638.6334,1467.126,638.9036
54.29924,1,1463.138,635.4604,1465.132,637.182
54.31116,1,1463.138,635.4604,1464.135,636.3212
54.32169,1,1463.138,635.4604,1463.637,635.8909
54.33253,1,1459.816,630.7376,1461.726,633.3142
54.34404,1,1459.816,630.7376,1460.771,632.0259
54.35518,1,1457.182,627.042,1458.977,629.5339
54.36651,1,1457.182,627.042,1458.079,628.288
54.37587,1,1457.182,627.042,1457.631,627.665
54.38763,1,1454.117,624.5786,1455.874,626.1218
54.39773,1,1454.117,624.5786,1454.995,625.3502
54.40823,1,1454.117,624.5786,1454.556,624.9644
54.41914,1,1451.249,621.6808,1452.902,623.3226
54.4323,1,1451.249,621.6808,1452.075,622.5017
54.44064,1,1451.249,621.6808,1451.662,622.0913
54.45269,1,1448.911,620.0231,1450.286,621.0573
54.46384,1,1448.911,620.0231,1449.599,620.5402
54.47528,1,1446.474,618.021,1448.036,619.2806
54.48294,1,1446.474,618.021,1447.255,618.6508
54.49745,1,1446.474,618.021,1446.865,618.3359
54.50391,1,1446.474,618.021,1446.669,618.1785
54.51565,1,1443.877,615.7047,1445.273,616.9416
54.52534,1,1443.877,615.7047,1444.575,616.3231
54.53722,1,1440.986,613.8452,1442.781,615.0841
54.54913,1,1440.986,613.8452,1441.883,614.4646
54.55956,1,1440.986,613.8452,1441.435,614.1549
54.5696,1,1438.785,612.514,1440.11,613.3345
54.57992,1,1438.785,612.514,1439.448,612.9243
54.59237,1,1438.785,612.514,1439.116,612.7191
54.60092,1,1437.776,611.5877,1438.446,612.1534
54.61307,1,1437.776,611.5877,1438.111,611.8706
54.62142,1,1437.776,611.5877,1437.943,611.7291
54.634,1,1435.848,610.1231,1436.896,610.9261
54.64444,1,1435.848,610.1231,1436.372,610.5247
54.65498,1,1435.848,610.1231,1436.11,610.3239
54.66759,1,1434.156,609.3972,1435.133,609.8605
54.67661,1,1434.156,609.3972,1434.645,609.6288
54.6865,1,1432.217,608.7,1433.431,609.1644
54.69595,1,1432.217,608.7,1432.824,608.9323
54.70682,1,1432.217,608.7,1432.52,608.8162
54.71872,1,1430.199,608.4901,1431.36,608.6531
54.73036,1,1430.199,608.4901,1430.78,608.5715
54.73897,1,1430.199,608.4901,1430.489,608.5308
54.75506,1,1427.752,608.2603,1429.121,608.3955
54.76942,1,1427.752,608.2603,1428.437,608.3279
54.77795,1,1426.16,607.6403,1427.298,607.9841
54.78734,1,1426.16,607.6403,1426.729,607.8123
54.79819,1,1426.16,607.6403,1426.445,607.7263
54.81088,1,1424.987,607.3229,1425.716,607.5247
54.82061,1,1424.987,607.3229,1425.351,607.4238
54.8311,1,1424.987,607.3229,1425.169,607.3734
54.84053,1,1423.249,607.1874,1424.209,607.2804
54.85445,1,1423.249,607.1874,1423.729,607.2339
54.87457,1,1421.474,607.2938,1422.602,607.2639
54.88132,1,1421.474,607.2938,1422.038,607.2788
54.89264,1,1421.474,607.2938,1421.756,607.2863
54.90073,1,1420.05,607.1332,1420.903,607.2097
54.91306,1,1420.05,607.1332,1420.477,607.1714
54.92088,1,1420.05,607.1332,1420.263,607.1523
54.93373,1,1418.51,606.9405,1419.387,607.0464
54.94239,1,1418.51,606.9405,1418.948,606.9934
54.95509,1,1418.51,606.9405,1418.729,606.9669
54.97141,1,1415.188,606.764,1416.958,606.8655
54.97922,1,1415.188,606.764,1416.073,606.8148
54.99222,1,1356.407,618.9657,1386.24,612.8903
54.99998,1,1356.407,618.9657,1371.324,615.928
55.01391,1,1356.407,618.9657,1363.865,617.4468
55.02319,1,1068.745,671.4521,1216.305,644.4495
55.03492,1,1068.745,671.4521,1142.525,657.9508
55.04488,1,1068.745,671.4521,1105.635,664.7014
55.0573,1,744.157,719.0392,924.896,691.8704
55.06731,1,744.157,719.0392,834.5265,705.4548
55.07796,1,583.0463,745.6931,708.7864,725.574
55.08975,1,583.0463,745.6931,645.9164,735.6335
55.10077,1,583.0463,745.6931,614.4813,740.6633
55.11251,1,510.0612,763.5189,562.2712,752.0911
55.12167,1,510.0612,763.5189,536.1663,757.8051
55.13412,1,510.0612,763.5189,523.1138,760.662
55.14468,1,477.4101,765.8146,500.262,763.2383
55.15522,1,477.4101,765.8146,488.8361,764.5265
55.16723,1,477.4101,765.8146,483.1231,765.1705
55.17834,1,462.8315,764.1731,472.9773,764.6718
55.18922,1,462.8315,764.1731,467.9044,764.4225
55.20056,1,464.183,760.9536,466.0437,762.688
55.21274,1,464.183,760.9536,465.1133,761.8208
55.22183,1,464.183,760.9536,464.6481,761.3872
55.23453,1,474.6175,754.805,469.6328,758.0961
55.24443,1,474.6175,754.805,472.1252,756.4506
55.25591,1,474.6175,754.805,473.3713,755.6278
55.26677,1,479.9357,752.4455,476.6535,754.0366
55.27682,1,479.9357,752.4455,478.2946,753.2411
55.28872,1,479.9357,752.4455,479.1152,752.8433
55.29961,1,500.6196,750.549,489.8674,751.6961
55.31195,1,500.6196,750.549,495.2435,751.1226
55.32084,1,524.7816,751.9886,510.0125,751.5556
55.33317,1,524.7816,751.9886,517.397,751.7721
55.34222,1,524.7816,751.9886,521.0893,751.8804
55.35519,1,635.4828,756.1723,578.286,754.0264
55.36467,1,635.4828,756.1723,606.8844,755.0994
55.37644,1,635.4828,756.1723,621.1836,755.6359
55.38874,1,907.0888,764.1019,764.1362,759.8689
55.39973,1,907.0888,764.1019,835.6125,761.9854
55.4129,1,1115.384,774.36,975.4984,768.1727
55.42138,1,1115.384,774.36,1045.441,771.2664
55.43291,1,1115.384,774.36,1080.413,772.8132
55.44411,1,1222.458,774.2332,1151.436,773.5232
55.45499,1,1222.458,774.2332,1186.947,773.8782
55.46487,1,1222.458,774.2332,1204.703,774.0557
55.4783,1,1276.979,773.5377,1240.841,773.7966
55.48875,1,1276.979,773.5377,1258.91,773.6671
55.49876,1,1276.979,773.5377,1267.945,773.6024
55.51311,1,1303.74,769.5771,1285.842,771.5898
55.51879,1,1303.74,769.5771,1294.791,770.5835
55.53088,1,1303.74,769.5771,1299.265,770.0803
55.54005,1,1336.837,767.1374,1318.051,768.6089
55.5518,1,1336.837,767.1374,1327.444,767.8732
55.56242,1,1387.026,777.1368,1357.235,772.505
55.57333,1,1387.026,777.1368,1372.131,774.8209
55.58285,1,1387.026,777.1368,1379.579,775.9789
55.59755,1,1418.266,783.9329,1398.922,779.9559
55.61914,1,1418.266,783.9329,1408.594,781.9445
55.62648,1,1435.202,786.041,1421.898,783.9927
55.63305,1,1435.202,786.041,1428.55,785.0168
55.64723,1,1435.202,786.041,1431.876,785.5289
55.66922,1,1448.611,786.0565,1440.243,785.7927
55.67641,1,1448.611,786.0565,1444.427,785.9246
55.68343,1,1456.439,787.5279,1450.433,786.7263
55.69262,1,1456.439,787.5279,1453.436,787.1271
55.70346,1,1456.439,787.5279,1454.938,787.3275
55.71526,1,1460.329,788.2518,1457.633,787.7897
55.72691,1,1460.329,788.2518,1458.981,788.0208
55.73705,1,1460.329,788.2518,1459.655,788.1363
55.74935,1,1472.035,792.7789,1465.845,790.4576
55.75861,1,1472.035,792.7789,1468.94,791.6182
55.77107,1,1472.035,792.7789,1470.488,792.1985
55.78123,1,1482.942,800.8765,1476.715,796.5375
55.79176,1,1482.942,800.8765,1479.828,798.707
55.80309,1,1482.942,800.8765,1481.385,799.7917
55.81564,1,1491.268,807.2779,1486.327,803.5348
55.82609,1,1491.268,807.2779,1488.798,805.4064
55.83679,1,1498.57,812.0229,1493.684,808.7147
55.84972,1,1498.57,812.0229,1496.127,810.3688
55.86078,1,1498.57,812.0229,1497.348,811.1959
55.87152,1,1504.119,815.657,1500.734,813.4264
55.88284,1,1504.119,815.657,1502.426,814.5417
55.89554,1,1508.269,819.0565,1505.348,816.7991
55.90382,1,1508.269,819.0565,1506.808,817.9277
55.91606,1,1508.269,819.0565,1507.539,818.4921
55.92692,1,1511.282,822.1909,1509.41,820.3415
55.93734,1,1511.282,822.1909,1510.346,821.2662
55.94929,1,1511.282,822.1909,1510.814,821.7286
55.95755,1,1514.604,825.1874,1512.709,823.458
55.9701,1,1514.604,825.1874,1513.656,824.3227
55.98083,1,1514.604,825.1874,1514.13,824.755
55.99261,1,1517.545,828.0012,1515.838,826.3781
56.0015,1,1517.545,828.0012,1516.691,827.1896
56.01408,1,1517.545,828.0012,1517.118,827.5953
56.02444,1,1520.299,830.0402,1518.709,828.8177
56.03506,1,1520.299,830.0402,1519.504,829.429
56.04453,1,1520.299,830.0402,1519.901,829.7346
56.05466,1,1523.417,831.7194,1521.659,830.7271
56.0668,1,1523.417,831.7194,1522.538,831.2233
56.0753,1,1523.417,831.7194,1522.977,831.4713
56.08759,1,1525.136,832.3641,1524.056,831.9177
56.09797,1,1525.136,832.3641,1524.596,832.1409
56.10901,1,1526.209,833.2173,1525.402,832.6791
56.11908,1,1526.209,833.2173,1525.806,832.9482
56.13077,1,1526.209,833.2173,1526.007,833.0828
56.14052,1,1527.309,834.5792,1526.658,833.8309
56.15309,1,1527.309,834.5792,1526.984,834.2051
56.16259,1,1527.309,834.5792,1527.146,834.3921
56.17449,1,1528.848,835.886,1527.997,835.139
56.18723,1,1528.848,835.886,1528.423,835.5126
56.19669,1,1529.452,834.7725,1528.937,835.1425
56.20824,1,1529.452,834.7725,1529.195,834.9575
56.21848,1,1529.452,834.7725,1529.323,834.865
56.23093,1,1530.71,833.4114,1530.017,834.1382
56.23972,1,1530.71,833.4114,1530.364,833.7748
56.25256,1,1530.71,833.4114,1530.537,833.5931
56.26391,1,1532.902,831.2072,1531.719,832.4001
56.27415,1,1532.902,831.2072,1532.311,831.8036
56.28397,1,1532.902,831.2072,1532.606,831.5054
56.29647,1,1534.825,828.2056,1533.716,829.8555
56.30687,1,1534.825,828.2056,1534.271,829.0305
56.31703,1,1537.142,825.6811,1535.706,827.3558
56.32841,1,1537.142,825.6811,1536.424,826.5184
56.3382,1,1537.142,825.6811,1536.783,826.0997
56.35037,1,1538.976,823.1351,1537.88,824.6174
56.36012,1,1538.976,823.1351,1538.428,823.8762
56.37187,1,1538.976,823.1351,1538.702,823.5056
56.38245,1,1541.367,820.5591,1540.034,822.0323
56.39472,1,1541.367,820.5591,1540.701,821.2957
56.40367,1,1541.367,820.5591,1541.034,820.9274
56.41561,1,1543.808,818.0381,1542.421,819.4827
56.42419,1,1543.808,818.0381,1543.115,818.7604
56.43688,1,1543.808,818.0381,1543.461,818.3992
56.44827,1,1545.685,814.8977,1544.573,816.6484
56.45737,1,1545.685,814.8977,1545.129,815.7731
56.46976,1,1547.506,812.2562,1546.318,814.0146
56.48063,1,1547.506,812.2562,1546.912,813.1354
56.49201,1,1547.506,812.2562,1547.209,812.6958
56.50232,1,1549.002,810.1465,1548.106,811.4211
56.515,1,1549.002,810.1465,1548.554,810.7838
56.52379,1,1549.002,810.1465,1548.778,810.4651
56.53576,1,1550.674,807.8017,1549.726,809.1334
56.54736,1,1550.674,807.8017,1550.2,808.4675
56.55692,1,1550.674,807.8017,1550.437,808.1346
56.56879,1,1552.346,805.5533,1551.391,806.844
56.57893,1,1552.346,805.5533,1551.869,806.1987
56.59106,1,1554.133,804.0783,1553.001,805.1385
56.6022,1,1554.133,804.0783,1553.567,804.6084
56.61447,1,1554.133,804.0783,1553.85,804.3434
56.62439,1,1556.111,803.0114,1554.98,803.6774
56.63653,1,1556.111,803.0114,1555.545,803.3444
56.64814,1,1556.111,803.0114,1555.828,803.1779
56.65716,1,1558.081,801.887,1556.954,802.5324
56.66929,1,1558.081,801.887,1557.517,802.2097
56.67954,1,1558.081,801.887,1557.799,802.0483
56.69114,1,1559.805,801.1781,1558.802,801.6132
56.70113,1,1559.805,801.1781,1559.303,801.3956
56.71288,1,1561.575,800.5826,1560.439,800.9891
56.72152,1,1561.575,800.5826,1561.007,800.7859
56.73393,1,1561.575,800.5826,1561.291,800.6843
56.74449,1,1563.406,800.7148,1562.349,800.6996
56.75485,1,1563.406,800.7148,1562.877,800.7072
56.76483,1,1563.406,800.7148,1563.142,800.7111
56.77601,1,1565.28,801.1672,1564.211,800.9391
56.78681,1,1565.28,801.1672,1564.746,801.0532
56.79727,1,1565.28,801.1672,1565.013,801.1102
56.80797,1,1568.947,801.5736,1566.98,801.3419
56.81802,1,1568.947,801.5736,1567.964,801.4578
56.83035,1,1568.947,801.5736,1568.455,801.5157
56.84198,1,1572.154,801.6228,1570.305,801.5692
56.85362,1,1572.154,801.6228,1571.229,801.596
56.8632,1,1575.772,802.1573,1573.5,801.8766
56.87453,1,1575.772,802.1573,1574.636,802.017
56.88415,1,1575.772,802.1573,1575.204,802.0872
56.89645,1,1579.087,802.4043,1577.145,802.2457
56.90614,1,1579.087,802.4043,1578.116,802.325
56.91447,1,1579.087,802.4043,1578.602,802.3646
56.92594,1,1581.92,801.6001,1580.26,801.9824
56.93651,1,1581.92,801.6001,1581.09,801.7913
56.94811,1,1581.92,801.6001,1581.505,801.6957
56.95725,1,1584.613,800.8447,1583.059,801.2701
56.96951,1,1584.613,800.8447,1583.836,801.0574
56.98035,1,1584.613,800.8447,1584.224,800.951
56.99117,1,1587.348,800.4316,1585.786,800.6913
57.00115,1,1587.348,800.4316,1586.567,800.5615
57.01472,1,1589.65,799.5989,1588.108,800.0802
57.02317,1,1589.65,799.5989,1588.879,799.8396
57.03491,1,1589.65,799.5989,1589.264,799.7192
57.0448,1,1591.546,798.4095,1590.405,799.0643
57.07267,1,1593.082,797.5416,1591.744,798.303
57.07887,1,1593.082,797.5416,1592.413,797.9222
57.08608,1,1593.082,797.5416,1592.748,797.7319
57.09534,1,1593.082,797.5416,1592.915,797.6367
57.10644,1,1595.023,796.0805,1593.969,796.8586
57.11648,1,1595.023,796.0805,1594.496,796.4696
57.1299,1,1595.023,796.0805,1594.76,796.275
57.13908,1,1596.865,794.3807,1595.812,795.3279
57.15112,1,1596.865,794.3807,1596.338,794.8542
57.16209,1,1596.865,794.3807,1596.602,794.6174
57.1735,1,1598.95,793.1004,1597.776,793.8589
57.18364,1,1598.95,793.1004,1598.363,793.4796
57.19566,1,1600.557,792.039,1599.46,792.7593
57.20461,1,1600.557,792.039,1600.008,792.3992
57.21758,1,1600.557,792.039,1600.282,792.2191
57.2298,1,1602.145,790.9769,1601.214,791.598
57.23894,1,1602.145,790.9769,1601.679,791.2875
57.25122,1,1602.145,790.9769,1601.912,791.1322
57.26294,1,1603.767,789.9047,1602.84,790.5184
57.27238,1,1603.767,789.9047,1603.304,790.2115
57.28262,1,1603.767,789.9047,1603.535,790.0581
57.29609,1,1604.533,788.0015,1604.034,789.0298
57.30453,1,1604.533,788.0015,1604.284,788.5156
57.31741,1,1606.226,786.1008,1605.255,787.3082
57.32876,1,1606.226,786.1008,1605.741,786.7045
57.33733,1,1606.226,786.1008,1605.984,786.4027
57.34892,1,1608.003,784.6848,1606.993,785.5438
57.35994,1,1608.003,784.6848,1607.498,785.1143
57.37086,1,1608.003,784.6848,1607.751,784.8995
57.38096,1,1609.2,783.1661,1608.476,784.0328
57.39271,1,1609.2,783.1661,1608.838,783.5995
57.40279,1,1609.2,783.1661,1609.019,783.3828
57.41525,1,1610.146,781.0475,1609.582,782.2151
57.42413,1,1610.146,781.0475,1609.864,781.6313
57.43476,1,1610.146,781.0475,1610.005,781.3394
57.44599,1,1611.269,779.3116,1610.637,780.3256
57.4553,1,1611.269,779.3116,1610.953,779.8186
57.46838,1,1612.702,777.8531,1611.828,778.8358
57.48036,1,1612.702,777.8531,1612.265,778.3445
57.49128,1,1612.702,777.8531,1612.484,778.0988
57.50316,1,1613.418,775.8626,1612.951,776.9807
57.51469,1,1613.418,775.8626,1613.184,776.4216
57.52467,1,1613.418,775.8626,1613.301,776.1421
57.53587,1,1614.689,773.7392,1613.995,774.9407
57.54701,1,1614.689,773.7392,1614.342,774.34
57.55598,1,1615.495,772.2093,1614.919,773.2747
57.56905,1,1615.495,772.2093,1615.207,772.7419
57.57888,1,1615.495,772.2093,1615.351,772.4756
57.59123,1,1616.766,770.2933,1616.058,771.3845
57.60111,1,1616.766,770.2933,1616.412,770.8389
57.61402,1,1616.766,770.2933,1616.589,770.5661
57.62714,1,1618.239,767.0165,1617.414,768.7913
57.63689,1,1618.239,767.0165,1617.826,767.9039
57.64893,1,1619.252,763.7346,1618.539,765.8192
57.65799,1,1619.252,763.7346,1618.896,764.7769
57.66979,1,1619.252,763.7346,1619.074,764.2557
57.6804,1,1621.186,760.7499,1620.13,762.5028
57.69148,1,1621.186,760.7499,1620.658,761.6263
57.70295,1,1621.186,760.7499,1620.922,761.1881
57.71493,1,1622.888,758.5317,1621.905,759.8599
57.72443,1,1622.888,758.5317,1622.397,759.1958
57.73643,1,1622.888,758.5317,1622.643,758.8638
57.74752,1,1624.586,756.3674,1623.614,757.6156
57.77264,1,1625.665,754.4791,1624.64,756.0474
57.77988,1,1625.665,754.4791,1625.152,755.2632
57.78934,1,1625.665,754.4791,1625.408,754.8711
57.79891,1,1627.426,752.2843,1626.417,753.5777
57.81167,1,1627.426,752.2843,1626.921,752.931
57.82063,1,1627.426,752.2843,1627.173,752.6077
57.8326,1,1632.678,747.1974,1629.926,749.9026
57.84194,1,1632.678,747.1974,1631.302,748.55
57.85324,1,1632.678,747.1974,1631.99,747.8738
57.86639,1,1636.205,742.2292,1634.098,745.0515
57.87762,1,1636.205,742.2292,1635.151,743.6404
57.88857,1,1639.015,738.3763,1637.083,741.0084
57.89916,1,1639.015,738.3763,1638.049,739.6924
57.91224,1,1639.015,738.3763,1638.532,739.0344
57.92078,1,1641.444,734.1457,1639.988,736.59
57.93294,1,1641.444,734.1457,1640.716,735.3679
57.94402,1,1641.444,734.1457,1641.08,734.7568
57.95401,1,1643.406,730.1273,1642.243,732.442
57.96397,1,1643.406,730.1273,1642.824,731.2847
57.97495,1,1643.406,730.1273,1643.115,730.7059
57.98606,1,1641.481,725.4233,1642.298,728.0646
57.99718,1,1641.481,725.4233,1641.889,726.744
58.00845,1,1638.052,719.9575,1639.971,723.3507
58.01905,1,1638.052,719.9575,1639.011,721.6541
58.03207,1,1638.052,719.9575,1638.532,720.8058
58.04095,1,1635.283,715.5833,1636.907,718.1945
58.05336,1,1635.283,715.5833,1636.095,716.8889
58.06459,1,1635.283,715.5833,1635.689,716.2361
58.07767,1,1632.646,712.1719,1634.168,714.204
58.08798,1,1632.646,712.1719,1633.407,713.1879
58.09795,1,1632.646,712.1719,1633.027,712.6799
58.11039,1,1630.195,709.8859,1631.611,711.283
58.11809,1,1630.195,709.8859,1630.903,710.5845
58.13078,1,1627.73,706.6944,1629.316,708.6394
58.14001,1,1627.73,706.6944,1628.523,707.6669
58.15306,1,1627.73,706.6944,1628.126,707.1807
58.16286,1,1625.379,703.9506,1626.753,705.5656
58.17412,1,1625.379,703.9506,1626.066,704.7581
58.18456,1,1625.379,703.9506,1625.722,704.3543
58.19802,1,1623.329,702.4158,1624.526,703.385
58.20672,1,1623.329,702.4158,1623.927,702.9004
58.21673,1,1623.329,702.4158,1623.628,702.6581
58.22964,1,1622.563,700.9603,1623.095,701.8092
58.23815,1,1622.563,700.9603,1622.829,701.3848
58.24936,1,1622.563,700.9603,1622.696,701.1725
58.26193,1,1621.67,699.5844,1622.183,700.3785
58.27147,1,1621.67,699.5844,1621.926,699.9814
58.28197,1,1620.172,697.776,1621.049,698.8787
58.29498,1,1620.172,697.776,1620.61,698.3274
58.30505,1,1620.172,697.776,1620.391,698.0517
58.31593,1,1618.932,696.7672,1619.662,697.4094
58.32927,1,1618.932,696.7672,1619.297,697.0883
58.33717,1,1618.932,696.7672,1619.115,696.9277
58.35092,1,1617.714,695.7488,1618.414,696.3383
58.37289,1,1616.771,693.6778,1617.593,695.0081
58.3785,1,1616.771,693.6778,1617.182,694.3429
58.38719,1,1616.771,693.6778,1616.977,694.0104
58.3973,1,1616.771,693.6778,1616.874,693.8441
58.40796,1,1615.708,692.064,1616.291,692.954
58.41798,1,1615.708,692.064,1615.999,692.509
58.43065,1,1615.708,692.064,1615.854,692.2865
58.43882,1,1614.353,690.5086,1615.103,691.3976
58.45177,1,1614.353,690.5086,1614.728,690.9531
58.46282,1,1613.602,689.1271,1614.165,690.0401
58.47333,1,1613.602,689.1271,1613.883,689.5836
58.48344,1,1613.602,689.1271,1613.742,689.3553
58.49576,1,1610.259,687.1729,1612.001,688.2642
58.50484,1,1610.259,687.1729,1611.13,687.7185
58.51826,1,1610.259,687.1729,1610.694,687.4457
58.52801,1,1605.079,684.6144,1607.886,686.03
58.53735,1,1605.079,684.6144,1606.483,685.3223
58.54984,1,1605.079,684.6144,1605.781,684.9684
58.56161,1,1601.686,681.7349,1603.733,683.3516
58.57323,1,1601.686,681.7349,1602.71,682.5432
58.58417,1,1597.506,678.6226,1600.108,680.5829
58.59624,1,1597.506,678.6226,1598.807,679.6028
58.60653,1,1597.506,678.6226,1598.156,679.1127
58.61691,1,1593.177,675.499,1595.666,677.3058
58.62903,1,1593.177,675.499,1594.422,676.4025
58.64029,1,1593.177,675.499,1593.799,675.9507
58.65282,1,1588.351,672.4841,1591.075,674.2174
58.66212,1,1588.351,672.4841,1589.713,673.3507
58.67446,1,1583.533,670.0256,1586.623,671.6882
58.68941,1,1583.533,670.0256,1585.078,670.8569
58.70108,1,1583.533,670.0256,1584.306,670.4413
58.70853,1,1579.34,666.9662,1581.823,668.7037
58.71964,1,1579.34,666.9662,1580.582,667.835
58.73198,1,1579.34,666.9662,1579.961,667.4006
58.74113,1,1576.528,664.3021,1578.245,665.8513
58.75745,1,1576.528,664.3021,1577.386,665.0767
58.76944,1,1573.256,661.8555,1575.322,663.4661
58.77691,1,1573.256,661.8555,1574.289,662.6608
58.78604,1,1573.256,661.8555,1573.773,662.2581
58.79783,1,1570.971,659.8377,1572.372,661.0479
58.80863,1,1570.971,659.8377,1571.671,660.4428
58.81815,1,1570.971,659.8377,1571.321,660.1403
58.83128,1,1568.406,658.0286,1569.864,659.0845
58.83913,1,1568.406,658.0286,1569.135,658.5565
58.85713,1,1564.71,657.3369,1566.922,657.9467
58.87002,1,1564.71,657.3369,1565.816,657.6417
58.877,1,1564.71,657.3369,1565.263,657.4893
58.88805,1,1562.674,657.3434,1563.969,657.4164
58.89864,1,1562.674,657.3434,1563.321,657.3799
58.91558,1,1561.127,657.0103,1562.224,657.1951
58.9288,1,1561.127,657.0103,1561.676,657.1027
58.93416,1,1561.127,657.0103,1561.401,657.0565
58.95084,1,1558.906,656.1897,1560.154,656.6231
58.95662,1,1558.906,656.1897,1559.53,656.4064
58.96878,1,1558.906,656.1897,1559.218,656.298
58.97947,1,1553.952,655.228,1556.585,655.763
58.99067,1,1553.952,655.228,1555.269,655.4955
59.0006,1,1553.952,655.228,1554.61,655.3617
59.01599,1,1477.491,645.8879,1516.051,650.6248
59.02235,1,1477.491,645.8879,1496.771,648.2563
59.03687,1,1141.179,602.8143,1318.975,625.5353
59.04255,1,1141.179,602.8143,1230.077,614.1748
59.05564,1,1141.179,602.8143,1185.628,608.4945
59.06762,1,775.0759,557.6695,980.3521,583.082
59.0759,1,775.0759,557.6695,877.714,570.3757
59.08897,1,775.0759,557.6695,826.395,564.0226
59.10072,1,609.315,540.8693,717.855,552.4459
59.10985,1,609.315,540.8693,663.585,546.6576
59.11981,1,609.315,540.8693,636.45,543.7634
59.13235,1,541.9019,539.8514,589.1759,541.8074
59.14165,1,541.9019,539.8514,565.5389,540.8295
59.15321,1,541.9019,539.8514,553.7203,540.3405
59.16364,1,516.4861,540.6359,535.1032,540.4882
59.17581,1,516.4861,540.6359,525.7947,540.562
59.18623,1,503.2371,542.6865,514.5159,541.6243
59.19673,1,503.2371,542.6865,508.8765,542.1554
59.20723,1,503.2371,542.6865,506.0568,542.4209
59.21851,1,495.6349,541.8172,500.8458,542.119
59.23042,1,495.6349,541.8172,498.2404,541.9681
59.23904,1,495.6349,541.8172,496.9376,541.8927
59.25101,1,490.4065,541.7632,493.6721,541.828
59.26105,1,490.4065,541.7632,492.0393,541.7957
59.26962,1,490.4065,541.7632,491.2229,541.7794
59.28001,1,495.2735,546.4948,493.2482,544.1371
59.29154,1,495.2735,546.4948,494.2608,545.3159
59.30199,1,495.2735,546.4948,494.7672,545.9054
59.3147,1,499.7454,550.0544,497.2563,547.9799
59.32461,1,499.7454,550.0544,498.5008,549.0172
59.33823,1,517.4351,553.3943,507.968,551.2058
59.34978,1,517.4351,553.3943,512.7015,552.3
59.35867,1,517.4351,553.3943,515.0684,552.8472
59.37117,1,573.8236,563.0666,544.446,557.9569
59.38129,1,573.8236,563.0666,559.1348,560.5117
59.39393,1,573.8236,563.0666,566.4792,561.7892
59.40849,1,866.879,602.0283,716.6791,581.9087
59.42069,1,866.879,602.0283,791.7791,591.9685
59.42866,1,1149.419,640.2695,970.5991,616.119
59.43793,1,1149.419,640.2695,1060.009,628.1943
59.44976,1,1149.419,640.2695,1104.714,634.2319
59.45914,1,1295.841,656.5545,1200.277,645.3932
59.47118,1,1295.841,656.5545,1248.059,650.9739
59.4813,1,1295.841,656.5545,1271.95,653.7642
59.49351,1,1360.751,670.3495,1316.35,662.0569
59.50392,1,1360.751,670.3495,1338.551,666.2032
59.51678,1,1360.751,670.3495,1349.651,668.2764
59.53323,1,1391.856,676.9941,1370.753,672.6353
59.55261,1,1407.585,682.0248,1389.169,677.33
59.559,1,1407.585,682.0248,1398.377,679.6774
59.56686,1,1407.585,682.0248,1402.981,680.8511
59.57779,1,1407.585,682.0248,1405.283,681.4379
59.58673,1,1413.952,681.7899,1409.618,681.6139
59.59727,1,1413.952,681.7899,1411.785,681.7019
59.60786,1,1413.952,681.7899,1412.868,681.7459
59.61871,1,1400.916,690.8058,1406.892,686.2759
59.63185,1,1400.916,690.8058,1403.904,688.5408
59.64136,1,1377.242,710.2718,1390.573,699.4063
59.65321,1,1377.242,710.2718,1383.908,704.8391
59.66305,1,1377.242,710.2718,1380.575,707.5554
59.67496,1,1363.375,724.8673,1371.975,716.2114
59.68401,1,1363.375,724.8673,1367.675,720.5393
59.69694,1,1363.375,724.8673,1365.525,722.7033
59.70856,1,1354.432,735.027,1359.978,728.8651
59.7178,1,1354.432,735.027,1357.205,731.946
59.73039,1,1347.806,741.8259,1352.506,736.886
59.74068,1,1347.806,741.8259,1350.156,739.356
59.75309,1,1347.806,741.8259,1348.981,740.5909
59.76389,1,1342.057,747.8607,1345.519,744.2258
59.77443,1,1342.057,747.8607,1343.788,746.0433
59.7829,1,1342.057,747.8607,1342.923,746.952
59.79526,1,1337.264,752.9997,1340.093,749.9758
59.80453,1,1337.264,752.9997,1338.679,751.4878
59.81599,1,1337.264,752.9997,1337.971,752.2438
59.82623,1,1335.6,757.1315,1336.786,754.6876
59.83747,1,1335.6,757.1315,1336.193,755.9095
59.85021,1,1335.6,757.1315,1335.897,756.5205
59.85927,1,1334.827,760.5827,1335.362,758.5516
59.87232,1,1334.827,760.5827,1335.094,759.5671
59.88203,1,1334.424,764.2558,1334.759,761.9115
59.89252,1,1334.424,764.2558,1334.591,763.0836
59.90339,1,1334.424,764.2558,1334.508,763.6697
59.91562,1,1334.846,767.8157,1334.677,765.7427
59.92408,1,1334.846,767.8157,1334.762,766.7792
59.93896,1,1334.846,767.8157,1334.804,767.2975
59.95113,1,1336.89,771.6854,1335.847,769.4915
59.9585,1,1336.89,771.6854,1336.368,770.5884
59.97076,1,1336.89,771.6854,1336.629,771.137
59.98141,1,1340.169,777.6307,1338.399,774.3838
59.99261,1,1340.169,777.6307,1339.284,776.0072
60.00301,1,1343.161,782.5316,1341.223,779.2694
60.01581,1,1343.161,782.5316,1342.192,780.9005
60.02481,1,1343.161,782.5316,1342.677,781.7161
60.03888,1,1346.004,787.3757,1344.34,784.5459
60.04982,1,1346.004,787.3757,1345.172,785.9608
60.06129,1,1346.004,787.3757,1345.588,786.6682
60.07207,1,1348.158,791.718,1346.873,789.1931
60.08246,1,1348.158,791.718,1347.515,790.4556
60.09272,1,1348.158,791.718,1347.837,791.0868
60.10361,1,1350.735,795.025,1349.286,793.0559
60.11614,1,1350.735,795.025,1350.01,794.0404
60.12657,1,1353.523,798.4921,1351.767,796.2662
60.13734,1,1353.523,798.4921,1352.645,797.3792
60.14912,1,1353.523,798.4921,1353.084,797.9356
60.15892,1,1356.133,802.1396,1354.609,800.0376
60.17087,1,1356.133,802.1396,1355.371,801.0886
60.18069,1,1356.133,802.1396,1355.752,801.6141
60.19137,1,1358.597,804.9855,1357.174,803.2998
60.19983,1,1358.597,804.9855,1357.885,804.1426
60.21016,1,1358.597,804.9855,1358.241,804.5641
60.22091,1,1360.776,807.1832,1359.508,805.8737
60.23411,1,1360.776,807.1832,1360.142,806.5284
60.24274,1,1360.776,807.1832,1360.459,806.8558
60.25595,1,1363.252,809.8,1361.855,808.3279
60.26795,1,1363.252,809.8,1362.554,809.064
60.2791,1,1364.94,812.2535,1363.747,810.6587
60.28867,1,1364.94,812.2535,1364.343,811.4561
60.29877,1,1364.94,812.2535,1364.641,811.8547
60.31059,1,1367.048,814.3074,1365.845,813.0811
60.32015,1,1367.048,814.3074,1366.447,813.6942
60.33215,1,1367.048,814.3074,1366.748,814.0009
60.34135,1,1368.88,816.7531,1367.814,815.377
60.35403,1,1368.88,816.7531,1368.347,816.0651
60.36333,1,1368.88,816.7531,1368.613,816.4091
60.37437,1,1371.381,818.6436,1369.997,817.5263
60.38508,1,1371.381,818.6436,1370.689,818.085
60.39747,1,1372.983,819.914,1371.836,818.9995
60.4063,1,1372.983,819.914,1372.41,819.4568
60.41763,1,1372.983,819.914,1372.696,819.6854
60.4301,1,1374.35,821.3442,1373.523,820.5148
60.44064,1,1374.35,821.3442,1373.937,820.9294
60.45267,1,1374.35,821.3442,1374.144,821.1368
60.46349,1,1376.076,822.9015,1375.11,822.0192
60.47478,1,1376.076,822.9015,1375.593,822.4603
60.48646,1,1361.129,811.4702,1368.361,816.9653
60.49757,1,1361.129,811.4702,1364.745,814.2178
60.50761,1,1361.129,811.4702,1362.937,812.844
60.5173,1,1214.962,685.5442,1288.949,749.1941
60.52982,1,1214.962,685.5442,1251.955,717.3691
60.5394,1,1214.962,685.5442,1233.458,701.4567
60.5528,1,1018.017,513.7125,1125.738,607.5846
60.562,1,1018.017,513.7125,1071.878,560.6486
60.57351,1,1018.017,513.7125,1044.948,537.1805
60.58353,1,908.2748,425.4962,976.6112,481.3384
60.59535,1,908.2748,425.4962,942.443,453.4173
60.60463,1,908.2748,425.4962,925.3589,439.4567
60.61678,1,859.2827,383.1995,892.3208,411.3281
60.62854,1,859.2827,383.1995,875.8018,397.2638
60.63774,1,837.3099,366.7048,856.5558,381.9843
60.64977,1,837.3099,366.7048,846.9329,374.3445
60.65845,1,837.3099,366.7048,842.1214,370.5247
60.67094,1,826.728,360.2084,834.4247,365.3665
60.68121,1,826.728,360.2084,830.5763,362.7874
60.6923,1,826.728,360.2084,828.6521,361.4979
60.7032,1,821.064,354.9734,824.858,358.2357
60.71566,1,821.064,354.9734,822.961,356.6045
60.7262,1,821.064,354.9734,822.0125,355.7889
60.73484,1,818.7643,351.738,820.3884,353.7635
60.74842,1,818.7643,351.738,819.5764,352.7507
60.75731,1,818.7643,351.738,819.1704,352.2444
60.77009,1,818.8339,352.2636,819.0021,352.254
60.78065,1,818.8339,352.2636,818.918,352.2589
60.79192,1,817.3082,354.6375,818.1131,353.4482
60.80103,1,817.3082,354.6375,817.7107,354.0428
60.81391,1,817.3082,354.6375,817.5095,354.3402
60.82269,1,817.1278,356.0241,817.3186,355.1821
60.83468,1,817.1278,356.0241,817.2232,355.6031
60.84442,1,817.1278,356.0241,817.1755,355.8136
60.8567,1,834.2373,371.2793,825.7064,363.5464
60.86813,1,834.2373,371.2793,829.9719,367.4128
60.87585,1,834.2373,371.2793,832.1046,369.3461
60.88776,1,965.969,482.4803,899.0368,425.9131
60.89893,1,965.969,482.4803,932.5029,454.1967
60.92807,1,1174.562,645.7662,1053.533,549.9814
60.93401,1,1174.562,645.7662,1114.047,597.8738
60.94109,1,1299.844,740.905,1206.945,669.3894
60.95403,1,1299.844,740.905,1253.395,705.1472
60.96605,1,1299.844,740.905,1276.619,723.0261
60.97462,1,1358.787,784.0945,1317.703,753.5603
60.98656,1,1358.787,784.0945,1338.245,768.8274
60.99675,1,1358.787,784.0945,1348.516,776.4609
61.00778,1,1384.346,805.6422,1366.431,791.0516
61.01871,1,1384.346,805.6422,1375.388,798.3469
61.03139,1,1394.188,815.3488,1384.788,806.8479
61.03903,1,1394.188,815.3488,1389.488,811.0984
61.05136,1,1394.188,815.3488,1391.838,813.2236
61.06255,1,1399.468,819.3542,1395.653,816.2889
61.07274,1,1399.468,819.3542,1397.56,817.8216
61.0833,1,1399.468,819.3542,1398.514,818.5879
61.09583,1,1403.387,822.009,1400.951,820.2985
61.10475,1,1403.387,822.009,1402.169,821.1537
61.11761,1,1403.387,822.009,1402.778,821.5814
61.12851,1,1414.674,816.063,1408.726,818.8222
61.13853,1,1414.674,816.063,1411.7,817.4426
61.15043,1,1423.055,809.1945,1417.378,813.3186
61.1604,1,1423.055,809.1945,1420.217,811.2566
61.1697,1,1423.055,809.1945,1421.636,810.2256
61.18125,1,1428.895,804.752,1425.266,807.4888
61.1919,1,1428.895,804.752,1427.08,806.1204
61.20215,1,1428.895,804.752,1427.988,805.4362
61.2157,1,1432.665,802.5316,1430.327,803.9839
61.22466,1,1432.665,802.5316,1431.496,803.2577
61.23705,1,1432.665,802.5316,1432.081,802.8947
61.24916,1,1427.059,792.7374,1429.57,797.816
61.25822,1,1427.059,792.7374,1428.315,795.2767
61.27045,1,1427.059,792.7374,1427.687,794.0071
61.28131,1,1379.847,734.3896,1403.767,764.1984
61.29268,1,1379.847,734.3896,1391.807,749.294
61.30327,1,1277.694,606.778,1334.75,678.036
61.31607,1,1277.694,606.778,1306.222,642.407
61.32603,1,1277.694,606.778,1291.958,624.5925
61.33694,1,1201.564,514.4175,1246.761,569.505
61.3503,1,1201.564,514.4175,1224.162,541.9612
61.35841,1,1201.564,514.4175,1212.863,528.1893
61.37196,1,1160.302,466.7489,1186.583,497.4691
61.38322,1,1160.302,466.7489,1173.442,482.109
61.39671,1,1141.539,440.1543,1157.491,461.1317
61.40648,1,1141.539,440.1543,1149.515,450.643
61.41673,1,1141.539,440.1543,1145.527,445.3987
61.42992,1,1129.691,425.1481,1137.609,435.2734
61.43836,1,1129.691,425.1481,1133.65,430.2108
61.45045,1,1129.691,425.1481,1131.671,427.6794
61.4587,1,1124.858,417.7623,1128.264,422.7209
61.47199,1,1124.858,417.7623,1126.561,420.2416
61.48189,1,1124.858,417.7623,1125.71,419.002
61.49209,1,1121.552,413.3901,1123.631,416.196
61.50358,1,1121.552,413.3901,1122.591,414.793
61.51581,1,1119.66,409.1526,1121.125,411.9728
61.52376,1,1119.66,409.1526,1120.393,410.5627
61.53672,1,1119.66,409.1526,1120.026,409.8576
61.5493,1,1117.477,406.9536,1118.752,408.4056
61.55678,1,1117.477,406.9536,1118.114,407.6796
61.56988,1,1117.477,406.9536,1117.796,407.3166
61.57977,1,1137.206,427.9264,1127.501,417.6215
61.59093,1,1137.206,427.9264,1132.354,422.7739
61.60096,1,1137.206,427.9264,1134.78,425.3502
61.61374,1,1186.151,485.0988,1160.465,455.2245
61.62133,1,1186.151,485.0988,1173.308,470.1617
61.63428,1,1273.393,591.8661,1223.35,531.0139
61.64658,1,1273.393,591.8661,1248.371,561.4399
61.65594,1,1273.393,591.8661,1260.882,576.653
61.66892,1,1336.657,669.4628,1298.769,623.0579
61.67919,1,1336.657,669.4628,1317.713,646.2603
61.68821,1,1336.657,669.4628,1327.185,657.8616
61.6991,1,1370.746,714.5999,1348.966,686.2307
61.71211,1,1370.746,714.5999,1359.856,700.4153
61.72099,1,1370.746,714.5999,1365.301,707.5076
61.73288,1,1388.693,735.0974,1376.997,721.3025
61.74079,1,1388.693,735.0974,1382.845,728.2
61.7533,1,1388.693,735.0974,1385.769,731.6487
61.76428,1,1399.213,749.3541,1392.491,740.5013
61.77467,1,1399.213,749.3541,1395.852,744.9277
61.78639,1,1420.304,750.3099,1408.078,747.6188
61.79691,1,1420.304,750.3099,1414.191,748.9644
61.80843,1,1420.304,750.3099,1417.247,749.6371
61.81732,1,1437.647,747.5823,1427.447,748.6097
61.83115,1,1437.647,747.5823,1432.547,748.0961
61.84309,1,1437.647,747.5823,1435.097,747.8392
61.85743,1,1448.33,745.6174,1441.714,746.7283
61.86378,1,1448.33,745.6174,1445.022,746.1729
61.87376,1,1448.33,745.6174,1446.676,745.8951
61.8845,1,1455.771,744.4543,1451.224,745.1747
61.89758,1,1455.771,744.4543,1453.497,744.8146
61.9071,1,1461.518,744.3909,1457.508,744.6028
61.91821,1,1461.518,744.3909,1459.513,744.4968
61.92985,1,1461.518,744.3909,1460.515,744.4438
61.93855,1,1467.149,744.8399,1463.832,744.6418
61.95103,1,1467.149,744.8399,1465.491,744.7408
61.95885,1,1467.149,744.8399,1466.32,744.7904
61.97861,1,1471.993,745.4684,1469.156,745.1294
61.98714,1,1471.993,745.4684,1470.575,745.2989
61.9969,1,1474.908,745.2336,1472.741,745.2662
62.00755,1,1474.908,745.2336,1473.825,745.2499
62.01765,1,1474.908,745.2336,1474.366,745.2418
62.03061,1,1477.509,744.5199,1475.938,744.8809
62.04226,1,1477.509,744.5199,1476.724,744.7004
62.05305,1,1477.509,744.5199,1477.116,744.6101
62.06319,1,1480.168,744.5149,1478.642,744.5625
62.07662,1,1480.168,744.5149,1479.405,744.5387
62.08681,1,1457.754,750.611,1468.58,747.5748
62.09606,1,1457.754,750.611,1463.167,749.0929
62.10744,1,1457.754,750.611,1460.46,749.8519
62.11791,1,1267.411,781.9442,1363.936,765.8981
62.13078,1,1267.411,781.9442,1315.674,773.9211
62.14178,1,1267.411,781.9442,1291.542,777.9327
62.1537,1,938.0363,820.5693,1114.789,799.251
62.16419,1,938.0363,820.5693,1026.413,809.9102
62.17475,1,938.0363,820.5693,982.2245,815.2397
62.18615,1,732.1159,842.9772,857.1702,829.1085
62.1974,1,732.1159,842.9772,794.6431,836.0428
62.20855,1,633.1042,853.8035,713.8737,844.9232
62.21943,1,633.1042,853.8035,673.489,849.3634
62.23109,1,633.1042,853.8035,653.2966,851.5835
62.2409,1,589.2889,858.218,621.2927,854.9008
62.25446,1,589.2889,858.218,605.2908,856.5593
62.26379,1,589.2889,858.218,597.2898,857.3887
62.27484,1,566.4333,860.9303,581.8616,859.1595
62.28475,1,566.4333,860.9303,574.1475,860.0449
62.29762,1,566.4333,860.9303,570.2904,860.4876
62.30771,1,556.5533,861.5055,563.4219,860.9966
62.31831,1,556.5533,861.5055,559.9876,861.251
62.32995,1,619.4444,864.7474,589.716,862.9993
62.33829,1,619.4444,864.7474,604.5802,863.8734
62.35014,1,619.4444,864.7474,612.0123,864.3104
62.36057,1,695.3856,859.1939,653.699,861.7522
62.37067,1,695.3856,859.1939,674.5423,860.473
62.38151,1,695.3856,859.1939,684.964,859.8335
62.39394,1,953.1547,829.357,819.0593,844.5952
62.40234,1,953.1547,829.357,886.1071,836.9761
62.4149,1,953.1547,829.357,919.6309,833.1665
62.42339,1,1226.071,799.0232,1072.851,816.0948
62.43718,1,1226.071,799.0232,1149.461,807.559
62.4488,1,1226.071,799.0232,1187.766,803.2911
62.45845,1,1385.391,780.7662,1286.578,792.0287
62.47362,1,1385.391,780.7662,1335.984,786.3975
62.48283,1,1459.453,772.5229,1397.719,779.4602
62.49475,1,1459.453,772.5229,1428.586,775.9916
62.50407,1,1459.453,772.5229,1444.02,774.2573
62.51548,1,1494.719,768.1867,1469.369,771.222
62.52624,1,1494.719,768.1867,1482.044,769.7043
62.53541,1,1494.719,768.1867,1488.382,768.9456
62.54787,1,1513.288,767.5332,1500.835,768.2394
62.55756,1,1513.288,767.5332,1507.062,767.8863
62.57005,1,1513.288,767.5332,1510.175,767.7097
62.57977,1,1523.144,766.3638,1516.66,767.0367
62.59072,1,1523.144,766.3638,1519.902,766.7003
62.60248,1,1529.033,753.5604,1524.467,760.1304
62.62379,1,1529.033,753.5604,1526.75,756.8454
62.63302,1,1533.427,739.2313,1530.089,748.0383
62.6389,1,1533.427,739.2313,1531.758,743.6348
62.6502,1,1533.427,739.2313,1532.593,741.433
62.65857,1,1533.427,739.2313,1533.01,740.3322
62.67217,1,1535.559,731.9847,1534.284,736.1584
62.68262,1,1535.559,731.9847,1534.922,734.0716
62.69411,1,1536.729,727.4457,1535.825,730.7587
62.70435,1,1536.729,727.4457,1536.277,729.1022
62.71653,1,1536.729,727.4457,1536.503,728.2739
62.72615,1,1537.651,723.4218,1537.077,725.8479
62.73618,1,1537.651,723.4218,1537.364,724.6349
62.74937,1,1537.651,723.4218,1537.507,724.0283
62.75779,1,1537.913,720.3843,1537.71,722.2063
62.77011,1,1537.913,720.3843,1537.811,721.2953
62.78328,1,1538.341,717.8878,1538.076,719.5916
62.79555,1,1538.341,717.8878,1538.208,718.7396
62.81427,1,1539.639,714.5619,1538.923,716.6508
62.8204,1,1539.639,714.5619,1539.281,715.6063
62.8316,1,1539.639,714.5619,1539.46,715.0841
62.84073,1,1539.639,714.5619,1539.549,714.823
62.85088,1,1541.316,711.542,1540.432,713.1825
62.85955,1,1541.316,711.542,1540.874,712.3622
62.87093,1,1541.316,711.542,1541.095,711.9521
62.88174,1,1542.182,708.0964,1541.639,710.0243
62.89229,1,1542.182,708.0964,1541.91,709.0604
62.90284,1,1543.361,705.9723,1542.636,707.5164
62.9155,1,1543.361,705.9723,1542.999,706.7443
62.92418,1,1543.361,705.9723,1543.18,706.3583
62.93628,1,1544.106,703.848,1543.643,705.1031
62.9474,1,1544.106,703.848,1543.874,704.4756
62.95713,1,1544.106,703.848,1543.99,704.1618
62.96969,1,1545.72,701.7996,1544.855,702.9807
62.97998,1,1545.72,701.7996,1545.287,702.3901
62.99137,1,1545.72,701.7996,1545.504,702.0948
63.00246,1,1547.144,700.35,1546.324,701.2224
63.01453,1,1547.144,700.35,1546.734,700.7863
63.02303,1,1547.144,700.35,1546.939,700.5681
63.03522,1,1548.431,699.1066,1547.685,699.8374
63.04662,1,1548.431,699.1066,1548.058,699.472
63.05556,1,1549.646,698.0473,1548.852,698.7596
63.06738,1,1549.646,698.0473,1549.249,698.4034
63.0777,1,1549.646,698.0473,1549.447,698.2253
63.09032,1,1551.443,696.9178,1550.445,697.5715
63.10038,1,1551.443,696.9178,1550.944,697.2446
63.11185,1,1551.443,696.9178,1551.194,697.0812
63.12057,1,1552.62,696.1514,1551.907,696.6163
63.13287,1,1552.62,696.1514,1552.264,696.3838
63.14176,1,1552.62,696.1514,1552.442,696.2676
63.15395,1,1553.876,696.0654,1553.159,696.1665
63.16406,1,1553.876,696.0654,1553.518,696.116
63.17464,1,1555.418,695.02,1554.468,695.568
63.18473,1,1555.418,695.02,1554.943,695.294
63.19717,1,1555.418,695.02,1555.18,695.157
63.20728,1,1556.782,694.2007,1555.981,694.6788
63.21807,1,1556.782,694.2007,1556.382,694.4398
63.23079,1,1556.782,694.2007,1556.582,694.3202
63.23929,1,1558.178,693.0905,1557.38,693.7053
63.25179,1,1558.178,693.0905,1557.779,693.3979
63.2623,1,1558.178,693.0905,1557.979,693.2441
63.27303,1,1559.762,692.1135,1558.87,692.6788
63.2832,1,1559.762,692.1135,1559.316,692.3962
63.29618,1,1561.37,690.946,1560.343,691.6711
63.30609,1,1561.37,690.946,1560.856,691.3085
63.31663,1,1561.37,690.946,1561.113,691.1273
63.32667,1,1563.624,690.188,1562.368,690.6576
63.33634,1,1563.624,690.188,1562.996,690.4228
63.3502,1,1563.624,690.188,1563.31,690.3054
63.35809,1,1566.291,689.9229,1564.8,690.1141
63.37101,1,1566.291,689.9229,1565.546,690.0186
63.38139,1,1566.291,689.9229,1565.918,689.9707
63.39219,1,1568.782,688.2036,1567.35,689.0872
63.40244,1,1568.782,688.2036,1568.066,688.6454
63.41494,1,1568.782,688.2036,1568.424,688.4245
63.42402,1,1572.884,683.8778,1570.654,686.1511
63.4362,1,1572.884,683.8778,1571.769,685.0145
63.44842,1,1579.256,678.2429,1575.512,681.6287
63.45788,1,1579.256,678.2429,1577.384,679.9358
63.46986,1,1579.256,678.2429,1578.32,679.0894
63.48081,1,1585.103,672.2993,1581.711,675.6943
63.49204,1,1585.103,672.2993,1583.407,673.9968
63.50123,1,1585.103,672.2993,1584.255,673.1481
63.51307,1,1590.46,667.4775,1587.358,670.3127
63.52173,1,1590.46,667.4775,1588.909,668.8951
63.5351,1,1590.46,667.4775,1589.685,668.1863
63.54446,1,1594.684,663.949,1592.184,666.0676
63.556,1,1594.684,663.949,1593.434,665.0083
63.56803,1,1597.936,660.7437,1595.685,662.876
63.57814,1,1597.936,660.7437,1596.811,661.8098
63.58904,1,1597.936,660.7437,1597.374,661.2767
63.59885,1,1600.295,659.2331,1598.834,660.2549
63.61172,1,1600.295,659.2331,1599.565,659.744
63.6208,1,1600.295,659.2331,1599.93,659.4885
63.63267,1,1602.13,657.2171,1601.03,658.3528
63.64291,1,1602.13,657.2171,1601.58,657.7849
63.65536,1,1602.13,657.2171,1601.855,657.501
63.66638,1,1604.913,654.6065,1603.384,656.0537
63.6776,1,1604.913,654.6065,1604.149,655.3301
63.68909,1,1607.788,652.7955,1605.968,654.0627
63.70113,1,1607.788,652.7955,1606.878,653.4291
63.71217,1,1607.788,652.7955,1607.333,653.1123
63.72131,1,1610.231,652.0546,1608.782,652.5835
63.73445,1,1610.231,652.0546,1609.507,652.3191
63.74433,1,1610.231,652.0546,1609.869,652.1869
63.75568,1,1612.053,650.8914,1610.961,651.5391
63.76679,1,1612.053,650.8914,1611.507,651.2152
63.77753,1,1612.053,650.8914,1611.78,651.0533
63.79051,1,1614.218,650.1978,1612.999,650.6255
63.80118,1,1614.218,650.1978,1613.608,650.4117
63.81431,1,1616.245,649.2374,1614.927,649.8246
63.8231,1,1616.245,649.2374,1615.586,649.531
63.83472,1,1616.245,649.2374,1615.916,649.3842
63.84445,1,1618.32,648.379,1617.118,648.8816
63.85511,1,1618.32,648.379,1617.719,648.6302
63.86608,1,1618.32,648.379,1618.02,648.5046
63.87457,1,1619.656,647.5735,1618.838,648.0391
63.88625,1,1619.656,647.5735,1619.247,647.8063
63.89671,1,1619.656,647.5735,1619.451,647.6899
63.90868,1,1621.714,646.4194,1620.583,647.0547
63.91885,1,1621.714,646.4194,1621.148,646.7371
63.93056,1,1624.527,644.7509,1622.838,645.744
63.93957,1,1624.527,644.7509,1623.682,645.2474
63.95351,1,1624.527,644.7509,1624.105,644.9991
63.96346,1,1626.873,643.5411,1625.489,644.2701
63.97473,1,1626.873,643.5411,1626.181,643.9056
63.98584,1,1626.873,643.5411,1626.527,643.7234
63.99741,1,1628.791,642.088,1627.659,642.9056
64.00674,1,1628.791,642.088,1628.225,642.4968
64.0179,1,1628.791,642.088,1628.508,642.2924
64.03264,1,1631.056,641.214,1629.782,641.7532
64.04014,1,1631.056,641.214,1630.419,641.4836
64.05304,1,1632.736,640.8948,1631.577,641.1892
64.06393,1,1632.736,640.8948,1632.157,641.042
64.07465,1,1632.736,640.8948,1632.446,640.9684
64.08435,1,1633.826,639.9661,1633.136,640.4672
64.09701,1,1633.826,639.9661,1633.481,640.2167
64.10709,1,1633.826,639.9661,1633.653,640.0914
64.11685,1,1634.599,639.1629,1634.126,639.6271
64.12975,1,1634.599,639.1629,1634.363,639.395
64.14058,1,1634.599,639.1629,1634.481,639.2789
64.15154,1,1635.471,637.9193,1634.976,638.5991
64.16177,1,1635.471,637.9193,1635.224,638.2592
64.17408,1,1636.631,636.8845,1635.927,637.5718
64.18392,1,1636.631,636.8845,1636.279,637.2281
64.19659,1,1636.631,636.8845,1636.455,637.0563
64.20747,1,1637.213,635.5092,1636.834,636.2827
64.2171,1,1637.213,635.5092,1637.023,635.8959
64.22845,1,1637.213,635.5092,1637.118,635.7025
64.23735,1,1636.912,634.781,1637.015,635.2418
64.24981,1,1636.912,634.781,1636.963,635.0114
64.26022,1,1636.912,634.781,1636.938,634.8962
64.27096,1,1636.237,634.1659,1636.587,634.531
64.28396,1,1636.237,634.1659,1636.412,634.3484
64.29526,1,1635.491,633.1314,1635.952,633.7399
64.30382,1,1635.491,633.1314,1635.721,633.4357
64.31598,1,1635.491,633.1314,1635.606,633.2836
64.32854,1,1635.158,631.8015,1635.382,632.5425
64.33545,1,1635.158,631.8015,1635.27,632.172
64.34792,1,1635.158,631.8015,1635.214,631.9868
64.35629,1,1634.59,630.6714,1634.902,631.3291
64.3688,1,1634.59,630.6714,1634.746,631.0002
64.38001,1,1634.59,630.6714,1634.668,630.8358
64.3905,1,1633.464,629.0605,1634.066,629.9482
64.40171,1,1633.464,629.0605,1633.765,629.5044
64.41478,1,1632.128,627.4759,1632.947,628.4901
64.42644,1,1632.128,627.4759,1632.537,627.983
64.43694,1,1632.128,627.4759,1632.333,627.7295
64.44851,1,1630.636,626.2617,1631.485,626.9956
64.45786,1,1630.636,626.2617,1631.061,626.6287
64.46989,1,1630.636,626.2617,1630.849,626.4452
64.48086,1,1629.68,624.3527,1630.264,625.3989
64.49059,1,1629.68,624.3527,1629.972,624.8759
64.50268,1,1629.68,624.3527,1629.826,624.6143
64.51615,1,1627.772,623.0818,1628.799,623.848
64.52642,1,1627.772,623.0818,1628.285,623.4649
64.53671,1,1623.952,620.0563,1626.119,621.7606
64.54948,1,1623.952,620.0563,1625.035,620.9084
64.55866,1,1623.952,620.0563,1624.494,620.4824
64.57041,1,1621.303,615.3724,1622.899,617.9274
64.58162,1,1621.303,615.3724,1622.101,616.6499
64.59319,1,1621.303,615.3724,1621.702,616.0112
64.60315,1,1619.523,610.8601,1620.613,613.4357
64.6175,1,1619.523,610.8601,1620.068,612.1479
64.62593,1,1616.373,606.4908,1618.22,609.3193
64.63698,1,1616.373,606.4908,1617.297,607.905
64.64908,1,1616.373,606.4908,1616.835,607.1979
64.65791,1,1613.966,603.2048,1615.4,605.2014
64.67087,1,1613.966,603.2048,1614.683,604.2031
64.68106,1,1613.966,603.2048,1614.324,603.704
64.69176,1,1611.466,599.3284,1612.895,601.5162
64.70287,1,1611.466,599.3284,1612.181,600.4222
64.71629,1,1609.014,596.4592,1610.598,598.4407
64.72441,1,1609.014,596.4592,1609.806,597.45
64.73688,1,1609.014,596.4592,1609.41,596.9546
64.74908,1,1606.48,594.2549,1607.945,595.6047
64.75723,1,1606.48,594.2549,1607.213,594.9298
64.76965,1,1606.48,594.2549,1606.847,594.5924
64.77944,1,1603.816,593.561,1605.331,594.0767
64.79072,1,1603.816,593.561,1604.574,593.8188
64.80154,1,1603.816,593.561,1604.195,593.6899
64.8116,1,1602.132,594.5829,1603.164,594.1364
64.82046,1,1602.132,594.5829,1602.648,594.3596
64.83254,1,1602.132,594.5829,1602.39,594.4713
64.84779,1,1600.379,594.605,1601.385,594.5381
64.85448,1,1600.379,594.605,1600.882,594.5716
64.86472,1,1600.379,594.605,1600.631,594.5883
64.87638,1,1599.079,594.7978,1599.855,594.6931
64.88814,1,1599.079,594.7978,1599.467,594.7454
64.89867,1,1598.463,595.8113,1598.965,595.2784
64.90959,1,1598.463,595.8113,1598.714,595.5449
64.9201,1,1598.463,595.8113,1598.588,595.6781
64.93211,1,1597.706,597.0027,1598.147,596.3405
64.94644,1,1597.706,597.0027,1597.927,596.6716
64.95591,1,1597.706,597.0027,1597.816,596.8372
64.96805,1,1596.74,598.014,1597.278,597.4256
64.97769,1,1596.74,598.014,1597.009,597.7198
64.9892,1,1595.465,598.8109,1596.237,598.2654
64.99953,1,1595.465,598.8109,1595.851,598.5381
65.00957,1,1595.465,598.8109,1595.658,598.6746
65.01952,1,1594.062,599.0538,1594.86,598.8641
65.04374,1,1594.062,599.0538,1594.461,598.959
65.05193,1,1593.037,599.0363,1593.749,598.9976
65.05786,1,1593.037,599.0363,1593.393,599.017
65.0666,1,1593.037,599.0363,1593.215,599.0266
65.07595,1,1593.037,599.0363,1593.126,599.0314
65.08872,1,1592.016,598.8438,1592.571,598.9376
65.09831,1,1592.016,598.8438,1592.294,598.8907
65.10946,1,1590.605,598.77,1591.449,598.8304
65.12108,1,1590.605,598.77,1591.027,598.8002
65.13315,1,1590.605,598.77,1590.816,598.7851
65.14304,1,1588.761,599.24,1589.789,599.0126
65.15543,1,1588.761,599.24,1589.275,599.1263
65.16686,1,1588.761,599.24,1589.018,599.1831
65.17786,1,1587.134,599.1246,1588.076,599.1538
65.18787,1,1587.134,599.1246,1587.605,599.1392
65.19857,1,1693.5,604.569,1640.552,601.8541
65.20947,1,1693.5,604.569,1667.026,603.2115
65.21998,1,1693.5,604.569,1680.263,603.8903
65.23244,1,1583.104,597.7186,1631.684,600.8044
65.2426,1,1583.104,597.7186,1607.394,599.2615
65.25559,1,1583.104,597.7186,1595.249,598.4901
65.26582,1,1581.854,598.0391,1588.552,598.2646
65.27481,1,1581.854,598.0391,1585.203,598.1519
65.28699,1,1581.854,598.0391,1583.528,598.0955
65.29795,1,1580.685,598.4954,1582.106,598.2954
65.31004,1,1580.685,598.4954,1581.396,598.3954
65.31957,1,1579.164,599.1763,1580.28,598.7858
65.33261,1,1579.164,599.1763,1579.722,598.9811
65.34363,1,1579.164,599.1763,1579.443,599.0787
65.35523,1,1578.092,599.7816,1578.767,599.4302
65.36587,1,1578.092,599.7816,1578.429,599.6059
65.37673,1,1578.092,599.7816,1578.261,599.6937
65.38937,1,1576.83,600.756,1577.545,600.2249
65.40038,1,1576.83,600.756,1577.188,600.4904
65.41282,1,1575.261,602.1827,1576.225,601.3365
65.42139,1,1575.261,602.1827,1575.743,601.7596
65.4329,1,1575.261,602.1827,1575.502,601.9712
65.44324,1,1573.875,603.9314,1574.689,602.9513
65.45458,1,1573.875,603.9314,1574.282,603.4413
65.46645,1,1573.875,603.9314,1574.079,603.6864
65.47697,1,1572.208,605.6548,1573.143,604.6707
65.48698,1,1572.208,605.6548,1572.676,605.1627
65.49803,1,1572.208,605.6548,1572.442,605.4088
65.50907,1,1570.802,607.7274,1571.622,606.5681
65.51743,1,1570.802,607.7274,1571.212,607.1477
65.53059,1,1568.858,609.8673,1570.035,608.5075
65.53878,1,1568.858,609.8673,1569.446,609.1874
65.55109,1,1568.858,609.8673,1569.152,609.5273
65.57446,1,1567.578,611.3469,1568.365,610.4371
65.58162,1,1567.578,611.3469,1567.972,610.892
65.58945,1,1567.578,611.3469,1567.775,611.1194
65.60085,1,1566.244,613.5696,1567.01,612.3445
65.61258,1,1566.244,613.5696,1566.627,612.957
65.62096,1,1565.364,616.6148,1565.995,614.7859
65.63402,1,1565.364,616.6148,1565.68,615.7003
65.6425,1,1565.364,616.6148,1565.522,616.1576
65.65468,1,1565.039,619.3535,1565.281,617.7555
65.66473,1,1565.039,619.3535,1565.16,618.5544
65.67523,1,1565.039,619.3535,1565.099,618.954
65.6871,1,1564.276,622.012,1564.688,620.483
65.6974,1,1564.276,622.012,1564.482,621.2476
65.70825,1,1564.276,622.012,1564.379,621.6298
65.71777,1,1563.463,624.6537,1563.921,623.1417
65.72993,1,1563.463,624.6537,1563.692,623.8977
65.74119,1,1563.463,624.6537,1563.577,624.2757
65.75252,1,1562.895,627.8517,1563.236,626.0637
65.76273,1,1562.895,627.8517,1563.066,626.9577
65.77422,1,1542.326,632.5175,1552.696,629.7375
65.7836,1,1542.326,632.5175,1547.511,631.1275
65.79668,1,1542.326,632.5175,1544.919,631.8225
65.80676,1,1393.737,652.5821,1469.328,642.2023
65.8167,1,1393.737,652.5821,1431.532,647.3922
65.83053,1,1393.737,652.5821,1412.634,649.9872
65.83816,1,1064.789,693.2192,1238.712,671.6032
65.85273,1,1064.789,693.2192,1151.75,682.4113
65.8625,1,1064.789,693.2192,1108.27,687.8152
65.87328,1,836.2293,721.7931,972.2496,704.8042
65.88309,1,836.2293,721.7931,904.2395,713.2986
65.89552,1,726.4762,732.7761,815.3578,723.0374
65.90367,1,726.4762,732.7761,770.917,727.9067
65.91594,1,726.4762,732.7761,748.6966,730.3414
65.92447,1,680.4403,739.2048,714.5685,734.7731
65.93514,1,680.4403,739.2048,697.5044,736.989
65.94718,1,680.4403,739.2048,688.9724,738.0969
65.95662,1,657.7648,742.8618,673.3685,740.4794
65.96759,1,657.7648,742.8618,665.5667,741.6706
65.97871,1,657.7648,742.8618,661.6657,742.2662
65.99133,1,647.077,741.6348,654.3713,741.9506
66.00214,1,647.077,741.6348,650.7241,741.7927
66.01538,1,641.7902,744.8329,646.2572,743.3129
66.02332,1,641.7902,744.8329,644.0237,744.0729
66.03581,1,641.7902,744.8329,642.907,744.4529
66.04717,1,639.4852,745.106,641.1961,744.7794
66.05543,1,639.4852,745.106,640.3407,744.9427
66.0678,1,639.4852,745.106,639.913,745.0243
66.07832,1,676.1954,726.0196,658.0542,735.522
66.09014,1,676.1954,726.0196,667.1248,730.7708
66.09892,1,676.1954,726.0196,671.6602,728.3951
66.1125,1,748.2826,708.8748,709.9714,718.6349
66.12074,1,748.2826,708.8748,729.127,713.7549
66.13469,1,962.3857,687.6432,845.7563,700.6991
66.14487,1,962.3857,687.6432,904.071,694.1711
66.15589,1,962.3857,687.6432,933.2284,690.9072
66.16671,1,1156.027,675.1046,1044.628,683.0059
66.17795,1,1156.027,675.1046,1100.327,679.0552
66.18841,1,1156.027,675.1046,1128.177,677.0798
66.20103,1,1275.288,665.9556,1201.733,671.5177
66.21189,1,1275.288,665.9556,1238.51,668.7367
66.21982,1,1275.288,665.9556,1256.899,667.3462
66.2326,1,1377.982,660.9084,1317.441,664.1273
66.24223,1,1377.982,660.9084,1347.711,662.5178
66.25391,1,1377.982,660.9084,1362.846,661.7131
66.26346,1,1446.997,656.944,1404.922,659.3286
66.27457,1,1446.997,656.944,1425.96,658.1364
66.2865,1,1480.861,654.5109,1453.41,656.3236
66.29633,1,1480.861,654.5109,1467.136,655.4172
66.30871,1,1480.861,654.5109,1473.999,654.9641
66.31799,1,1499.645,651.886,1486.822,653.425
66.32928,1,1499.645,651.886,1493.234,652.6555
66.33867,1,1499.645,651.886,1496.439,652.2708
66.3515,1,1509.17,653.6949,1502.804,652.9828
66.36156,1,1509.17,653.6949,1505.987,653.3389
66.37339,1,1509.17,653.6949,1507.578,653.5168
66.3832,1,1514.837,653.9453,1511.208,653.7311
66.39651,1,1514.837,653.9453,1513.022,653.8381
66.40631,1,1514.837,653.9453,1513.929,653.8917
66.41708,1,1516.777,655.082,1515.354,654.4869
66.43051,1,1516.777,655.082,1516.065,654.7844
66.43873,1,1518.355,656.5513,1517.21,655.6678
66.45226,1,1518.355,656.5513,1517.783,656.1096
66.46346,1,1518.355,656.5513,1518.069,656.3304
66.47495,1,1514.206,659.6787,1516.138,658.0046
66.48434,1,1514.206,659.6787,1515.172,658.8417
66.49594,1,1514.206,659.6787,1514.689,659.2602
66.50694,1,1511.271,664.2683,1512.98,661.7643
66.51734,1,1511.271,664.2683,1512.125,663.0163
66.52921,1,1508.197,667.522,1510.161,665.2692
66.53793,1,1508.197,667.522,1509.179,666.3956
66.54958,1,1508.197,667.522,1508.688,666.9589
66.56087,1,1506.532,670.0759,1507.61,668.5173
66.57281,1,1506.532,670.0759,1507.071,669.2966
66.58361,1,1506.532,670.0759,1506.802,669.6863
66.59641,1,1504.702,672.0393,1505.752,670.8628
66.60435,1,1504.702,672.0393,1505.227,671.451
66.61645,1,1504.702,672.0393,1504.965,671.7452
66.62893,1,1502.927,674.8425,1503.946,673.2938
66.63705,1,1502.927,674.8425,1503.436,674.0682
66.64928,1,1500.756,678.0226,1502.096,676.0454
66.65919,1,1500.756,678.0226,1501.426,677.034
66.67106,1,1500.756,678.0226,1501.091,677.5283
66.68187,1,1498.759,681.2179,1499.925,679.3731
66.69254,1,1498.759,681.2179,1499.342,680.2955
66.7011,1,1498.759,681.2179,1499.051,680.7567
66.71404,1,1496.91,683.9435,1497.98,682.3501
66.72179,1,1496.91,683.9435,1497.445,683.1468
66.73507,1,1496.91,683.9435,1497.177,683.5452
66.75829,1,1495.817,688.374,1496.497,685.9596
66.76447,1,1495.817,688.374,1496.157,687.1667
66.77303,1,1493.808,690.5038,1494.982,688.8353
66.78404,1,1493.808,690.5038,1494.395,689.6696
66.79703,1,1493.808,690.5038,1494.102,690.0867
66.80627,1,1490.869,692.8495,1492.485,691.4681
66.81731,1,1490.869,692.8495,1491.677,692.1588
66.83039,1,1487.579,696.2323,1489.628,694.1956
66.83898,1,1487.579,696.2323,1488.604,695.2139
66.85139,1,1487.579,696.2323,1488.091,695.7231
66.86224,1,1484.736,702.1707,1486.414,698.9469
66.87259,1,1484.736,702.1707,1485.575,700.5588
66.88744,1,1484.736,702.1707,1485.156,701.3647
66.89688,1,1483.996,707.621,1484.576,704.4929
66.90866,1,1483.996,707.621,1484.286,706.057
66.91908,1,1483.996,707.621,1484.141,706.839
66.9325,1,1482.639,711.6871,1483.39,709.2631
66.94018,1,1482.639,711.6871,1483.015,710.4751
66.95288,1,1481.378,715.9289,1482.197,713.202
66.96272,1,1481.378,715.9289,1481.787,714.5654
66.97466,1,1481.378,715.9289,1481.583,715.2472
66.98396,1,1479.931,720.4012,1480.757,717.8242
66.99504,1,1479.931,720.4012,1480.344,719.1127
67.00429,1,1479.931,720.4012,1480.137,719.757
67.01662,1,1478.791,725.8694,1479.464,722.8132
67.02706,1,1478.791,725.8694,1479.127,724.3413
67.03706,1,1478.791,725.8694,1478.959,725.1053
67.05144,1,1475.729,731.9122,1477.344,728.5088
67.06117,1,1475.729,731.9122,1476.537,730.2104
67.07139,1,1475.164,736.7587,1475.85,733.4846
67.08118,1,1475.164,736.7587,1475.507,735.1217
67.092,1,1475.164,736.7587,1475.335,735.9402
67.10303,1,1473.871,741.5076,1474.603,738.7239
67.12592,1,1473.871,741.5076,1474.237,740.1157
67.1323,1,1472.605,744.3194,1473.421,742.2175
67.13866,1,1472.605,744.3194,1473.013,743.2684
67.15355,1,1472.605,744.3194,1472.809,743.7939
67.16405,1,1471.721,746.3539,1472.265,745.074
67.1757,1,1471.721,746.3539,1471.993,745.714
67.18659,1,1471.721,746.3539,1471.857,746.0339
67.19636,1,1470.641,747.906,1471.249,746.97
67.20686,1,1470.641,747.906,1470.945,747.438
67.21706,1,1470.641,747.906,1470.793,747.672
67.23138,1,1468.938,749.4523,1469.866,748.5621
67.24044,1,1468.938,749.4523,1469.402,749.0072
67.25252,1,1466.884,750.7,1468.143,749.8536
67.26119,1,1466.884,750.7,1467.513,750.2769
67.27312,1,1466.884,750.7,1467.199,750.4884
67.28349,1,1465.168,751.3153,1466.184,750.9019
67.29594,1,1465.168,751.3153,1465.676,751.1086
67.3049,1,1465.168,751.3153,1465.422,751.2119
67.31754,1,1463.791,752.0438,1464.607,751.6278
67.32671,1,1463.791,752.0438,1464.199,751.8358
67.34289,1,1461.732,752.1044,1462.966,751.9701
67.3522,1,1461.732,752.1044,1462.349,752.0372
67.36291,1,1461.732,752.1044,1462.041,752.0708
67.37444,1,1459.244,752.0598,1460.642,752.0653
67.38943,1,1459.244,752.0598,1459.943,752.0626
67.40093,1,1459.244,752.0598,1459.594,752.0612
67.41015,1,1457.059,752.1638,1458.326,752.1124
67.41945,1,1457.059,752.1638,1457.693,752.1381
67.43161,1,1457.059,752.1638,1457.376,752.1509
67.44218,1,1454.964,752.3677,1456.17,752.2593
67.45493,1,1454.964,752.3677,1455.567,752.3135
67.46654,1,1453.38,751.9858,1454.473,752.1497
67.47749,1,1453.38,751.9858,1453.927,752.0677
67.48882,1,1453.38,751.9858,1453.653,752.0267
67.49978,1,1451.292,751.5696,1452.472,751.7982
67.5126,1,1451.292,751.5696,1451.882,751.6838
67.52148,1,1451.292,751.5696,1451.587,751.6267
67.53503,1,1449.168,750.7238,1450.378,751.1753
67.54688,1,1449.168,750.7238,1449.773,750.9496
67.55684,1,1447.707,750.2949,1448.74,750.6223
67.56857,1,1447.707,750.2949,1448.223,750.4586
67.5788,1,1447.707,750.2949,1447.965,750.3768
67.59075,1,1446.39,749.7322,1447.177,750.0544
67.5993,1,1446.39,749.7322,1446.784,749.8933
67.61159,1,1446.39,749.7322,1446.587,749.8127
67.61966,1,1445.251,748.8774,1445.919,749.3451
67.63214,1,1445.251,748.8774,1445.585,749.1113
67.64126,1,1445.251,748.8774,1445.418,748.9944
67.65262,1,1443.79,748.4828,1444.604,748.7386
67.66488,1,1443.79,748.4828,1444.197,748.6107
67.67473,1,1443.79,748.4828,1443.993,748.5468
67.68436,1,1442.579,748.5228,1443.286,748.5348
67.69711,1,1442.579,748.5228,1442.933,748.5288
67.70356,1,1442.579,748.5228,1442.756,748.5258
67.71684,1,1423.977,751.8807,1433.367,750.2032
67.72797,1,1423.977,751.8807,1428.672,751.042
67.74755,1,1275.497,772.2758,1352.084,761.6589
67.75355,1,1275.497,772.2758,1313.791,766.9674
67.76497,1,936.5816,814.9314,1125.186,790.9494
67.77699,1,936.5816,814.9314,1030.884,802.9404
67.78712,1,936.5816,814.9314,983.7328,808.9359
67.79707,1,701.1282,838.5939,842.4305,823.7649
67.80869,1,701.1282,838.5939,771.7793,831.1794
67.81865,1,701.1282,838.5939,736.4537,834.8866
67.83128,1,588.098,850.6307,662.2759,842.7587
67.84113,1,588.098,850.6307,625.187,846.6947
67.85151,1,588.098,850.6307,606.6425,848.6627
67.86188,1,537.764,861.4494,572.2032,855.056
67.87321,1,537.764,861.4494,554.9836,858.2527
67.88458,1,537.764,861.4494,546.3738,859.8511
67.89736,1,514.8271,864.1944,530.6005,862.0227
67.90629,1,514.8271,864.1944,522.7138,863.1085
67.9174,1,502.9903,863.7402,512.8521,863.4243
67.92989,1,502.9903,863.7402,507.9212,863.5823
67.93762,1,502.9903,863.7402,505.4557,863.6613
67.95087,1,527.9631,864.8472,516.7094,864.2543
67.9593,1,527.9631,864.8472,522.3362,864.5508
67.97103,1,527.9631,864.8472,525.1497,864.699
67.98183,1,553.0059,864.9434,539.0778,864.8212
67.99328,1,553.0059,864.9434,546.0418,864.8823
68.00343,1,553.0059,864.9434,549.5238,864.9128
68.017,1,596.1451,866.5181,572.8345,865.7155
68.02603,1,596.1451,866.5181,584.4898,866.1168
68.03693,1,596.1451,866.5181,590.3175,866.3175
68.04971,1,713.7152,863.1226,652.0164,864.72
68.05894,1,713.7152,863.1226,682.8658,863.9213
68.07104,1,947.4852,855.3626,815.1755,859.642
68.08995,1,947.4852,855.3626,881.3303,857.5023
68.09668,1,947.4852,855.3626,914.4077,856.4325
68.10853,1,1118.77,850.6766,1016.589,853.5546
68.11855,1,1118.77,850.6766,1067.68,852.1156
68.13084,1,1213.085,842.0653,1140.382,847.0905
68.14008,1,1213.085,842.0653,1176.733,844.5779
68.15077,1,1213.085,842.0653,1194.909,843.3216
68.15871,1,1261.874,843.5295,1228.391,843.4255
68.17074,1,1261.874,843.5295,1245.133,843.4775
68.18295,1,1261.874,843.5295,1253.503,843.5035
68.19741,1,1285.44,843.1499,1269.472,843.3267
68.20423,1,1285.44,843.1499,1277.456,843.2383
68.21638,1,1285.44,843.1499,1281.448,843.1941
68.22909,1,1294.815,840.762,1288.132,841.978
68.23768,1,1294.815,840.762,1291.473,841.37
68.24919,1,1304.203,837.158,1297.838,839.264
68.25852,1,1304.203,837.158,1301.021,838.2109
68.26997,1,1304.203,837.158,1302.612,837.6844
68.28085,1,1328.034,820.625,1315.323,829.1547
68.29337,1,1328.034,820.625,1321.679,824.8899
68.30286,1,1328.034,820.625,1324.856,822.7574
68.32578,1,1346.66,807.3155,1335.758,815.0365
68.33553,1,1346.66,807.3155,1341.209,811.176
68.34296,1,1357.956,798.92,1349.583,805.048
68.35294,1,1357.956,798.92,1353.77,801.984
68.36329,1,1357.956,798.92,1355.863,800.452
68.37453,1,1366.781,793.1354,1361.322,796.7937
68.38467,1,1366.781,793.1354,1364.051,794.9645
68.3968,1,1366.781,793.1354,1365.416,794.0499
68.40585,1,1371.536,790.5603,1368.476,792.3051
68.4165,1,1371.536,790.5603,1370.006,791.4327
68.42944,1,1371.536,790.5603,1370.771,790.9965
68.4379,1,1374.719,787.6865,1372.745,789.3416
68.44987,1,1374.719,787.6865,1373.732,788.514
68.46246,1,1376.698,784.2492,1375.215,786.3816
68.4724,1,1376.698,784.2492,1375.956,785.3154
68.48273,1,1376.698,784.2492,1376.327,784.7823
68.49546,1,1377.855,782.4724,1377.091,783.6274
68.50392,1,1377.855,782.4724,1377.473,783.0499
68.51809,1,1377.855,782.4724,1377.664,782.7612
68.52663,1,1378.221,781.1014,1377.942,781.9313
68.53827,1,1378.221,781.1014,1378.082,781.5164
68.55031,1,1378.221,781.1014,1378.151,781.3088
68.56155,1,1378.591,779.8594,1378.371,780.5841
68.57125,1,1378.591,779.8594,1378.481,780.2217
68.58112,1,1378.591,779.8594,1378.536,780.0405
68.59413,1,1378.328,778.5638,1378.432,779.3021
68.60291,1,1378.328,778.5638,1378.38,778.933
68.615,1,1377.506,778.2074,1377.943,778.5702
68.62402,1,1377.506,778.2074,1377.724,778.3888
68.63597,1,1377.506,778.2074,1377.615,778.2981
68.6479,1,1375.833,779.3899,1376.724,778.844
68.658,1,1375.833,779.3899,1376.279,779.1169
68.6702,1,1375.833,779.3899,1376.056,779.2534
68.68056,1,1374.499,780.6943,1375.277,779.9739
68.69215,1,1374.499,780.6943,1374.888,780.3341
68.70263,1,1373.875,781.3525,1374.381,780.8433
68.71501,1,1373.875,781.3525,1374.128,781.0979
68.72858,1,1373.875,781.3525,1374.001,781.2252
68.73659,1,1373.171,782.2718,1373.586,781.7485
68.74887,1,1373.171,782.2718,1373.379,782.0101
68.77644,1,1371.915,783.9847,1372.647,782.9974
68.78212,1,1371.915,783.9847,1372.281,783.4911
68.79012,1,1371.915,783.9847,1372.098,783.7379
68.79801,1,1370.375,786.422,1371.237,785.08
68.80857,1,1370.375,786.422,1370.806,785.751
68.8194,1,1370.375,786.422,1370.591,786.0865
68.8326,1,1368.91,788.7622,1369.75,787.4243
68.84117,1,1368.91,788.7622,1369.33,788.0933
68.8532,1,1368.91,788.7622,1369.12,788.4277
68.86462,1,1366.872,791.3484,1367.996,789.8881
68.87453,1,1366.872,791.3484,1367.434,790.6183
68.88709,1,1365.255,794.8769,1366.344,792.7476
68.8977,1,1365.255,794.8769,1365.799,793.8123
68.90859,1,1365.255,794.8769,1365.527,794.3446
68.91893,1,1363.242,798.2206,1364.384,796.2826
68.93459,1,1363.242,798.2206,1363.813,797.2516
68.94803,1,1361.627,801.5472,1362.72,799.3994
68.9585,1,1361.627,801.5472,1362.173,800.4733
68.96931,1,1361.627,801.5472,1361.9,801.0103
68.97888,1,1360.433,805.0104,1361.166,803.0104
68.99088,1,1360.433,805.0104,1360.8,804.0104
68.99904,1,1360.433,805.0104,1360.616,804.5104
69.01023,1,1359.221,808.8726,1359.918,806.6915
69.02026,1,1359.221,808.8726,1359.57,807.7821
69.03339,1,1359.221,808.8726,1359.395,808.3274
69.04136,1,1357.428,812.2721,1358.412,810.2997
69.05529,1,1357.428,812.2721,1357.92,811.2859
69.06657,1,1354.185,816.2585,1356.052,813.7722
69.07465,1,1354.185,816.2585,1355.118,815.0154
69.08813,1,1354.185,816.2585,1354.651,815.637
69.10134,1,1351.793,821.1313,1353.222,818.3842
69.11548,1,1351.793,821.1313,1352.508,819.7578
69.12092,1,1351.793,821.1313,1352.15,820.4446
69.13357,1,1350.355,824.5035,1351.252,822.474
69.14197,1,1350.355,824.5035,1350.803,823.4888
69.15508,1,1350.377,827.0549,1350.59,825.2719
69.17001,1,1350.377,827.0549,1350.484,826.1633
69.17992,1,1350.377,827.0549,1350.431,826.6091
69.19019,1,1349.068,828.8,1349.749,827.7046
69.19865,1,1349.068,828.8,1349.409,828.2523
69.21005,1,1349.068,828.8,1349.238,828.5261
69.21989,1,1347.511,822.5967,1348.375,825.5614
69.23249,1,1347.511,822.5967,1347.943,824.079
69.24809,1,1346.167,808.4193,1347.055,816.2491
69.25376,1,1346.167,808.4193,1346.611,812.3342
69.26482,1,1346.167,808.4193,1346.389,810.3767
69.27513,1,1346.167,808.4193,1346.278,809.3979
69.2866,1,1343.786,786.5977,1345.032,797.9978
69.29716,1,1343.786,786.5977,1344.409,792.2977
69.30762,1,1341.083,765.7051,1342.746,779.0014
69.31732,1,1341.083,765.7051,1341.914,772.3533
69.33099,1,1341.083,765.7051,1341.499,769.0292
69.34035,1,1338.695,748.1923,1340.097,758.6107
69.35377,1,1338.695,748.1923,1339.396,753.4015
69.36389,1,1338.695,748.1923,1339.046,750.7969
69.37544,1,1337.642,735.7501,1338.344,743.2735
69.38673,1,1337.642,735.7501,1337.993,739.5118
69.39706,1,1336.678,726.5287,1337.335,733.0203
69.40885,1,1336.678,726.5287,1337.007,729.7745
69.41765,1,1336.678,726.5287,1336.843,728.1516
69.43102,1,1336.213,719.2542,1336.528,723.7029
69.4398,1,1336.213,719.2542,1336.37,721.4785
69.45245,1,1336.213,719.2542,1336.291,720.3663
69.4636,1,1337.561,714.6923,1336.926,717.5293
69.4753,1,1337.561,714.6923,1337.243,716.1108
69.48777,1,1339.167,712.9067,1338.205,714.5088
69.49895,1,1339.167,712.9067,1338.686,713.7078
69.51109,1,1339.167,712.9067,1338.927,713.3073
69.52139,1,1339.786,711.9227,1339.356,712.615
69.53415,1,1339.786,711.9227,1339.571,712.2688
69.54399,1,1339.786,711.9227,1339.678,712.0957
69.55529,1,1340.613,713.8701,1340.146,712.9829
69.56634,1,1340.613,713.8701,1340.38,713.4265
69.57697,1,1340.613,713.8701,1340.497,713.6483
69.58805,1,1341.433,716.0566,1340.965,714.8525
69.59924,1,1341.433,716.0566,1341.199,715.4546
69.6121,1,1342.616,717.3633,1341.907,716.4089
69.62127,1,1342.616,717.3633,1342.262,716.8861
69.63309,1,1342.616,717.3633,1342.439,717.1247
69.646,1,1343.718,718.4104,1343.078,717.7676
69.65292,1,1343.718,718.4104,1343.398,718.089
69.66616,1,1343.718,718.4104,1343.558,718.2497
69.67451,1,1344.784,719.5582,1344.171,718.9039
69.68747,1,1344.784,719.5582,1344.477,719.2311
69.69689,1,1344.784,719.5582,1344.631,719.3947
69.70871,1,1346.253,720.968,1345.442,720.1813
69.71725,1,1346.253,720.968,1345.847,720.5746
69.72933,1,1348.018,722.2328,1346.932,721.4037
69.73866,1,1348.018,722.2328,1347.475,721.8182
69.75309,1,1348.018,722.2328,1347.746,722.0255
69.76277,1,1350.027,723.6315,1348.887,722.8285
69.77355,1,1350.027,723.6315,1349.457,723.23
69.78348,1,1350.027,723.6315,1349.742,723.4308
69.79681,1,1352.026,724.7773,1350.884,724.104
69.80639,1,1352.026,724.7773,1351.455,724.4407
69.81661,1,1352.026,724.7773,1351.741,724.609
69.82713,1,1353.628,726.4926,1352.684,725.5508
69.83728,1,1353.628,726.4926,1353.156,726.0217
69.84981,1,1353.628,726.4926,1353.392,726.2572
69.85904,1,1355.855,728.2746,1354.624,727.2659
69.87036,1,1355.855,728.2746,1355.239,727.7703
69.88187,1,1358.33,729.8905,1356.784,728.8304
69.89212,1,1358.33,729.8905,1357.557,729.3605
69.90331,1,1358.33,729.8905,1357.943,729.6255
69.92766,1,1360.292,731.7814,1359.118,730.7034
69.93301,1,1360.292,731.7814,1359.705,731.2424
69.94054,1,1360.292,731.7814,1359.998,731.5119
69.9528,1,1361.762,734.1674,1360.88,732.8397
69.96386,1,1361.762,734.1674,1361.321,733.5035
69.97445,1,1364.195,735.8453,1362.758,734.6744
69.98643,1,1364.195,735.8453,1363.476,735.2599
69.99741,1,1364.195,735.8453,1363.836,735.5526
70.00986,1,1366.156,737.5345,1364.996,736.5436
70.01803,1,1366.156,737.5345,1365.576,737.0391
70.03069,1,1366.156,737.5345,1365.866,737.2868
70.03905,1,1367.987,739.8445,1366.926,738.5657
70.05142,1,1367.987,739.8445,1367.457,739.2051
70.06203,1,1369.221,741.5639,1368.339,740.3845
70.07315,1,1369.221,741.5639,1368.78,740.9742
70.08376,1,1369.221,741.5639,1369,741.269
70.09572,1,1370.36,743.5603,1369.68,742.4147
70.10464,1,1370.36,743.5603,1370.02,742.9875
70.11622,1,1370.36,743.5603,1370.19,743.2739
70.1265,1,1372.137,745.4456,1371.164,744.3597
70.13698,1,1372.137,745.4456,1371.65,744.9026
70.15018,1,1372.137,745.4456,1371.894,745.1741
70.15793,1,1373.833,747.0711,1372.863,746.1226
70.17051,1,1373.833,747.0711,1373.348,746.5968
70.18119,1,1373.833,747.0711,1373.59,746.834
70.19306,1,1375.453,748.7576,1374.522,747.7958
70.20206,1,1375.453,748.7576,1374.987,748.2767
70.21495,1,1377.041,750.5844,1376.014,749.4305
70.22378,1,1377.041,750.5844,1376.527,750.0074
70.23697,1,1377.041,750.5844,1376.784,750.2959
70.24825,1,1378.115,751.6944,1377.449,750.9951
70.25729,1,1378.115,751.6944,1377.782,751.3447
70.26988,1,1378.115,751.6944,1377.948,751.5195
70.28088,1,1379.155,752.3005,1378.552,751.91
70.29296,1,1379.155,752.3005,1378.853,752.1052
70.30351,1,1380.473,753.098,1379.663,752.6016
70.31591,1,1380.473,753.098,1380.068,752.8499
70.32428,1,1380.473,753.098,1380.271,752.9739
70.33766,1,1381.325,753.9481,1380.798,753.461
70.34926,1,1381.325,753.9481,1381.061,753.7045
70.35773,1,1381.325,753.9481,1381.193,753.8263
70.37045,1,1382.744,755.2448,1381.969,754.5355
70.3803,1,1382.744,755.2448,1382.356,754.8901
70.39103,1,1382.744,755.2448,1382.55,755.0674
70.40129,1,1384.179,756.8635,1383.365,755.9655
70.41427,1,1384.179,756.8635,1383.772,756.4144
70.42461,1,1386.05,758.412,1384.911,757.4132
70.43819,1,1386.05,758.412,1385.48,757.9126
70.44804,1,1386.05,758.412,1385.765,758.1624
70.45763,1,1388.015,760.3698,1386.89,759.2661
70.47028,1,1388.015,760.3698,1387.452,759.818
70.47993,1,1388.015,760.3698,1387.733,760.0939
70.49104,1,1389.938,761.682,1388.836,760.8879
70.50114,1,1389.938,761.682,1389.387,761.285
70.51369,1,1389.938,761.682,1389.663,761.4835
70.52277,1,1392.148,763.0132,1390.905,762.2484
70.5351,1,1392.148,763.0132,1391.527,762.6309
70.54683,1,1394.277,764.0061,1392.902,763.3185
70.55625,1,1394.277,764.0061,1393.589,763.6623
70.56774,1,1394.277,764.0061,1393.933,763.8342
70.57839,1,1396.455,765.047,1395.194,764.4406
70.58885,1,1396.455,765.047,1395.824,764.7438
70.60089,1,1396.455,765.047,1396.139,764.8954
70.61189,1,1400.627,766.8972,1398.383,765.8962
70.61906,1,1400.627,766.8972,1399.505,766.3967
70.63244,1,1400.627,766.8972,1400.066,766.647
70.64066,1,1404.514,769.9318,1402.29,768.2894
70.65336,1,1404.514,769.9318,1403.402,769.1106
70.66598,1,1408.281,773.0213,1405.841,771.0659
70.67448,1,1408.281,773.0213,1407.061,772.0436
70.68696,1,1408.281,773.0213,1407.671,772.5325
70.69706,1,1411.896,775.9417,1409.783,774.2371
70.72656,1,1415.322,780.0143,1412.552,777.1257
70.7374,1,1415.322,780.0143,1413.937,778.5699
70.74451,1,1415.322,780.0143,1414.629,779.2921
70.75432,1,1415.322,780.0143,1414.976,779.6532
70.76461,1,1418.898,783.7297,1416.937,781.6915
70.7787,1,1418.898,783.7297,1417.917,782.7106
70.78927,1,1422.373,786.8768,1420.145,784.7937
70.80066,1,1422.373,786.8768,1421.259,785.8353
70.81313,1,1422.373,786.8768,1421.816,786.3561
70.82147,1,1425.866,789.932,1423.841,788.144
70.83352,1,1425.866,789.932,1424.854,789.038
70.84402,1,1425.866,789.932,1425.36,789.485
70.85468,1,1429.337,793.9646,1427.349,791.7248
70.86686,1,1429.337,793.9646,1428.343,792.8447
70.87724,1,1429.337,793.9646,1428.84,793.4047
70.88854,1,1432.754,797.859,1430.797,795.6318
70.89773,1,1432.754,797.859,1431.776,796.7454
70.90931,1,1435.45,801.1057,1433.613,798.9255
70.92016,1,1435.45,801.1057,1434.531,800.0156
70.93137,1,1435.45,801.1057,1434.99,800.5607
70.94133,1,1437.962,804.1423,1436.476,802.3515
70.95141,1,1437.962,804.1423,1437.219,803.2469
70.96295,1,1437.962,804.1423,1437.591,803.6946
70.97371,1,1440.307,807.0677,1438.949,805.3812
70.98336,1,1440.307,807.0677,1439.628,806.2245
70.99639,1,1440.307,807.0677,1439.967,806.6461
71.00642,1,1441.747,808.9034,1440.857,807.7748
71.01714,1,1441.747,808.9034,1441.302,808.3391
71.03033,1,1443.214,810.982,1442.258,809.6605
71.03824,1,1443.214,810.982,1442.736,810.3213
71.05137,1,1443.214,810.982,1442.975,810.6516
71.06146,1,1445.331,813.2229,1444.153,811.9373
71.07372,1,1445.331,813.2229,1444.742,812.5801
71.08272,1,1445.331,813.2229,1445.037,812.9015
71.09555,1,1449.921,815.139,1447.479,814.0203
71.10401,1,1449.921,815.139,1448.7,814.5797
71.11787,1,1449.921,815.139,1449.311,814.8594
71.12994,1,1457.105,817.9998,1453.208,816.4296
71.13908,1,1457.105,817.9998,1455.157,817.2147
71.15266,1,1463.209,821.1852,1459.183,819.2
71.1628,1,1463.209,821.1852,1461.196,820.1926
71.17336,1,1463.209,821.1852,1462.203,820.6888
71.18336,1,1469.94,825.0193,1466.071,822.8541
71.19672,1,1469.94,825.0193,1468.005,823.9368
71.20647,1,1469.94,825.0193,1468.972,824.478
71.21629,1,1475.671,828.8326,1472.322,826.6553
71.22977,1,1475.671,828.8326,1473.996,827.744
71.2383,1,1475.671,828.8326,1474.834,828.2883
71.25108,1,1480.554,832.3224,1477.694,830.3054
71.26316,1,1480.554,832.3224,1479.124,831.314
71.27152,1,1486.023,836.0731,1482.574,833.6935
71.28202,1,1486.023,836.0731,1484.298,834.8833
71.29301,1,1486.023,836.0731,1485.161,835.4782
71.30332,1,1490.431,839.8321,1487.796,837.6552
71.31568,1,1490.431,839.8321,1489.114,838.7437
71.32471,1,1490.431,839.8321,1489.772,839.2878
71.33708,1,1493.894,843.2355,1491.833,841.2617
71.34871,1,1493.894,843.2355,1492.864,842.2487
71.35767,1,1493.894,843.2355,1493.379,842.7421
71.37061,1,1496.234,845.8003,1494.806,844.2712
71.38042,1,1496.234,845.8003,1495.52,845.0358
71.39283,1,1498.247,847.441,1496.884,846.2384
71.40184,1,1498.247,847.441,1497.565,846.8397
71.41451,1,1498.247,847.441,1497.906,847.1404
71.42355,1,1500.387,849.0531,1499.146,848.0967
71.43633,1,1500.387,849.0531,1499.767,848.575
71.44833,1,1500.387,849.0531,1500.077,848.814
71.45718,1,1501.62,851.1386,1500.849,849.9763
71.46942,1,1501.62,851.1386,1501.234,850.5575
71.47943,1,1501.62,851.1386,1501.427,850.848
71.48998,1,1503.365,852.2926,1502.396,851.5703
71.50085,1,1503.365,852.2926,1502.88,851.9315
71.51216,1,1504.703,853.2271,1503.792,852.5793
71.52133,1,1504.703,853.2271,1504.248,852.9032
71.53308,1,1504.703,853.2271,1504.475,853.0652
71.54176,1,1506.293,854.835,1505.384,853.9501
71.55389,1,1506.293,854.835,1505.839,854.3925
71.56442,1,1506.293,854.835,1506.066,854.6138
71.57491,1,1506.172,852.6635,1506.119,853.6386
71.58299,1,1506.172,852.6635,1506.145,853.151
71.59626,1,1506.172,852.6635,1506.159,852.9072
71.60458,1,1505.49,850.4468,1505.824,851.677
71.61677,1,1505.49,850.4468,1505.657,851.0619
71.63032,1,1505.49,850.4468,1505.574,850.7543
71.63768,1,1504.481,848.0674,1505.027,849.4109
71.65031,1,1504.481,848.0674,1504.754,848.7391
71.65879,1,1504.481,848.0674,1504.617,848.4033
71.67125,1,1502.883,845.1306,1503.75,846.767
71.68168,1,1502.883,845.1306,1503.317,845.9488
71.6932,1,1501.231,841.3163,1502.274,843.6326
71.70471,1,1501.231,841.3163,1501.752,842.4744
71.71687,1,1501.231,841.3163,1501.491,841.8954
71.72737,1,1498.969,837.7323,1500.23,839.8138
71.73783,1,1498.969,837.7323,1499.6,838.7731
71.75053,1,1498.969,837.7323,1499.284,838.2527
71.75916,1,1496.092,834.9033,1497.688,836.578
71.77164,1,1496.092,834.9033,1496.89,835.7407
71.78168,1,1496.092,834.9033,1496.491,835.322
71.79337,1,1493.032,831.2641,1494.761,833.2931
71.80297,1,1493.032,831.2641,1493.896,832.2786
71.81639,1,1490.688,828.1829,1492.292,830.2307
71.82626,1,1490.688,828.1829,1491.49,829.2068
71.83718,1,1490.688,828.1829,1491.089,828.6948
71.84935,1,1488.701,825.4494,1489.895,827.0721
71.85889,1,1488.701,825.4494,1489.298,826.2607
71.87087,1,1488.701,825.4494,1488.999,825.8551
71.88117,1,1486.417,823.3893,1487.708,824.6222
71.8933,1,1486.417,823.3893,1487.063,824.0057
71.90338,1,1486.417,823.3893,1486.74,823.6975
71.91524,1,1485.226,821.8324,1485.983,822.765
71.92387,1,1485.226,821.8324,1485.605,822.2987
71.93643,1,1483.338,820.8173,1484.472,821.558
71.9484,1,1483.338,820.8173,1483.905,821.1876
71.95876,1,1483.338,820.8173,1483.622,821.0024
71.97076,1,1480.4,819.39,1482.011,820.1962
71.98177,1,1480.4,819.39,1481.205,819.7931
71.99326,1,1480.4,819.39,1480.802,819.5916
72.00214,1,1478.552,818.046,1479.677,818.8188
72.01441,1,1478.552,818.046,1479.115,818.4324
72.02863,1,1476.882,816.3375,1477.998,817.3849
72.03767,1,1476.882,816.3375,1477.44,816.8612
72.04775,1,1476.882,816.3375,1477.161,816.5994
72.05975,1,1474.974,814.5924,1476.067,815.5959
72.07395,1,1474.974,814.5924,1475.521,815.0941
72.08408,1,1474.974,814.5924,1475.247,814.8433
72.09289,1,1473.409,813.409,1474.328,814.1261
72.10294,1,1473.409,813.409,1473.869,813.7676
72.11484,1,1473.409,813.409,1473.639,813.5883
72.12391,1,1471.282,812.8145,1472.46,813.2014
72.13604,1,1471.282,812.8145,1471.871,813.0079
72.14792,1,1468.968,811.7681,1470.42,812.3881
72.15618,1,1468.968,811.7681,1469.694,812.0781
72.16927,1,1468.968,811.7681,1469.331,811.9231
72.17879,1,1466.603,810.6262,1467.967,811.2747
72.19067,1,1466.603,810.6262,1467.285,810.9504
72.20076,1,1466.603,810.6262,1466.944,810.7883
72.21316,1,1464.027,809.9241,1465.486,810.3562
72.22356,1,1464.027,809.9241,1464.757,810.1401
72.23531,1,1464.027,809.9241,1464.392,810.0321
72.24793,1,1461.505,810.2324,1462.948,810.1322
72.25623,1,1461.505,810.2324,1462.227,810.1823
72.26948,1,1459.542,810.4509,1460.884,810.3166
72.27987,1,1459.542,810.4509,1460.213,810.3838
72.2926,1,1459.542,810.4509,1459.877,810.4174
72.30141,1,1457.504,810.0114,1458.691,810.2144
72.31421,1,1457.504,810.0114,1458.097,810.1129
72.32329,1,1457.504,810.0114,1457.801,810.0621
72.3363,1,1455.53,809.325,1456.665,809.6936
72.34771,1,1455.53,809.325,1456.098,809.5093
72.35652,1,1453.733,810.1778,1454.915,809.8435
72.36989,1,1453.733,810.1778,1454.324,810.0106
72.38087,1,1453.733,810.1778,1454.028,810.0942
72.39261,1,1452.55,810.2401,1453.289,810.1671
72.40335,1,1452.55,810.2401,1452.92,810.2036
72.41631,1,1452.55,810.2401,1452.735,810.2218
72.42608,1,1451.041,810.1329,1451.888,810.1774
72.43713,1,1451.041,810.1329,1451.465,810.1552
72.44909,1,1448.284,809.5051,1449.875,809.8301
72.45857,1,1448.284,809.5051,1449.079,809.6676
72.46967,1,1448.284,809.5051,1448.682,809.5863
72.48139,1,1391.49,803.8468,1420.086,806.7166
72.4928,1,1391.49,803.8468,1405.788,805.2817
72.50282,1,1391.49,803.8468,1398.639,804.5642
72.51433,1,1122.801,771.4374,1260.72,788.0009
72.52309,1,1122.801,771.4374,1191.76,779.7191
72.5357,1,1122.801,771.4374,1157.281,775.5782
72.5471,1,810.9158,738.2484,984.0982,756.9133
72.55553,1,810.9158,738.2484,897.507,747.5808
72.56798,1,651.6834,726.4689,774.5952,737.0249
72.57805,1,651.6834,726.4689,713.1393,731.7469
72.59274,1,651.6834,726.4689,682.4114,729.1079
72.60082,1,584.7614,719.3709,633.5864,724.2394
72.61338,1,584.7614,719.3709,609.174,721.8052
72.62149,1,584.7614,719.3709,596.9677,720.588
72.63403,1,554.759,716.8701,575.8633,718.7291
72.64314,1,554.759,716.8701,565.3112,717.7996
72.65513,1,554.759,716.8701,560.0351,717.3348
72.66618,1,551.9636,721.6492,555.9994,719.4921
72.6745,1,551.9636,721.6492,553.9815,720.5707
72.68651,1,551.9636,721.6492,552.9725,721.11
72.69736,1,588.2831,724.0389,570.6278,722.5745
72.71083,1,588.2831,724.0389,579.4554,723.3067
72.71848,1,588.2831,724.0389,583.8693,723.6729
72.73209,1,660.61,727.0197,622.2396,725.3463
72.74161,1,660.61,727.0197,641.4248,726.183
72.75627,1,783.1155,732.523,712.2701,729.353
72.76686,1,783.1155,732.523,747.6929,730.938
72.7752,1,783.1155,732.523,765.4042,731.7305
72.78861,1,1024.237,745.6323,894.8207,738.6814
72.79917,1,1024.237,745.6323,959.5291,742.1569
72.80991,1,1024.237,745.6323,991.8832,743.8946
72.82029,1,1195.71,754.0521,1093.797,748.9733
72.8325,1,1195.71,754.0521,1144.753,751.5127
72.8411,1,1285.254,758.5577,1215.004,755.0352
72.85392,1,1285.254,758.5577,1250.129,756.7964
72.86404,1,1285.254,758.5577,1267.691,757.677
72.8767,1,1329.334,759.7572,1298.513,758.7171
72.89347,1,1329.334,759.7572,1313.923,759.2372
72.89874,1,1329.334,759.7572,1321.629,759.4972
72.91005,1,1352.395,761.3588,1337.012,760.428
72.92001,1,1352.395,761.3588,1344.703,760.8934
72.93351,1,1364.884,759.321,1354.794,760.1072
72.94211,1,1364.884,759.321,1359.839,759.7141
72.9593,1,1364.884,759.321,1362.361,759.5176
72.97575,1,1369.075,756.9341,1365.718,758.2258
72.98129,1,1369.075,756.9341,1367.396,757.58
72.98844,1,1369.075,756.9341,1368.236,757.257
72.99874,1,1371.313,754.5801,1369.774,755.9186
73.01111,1,1371.313,754.5801,1370.543,755.2494
73.02081,1,1371.313,754.5801,1370.928,754.9148
73.03296,1,1372.8,751.6556,1371.864,753.2852
73.04147,1,1372.8,751.6556,1372.332,752.4705
73.05327,1,1373.358,749.6471,1372.845,751.0588
73.06351,1,1373.358,749.6471,1373.101,750.3529
73.0741,1,1373.358,749.6471,1373.23,750
73.08391,1,1373.143,747.6059,1373.187,748.803
73.0962,1,1373.143,747.6059,1373.165,748.2045
73.10625,1,1373.143,747.6059,1373.154,747.9052
73.11674,1,1371.378,746.114,1372.266,747.0096
73.12872,1,1371.378,746.114,1371.822,746.5618
73.14075,1,1371.378,746.114,1371.6,746.3379
73.1517,1,1369.857,744.8339,1370.729,745.5859
73.16173,1,1369.857,744.8339,1370.293,745.2098
73.17212,1,1369.857,744.8339,1370.075,745.0219
73.18208,1,1369.07,744.4671,1369.573,744.7445
73.19437,1,1369.07,744.4671,1369.322,744.6058
73.20467,1,1368.54,743.9065,1368.931,744.2562
73.21525,1,1368.54,743.9065,1368.736,744.0813
73.22475,1,1368.54,743.9065,1368.638,743.9939
73.23801,1,1367.752,743.84,1368.195,743.917
73.24932,1,1367.752,743.84,1367.973,743.8785
73.25793,1,1367.752,743.84,1367.863,743.8593
73.27012,1,1367.23,743.935,1367.546,743.8971
73.28126,1,1367.23,743.935,1367.388,743.916
73.29176,1,1367.23,743.935,1367.309,743.9255
73.30266,1,1366.601,743.7639,1366.955,743.8447
73.31445,1,1366.601,743.7639,1366.778,743.8043
73.32372,1,1366.601,743.7639,1366.69,743.7841
73.33558,1,1365.841,743.8138,1366.265,743.799
73.34647,1,1365.841,743.8138,1366.053,743.8064
73.35766,1,1365.406,743.9692,1365.73,743.8878
73.36982,1,1365.406,743.9692,1365.568,743.9285
73.38001,1,1365.406,743.9692,1365.487,743.9489
73.39185,1,1364.858,744.3082,1365.172,744.1285
73.40099,1,1364.858,744.3082,1365.015,744.2184
73.41369,1,1364.858,744.3082,1364.936,744.2633
73.42294,1,1363.896,744.4959,1364.416,744.3796
73.43559,1,1363.896,744.4959,1364.156,744.4377
73.447,1,1362.752,744.628,1363.454,744.5328
73.45553,1,1362.752,744.628,1363.103,744.5804
73.46801,1,1362.752,744.628,1362.928,744.6042
73.47812,1,1361.293,744.4772,1362.111,744.5407
73.48815,1,1361.293,744.4772,1361.702,744.5089
73.49963,1,1361.293,744.4772,1361.498,744.493
73.5117,1,1359.668,744.4833,1360.583,744.4882
73.52143,1,1359.668,744.4833,1360.126,744.4857
73.53248,1,1359.668,744.4833,1359.897,744.4845
73.54263,1,1358.522,744.3804,1359.21,744.4324
73.55421,1,1358.522,744.3804,1358.866,744.4064
73.56456,1,1358.522,744.3804,1358.694,744.3934
73.57765,1,1357.07,744.2921,1357.882,744.3428
73.5892,1,1357.07,744.2921,1357.476,744.3174
73.59954,1,1355.063,744.1816,1356.269,744.2495
73.61195,1,1355.063,744.1816,1355.666,744.2156
73.61848,1,1355.063,744.1816,1355.364,744.1986
73.63201,1,1354.948,743.437,1355.156,743.8177
73.64044,1,1354.948,743.437,1355.052,743.6273
73.65248,1,1354.948,743.437,1355,743.5321
73.66286,1,1354.954,742.0839,1354.977,742.808
73.67342,1,1354.954,742.0839,1354.966,742.4459
73.68659,1,1354.954,742.0839,1354.96,742.2649
73.69741,1,1354.629,741.1168,1354.794,741.6908
73.70793,1,1354.629,741.1168,1354.712,741.4038
73.71812,1,1353.863,740.1011,1354.288,740.7524
73.73135,1,1353.863,740.1011,1354.075,740.4268
73.73927,1,1353.863,740.1011,1353.969,740.2639
73.75309,1,1353.143,738.5163,1353.556,739.3901
73.76392,1,1353.143,738.5163,1353.35,738.9532
73.77519,1,1353.143,738.5163,1353.247,738.7347
73.78766,1,1352.309,737.6116,1352.778,738.1732
73.79719,1,1352.309,737.6116,1352.543,737.8923
73.80828,1,1350.741,736.1023,1351.642,736.9973
73.81846,1,1350.741,736.1023,1351.192,736.5498
73.83127,1,1350.741,736.1023,1350.967,736.326
73.84037,1,1349.316,734.8159,1350.141,735.571
73.85232,1,1349.316,734.8159,1349.729,735.1935
73.86327,1,1349.316,734.8159,1349.522,735.0047
73.87434,1,1347.876,734.1415,1348.699,734.5731
73.8837,1,1347.876,734.1415,1348.287,734.3573
73.89758,1,1347.876,734.1415,1348.082,734.2494
73.908,1,1346.244,733.8527,1347.163,734.051
73.91857,1,1346.244,733.8527,1346.703,733.9519
73.93118,1,1344.588,732.667,1345.646,733.3094
73.94096,1,1344.588,732.667,1345.117,732.9882
73.9526,1,1344.588,732.667,1344.852,732.8276
73.96249,1,1342.887,731.6899,1343.87,732.2588
73.97401,1,1342.887,731.6899,1343.379,731.9744
73.98365,1,1342.887,731.6899,1343.133,731.8322
73.9959,1,1340.456,730.6226,1341.794,731.2274
74.0048,1,1340.456,730.6226,1341.125,730.925
74.01764,1,1340.456,730.6226,1340.791,730.7738
74.02826,1,1338.001,729.6803,1339.396,730.2271
74.03738,1,1338.001,729.6803,1338.698,729.9537
74.05061,1,1335.899,728.9079,1337.298,729.4308
74.06129,1,1335.899,728.9079,1336.599,729.1693
74.07227,1,1335.899,728.9079,1336.249,729.0386
74.08353,1,1334.573,727.9095,1335.411,728.474
74.09531,1,1334.573,727.9095,1334.992,728.1918
74.10625,1,1334.573,727.9095,1334.782,728.0507
74.11677,1,1333.07,726.821,1333.926,727.4358
74.13321,1,1333.07,726.821,1333.498,727.1284
74.14207,1,1331.594,726.291,1332.546,726.7097
74.15365,1,1331.594,726.291,1332.07,726.5004
74.16296,1,1331.594,726.291,1331.832,726.3956
74.17375,1,1330.463,726.167,1331.148,726.2813
74.18859,1,1330.463,726.167,1330.805,726.2241
74.19936,1,1330.463,726.167,1330.634,726.1956
74.20874,1,1329.521,726.0789,1330.078,726.1372
74.21692,1,1329.521,726.0789,1329.799,726.108
74.22973,1,1329.521,726.0789,1329.66,726.0935
74.23872,1,1328.388,726.3443,1329.024,726.2189
74.25192,1,1328.388,726.3443,1328.706,726.2816
74.26353,1,1327.588,726.5158,1328.147,726.3987
74.27277,1,1327.588,726.5158,1327.867,726.4573
74.28263,1,1327.588,726.5158,1327.727,726.4866
74.29385,1,1326.853,727.0243,1327.29,726.7554
74.30379,1,1326.853,727.0243,1327.071,726.8899
74.31606,1,1326.853,727.0243,1326.962,726.9571
74.32896,1,1325.772,727.346,1326.367,727.1516
74.33647,1,1325.772,727.346,1326.07,727.2488
74.35017,1,1325.772,727.346,1325.921,727.2974
74.35806,1,1324.437,727.8389,1325.179,727.5681
74.37071,1,1324.437,727.8389,1324.808,727.7035
74.38126,1,1324.437,727.8389,1324.623,727.7712
74.39238,1,1323.547,728.0977,1324.085,727.9344
74.40239,1,1323.547,728.0977,1323.816,728.0161
74.41489,1,1322.32,727.9317,1323.068,727.9739
74.42613,1,1322.32,727.9317,1322.694,727.9528
74.43595,1,1322.32,727.9317,1322.507,727.9423
74.44872,1,1320.991,727.9576,1321.749,727.95
74.45792,1,1320.991,727.9576,1321.37,727.9538
74.46974,1,1320.991,727.9576,1321.18,727.9557
74.48062,1,1320.208,727.8914,1320.694,727.9236
74.49044,1,1320.208,727.8914,1320.451,727.9075
74.50079,1,1320.208,727.8914,1320.329,727.8994
74.51276,1,1319.518,727.7077,1319.924,727.8036
74.52141,1,1319.518,727.7077,1319.721,727.7556
74.53415,1,1318.697,727.5917,1319.209,727.6737
74.54456,1,1318.697,727.5917,1318.953,727.6327
74.5576,1,1318.697,727.5917,1318.825,727.6122
74.56763,1,1318.112,727.6272,1318.469,727.6197
74.5775,1,1318.112,727.6272,1318.291,727.6234
74.58829,1,1318.112,727.6272,1318.201,727.6253
74.59826,1,1317.426,727.7026,1317.814,727.6639
74.61089,1,1317.426,727.7026,1317.62,727.6833
74.61997,1,1317.426,727.7026,1317.523,727.693
74.6311,1,1316.88,727.9991,1317.201,727.8461
74.64069,1,1316.88,727.9991,1317.041,727.9226
74.65306,1,1316.88,727.9991,1316.96,727.9609
74.66345,1,1315.463,727.0641,1316.212,727.5125
74.67509,1,1315.463,727.0641,1315.838,727.2883
74.68352,1,1268.526,685.5694,1292.182,706.4288
74.69678,1,1268.526,685.5694,1280.354,695.9991
74.70614,1,1268.526,685.5694,1274.44,690.7843
74.71719,1,1109.165,523.699,1191.802,607.2417
74.72997,1,1109.165,523.699,1150.484,565.4703
74.73792,1,1109.165,523.699,1129.824,544.5847
74.75034,1,985.6548,381.2244,1057.74,462.9045
74.76145,1,985.6548,381.2244,1021.697,422.0645
74.77248,1,985.6548,381.2244,1003.676,401.6444
74.78288,1,922.2997,310.1621,962.9878,355.9033
74.79613,1,922.2997,310.1621,942.6437,333.0327
74.80448,1,892.9256,282.3307,917.7847,307.6817
74.8169,1,892.9256,282.3307,905.3551,295.0062
74.82823,1,892.9256,282.3307,899.1404,288.6685
74.83752,1,878.2791,269.5242,888.7097,279.0963
74.84994,1,878.2791,269.5242,883.4944,274.3103
74.8611,1,878.2791,269.5242,880.8867,271.9172
74.87285,1,870.759,259.3964,875.8229,265.6568
74.88209,1,870.759,259.3964,873.291,262.5266
74.8948,1,870.759,259.3964,872.025,260.9615
74.90176,1,867.6849,253.9362,869.855,257.4489
74.91525,1,867.6849,253.9362,868.77,255.6925
74.92381,1,867.6849,253.9362,868.2274,254.8144
74.93702,1,867.2799,254.6239,867.7537,254.7191
74.94793,1,867.2799,254.6239,867.5168,254.6715
74.95697,1,894.8555,270.5464,881.1862,262.6089
74.96999,1,894.8555,270.5464,888.0209,266.5777
74.98026,1,894.8555,270.5464,891.4382,268.562
74.99228,1,941.4523,314.2353,916.4453,291.3987
75.00238,1,941.4523,314.2353,928.9489,302.817
75.01475,1,941.4523,314.2353,935.2006,308.5261
75.02432,1,1153.64,499.4424,1044.42,403.9843
75.03702,1,1153.64,499.4424,1099.03,451.7134
75.04743,1,1336.709,656.8748,1217.869,554.2941
75.05708,1,1336.709,656.8748,1277.289,605.5845
75.07039,1,1336.709,656.8748,1306.999,631.2296
75.08053,1,1424.658,729.0681,1365.829,680.1488
75.09135,1,1424.658,729.0681,1395.244,704.6084
75.10315,1,1424.658,729.0681,1409.951,716.8383
75.11524,1,1461.292,758.7744,1435.622,737.8063
75.12412,1,1461.292,758.7744,1448.457,748.2904
75.13683,1,1472.204,769.9027,1460.33,759.0966
75.14802,1,1472.204,769.9027,1466.267,764.4996
75.1578,1,1472.204,769.9027,1469.235,767.2012
75.17046,1,1479.678,773.3406,1474.457,770.2709
75.18039,1,1479.678,773.3406,1477.067,771.8058
75.19253,1,1479.678,773.3406,1478.373,772.5732
75.20348,1,1502.693,790.8133,1490.533,781.6932
75.21559,1,1502.693,790.8133,1496.613,786.2533
75.22654,1,1502.693,790.8133,1499.653,788.5333
75.23577,1,1527.474,807.6628,1513.563,798.098
75.24917,1,1527.474,807.6628,1520.519,802.8804
75.25809,1,1538.244,816.7883,1529.381,809.8344
75.27534,1,1538.244,816.7883,1533.812,813.3113
75.28664,1,1538.244,816.7883,1536.028,815.0498
75.29331,1,1543.631,820.7928,1539.83,817.9213
75.30176,1,1543.631,820.7928,1541.73,819.3571
75.31423,1,1543.631,820.7928,1542.681,820.075
75.32423,1,1547.733,822.7904,1545.207,821.4327
75.33484,1,1547.733,822.7904,1546.47,822.1116
75.34717,1,1547.733,822.7904,1547.101,822.451
75.35666,1,1550.499,823.0763,1548.8,822.7637
75.36983,1,1550.499,823.0763,1549.65,822.92
75.38653,1,1550.409,821.4302,1550.029,822.1751
75.39441,1,1550.409,821.4302,1550.219,821.8027
75.4028,1,1550.409,821.4302,1550.314,821.6165
75.41553,1,1549.451,819.2043,1549.882,820.4104
75.42779,1,1549.451,819.2043,1549.667,819.8074
75.43772,1,1549.451,819.2043,1549.559,819.5059
75.44887,1,1548.811,816.6907,1549.185,818.0983
75.45788,1,1548.811,816.6907,1548.998,817.3945
75.47037,1,1548.33,815.6356,1548.664,816.515
75.48063,1,1548.33,815.6356,1548.497,816.0753
75.49068,1,1548.33,815.6356,1548.414,815.8555
75.50135,1,1545.862,814.4169,1547.138,815.1362
75.51452,1,1545.862,814.4169,1546.5,814.7766
75.52359,1,1545.862,814.4169,1546.181,814.5968
75.53618,1,1497.644,799.6711,1521.912,807.1339
75.54861,1,1497.644,799.6711,1509.778,803.4025
75.55827,1,1188.837,709.387,1349.307,756.3947
75.57047,1,1188.837,709.387,1269.072,732.8909
75.58141,1,1188.837,709.387,1228.955,721.1389
75.59143,1,855.4897,620.5691,1042.222,670.854
75.60107,1,855.4897,620.5691,948.856,645.7115
75.61399,1,855.4897,620.5691,902.1729,633.1403
75.6239,1,695.2865,578.8763,798.7297,606.0083
75.63609,1,695.2865,578.8763,747.0081,592.4423
75.65794,1,623.8265,567.1294,685.4173,579.7858
75.66438,1,623.8265,567.1294,654.6219,573.4576
75.67158,1,623.8265,567.1294,639.2242,570.2935
75.68188,1,593.1439,562.1754,616.1841,566.2345
75.69457,1,593.1439,562.1754,604.664,564.205
75.70383,1,593.1439,562.1754,598.9039,563.1902
75.71597,1,573.4857,562.5006,586.1948,562.8454
75.72749,1,573.4857,562.5006,579.8402,562.673
75.73693,1,573.4857,562.5006,576.663,562.5868
75.74899,1,558.4018,568.0118,567.5323,565.2993
75.76067,1,558.4018,568.0118,562.967,566.6555
75.7717,1,613.5972,581.02,588.2821,573.8378
75.78294,1,613.5972,581.02,600.9397,577.4289
75.7957,1,613.5972,581.02,607.2684,579.2245
75.80393,1,664.519,592.6818,635.8937,585.9531
75.81653,1,664.519,592.6818,650.2064,589.3174
75.82793,1,664.519,592.6818,657.3627,590.9996
75.83758,1,885.6927,632.7006,771.5277,611.8501
75.8511,1,885.6927,632.7006,828.6102,622.2754
75.8605,1,885.6927,632.7006,857.1515,627.488
75.87286,1,1161.812,682.473,1009.482,654.9805
75.88274,1,1161.812,682.473,1085.647,668.7267
75.89797,1,1321.766,714.8707,1203.706,691.7987
75.90897,1,1321.766,714.8707,1262.736,703.3347
75.92041,1,1321.766,714.8707,1292.251,709.1027
75.93429,1,1400.9,732.928,1346.575,721.0154
75.94944,1,1400.9,732.928,1373.738,726.9717
75.95538,1,1436.932,738.3526,1405.335,732.6621
75.96403,1,1436.932,738.3526,1421.133,735.5073
75.97614,1,1436.932,738.3526,1429.032,736.9299
75.98772,1,1451.881,740.9426,1440.457,738.9363
75.99788,1,1451.881,740.9426,1446.169,739.9395
76.00983,1,1451.881,740.9426,1449.025,740.441
76.0198,1,1459.115,740.0789,1454.07,740.26
76.03209,1,1459.115,740.0789,1456.593,740.1694
76.04179,1,1459.115,740.0789,1457.854,740.1241
76.05685,1,1463.829,738.8887,1460.842,739.5064
76.07053,1,1463.829,738.8887,1462.336,739.1975
76.07911,1,1466.343,737.1666,1464.339,738.1821
76.08881,1,1466.343,737.1666,1465.341,737.6743
76.10331,1,1466.343,737.1666,1465.842,737.4205
76.11318,1,1470.674,735.7478,1468.258,736.5841
76.12135,1,1470.674,735.7478,1469.466,736.166
76.13313,1,1470.674,735.7478,1470.07,735.9569
76.14167,1,1474.32,735.3891,1472.195,735.673
76.1545,1,1474.32,735.3891,1473.258,735.531
76.16482,1,1475.757,734.8251,1474.508,735.1781
76.17582,1,1475.757,734.8251,1475.133,735.0016
76.18896,1,1475.757,734.8251,1475.445,734.9133
76.20052,1,1478.207,734.3677,1476.826,734.6405
76.21468,1,1478.207,734.3677,1477.516,734.5042
76.2207,1,1478.207,734.3677,1477.862,734.4359
76.23409,1,1479.413,733.7059,1478.637,734.0709
76.2448,1,1479.413,733.7059,1479.025,733.8884
76.25415,1,1479.413,733.7059,1479.219,733.7972
76.2667,1,1480.552,732.418,1479.886,733.1075
76.27545,1,1480.552,732.418,1480.219,732.7628
76.28741,1,1480.776,732.2163,1480.497,732.4895
76.29783,1,1480.776,732.2163,1480.637,732.3529
76.3082,1,1480.776,732.2163,1480.706,732.2846
76.31965,1,1480.831,732.205,1480.768,732.2448
76.33234,1,1480.831,732.205,1480.8,732.2249
76.3419,1,1480.831,732.205,1480.815,732.2149
76.35515,1,1481.092,732.8679,1480.953,732.5414
76.36644,1,1481.092,732.8679,1481.022,732.7047
76.37617,1,1484.974,734.4944,1482.998,733.5995
76.38889,1,1484.974,734.4944,1483.986,734.047
76.39892,1,1484.974,734.4944,1484.48,734.2708
76.40929,1,1490.29,737.403,1487.385,735.8369
76.41966,1,1490.29,737.403,1488.837,736.6199
76.43426,1,1490.29,737.403,1489.564,737.0114
76.44102,1,1494.405,740.4266,1491.984,738.719
76.4532,1,1494.405,740.4266,1493.194,739.5728
76.46478,1,1494.405,740.4266,1493.8,739.9998
76.47634,1,1497.827,743.1461,1495.813,741.5729
76.48614,1,1497.827,743.1461,1496.82,742.3595
76.49767,1,1501.108,745.4392,1498.964,743.8994
76.5099,1,1501.108,745.4392,1500.036,744.6693
76.52142,1,1501.108,745.4392,1500.572,745.0543
76.53291,1,1503.122,747.1127,1501.847,746.0835
76.54269,1,1503.122,747.1127,1502.485,746.5981
76.55386,1,1503.122,747.1127,1502.804,746.8553
76.56412,1,1505.189,748.8159,1503.997,747.8356
76.57733,1,1505.189,748.8159,1504.593,748.3257
76.58804,1,1506.297,750.0052,1505.445,749.1655
76.59755,1,1506.297,750.0052,1505.871,749.5853
76.60828,1,1506.297,750.0052,1506.083,749.7953
76.6198,1,1506.952,750.3934,1506.518,750.0944
76.63342,1,1506.952,750.3934,1506.735,750.2439
76.64191,1,1506.952,750.3934,1506.844,750.3186
76.65398,1,1507.708,751.3148,1507.276,750.8167
76.665,1,1507.708,751.3148,1507.492,751.0658
76.67573,1,1507.708,751.3148,1507.6,751.1903
76.68678,1,1508.26,751.9323,1507.93,751.5613
76.69709,1,1508.26,751.9323,1508.095,751.7468
76.70889,1,1508.796,752.4724,1508.446,752.1096
76.72034,1,1508.796,752.4724,1508.621,752.291
76.73357,1,1508.796,752.4724,1508.708,752.3817
76.74214,1,1509.026,753.102,1508.867,752.7418
76.75539,1,1509.026,753.102,1508.947,752.9219
76.76459,1,1509.026,753.102,1508.986,753.012
76.77589,1,1508.759,751.7526,1508.872,752.3823
76.78653,1,1508.759,751.7526,1508.815,752.0674
76.79613,1,1508.759,751.7526,1508.787,751.91
76.80817,1,1508.521,750.4841,1508.654,751.197
76.81605,1,1508.521,750.4841,1508.587,750.8406
76.82677,1,1508.521,750.4841,1508.554,750.6624
76.83817,1,1507.918,749.0828,1508.236,749.8726
76.85102,1,1507.918,749.0828,1508.077,749.4777
76.86221,1,1507.287,747.2299,1507.682,748.3538
76.8717,1,1507.287,747.2299,1507.484,747.7919
76.88191,1,1507.287,747.2299,1507.385,747.5109
76.89268,1,1506.211,745.0327,1506.798,746.2718
76.90165,1,1506.211,745.0327,1506.505,745.6522
76.91494,1,1506.211,745.0327,1506.358,745.3425
76.92682,1,1504.809,742.1272,1505.584,743.7349
76.93674,1,1504.809,742.1272,1505.197,742.931
76.94884,1,1504.809,742.1272,1505.003,742.5291
76.9604,1,1503.092,739.4218,1504.047,740.9755
76.97132,1,1503.092,739.4218,1503.57,740.1986
76.98142,1,1501.068,736.6988,1502.319,738.4487
76.99188,1,1501.068,736.6988,1501.693,737.5737
77.00174,1,1501.068,736.6988,1501.381,737.1362
77.02798,1,1498.736,734.3568,1500.058,735.7465
77.03471,1,1498.736,734.3568,1499.397,735.0516
77.04105,1,1496.673,730.9736,1498.035,733.0126
77.05298,1,1496.673,730.9736,1497.354,731.9932
77.06305,1,1496.673,730.9736,1497.014,731.4834
77.07593,1,1494.673,727.494,1495.843,729.4886
77.0864,1,1494.673,727.494,1495.258,728.4913
77.09686,1,1494.673,727.494,1494.965,727.9927
77.10851,1,1492.396,724.7121,1493.681,726.3524
77.11696,1,1492.396,724.7121,1493.038,725.5322
77.13028,1,1492.396,724.7121,1492.717,725.1222
77.13868,1,1490.565,722.274,1491.641,723.6981
77.15141,1,1490.565,722.274,1491.103,722.9861
77.16226,1,1489.465,720.1769,1490.284,721.5815
77.17327,1,1489.465,720.1769,1489.874,720.8793
77.18272,1,1489.465,720.1769,1489.669,720.5281
77.19389,1,1487.954,717.8239,1488.812,719.176
77.20382,1,1487.954,717.8239,1488.383,718.5
77.2167,1,1487.954,717.8239,1488.168,718.162
77.22787,1,1486.335,715.2174,1487.251,716.6897
77.23645,1,1486.335,715.2174,1486.793,715.9536
77.24912,1,1486.335,715.2174,1486.564,715.5854
77.25797,1,1484.334,712.2073,1485.449,713.8964
77.26968,1,1484.334,712.2073,1484.892,713.0518
77.28141,1,1482.135,709.0476,1483.514,711.0497
77.29171,1,1482.135,709.0476,1482.825,710.0486
77.30247,1,1482.135,709.0476,1482.48,709.5481
77.31473,1,1480.28,707.0245,1481.38,708.2863
77.32333,1,1480.28,707.0245,1480.83,707.6554
77.33634,1,1480.28,707.0245,1480.555,707.34
77.34845,1,1479.262,704.9431,1479.908,706.1415
77.35609,1,1479.262,704.9431,1479.585,705.5424
77.36948,1,1479.262,704.9431,1479.424,705.2427
77.37995,1,1477.695,702.6487,1478.559,703.9457
77.39012,1,1477.695,702.6487,1478.127,703.2972
77.40081,1,1477.695,702.6487,1477.911,702.973
77.41346,1,1475.496,701.3585,1476.703,702.1658
77.42242,1,1475.496,701.3585,1476.1,701.7621
77.43515,1,1472.472,700.8345,1474.286,701.2983
77.4448,1,1472.472,700.8345,1473.379,701.0664
77.45608,1,1472.472,700.8345,1472.925,700.9504
77.46851,1,1470.36,699.5869,1471.643,700.2687
77.47892,1,1470.36,699.5869,1471.001,699.9277
77.48969,1,1470.36,699.5869,1470.681,699.7573
77.50093,1,1469.619,698.1569,1470.15,698.9571
77.51347,1,1469.619,698.1569,1469.885,698.557
77.52347,1,1469.012,696.4543,1469.448,697.5056
77.53557,1,1469.012,696.4543,1469.23,696.98
77.54639,1,1469.012,696.4543,1469.121,696.7172
77.5554,1,1467.39,693.6052,1468.255,695.1611
77.5682,1,1467.39,693.6052,1467.823,694.3832
77.5787,1,1467.39,693.6052,1467.606,693.9941
77.58898,1,1465.465,692.0752,1466.535,693.0347
77.59975,1,1465.465,692.0752,1466,692.5549
77.61067,1,1465.465,692.0752,1465.732,692.3151
77.62084,1,1463.646,690.5685,1464.689,691.4418
77.63316,1,1463.646,690.5685,1464.167,691.0051
77.64207,1,1463.646,690.5685,1463.906,690.7868
77.65714,1,1462.093,688.894,1463,689.8405
77.66753,1,1462.093,688.894,1462.546,689.3672
77.67798,1,1460.531,687.4333,1461.538,688.4003
77.68917,1,1460.531,687.4333,1461.035,687.9167
77.69936,1,1460.531,687.4333,1460.783,687.675
77.71207,1,1458.985,686.304,1459.884,686.9895
77.72058,1,1458.985,686.304,1459.434,686.6467
77.73262,1,1458.985,686.304,1459.209,686.4753
77.74271,1,1457.082,684.8387,1458.146,685.657
77.75407,1,1457.082,684.8387,1457.614,685.2478
77.76307,1,1457.082,684.8387,1457.348,685.0432
77.77487,1,1455.289,681.6472,1456.318,683.3452
77.78457,1,1455.289,681.6472,1455.804,682.4962
77.79746,1,1455.148,679.5754,1455.476,681.0358
77.80695,1,1455.148,679.5754,1455.312,680.3055
77.81763,1,1455.148,679.5754,1455.23,679.9404
77.83072,1,1455.277,679.0656,1455.254,679.503
77.84026,1,1455.277,679.0656,1455.265,679.2843
77.85215,1,1455.277,679.0656,1455.271,679.1749
77.86346,1,1454.369,679.212,1454.82,679.1935
77.87447,1,1454.369,679.212,1454.594,679.2028
77.88464,1,1454.369,679.212,1454.482,679.2074
77.89746,1,1453.975,678.3699,1454.229,678.7887
77.90781,1,1453.975,678.3699,1454.102,678.5793
77.91965,1,1453.771,678.056,1453.937,678.3176
77.93034,1,1453.771,678.056,1453.854,678.1868
77.94064,1,1453.771,678.056,1453.813,678.1213
77.95493,1,1453.259,677.6614,1453.536,677.8914
77.96458,1,1453.259,677.6614,1453.397,677.7764
77.97706,1,1452.472,677.3952,1452.935,677.5858
77.98788,1,1452.472,677.3952,1452.703,677.4905
77.99853,1,1452.472,677.3952,1452.587,677.4429
78.01019,1,1451.389,677.4807,1451.988,677.4618
78.01922,1,1451.389,677.4807,1451.688,677.4713
78.03138,1,1451.389,677.4807,1451.539,677.476
78.04138,1,1450.555,677.2288,1451.047,677.3524
78.05319,1,1450.555,677.2288,1450.801,677.2905
78.06387,1,1450.555,677.2288,1450.678,677.2596
78.07585,1,1449.473,676.7389,1450.075,676.9993
78.08725,1,1449.473,676.7389,1449.774,676.8691
78.09751,1,1448.554,676.7641,1449.164,676.8166
78.109,1,1448.554,676.7641,1448.859,676.7903
78.1193,1,1448.554,676.7641,1448.706,676.7772
78.13191,1,1447.62,676.6288,1448.163,676.703
78.14054,1,1447.62,676.6288,1447.892,676.6659
78.1532,1,1447.62,676.6288,1447.756,676.6473
78.16397,1,1446.427,676.281,1447.092,676.4642
78.17505,1,1446.427,676.281,1446.76,676.3726
78.18626,1,1446.427,676.281,1446.594,676.3268
78.1958,1,1445.169,675.9335,1445.881,676.1301
78.20736,1,1445.169,675.9335,1445.525,676.0318
78.21758,1,1445.169,675.9335,1445.347,675.9827
78.23122,1,1443.402,675.5512,1444.374,675.767
78.23988,1,1443.402,675.5512,1443.888,675.6591
78.2522,1,1442.528,675.3097,1443.208,675.4844
78.26244,1,1442.528,675.3097,1442.868,675.397
78.27295,1,1442.528,675.3097,1442.698,675.3534
78.28143,1,1441.165,675.1638,1441.931,675.2586
78.29288,1,1441.165,675.1638,1441.548,675.2112
78.30305,1,1441.165,675.1638,1441.357,675.1875
78.31452,1,1439.133,674.8472,1440.245,675.0173
78.32424,1,1439.133,674.8472,1439.689,674.9323
78.33817,1,1439.133,674.8472,1439.411,674.8897
78.34904,1,1436.602,673.8449,1438.006,674.3673
78.35783,1,1436.602,673.8449,1437.304,674.1061
78.37068,1,1434.345,673.0434,1435.825,673.5747
78.38343,1,1434.345,673.0434,1435.085,673.3091
78.39529,1,1434.345,673.0434,1434.715,673.1763
78.40453,1,1432.709,671.99,1433.712,672.5831
78.41599,1,1432.709,671.99,1433.21,672.2866
78.4285,1,1432.709,671.99,1432.96,672.1383
78.43741,1,1431.639,671.2648,1432.299,671.7015
78.45113,1,1431.639,671.2648,1431.969,671.4832
78.46146,1,1431.129,671.2285,1431.549,671.3558
78.47265,1,1431.129,671.2285,1431.339,671.2921
78.48242,1,1431.129,671.2285,1431.234,671.2603
78.49506,1,1431.011,670.9776,1431.123,671.1189
78.50327,1,1431.011,670.9776,1431.067,671.0482
78.51554,1,1431.011,670.9776,1431.039,671.0129
78.52938,1,1430.94,670.6997,1430.99,670.8563
78.53872,1,1430.94,670.6997,1430.965,670.778
78.5478,1,1430.94,670.6997,1430.953,670.7389
78.55746,1,1430.46,670.5771,1430.706,670.658
78.56937,1,1430.46,670.5771,1430.583,670.6176
78.57912,1,1430.46,670.5771,1430.522,670.5974
78.5912,1,1429.804,670.7847,1430.163,670.691
78.59914,1,1429.804,670.7847,1429.983,670.7379
78.60947,1,1429.804,670.7847,1429.893,670.7614
78.61944,1,1428.978,671.1603,1429.436,670.9608
78.63264,1,1428.978,671.1603,1429.207,671.0605
78.64004,1,1428.978,671.1603,1429.093,671.1104
78.65321,1,1427.738,671.9457,1428.416,671.5281
78.66387,1,1427.738,671.9457,1428.077,671.7369
78.67514,1,1426.448,672.3675,1427.262,672.0522
78.68797,1,1426.448,672.3675,1426.855,672.2098
78.69801,1,1426.448,672.3675,1426.652,672.2887
78.71121,1,1421.406,672.7493,1424.029,672.519
78.71968,1,1421.406,672.7493,1422.717,672.6342
78.73269,1,1415.105,673.9575,1418.911,673.2958
78.743,1,1415.105,673.9575,1417.008,673.6266
78.75478,1,1415.105,673.9575,1416.057,673.792
78.76611,1,1408.438,674.7655,1412.247,674.2787
78.7764,1,1408.438,674.7655,1410.343,674.5221
78.78722,1,1408.438,674.7655,1409.39,674.6438
78.798,1,1402.326,675.3671,1405.858,675.0055
78.80857,1,1402.326,675.3671,1404.092,675.1863
78.81828,1,1402.326,675.3671,1403.209,675.2767
78.83168,1,1396.097,675.8193,1399.653,675.548
78.84079,1,1396.097,675.8193,1397.875,675.6837
78.8526,1,1391.326,676.9451,1394.6,676.3145
78.86285,1,1391.326,676.9451,1392.963,676.6298
78.87416,1,1391.326,676.9451,1392.145,676.7875
78.88485,1,1387.799,677.3455,1389.972,677.0665
78.89613,1,1387.799,677.3455,1388.885,677.2061
78.90479,1,1387.799,677.3455,1388.342,677.2758
78.91633,1,1384.632,677.9409,1386.487,677.6083
78.92461,1,1384.632,677.9409,1385.56,677.7745
78.93657,1,1384.632,677.9409,1385.096,677.8577
78.94861,1,1383.927,678.7759,1384.511,678.3168
78.95794,1,1383.927,678.7759,1384.219,678.5464
78.97022,1,1383.927,678.7759,1384.073,678.6611
78.98124,1,1384.311,680.9019,1384.192,679.7815
78.99504,1,1384.311,680.9019,1384.252,680.3417
79.00639,1,1384.461,683.3431,1384.357,681.8424
79.01525,1,1384.461,683.3431,1384.409,682.5928
79.02466,1,1384.461,683.3431,1384.435,682.9679
79.03675,1,1384.817,684.776,1384.626,683.8719
79.04809,1,1384.817,684.776,1384.721,684.324
79.05742,1,1384.817,684.776,1384.769,684.55
79.06911,1,1384.874,686.3704,1384.822,685.4602
79.07875,1,1384.874,686.3704,1384.848,685.9153
79.0903,1,1384.874,686.3704,1384.861,686.1428
79.09987,1,1385.075,687.0714,1384.968,686.6071
79.11089,1,1385.075,687.0714,1385.021,686.8392
79.1198,1,1385.075,687.0714,1385.048,686.9553
79.13111,1,1385.58,687.5126,1385.314,687.234
79.1407,1,1385.58,687.5126,1385.447,687.3733
79.15194,1,1385.58,687.5126,1385.513,687.443
79.16312,1,1385.901,688.2493,1385.707,687.8462
79.17496,1,1385.901,688.2493,1385.804,688.0477
79.18314,1,1385.901,688.2493,1385.853,688.1486
79.19659,1,1385.954,689.0469,1385.903,688.5978
79.209,1,1385.954,689.0469,1385.929,688.8224
79.21787,1,1386.351,690.5616,1386.14,689.692
79.23019,1,1386.351,690.5616,1386.246,690.1268
79.23927,1,1386.351,690.5616,1386.298,690.3442
79.25252,1,1386.959,692.3248,1386.629,691.3345
79.26268,1,1386.959,692.3248,1386.794,691.8296
79.27541,1,1387.866,693.3662,1387.33,692.5979
79.28665,1,1387.866,693.3662,1387.598,692.9821
79.29633,1,1387.866,693.3662,1387.732,693.1741
79.30817,1,1389.177,694.0425,1388.454,693.6083
79.3177,1,1389.177,694.0425,1388.816,693.8254
79.33015,1,1389.177,694.0425,1388.997,693.934
79.34092,1,1390.935,695.7719,1389.966,694.8529
79.35162,1,1390.935,695.7719,1390.45,695.3124
79.36215,1,1390.935,695.7719,1390.692,695.5421
79.37379,1,1393.001,697.5006,1391.847,696.5214
79.38379,1,1393.001,697.5006,1392.424,697.011
79.39642,1,1395.834,698.7618,1394.129,697.8864
79.40863,1,1395.834,698.7618,1394.981,698.3241
79.41907,1,1395.834,698.7618,1395.408,698.543
79.43147,1,1398.133,700.9599,1396.77,699.7515
79.44101,1,1398.133,700.9599,1397.452,700.3557
79.45209,1,1398.133,700.9599,1397.792,700.6578
79.46202,1,1383.636,693.5027,1390.714,697.0803
79.47377,1,1383.636,693.5027,1387.175,695.2915
79.48393,1,1383.636,693.5027,1385.406,694.3971
79.49619,1,1332.479,664.3503,1358.943,679.3737
79.50671,1,1332.479,664.3503,1345.711,671.8619
79.51758,1,1272.415,629.415,1309.063,650.6384
79.53003,1,1272.415,629.415,1290.739,640.0267
79.53931,1,1272.415,629.415,1281.577,634.7208
79.54976,1,1225.361,601.4735,1253.469,618.0972
79.55871,1,1225.361,601.4735,1239.415,609.7853
79.57156,1,1225.361,601.4735,1232.388,605.6294
79.58165,1,1193.063,585.2222,1212.725,595.4258
79.59406,1,1193.063,585.2222,1202.894,590.324
79.60369,1,1193.063,585.2222,1197.978,587.7731
79.61633,1,1173.168,578.1664,1185.573,582.9697
79.62635,1,1173.168,578.1664,1179.371,580.5681
79.63627,1,1173.168,578.1664,1176.27,579.3673
79.64924,1,1162.285,574.8943,1169.277,577.1309
79.65809,1,1162.285,574.8943,1165.781,576.0126
79.67029,1,1193.374,593.8131,1179.578,584.9128
79.68093,1,1193.374,593.8131,1186.476,589.363
79.69186,1,1193.374,593.8131,1189.925,591.588
79.70229,1,1214.366,607.9431,1202.146,599.7655
79.7149,1,1214.366,607.9431,1208.256,603.8542
79.7269,1,1214.366,607.9431,1211.311,605.8987
79.73579,1,1262.123,640.305,1236.717,623.1018
79.74838,1,1262.123,640.305,1249.42,631.7034
79.75784,1,1262.123,640.305,1255.772,636.0042
79.77164,1,1310.155,673.3931,1282.963,654.6986
79.78215,1,1310.155,673.3931,1296.559,664.0458
79.79432,1,1349.242,702.9442,1322.901,683.495
79.80474,1,1349.242,702.9442,1336.072,693.2196
79.81593,1,1349.242,702.9442,1342.657,698.0819
79.82626,1,1374.865,723.0822,1358.761,710.582
79.83685,1,1374.865,723.0822,1366.813,716.8322
79.84938,1,1393.463,736.7673,1380.138,726.7997
79.8605,1,1393.463,736.7673,1386.8,731.7834
79.87292,1,1393.463,736.7673,1390.132,734.2754
79.8838,1,1405.775,747.9409,1397.953,741.1082
79.89571,1,1405.775,747.9409,1401.864,744.5245
79.9064,1,1405.775,747.9409,1403.819,746.2327
79.91675,1,1413.845,753.9373,1408.832,750.085
79.92749,1,1413.845,753.9373,1411.338,752.0111
79.93768,1,1413.845,753.9373,1412.592,752.9742
79.95149,1,1418.947,758.0353,1415.769,755.5048
79.96186,1,1418.947,758.0353,1417.358,756.77
79.97279,1,1422.569,762.0953,1419.964,759.4327
79.98342,1,1422.569,762.0953,1421.266,760.764
79.99561,1,1422.569,762.0953,1421.918,761.4297
80.00443,1,1432.099,765.8801,1427.008,763.6549
80.01546,1,1432.099,765.8801,1429.553,764.7675
80.02617,1,1432.099,765.8801,1430.826,765.3237
80.03648,1,1444.261,768.5609,1437.543,766.9423
80.05,1,1444.261,768.5609,1440.902,767.7516
80.05874,1,1444.261,768.5609,1442.582,768.1563
80.06939,1,1451.069,770.8899,1446.825,769.5231
80.08003,1,1451.069,770.8899,1448.947,770.2065
80.09075,1,1451.069,770.8899,1450.008,770.5482
80.10242,1,1455.576,773.4524,1452.792,772.0003
80.11421,1,1455.576,773.4524,1454.184,772.7263
80.12382,1,1461.378,775.5781,1457.781,774.1522
80.13573,1,1461.378,775.5781,1459.579,774.8651
80.14448,1,1461.378,775.5781,1460.479,775.2216
80.15839,1,1466.584,776.4614,1463.531,775.8414
80.16964,1,1466.584,776.4614,1465.057,776.1514
80.18037,1,1466.584,776.4614,1465.821,776.3064
80.19253,1,1470.238,776.8997,1468.029,776.603
80.20184,1,1470.238,776.8997,1469.134,776.7513
80.21667,1,1473.145,777.9384,1471.139,777.3448
80.22445,1,1473.145,777.9384,1472.142,777.6416
80.23658,1,1473.145,777.9384,1472.644,777.79
80.24884,1,1475.952,779.729,1474.298,778.7595
80.25787,1,1475.952,779.729,1475.125,779.2443
80.26843,1,1475.952,779.729,1475.539,779.4866
80.27876,1,1478.686,782.2717,1477.112,780.8792
80.29112,1,1478.686,782.2717,1477.899,781.5754
80.30206,1,1478.686,782.2717,1478.292,781.9236
80.31534,1,1480.722,784.143,1479.507,783.0333
80.32384,1,1480.722,784.143,1480.114,783.5881
80.33682,1,1482.33,785.6479,1481.222,784.618
80.34849,1,1482.33,785.6479,1481.776,785.133
80.35752,1,1482.33,785.6479,1482.053,785.3905
80.3688,1,1483.678,788.0959,1482.865,786.7432
80.38101,1,1483.678,788.0959,1483.272,787.4196
80.39051,1,1483.678,788.0959,1483.475,787.7578
80.40112,1,1485.268,791.7196,1484.371,789.7386
80.41215,1,1485.268,791.7196,1484.82,790.7291
80.42096,1,1485.268,791.7196,1485.044,791.2244
80.43347,1,1487.08,794.6475,1486.062,792.9359
80.44225,1,1487.08,794.6475,1486.571,793.7917
80.45596,1,1489.262,796.6937,1487.917,795.2427
80.46711,1,1489.262,796.6937,1488.59,795.9681
80.47791,1,1489.262,796.6937,1488.926,796.3309
80.4882,1,1491.881,798.4868,1490.404,797.4088
80.49957,1,1491.881,798.4868,1491.143,797.9478
80.50932,1,1491.881,798.4868,1491.512,798.2173
80.51883,1,1494.024,801.3848,1492.768,799.801
80.53162,1,1494.024,801.3848,1493.396,800.5929
80.54056,1,1494.024,801.3848,1493.71,800.9888
80.55433,1,1495.907,803.9618,1494.808,802.4753
80.56664,1,1495.907,803.9618,1495.358,803.2186
80.57278,1,1495.907,803.9618,1495.632,803.5902
80.58646,1,1498.027,806.442,1496.83,805.0161
80.59808,1,1498.027,806.442,1497.429,805.7291
80.60919,1,1501.958,811.694,1499.694,808.7115
80.62037,1,1501.958,811.694,1500.826,810.2028
80.63128,1,1501.958,811.694,1501.392,810.9484
80.6415,1,1506.299,818.6914,1503.846,814.8199
80.65313,1,1506.299,818.6914,1505.073,816.7556
80.66409,1,1506.299,818.6914,1505.686,817.7235
80.67509,1,1510.194,825.5917,1507.94,821.6576
80.68411,1,1510.194,825.5917,1509.067,823.6246
80.69495,1,1514.427,831.5001,1511.747,827.5624
80.71137,1,1514.427,831.5001,1513.087,829.5313
80.71838,1,1514.427,831.5001,1513.757,830.5156
80.73149,1,1517.917,836.1397,1515.837,833.3276
80.74126,1,1517.917,836.1397,1516.877,834.7336
80.75267,1,1517.917,836.1397,1517.397,835.4366
80.76321,1,1520.627,840.4841,1519.012,837.9603
80.77462,1,1520.627,840.4841,1519.82,839.2222
80.7837,1,1520.627,840.4841,1520.224,839.8531
80.79568,1,1523.818,844.284,1522.021,842.0686
80.80777,1,1523.818,844.284,1522.919,843.1763
80.81846,1,1527.115,846.8004,1525.017,844.9883
80.82986,1,1527.115,846.8004,1526.066,845.8944
80.83915,1,1527.115,846.8004,1526.591,846.3474
80.85206,1,1529.731,849.0705,1528.161,847.709
80.86202,1,1529.731,849.0705,1528.946,848.3898
80.87561,1,1529.731,849.0705,1529.339,848.7301
80.88616,1,1532.017,851.5161,1530.678,850.1231
80.89704,1,1532.017,851.5161,1531.347,850.8196
80.90788,1,1534.098,854.201,1532.723,852.5103
80.91843,1,1534.098,854.201,1533.411,853.3556
80.93157,1,1534.098,854.201,1533.755,853.7783
80.94009,1,1535.23,854.9914,1534.492,854.3849
80.9509,1,1535.23,854.9914,1534.861,854.6881
80.95985,1,1535.23,854.9914,1535.045,854.8397
80.97271,1,1536.007,855.5192,1535.526,855.1794
80.98277,1,1536.007,855.5192,1535.766,855.3494
80.99367,1,1536.007,855.5192,1535.886,855.4343
81.0041,1,1537.012,855.7262,1536.449,855.5803
81.01702,1,1537.012,855.7262,1536.731,855.6532
81.02715,1,1537.012,855.7262,1536.871,855.6897
81.03783,1,1536.594,853.9857,1536.733,854.8376
81.0496,1,1536.594,853.9857,1536.664,854.4116
81.06044,1,1535.698,852.3525,1536.181,853.3821
81.07275,1,1535.698,852.3525,1535.94,852.8673
81.08284,1,1535.698,852.3525,1535.819,852.6099
81.0949,1,1534.785,850.9438,1535.302,851.7769
81.10474,1,1534.785,850.9438,1535.044,851.3604
81.11705,1,1534.785,850.9438,1534.915,851.1521
81.12694,1,1533.339,849.2166,1534.127,850.1843
81.13745,1,1533.339,849.2166,1533.733,849.7004
81.15092,1,1531.86,847.2911,1532.796,848.4957
81.1612,1,1531.86,847.2911,1532.328,847.8934
81.17249,1,1531.86,847.2911,1532.094,847.5923
81.18298,1,1530.257,844.7258,1531.176,846.1591
81.19597,1,1530.257,844.7258,1530.716,845.4424
81.20469,1,1530.257,844.7258,1530.487,845.0841
81.21687,1,1528.334,841.7606,1529.41,843.4224
81.22707,1,1528.334,841.7606,1528.872,842.5914
81.23715,1,1528.334,841.7606,1528.603,842.176
81.24915,1,1525.482,838.9175,1527.042,840.5468
81.25854,1,1525.482,838.9175,1526.262,839.7321
81.27,1,1521.814,835.4711,1524.038,837.6016
81.27992,1,1521.814,835.4711,1522.926,836.5363
81.29046,1,1521.814,835.4711,1522.37,836.0037
81.30081,1,1518.408,832.1306,1520.389,834.0671
81.31217,1,1518.408,832.1306,1519.398,833.0989
81.32122,1,1518.408,832.1306,1518.903,832.6147
81.33438,1,1515.146,830.0025,1517.024,831.3086
81.3437,1,1515.146,830.0025,1516.085,830.6555
81.35812,1,1515.146,830.0025,1515.615,830.329
81.36961,1,1512.746,827.6276,1514.181,828.9783
81.37991,1,1512.746,827.6276,1513.463,828.303
81.39189,1,1510.478,824.996,1511.971,826.6495
81.40152,1,1510.478,824.996,1511.224,825.8228
81.41423,1,1510.478,824.996,1510.851,825.4094
81.42366,1,1508.104,822.4641,1509.478,823.9368
81.43458,1,1508.104,822.4641,1508.791,823.2004
81.44262,1,1508.104,822.4641,1508.448,822.8323
81.45554,1,1501.992,818.0727,1505.22,820.4525
81.46648,1,1501.992,818.0727,1503.606,819.2626
81.47487,1,1501.992,818.0727,1502.799,818.6676
81.48801,1,1371.329,742.223,1437.064,780.4453
81.49951,1,1371.329,742.223,1404.196,761.3341
81.51075,1,1055.946,580.0381,1230.071,670.6861
81.5194,1,1055.946,580.0381,1143.009,625.3621
81.53156,1,1055.946,580.0381,1099.478,602.7001
81.54136,1,851.1564,479.3047,975.317,541.0024
81.55413,1,851.1564,479.3047,913.2367,510.1536
81.56302,1,851.1564,479.3047,882.1965,494.7291
81.57501,1,760.8149,432.2527,821.5057,463.4909
81.58725,1,760.8149,432.2527,791.1603,447.8718
81.59704,1,760.8149,432.2527,775.9875,440.0623
81.60817,1,719.6807,417.1937,747.8341,428.628
81.61852,1,719.6807,417.1937,733.7574,422.9108
81.63096,1,719.6807,417.1937,726.719,420.0522
81.63866,1,703.8556,409.6438,715.2873,414.848
81.65159,1,703.8556,409.6438,709.5714,412.2459
81.66103,1,703.8556,409.6438,706.7135,410.9448
81.67519,1,696.8304,402.371,701.772,406.6579
81.68483,1,696.8304,402.371,699.3011,404.5144
81.69819,1,729.4895,407.435,714.3953,405.9747
81.70724,1,729.4895,407.435,721.9424,406.7049
81.71758,1,729.4895,407.435,725.7159,407.0699
81.72897,1,790.4496,437.3214,758.0828,422.1957
81.73801,1,790.4496,437.3214,774.2662,429.7585
81.75115,1,790.4496,437.3214,782.3579,433.54
81.76079,1,892.2137,489.7121,837.2858,461.626
81.77213,1,892.2137,489.7121,864.7498,475.6691
81.78304,1,1111.898,609.4399,988.3237,542.5544
81.79465,1,1111.898,609.4399,1050.111,575.9972
81.80375,1,1111.898,609.4399,1081.004,592.7185
81.81519,1,1257.149,687.8568,1169.077,640.2876
81.82585,1,1257.149,687.8568,1213.113,664.0721
81.83781,1,1257.149,687.8568,1235.131,675.9645
81.84693,1,1331.583,728.2023,1283.357,702.0834
81.85738,1,1331.583,728.2023,1307.47,715.1428
81.86913,1,1331.583,728.2023,1319.526,721.6726
81.88367,1,1366.408,744.8778,1342.967,733.2752
81.89333,1,1366.408,744.8778,1354.687,739.0765
81.90414,1,1380.572,751.2761,1367.63,745.1763
81.91598,1,1380.572,751.2761,1374.101,748.2262
81.92643,1,1380.572,751.2761,1377.337,749.7511
81.93755,1,1387.78,754.1375,1382.558,751.9443
81.95084,1,1387.78,754.1375,1385.169,753.0409
81.95689,1,1387.78,754.1375,1386.475,753.5892
81.97165,1,1392.221,756.2177,1389.348,754.9034
81.98402,1,1392.221,756.2177,1390.785,755.5605
81.994,1,1395.353,756.7717,1393.069,756.1661
82.00477,1,1395.353,756.7717,1394.211,756.4689
82.01791,1,1395.353,756.7717,1394.782,756.6202
82.02848,1,1402.417,756.9429,1398.599,756.7816
82.03754,1,1402.417,756.9429,1400.508,756.8622
82.05023,1,1402.417,756.9429,1401.462,756.9025
82.05872,1,1410.371,756.8471,1405.916,756.8748
82.0715,1,1410.371,756.8471,1408.144,756.861
82.0825,1,1410.371,756.8471,1409.257,756.854
82.09515,1,1413.953,757.7179,1411.605,757.2859
82.10651,1,1413.953,757.7179,1412.779,757.502
82.11572,1,1416.382,758.1607,1414.581,757.8313
82.12939,1,1416.382,758.1607,1415.481,757.996
82.13784,1,1416.382,758.1607,1415.932,758.0784
82.15074,1,1418.066,759.1468,1416.999,758.6125
82.16277,1,1418.066,759.1468,1417.533,758.8796
82.17382,1,1418.066,759.1468,1417.8,759.0132
82.18416,1,1418.472,760.081,1418.136,759.5471
82.19886,1,1418.472,760.081,1418.304,759.8141
82.20829,1,1418.474,761.2327,1418.389,760.5234
82.21858,1,1418.474,761.2327,1418.431,760.8781
82.23095,1,1418.474,761.2327,1418.453,761.0554
82.24154,1,1418.571,761.2394,1418.512,761.1475
82.25211,1,1418.571,761.2394,1418.542,761.1935
82.26291,1,1418.571,761.2394,1418.556,761.2164
82.27436,1,1418.564,761.0577,1418.56,761.1371
82.28413,1,1418.564,761.0577,1418.562,761.0974
82.29572,1,1418.564,761.0577,1418.563,761.0776
82.30769,1,1417.674,760.7137,1418.119,760.8956
82.31792,1,1417.674,760.7137,1417.896,760.8047
82.32851,1,1416.866,760.4579,1417.381,760.6313
82.3384,1,1416.866,760.4579,1417.124,760.5446
82.35143,1,1416.866,760.4579,1416.995,760.5012
82.36233,1,1416.802,760.2061,1416.899,760.3536
82.37457,1,1416.802,760.2061,1416.851,760.2798
82.38393,1,1416.802,760.2061,1416.827,760.2429
82.39562,1,1416.71,760.1235,1416.769,760.1832
82.40826,1,1416.71,760.1235,1416.74,760.1533
82.41931,1,1416.466,759.915,1416.603,760.0342
82.4281,1,1416.466,759.915,1416.535,759.9746
82.43794,1,1416.466,759.915,1416.5,759.9448
82.45074,1,1415.843,759.7797,1416.172,759.8622
82.46077,1,1415.843,759.7797,1416.007,759.8209
82.47284,1,1415.843,759.7797,1415.925,759.8003
82.48389,1,1415.604,759.6213,1415.765,759.7108
82.49474,1,1415.604,759.6213,1415.685,759.666
82.50419,1,1415.604,759.6213,1415.645,759.6437
82.51797,1,1415.164,759.2744,1415.404,759.459
82.52472,1,1415.164,759.2744,1415.284,759.3667
82.53692,1,1415.164,759.2744,1415.224,759.3206
82.54845,1,1414.337,758.8307,1414.781,759.0757
82.55702,1,1414.337,758.8307,1414.559,758.9532
82.57089,1,1413.667,758.2891,1414.113,758.6212
82.58086,1,1413.667,758.2891,1413.89,758.4551
82.59129,1,1413.667,758.2891,1413.778,758.3721
82.60184,1,1412.561,757.8933,1413.17,758.1327
82.61423,1,1412.561,757.8933,1412.866,758.013
82.62329,1,1412.561,757.8933,1412.714,757.9531
82.63706,1,1411.455,757.3287,1412.084,757.6409
82.64758,1,1411.455,757.3287,1411.77,757.4847
82.65627,1,1411.455,757.3287,1411.612,757.4067
82.66899,1,1410.366,757.5638,1410.989,757.4852
82.67974,1,1410.366,757.5638,1410.678,757.5245
82.69077,1,1412.232,758.3661,1411.455,757.9453
82.70049,1,1412.232,758.3661,1411.844,758.1558
82.71272,1,1412.232,758.3661,1412.038,758.261
82.72113,1,1416.135,759.4331,1414.087,758.847
82.73398,1,1416.135,759.4331,1415.111,759.1401
82.74407,1,1416.135,759.4331,1415.623,759.2866
82.75548,1,1422.068,760.9406,1418.845,760.1136
82.76615,1,1422.068,760.9406,1420.457,760.5271
82.77533,1,1422.068,760.9406,1421.262,760.7339
82.78912,1,1429.174,762.2574,1425.218,761.4957
82.79918,1,1429.174,762.2574,1427.196,761.8766
82.81259,1,1436.713,763.9723,1431.954,762.9244
82.81927,1,1436.713,763.9723,1434.334,763.4484
82.83167,1,1436.713,763.9723,1435.523,763.7103
82.84023,1,1443.921,766.4156,1439.722,765.063
82.85411,1,1443.921,766.4156,1441.821,765.7393
82.86399,1,1443.921,766.4156,1442.871,766.0774
82.87544,1,1451.689,769.1618,1447.28,767.6196
82.8848,1,1451.689,769.1618,1449.484,768.3907
82.89712,1,1451.689,769.1618,1450.587,768.7762
82.90816,1,1459.623,772.2971,1455.105,770.5367
82.91786,1,1459.623,772.2971,1457.364,771.4169
82.93266,1,1465.619,775.3576,1461.491,773.3872
82.94099,1,1465.619,775.3576,1463.555,774.3724
82.95344,1,1465.619,775.3576,1464.587,774.865
82.96378,1,1470.508,778.1476,1467.548,776.5063
82.97426,1,1470.508,778.1476,1469.028,777.3269
82.98418,1,1470.508,778.1476,1469.768,777.7372
82.99672,1,1475.066,780.2823,1472.417,779.0098
83.00642,1,1475.066,780.2823,1473.741,779.6461
83.01693,1,1475.066,780.2823,1474.404,779.9642
83.03064,1,1479.703,783.4966,1477.053,781.7304
83.03807,1,1479.703,783.4966,1478.378,782.6135
83.05154,1,1484.57,785.9164,1481.474,784.265
83.06182,1,1484.57,785.9164,1483.022,785.0907
83.07271,1,1484.57,785.9164,1483.796,785.5035
83.08276,1,1488.316,788.2629,1486.056,786.8832
83.09306,1,1488.316,788.2629,1487.186,787.573
83.10375,1,1488.316,788.2629,1487.751,787.918
83.11581,1,1491.307,791.213,1489.529,789.5655
83.12616,1,1491.307,791.213,1490.418,790.3893
83.13428,1,1491.307,791.213,1490.863,790.8011
83.14638,1,1493.28,793.4515,1492.071,792.1263
83.155,1,1493.28,793.4515,1492.675,792.7889
83.16773,1,1493.28,793.4515,1492.978,793.1202
83.17907,1,1495.091,795.5379,1494.034,794.3291
83.18955,1,1495.091,795.5379,1494.563,794.9335
83.20007,1,1495.091,795.5379,1494.827,795.2357
83.21229,1,1496.953,797.4378,1495.89,796.3368
83.22179,1,1496.953,797.4378,1496.422,796.8873
83.23421,1,1499.266,799.0606,1497.844,797.974
83.24419,1,1499.266,799.0606,1498.555,798.5173
83.25559,1,1499.266,799.0606,1498.91,798.7889
83.26603,1,1501.751,801.0966,1500.331,799.9427
83.2775,1,1501.751,801.0966,1501.041,800.5197
83.28795,1,1501.751,801.0966,1501.396,800.8081
83.29855,1,1503.677,803.6019,1502.537,802.205
83.30962,1,1503.677,803.6019,1503.107,802.9034
83.31959,1,1503.677,803.6019,1503.392,803.2527
83.33114,1,1506.1,806.4739,1504.746,804.8633
83.34062,1,1506.1,806.4739,1505.423,805.6686
83.35052,1,1506.1,806.4739,1505.762,806.0712
83.35793,1,1507.643,808.9987,1506.702,807.535
83.36938,1,1507.643,808.9987,1507.172,808.2668
83.38049,1,1507.643,808.9987,1507.407,808.6328
83.39184,1,1509.252,811.4153,1508.33,810.024
83.40133,1,1509.252,811.4153,1508.791,810.7197
83.41658,1,1511.685,814.3019,1510.238,812.5109
83.4245,1,1511.685,814.3019,1510.962,813.4064
83.43748,1,1511.685,814.3019,1511.323,813.8541
83.44931,1,1514.864,816.6138,1513.094,815.2339
83.45792,1,1514.864,816.6138,1513.979,815.9238
83.47038,1,1514.864,816.6138,1514.422,816.2688
83.48158,1,1518.236,819.7762,1516.329,818.0225
83.49242,1,1518.236,819.7762,1517.282,818.8993
83.50175,1,1518.236,819.7762,1517.759,819.3378
83.51509,1,1520.945,823.0176,1519.352,821.1777
83.52321,1,1520.945,823.0176,1520.148,822.0977
83.53635,1,1523.216,825.4615,1521.682,823.7795
83.54801,1,1523.216,825.4615,1522.449,824.6205
83.55843,1,1523.216,825.4615,1522.832,825.041
83.57034,1,1525.199,828.455,1524.016,826.748
83.58062,1,1525.199,828.455,1524.607,827.6016
83.59086,1,1525.199,828.455,1524.903,828.0283
83.60146,1,1527.191,831.1573,1526.047,829.5928
83.61481,1,1527.191,831.1573,1526.619,830.375
83.62366,1,1527.191,831.1573,1526.905,830.7661
83.63504,1,1529.393,833.2554,1528.149,832.0107
83.64655,1,1529.393,833.2554,1528.771,832.6331
83.65483,1,1529.393,833.2554,1529.082,832.9442
83.66827,1,1531.284,835.1819,1530.183,834.0631
83.67865,1,1531.284,835.1819,1530.734,834.6226
83.68979,1,1532.905,837.0029,1531.819,835.8127
83.70152,1,1532.905,837.0029,1532.362,836.4078
83.71418,1,1532.905,837.0029,1532.633,836.7053
83.72355,1,1534.367,838.2773,1533.5,837.4913
83.73499,1,1534.367,838.2773,1533.933,837.8843
83.74709,1,1536.019,839.1141,1534.976,838.4993
83.75686,1,1536.019,839.1141,1535.498,838.8067
83.76867,1,1536.019,839.1141,1535.759,838.9604
83.77895,1,1537.671,840.851,1536.715,839.9057
83.79089,1,1537.671,840.851,1537.193,840.3783
83.80018,1,1537.671,840.851,1537.432,840.6146
83.81284,1,1539.294,841.7779,1538.363,841.1963
83.82171,1,1539.294,841.7779,1538.829,841.4871
83.83319,1,1539.294,841.7779,1539.062,841.6324
83.84229,1,1540.519,842.4557,1539.79,842.0441
83.85381,1,1540.519,842.4557,1540.154,842.2499
83.86354,1,1540.519,842.4557,1540.336,842.3528
83.87564,1,1541.482,843.5095,1540.909,842.9312
83.88659,1,1541.482,843.5095,1541.195,843.2203
83.89685,1,1541.482,843.5095,1541.339,843.3649
83.91669,1,1542.377,844.1147,1541.858,843.7398
83.92176,1,1542.377,844.1147,1542.117,843.9272
83.93395,1,1542.923,844.3306,1542.52,844.1289
83.94468,1,1542.923,844.3306,1542.721,844.2297
83.95346,1,1542.923,844.3306,1542.822,844.2802
83.9648,1,1543.504,844.4732,1543.163,844.3767
83.97525,1,1543.504,844.4732,1543.334,844.4249
83.98788,1,1543.504,844.4732,1543.419,844.4491
83.99896,1,1543.932,844.1951,1543.676,844.3221
84.00939,1,1543.932,844.1951,1543.804,844.2587
84.01895,1,1546.687,842.8906,1545.245,843.5746
84.03123,1,1546.687,842.8906,1545.966,843.2325
84.04009,1,1546.687,842.8906,1546.326,843.0615
84.0526,1,1550.587,840.3907,1548.457,841.7261
84.06311,1,1550.587,840.3907,1549.522,841.0583
84.07516,1,1550.587,840.3907,1550.054,840.7245
84.08457,1,1554.907,837.2549,1552.481,838.9897
84.09681,1,1554.907,837.2549,1553.694,838.1223
84.10847,1,1554.907,837.2549,1554.301,837.6886
84.11791,1,1559.605,833.4758,1556.953,835.5822
84.13113,1,1559.605,833.4758,1558.279,834.5291
84.13993,1,1564.488,829.8186,1561.383,832.1738
84.15253,1,1564.488,829.8186,1562.936,830.9962
84.16293,1,1564.488,829.8186,1563.712,830.4074
84.17423,1,1569.591,826.2755,1566.651,828.3414
84.18446,1,1569.591,826.2755,1568.121,827.3085
84.19558,1,1569.591,826.2755,1568.856,826.792
84.20352,1,1573.356,823.3175,1571.106,825.0547
84.21684,1,1573.356,823.3175,1572.231,824.1862
84.22696,1,1573.356,823.3175,1572.793,823.7518
84.23553,1,1577.531,820.4904,1575.162,822.1211
84.24774,1,1577.531,820.4904,1576.346,821.3057
84.25733,1,1577.531,820.4904,1576.938,820.8981
84.26912,1,1580.924,818.0062,1578.931,819.4521
84.28003,1,1580.924,818.0062,1579.927,818.7292
84.29162,1,1584.321,815.3935,1582.124,817.0613
84.30109,1,1584.321,815.3935,1583.223,816.2274
84.31364,1,1584.321,815.3935,1583.772,815.8104
84.32323,1,1587.881,814.0383,1585.826,814.9244
84.33485,1,1587.881,814.0383,1586.854,814.4813
84.34634,1,1587.881,814.0383,1587.367,814.2598
84.35457,1,1590.58,812.4183,1588.973,813.3391
84.36718,1,1590.58,812.4183,1589.776,812.8787
84.37706,1,1590.58,812.4183,1590.178,812.6486
84.38823,1,1593.188,811.4905,1591.683,812.0695
84.39912,1,1593.188,811.4905,1592.435,811.78
84.41113,1,1595.559,809.9626,1593.997,810.8713
84.41944,1,1595.559,809.9626,1594.778,810.417
84.43219,1,1595.559,809.9626,1595.169,810.1898
84.44176,1,1598.356,808.5877,1596.762,809.3888
84.45421,1,1598.356,808.5877,1597.559,808.9883
84.46336,1,1598.356,808.5877,1597.958,808.788
84.47464,1,1600.793,807.0396,1599.375,807.9138
84.4827,1,1600.793,807.0396,1600.084,807.4767
84.49535,1,1600.793,807.0396,1600.439,807.2581
84.50672,1,1602.958,806.3793,1601.698,806.8187
84.5147,1,1602.958,806.3793,1602.328,806.599
84.5239,1,1602.958,806.3793,1602.643,806.4891
84.53667,1,1604.992,805.5637,1603.818,806.0264
84.55051,1,1604.992,805.5637,1604.405,805.795
84.56239,1,1607.034,804.7118,1605.719,805.2534
84.5765,1,1607.034,804.7118,1606.376,804.9826
84.58268,1,1607.034,804.7118,1606.705,804.8472
84.59216,1,1609.05,803.6191,1607.877,804.2332
84.6021,1,1609.05,803.6191,1608.463,803.9261
84.61952,1,1609.05,803.6191,1608.756,803.7726
84.62819,1,1610.413,802.9954,1609.585,803.384
84.63603,1,1610.413,802.9954,1609.999,803.1897
84.64846,1,1610.413,802.9954,1610.206,803.0925
84.65685,1,1611.569,802.6068,1610.887,802.8496
84.66991,1,1611.569,802.6068,1611.228,802.7281
84.6811,1,1611.569,802.6068,1611.398,802.6675
84.69288,1,1612.599,801.8329,1611.999,802.2502
84.70281,1,1612.599,801.8329,1612.299,802.0416
84.7154,1,1613.958,801.1579,1613.128,801.5997
84.72592,1,1613.958,801.1579,1613.543,801.3788
84.73562,1,1613.958,801.1579,1613.75,801.2683
84.74715,1,1615.42,800.6461,1614.585,800.9572
84.75707,1,1615.42,800.6461,1615.002,800.8016
84.76942,1,1615.42,800.6461,1615.211,800.7239
84.77916,1,1619.557,798.2247,1617.384,799.4743
84.79179,1,1619.557,798.2247,1618.471,798.8495
84.80215,1,1619.557,798.2247,1619.014,798.5371
84.81498,1,1624.421,795.2123,1621.717,796.8747
84.82582,1,1624.421,795.2123,1623.069,796.0435
84.83634,1,1627.876,791.4397,1625.473,793.7416
84.84805,1,1627.876,791.4397,1626.674,792.5906
84.85796,1,1627.876,791.4397,1627.275,792.0151
84.8699,1,1631.407,787.5909,1629.341,789.803
84.88153,1,1631.407,787.5909,1630.374,788.6969
84.89358,1,1631.407,787.5909,1630.89,788.1439
84.90342,1,1635.205,784.0228,1633.048,786.0834
84.91515,1,1635.205,784.0228,1634.127,785.0531
84.9267,1,1639.094,780.5654,1636.61,782.8092
84.93719,1,1639.094,780.5654,1637.852,781.6873
84.95011,1,1639.094,780.5654,1638.473,781.1263
84.96008,1,1641.854,776.4135,1640.164,778.7699
84.97106,1,1641.854,776.4135,1641.009,777.5917
84.98138,1,1641.854,776.4135,1641.432,777.0026
84.99296,1,1644.422,773.1254,1642.927,775.064
85.00263,1,1644.422,773.1254,1643.675,774.0947
85.01505,1,1644.422,773.1254,1644.048,773.6101
85.0265,1,1647.013,770.3572,1645.531,771.9836
85.03674,1,1647.013,770.3572,1646.272,771.1704
85.04888,1,1648.95,766.9445,1647.611,769.0574
85.05878,1,1648.95,766.9445,1648.28,768.001
85.07149,1,1648.95,766.9445,1648.615,767.4727
85.08078,1,1612.853,743.9583,1630.734,755.7155
85.09274,1,1612.853,743.9583,1621.794,749.8369
85.10302,1,1612.853,743.9583,1617.323,746.8976
85.11677,1,1408.465,602.3875,1512.894,674.6425
85.12789,1,1408.465,602.3875,1460.679,638.515
85.13629,1,1168.183,407.4002,1314.431,522.9576
85.14839,1,1168.183,407.4002,1241.307,465.1789
85.1571,1,1168.183,407.4002,1204.745,436.2896
85.17021,1,1044.104,306.2335,1124.425,371.2615
85.18056,1,1044.104,306.2335,1084.264,338.7475
85.19175,1,1044.104,306.2335,1064.184,322.4905
85.20061,1,993.7834,269.2068,1028.984,295.8487
85.21249,1,993.7834,269.2068,1011.384,282.5278
85.22101,1,993.7834,269.2068,1002.583,275.8673
85.23393,1,971.6329,251.9941,987.1082,263.9307
85.24391,1,971.6329,251.9941,979.3706,257.9624
85.25547,1,971.6329,251.9941,975.5018,254.9783
85.26722,1,963.8922,242.0034,969.697,248.4909
85.27854,1,963.8922,242.0034,966.7946,245.2472
85.28858,1,962.7932,241.7471,964.7938,243.4971
85.29777,1,962.7932,241.7471,963.7935,242.6221
85.30895,1,962.7932,241.7471,963.2933,242.1846
85.31946,1,973.1102,241.1601,968.2018,241.6723
85.33121,1,973.1102,241.1601,970.656,241.4162
85.34085,1,973.1102,241.1601,971.8831,241.2881
85.35442,1,1005.784,256.8478,988.8338,249.068
85.36446,1,1005.784,256.8478,997.3091,252.9579
85.37553,1,1005.784,256.8478,1001.547,254.9028
85.38656,1,1069.693,308.1441,1035.62,281.5234
85.39729,1,1069.693,308.1441,1052.656,294.8337
85.40904,1,1292.669,478.6094,1172.662,386.7216
85.41872,1,1292.669,478.6094,1232.666,432.6655
85.43324,1,1292.669,478.6094,1262.667,455.6375
85.44118,1,1457.762,608.8618,1360.215,532.2496
85.451,1,1457.762,608.8618,1408.988,570.5557
85.46216,1,1457.762,608.8618,1433.375,589.7087
85.47276,1,1538.619,669.1028,1485.997,629.4058
85.48782,1,1538.619,669.1028,1512.308,649.2543
85.49933,1,1571.396,696.8313,1541.852,673.0428
85.51011,1,1571.396,696.8313,1556.624,684.937
85.51662,1,1571.396,696.8313,1564.01,690.8842
85.52974,1,1586.647,707.4846,1575.328,699.1843
85.53976,1,1586.647,707.4846,1580.988,703.3345
85.55185,1,1586.647,707.4846,1583.817,705.4095
85.56174,1,1595.407,712.273,1589.612,708.8413
85.57317,1,1595.407,712.273,1592.51,710.5571
85.58408,1,1595.407,712.273,1593.958,711.415
85.59979,1,1600.467,712.3474,1597.212,711.8812
85.60748,1,1600.467,712.3474,1598.839,712.1143
85.61701,1,1600.467,712.3474,1599.653,712.2308
85.63065,1,1602.27,711.0089,1600.962,711.6199
85.63957,1,1602.27,711.0089,1601.616,711.3144
85.65292,1,1600.438,709.2128,1601.027,710.2636
85.66443,1,1600.438,709.2128,1600.732,709.7382
85.67527,1,1600.438,709.2128,1600.585,709.4755
85.68742,1,1596.412,703.868,1598.499,706.6718
85.69801,1,1596.412,703.868,1597.455,705.2699
85.70921,1,1596.412,703.868,1596.933,704.569
85.7196,1,1593.566,700.1465,1595.25,702.3577
85.73162,1,1593.566,700.1465,1594.408,701.2521
85.74234,1,1591.898,697.9463,1593.153,699.5992
85.75481,1,1591.898,697.9463,1592.525,698.7727
85.76429,1,1591.898,697.9463,1592.211,698.3595
85.77573,1,1590.39,695.9915,1591.301,697.1755
85.78677,1,1590.39,695.9915,1590.845,696.5835
85.79699,1,1590.39,695.9915,1590.618,696.2875
85.8079,1,1589.332,695.0976,1589.975,695.6925
85.81693,1,1589.332,695.0976,1589.653,695.395
85.82881,1,1589.332,695.0976,1589.492,695.2463
85.83739,1,1588.635,694.1817,1589.063,694.714
85.84988,1,1588.635,694.1817,1588.849,694.4479
85.85822,1,1588.635,694.1817,1588.742,694.3148
85.87177,1,1587.965,693.9714,1588.354,694.1431
85.88165,1,1587.965,693.9714,1588.16,694.0573
85.89316,1,1587.266,693.5447,1587.713,693.801
85.90362,1,1587.266,693.5447,1587.49,693.6729
85.91595,1,1587.266,693.5447,1587.378,693.6088
85.92622,1,1586.715,693.0341,1587.046,693.3214
85.93605,1,1586.715,693.0341,1586.881,693.1777
85.94851,1,1586.715,693.0341,1586.798,693.106
85.95751,1,1586.05,692.6046,1586.424,692.8552
85.97042,1,1586.05,692.6046,1586.237,692.7299
85.98087,1,1586.05,692.6046,1586.143,692.6672
85.99263,1,1585.133,692.2168,1585.638,692.442
86.0017,1,1585.133,692.2168,1585.386,692.3294
86.01474,1,1583.426,691.6089,1584.406,691.9691
86.02433,1,1583.426,691.6089,1583.916,691.789
86.03584,1,1583.426,691.6089,1583.671,691.699
86.04749,1,1581.715,690.7731,1582.693,691.236
86.05647,1,1581.715,690.7731,1582.204,691.0045
86.06803,1,1581.715,690.7731,1581.96,690.8888
86.07861,1,1579.646,689.8011,1580.803,690.345
86.08929,1,1579.646,689.8011,1580.224,690.0731
86.10098,1,1579.646,689.8011,1579.935,689.9371
86.11318,1,1577.588,688.5657,1578.761,689.2514
86.1234,1,1577.588,688.5657,1578.174,688.9086
86.13527,1,1574.973,687.6611,1576.574,688.2848
86.14655,1,1574.973,687.6611,1575.773,687.9729
86.15796,1,1574.973,687.6611,1575.373,687.817
86.16915,1,1572.68,685.547,1574.027,686.682
86.17988,1,1572.68,685.547,1573.354,686.1145
86.19068,1,1572.68,685.547,1573.017,685.8307
86.20032,1,1570.328,683.4855,1571.672,684.6581
86.21228,1,1570.328,683.4855,1571,684.0718
86.22142,1,1570.328,683.4855,1570.664,683.7787
86.23254,1,1567.954,681.3822,1569.309,682.5804
86.24432,1,1567.954,681.3822,1568.631,681.9813
86.25371,1,1565.598,680.0469,1567.115,681.0142
86.26702,1,1565.598,680.0469,1566.357,680.5305
86.27901,1,1565.598,680.0469,1565.978,680.2887
86.28823,1,1559.99,676.2302,1562.984,678.2595
86.29952,1,1559.99,676.2302,1561.487,677.2449
86.31171,1,1559.99,676.2302,1560.738,676.7375
86.32085,1,1552.962,669.9418,1556.85,673.3397
86.33254,1,1552.962,669.9418,1554.906,671.6407
86.34388,1,1546.441,663.4352,1550.674,667.538
86.35515,1,1546.441,663.4352,1548.557,665.4866
86.36711,1,1546.441,663.4352,1547.499,664.4609
86.37807,1,1541.233,657.9524,1544.366,661.2067
86.38835,1,1541.233,657.9524,1542.799,659.5795
86.39828,1,1541.233,657.9524,1542.016,658.766
86.41014,1,1536.156,653.1683,1539.086,655.9672
86.4185,1,1536.156,653.1683,1537.621,654.5677
86.43114,1,1536.156,653.1683,1536.889,653.868
86.43948,1,1531.208,650.5448,1534.048,652.2064
86.45315,1,1531.208,650.5448,1532.628,651.3756
86.463,1,1531.208,650.5448,1531.918,650.9602
86.47375,1,1526.849,648.3875,1529.383,649.6738
86.48349,1,1526.849,648.3875,1528.116,649.0306
86.49603,1,1524.418,645.6511,1526.267,647.3408
86.50742,1,1524.418,645.6511,1525.343,646.496
86.51628,1,1524.418,645.6511,1524.881,646.0735
86.52887,1,1522.047,643.3763,1523.464,644.7249
86.53994,1,1522.047,643.3763,1522.755,644.0505
86.55113,1,1522.047,643.3763,1522.401,643.7134
86.56161,1,1519.867,641.7051,1521.134,642.7092
86.57241,1,1519.867,641.7051,1520.501,642.2072
86.58322,1,1519.867,641.7051,1520.184,641.9561
86.59565,1,1517.418,639.4335,1518.801,640.6948
86.60433,1,1517.418,639.4335,1518.11,640.0642
86.61713,1,1515.456,638.2401,1516.783,639.1522
86.62858,1,1515.456,638.2401,1516.119,638.6962
86.63857,1,1515.456,638.2401,1515.787,638.4681
86.65032,1,1513.527,636.9225,1514.657,637.6953
86.65955,1,1513.527,636.9225,1514.092,637.309
86.67254,1,1513.527,636.9225,1513.81,637.1157
86.68322,1,1512.189,634.0496,1512.999,635.5826
86.69604,1,1512.189,634.0496,1512.594,634.8162
86.70443,1,1512.189,634.0496,1512.392,634.4329
86.71683,1,1510.518,632.8484,1511.455,633.6406
86.7367,1,1509.574,632.1131,1510.514,632.8768
86.74271,1,1509.574,632.1131,1510.044,632.495
86.75321,1,1509.574,632.1131,1509.809,632.3041
86.76404,1,1509.574,632.1131,1509.691,632.2086
86.77483,1,1508.85,631.0328,1509.271,631.6207
86.78481,1,1508.85,631.0328,1509.061,631.3268
86.79804,1,1507.778,629.2368,1508.419,630.2818
86.80923,1,1507.778,629.2368,1508.099,629.7593
86.81857,1,1507.778,629.2368,1507.938,629.498
86.83038,1,1506.345,628.0341,1507.142,628.7661
86.83894,1,1506.345,628.0341,1506.744,628.4001
86.84962,1,1506.345,628.0341,1506.545,628.2172
86.85849,1,1505.19,625.7733,1505.867,626.9952
86.87061,1,1505.19,625.7733,1505.528,626.3843
86.88061,1,1505.19,625.7733,1505.359,626.0787
86.89191,1,1504.378,623.8967,1504.869,624.9877
86.90247,1,1504.378,623.8967,1504.624,624.4421
86.91486,1,1504.378,623.8967,1504.501,624.1694
86.92712,1,1502.735,623.4743,1503.618,623.8219
86.93623,1,1502.735,623.4743,1503.176,623.6481
86.9492,1,1501.393,622.7275,1502.285,623.1877
86.96013,1,1501.393,622.7275,1501.839,622.9576
86.97109,1,1501.393,622.7275,1501.616,622.8425
86.98139,1,1500.19,621.3273,1500.903,622.0849
86.99267,1,1500.19,621.3273,1500.547,621.7061
87.00311,1,1500.19,621.3273,1500.369,621.5167
87.01479,1,1498.554,620.4272,1499.462,620.9719
87.02441,1,1498.554,620.4272,1499.008,620.6996
87.03642,1,1498.554,620.4272,1498.781,620.5634
87.04884,1,1497.399,620.6114,1498.09,620.5874
87.05746,1,1497.399,620.6114,1497.745,620.5994
87.0684,1,1497.399,620.6114,1497.572,620.6053
87.07912,1,1496.56,620.5283,1497.066,620.5668
87.09038,1,1496.56,620.5283,1496.813,620.5476
87.10023,1,1495.558,620.5479,1496.186,620.5477
87.11253,1,1495.558,620.5479,1495.872,620.5478
87.12206,1,1495.558,620.5479,1495.715,620.5479
87.13472,1,1494.919,620.2826,1495.317,620.4152
87.14771,1,1494.919,620.2826,1495.118,620.3489
87.15681,1,1494.919,620.2826,1495.019,620.3157
87.17024,1,1494.5,619.4636,1494.76,619.8896
87.17947,1,1494.5,619.4636,1494.63,619.6766
87.19036,1,1493.748,619.2447,1494.189,619.4607
87.20167,1,1493.748,619.2447,1493.968,619.3527
87.21391,1,1493.748,619.2447,1493.858,619.2987
87.22363,1,1493.352,618.2966,1493.605,618.7976
87.23522,1,1493.352,618.2966,1493.479,618.5471
87.24712,1,1493.352,618.2966,1493.415,618.4219
87.2565,1,1492.377,616.859,1492.896,617.6404
87.27009,1,1492.377,616.859,1492.636,617.2498
87.28216,1,1490.383,615.3581,1491.51,616.304
87.29395,1,1490.383,615.3581,1490.947,615.8311
87.30206,1,1490.383,615.3581,1490.665,615.5946
87.31519,1,1489.045,614.8593,1489.855,615.2269
87.32639,1,1489.045,614.8593,1489.45,615.0431
87.33501,1,1489.045,614.8593,1489.248,614.9512
87.34833,1,1487.83,614.6533,1488.539,614.8022
87.35787,1,1487.83,614.6533,1488.185,614.7278
87.37012,1,1487.83,614.6533,1488.007,614.6906
87.37991,1,1486.437,614.2362,1487.222,614.4634
87.39277,1,1486.437,614.2362,1486.83,614.3498
87.40249,1,1484.966,614.4521,1485.898,614.401
87.41496,1,1484.966,614.4521,1485.432,614.4266
87.42439,1,1484.966,614.4521,1485.199,614.4393
87.43626,1,1483.305,614.6758,1484.252,614.5576
87.44785,1,1483.305,614.6758,1483.779,614.6167
87.45746,1,1483.305,614.6758,1483.542,614.6462
87.46809,1,1481.764,614.5453,1482.653,614.5958
87.47891,1,1481.764,614.5453,1482.208,614.5706
87.4894,1,1481.764,614.5453,1481.986,614.558
87.49792,1,1480.815,614.7178,1481.401,614.6379
87.50885,1,1480.815,614.7178,1481.108,614.6779
87.51974,1,1480.815,614.7178,1480.962,614.6978
87.53285,1,1480.266,614.413,1480.614,614.5554
87.54118,1,1480.266,614.413,1480.44,614.4842
87.55386,1,1479.398,613.8802,1479.919,614.1822
87.56415,1,1479.398,613.8802,1479.659,614.0312
87.57494,1,1479.398,613.8802,1479.529,613.9557
87.58736,1,1478.085,613.3733,1478.807,613.6645
87.59752,1,1478.085,613.3733,1478.446,613.5189
87.60802,1,1478.085,613.3733,1478.265,613.4461
87.61797,1,1476.576,612.2852,1477.421,612.8656
87.6299,1,1476.576,612.2852,1476.999,612.5754
87.63823,1,1476.576,612.2852,1476.787,612.4303
87.65147,1,1474.881,611.3925,1475.834,611.9114
87.66122,1,1474.881,611.3925,1475.358,611.652
87.67233,1,1474.881,611.3925,1475.119,611.5222
87.68397,1,1472.559,611.2331,1473.839,611.3777
87.69556,1,1472.559,611.2331,1473.199,611.3054
87.70255,1,1472.559,611.2331,1472.879,611.2693
87.71516,1,1470.438,611.8027,1471.659,611.536
87.72375,1,1470.438,611.8027,1471.048,611.6694
87.73648,1,1468.25,612.2305,1469.649,611.95
87.74854,1,1468.25,612.2305,1468.95,612.0902
87.75648,1,1468.25,612.2305,1468.6,612.1604
87.7712,1,1466.348,612.4578,1467.474,612.3091
87.78077,1,1466.348,612.4578,1466.911,612.3834
87.79102,1,1466.348,612.4578,1466.629,612.4207
87.80095,1,1464.256,612.6816,1465.443,612.5511
87.814,1,1464.256,612.6816,1464.85,612.6164
87.8223,1,1464.256,612.6816,1464.553,612.649
87.83504,1,1461.598,612.7301,1463.075,612.6896
87.84681,1,1461.598,612.7301,1462.337,612.7098
87.85548,1,1458.69,613.4542,1460.513,613.082
87.86722,1,1458.69,613.4542,1459.602,613.2681
87.87807,1,1458.69,613.4542,1459.146,613.3611
87.88821,1,1454.939,615.1432,1457.042,614.2521
87.90095,1,1454.939,615.1432,1455.99,614.6976
87.91318,1,1454.939,615.1432,1455.465,614.9204
87.92239,1,1451.829,616.0371,1453.647,615.4788
87.93567,1,1451.829,616.0371,1452.738,615.7579
87.9466,1,1448.681,616.5032,1450.709,616.1306
87.95559,1,1448.681,616.5032,1449.695,616.3169
87.96735,1,1448.681,616.5032,1449.188,616.41
87.97807,1,1445.511,617.198,1447.35,616.804
87.98893,1,1445.511,617.198,1446.43,617.001
88.00125,1,1445.511,617.198,1445.971,617.0995
88.02567,1,1441.743,617.7571,1443.857,617.4283
88.03207,1,1441.743,617.7571,1442.8,617.5927
88.03743,1,1439.261,618.5788,1441.031,618.0857
88.05102,1,1439.261,618.5788,1440.146,618.3323
88.06192,1,1439.261,618.5788,1439.704,618.4556
88.07324,1,1436.356,619.6718,1438.03,619.0637
88.08334,1,1436.356,619.6718,1437.193,619.3678
88.09566,1,1436.356,619.6718,1436.775,619.5198
88.10645,1,1433.655,621.2266,1435.215,620.3732
88.11792,1,1433.655,621.2266,1434.435,620.7999
88.13,1,1431.495,623.0778,1432.965,621.9388
88.14175,1,1431.495,623.0778,1432.23,622.5083
88.15331,1,1431.495,623.0778,1431.862,622.793
88.16412,1,1429.325,624.6068,1430.594,623.6999
88.17535,1,1429.325,624.6068,1429.96,624.1533
88.18484,1,1429.325,624.6068,1429.643,624.38
88.1972,1,1427.491,625.6298,1428.567,625.0049
88.20778,1,1427.491,625.6298,1428.029,625.3174
88.2178,1,1426.185,627.4064,1427.107,626.3619
88.23052,1,1426.185,627.4064,1426.646,626.8842
88.24008,1,1426.185,627.4064,1426.415,627.1453
88.25341,1,1424.97,629.4503,1425.692,628.2978
88.26363,1,1424.97,629.4503,1425.331,628.874
88.27466,1,1424.97,629.4503,1425.15,629.1622
88.28471,1,1424.144,630.9099,1424.647,630.036
88.29694,1,1424.144,630.9099,1424.395,630.4729
88.30857,1,1422.724,632.1868,1423.559,631.3298
88.31985,1,1422.724,632.1868,1423.141,631.7583
88.33265,1,1422.724,632.1868,1422.932,631.9725
88.347,1,1421.161,633.193,1422.047,632.5828
88.3578,1,1421.161,633.193,1421.604,632.8879
88.36845,1,1419.976,634.3643,1420.79,633.6261
88.37885,1,1419.976,634.3643,1420.383,633.9952
88.39059,1,1419.976,634.3643,1420.179,634.1797
88.40112,1,1418.273,635.5963,1419.226,634.8879
88.41423,1,1418.273,635.5963,1418.75,635.2421
88.42874,1,1416.582,636.7833,1417.666,636.0127
88.44106,1,1416.582,636.7833,1417.124,636.3979
88.45147,1,1416.582,636.7833,1416.853,636.5906
88.45874,1,1414.609,638.1247,1415.731,637.3577
88.47121,1,1414.609,638.1247,1415.17,637.7412
88.48158,1,1414.609,638.1247,1414.89,637.933
88.49229,1,1412.776,638.6851,1413.833,638.309
88.50227,1,1412.776,638.6851,1413.304,638.4971
88.51482,1,1412.776,638.6851,1413.04,638.5911
88.52296,1,1411.352,639.9249,1412.196,639.2579
88.53606,1,1411.352,639.9249,1411.774,639.5914
88.54444,1,1411.352,639.9249,1411.563,639.7582
88.55511,1,1410.045,641.4412,1410.804,640.5997
88.56666,1,1410.045,641.4412,1410.424,641.0204
88.57975,1,1407.836,643.4919,1409.13,642.2561
88.58955,1,1407.836,643.4919,1408.483,642.874
88.59949,1,1407.836,643.4919,1408.16,643.183
88.61211,1,1406.885,645.3242,1407.522,644.2535
88.62099,1,1406.885,645.3242,1407.203,644.7888
88.63289,1,1406.885,645.3242,1407.044,645.0565
88.64161,1,1405.89,646.9624,1406.467,646.0095
88.65208,1,1405.89,646.9624,1406.178,646.486
88.6619,1,1405.89,646.9624,1406.034,646.7242
88.67271,1,1405.147,649.2474,1405.591,647.9858
88.68314,1,1405.147,649.2474,1405.369,648.6166
88.70065,1,1404.592,651.2939,1404.98,649.9553
88.71169,1,1404.592,651.2939,1404.786,650.6246
88.72073,1,1404.592,651.2939,1404.689,650.9593
88.73351,1,1404.181,653.8972,1404.435,652.4282
88.74333,1,1404.181,653.8972,1404.308,653.1627
88.75248,1,1404.181,653.8972,1404.245,653.5299
88.76344,1,1403.357,656.2978,1403.801,654.9138
88.77439,1,1403.357,656.2978,1403.579,655.6058
88.78432,1,1403.357,656.2978,1403.468,655.9518
88.7989,1,1402.927,657.5131,1403.197,656.7324
88.80787,1,1402.927,657.5131,1403.062,657.1227
88.8183,1,1402.927,657.5131,1402.994,657.3179
88.83198,1,1402.151,658.9258,1402.573,658.1218
88.84085,1,1402.151,658.9258,1402.362,658.5238
88.85335,1,1401.113,659.574,1401.738,659.049
88.86633,1,1401.113,659.574,1401.426,659.3115
88.8774,1,1401.113,659.574,1401.27,659.4427
88.88805,1,1399.765,660.7666,1400.517,660.1047
88.89803,1,1399.765,660.7666,1400.141,660.4357
88.9101,1,1399.765,660.7666,1399.953,660.6011
88.91893,1,1398.936,661.6054,1399.445,661.1033
88.93097,1,1398.936,661.6054,1399.19,661.3544
88.93981,1,1398.936,661.6054,1399.063,661.4799
88.95159,1,1377.022,641.6396,1388.043,651.5598
88.96454,1,1377.022,641.6396,1382.532,646.5997
88.97436,1,1269.101,547.9678,1325.817,597.2838
88.98612,1,1269.101,547.9678,1297.459,572.6257
88.99766,1,1269.101,547.9678,1283.28,560.2968
89.00909,1,1160.41,458.7468,1221.845,509.5218
89.01884,1,1160.41,458.7468,1191.128,484.1343
89.03194,1,1160.41,458.7468,1175.769,471.4406
89.05345,1,1092.42,399.9313,1134.095,435.6859
89.06071,1,1092.42,399.9313,1113.258,417.8086
89.06954,1,1057.053,363.7278,1085.156,390.7682
89.07974,1,1057.053,363.7278,1071.104,377.248
89.09386,1,1039.548,346.8816,1055.326,362.0648
89.10237,1,1039.548,346.8816,1047.437,354.4731
89.11561,1,1039.548,346.8816,1043.493,350.6774
89.12414,1,1030.71,339.1464,1037.101,344.9119
89.13647,1,1030.71,339.1464,1033.905,342.0292
89.14867,1,1030.71,339.1464,1032.307,340.5878
89.15673,1,1024.92,334.8282,1028.614,337.708
89.16829,1,1024.92,334.8282,1026.767,336.2681
89.18134,1,1024.92,334.8282,1025.843,335.5482
89.1923,1,1022.103,331.2207,1023.973,333.3845
89.2025,1,1022.103,331.2207,1023.038,332.3026
89.21548,1,988.9571,351.0711,1005.998,341.6868
89.22339,1,988.9571,351.0711,997.4774,346.379
89.23868,1,988.9571,351.0711,993.2173,348.725
89.24953,1,890.6805,432.6626,941.9489,390.6938
89.25822,1,890.6805,432.6626,916.3147,411.6782
89.27071,1,890.6805,432.6626,903.4976,422.1704
89.2823,1,766.3912,540.4421,834.9444,481.3062
89.29633,1,766.3912,540.4421,800.6678,510.8741
89.30458,1,686.399,610.647,743.5334,560.7606
89.31712,1,686.399,610.647,714.9662,585.7039
89.32872,1,686.399,610.647,700.6826,598.1754
89.33707,1,644.6919,647.85,672.6873,623.0127
89.34883,1,644.6919,647.85,658.6896,635.4314
89.35845,1,644.6919,647.85,651.6907,641.6407
89.3705,1,622.4757,667.5464,637.0833,654.5936
89.38119,1,622.4757,667.5464,629.7795,661.0699
89.39184,1,622.4757,667.5464,626.1276,664.3082
89.40092,1,610.9427,676.6601,618.5352,670.4841
89.41341,1,610.9427,676.6601,614.739,673.5721
89.42369,1,610.9427,676.6601,612.8408,675.1161
89.43659,1,603.3755,681.9418,608.1082,678.5289
89.45857,1,597.8599,684.9489,602.984,681.7389
89.46411,1,597.8599,684.9489,600.4219,683.3439
89.47041,1,597.8599,684.9489,599.1409,684.1464
89.48163,1,597.8599,684.9489,598.5004,684.5476
89.49281,1,593.8928,687.8171,596.1966,686.1824
89.50303,1,593.8928,687.8171,595.0447,686.9998
89.51521,1,593.8928,687.8171,594.4688,687.4084
89.52448,1,593.3524,688.3104,593.9106,687.8594
89.53731,1,593.3524,688.3104,593.6315,688.085
89.54971,1,592.3754,689.0902,593.0034,688.5876
89.55758,1,592.3754,689.0902,592.6894,688.8389
89.57322,1,592.3754,689.0902,592.5323,688.9645
89.58032,1,597.0286,681.056,594.7805,685.0103
89.59194,1,597.0286,681.056,595.9045,683.0331
89.60168,1,597.0286,681.056,596.4666,682.0446
89.61446,1,641.0579,616.3015,618.7622,649.173
89.62281,1,641.0579,616.3015,629.91,632.7373
89.63564,1,641.0579,616.3015,635.484,624.5194
89.64849,1,759.0585,442.3783,697.2712,533.4489
89.66035,1,759.0585,442.3783,728.1649,487.9136
89.67588,1,846.5209,312.8343,787.3429,400.3739
89.68266,1,846.5209,312.8343,816.9319,356.6041
89.6911,1,846.5209,312.8343,831.7264,334.7192
89.70185,1,893.37,243.416,862.5482,289.0676
89.71588,1,893.37,243.416,877.9591,266.2418
89.72461,1,893.37,243.416,885.6646,254.8289
89.73697,1,912.8169,216.7831,899.2407,235.806
89.74769,1,912.8169,216.7831,906.0288,226.2946
89.75735,1,912.8169,216.7831,909.4229,221.5388
89.77018,1,921.8999,206.0952,915.6614,213.817
89.78809,1,926.8219,198.5105,921.2416,206.1638
89.7956,1,926.8219,198.5105,924.0317,202.3371
89.81902,1,969.4115,174.5625,946.7216,188.4498
89.82681,1,969.4115,174.5625,958.0665,181.5062
89.83221,1,969.4115,174.5625,963.739,178.0344
89.84427,1,969.4115,174.5625,966.5753,176.2984
89.85628,1,1069.434,130.8856,1018.005,153.592
89.86642,1,1069.434,130.8856,1043.719,142.2388
89.8775,1,1069.434,130.8856,1056.577,136.5622
89.88969,1,1144.337,101.4687,1100.457,119.0155
89.89966,1,1144.337,101.4687,1122.397,110.2421
89.91247,1,1185.08,84.50994,1153.738,97.37601
89.92142,1,1185.08,84.50994,1169.409,90.94298
89.93456,1,1185.08,84.50994,1177.245,87.72646
89.94714,1,1206.062,76.05227,1191.653,81.88936
89.95508,1,1206.062,76.05227,1198.858,78.97081
89.96841,1,1206.062,76.05227,1202.46,77.51154
89.98121,1,1217.944,70.86571,1210.202,74.18862
89.99198,1,1217.944,70.86571,1214.073,72.52716
90.00414,1,1234.464,67.47282,1224.268,69.99999
90.01559,1,1234.464,67.47282,1229.366,68.7364
90.02771,1,1234.464,67.47282,1231.915,68.10461
90.03667,1,1249.176,65.22491,1240.545,66.66476
90.05,1,1249.176,65.22491,1244.861,65.94484
90.06055,1,1256.418,62.50743,1250.639,64.22614
90.07102,1,1256.418,62.50743,1253.529,63.36678
90.0819,1,1256.418,62.50743,1254.973,62.93711
90.09479,1,1263.704,61.44952,1259.339,62.19331
90.10329,1,1263.704,61.44952,1261.521,61.82142
90.11629,1,1263.704,61.44952,1262.613,61.63547
90.12743,1,1271.382,63.76099,1266.997,62.69823
90.13646,1,1271.382,63.76099,1269.189,63.22961
90.15054,1,1298.372,141.4643,1283.781,102.347
90.16259,1,1298.372,141.4643,1291.076,121.9056
90.16982,1,1298.372,141.4643,1294.724,131.685
90.18152,1,1350.918,318.8554,1322.821,225.2702
90.19219,1,1350.918,318.8554,1336.87,272.0628
90.20239,1,1350.918,318.8554,1343.894,295.4591
90.215,1,1391.484,447.7106,1367.689,371.5848
90.22637,1,1391.484,447.7106,1379.587,409.6477
90.23473,1,1391.484,447.7106,1385.535,428.6791
90.24911,1,1410.841,511.9083,1398.188,470.2937
90.25761,1,1410.841,511.9083,1404.515,491.101
90.27042,1,1410.841,511.9083,1407.678,501.5047
90.27995,1,1417.756,540.2226,1412.717,520.8636
90.29098,1,1417.756,540.2226,1415.236,530.5431
90.30482,1,1423.582,555.0887,1419.409,542.8159
90.31886,1,1423.582,555.0887,1421.495,548.9523
90.32622,1,1423.582,555.0887,1422.538,552.0205
90.33366,1,1426.295,560.1343,1424.417,556.0774
90.34615,1,1426.295,560.1343,1425.356,558.1058
90.35477,1,1426.295,560.1343,1425.826,559.1201
90.36719,1,1428.943,564.4773,1427.384,561.7987
90.37891,1,1428.943,564.4773,1428.164,563.138
90.38934,1,1428.943,564.4773,1428.553,563.8076
90.40157,1,1456.207,589.0736,1442.38,576.4406
90.41602,1,1456.207,589.0736,1449.293,582.7571
90.42127,1,1456.207,589.0736,1452.75,585.9153
90.43535,1,1481.226,612.244,1466.988,599.0797
90.44417,1,1481.226,612.244,1474.107,605.6619
90.45536,1,1496.109,626.87,1485.108,616.2659
90.46651,1,1496.109,626.87,1490.608,621.568
90.47739,1,1496.109,626.87,1493.358,624.219
90.48766,1,1504.459,637.5179,1498.909,630.8685
90.4986,1,1504.459,637.5179,1501.684,634.1932
90.51156,1,1504.459,637.5179,1503.071,635.8556
90.52039,1,1509.664,643.4618,1506.368,639.6587
90.5331,1,1509.664,643.4618,1508.016,641.5602
90.54372,1,1513.463,647.4238,1510.739,644.492
90.5544,1,1513.463,647.4238,1512.101,645.9579
90.56801,1,1513.463,647.4238,1512.782,646.6908
90.57722,1,1520.068,651.0533,1516.425,648.8721
90.58781,1,1520.068,651.0533,1518.247,649.9627
90.59998,1,1520.068,651.0533,1519.157,650.5081
90.61141,1,1527.493,656.1737,1523.325,653.3409
90.61984,1,1527.493,656.1737,1525.409,654.7573
90.63313,1,1527.493,656.1737,1526.451,655.4655
90.64362,1,1531.383,658.9736,1528.917,657.2195
90.6542,1,1531.383,658.9736,1530.15,658.0966
90.66351,1,1531.383,658.9736,1530.767,658.535
90.67521,1,1533.19,661.2036,1531.978,659.8693
90.6862,1,1533.19,661.2036,1532.584,660.5365
90.69682,1,1534.242,662.5328,1533.413,661.5347
90.70798,1,1534.242,662.5328,1533.827,662.0337
90.71769,1,1534.242,662.5328,1534.035,662.2832
90.73057,1,1534.749,663.9749,1534.392,663.129
90.74212,1,1534.749,663.9749,1534.57,663.552
90.75308,1,1534.749,663.9749,1534.66,663.7634
90.76273,1,1535.039,664.5267,1534.849,664.1451
90.77367,1,1535.039,664.5267,1534.944,664.3359
90.78731,1,1534.133,664.27,1534.539,664.303
90.79543,1,1534.133,664.27,1534.336,664.2865
90.80731,1,1534.133,664.27,1534.235,664.2782
90.81712,1,1532.759,665.0504,1533.497,664.6643
90.8299,1,1532.759,665.0504,1533.128,664.8573
90.84083,1,1532.759,665.0504,1532.943,664.9539
90.85246,1,1531.718,666.3036,1532.331,665.6287
90.8624,1,1531.718,666.3036,1532.024,665.9662
90.87402,1,1531.718,666.3036,1531.871,666.1349
90.88326,1,1531.01,667.4492,1531.441,666.792
90.89571,1,1531.01,667.4492,1531.225,667.1206
90.90417,1,1531.01,667.4492,1531.118,667.2849
90.91571,1,1529.829,668.2693,1530.473,667.7771
90.92462,1,1529.829,668.2693,1530.151,668.0232
90.93692,1,1529.081,668.6352,1529.616,668.3292
90.94872,1,1529.081,668.6352,1529.348,668.4822
90.95895,1,1529.081,668.6352,1529.215,668.5587
90.96912,1,1527.897,669.1671,1528.556,668.8629
90.98004,1,1527.897,669.1671,1528.227,669.015
90.99091,1,1527.897,669.1671,1528.062,669.0911
91.00201,1,1527.075,669.1426,1527.569,669.1168
91.01568,1,1527.075,669.1426,1527.322,669.1298
91.02431,1,1527.075,669.1426,1527.198,669.1362
91.03735,1,1525.908,669.6936,1526.553,669.4149
91.04914,1,1525.908,669.6936,1526.231,669.5543
91.05907,1,1524.906,670.1368,1525.569,669.8456
91.07115,1,1524.906,670.1368,1525.238,669.9912
91.08176,1,1524.906,670.1368,1525.072,670.064
91.09573,1,1523.724,670.2139,1524.398,670.139
91.10439,1,1523.724,670.2139,1524.061,670.1765
91.11781,1,1522.917,669.9229,1523.489,670.0497
91.12916,1,1522.917,669.9229,1523.203,669.9863
91.13854,1,1522.917,669.9229,1523.06,669.9546
91.15144,1,1522.177,669.4513,1522.619,669.7029
91.16143,1,1522.177,669.4513,1522.398,669.5771
91.17219,1,1522.177,669.4513,1522.288,669.5142
91.18269,1,1521.924,669.0143,1522.106,669.2643
91.19453,1,1521.924,669.0143,1522.015,669.1393
91.20622,1,1521.924,669.0143,1521.969,669.0768
91.2168,1,1521.176,668.5381,1521.573,668.8075
91.2304,1,1521.176,668.5381,1521.374,668.6729
91.23929,1,1519.791,667.5634,1520.583,668.1182
91.26205,1,1519.791,667.5634,1520.187,667.8408
91.26873,1,1518.004,667.0107,1519.095,667.4258
91.27589,1,1518.004,667.0107,1518.55,667.2183
91.28764,1,1518.004,667.0107,1518.277,667.1145
91.29696,1,1518.004,667.0107,1518.14,667.0626
91.30858,1,1516.046,665.7064,1517.093,666.3845
91.31852,1,1516.046,665.7064,1516.57,666.0454
91.33167,1,1513.788,664.4249,1515.179,665.2352
91.34121,1,1513.788,664.4249,1514.484,664.8301
91.35255,1,1513.788,664.4249,1514.136,664.6275
91.36298,1,1511.253,662.2287,1512.695,663.4281
91.37585,1,1511.253,662.2287,1511.974,662.8284
91.38612,1,1511.253,662.2287,1511.614,662.5286
91.39598,1,1504.149,653.855,1507.881,658.1918
91.40977,1,1504.149,653.855,1506.015,656.0234
91.41699,1,1504.149,653.855,1505.082,654.9392
91.42928,1,1496.755,643.5854,1500.919,649.2623
91.43831,1,1496.755,643.5854,1498.837,646.4239
91.45184,1,1489.249,633.3656,1494.043,639.8948
91.46275,1,1489.249,633.3656,1491.646,636.6302
91.47288,1,1489.249,633.3656,1490.448,634.9979
91.48334,1,1482.155,625.8876,1486.301,630.4427
91.4976,1,1482.155,625.8876,1484.228,628.1652
91.50409,1,1482.155,625.8876,1483.191,627.0264
91.51674,1,1476.489,619.2302,1479.84,623.1283
91.52659,1,1476.489,619.2302,1478.165,621.1792
91.53626,1,1476.489,619.2302,1477.327,620.2047
91.54888,1,1471.568,613.8447,1474.447,617.0247
91.55788,1,1471.568,613.8447,1473.008,615.4347
91.56962,1,1471.568,613.8447,1472.288,614.6397
91.58013,1,1467.598,610.4072,1469.943,612.5234
91.5937,1,1467.598,610.4072,1468.77,611.4653
91.60209,1,1464.882,607.6269,1466.826,609.5461
91.61496,1,1464.882,607.6269,1465.854,608.5865
91.62477,1,1464.882,607.6269,1465.368,608.1067
91.63676,1,1463.194,605.0792,1464.281,606.5929
91.64831,1,1463.194,605.0792,1463.738,605.8361
91.65693,1,1463.194,605.0792,1463.466,605.4576
91.67065,1,1462.07,603.2143,1462.768,604.3359
91.68007,1,1462.07,603.2143,1462.419,603.7751
91.69099,1,1461.7,601.4077,1462.06,602.5914
91.70036,1,1461.7,601.4077,1461.88,601.9996
91.71363,1,1461.7,601.4077,1461.79,601.7036
91.7221,1,1461.134,601.0071,1461.462,601.3553
91.73468,1,1461.134,601.0071,1461.298,601.1813
91.74595,1,1461.134,601.0071,1461.216,601.0942
91.75533,1,1460.108,601.0934,1460.662,601.0939
91.76785,1,1460.108,601.0934,1460.385,601.0936
91.77911,1,1460.108,601.0934,1460.247,601.0935
91.79082,1,1459.126,601.1833,1459.686,601.1384
91.80119,1,1459.126,601.1833,1459.406,601.1609
91.81635,1,1458.193,601.6295,1458.8,601.3951
91.82381,1,1458.193,601.6295,1458.497,601.5123
91.83654,1,1458.193,601.6295,1458.345,601.5709
91.85097,1,1458.834,602.8145,1458.589,602.1927
91.86032,1,1458.834,602.8145,1458.712,602.5035
91.87103,1,1458.834,602.8145,1458.773,602.659
91.88196,1,1459.628,603.7098,1459.2,603.1844
91.89333,1,1459.628,603.7098,1459.414,603.4471
91.90289,1,1460.174,604.5588,1459.794,604.003
91.91647,1,1460.174,604.5588,1459.984,604.2809
91.92647,1,1460.174,604.5588,1460.079,604.4199
91.93665,1,1460.818,605.5791,1460.449,604.9995
91.94868,1,1460.818,605.5791,1460.633,605.2893
91.95797,1,1460.818,605.5791,1460.726,605.4342
91.97247,1,1461.446,606.7329,1461.086,606.0836
91.98166,1,1461.446,606.7329,1461.266,606.4082
91.99806,1,1462.119,608.2697,1461.692,607.3389
92.00903,1,1462.119,608.2697,1461.905,607.8043
92.01936,1,1462.119,608.2697,1462.012,608.037
92.0322,1,1462.938,609.8231,1462.475,608.9301
92.04128,1,1462.938,609.8231,1462.707,609.3766
92.05421,1,1464.611,611.598,1463.659,610.4873
92.06451,1,1464.611,611.598,1464.135,611.0427
92.07687,1,1464.611,611.598,1464.373,611.3203
92.0867,1,1466.245,613.8503,1465.309,612.5853
92.09748,1,1466.245,613.8503,1465.777,613.2178
92.11008,1,1466.245,613.8503,1466.011,613.5341
92.11948,1,1468.134,616.4747,1467.073,615.0044
92.1345,1,1468.134,616.4747,1467.603,615.7395
92.14341,1,1468.134,616.4747,1467.869,616.1071
92.15728,1,1469.48,618.3372,1468.675,617.2221
92.16808,1,1469.48,618.3372,1469.078,617.7797
92.17857,1,1471.017,618.9039,1470.047,618.3418
92.18935,1,1471.017,618.9039,1470.532,618.6229
92.20027,1,1471.017,618.9039,1470.775,618.7634
92.21261,1,1471.806,619.6124,1471.29,619.1879
92.22105,1,1471.806,619.6124,1471.548,619.4001
92.23363,1,1471.806,619.6124,1471.677,619.5062
92.24211,1,1472.567,620.7563,1472.122,620.1312
92.25393,1,1472.567,620.7563,1472.344,620.4437
92.2643,1,1472.567,620.7563,1472.456,620.6
92.27765,1,1473.519,621.3802,1472.987,620.9901
92.28823,1,1473.519,621.3802,1473.253,621.1852
92.29842,1,1472.883,621.6093,1473.068,621.3972
92.31045,1,1472.883,621.6093,1472.976,621.5033
92.31995,1,1472.883,621.6093,1472.929,621.5563
92.33133,1,1472.336,620.8594,1472.633,621.2079
92.34068,1,1472.336,620.8594,1472.484,621.0337
92.35201,1,1472.336,620.8594,1472.41,620.9465
92.36082,1,1471.992,619.8386,1472.201,620.3926
92.3736,1,1471.992,619.8386,1472.097,620.1156
92.38339,1,1471.992,619.8386,1472.044,619.9771
92.39469,1,1471.494,618.774,1471.769,619.3755
92.40481,1,1471.494,618.774,1471.632,619.0748
92.41802,1,1470.877,617.4841,1471.254,618.2795
92.43155,1,1470.877,617.4841,1471.066,617.8818
92.43955,1,1470.877,617.4841,1470.971,617.683
92.45151,1,1470.676,616.111,1470.824,616.897
92.46124,1,1470.676,616.111,1470.75,616.504
92.47215,1,1470.676,616.111,1470.713,616.3075
92.48186,1,1470.119,614.5991,1470.416,615.4532
92.49525,1,1470.119,614.5991,1470.267,615.0261
92.50456,1,1470.119,614.5991,1470.193,614.8126
92.51692,1,1469.762,613.3356,1469.977,614.0741
92.52662,1,1469.762,613.3356,1469.869,613.7048
92.53722,1,1468.922,611.3458,1469.396,612.5253
92.54962,1,1468.922,611.3458,1469.159,611.9355
92.55882,1,1468.922,611.3458,1469.041,611.6407
92.57001,1,1467.46,609.6558,1468.25,610.6483
92.58067,1,1467.46,609.6558,1467.855,610.152
92.59161,1,1467.46,609.6558,1467.657,609.9039
92.60188,1,1466.041,608.2784,1466.849,609.0912
92.61296,1,1466.041,608.2784,1466.445,608.6848
92.62263,1,1466.041,608.2784,1466.243,608.4816
92.63435,1,1464.82,606.6513,1465.531,607.5665
92.64499,1,1464.82,606.6513,1465.176,607.1089
92.65656,1,1464.82,606.6513,1464.998,606.8801
92.66814,1,1463.246,604.9607,1464.122,605.9204
92.67698,1,1463.246,604.9607,1463.684,605.4406
92.68933,1,1461.672,604.2111,1462.678,604.8258
92.70048,1,1461.672,604.2111,1462.175,604.5184
92.7098,1,1461.672,604.2111,1461.923,604.3647
92.72351,1,1459.686,603.8173,1460.805,604.091
92.7342,1,1459.686,603.8173,1460.246,603.9541
92.74373,1,1459.686,603.8173,1459.966,603.8857
92.75667,1,1457.504,603.665,1458.735,603.7753
92.76749,1,1457.504,603.665,1458.119,603.7202
92.77723,1,1457.504,603.665,1457.812,603.6926
92.78831,1,1455.07,605.7605,1456.441,604.7266
92.80087,1,1455.07,605.7605,1455.756,605.2435
92.81261,1,1452.553,608.6317,1454.154,606.9376
92.82204,1,1452.553,608.6317,1453.354,607.7847
92.83389,1,1452.553,608.6317,1452.953,608.2082
92.84308,1,1449.68,611.541,1451.316,609.8746
92.85628,1,1449.68,611.541,1450.498,610.7078
92.86737,1,1449.68,611.541,1450.089,611.1244
92.87731,1,1446.398,615.6484,1448.243,613.3864
92.88892,1,1446.398,615.6484,1447.321,614.5173
92.89989,1,1442.957,619.955,1445.139,617.2361
92.91251,1,1442.957,619.955,1444.048,618.5956
92.92189,1,1442.957,619.955,1443.502,619.2753
92.93472,1,1438.58,624.2783,1441.041,621.7767
92.94483,1,1438.58,624.2783,1439.811,623.0275
92.95534,1,1438.58,624.2783,1439.196,623.6528
92.96693,1,1434.932,627.7471,1437.064,625.7
92.97625,1,1434.932,627.7471,1435.998,626.7235
92.98801,1,1434.932,627.7471,1435.465,627.2354
92.9981,1,1431.194,631.9026,1433.33,629.569
93.00959,1,1431.194,631.9026,1432.262,630.7358
93.02798,1,1426.585,634.463,1429.424,632.5994
93.03375,1,1426.585,634.463,1428.005,633.5311
93.04634,1,1426.585,634.463,1427.295,633.9971
93.05402,1,1423.282,636.1176,1425.288,635.0573
93.06606,1,1423.282,636.1176,1424.285,635.5874
93.07523,1,1423.282,636.1176,1423.783,635.8525
93.08686,1,1420.555,639.2053,1422.169,637.5289
93.09741,1,1420.555,639.2053,1421.362,638.3671
93.10637,1,1420.555,639.2053,1420.959,638.7861
93.11689,1,1419.224,641.1879,1420.092,639.9871
93.12932,1,1419.224,641.1879,1419.658,640.5875
93.13809,1,1419.224,641.1879,1419.441,640.8877
93.1517,1,1417.74,642.5339,1418.591,641.7108
93.1621,1,1417.74,642.5339,1418.166,642.1224
93.17377,1,1415.72,644.2783,1416.943,643.2003
93.18624,1,1415.72,644.2783,1416.332,643.7393
93.1983,1,1415.72,644.2783,1416.026,644.0088
93.20825,1,1413.474,646.2493,1414.75,645.129
93.2177,1,1413.474,646.2493,1414.112,645.6892
93.23018,1,1413.474,646.2493,1413.793,645.9692
93.2394,1,1411.955,649.6666,1412.874,647.8179
93.25166,1,1411.955,649.6666,1412.415,648.7423
93.26025,1,1411.955,649.6666,1412.185,649.2045
93.271,1,1410.874,651.7064,1411.53,650.4554
93.28204,1,1410.874,651.7064,1411.202,651.0809
93.29653,1,1408.49,653.8719,1409.846,652.4764
93.30708,1,1408.49,653.8719,1409.168,653.1742
93.31655,1,1408.49,653.8719,1408.829,653.5231
93.32883,1,1406.787,656.2377,1407.808,654.8804
93.33934,1,1406.787,656.2377,1407.297,655.5591
93.35158,1,1406.787,656.2377,1407.042,655.8984
93.3613,1,1405.215,658.8755,1406.128,657.387
93.37399,1,1405.215,658.8755,1405.672,658.1312
93.38367,1,1403.564,661.6492,1404.618,659.8903
93.39603,1,1403.564,661.6492,1404.091,660.7698
93.40456,1,1403.564,661.6492,1403.827,661.2095
93.41727,1,1402.446,663.3002,1403.137,662.2549
93.43,1,1402.446,663.3002,1402.792,662.7776
93.43895,1,1402.446,663.3002,1402.619,663.0389
93.45243,1,1400.667,665.6584,1401.643,664.3487
93.46303,1,1400.667,665.6584,1401.155,665.0035
93.47359,1,1398.378,668.3668,1399.767,666.6852
93.48359,1,1398.378,668.3668,1399.073,667.526
93.49545,1,1398.378,668.3668,1398.725,667.9464
93.50425,1,1392.392,668.314,1395.559,668.1302
93.51691,1,1392.392,668.314,1393.975,668.222
93.52994,1,1392.392,668.314,1393.184,668.268
93.53881,1,1390.257,667.5082,1391.72,667.8881
93.55054,1,1390.257,667.5082,1390.989,667.6982
93.56102,1,1390.257,667.5082,1390.623,667.6032
93.57339,1,1390.638,667.4335,1390.631,667.5183
93.58313,1,1390.638,667.4335,1390.635,667.4759
93.59589,1,1391.082,666.9888,1390.858,667.2323
93.60644,1,1391.082,666.9888,1390.97,667.1105
93.61686,1,1391.082,666.9888,1391.026,667.0497
93.62988,1,1391.24,666.82,1391.133,666.9348
93.63817,1,1391.24,666.82,1391.187,666.8774
93.65153,1,1391.24,666.82,1391.213,666.8488
93.66177,1,1391.23,667.1423,1391.222,666.9955
93.67218,1,1391.23,667.1423,1391.226,667.0688
93.68414,1,1391.23,667.1423,1391.228,667.1056
93.697,1,1390.881,667.7646,1391.054,667.4351
93.70699,1,1390.881,667.7646,1390.968,667.5999
93.7193,1,1390.369,668.3937,1390.668,667.9968
93.73067,1,1390.369,668.3937,1390.519,668.1953
93.73985,1,1390.369,668.3937,1390.444,668.2946
93.75266,1,1389.665,669.0559,1390.054,668.6752
93.76326,1,1389.665,669.0559,1389.859,668.8656
93.77324,1,1389.665,669.0559,1389.762,668.9608
93.78423,1,1389.043,669.9863,1389.403,669.4735
93.79671,1,1389.043,669.9863,1389.223,669.7299
93.80887,1,1388.169,670.5575,1388.696,670.1437
93.81979,1,1388.169,670.5575,1388.432,670.3506
93.83391,1,1388.169,670.5575,1388.301,670.454
93.84751,1,1362.392,673.8267,1375.346,672.1404
93.8576,1,1362.392,673.8267,1368.869,672.9835
93.86922,1,1197.254,698.4093,1283.062,685.6964
93.87691,1,1197.254,698.4093,1240.158,692.0529
93.88718,1,1197.254,698.4093,1218.706,695.2311
93.89799,1,874.2516,750.3288,1046.479,722.7799
93.90952,1,874.2516,750.3288,960.3652,736.5543
93.9209,1,874.2516,750.3288,917.3085,743.4415
93.93329,1,644.3892,784.4274,780.8488,763.9344
93.94337,1,644.3892,784.4274,712.619,774.1809
93.95496,1,543.5361,801.2769,628.0776,787.7289
93.96436,1,543.5361,801.2769,585.8069,794.5029
93.97634,1,543.5361,801.2769,564.6715,797.8899
93.98638,1,492.7475,811.2928,528.7095,804.5913
93.99632,1,492.7475,811.2928,510.7285,807.942
94.00732,1,492.7475,811.2928,501.738,809.6174
94.01781,1,472.145,814.4297,486.9415,812.0236
94.02868,1,472.145,814.4297,479.5433,813.2267
94.03839,1,472.145,814.4297,475.8441,813.8282
94.05069,1,465.7553,814.1854,470.7997,814.0068
94.06042,1,465.7553,814.1854,468.2775,814.0961
94.07059,1,465.7553,814.1854,467.0164,814.1407
94.08053,1,459.3303,814.4567,463.1733,814.2987
94.09177,1,459.3303,814.4567,461.2518,814.3777
94.10279,1,459.3303,814.4567,460.2911,814.4172
94.1129,1,455.2188,814.3051,457.7549,814.3611
94.12189,1,455.2188,814.3051,456.4868,814.3331
94.13494,1,455.2188,814.3051,455.8528,814.3191
94.14653,1,455.0745,813.5529,455.4636,813.936
94.15498,1,455.0745,813.5529,455.269,813.7444
94.16824,1,456.61,812.0553,455.9395,812.8998
94.17903,1,456.61,812.0553,456.2748,812.4775
94.18991,1,456.61,812.0553,456.4424,812.2664
94.2007,1,455.9141,811.2028,456.1783,811.7346
94.21247,1,455.9141,811.2028,456.0462,811.4688
94.22129,1,455.9141,811.2028,455.9802,811.3358
94.23461,1,455.3065,811.6424,455.6433,811.4891
94.2446,1,455.3065,811.6424,455.4749,811.5658
94.25602,1,455.3065,811.6424,455.3907,811.6041
94.26694,1,463.8809,789.9993,459.6358,800.8017
94.27873,1,463.8809,789.9993,461.7583,795.4005
94.28761,1,463.8809,789.9993,462.8196,792.6999
94.29807,1,499.1226,726.9598,480.9711,759.8298
94.30852,1,499.1226,726.9598,490.0468,743.3948
94.31892,1,538.5514,654.0701,514.2991,698.7324
94.33334,1,538.5514,654.0701,526.4252,676.4012
94.34153,1,538.5514,654.0701,532.4883,665.2357
94.35406,1,565.9027,601.7137,549.1955,633.4747
94.36444,1,565.9027,601.7137,557.5491,617.5942
94.37548,1,565.9027,601.7137,561.7259,609.654
94.38744,1,582.8578,572.1365,572.2919,590.8953
94.39745,1,582.8578,572.1365,577.5748,581.5159
94.40932,1,593.3809,555.0708,585.4778,568.2933
94.42012,1,593.3809,555.0708,589.4293,561.6821
94.43353,1,593.3809,555.0708,591.4051,558.3765
94.44276,1,662.3299,473.3553,626.8675,515.8659
94.45432,1,662.3299,473.3553,644.5987,494.6106
94.46466,1,662.3299,473.3553,653.4643,483.983
94.4763,1,792.8345,341.7413,723.1494,412.8621
94.48694,1,792.8345,341.7413,757.9919,377.3017
94.49915,1,792.8345,341.7413,775.4132,359.5215
94.5136,1,877.4658,262.1953,826.4395,310.8584
94.52254,1,877.4658,262.1953,851.9526,286.5269
94.53313,1,877.4658,262.1953,864.7092,274.3611
94.54223,1,916.1288,231.8604,890.4191,253.1107
94.55512,1,916.1288,231.8604,903.2739,242.4856
94.56821,1,934.4145,214.6282,918.8442,228.5569
94.57813,1,934.4145,214.6282,926.6294,221.5925
94.5897,1,934.4145,214.6282,930.522,218.1104
94.59824,1,947.2574,197.1603,938.8897,207.6353
94.60943,1,947.2574,197.1603,943.0736,202.3978
94.61964,1,947.2574,197.1603,945.1655,199.779
94.63215,1,957.6631,191.1628,951.4143,195.4709
94.64146,1,957.6631,191.1628,954.5387,193.3168
94.65296,1,963.2986,197.1317,958.9187,195.2243
94.66344,1,963.2986,197.1317,961.1086,196.178
94.67459,1,963.2986,197.1317,962.2036,196.6549
94.68475,1,963.2819,197.8643,962.7428,197.2596
94.6975,1,963.2819,197.8643,963.0123,197.5619
94.70693,1,963.2819,197.8643,963.1471,197.7131
94.71758,1,964.7813,197.84,963.9642,197.7765
94.73154,1,964.7813,197.84,964.3727,197.8083
94.74063,1,964.7813,197.84,964.577,197.8241
94.75225,1,965.1711,196.6792,964.874,197.2517
94.7622,1,965.1711,196.6792,965.0226,196.9655
94.77342,1,965.3093,196.8993,965.1659,196.9324
94.78359,1,965.3093,196.8993,965.2375,196.9158
94.79619,1,965.3093,196.8993,965.2734,196.9075
94.80673,1,965.7834,196.8052,965.5284,196.8564
94.81593,1,965.7834,196.8052,965.6559,196.8307
94.83089,1,965.7834,196.8052,965.7196,196.818
94.83783,1,964.8419,195.5457,965.2808,196.1818
94.85048,1,964.8419,195.5457,965.0613,195.8638
94.86304,1,963.6294,194.5031,964.3453,195.1834
94.87644,1,963.6294,194.5031,963.9874,194.8433
94.88245,1,963.6294,194.5031,963.8083,194.6732
94.8973,1,963.8036,194.1716,963.806,194.4224
94.90442,1,963.8036,194.1716,963.8048,194.297
94.91753,1,963.8036,194.1716,963.8042,194.2343
94.92955,1,964.7922,194.1572,964.2982,194.1957
94.94172,1,964.7922,194.1572,964.5452,194.1765
94.9552,1,964.7319,194.509,964.6385,194.3427
94.96147,1,964.7319,194.509,964.6852,194.4259
94.97137,1,964.7319,194.509,964.7086,194.4675
94.98204,1,964.7319,194.509,964.7203,194.4883
94.99454,1,964.9538,194.7572,964.837,194.6227
95.00735,1,964.9538,194.7572,964.8954,194.69
95.01918,1,965.3562,195.3574,965.1258,195.0237
95.03077,1,965.3562,195.3574,965.241,195.1905
95.04075,1,965.3562,195.3574,965.2986,195.274
95.05141,1,965.3154,195.4502,965.307,195.3621
95.06219,1,965.3154,195.4502,965.3112,195.4062
95.07339,1,965.3154,195.4502,965.3134,195.4282
95.08356,1,965.1072,195.9499,965.2103,195.689
95.09678,1,965.1072,195.9499,965.1587,195.8194
95.10709,1,965.0192,196.0878,965.0889,195.9536
95.11727,1,965.0192,196.0878,965.0541,196.0207
95.12965,1,965.0192,196.0878,965.0366,196.0543
95.13825,1,965.1055,196.3462,965.071,196.2003
95.1515,1,965.1055,196.3462,965.0883,196.2732
95.16254,1,965.1055,196.3462,965.0969,196.3097
95.17154,1,965.9093,197.4769,965.5031,196.8933
95.18153,1,965.9093,197.4769,965.7062,197.1852
95.19263,1,965.9093,197.4769,965.8077,197.3311
95.20367,1,1000.537,280.0621,983.1722,238.6966
95.21555,1,1000.537,280.0621,991.8545,259.3794
95.22337,1,1000.537,280.0621,996.1957,269.7208
95.23567,1,1082.998,488.4521,1039.597,379.0864
95.24809,1,1082.998,488.4521,1061.297,433.7693
95.25763,1,1135.391,633.352,1098.344,533.5606
95.27041,1,1135.391,633.352,1116.868,583.4563
95.28068,1,1135.391,633.352,1126.13,608.4042
95.29199,1,1156.758,698.2723,1141.444,653.3383
95.30209,1,1156.758,698.2723,1149.101,675.8053
95.31591,1,1168.574,731.3467,1158.838,703.576
95.32459,1,1168.574,731.3467,1163.706,717.4613
95.33755,1,1168.574,731.3467,1166.14,724.404
95.34971,1,1176.396,751.1829,1171.268,737.7935
95.35926,1,1176.396,751.1829,1173.832,744.4882
95.37078,1,1176.396,751.1829,1175.114,747.8355
95.38262,1,1181.455,758.7668,1178.285,753.3011
95.39526,1,1181.455,758.7668,1179.87,756.0339
95.40383,1,1181.455,758.7668,1180.663,757.4004
95.41554,1,1183.764,767.5021,1182.213,762.4513
95.4276,1,1183.764,767.5021,1182.989,764.9767
95.4378,1,1229.381,770.5643,1206.185,767.7705
95.44805,1,1229.381,770.5643,1217.783,769.1674
95.4594,1,1229.381,770.5643,1223.582,769.8658
95.4714,1,1298.356,779.4132,1260.969,774.6395
95.48152,1,1298.356,779.4132,1279.662,777.0264
95.49474,1,1298.356,779.4132,1289.009,778.2198
95.50356,1,1348.555,788.0163,1318.782,783.118
95.51534,1,1348.555,788.0163,1333.669,785.5671
95.5269,1,1348.555,788.0163,1341.112,786.7917
95.53674,1,1380.481,792.559,1360.796,789.6754
95.5489,1,1380.481,792.559,1370.639,791.1172
95.55787,1,1400.578,796.7744,1385.608,793.9458
95.57087,1,1400.578,796.7744,1393.093,795.3601
95.58057,1,1400.578,796.7744,1396.835,796.0673
95.59137,1,1412.753,799.0694,1404.794,797.5684
95.5993,1,1412.753,799.0694,1408.773,798.3188
95.61345,1,1412.753,799.0694,1410.763,798.6941
95.62045,1,1431.427,799.4751,1421.095,799.0846
95.63448,1,1431.427,799.4751,1426.261,799.2798
95.6415,1,1431.427,799.4751,1428.844,799.3774
95.65365,1,1454.406,799.7756,1441.625,799.5765
95.66438,1,1454.406,799.7756,1448.015,799.676
95.67645,1,1454.406,799.7756,1451.21,799.7258
95.68678,1,1470.282,798.6267,1460.746,799.1763
95.69716,1,1470.282,798.6267,1465.514,798.9015
95.7102,1,1481.578,798.8336,1473.546,798.8676
95.72012,1,1481.578,798.8336,1477.562,798.8506
95.73189,1,1481.578,798.8336,1479.57,798.842
95.7423,1,1489.951,799.5783,1484.761,799.2102
95.7542,1,1489.951,799.5783,1487.356,799.3943
95.76458,1,1489.951,799.5783,1488.654,799.4863
95.77605,1,1497.09,800.2621,1492.872,799.8742
95.78618,1,1497.09,800.2621,1494.981,800.0681
95.79583,1,1497.09,800.2621,1496.035,800.1651
95.80742,1,1503.004,799.8008,1499.52,799.9829
95.81888,1,1503.004,799.8008,1501.262,799.8918
95.83252,1,1507.066,800.2446,1504.164,800.0682
95.841,1,1507.066,800.2446,1505.615,800.1564
95.85294,1,1507.066,800.2446,1506.34,800.2006
95.86275,1,1510.921,799.9243,1508.631,800.0624
95.87382,1,1510.921,799.9243,1509.776,799.9933
95.88431,1,1510.921,799.9243,1510.349,799.9587
95.89638,1,1515.078,799.0852,1512.714,799.522
95.90605,1,1515.078,799.0852,1513.896,799.3036
95.91579,1,1515.078,799.0852,1514.487,799.1944
95.92771,1,1518.165,797.8715,1516.326,798.533
95.93713,1,1518.165,797.8715,1517.246,798.2023
95.94868,1,1512.971,796.4594,1515.108,797.3308
95.95802,1,1512.971,796.4594,1514.04,796.8951
95.97096,1,1512.971,796.4594,1513.505,796.6772
95.98154,1,1458.542,792.8041,1486.024,794.7407
95.99176,1,1458.542,792.8041,1472.283,793.7723
96.00042,1,1458.542,792.8041,1465.413,793.2882
96.01202,1,1169.79,772.4059,1317.601,782.847
96.02171,1,1169.79,772.4059,1243.696,777.6265
96.03351,1,1169.79,772.4059,1206.743,775.0162
96.04223,1,825.7381,741.9116,1016.24,758.4639
96.05429,1,825.7381,741.9116,920.9893,750.1877
96.06429,1,825.7381,741.9116,873.3636,746.0497
96.07523,1,645.2725,724.0946,759.3181,735.0721
96.08678,1,645.2725,724.0946,702.2953,729.5834
96.0981,1,645.2725,724.0946,673.7839,726.839
96.10934,1,566.9832,720.5956,620.3835,723.7173
96.12086,1,566.9832,720.5956,593.6833,722.1564
96.13477,1,534.09,716.8959,563.8867,719.5262
96.1465,1,534.09,716.8959,548.9883,718.2111
96.15587,1,534.09,716.8959,541.5391,717.5535
96.16855,1,518.3777,716.8574,529.9584,717.2054
96.17936,1,518.3777,716.8574,524.1681,717.0314
96.19047,1,518.3777,716.8574,521.2729,716.9445
96.19985,1,510.3393,718.4462,515.8061,717.6953
96.2136,1,510.3393,718.4462,513.0727,718.0707
96.22077,1,510.3393,718.4462,511.706,718.2584
96.23309,1,592.7232,722.4861,552.2146,720.3723
96.24111,1,592.7232,722.4861,572.4689,721.4292
96.25509,1,701.4375,723.3531,636.9532,722.3912
96.26634,1,701.4375,723.3531,669.1953,722.8722
96.2752,1,701.4375,723.3531,685.3164,723.1127
96.28872,1,1043.783,723.2625,864.5498,723.1876
96.298,1,1043.783,723.2625,954.1665,723.225
96.3089,1,1043.783,723.2625,998.9749,723.2437
96.31996,1,1310.068,721.9469,1154.521,722.5953
96.33176,1,1310.068,721.9469,1232.294,722.2711
96.34151,1,1310.068,721.9469,1271.181,722.109
96.3538,1,1447.305,723.2995,1359.243,722.7042
96.36648,1,1447.305,723.2995,1403.274,723.0018
96.37627,1,1508.645,727.2623,1455.959,725.1321
96.38786,1,1508.645,727.2623,1482.302,726.1972
96.39795,1,1508.645,727.2623,1495.473,726.7297
96.40913,1,1537.809,725.1602,1516.641,725.9449
96.41965,1,1537.809,725.1602,1527.225,725.5526
96.43285,1,1537.809,725.1602,1532.517,725.3563
96.44238,1,1549.495,722.2209,1541.006,723.7886
96.45368,1,1549.495,722.2209,1545.25,723.0048
96.46432,1,1560.509,723.5655,1552.88,723.2852
96.47663,1,1560.509,723.5655,1556.694,723.4253
96.48682,1,1560.509,723.5655,1558.601,723.4954
96.49686,1,1569.977,724.6535,1564.289,724.0745
96.50858,1,1569.977,724.6535,1567.133,724.364
96.52002,1,1569.977,724.6535,1568.555,724.5088
96.53253,1,1576.123,726.0724,1572.339,725.2906
96.54165,1,1576.123,726.0724,1574.231,725.6815
96.55425,1,1579.673,727.3413,1576.952,726.5114
96.56371,1,1579.673,727.3413,1578.313,726.9264
96.57545,1,1579.673,727.3413,1578.993,727.1339
96.58704,1,1581.461,727.6663,1580.227,727.4001
96.5974,1,1581.461,727.6663,1580.844,727.5332
96.60813,1,1581.461,727.6663,1581.152,727.5997
96.6192,1,1583.042,727.7441,1582.097,727.6719
96.63087,1,1583.042,727.7441,1582.569,727.708
96.64065,1,1583.042,727.7441,1582.805,727.7261
96.65153,1,1583.949,727.3416,1583.377,727.5338
96.66122,1,1583.949,727.3416,1583.663,727.4377
96.67207,1,1583.949,727.3416,1583.806,727.3896
96.68192,1,1584.833,726.7837,1584.32,727.0867
96.69576,1,1584.833,726.7837,1584.576,726.9352
96.70391,1,1584.833,726.7837,1584.705,726.8594
96.71816,1,1585.98,725.6765,1585.342,726.2679
96.73096,1,1585.98,725.6765,1585.661,725.9722
96.74085,1,1586.763,724.7422,1586.212,725.3572
96.7508,1,1586.763,724.7422,1586.488,725.0497
96.76311,1,1586.763,724.7422,1586.625,724.896
96.77196,1,1587.371,724.2147,1586.998,724.5553
96.782,1,1587.371,724.2147,1587.185,724.385
96.7924,1,1587.371,724.2147,1587.278,724.2998
96.80326,1,1588.109,723.4125,1587.694,723.8562
96.81634,1,1588.109,723.4125,1587.901,723.6344
96.82468,1,1588.109,723.4125,1588.005,723.5234
96.83661,1,1589.146,723.1451,1588.576,723.3343
96.84795,1,1589.146,723.1451,1588.861,723.2397
96.85813,1,1589.694,722.801,1589.278,723.0204
96.8696,1,1589.694,722.801,1589.486,722.9107
96.87954,1,1589.694,722.801,1589.59,722.8558
96.89087,1,1590.404,722.5529,1589.997,722.7043
96.90301,1,1590.404,722.5529,1590.201,722.6287
96.91465,1,1590.404,722.5529,1590.302,722.5908
96.92448,1,1590.739,722.3254,1590.521,722.4581
96.93729,1,1590.739,722.3254,1590.63,722.3917
96.94814,1,1591.012,721.8923,1590.821,722.142
96.95798,1,1591.012,721.8923,1590.917,722.0171
96.9701,1,1591.012,721.8923,1590.965,721.9547
96.98005,1,1591.475,722.0396,1591.22,721.9972
96.99171,1,1591.475,722.0396,1591.348,722.0184
97.00213,1,1591.475,722.0396,1591.411,722.0291
97.01528,1,1592.161,722.0339,1591.786,722.0315
97.02447,1,1592.161,722.0339,1591.974,722.0327
97.03639,1,1592.161,722.0339,1592.068,722.0333
97.04832,1,1592.719,721.9818,1592.393,722.0076
97.05836,1,1592.719,721.9818,1592.556,721.9947
97.07018,1,1593.24,721.7544,1592.898,721.8745
97.08076,1,1593.24,721.7544,1593.069,721.8145
97.09161,1,1593.24,721.7544,1593.155,721.7844
97.10186,1,1593.493,721.8599,1593.324,721.8221
97.1148,1,1593.493,721.8599,1593.408,721.841
97.12669,1,1593.493,721.8599,1593.45,721.8505
97.13663,1,1593.598,721.8945,1593.524,721.8724
97.14877,1,1593.598,721.8945,1593.561,721.8834
97.15788,1,1593.598,721.8945,1593.579,721.8889
97.16949,1,1593.696,721.8058,1593.638,721.8474
97.18024,1,1593.696,721.8058,1593.667,721.8265
97.19221,1,1594.055,722.0139,1593.861,721.9202
97.20232,1,1594.055,722.0139,1593.958,721.967
97.21398,1,1594.055,722.0139,1594.006,721.9905
97.22314,1,1594.667,722.2314,1594.337,722.111
97.23547,1,1594.667,722.2314,1594.502,722.1712
97.24681,1,1594.667,722.2314,1594.584,722.2013
97.25935,1,1595.487,722.6014,1595.036,722.4014
97.27193,1,1595.487,722.6014,1595.261,722.5013
97.28742,1,1598.49,722.7618,1596.876,722.6316
97.29482,1,1598.49,722.7618,1597.683,722.6967
97.30598,1,1598.49,722.7618,1598.086,722.7292
97.31701,1,1603.133,722.3708,1600.61,722.55
97.33351,1,1603.133,722.3708,1601.872,722.4604
97.34106,1,1607.699,721.2659,1604.785,721.8632
97.35281,1,1607.699,721.2659,1606.242,721.5646
97.36343,1,1607.699,721.2659,1606.971,721.4153
97.37492,1,1611.658,719.3224,1609.314,720.3688
97.38599,1,1611.658,719.3224,1610.486,719.8456
97.39588,1,1611.658,719.3224,1611.072,719.584
97.40675,1,1614.878,718.0629,1612.975,718.8234
97.41859,1,1614.878,718.0629,1613.926,718.4431
97.42816,1,1614.878,718.0629,1614.402,718.253
97.43639,1,1617.877,716.7034,1616.14,717.4781
97.44839,1,1617.877,716.7034,1617.008,717.0908
97.45689,1,1617.877,716.7034,1617.443,716.8971
97.46787,1,1620.009,714.6093,1618.726,715.7532
97.4782,1,1620.009,714.6093,1619.368,715.1813
97.48832,1,1620.009,714.6093,1619.688,714.8953
97.49934,1,1622.839,712.1548,1621.264,713.525
97.50966,1,1622.839,712.1548,1622.052,712.84
97.52025,1,1622.839,712.1548,1622.446,712.4974
97.532,1,1626.106,710.6951,1624.276,711.5963
97.54273,1,1626.106,710.6951,1625.191,711.1456
97.55391,1,1628.451,708.83,1626.821,709.9878
97.56415,1,1628.451,708.83,1627.636,709.4089
97.57603,1,1628.451,708.83,1628.043,709.1195
97.58696,1,1630.446,707.3858,1629.245,708.2527
97.59886,1,1630.446,707.3858,1629.846,707.8192
97.60983,1,1630.446,707.3858,1630.146,707.6025
97.61967,1,1632.631,705.5807,1631.389,706.5917
97.63155,1,1632.631,705.5807,1632.01,706.0862
97.6409,1,1632.631,705.5807,1632.321,705.8335
97.65273,1,1633.693,703.5246,1633.007,704.6791
97.66343,1,1633.693,703.5246,1633.35,704.1018
97.67483,1,1634.294,702.6436,1633.822,703.3727
97.68874,1,1634.294,702.6436,1634.058,703.0081
97.69691,1,1634.294,702.6436,1634.176,702.8258
97.70887,1,1607.379,703.2064,1620.777,703.0161
97.71801,1,1607.379,703.2064,1614.078,703.1112
97.73056,1,1379.245,704.3389,1496.661,703.7251
97.73837,1,1379.245,704.3389,1437.953,704.032
97.75064,1,1379.245,704.3389,1408.599,704.1854
97.76118,1,1379.245,704.3389,1393.922,704.2622
97.77188,1,1019.949,709.0316,1206.935,706.6469
97.7836,1,1019.949,709.0316,1113.442,707.8392
97.79472,1,812.0612,713.7285,962.7517,710.7838
97.80328,1,812.0612,713.7285,887.4065,712.2561
97.81512,1,812.0612,713.7285,849.7339,712.9923
97.82473,1,719.1876,713.8897,784.4607,713.441
97.8369,1,719.1876,713.8897,751.8241,713.6654
97.84865,1,719.1876,713.8897,735.5059,713.7776
97.85943,1,676.1467,715.7066,705.8263,714.7421
97.86983,1,676.1467,715.7066,690.9865,715.2244
97.88018,1,676.1467,715.7066,683.5667,715.4655
97.89187,1,662.7635,686.8793,673.165,701.1724
97.90219,1,662.7635,686.8793,667.9642,694.0258
97.91434,1,701.8356,531.6285,684.8999,612.8271
97.92767,1,701.8356,531.6285,693.3678,572.2278
97.93693,1,701.8356,531.6285,697.6017,551.9281
97.9499,1,748.1016,380.5884,722.8517,466.2582
97.96064,1,748.1016,380.5884,735.4767,423.4233
97.9715,1,748.1016,380.5884,741.7892,402.0059
97.98149,1,767.3398,294.8185,754.5645,348.4122
97.99433,1,767.3398,294.8185,760.9521,321.6153
98.00273,1,767.3398,294.8185,764.146,308.2169
98.01583,1,783.0556,256.6725,773.6008,282.4447
98.0264,1,783.0556,256.6725,778.3282,269.5586
98.03679,1,790.9124,239.6193,784.6204,254.589
98.0498,1,790.9124,239.6193,787.7664,247.1041
98.05972,1,790.9124,239.6193,789.3394,243.3617
98.0708,1,771.6776,257.3456,780.5085,250.3537
98.08102,1,771.6776,257.3456,776.093,253.8496
98.09223,1,771.6776,257.3456,773.8853,255.5976
98.10191,1,751.0688,280.91,762.4771,268.2538
98.11487,1,751.0688,280.91,756.7729,274.5819
98.12463,1,751.0688,280.91,753.9209,277.746
98.13689,1,725.1316,306.3899,739.5262,292.0679
98.14737,1,725.1316,306.3899,732.3289,299.2289
98.15693,1,706.4897,328.0734,719.4093,313.6512
98.17039,1,706.4897,328.0734,712.9495,320.8623
98.18127,1,706.4897,328.0734,709.7196,324.4678
98.1955,1,688.5517,346.6078,699.1356,335.5378
98.20291,1,688.5517,346.6078,693.8436,341.0728
98.21519,1,688.5517,346.6078,691.1976,343.8403
98.22461,1,674.5912,362.8118,682.8944,353.326
98.23566,1,674.5912,362.8118,678.7428,358.0689
98.24894,1,664.8195,375.2474,671.7811,366.6582
98.25686,1,664.8195,375.2474,668.3003,370.9528
98.26887,1,664.8195,375.2474,666.5599,373.1001
98.27998,1,662.5954,383.6287,664.5776,378.3644
98.29228,1,662.5954,383.6287,663.5865,380.9966
98.30235,1,662.5954,383.6287,663.0909,382.3127
98.31704,1,729.3109,403.6636,696.2009,392.9882
98.32657,1,729.3109,403.6636,712.7559,398.3259
98.3361,1,729.3109,403.6636,721.0334,400.9948
98.35043,1,966.3358,464.6217,843.6846,432.8082
98.35745,1,966.3358,464.6217,905.0103,448.715
98.37,1,1262.775,536.3221,1083.893,492.5185
98.38329,1,1262.775,536.3221,1173.334,514.4203
98.39762,1,1426.572,572.5432,1299.953,543.4818
98.40464,1,1426.572,572.5432,1363.262,558.0125
98.41719,1,1426.572,572.5432,1394.917,565.2778
98.42899,1,1500.089,587.7318,1447.503,576.5048
98.4378,1,1500.089,587.7318,1473.796,582.1183
98.4483,1,1500.089,587.7318,1486.943,584.925
98.45763,1,1533.258,592.783,1510.101,588.854
98.46914,1,1533.258,592.783,1521.679,590.8185
98.47939,1,1533.258,592.783,1527.469,591.8007
98.49575,1,1549.522,595.041,1538.496,593.4208
98.50641,1,1549.522,595.041,1544.009,594.2309
98.52733,1,1559.223,594.7093,1551.616,594.4701
98.53492,1,1559.223,594.7093,1555.419,594.5897
98.54206,1,1559.223,594.7093,1557.321,594.6495
98.55311,1,1564.184,596.1838,1560.753,595.4166
98.56316,1,1564.184,596.1838,1562.468,595.8002
98.57384,1,1564.184,596.1838,1563.326,595.9919
98.58334,1,1566.914,596.8514,1565.12,596.4217
98.59592,1,1566.914,596.8514,1566.017,596.6366
98.60715,1,1566.914,596.8514,1566.466,596.744
98.61778,1,1568.008,597.7963,1567.237,597.2701
98.63068,1,1568.008,597.7963,1567.622,597.5332
98.63962,1,1569.201,597.8214,1568.412,597.6772
98.65229,1,1569.201,597.8214,1568.807,597.7493
98.66277,1,1569.201,597.8214,1569.004,597.7853
98.67475,1,1570.337,597.5025,1569.671,597.6439
98.68616,1,1570.337,597.5025,1570.004,597.5732
98.69694,1,1570.337,597.5025,1570.17,597.5378
98.70734,1,1570.524,597.2894,1570.347,597.4136
98.71804,1,1570.524,597.2894,1570.436,597.3516
98.73067,1,1570.169,596.3302,1570.302,596.8409
98.73929,1,1570.169,596.3302,1570.236,596.5856
98.75079,1,1570.169,596.3302,1570.202,596.4579
98.7626,1,1569.592,596.0858,1569.897,596.2719
98.77449,1,1569.592,596.0858,1569.745,596.1788
98.78383,1,1569.592,596.0858,1569.669,596.1323
98.79832,1,1568.464,596.122,1569.066,596.1272
98.8073,1,1568.464,596.122,1568.765,596.1246
98.81792,1,1568.464,596.122,1568.614,596.1233
98.83186,1,1567.705,596.2264,1568.16,596.1749
98.83982,1,1567.705,596.2264,1567.932,596.2007
98.85242,1,1566.979,596.3948,1567.455,596.2977
98.86274,1,1566.979,596.3948,1567.217,596.3463
98.87348,1,1566.979,596.3948,1567.098,596.3706
98.88374,1,1566.484,596.4357,1566.791,596.4032
98.89668,1,1566.484,596.4357,1566.637,596.4194
98.90662,1,1566.484,596.4357,1566.561,596.4276
98.91742,1,1565.859,596.9181,1566.21,596.6729
98.93254,1,1565.859,596.9181,1566.034,596.7955
98.94176,1,1565.416,597.2957,1565.725,597.0456
98.95454,1,1565.416,597.2957,1565.571,597.1707
98.96622,1,1565.416,597.2957,1565.494,597.2332
98.97665,1,1565.151,597.9886,1565.322,597.6108
98.98792,1,1565.151,597.9886,1565.237,597.7997
98.99809,1,1565.151,597.9886,1565.194,597.8942
99.01104,1,1564.75,598.4282,1564.972,598.1612
99.01939,1,1564.75,598.4282,1564.861,598.2947
99.03122,1,1564.052,598.8608,1564.457,598.5778
99.04004,1,1564.052,598.8608,1564.255,598.7193
99.05286,1,1564.052,598.8608,1564.154,598.79
99.06399,1,1563.079,599.3614,1563.616,599.0757
99.0758,1,1563.079,599.3614,1563.348,599.2185
99.08762,1,1563.079,599.3614,1563.213,599.2899
99.09766,1,1562.302,600.272,1562.757,599.781
99.11099,1,1562.302,600.272,1562.53,600.0265
99.12012,1,1562.302,600.272,1562.416,600.1493
99.13274,1,1561.442,600.9848,1561.929,600.567
99.14318,1,1561.442,600.9848,1561.686,600.7759
99.15414,1,1560.127,601.2269,1560.906,601.0013
99.1642,1,1560.127,601.2269,1560.517,601.1141
99.17506,1,1560.127,601.2269,1560.322,601.1705
99.1846,1,1558.43,600.939,1559.376,601.0548
99.19678,1,1558.43,600.939,1558.903,600.9969
99.20752,1,1558.43,600.939,1558.667,600.968
99.21561,1,1556.537,601.0447,1557.602,601.0063
99.22849,1,1556.537,601.0447,1557.069,601.0255
99.23784,1,1556.537,601.0447,1556.803,601.0351
99.24958,1,1554.664,601.6367,1555.733,601.3359
99.26228,1,1554.664,601.6367,1555.198,601.4863
99.27116,1,1554.664,601.6367,1554.931,601.5615
99.28142,1,1552.12,602.7285,1553.526,602.145
99.2948,1,1552.12,602.7285,1552.823,602.4368
99.30329,1,1549.768,603.982,1551.296,603.2094
99.31606,1,1549.768,603.982,1550.532,603.5957
99.32456,1,1549.768,603.982,1550.15,603.7888
99.33739,1,1547.341,604.9859,1548.746,604.3873
99.34859,1,1547.341,604.9859,1548.043,604.6866
99.3597,1,1547.341,604.9859,1547.692,604.8363
99.37012,1,1545.303,606.8063,1546.498,605.8213
99.38043,1,1545.303,606.8063,1545.9,606.3138
99.39098,1,1545.303,606.8063,1545.602,606.5601
99.40106,1,1542.308,609.9763,1543.955,608.2682
99.41463,1,1542.308,609.9763,1543.131,609.1223
99.4236,1,1542.308,609.9763,1542.719,609.5493
99.43551,1,1539.076,612.4341,1540.898,610.9917
99.44607,1,1539.076,612.4341,1539.987,611.7129
99.4551,1,1536.338,612.8499,1538.162,612.2814
99.46807,1,1536.338,612.8499,1537.25,612.5656
99.47788,1,1536.338,612.8499,1536.794,612.7078
99.48862,1,1534.35,613.5018,1535.572,613.1048
99.49882,1,1534.35,613.5018,1534.961,613.3033
99.51068,1,1534.35,613.5018,1534.655,613.4026
99.51799,1,1532.833,613.9649,1533.744,613.6837
99.53091,1,1532.833,613.9649,1533.289,613.8243
99.54144,1,1532.833,613.9649,1533.061,613.8947
99.55183,1,1530.852,614.5862,1531.957,614.2405
99.56273,1,1530.852,614.5862,1531.404,614.4133
99.57613,1,1528.622,615.6381,1530.013,615.0257
99.58701,1,1528.622,615.6381,1529.317,615.3319
99.59717,1,1528.622,615.6381,1528.969,615.485
99.60863,1,1526.564,617.7121,1527.767,616.5985
99.61822,1,1526.564,617.7121,1527.166,617.1553
99.63071,1,1526.564,617.7121,1526.865,617.4337
99.64037,1,1524.354,619.582,1525.609,618.5078
99.65383,1,1524.354,619.582,1524.982,619.0449
99.66389,1,1524.354,619.582,1524.668,619.3135
99.67581,1,1521.63,621.4295,1523.149,620.3715
99.6875,1,1521.63,621.4295,1522.389,620.9005
99.69817,1,1519.4,624.7211,1520.895,622.8108
99.71169,1,1519.4,624.7211,1520.148,623.766
99.72023,1,1519.4,624.7211,1519.774,624.2435
99.73418,1,1517.124,627.6094,1518.449,625.9265
99.744,1,1517.124,627.6094,1517.786,626.7679
99.7555,1,1514.336,631.4628,1516.061,629.1154
99.76624,1,1514.336,631.4628,1515.199,630.2891
99.77687,1,1514.336,631.4628,1514.767,630.876
99.78812,1,1510.987,634.3641,1512.877,632.62
99.79927,1,1510.987,634.3641,1511.932,633.4921
99.81281,1,1510.987,634.3641,1511.459,633.9281
99.82125,1,1507.989,638.5429,1509.724,636.2355
99.8328,1,1507.989,638.5429,1508.857,637.3892
99.84178,1,1507.989,638.5429,1508.423,637.9661
99.85653,1,1505.792,643.6505,1507.107,640.8083
99.86786,1,1505.792,643.6505,1506.449,642.2294
99.87421,1,1505.792,643.6505,1506.121,642.9399
99.88739,1,1503.341,648.9248,1504.731,645.9324
99.89714,1,1503.341,648.9248,1504.036,647.4286
99.90923,1,1500.159,655.1542,1502.097,651.2914
99.92228,1,1500.159,655.1542,1501.128,653.2228
99.93615,1,1500.159,655.1542,1500.644,654.1885
99.94253,1,1497.118,660.3635,1498.881,657.276
99.95182,1,1497.118,660.3635,1497.999,658.8198
99.96224,1,1497.118,660.3635,1497.558,659.5917
99.97337,1,1495.066,665.905,1496.312,662.7483
99.98273,1,1495.066,665.905,1495.689,664.3267
99.99493,1,1495.066,665.905,1495.378,665.1158
100.0045,1,1493.111,670.6696,1494.244,667.8927
100.0165,1,1493.111,670.6696,1493.678,669.2811
100.0295,1,1491.01,674.9813,1492.344,672.1312
100.0378,1,1491.01,674.9813,1491.677,673.5563
100.0501,1,1491.01,674.9813,1491.344,674.2688
100.0594,1,1489.629,679.1637,1490.486,676.7162
100.0728,1,1489.629,679.1637,1490.057,677.9399
100.0821,1,1489.629,679.1637,1489.843,678.5518
100.0932,1,1488.16,683.4186,1489.001,680.9852
100.1016,1,1488.16,683.4186,1488.58,682.2019
100.1139,1,1488.16,683.4186,1488.37,682.8103
100.1229,1,1486.227,686.3278,1487.299,684.569
100.1352,1,1486.227,686.3278,1486.763,685.4484
100.147,1,1486.227,686.3278,1486.495,685.8881
100.1563,1,1484.369,688.6917,1485.432,687.2899
100.1696,1,1484.369,688.6917,1484.9,687.9907
100.1788,1,1484.369,688.6917,1484.635,688.3412
100.1898,1,1482.87,691.6087,1483.752,689.975
100.1997,1,1482.87,691.6087,1483.311,690.7919
100.212,1,1481.615,693.8475,1482.463,692.3197
100.2202,1,1481.615,693.8475,1482.039,693.0836
100.2323,1,1481.615,693.8475,1481.827,693.4656
100.2427,1,1480.712,696.8938,1481.269,695.1797
100.2538,1,1480.712,696.8938,1480.99,696.0367
100.2633,1,1480.712,696.8938,1480.851,696.4653
100.2763,1,1447.083,696.1395,1463.967,696.3024
100.2877,1,1447.083,696.1395,1455.525,696.2209
100.2975,1,1447.083,696.1395,1451.304,696.1802
100.3102,1,1275.08,689.5587,1363.192,692.8694
100.3205,1,1275.08,689.5587,1319.136,691.2141
100.3326,1,1024.467,670.1207,1171.802,680.6674
100.342,1,1024.467,670.1207,1098.135,675.394
100.3535,1,1024.467,670.1207,1061.301,672.7573
100.3629,1,864.9316,658.458,963.1162,665.6077
100.3741,1,864.9316,658.458,914.0239,662.0328
100.3867,1,864.9316,658.458,889.4778,660.2454
100.3962,1,783.0508,650.467,836.2643,655.3562
100.4075,1,783.0508,650.467,809.6575,652.9116
100.4183,1,783.0508,650.467,796.3541,651.6893
100.431,1,744.5963,646.2338,770.4752,648.9615
100.4388,1,744.5963,646.2338,757.5358,647.5977
100.4514,1,726.6233,643.7604,742.0795,645.6791
100.4619,1,726.6233,643.7604,734.3514,644.7197
100.4732,1,726.6233,643.7604,730.4874,644.2401
100.4827,1,713.8243,642.884,722.1558,643.562
100.4966,1,713.8243,642.884,717.9901,643.223
100.5084,1,713.8243,642.884,715.9072,643.0535
100.5175,1,708.8526,641.5121,712.3799,642.2828
100.5306,1,708.8526,641.5121,710.6162,641.8975
100.5397,1,708.8526,641.5121,709.7344,641.7048
100.5521,1,706.7326,640.7884,708.2335,641.2466
100.5618,1,706.7326,640.7884,707.483,641.0175
100.5737,1,695.6327,648.711,701.5579,644.8643
100.5867,1,695.6327,648.711,698.5953,646.7876
100.5963,1,695.6327,648.711,697.114,647.7493
100.607,1,653.3633,706.8046,675.2386,677.277
100.6173,1,653.3633,706.8046,664.301,692.0408
100.6292,1,653.3633,706.8046,658.8322,699.4227
100.6386,1,608.7558,773.4547,633.7939,736.4387
100.6513,1,608.7558,773.4547,621.2749,754.9467
100.6614,1,608.7558,773.4547,615.0154,764.2007
100.6721,1,577.3311,817.8341,596.1732,791.0174
100.6824,1,577.3311,817.8341,586.7521,804.4258
100.6945,1,557.8662,843.6506,572.3092,824.0382
100.7033,1,557.8662,843.6506,565.0877,833.8444
100.7161,1,557.8662,843.6506,561.4769,838.7474
100.728,1,547.8318,859.3387,554.6544,849.0431
100.7369,1,547.8318,859.3387,551.243,854.1909
100.7494,1,547.8318,859.3387,549.5374,856.7648
100.7603,1,541.3484,870.4545,545.4429,863.6096
100.7716,1,541.3484,870.4545,543.3956,867.032
100.7818,1,541.3484,870.4545,542.372,868.7433
100.7939,1,536.6385,877.988,539.5052,873.3656
100.8029,1,536.6385,877.988,538.0719,875.6768
100.8148,1,550.979,865.4127,544.5255,870.5447
100.8237,1,550.979,865.4127,547.7522,867.9786
100.8363,1,550.979,865.4127,549.3656,866.6957
100.8494,1,584.0267,832.257,566.6962,849.4763
100.8582,1,584.0267,832.257,575.3615,840.8667
100.8708,1,584.0267,832.257,579.6941,836.5619
100.8808,1,709.5319,700.9141,644.613,768.738
100.8914,1,709.5319,700.9141,677.0724,734.826
100.9011,1,709.5319,700.9141,693.3021,717.8701
100.9129,1,821.9932,578.3706,757.6477,648.1204
100.9215,1,821.9932,578.3706,789.8204,613.2455
100.9324,1,821.9932,578.3706,805.9069,595.808
100.9408,1,884.813,513.6534,845.36,554.7307
100.9537,1,884.813,513.6534,865.0865,534.192
100.9643,1,884.813,513.6534,874.9498,523.9227
100.9758,1,1013.127,530.9543,944.0385,527.4385
100.9886,1,1013.127,530.9543,978.5828,529.1964
100.9983,1,1169.233,596.9712,1073.908,563.0838
101.0112,1,1169.233,596.9712,1121.571,580.0275
101.0208,1,1169.233,596.9712,1145.402,588.4993
101.033,1,1265.052,643.1596,1205.227,615.8295
101.0433,1,1265.052,643.1596,1235.14,629.4945
101.0544,1,1265.052,643.1596,1250.096,636.327
101.0676,1,1316.872,668.0867,1283.484,652.2069
101.0775,1,1316.872,668.0867,1300.178,660.1469
101.0889,1,1345.474,681.6794,1322.826,670.9131
101.0983,1,1345.474,681.6794,1334.15,676.2963
101.1112,1,1345.474,681.6794,1339.812,678.9879
101.12,1,1362.449,690.0653,1351.13,684.5266
101.1326,1,1362.449,690.0653,1356.789,687.296
101.1436,1,1362.449,690.0653,1359.619,688.6807
101.1554,1,1373.759,695.47,1366.689,692.0753
101.1659,1,1373.759,695.47,1370.224,693.7726
101.1771,1,1379.406,700.4825,1374.815,697.1276
101.1881,1,1379.406,700.4825,1377.111,698.8051
101.1996,1,1379.406,700.4825,1378.258,699.6438
101.2096,1,1382.262,702.8016,1380.26,701.2227
101.2182,1,1382.262,702.8016,1381.261,702.0122
101.2312,1,1382.262,702.8016,1381.762,702.4069
101.2404,1,1383.918,703.7977,1382.84,703.1023
101.2537,1,1383.918,703.7977,1383.379,703.45
101.2635,1,1383.918,703.7977,1383.648,703.6239
101.2749,1,1385.83,704.9942,1384.739,704.3091
101.2876,1,1385.83,704.9942,1385.284,704.6516
101.2971,1,1385.83,704.9942,1385.557,704.8229
101.3087,1,1390.093,704.6935,1387.825,704.7582
101.3179,1,1390.093,704.6935,1388.959,704.7258
101.3306,1,1409.099,700.7183,1399.029,702.722
101.3401,1,1409.099,700.7183,1404.064,701.7202
101.3524,1,1409.099,700.7183,1406.581,701.2192
101.3634,1,1428.872,694.8673,1417.726,698.0433
101.3749,1,1428.872,694.8673,1423.299,696.4553
101.3865,1,1428.872,694.8673,1426.085,695.6613
101.3972,1,1445.157,690.6299,1435.621,693.1456
101.4082,1,1445.157,690.6299,1440.389,691.8878
101.4175,1,1456.583,688.1985,1448.486,690.0431
101.4308,1,1456.583,688.1985,1452.534,689.1208
101.4403,1,1456.583,688.1985,1454.558,688.6597
101.4522,1,1465,698.3554,1459.779,693.5076
101.4633,1,1465,698.3554,1462.39,695.9315
101.4748,1,1465,698.3554,1463.695,697.1434
101.4847,1,1471.904,714.5953,1467.8,705.8694
101.4975,1,1471.904,714.5953,1469.852,710.2323
101.5076,1,1471.904,714.5953,1470.878,712.4138
101.5185,1,1478.827,729.0612,1474.852,720.7375
101.5321,1,1478.827,729.0612,1476.84,724.8993
101.5413,1,1484.381,741.0479,1480.61,732.9736
101.5534,1,1484.381,741.0479,1482.495,737.0107
101.5632,1,1484.381,741.0479,1483.438,739.0293
101.5748,1,1487.895,751.6325,1485.666,745.3309
101.586,1,1487.895,751.6325,1486.781,748.4817
101.596,1,1487.895,751.6325,1487.338,750.0571
101.6065,1,1490.451,759.503,1488.895,754.78
101.6174,1,1490.451,759.503,1489.673,757.1415
101.6309,1,1493.361,764.6948,1491.517,760.9182
101.6399,1,1493.361,764.6948,1492.439,762.8065
101.6519,1,1493.361,764.6948,1492.9,763.7507
101.662,1,1495.951,770.3873,1494.426,767.069
101.6726,1,1495.951,770.3873,1495.188,768.7281
101.6809,1,1495.951,770.3873,1495.57,769.5577
101.6925,1,1498.16,775.118,1496.865,772.3379
101.7024,1,1498.16,775.118,1497.512,773.7279
101.7148,1,1498.16,775.118,1497.836,774.423
101.7238,1,1499.675,777.6342,1498.755,776.0286
101.7382,1,1499.675,777.6342,1499.215,776.8314
101.7496,1,1501.828,781.6218,1500.522,779.2266
101.7581,1,1501.828,781.6218,1501.175,780.4242
101.7699,1,1501.828,781.6218,1501.502,781.0229
101.782,1,1504.378,782.9664,1502.94,781.9947
101.792,1,1504.378,782.9664,1503.659,782.4806
101.8026,1,1504.378,782.9664,1504.018,782.7235
101.8152,1,1505.952,784.6667,1504.985,783.6951
101.8247,1,1505.952,784.6667,1505.469,784.1809
101.8366,1,1505.952,784.6667,1505.71,784.4238
101.8481,1,1507.888,786.287,1506.799,785.3555
101.8569,1,1507.888,786.287,1507.344,785.8213
101.869,1,1507.888,786.287,1507.616,786.0542
101.8807,1,1509.397,788.0338,1508.506,787.0439
101.8926,1,1509.397,788.0338,1508.951,787.5388
101.903,1,1510.28,789.7139,1509.616,788.6263
101.914,1,1510.28,789.7139,1509.948,789.1702
101.9228,1,1510.28,789.7139,1510.114,789.442
101.9345,1,1511.411,791.5196,1510.763,790.4808
101.9444,1,1511.411,791.5196,1511.087,791.0002
101.9557,1,1511.411,791.5196,1511.249,791.2599
101.966,1,1512.939,793.0884,1512.094,792.1742
101.9761,1,1512.939,793.0884,1512.517,792.6313
101.9861,1,1512.939,793.0884,1512.728,792.8599
102.01,1,1513.199,795.5964,1512.963,794.2281
102.0161,1,1513.199,795.5964,1513.081,794.9123
102.0241,1,1514.541,797.8502,1513.811,796.3812
102.0365,1,1514.541,797.8502,1514.176,797.1157
102.047,1,1514.541,797.8502,1514.358,797.483
102.0573,1,1516.234,800.1598,1515.296,798.8214
102.0686,1,1516.234,800.1598,1515.765,799.4906
102.0791,1,1516.234,800.1598,1515.999,799.8252
102.093,1,1518.23,802.0583,1517.115,800.9418
102.1019,1,1518.23,802.0583,1517.672,801.5001
102.1148,1,1518.853,803.7474,1518.263,802.6237
102.1239,1,1518.853,803.7474,1518.558,803.1855
102.1367,1,1518.853,803.7474,1518.706,803.4664
102.148,1,1519.561,805.0034,1519.134,804.2349
102.1584,1,1519.561,805.0034,1519.347,804.6191
102.1717,1,1519.561,805.0034,1519.454,804.8113
102.1817,1,1519.469,806.0661,1519.461,805.4387
102.1957,1,1519.469,806.0661,1519.465,805.7524
102.2044,1,1519.341,807.8212,1519.403,806.7868
102.2174,1,1519.341,807.8212,1519.372,807.304
102.2304,1,1519.341,807.8212,1519.356,807.5626
102.2402,1,1519.51,809.6006,1519.433,808.5816
102.2529,1,1519.51,809.6006,1519.472,809.0911
102.2626,1,1519.51,809.6006,1519.491,809.3459
102.2739,1,1519.508,810.4293,1519.5,809.8876
102.286,1,1519.508,810.4293,1519.504,810.1584
102.2965,1,1517.313,810.1646,1518.408,810.1615
102.3076,1,1517.313,810.1646,1517.861,810.163
102.3167,1,1517.313,810.1646,1517.587,810.1638
102.3293,1,1514.348,810.1888,1515.968,810.1763
102.3388,1,1514.348,810.1888,1515.158,810.1826
102.3511,1,1514.348,810.1888,1514.753,810.1857
102.3614,1,1511.796,809.9709,1513.274,810.0784
102.3751,1,1511.796,809.9709,1512.535,810.0247
102.3836,1,1511.796,809.9709,1512.166,809.9978
102.3957,1,1509.697,809.5718,1510.931,809.7848
102.4043,1,1509.697,809.5718,1510.314,809.6783
102.4171,1,1507.472,809.2352,1508.893,809.4568
102.4279,1,1507.472,809.2352,1508.182,809.346
102.4369,1,1507.472,809.2352,1507.827,809.2906
102.4485,1,1505.347,808.8392,1506.587,809.0649
102.4589,1,1505.347,808.8392,1505.967,808.9521
102.4712,1,1505.347,808.8392,1505.657,808.8956
102.481,1,1503.381,808.3825,1504.519,808.639
102.4925,1,1503.381,808.3825,1503.95,808.5107
102.5028,1,1503.381,808.3825,1503.665,808.4467
102.5153,1,1501.376,808.0199,1502.521,808.2333
102.526,1,1501.376,808.0199,1501.948,808.1266
102.5341,1,1501.376,808.0199,1501.662,808.0732
102.5465,1,1499.684,807.7485,1500.673,807.9109
102.555,1,1499.684,807.7485,1500.179,807.8297
102.5674,1,1497.438,807.048,1498.808,807.4388
102.5753,1,1497.438,807.048,1498.123,807.2434
102.5882,1,1497.438,807.048,1497.78,807.1457
102.5986,1,1494.561,806.4694,1496.171,806.8076
102.6109,1,1494.561,806.4694,1495.366,806.6385
102.6222,1,1494.561,806.4694,1494.964,806.554
102.6338,1,1492.155,805.9285,1493.559,806.2412
102.6474,1,1492.155,805.9285,1492.857,806.0848
102.654,1,1492.155,805.9285,1492.506,806.0067
102.666,1,1490.475,805.4229,1491.491,805.7147
102.6793,1,1490.475,805.4229,1490.983,805.5688
102.6887,1,1489.128,804.4153,1490.055,804.9921
102.6989,1,1489.128,804.4153,1489.592,804.7037
102.7092,1,1489.128,804.4153,1489.36,804.5594
102.7192,1,1487.894,802.9283,1488.627,803.7439
102.7322,1,1487.894,802.9283,1488.261,803.3361
102.7411,1,1487.894,802.9283,1488.078,803.1322
102.7539,1,1486.263,801.7621,1487.17,802.4471
102.7635,1,1486.263,801.7621,1486.717,802.1046
102.7741,1,1486.263,801.7621,1486.49,801.9333
102.7866,1,1484.436,801.0774,1485.463,801.5054
102.7962,1,1484.436,801.0774,1484.949,801.2914
102.8074,1,1484.436,801.0774,1484.693,801.1844
102.8174,1,1482.774,800.5012,1483.734,800.8428
102.8304,1,1482.774,800.5012,1483.254,800.672
102.8382,1,1481.437,799.7986,1482.346,800.2354
102.8514,1,1481.437,799.7986,1481.892,800.017
102.8626,1,1481.437,799.7986,1481.665,799.9078
102.8733,1,1480.117,799.3527,1480.891,799.6302
102.8847,1,1480.117,799.3527,1480.504,799.4915
102.8965,1,1480.117,799.3527,1480.311,799.4221
102.9049,1,1479.294,798.6352,1479.802,799.0287
102.9179,1,1479.294,798.6352,1479.548,798.8319
102.9297,1,1478.021,797.7274,1478.785,798.2797
102.9381,1,1478.021,797.7274,1478.403,798.0035
102.9513,1,1478.021,797.7274,1478.212,797.8655
102.9618,1,1476.268,796.408,1477.24,797.1367
102.9735,1,1476.268,796.408,1476.754,796.7723
102.9833,1,1476.268,796.408,1476.511,796.5902
102.9955,1,1473.248,791.2945,1474.879,793.9424
103.0088,1,1473.248,791.2945,1474.063,792.6184
103.0196,1,1469.108,784.4092,1471.586,788.5138
103.0288,1,1469.108,784.4092,1470.347,786.4615
103.0378,1,1469.108,784.4092,1469.728,785.4354
103.0488,1,1469.108,784.4092,1469.418,784.9224
103.0593,1,1463.553,776.9325,1466.486,780.9274
103.0703,1,1463.553,776.9325,1465.02,778.9299
103.0807,1,1458.527,770.7521,1461.773,774.841
103.0913,1,1458.527,770.7521,1460.15,772.7965
103.1025,1,1458.527,770.7521,1459.338,771.7743
103.1148,1,1454.803,764.4322,1457.071,768.1033
103.1238,1,1454.803,764.4322,1455.937,766.2677
103.1354,1,1454.803,764.4322,1455.37,765.35
103.149,1,1451.499,759.4428,1453.435,762.3964
103.157,1,1451.499,759.4428,1452.467,760.9196
103.1687,1,1451.499,759.4428,1451.983,760.1812
103.1795,1,1448.513,755.1631,1450.248,757.6721
103.1901,1,1448.513,755.1631,1449.38,756.4176
103.2009,1,1445.894,751.7206,1447.637,754.0691
103.2129,1,1445.894,751.7206,1446.766,752.8949
103.2213,1,1445.894,751.7206,1446.33,752.3077
103.2338,1,1442.51,746.1492,1444.42,749.2285
103.2473,1,1442.51,746.1492,1443.465,747.6888
103.254,1,1442.51,746.1492,1442.987,746.919
103.2661,1,1359.6,681.5031,1401.294,714.2111
103.2742,1,1359.6,681.5031,1380.447,697.8571
103.2868,1,1359.6,681.5031,1370.024,689.6801
103.2973,1,1152.731,556.9492,1261.377,623.3146
103.3087,1,1152.731,556.9492,1207.054,590.132
103.3189,1,1152.731,556.9492,1179.893,573.5406
103.332,1,972.8231,494.1227,1076.358,533.8317
103.3414,1,972.8231,494.1227,1024.591,513.9772
103.3549,1,795.498,619.0417,910.0443,566.5094
103.3646,1,795.498,619.0417,852.7711,592.7755
103.375,1,795.498,619.0417,824.1345,605.9086
103.3868,1,663.5389,746.1174,743.8367,676.013
103.3966,1,663.5389,746.1174,703.6879,711.0652
103.4081,1,663.5389,746.1174,683.6134,728.5913
103.4182,1,589.5944,818.6027,636.6039,773.597
103.4297,1,589.5944,818.6027,613.0991,796.0999
103.4403,1,589.5944,818.6027,601.3468,807.3513
103.4525,1,551.3156,854.7121,576.3312,831.0317
103.4746,1,532.2053,873.8915,554.2682,852.4616
103.4814,1,532.2053,873.8915,543.2367,863.1765
103.4905,1,532.2053,873.8915,537.7209,868.534
103.4999,1,532.2053,873.8915,534.9631,871.2128
103.5134,1,522.8461,883.1677,528.9047,877.1902
103.5228,1,522.8461,883.1677,525.8754,880.179
103.5355,1,535.9751,885.5658,530.9252,882.8724
103.5472,1,535.9751,885.5658,533.4502,884.2191
103.5551,1,535.9751,885.5658,534.7126,884.8925
103.5679,1,597.8576,883.241,566.2852,884.0668
103.5807,1,597.8576,883.241,582.0714,883.6539
103.5916,1,597.8576,883.241,589.9645,883.4475
103.6015,1,701.8184,874.4407,645.8915,878.9441
103.6139,1,701.8184,874.4407,673.855,876.6924
103.6235,1,929.6663,853.4899,801.7606,865.0912
103.6359,1,929.6663,853.4899,865.7134,859.2905
103.6481,1,929.6663,853.4899,897.6898,856.3903
103.6576,1,1111.781,833.0651,1004.735,844.7277
103.6689,1,1111.781,833.0651,1058.258,838.8964
103.679,1,1111.781,833.0651,1085.02,835.9807
103.6902,1,1216.16,819.0751,1150.59,827.528
103.7035,1,1216.16,819.0751,1183.375,823.3015
103.718,1,1268.448,810.5002,1225.911,816.9009
103.7272,1,1268.448,810.5002,1247.179,813.7006
103.7347,1,1268.448,810.5002,1257.813,812.1004
103.7476,1,1291.705,805.6962,1274.759,808.8983
103.7564,1,1291.705,805.6962,1283.232,807.2972
103.7724,1,1291.705,805.6962,1287.468,806.4967
103.7867,1,1306.937,801.7887,1297.203,804.1427
103.7931,1,1306.937,801.7887,1302.07,802.9657
103.8008,1,1306.937,801.7887,1304.503,802.3772
103.8141,1,1320.422,794.3636,1312.462,798.3704
103.8234,1,1320.422,794.3636,1316.442,796.3671
103.8379,1,1342.809,769.4446,1329.625,782.9059
103.849,1,1342.809,769.4446,1336.217,776.1753
103.8586,1,1342.809,769.4446,1339.513,772.8099
103.8747,1,1355.662,747.4323,1347.587,760.1211
103.8832,1,1355.662,747.4323,1351.625,753.7767
103.8923,1,1355.662,747.4323,1353.643,750.6045
103.9021,1,1363.375,733.5027,1358.509,742.0536
103.916,1,1363.375,733.5027,1360.942,737.7782
103.9242,1,1363.375,733.5027,1362.159,735.6405
103.9374,1,1368.341,725.8311,1365.25,730.7358
103.9496,1,1368.341,725.8311,1366.796,728.2834
103.9581,1,1371.062,720.7568,1368.929,724.5201
103.9718,1,1371.062,720.7568,1369.996,722.6385
103.9818,1,1371.062,720.7568,1370.529,721.6976
103.9935,1,1372.681,714.1207,1371.605,717.9092
104.004,1,1372.681,714.1207,1372.143,716.015
104.0159,1,1373.85,709.9458,1372.997,712.9803
104.0248,1,1373.85,709.9458,1373.423,711.4631
104.0394,1,1373.85,709.9458,1373.637,710.7045
104.0498,1,1373.898,705.8815,1373.767,708.293
104.0576,1,1373.898,705.8815,1373.833,707.0873
104.0711,1,1373.898,705.8815,1373.865,706.4844
104.0816,1,1373.932,702.2849,1373.899,704.3846
104.0925,1,1373.932,702.2849,1373.916,703.3348
104.1035,1,1373.932,702.2849,1373.924,702.8098
104.1154,1,1374.542,700.0584,1374.233,701.4341
104.1237,1,1374.542,700.0584,1374.387,700.7462
104.1361,1,1374.542,700.0584,1374.464,700.4023
104.1472,1,1374.003,697.6866,1374.234,699.0445
104.157,1,1374.003,697.6866,1374.118,698.3656
104.1697,1,1373.568,695.3204,1373.843,696.843
104.1794,1,1373.568,695.3204,1373.705,696.0817
104.1919,1,1373.568,695.3204,1373.636,695.701
104.2018,1,1373.019,693.9213,1373.328,694.8112
104.2137,1,1373.019,693.9213,1373.173,694.3662
104.2224,1,1373.019,693.9213,1373.096,694.1437
104.2347,1,1372.619,692.4567,1372.857,693.3002
104.2462,1,1372.619,692.4567,1372.738,692.8784
104.2547,1,1372.619,692.4567,1372.678,692.6675
104.2662,1,1371.834,690.8612,1372.256,691.7644
104.2768,1,1371.834,690.8612,1372.045,691.3128
104.287,1,1371.834,690.8612,1371.939,691.087
104.2975,1,1370.752,689.4257,1371.346,690.2563
104.3082,1,1370.752,689.4257,1371.049,689.841
104.3185,1,1369.849,688.4412,1370.449,689.1411
104.3299,1,1369.849,688.4412,1370.149,688.7911
104.3393,1,1369.849,688.4412,1369.999,688.6161
104.3537,1,1368.89,687.4478,1369.445,688.032
104.3634,1,1368.89,687.4478,1369.167,687.7399
104.3736,1,1368.89,687.4478,1369.029,687.5939
104.3839,1,1368.249,687.0215,1368.639,687.3077
104.3974,1,1368.249,687.0215,1368.444,687.1647
104.4071,1,1368.249,687.0215,1368.347,687.0931
104.4159,1,1367.889,686.4142,1368.118,686.7537
104.4264,1,1367.889,686.4142,1368.003,686.5839
104.4371,1,1367.889,686.4142,1367.946,686.499
104.4515,1,1366.862,685.7022,1367.404,686.1006
104.4613,1,1366.862,685.7022,1367.133,685.9014
104.4725,1,1365.939,684.6693,1366.536,685.2853
104.4836,1,1365.939,684.6693,1366.238,684.9773
104.495,1,1365.939,684.6693,1366.088,684.8232
104.5038,1,1365.012,683.3846,1365.55,684.1039
104.5168,1,1365.012,683.3846,1365.281,683.7443
104.5282,1,1365.012,683.3846,1365.146,683.5645
104.537,1,1364.234,682.5508,1364.69,683.0576
104.5487,1,1364.234,682.5508,1364.462,682.8042
104.5567,1,1364.234,682.5508,1364.348,682.6775
104.5733,1,1363.111,681.518,1363.729,682.0978
104.5865,1,1363.111,681.518,1363.42,681.8079
104.5955,1,1362.017,680.5209,1362.719,681.1644
104.6049,1,1362.017,680.5209,1362.368,680.8427
104.6169,1,1362.017,680.5209,1362.193,680.6818
104.6301,1,1361.052,679.6569,1361.622,680.1693
104.6393,1,1361.052,679.6569,1361.337,679.9131
104.6518,1,1359.687,679.0789,1360.512,679.496
104.663,1,1359.687,679.0789,1360.099,679.2875
104.6743,1,1359.687,679.0789,1359.893,679.1832
104.6844,1,1358.554,678.8107,1359.224,678.9969
104.6987,1,1358.554,678.8107,1358.889,678.9038
104.7112,1,1358.21,678.431,1358.549,678.6674
104.7238,1,1358.21,678.431,1358.379,678.5492
104.7336,1,1358.21,678.431,1358.294,678.4901
104.7414,1,1357.44,678.4628,1357.867,678.4764
104.7546,1,1357.44,678.4628,1357.654,678.4696
104.7663,1,1357.44,678.4628,1357.547,678.4662
104.7743,1,1356.549,678.3472,1357.048,678.4067
104.787,1,1356.549,678.3472,1356.798,678.377
104.7977,1,1356.549,678.3472,1356.673,678.3621
104.8085,1,1355.746,678.2239,1356.21,678.293
104.8193,1,1355.746,678.2239,1355.978,678.2584
104.8328,1,1355.074,678.2983,1355.526,678.2783
104.8413,1,1355.074,678.2983,1355.3,678.2883
104.8542,1,1355.074,678.2983,1355.187,678.2933
104.8644,1,1353.203,680.4371,1354.195,679.3652
104.8761,1,1353.203,680.4371,1353.699,679.9011
104.886,1,1353.203,680.4371,1353.451,680.1691
104.898,1,1348.872,692.6363,1351.161,686.4027
104.9095,1,1348.872,692.6363,1350.017,689.5195
104.9192,1,1348.872,692.6363,1349.444,691.0779
104.9328,1,1344.289,711.1501,1346.867,701.114
104.9408,1,1344.289,711.1501,1345.578,706.1321
104.9528,1,1340.621,728.8652,1343.099,717.4987
104.9626,1,1340.621,728.8652,1341.86,723.1819
104.9742,1,1340.621,728.8652,1341.24,726.0236
104.9845,1,1337.999,743.5302,1339.62,734.7769
104.9971,1,1337.999,743.5302,1338.81,739.1536
105.0074,1,1337.999,743.5302,1338.404,741.3419
105.0185,1,1336.29,755.3994,1337.347,748.3707
105.0312,1,1336.29,755.3994,1336.819,751.885
105.0408,1,1336.29,755.3994,1336.554,753.6422
105.0532,1,1335.356,765.054,1335.955,759.3481
105.0627,1,1335.356,765.054,1335.656,762.201
105.0745,1,1335.936,772.7184,1335.796,767.4597
105.084,1,1335.936,772.7184,1335.866,770.0891
105.0961,1,1335.936,772.7184,1335.901,771.4038
105.1066,1,1339.639,780.8568,1337.77,776.1302
105.1197,1,1339.639,780.8568,1338.705,778.4935
105.1314,1,1343.523,786.6144,1341.114,782.554
105.1397,1,1343.523,786.6144,1342.319,784.5842
105.1526,1,1343.523,786.6144,1342.921,785.5994
105.1629,1,1347.928,791.1473,1345.424,788.3734
105.1746,1,1347.928,791.1473,1346.676,789.7604
105.185,1,1347.928,791.1473,1347.302,790.4539
105.1985,1,1352.934,797.3173,1350.118,793.8856
105.2067,1,1352.934,797.3173,1351.526,795.6014
105.2177,1,1352.934,797.3173,1352.23,796.4594
105.2307,1,1354.76,798.1132,1353.495,797.2863
105.2391,1,1354.76,798.1132,1354.127,797.6997
105.2519,1,1354.76,798.1132,1354.444,797.9065
105.2636,1,1356.369,798.4907,1355.406,798.1986
105.2753,1,1356.369,798.4907,1355.887,798.3447
105.2865,1,1356.426,798.6707,1356.156,798.5077
105.2974,1,1356.426,798.6707,1356.291,798.5892
105.3076,1,1356.426,798.6707,1356.358,798.63
105.3179,1,1356.985,798.6175,1356.672,798.6238
105.3308,1,1356.985,798.6175,1356.828,798.6206
105.3424,1,1356.985,798.6175,1356.907,798.619
105.3531,1,1357.396,799.3604,1357.152,798.9897
105.3646,1,1357.396,799.3604,1357.274,799.175
105.3761,1,1358.413,800.8003,1357.843,799.9877
105.3873,1,1358.413,800.8003,1358.128,800.394
105.398,1,1358.413,800.8003,1358.271,800.5972
105.4089,1,1359.419,802.1706,1358.845,801.3839
105.4193,1,1359.419,802.1706,1359.132,801.7772
105.432,1,1359.419,802.1706,1359.275,801.9739
105.4401,1,1360.486,803.8821,1359.88,802.928
105.4521,1,1360.486,803.8821,1360.183,803.405
105.4628,1,1360.486,803.8821,1360.334,803.6436
105.4741,1,1361.485,805.308,1360.91,804.4758
105.484,1,1361.485,805.308,1361.198,804.892
105.497,1,1362.153,807.447,1361.675,806.1694
105.5048,1,1362.153,807.447,1361.914,806.8082
105.5193,1,1362.153,807.447,1362.034,807.1276
105.5302,1,1363.344,808.9991,1362.689,808.0634
105.5397,1,1363.344,808.9991,1363.017,808.5313
105.5512,1,1363.344,808.9991,1363.18,808.7651
105.5615,1,1365.007,810.5663,1364.094,809.6658
105.5722,1,1365.007,810.5663,1364.55,810.1161
105.5821,1,1365.007,810.5663,1364.778,810.3412
105.5963,1,1366.16,811.5793,1365.469,810.9602
105.6061,1,1366.16,811.5793,1365.815,811.2698
105.6162,1,1366.16,811.5793,1365.987,811.4246
105.6302,1,1367.311,813.4506,1366.649,812.4376
105.6369,1,1367.311,813.4506,1366.98,812.9441
105.65,1,1367.829,815.5244,1367.404,814.2343
105.6579,1,1367.829,815.5244,1367.617,814.8793
105.6702,1,1367.829,815.5244,1367.723,815.2019
105.6807,1,1367.022,814.8024,1367.373,815.0022
105.6927,1,1367.022,814.8024,1367.198,814.9023
105.7023,1,1367.022,814.8024,1367.11,814.8524
105.7161,1,1366.314,813.8219,1366.712,814.3372
105.7245,1,1366.314,813.8219,1366.513,814.0795
105.7376,1,1366.314,813.8219,1366.414,813.9507
105.7497,1,1365.966,813.1906,1366.19,813.5707
105.7576,1,1365.966,813.1906,1366.078,813.3806
105.7708,1,1365.732,812.7814,1365.905,813.0811
105.7809,1,1365.732,812.7814,1365.818,812.9313
105.7919,1,1365.732,812.7814,1365.775,812.8563
105.8016,1,1365.539,812.669,1365.657,812.7627
105.814,1,1365.539,812.669,1365.598,812.7158
105.8231,1,1365.539,812.669,1365.569,812.6924
105.8347,1,1365.461,812.6371,1365.515,812.6648
105.8462,1,1365.461,812.6371,1365.488,812.651
105.855,1,1365.461,812.6371,1365.475,812.644
105.8675,1,1365.171,812.3193,1365.323,812.4817
105.8801,1,1365.171,812.3193,1365.247,812.4005
105.8901,1,1364.533,811.914,1364.89,812.1572
105.9004,1,1364.533,811.914,1364.711,812.0356
105.9129,1,1364.533,811.914,1364.622,811.9749
105.9233,1,1363.833,811.4883,1364.227,811.7316
105.9353,1,1363.833,811.4883,1364.03,811.61
105.9464,1,1363.833,811.4883,1363.931,811.5492
105.9563,1,1362.987,810.952,1363.459,811.2506
105.9674,1,1362.987,810.952,1363.223,811.1013
105.9771,1,1362.987,810.952,1363.105,811.0267
105.9885,1,1361.949,810.1028,1362.527,810.5647
106,1,1361.949,810.1028,1362.238,810.3337
106.0098,1,1360.703,808.8726,1361.47,809.6031
106.0189,1,1360.703,808.8726,1361.087,809.2379
106.033,1,1360.703,808.8726,1360.895,809.0552
106.0422,1,1357.872,805.8717,1359.383,807.4634
106.0583,1,1357.872,805.8717,1358.628,806.6676
106.0643,1,1357.872,805.8717,1358.25,806.2697
106.0769,1,1352.37,800.3803,1355.31,803.325
106.0869,1,1352.37,800.3803,1353.84,801.8527
106.1011,1,1346.241,795.1042,1350.041,798.4785
106.1155,1,1346.241,795.1042,1348.141,796.7914
106.1212,1,1346.241,795.1042,1347.191,795.9478
106.1338,1,1339.792,789.2599,1343.492,792.6039
106.1418,1,1339.792,789.2599,1341.642,790.9319
106.1544,1,1339.792,789.2599,1340.717,790.0959
106.1668,1,1333.917,785.378,1337.317,787.7369
106.1749,1,1333.917,785.378,1335.617,786.5575
106.1867,1,1333.917,785.378,1334.767,785.9678
106.198,1,1328.599,780.3199,1331.683,783.1438
106.2088,1,1328.599,780.3199,1330.141,781.7318
106.2187,1,1328.599,780.3199,1329.37,781.0259
106.2321,1,1324.118,775.4275,1326.744,778.2267
106.2487,1,1324.118,775.4275,1325.431,776.8271
106.2585,1,1321.374,772.1496,1323.402,774.4883
106.2676,1,1321.374,772.1496,1322.388,773.319
106.2785,1,1321.374,772.1496,1321.881,772.7343
106.2914,1,1318.802,769.5419,1320.341,771.1381
106.3011,1,1318.802,769.5419,1319.572,770.34
106.3149,1,1316.372,765.5316,1317.972,767.9358
106.3239,1,1316.372,765.5316,1317.172,766.7337
106.3363,1,1316.372,765.5316,1316.772,766.1327
106.3483,1,1310.313,760.9857,1313.543,763.5592
106.3567,1,1310.313,760.9857,1311.928,762.2725
106.3693,1,1310.313,760.9857,1311.121,761.629
106.38,1,1252.759,743.8062,1281.94,752.7176
106.3909,1,1252.759,743.8062,1267.349,748.2618
106.4012,1,1023.709,672.5191,1145.529,710.3905
106.4137,1,1023.709,672.5191,1084.619,691.4548
106.4229,1,1023.709,672.5191,1054.164,681.9869
106.4353,1,756.351,593.89,905.2577,637.9385
106.447,1,756.351,593.89,830.8043,615.9142
106.4561,1,756.351,593.89,793.5776,604.9021
106.4681,1,619.2819,550.7621,706.4297,577.8322
106.4782,1,619.2819,550.7621,662.8558,564.2971
106.4895,1,619.2819,550.7621,641.0688,557.5297
106.5003,1,554.619,532.4066,597.8439,544.9681
106.5119,1,554.619,532.4066,576.2314,538.6874
106.5208,1,554.619,532.4066,565.4252,535.547
106.5335,1,525.9752,524.6237,545.7002,530.0853
106.5422,1,525.9752,524.6237,535.8377,527.3545
106.5542,1,513.2728,519.8701,524.5552,523.6123
106.5673,1,513.2728,519.8701,518.914,521.7412
106.5748,1,513.2728,519.8701,516.0934,520.8057
106.5883,1,536.0407,524.7191,526.067,522.7623
106.5991,1,536.0407,524.7191,531.0538,523.7407
106.6095,1,536.0407,524.7191,533.5472,524.2299
106.6208,1,562.8726,534.2079,548.21,529.2189
106.6332,1,562.8726,534.2079,555.5413,531.7134
106.6449,1,601.7917,540.5837,578.6665,536.1486
106.6551,1,601.7917,540.5837,590.2291,538.3661
106.6669,1,601.7917,540.5837,596.0104,539.475
106.6766,1,660.2901,550.7715,628.1503,545.1232
106.6884,1,660.2901,550.7715,644.2202,547.9474
106.698,1,660.2901,550.7715,652.2551,549.3594
106.7098,1,813.7177,577.7231,732.9865,563.5413
106.7199,1,813.7177,577.7231,773.3521,570.6322
106.7325,1,813.7177,577.7231,793.5349,574.1777
106.7411,1,950.9945,603.3612,872.2647,588.7694
106.7533,1,950.9945,603.3612,911.6296,596.0653
106.7635,1,950.9945,603.3612,931.3121,599.7133
106.7741,1,1038.229,618.714,984.7706,609.2136
106.7861,1,1038.229,618.714,1011.5,613.9638
106.7973,1,1087.525,627.3944,1049.512,620.6791
106.8088,1,1087.525,627.3944,1068.519,624.0367
106.8181,1,1087.525,627.3944,1078.022,625.7156
106.8317,1,1116.038,634.025,1097.03,629.8703
106.8408,1,1116.038,634.025,1106.534,631.9476
106.8545,1,1116.038,634.025,1111.286,632.9863
106.87,1,1143.476,641.1682,1127.381,637.0773
106.8781,1,1143.476,641.1682,1135.429,639.1227
106.8913,1,1173.583,651.2523,1154.506,645.1875
106.8976,1,1173.583,651.2523,1164.044,648.2199
106.9086,1,1173.583,651.2523,1168.814,649.7361
106.9187,1,1189.112,660.2372,1178.963,654.9867
106.9317,1,1189.112,660.2372,1184.037,657.6119
106.9409,1,1189.112,660.2372,1186.574,658.9246
106.9569,1,1199.108,667.0429,1192.841,662.9838
106.9663,1,1199.108,667.0429,1195.974,665.0133
106.9784,1,1205.369,670.0345,1200.671,667.5239
106.9881,1,1205.369,670.0345,1203.02,668.7792
106.9987,1,1205.369,670.0345,1204.194,669.4069
107.0101,1,1209.656,670.2037,1206.925,669.8053
107.024,1,1209.656,670.2037,1208.291,670.0045
107.0362,1,1209.656,670.2037,1208.974,670.1041
107.044,1,1212.421,671.2595,1210.698,670.6818
107.0545,1,1212.421,671.2595,1211.559,670.9707
107.0645,1,1212.421,671.2595,1211.99,671.1151
107.0769,1,1218.83,674.2054,1215.41,672.6603
107.0872,1,1218.83,674.2054,1217.12,673.4329
107.097,1,1223.521,677.6134,1220.32,675.5231
107.1088,1,1223.521,677.6134,1221.92,676.5682
107.1205,1,1223.521,677.6134,1222.72,677.0908
107.1333,1,1226.73,680.666,1224.725,678.8784
107.1427,1,1226.73,680.666,1225.728,679.7722
107.1581,1,1229.871,681.9344,1227.799,680.8533
107.1694,1,1229.871,681.9344,1228.835,681.3939
107.1826,1,1229.871,681.9344,1229.353,681.6642
107.1933,1,1231.957,684.5078,1230.655,683.086
107.2026,1,1231.957,684.5078,1231.306,683.7969
107.2133,1,1231.957,684.5078,1231.632,684.1523
107.224,1,1234.069,687.5153,1232.85,685.8338
107.2373,1,1234.069,687.5153,1233.459,686.6746
107.2657,1,1235.306,689.4285,1234.383,688.0515
107.2757,1,1235.306,689.4285,1234.844,688.74
107.2831,1,1236.176,690.7755,1235.51,689.7578
107.2929,1,1236.176,690.7755,1235.843,690.2666
107.3022,1,1236.176,690.7755,1236.009,690.5211
107.3146,1,1236.185,691.3649,1236.097,690.943
107.3246,1,1236.185,691.3649,1236.141,691.1539
107.3355,1,1236.185,691.3649,1236.163,691.2594
107.347,1,1236.165,692.3719,1236.164,691.8157
107.3549,1,1236.165,692.3719,1236.164,692.0938
107.3674,1,1236.165,692.3719,1236.165,692.2328
107.3787,1,1235.715,693.2736,1235.94,692.7532
107.3905,1,1235.715,693.2736,1235.828,693.0134
107.4006,1,1235.227,694.5826,1235.527,693.798
107.4129,1,1235.227,694.5826,1235.377,694.1903
107.4222,1,1235.227,694.5826,1235.302,694.3865
107.4353,1,1234.903,694.9606,1235.103,694.6735
107.4473,1,1234.903,694.9606,1235.003,694.817
107.4548,1,1234.903,694.9606,1234.953,694.8888
107.4674,1,1234.409,694.8389,1234.681,694.8639
107.4795,1,1234.409,694.8389,1234.545,694.8514
107.4883,1,1234.409,694.8389,1234.477,694.8452
107.4991,1,1233.691,694.7731,1234.084,694.8092
107.5107,1,1233.691,694.7731,1233.887,694.7911
107.5208,1,1232.927,694.7927,1233.407,694.7919
107.5333,1,1232.927,694.7927,1233.167,694.7922
107.543,1,1232.927,694.7927,1233.047,694.7925
107.5562,1,1232.083,694.4391,1232.565,694.6158
107.5668,1,1232.083,694.4391,1232.324,694.5275
107.5751,1,1232.083,694.4391,1232.203,694.4833
107.5899,1,1230.959,693.92,1231.581,694.2017
107.5993,1,1230.959,693.92,1231.27,694.0609
107.6135,1,1229.7,693.2868,1230.485,693.6738
107.6219,1,1229.7,693.2868,1230.092,693.4803
107.6351,1,1229.7,693.2868,1229.896,693.3835
107.6467,1,1228.708,692.9108,1229.302,693.1472
107.6538,1,1228.708,692.9108,1229.005,693.0289
107.6667,1,1228.708,692.9108,1228.857,692.9698
107.675,1,1227.677,692.5547,1228.267,692.7623
107.6888,1,1227.677,692.5547,1227.972,692.6584
107.6981,1,1227.677,692.5547,1227.825,692.6066
107.7085,1,1226.574,692.322,1227.199,692.4643
107.7191,1,1226.574,692.322,1226.887,692.3932
107.7332,1,1226.127,690.9633,1226.507,691.6782
107.742,1,1226.127,690.9633,1226.317,691.3207
107.7537,1,1226.127,690.9633,1226.222,691.142
107.7641,1,1225.764,689.4608,1225.993,690.3014
107.7766,1,1225.764,689.4608,1225.878,689.8811
107.7913,1,1225.591,687.2115,1225.735,688.5463
107.7991,1,1225.591,687.2115,1225.663,687.8789
107.81,1,1225.591,687.2115,1225.627,687.5452
107.8202,1,1225.591,687.2115,1225.609,687.3784
107.833,1,1225.08,684.7621,1225.345,686.0703
107.842,1,1225.08,684.7621,1225.213,685.4161
107.8546,1,1223.852,682.2624,1224.532,683.8392
107.864,1,1223.852,682.2624,1224.192,683.0508
107.8747,1,1223.852,682.2624,1224.022,682.6566
107.8851,1,1222.62,679.8633,1223.321,681.26
107.8968,1,1222.62,679.8633,1222.971,680.5616
107.9069,1,1222.62,679.8633,1222.796,680.2125
107.9178,1,1221.486,677.6724,1222.141,678.9424
107.93,1,1221.486,677.6724,1221.813,678.3074
107.9393,1,1221.486,677.6724,1221.649,677.9899
107.9527,1,1219.596,676.1827,1220.623,677.0863
107.9624,1,1219.596,676.1827,1220.11,676.6345
107.9739,1,1217.402,674.6379,1218.756,675.6362
107.9842,1,1217.402,674.6379,1218.079,675.1371
107.9971,1,1217.402,674.6379,1217.74,674.8875
108.0047,1,1215.124,673.0181,1216.432,673.9528
108.0165,1,1215.124,673.0181,1215.778,673.4855
108.0284,1,1215.124,673.0181,1215.451,673.2518
108.0377,1,1213.378,671.9917,1214.414,672.6218
108.052,1,1213.378,671.9917,1213.896,672.3068
108.0612,1,1213.378,671.9917,1213.637,672.1492
108.073,1,1211.871,670.9641,1212.754,671.5566
108.083,1,1211.871,670.9641,1212.313,671.2604
108.0933,1,1211.871,670.9641,1212.092,671.1122
108.1027,1,1210.418,669.4247,1211.255,670.2685
108.1149,1,1210.418,669.4247,1210.837,669.8466
108.1272,1,1209.325,668.129,1210.081,668.9878
108.1376,1,1209.325,668.129,1209.703,668.5584
108.1504,1,1209.325,668.129,1209.514,668.3438
108.1597,1,1207.837,667.5316,1208.676,667.9376
108.1713,1,1207.837,667.5316,1208.257,667.7346
108.1815,1,1207.837,667.5316,1208.047,667.6331
108.1928,1,1208.859,665.47,1208.453,666.5515
108.2028,1,1208.859,665.47,1208.656,666.0107
108.2157,1,1211.665,659.4952,1210.161,662.7529
108.2246,1,1211.665,659.4952,1210.913,661.124
108.2374,1,1211.665,659.4952,1211.289,660.3096
108.2482,1,1214.431,652.5826,1212.86,656.4461
108.2568,1,1214.431,652.5826,1213.645,654.5144
108.2695,1,1214.431,652.5826,1214.038,653.5485
108.2794,1,1217.757,645.155,1215.897,649.3517
108.2915,1,1217.757,645.155,1216.827,647.2534
108.301,1,1217.757,645.155,1217.292,646.2042
108.3169,1,1221.078,637.9401,1219.185,642.0721
108.3237,1,1221.078,637.9401,1220.132,640.0061
108.3359,1,1223.09,630.9713,1221.611,635.4887
108.3475,1,1223.09,630.9713,1222.35,633.23
108.357,1,1223.09,630.9713,1222.72,632.1006
108.3687,1,1226.623,624.1123,1224.671,628.1064
108.3806,1,1226.623,624.1123,1225.647,626.1094
108.3918,1,1226.623,624.1123,1226.135,625.1108
108.4018,1,1229.7,620.383,1227.917,622.7469
108.4142,1,1229.7,620.383,1228.809,621.5649
108.4238,1,1229.7,620.383,1229.254,620.974
108.4363,1,1231.756,617.197,1230.505,619.0854
108.4495,1,1231.756,617.197,1231.13,618.1412
108.4602,1,1233.521,613.4962,1232.325,615.8187
108.4728,1,1233.521,613.4962,1232.923,614.6575
108.4819,1,1233.521,613.4962,1233.222,614.0768
108.4945,1,1233.575,610.7103,1233.399,612.3936
108.504,1,1233.575,610.7103,1233.487,611.5519
108.5168,1,1233.575,610.7103,1233.531,611.1311
108.5288,1,1233.913,608.5638,1233.722,609.8475
108.5351,1,1233.913,608.5638,1233.818,609.2057
108.5484,1,1235.084,606.8448,1234.451,608.0253
108.5579,1,1235.084,606.8448,1234.767,607.4351
108.571,1,1235.084,606.8448,1234.926,607.14
108.581,1,1236.339,603.9465,1235.632,605.5432
108.596,1,1236.339,603.9465,1235.985,604.7449
108.603,1,1236.339,603.9465,1236.162,604.3457
108.6152,1,1237.837,601.8463,1237,603.0959
108.6236,1,1237.837,601.8463,1237.418,602.4711
108.6352,1,1237.837,601.8463,1237.628,602.1587
108.6477,1,1240.266,600.2045,1238.947,601.1816
108.6553,1,1240.266,600.2045,1239.607,600.693
108.6674,1,1240.266,600.2045,1239.937,600.4487
108.6812,1,1242.256,598.3707,1241.096,599.4097
108.6909,1,1242.256,598.3707,1241.676,598.8901
108.7,1,1243.955,596.4671,1242.815,597.6786
108.7127,1,1243.955,596.4671,1243.385,597.0729
108.722,1,1243.955,596.4671,1243.67,596.77
108.7344,1,1246.24,594.5709,1244.955,595.6704
108.7462,1,1246.24,594.5709,1245.597,595.1206
108.757,1,1246.24,594.5709,1245.918,594.8457
108.7682,1,1248.954,593.4705,1247.436,594.1581
108.7783,1,1248.954,593.4705,1248.195,593.8143
108.7908,1,1251.021,592.0297,1249.608,592.922
108.7998,1,1251.021,592.0297,1250.315,592.4758
108.8133,1,1251.021,592.0297,1250.668,592.2527
108.8211,1,1253.074,591.1893,1251.871,591.721
108.8338,1,1253.074,591.1893,1252.472,591.4551
108.8431,1,1253.074,591.1893,1252.773,591.3222
108.8543,1,1254.86,590.2251,1253.817,590.7737
108.8648,1,1254.86,590.2251,1254.338,590.4994
108.8766,1,1254.86,590.2251,1254.599,590.3622
108.8882,1,1256.959,589.6837,1255.779,590.0229
108.8981,1,1256.959,589.6837,1256.369,589.8533
108.9118,1,1258.6,589.366,1257.485,589.6096
108.9211,1,1258.6,589.366,1258.042,589.4878
108.9328,1,1258.6,589.366,1258.321,589.4269
108.9435,1,1260.209,589.1774,1259.265,589.3021
108.9559,1,1260.209,589.1774,1259.737,589.2397
108.9648,1,1260.209,589.1774,1259.973,589.2086
108.9755,1,1261.596,588.1605,1260.784,588.6846
108.9887,1,1261.596,588.1605,1261.19,588.4225
108.9981,1,1261.596,588.1605,1261.393,588.2915
109.0096,1,1263.138,588.0255,1262.266,588.1584
109.019,1,1263.138,588.0255,1262.702,588.0919
109.0323,1,1264.657,587.1111,1263.68,587.6016
109.0399,1,1264.657,587.1111,1264.168,587.3563
109.055,1,1264.657,587.1111,1264.413,587.2338
109.0645,1,1265.973,585.7344,1265.193,586.4841
109.0756,1,1265.973,585.7344,1265.583,586.1093
109.0879,1,1265.973,585.7344,1265.778,585.9219
109.0982,1,1267.785,585.8704,1266.781,585.8961
109.113,1,1267.785,585.8704,1267.283,585.8832
109.1212,1,1269.128,585.6608,1268.205,585.772
109.1336,1,1269.128,585.6608,1268.667,585.7164
109.1476,1,1269.128,585.6608,1268.897,585.6886
109.1697,1,1270.319,585.0753,1269.608,585.382
109.1762,1,1270.319,585.0753,1269.963,585.2286
109.1837,1,1271.027,584.2558,1270.495,584.7422
109.2,1,1271.027,584.2558,1270.761,584.499
109.2094,1,1271.027,584.2558,1270.894,584.3774
109.2174,1,1271.48,584.1838,1271.187,584.2806
109.2297,1,1271.48,584.1838,1271.334,584.2322
109.2386,1,1271.48,584.1838,1271.407,584.208
109.2505,1,1269.578,584.6215,1270.492,584.4148
109.2628,1,1269.578,584.6215,1270.035,584.5182
109.2728,1,1268.342,584.9584,1269.188,584.7383
109.2831,1,1268.342,584.9584,1268.765,584.8483
109.2938,1,1268.342,584.9584,1268.553,584.9033
109.3031,1,1266.642,585.447,1267.597,585.1752
109.3165,1,1266.642,585.447,1267.12,585.3111
109.3267,1,1266.642,585.447,1266.881,585.379
109.336,1,1264.47,585.8938,1265.675,585.6364
109.3491,1,1264.47,585.8938,1265.073,585.7651
109.3577,1,1264.47,585.8938,1264.771,585.8295
109.3705,1,1261.891,586.1948,1263.331,586.0121
109.3809,1,1261.891,586.1948,1262.611,586.1034
109.3914,1,1261.891,586.1948,1262.251,586.149
109.4043,1,1259.196,587.2657,1260.724,586.7074
109.4177,1,1259.196,587.2657,1259.96,586.9866
109.4298,1,1256.055,587.844,1258.008,587.4153
109.4381,1,1256.055,587.844,1257.031,587.6296
109.4498,1,1256.055,587.844,1256.543,587.7368
109.458,1,1253.355,588.2648,1254.949,588.0009
109.4704,1,1253.355,588.2648,1254.152,588.1328
109.4807,1,1253.355,588.2648,1253.753,588.1989
109.4909,1,1250.705,588.8898,1252.229,588.5443
109.5011,1,1250.705,588.8898,1251.467,588.717
109.5141,1,1248.123,591.1676,1249.795,589.9423
109.5226,1,1248.123,591.1676,1248.959,590.5549
109.5356,1,1248.123,591.1676,1248.541,590.8613
109.5484,1,1244.206,595.8022,1246.374,593.3318
109.5566,1,1244.206,595.8022,1245.29,594.567
109.5698,1,1244.206,595.8022,1244.748,595.1846
109.5807,1,1239.693,600.3045,1242.221,597.7446
109.5934,1,1239.693,600.3045,1240.957,599.0245
109.6047,1,1236.73,605.7875,1238.844,602.406
109.6175,1,1236.73,605.7875,1237.787,604.0967
109.6289,1,1236.73,605.7875,1237.259,604.9421
109.6377,1,1233.681,611.2941,1235.47,608.1181
109.6499,1,1233.681,611.2941,1234.575,609.7061
109.6606,1,1233.681,611.2941,1234.128,610.5001
109.6715,1,1230.354,616.4714,1232.241,613.4857
109.6814,1,1230.354,616.4714,1231.298,614.9785
109.694,1,1230.354,616.4714,1230.826,615.725
109.7035,1,1227.167,621.5359,1228.996,618.6304
109.7155,1,1227.167,621.5359,1228.082,620.0831
109.7262,1,1188.925,629.7587,1208.503,624.9209
109.7365,1,1188.925,629.7587,1198.714,627.3398
109.7479,1,1188.925,629.7587,1193.819,628.5492
109.7573,1,990.9739,656.1165,1092.397,642.3329
109.7696,1,990.9739,656.1165,1041.685,649.2247
109.7802,1,990.9739,656.1165,1016.33,652.6707
109.7906,1,750.4472,687.3259,883.3884,669.9983
109.7991,1,750.4472,687.3259,816.9178,678.6621
109.8132,1,750.4472,687.3259,783.6825,682.994
109.8216,1,615.55,707.4132,699.6162,695.2036
109.834,1,615.55,707.4132,657.5831,701.3084
109.8445,1,615.55,707.4132,636.5665,704.3608
109.8549,1,548.9146,717.6882,592.7406,711.0245
109.8666,1,548.9146,717.6882,570.8276,714.3563
109.8779,1,518.1014,725.8776,544.4645,720.1169
109.8887,1,518.1014,725.8776,531.283,722.9973
109.9008,1,518.1014,725.8776,524.6921,724.4374
109.9128,1,502.8612,730.5395,513.7767,727.4884
109.9214,1,502.8612,730.5395,508.3189,729.0139
109.9326,1,502.8612,730.5395,505.59,729.7767
109.9419,1,493.8695,730.8693,499.7298,730.323
109.9543,1,493.8695,730.8693,496.7996,730.5962
109.9691,1,487.6646,730.9439,492.2321,730.77
109.9784,1,487.6646,730.9439,489.9484,730.8569
109.9898,1,487.6646,730.9439,488.8065,730.9004
110.0005,1,485.4513,732.6857,487.1289,731.7931
110.0125,1,485.4513,732.6857,486.2901,732.2394
110.0206,1,485.4513,732.6857,485.8707,732.4625
110.0316,1,492.4689,732.4727,489.1698,732.4676
110.0408,1,492.4689,732.4727,490.8193,732.4701
110.0548,1,492.4689,732.4727,491.6441,732.4714
110.0643,1,519.6851,732.9859,505.6646,732.7286
110.0746,1,519.6851,732.9859,512.6748,732.8573
110.0847,1,519.6851,732.9859,516.1799,732.9216
110.0982,1,552.9764,733.2713,534.5781,733.0964
110.1076,1,552.9764,733.2713,543.7772,733.1838
110.1176,1,670.3309,731.5666,607.0541,732.3752
110.1303,1,670.3309,731.5666,638.6925,731.9709
110.1384,1,670.3309,731.5666,654.5117,731.7688
110.1508,1,818.2766,730.9031,736.3942,731.3359
110.1627,1,818.2766,730.9031,777.3354,731.1195
110.1726,1,818.2766,730.9031,797.806,731.0114
110.1823,1,964.3629,724.0636,881.0845,727.5375
110.1931,1,964.3629,724.0636,922.7237,725.8005
110.2034,1,964.3629,724.0636,943.5433,724.9321
110.2183,1,1086.33,714.5462,1014.937,719.7391
110.2267,1,1086.33,714.5462,1050.633,717.1427
110.2371,1,1086.33,714.5462,1068.482,715.8445
110.2513,1,1147.525,708.4524,1108.003,712.1484
110.2625,1,1147.525,708.4524,1127.764,710.3004
110.2739,1,1180.264,703.5768,1154.014,706.9386
110.284,1,1180.264,703.5768,1167.139,705.2577
110.2954,1,1180.264,703.5768,1173.701,704.4172
110.307,1,1196.791,701.464,1185.246,702.9406
110.3173,1,1196.791,701.464,1191.019,702.2023
110.3296,1,1206.401,698.6151,1198.709,700.4087
110.34,1,1206.401,698.6151,1202.555,699.5119
110.3498,1,1206.401,698.6151,1204.478,699.0635
110.3587,1,1206.401,698.6151,1205.439,698.8393
110.3717,1,1213.363,697.2273,1209.401,698.0333
110.3815,1,1213.363,697.2273,1211.382,697.6303
110.3933,1,1218.302,695.6715,1214.842,696.6509
110.4035,1,1218.302,695.6715,1216.572,696.1612
110.4151,1,1218.302,695.6715,1217.437,695.9164
110.4244,1,1221.508,695.3249,1219.472,695.6206
110.4368,1,1221.508,695.3249,1220.49,695.4728
110.448,1,1221.508,695.3249,1220.999,695.3988
110.4574,1,1222.305,691.8399,1221.652,693.6194
110.47,1,1222.305,691.8399,1221.979,692.7296
110.4806,1,1222.935,689.7201,1222.457,691.2249
110.4916,1,1222.935,689.7201,1222.696,690.4725
110.5019,1,1222.935,689.7201,1222.816,690.0963
110.5139,1,1224.077,688.6358,1223.447,689.3661
110.5241,1,1224.077,688.6358,1223.762,689.001
110.5353,1,1224.077,688.6358,1223.92,688.8184
110.5461,1,1225.2,688.1149,1224.56,688.4666
110.5551,1,1225.2,688.1149,1224.88,688.2908
110.5685,1,1225.2,688.1149,1225.04,688.2028
110.5797,1,1225.738,687.5665,1225.389,687.8846
110.5905,1,1225.738,687.5665,1225.564,687.7256
110.6012,1,1226.478,686.4818,1226.021,687.1037
110.6132,1,1226.478,686.4818,1226.25,686.7927
110.6213,1,1226.478,686.4818,1226.364,686.6373
110.6331,1,1227.442,685.1546,1226.903,685.8959
110.6419,1,1227.442,685.1546,1227.172,685.5253
110.6546,1,1227.442,685.1546,1227.307,685.34
110.666,1,1227.807,684.8784,1227.557,685.1091
110.6753,1,1227.807,684.8784,1227.682,684.9938
110.6882,1,1227.807,684.8784,1227.744,684.936
110.6985,1,1227.99,684.6852,1227.867,684.8107
110.7092,1,1227.99,684.6852,1227.929,684.7479
110.7191,1,1227.99,684.6852,1227.96,684.7166
110.7333,1,1228.559,684.8232,1228.259,684.7699
110.7461,1,1228.559,684.8232,1228.409,684.7965
110.7549,1,1228.982,685.2808,1228.696,685.0386
110.7648,1,1228.982,685.2808,1228.839,685.1597
110.7759,1,1228.982,685.2808,1228.91,685.2202
110.7873,1,1228.972,685.7427,1228.941,685.4814
110.798,1,1228.972,685.7427,1228.957,685.6121
110.8094,1,1228.972,685.7427,1228.964,685.6774
110.8191,1,1229.305,687.01,1229.135,686.3437
110.8319,1,1229.305,687.01,1229.22,686.6769
110.8411,1,1229.305,687.01,1229.262,686.8434
110.8547,1,1230.189,688.6773,1229.726,687.7604
110.8644,1,1230.189,688.6773,1229.958,688.2189
110.8768,1,1230.654,690.9285,1230.306,689.5737
110.8867,1,1230.654,690.9285,1230.48,690.2511
110.8975,1,1230.654,690.9285,1230.567,690.5898
110.9095,1,1231.77,693.8673,1231.168,692.2286
110.9175,1,1231.77,693.8673,1231.469,693.048
110.9317,1,1231.77,693.8673,1231.619,693.4576
110.9401,1,1233.943,696.7648,1232.781,695.1112
110.9534,1,1233.943,696.7648,1233.362,695.938
110.964,1,1235.123,699.5551,1234.243,697.7466
110.9753,1,1235.123,699.5551,1234.683,698.6509
110.9862,1,1235.123,699.5551,1234.903,699.103
110.997,1,1236.328,702.6152,1235.616,700.8591
111.0073,1,1236.328,702.6152,1235.972,701.7372
111.0179,1,1236.328,702.6152,1236.15,702.1762
111.0307,1,1237.412,705.1069,1236.781,703.6416
111.0389,1,1237.412,705.1069,1237.096,704.3743
111.0512,1,1237.412,705.1069,1237.254,704.7406
111.0611,1,1238.899,707.3797,1238.076,706.0602
111.0704,1,1238.899,707.3797,1238.488,706.72
111.0805,1,1238.899,707.3797,1238.693,707.0498
111.1016,1,1239.918,709.8121,1239.305,708.4309
111.1097,1,1239.918,709.8121,1239.612,709.1215
111.1166,1,1240.849,711.0537,1240.23,710.0876
111.1277,1,1240.849,711.0537,1240.539,710.5707
111.1361,1,1240.849,711.0537,1240.694,710.8122
111.1496,1,1242.327,712.0925,1241.511,711.4523
111.1581,1,1242.327,712.0925,1241.919,711.7724
111.1718,1,1242.327,712.0925,1242.123,711.9324
111.1818,1,1243.016,713.6091,1242.57,712.7708
111.2006,1,1243.016,713.6091,1242.793,713.1899
111.2126,1,1243.652,714.5168,1243.222,713.8534
111.2182,1,1243.652,714.5168,1243.437,714.1851
111.2301,1,1243.652,714.5168,1243.544,714.351
111.2385,1,1244.607,715.54,1244.076,714.9455
111.2511,1,1244.607,715.54,1244.341,715.2428
111.2622,1,1244.607,715.54,1244.474,715.3914
111.2748,1,1245.462,716.3911,1244.968,715.8912
111.2828,1,1245.462,716.3911,1245.215,716.1412
111.2955,1,1245.462,716.3911,1245.339,716.2661
111.3072,1,1246.523,716.8794,1245.931,716.5728
111.3166,1,1246.523,716.8794,1246.227,716.7261
111.3314,1,1247.273,717.5601,1246.75,717.1431
111.3446,1,1247.273,717.5601,1247.011,717.3516
111.3532,1,1247.273,717.5601,1247.142,717.4558
111.3628,1,1247.935,718.8667,1247.539,718.1613
111.3733,1,1247.935,718.8667,1247.737,718.514
111.3839,1,1247.935,718.8667,1247.836,718.6903
111.3967,1,1248.649,720.0922,1248.242,719.3912
111.4064,1,1248.649,720.0922,1248.446,719.7417
111.4166,1,1251.396,721.4015,1249.921,720.5716
111.429,1,1251.396,721.4015,1250.659,720.9866
111.4387,1,1251.396,721.4015,1251.027,721.194
111.454,1,1256.653,723.241,1253.84,722.2175
111.4604,1,1256.653,723.241,1255.247,722.7292
111.4703,1,1256.653,723.241,1255.95,722.9851
111.482,1,1261.065,725.7139,1258.507,724.3495
111.4974,1,1261.065,725.7139,1259.786,725.0317
111.5042,1,1261.065,725.7139,1260.425,725.3728
111.5177,1,1265.013,728.8202,1262.719,727.0965
111.527,1,1265.013,728.8202,1263.866,727.9584
111.5358,1,1265.013,728.8202,1264.44,728.3893
111.5491,1,1269.2,731.9741,1266.82,730.1817
111.5583,1,1269.2,731.9741,1268.01,731.0779
111.5721,1,1273.36,735.7698,1270.685,733.4238
111.582,1,1273.36,735.7698,1272.022,734.5968
111.5933,1,1273.36,735.7698,1272.691,735.1833
111.6046,1,1276.962,739.006,1274.827,737.0947
111.6169,1,1276.962,739.006,1275.894,738.0503
111.6268,1,1276.962,739.006,1276.428,738.5281
111.6382,1,1280.42,741.8871,1278.424,740.2076
111.6505,1,1280.42,741.8871,1279.422,741.0474
111.659,1,1283.909,744.5477,1281.666,742.7975
111.6708,1,1283.909,744.5477,1282.787,743.6726
111.6811,1,1283.909,744.5477,1283.348,744.1102
111.6937,1,1286.296,746.3047,1284.822,745.2074
111.7036,1,1286.296,746.3047,1285.559,745.756
111.7154,1,1286.296,746.3047,1285.928,746.0304
111.7266,1,1288.678,749.1198,1287.303,747.5751
111.74,1,1288.678,749.1198,1287.991,748.3474
111.7522,1,1290.95,752.093,1289.47,750.2202
111.7635,1,1290.95,752.093,1290.21,751.1566
111.7733,1,1290.95,752.093,1290.58,751.6248
111.784,1,1293.167,754.1042,1291.873,752.8645
111.7967,1,1293.167,754.1042,1292.52,753.4844
111.8068,1,1293.167,754.1042,1292.844,753.7943
111.8171,1,1295.291,755.892,1294.067,754.8431
111.8301,1,1295.291,755.892,1294.679,755.3676
111.839,1,1295.291,755.892,1294.985,755.6298
111.8522,1,1297.034,758.276,1296.009,756.9529
111.8637,1,1297.034,758.276,1296.522,757.6144
111.8757,1,1298.668,759.5438,1297.595,758.5791
111.8872,1,1298.668,759.5438,1298.132,759.0614
111.8977,1,1298.668,759.5438,1298.4,759.3026
111.9089,1,1299.778,760.9784,1299.089,760.1405
111.9168,1,1299.778,760.9784,1299.433,760.5594
111.9292,1,1299.778,760.9784,1299.605,760.7689
111.938,1,1301.104,762.2103,1300.355,761.4896
111.9501,1,1301.104,762.2103,1300.729,761.85
111.9618,1,1303.265,764.0787,1301.997,762.9644
111.9728,1,1303.265,764.0787,1302.631,763.5215
111.9843,1,1303.265,764.0787,1302.948,763.8002
111.9966,1,1304.946,767.3321,1303.947,765.5662
112.0047,1,1304.946,767.3321,1304.447,766.4491
112.0164,1,1304.946,767.3321,1304.697,766.8906
112.0288,1,1306.991,770.5539,1305.844,768.7223
112.0369,1,1306.991,770.5539,1306.418,769.6381
112.0491,1,1306.991,770.5539,1306.705,770.0959
112.0591,1,1308.993,773.462,1307.849,771.7789
112.0712,1,1308.993,773.462,1308.421,772.6205
112.0827,1,1310.685,776.4446,1309.553,774.5325
112.0963,1,1310.685,776.4446,1310.119,775.4885
112.1046,1,1310.685,776.4446,1310.402,775.9666
112.1171,1,1312.784,779.4518,1311.593,777.7092
112.1284,1,1312.784,779.4518,1312.188,778.5806
112.1378,1,1312.784,779.4518,1312.486,779.0162
112.1511,1,1315.201,782.4396,1313.843,780.7279
112.1609,1,1315.201,782.4396,1314.522,781.5837
112.173,1,1316.107,785.2064,1315.314,783.395
112.1829,1,1316.107,785.2064,1315.71,784.3007
112.1956,1,1316.107,785.2064,1315.908,784.7535
112.2041,1,1317.798,787.0345,1316.853,785.894
112.2168,1,1317.798,787.0345,1317.326,786.4642
112.2281,1,1317.798,787.0345,1317.562,786.7494
112.2367,1,1319.337,788.6277,1318.449,787.6886
112.2496,1,1319.337,788.6277,1318.893,788.1582
112.2604,1,1319.337,788.6277,1319.115,788.3929
112.2711,1,1320.466,790.4986,1319.791,789.4458
112.2821,1,1320.466,790.4986,1320.128,789.9722
112.2929,1,1322.151,791.8525,1321.14,790.9124
112.3029,1,1322.151,791.8525,1321.646,791.3824
112.3146,1,1322.151,791.8525,1321.898,791.6174
112.3246,1,1323.681,793.2864,1322.79,792.4519
112.3351,1,1323.681,793.2864,1323.236,792.8691
112.3472,1,1323.681,793.2864,1323.458,793.0778
112.3552,1,1324.965,794.8692,1324.212,793.9735
112.3685,1,1324.965,794.8692,1324.589,794.4214
112.3801,1,1324.965,794.8692,1324.777,794.6453
112.3914,1,1326.681,796.8849,1325.729,795.7651
112.4007,1,1326.681,796.8849,1326.205,796.3251
112.4148,1,1327.623,798.9679,1326.914,797.6465
112.4234,1,1327.623,798.9679,1327.268,798.3072
112.4351,1,1327.623,798.9679,1327.445,798.6376
112.4462,1,1328.758,800.5239,1328.102,799.5807
112.4544,1,1328.758,800.5239,1328.43,800.0522
112.4675,1,1328.758,800.5239,1328.594,800.2881
112.4803,1,1330.202,802.5245,1329.398,801.4063
112.4909,1,1330.202,802.5245,1329.8,801.9653
112.5006,1,1330.202,802.5245,1330.001,802.2449
112.5132,1,1331.412,804.1294,1330.706,803.1871
112.5219,1,1331.412,804.1294,1331.059,803.6583
112.5339,1,1331.412,804.1294,1331.235,803.8938
112.5461,1,1332.503,805.826,1331.869,804.8599
112.5578,1,1332.503,805.826,1332.186,805.343
112.5686,1,1333.418,807.1522,1332.802,806.2476
112.5782,1,1333.418,807.1522,1333.11,806.6998
112.5899,1,1333.418,807.1522,1333.264,806.926
112.6004,1,1334.317,808.574,1333.791,807.75
112.6128,1,1334.317,808.574,1334.054,808.162
112.6216,1,1334.317,808.574,1334.186,808.368
112.6342,1,1335.849,810.0043,1335.017,809.1862
112.6462,1,1335.849,810.0043,1335.433,809.5952
112.6539,1,1335.849,810.0043,1335.641,809.7998
112.6645,1,1337.355,811.6727,1336.498,810.7362
112.6757,1,1337.355,811.6727,1336.927,811.2045
112.6865,1,1338.714,813.6227,1337.82,812.4136
112.6969,1,1338.714,813.6227,1338.267,813.0182
112.708,1,1338.714,813.6227,1338.491,813.3204
112.7187,1,1340.375,814.8582,1339.433,814.0894
112.7326,1,1340.375,814.8582,1339.904,814.4738
112.7419,1,1340.375,814.8582,1340.139,814.666
112.7526,1,1341.758,815.7059,1340.949,815.186
112.763,1,1341.758,815.7059,1341.353,815.4459
112.7734,1,1341.758,815.7059,1341.556,815.5759
112.784,1,1342.91,817.3136,1342.233,816.4448
112.7961,1,1342.91,817.3136,1342.572,816.8792
112.808,1,1344.585,819.5234,1343.578,818.2013
112.8178,1,1344.585,819.5234,1344.082,818.8624
112.8297,1,1344.585,819.5234,1344.334,819.1929
112.8391,1,1345.228,821.6642,1344.781,820.4285
112.851,1,1345.228,821.6642,1345.005,821.0464
112.8593,1,1345.228,821.6642,1345.116,821.3553
112.8713,1,1345.928,823.3588,1345.522,822.3571
112.8818,1,1345.928,823.3588,1345.725,822.8579
112.8946,1,1345.928,823.3588,1345.827,823.1083
112.9037,1,1346.314,824.9457,1346.071,824.027
112.9155,1,1346.314,824.9457,1346.192,824.4864
112.9263,1,1346.314,824.9457,1346.253,824.7161
112.9351,1,1346.994,826.0924,1346.624,825.4042
112.9493,1,1346.994,826.0924,1346.809,825.7483
112.9607,1,1347.941,826.5079,1347.375,826.1281
112.9711,1,1347.941,826.5079,1347.658,826.318
112.9821,1,1347.941,826.5079,1347.8,826.413
112.9953,1,1348.419,827.1666,1348.109,826.7898
113.0041,1,1348.419,827.1666,1348.264,826.9781
113.0164,1,1348.419,827.1666,1348.342,827.0724
113.0289,1,1347.678,827.9767,1348.01,827.5245
113.0387,1,1347.678,827.9767,1347.844,827.7506
113.0497,1,1346.496,827.1231,1347.17,827.4369
113.0595,1,1346.496,827.1231,1346.833,827.28
113.0724,1,1346.496,827.1231,1346.665,827.2015
113.0827,1,1345.714,826.5865,1346.189,826.894
113.0932,1,1345.714,826.5865,1345.952,826.7402
113.1038,1,1345.714,826.5865,1345.833,826.6633
113.1155,1,1345.037,826.3597,1345.435,826.5115
113.1243,1,1345.037,826.3597,1345.236,826.4357
113.1379,1,1345.037,826.3597,1345.136,826.3977
113.1497,1,1344.023,826.163,1344.58,826.2804
113.1575,1,1344.023,826.163,1344.302,826.2217
113.1705,1,1342.976,825.9749,1343.639,826.0983
113.1811,1,1342.976,825.9749,1343.307,826.0366
113.1925,1,1342.976,825.9749,1343.142,826.0057
113.202,1,1341.78,825.8391,1342.461,825.9224
113.2145,1,1341.78,825.8391,1342.12,825.8807
113.2247,1,1341.78,825.8391,1341.95,825.8599
113.2369,1,1340.022,825.4726,1340.986,825.6663
113.2477,1,1340.022,825.4726,1340.504,825.5695
113.2571,1,1340.022,825.4726,1340.263,825.521
113.2829,1,1337.752,824.7388,1339.007,825.1299
113.2917,1,1336.271,823.8774,1337.639,824.5037
113.2978,1,1336.271,823.8774,1336.955,824.1906
113.3096,1,1336.271,823.8774,1336.613,824.034
113.3181,1,1336.271,823.8774,1336.442,823.9557
113.3305,1,1334.66,823.0435,1335.551,823.4996
113.3405,1,1334.66,823.0435,1335.105,823.2716
113.3528,1,1332.662,822.1866,1333.884,822.7291
113.3632,1,1332.662,822.1866,1333.273,822.4579
113.3745,1,1332.662,822.1866,1332.968,822.3223
113.3869,1,1331.219,821.7958,1332.094,822.059
113.3961,1,1331.219,821.7958,1331.656,821.9274
113.4079,1,1331.219,821.7958,1331.438,821.8616
113.418,1,1329.529,821.5085,1330.483,821.6851
113.4301,1,1329.529,821.5085,1330.006,821.5968
113.4506,1,1327.23,821.5239,1328.618,821.5604
113.4568,1,1327.23,821.5239,1327.924,821.5421
113.4663,1,1327.23,821.5239,1327.577,821.533
113.4752,1,1325.716,820.8207,1326.647,821.1769
113.4879,1,1325.716,820.8207,1326.181,820.9988
113.4986,1,1325.716,820.8207,1325.949,820.9098
113.5087,1,1324.027,820.1246,1324.988,820.5172
113.5187,1,1324.027,820.1246,1324.507,820.3209
113.5307,1,1323.685,821.0533,1324.096,820.6871
113.5394,1,1323.685,821.0533,1323.89,820.8702
113.5522,1,1323.685,821.0533,1323.787,820.9618
113.5631,1,1322.72,821.9339,1323.254,821.4479
113.5745,1,1322.72,821.9339,1322.987,821.6909
113.5845,1,1322.72,821.9339,1322.854,821.8124
113.598,1,1321.767,821.946,1322.311,821.8792
113.6082,1,1321.767,821.946,1322.039,821.9126
113.6165,1,1321.767,821.946,1321.903,821.9293
113.627,1,1320.803,823.3215,1321.353,822.6254
113.6381,1,1320.803,823.3215,1321.078,822.9735
113.6496,1,1320.803,823.3215,1320.94,823.1475
113.6591,1,1319.778,824.2168,1320.359,823.6821
113.6713,1,1319.778,824.2168,1320.069,823.9495
113.6826,1,1319.797,826.6262,1319.933,825.2878
113.6944,1,1319.797,826.6262,1319.865,825.957
113.7039,1,1319.797,826.6262,1319.831,826.2916
113.7164,1,1318.33,827.3741,1319.081,826.8329
113.728,1,1318.33,827.3741,1318.706,827.1035
113.7371,1,1318.33,827.3741,1318.518,827.2388
113.7493,1,1317.072,828.6909,1317.795,827.9648
113.7586,1,1317.072,828.6909,1317.434,828.3279
113.7704,1,1317.072,828.6909,1317.253,828.5094
113.781,1,1315.821,830.452,1316.537,829.4807
113.793,1,1315.821,830.452,1316.179,829.9664
113.8031,1,1298.042,821.6482,1307.11,825.8073
113.8158,1,1298.042,821.6482,1302.576,823.7277
113.824,1,1298.042,821.6482,1300.309,822.688
113.8375,1,1188.151,749.891,1244.23,786.2895
113.8494,1,1188.151,749.891,1216.19,768.0902
113.8575,1,1188.151,749.891,1202.17,758.9906
113.8701,1,1012.378,630.9464,1107.274,694.9685
113.88,1,1012.378,630.9464,1059.826,662.9574
113.8923,1,1012.378,630.9464,1036.102,646.9519
113.9017,1,903.1313,558.9931,969.6165,602.9725
113.9145,1,903.1313,558.9931,936.3739,580.9828
113.9248,1,850.2836,524.0615,893.3287,552.5222
113.9365,1,850.2836,524.0615,871.8062,538.2919
113.9467,1,850.2836,524.0615,861.0449,531.1767
113.955,1,826.7212,505.892,843.8831,518.5344
113.9681,1,826.7212,505.892,835.3021,512.2132
113.9775,1,826.7212,505.892,831.0117,509.0526
113.988,1,816.4422,495.306,823.7269,502.1793
113.9989,1,816.4422,495.306,820.0846,498.7426
114.009,1,816.4422,495.306,818.2634,497.0243
114.0189,1,791.4766,458.5266,804.87,477.7755
114.0321,1,791.4766,458.5266,798.1733,468.1511
114.0406,1,791.4766,458.5266,794.825,463.3389
114.0531,1,765.3256,386.2956,780.0753,424.8173
114.0632,1,765.3256,386.2956,772.7004,405.5565
114.0734,1,765.3256,386.2956,769.0131,395.926
114.0829,1,750.9919,337.096,760.0025,366.511
114.0961,1,750.9919,337.096,755.4972,351.8035
114.1031,1,750.9919,337.096,753.2446,344.4498
114.1188,1,744.8499,313.7185,749.0472,329.0841
114.129,1,744.8499,313.7185,746.9485,321.4013
114.1403,1,742.8721,297.1873,744.9103,309.2943
114.1511,1,742.8721,297.1873,743.8912,303.2408
114.1615,1,742.8721,297.1873,743.3817,300.2141
114.1724,1,741.0403,291.1036,742.2111,295.6588
114.1817,1,741.0403,291.1036,741.6257,293.3812
114.1945,1,741.0403,291.1036,741.333,292.2424
114.2028,1,738.5833,289.9196,739.9581,291.0811
114.2162,1,738.5833,289.9196,739.2707,290.5004
114.2249,1,738.5833,289.9196,738.927,290.21
114.2354,1,768.2036,314.0218,753.5653,302.1159
114.2471,1,768.2036,314.0218,760.8845,308.0688
114.2563,1,853.0613,388.8864,806.9729,348.4776
114.2694,1,853.0613,388.8864,830.0171,368.682
114.2784,1,853.0613,388.8864,841.5392,378.7842
114.2899,1,1035.344,555.1482,938.4415,466.9662
114.3014,1,1035.344,555.1482,986.8927,511.0572
114.3135,1,1035.344,555.1482,1011.118,533.1027
114.3228,1,1154.002,660.7721,1082.56,596.9374
114.3351,1,1154.002,660.7721,1118.281,628.8547
114.3466,1,1154.002,660.7721,1136.141,644.8134
114.356,1,1209.963,714.4171,1173.052,679.6152
114.3686,1,1209.963,714.4171,1191.508,697.0161
114.3797,1,1236.051,736.1718,1213.779,716.594
114.3909,1,1236.051,736.1718,1224.915,726.3829
114.4001,1,1236.051,736.1718,1230.483,731.2773
114.4138,1,1247.451,742.4438,1238.967,736.8606
114.4224,1,1247.451,742.4438,1243.209,739.6522
114.435,1,1247.451,742.4438,1245.33,741.048
114.4469,1,1251.434,746.807,1248.382,743.9275
114.4559,1,1251.434,746.807,1249.908,745.3672
114.468,1,1250.579,747.7414,1250.243,746.5543
114.4789,1,1250.579,747.7414,1250.411,747.1478
114.4902,1,1250.579,747.7414,1250.495,747.4446
114.4994,1,1241.824,744.1899,1246.159,745.8173
114.5108,1,1241.824,744.1899,1243.991,745.0036
114.52,1,1241.824,744.1899,1242.907,744.5968
114.5335,1,1233.229,742.0005,1238.068,743.2987
114.5418,1,1233.229,742.0005,1235.648,742.6497
114.5553,1,1233.229,742.0005,1234.438,742.3251
114.5667,1,1228.518,739.9297,1231.478,741.1274
114.5751,1,1228.518,739.9297,1229.998,740.5286
114.5868,1,1228.518,739.9297,1229.258,740.2291
114.5978,1,1224.032,737.8033,1226.645,739.0162
114.6081,1,1224.032,737.8033,1225.339,738.4098
114.618,1,1224.032,737.8033,1224.685,738.1066
114.631,1,1221.21,736.8857,1222.948,737.4962
114.6395,1,1221.21,736.8857,1222.079,737.1909
114.6515,1,1219.064,735.8232,1220.572,736.5071
114.6616,1,1219.064,735.8232,1219.818,736.1652
114.6724,1,1219.064,735.8232,1219.441,735.9942
114.6829,1,1217.387,735.1176,1218.414,735.5559
114.6947,1,1217.387,735.1176,1217.9,735.3367
114.7044,1,1217.387,735.1176,1217.643,735.2272
114.7164,1,1216.008,734.7057,1216.826,734.9664
114.727,1,1216.008,734.7057,1216.417,734.8361
114.7371,1,1216.008,734.7057,1216.213,734.7709
114.7496,1,1214.49,734.1833,1215.351,734.4771
114.7579,1,1214.49,734.1833,1214.921,734.3302
114.7713,1,1213.094,733.3,1214.007,733.8151
114.7812,1,1213.094,733.3,1213.55,733.5576
114.7934,1,1213.094,733.3,1213.322,733.4288
114.8045,1,1211.978,732.5585,1212.65,732.9937
114.8165,1,1211.978,732.5585,1212.314,732.7761
114.8274,1,1211.978,732.5585,1212.146,732.6674
114.8372,1,1210.149,731.7406,1211.147,732.204
114.8488,1,1210.149,731.7406,1210.648,731.9723
114.858,1,1210.149,731.7406,1210.399,731.8564
114.8702,1,1208.047,731.3143,1209.223,731.5854
114.8806,1,1208.047,731.3143,1208.635,731.4498
114.8921,1,1205.879,730.7336,1207.257,731.0917
114.9019,1,1205.879,730.7336,1206.568,730.9127
114.9146,1,1205.879,730.7336,1206.223,730.8232
114.9248,1,1203.959,730.0007,1205.091,730.412
114.9361,1,1203.959,730.0007,1204.525,730.2064
114.9479,1,1203.959,730.0007,1204.242,730.1035
114.9568,1,1202.199,729.2842,1203.221,729.6938
114.9692,1,1202.199,729.2842,1202.71,729.489
114.9817,1,1200.48,728.7357,1201.595,729.1124
114.9916,1,1200.48,728.7357,1201.038,728.9241
115.0014,1,1200.48,728.7357,1200.759,728.8299
115.0135,1,1202.118,728.1692,1201.438,728.4995
115.0219,1,1202.118,728.1692,1201.778,728.3344
115.0368,1,1202.118,728.1692,1201.948,728.2518
115.0516,1,1205.336,727.0782,1203.642,727.665
115.0638,1,1205.336,727.0782,1204.489,727.3716
115.0713,1,1205.336,727.0782,1204.912,727.225
115.0809,1,1208.261,726.2322,1206.587,726.7286
115.0921,1,1208.261,726.2322,1207.424,726.4803
115.101,1,1208.261,726.2322,1207.843,726.3563
115.1133,1,1211.409,725.1573,1209.626,725.7568
115.1212,1,1211.409,725.1573,1210.518,725.457
115.133,1,1214.773,723.3317,1212.646,724.3944
115.1413,1,1214.773,723.3317,1213.709,723.863
115.154,1,1214.773,723.3317,1214.241,723.5974
115.1663,1,1217.969,721.3652,1216.105,722.4813
115.1754,1,1217.969,721.3652,1217.037,721.9232
115.1886,1,1217.969,721.3652,1217.503,721.6442
115.2018,1,1220.849,719.8737,1219.176,720.7589
115.214,1,1220.849,719.8737,1220.013,720.3163
115.2218,1,1220.849,719.8737,1220.431,720.095
115.2355,1,1223.434,718.3651,1221.932,719.23
115.2472,1,1223.434,718.3651,1222.683,718.7976
115.2545,1,1226.215,718.0454,1224.449,718.4215
115.2674,1,1226.215,718.0454,1225.332,718.2335
115.278,1,1226.215,718.0454,1225.773,718.1394
115.2887,1,1228.5,717.1145,1227.137,717.627
115.2988,1,1228.5,717.1145,1227.819,717.3707
115.3112,1,1228.5,717.1145,1228.159,717.2426
115.3204,1,1230.88,716.5505,1229.52,716.8966
115.3323,1,1230.88,716.5505,1230.2,716.7236
115.3407,1,1230.88,716.5505,1230.54,716.6371
115.3526,1,1232.937,716.4768,1231.739,716.5569
115.3631,1,1232.937,716.4768,1232.338,716.5168
115.3745,1,1234.249,715.7933,1233.293,716.155
115.3864,1,1234.249,715.7933,1233.771,715.9741
115.3973,1,1234.249,715.7933,1234.01,715.8837
115.4087,1,1236.178,714.4791,1235.094,715.1814
115.4185,1,1236.178,714.4791,1235.636,714.8303
115.4306,1,1236.178,714.4791,1235.907,714.6547
115.4407,1,1237.906,712.8114,1236.906,713.733
115.4521,1,1237.906,712.8114,1237.406,713.2722
115.4626,1,1237.906,712.8114,1237.656,713.0418
115.4736,1,1239.043,711.102,1238.349,712.0719
115.4837,1,1239.043,711.102,1238.696,711.5869
115.4966,1,1239.975,709.6418,1239.335,710.6144
115.5071,1,1239.975,709.6418,1239.655,710.1281
115.5185,1,1239.975,709.6418,1239.815,709.885
115.5301,1,1240.936,707.5183,1240.375,708.7017
115.5401,1,1240.936,707.5183,1240.656,708.11
115.5535,1,1240.936,707.5183,1240.796,707.8141
115.5624,1,1241.583,705.2664,1241.189,706.5403
115.5752,1,1241.583,705.2664,1241.386,705.9033
115.5838,1,1241.583,705.2664,1241.484,705.5848
115.5978,1,1242.33,702.7062,1241.907,704.1455
115.6066,1,1242.33,702.7062,1242.118,703.4258
115.617,1,1244.143,700.3268,1243.13,701.8763
115.6301,1,1244.143,700.3268,1243.636,701.1016
115.6394,1,1244.143,700.3268,1243.89,700.7142
115.6524,1,1246.142,699.2523,1245.016,699.9833
115.6582,1,1246.142,699.2523,1245.579,699.6178
115.6715,1,1246.142,699.2523,1245.861,699.4351
115.6818,1,1247.197,698.7325,1246.529,699.0838
115.693,1,1247.197,698.7325,1246.863,698.9082
115.7028,1,1247.197,698.7325,1247.03,698.8204
115.7163,1,1248.86,698.1523,1247.945,698.4863
115.7263,1,1248.86,698.1523,1248.402,698.3193
115.737,1,1250.902,697.9548,1249.652,698.1371
115.7499,1,1250.902,697.9548,1250.277,698.0459
115.7627,1,1250.902,697.9548,1250.589,698.0004
115.772,1,1253.307,698.3799,1251.948,698.1902
115.7826,1,1253.307,698.3799,1252.628,698.285
115.7957,1,1253.307,698.3799,1252.967,698.3325
115.8045,1,1256.183,698.7389,1254.575,698.5357
115.8173,1,1256.183,698.7389,1255.379,698.6373
115.83,1,1258.232,698.834,1256.805,698.7357
115.8396,1,1258.232,698.834,1257.519,698.7849
115.8491,1,1258.232,698.834,1257.875,698.8094
115.8586,1,1260.225,699.1635,1259.05,698.9865
115.8705,1,1260.225,699.1635,1259.637,699.075
115.88,1,1260.225,699.1635,1259.931,699.1192
115.8919,1,1259.149,648.2193,1259.54,673.6693
115.9027,1,1259.149,648.2193,1259.344,660.9443
115.9154,1,1259.149,648.2193,1259.247,654.5818
115.9264,1,1276.102,403.8722,1267.674,529.227
115.9355,1,1276.102,403.8722,1271.888,466.5496
115.9481,1,1292.588,200.6462,1282.238,333.5979
115.9578,1,1292.588,200.6462,1287.413,267.122
115.9708,1,1292.588,200.6462,1290,233.8841
115.9815,1,1298.884,107.2464,1294.442,170.5653
115.9941,1,1298.884,107.2464,1296.663,138.9058
116.0039,1,1298.884,107.2464,1297.773,123.0761
116.0168,1,1301.845,68.96014,1299.809,96.01813
116.0261,1,1301.845,68.96014,1300.827,82.48914
116.0365,1,1301.845,68.96014,1301.336,75.72464
116.0481,1,1303.36,57.1391,1302.348,66.43187
116.0571,1,1303.36,57.1391,1302.854,61.78548
116.0701,1,1303.333,52.89579,1303.094,57.34064
116.0796,1,1303.333,52.89579,1303.213,55.11822
116.0925,1,1303.333,52.89579,1303.273,54.007
116.1013,1,1300.23,48.78149,1301.752,51.39425
116.1146,1,1300.23,48.78149,1300.991,50.08787
116.124,1,1300.23,48.78149,1300.611,49.43468
116.1355,1,1293.159,49.12556,1296.885,49.28012
116.1471,1,1293.159,49.12556,1295.022,49.20284
116.1566,1,1293.159,49.12556,1294.091,49.1642
116.1663,1,1287.584,51.51297,1290.837,50.33858
116.1748,1,1287.584,51.51297,1289.211,50.92578
116.1873,1,1287.584,51.51297,1288.397,51.21938
116.1976,1,1284.181,52.6382,1286.289,51.92879
116.2077,1,1284.181,52.6382,1285.235,52.28349
116.2195,1,1284.181,52.6382,1284.708,52.46085
116.2323,1,1289.115,68.17368,1286.911,60.31726
116.2437,1,1289.115,68.17368,1288.013,64.24548
116.2545,1,1296.488,139.2113,1292.251,101.7284
116.2668,1,1296.488,139.2113,1294.369,120.4698
116.2748,1,1296.488,139.2113,1295.429,129.8406
116.2871,1,1310.912,354.3408,1303.17,242.0907
116.2973,1,1310.912,354.3408,1307.041,298.2157
116.3084,1,1310.912,354.3408,1308.976,326.2782
116.3229,1,1322.509,509.3549,1315.743,417.8165
116.3365,1,1322.509,509.3549,1319.126,463.5857
116.3434,1,1325.704,581.4078,1322.415,522.4967
116.3539,1,1325.704,581.4078,1324.06,551.9523
116.3637,1,1325.704,581.4078,1324.882,566.6801
116.3757,1,1324.479,609.5626,1324.681,588.1213
116.3871,1,1324.479,609.5626,1324.58,598.8419
116.3974,1,1324.479,609.5626,1324.53,604.2023
116.4111,1,1328.765,622.7587,1326.647,613.4805
116.4198,1,1328.765,622.7587,1327.706,618.1196
116.4353,1,1331.197,627.0991,1329.451,622.6094
116.4481,1,1331.197,627.0991,1330.324,624.8542
116.4539,1,1331.197,627.0991,1330.761,625.9767
116.4646,1,1324.542,623.9474,1327.652,624.962
116.4783,1,1324.542,623.9474,1326.097,624.4547
116.489,1,1324.542,623.9474,1325.32,624.201
116.5025,1,1321.771,622.3513,1323.546,623.2762
116.5124,1,1321.771,622.3513,1322.659,622.8137
116.5206,1,1321.771,622.3513,1322.215,622.5825
116.5339,1,1320.879,620.9167,1321.547,621.7496
116.5441,1,1320.879,620.9167,1321.213,621.3331
116.5551,1,1320.028,618.2798,1320.62,619.8065
116.5673,1,1320.028,618.2798,1320.324,619.0431
116.5785,1,1320.028,618.2798,1320.176,618.6614
116.5885,1,1319.861,617.6408,1320.019,618.1511
116.5978,1,1319.861,617.6408,1319.94,617.896
116.6096,1,1319.861,617.6408,1319.901,617.7684
116.6328,1,1320.292,616.3602,1320.096,617.0643
116.64,1,1320.292,616.3602,1320.194,616.7123
116.6506,1,1321.37,614.9797,1320.782,615.846
116.6604,1,1321.37,614.9797,1321.076,615.4128
116.6707,1,1321.37,614.9797,1321.223,615.1963
116.6811,1,1321.533,613.7518,1321.378,614.4741
116.6925,1,1321.533,613.7518,1321.455,614.1129
116.7034,1,1321.846,612.9006,1321.651,613.5067
116.7162,1,1321.846,612.9006,1321.749,613.2036
116.7261,1,1321.846,612.9006,1321.797,613.0521
116.7363,1,1321.944,612.389,1321.871,612.7206
116.7508,1,1321.944,612.389,1321.907,612.5548
116.7614,1,1321.944,612.389,1321.926,612.4719
116.7708,1,1322.197,611.72,1322.062,612.0959
116.7818,1,1322.197,611.72,1322.129,611.908
116.7938,1,1322.385,611.3033,1322.257,611.6056
116.8044,1,1322.385,611.3033,1322.321,611.4545
116.8157,1,1322.385,611.3033,1322.353,611.3789
116.8242,1,1322.621,610.7073,1322.487,611.0431
116.8385,1,1322.621,610.7073,1322.554,610.8752
116.8499,1,1322.621,610.7073,1322.587,610.7913
116.8577,1,1323.118,610.1719,1322.853,610.4816
116.8716,1,1323.118,610.1719,1322.985,610.3268
116.8811,1,1323.118,610.1719,1323.052,610.2494
116.8929,1,1324.158,609.1797,1323.605,609.7145
116.9136,1,1324.158,609.1797,1323.881,609.4471
116.9199,1,1325.916,607.8566,1324.899,608.6519
116.9325,1,1325.916,607.8566,1325.407,608.2542
116.9427,1,1325.916,607.8566,1325.662,608.0554
116.9528,1,1327.212,606.7856,1326.437,607.4205
116.9636,1,1327.212,606.7856,1326.824,607.1031
116.9753,1,1328.539,605.7748,1327.682,606.439
116.987,1,1328.539,605.7748,1328.11,606.1069
116.9971,1,1328.539,605.7748,1328.325,605.9409
117.0081,1,1329.745,604.9654,1329.035,605.4531
117.0184,1,1329.745,604.9654,1329.39,605.2092
117.0317,1,1329.745,604.9654,1329.567,605.0873
117.0397,1,1331.163,604.0392,1330.365,604.5632
117.0527,1,1331.163,604.0392,1330.764,604.3013
117.0628,1,1331.163,604.0392,1330.964,604.1703
117.0748,1,1332.373,603.6731,1331.668,603.9217
117.0849,1,1332.373,603.6731,1332.021,603.7974
117.0975,1,1334.208,603.2352,1333.115,603.5163
117.1064,1,1334.208,603.2352,1333.661,603.3757
117.117,1,1334.208,603.2352,1333.935,603.3055
117.1298,1,1336.461,602.9838,1335.198,603.1447
117.1402,1,1336.461,602.9838,1335.83,603.0642
117.1512,1,1336.461,602.9838,1336.145,603.024
117.1623,1,1338.601,603.0701,1337.373,603.0471
117.176,1,1338.601,603.0701,1337.987,603.0586
117.1861,1,1338.601,603.0701,1338.294,603.0643
117.1969,1,1340.858,603.0689,1339.576,603.0667
117.208,1,1340.858,603.0689,1340.217,603.0677
117.2175,1,1342.883,602.942,1341.55,603.0049
117.2302,1,1342.883,602.942,1342.217,602.9734
117.242,1,1342.883,602.942,1342.55,602.9576
117.2527,1,1344.927,602.3917,1343.738,602.6747
117.2619,1,1344.927,602.3917,1344.333,602.5332
117.2732,1,1344.927,602.3917,1344.63,602.4625
117.2832,1,1347.307,601.8369,1345.969,602.1497
117.2947,1,1347.307,601.8369,1346.638,601.9933
117.3036,1,1347.307,601.8369,1346.973,601.9151
117.3161,1,1352.714,600.1675,1349.844,601.0413
117.3282,1,1352.714,600.1675,1351.279,600.6044
117.3384,1,1359.401,596.9918,1355.34,598.7981
117.3508,1,1359.401,596.9918,1357.37,597.895
117.3616,1,1359.401,596.9918,1358.385,597.4434
117.3722,1,1365.068,593.5705,1361.727,595.507
117.3824,1,1365.068,593.5705,1363.397,594.5387
117.3952,1,1365.068,593.5705,1364.232,594.0546
117.4037,1,1370.857,589.2039,1367.544,591.6293
117.4159,1,1370.857,589.2039,1369.201,590.4166
117.4262,1,1370.857,589.2039,1370.029,589.8103
117.4361,1,1375.344,585.4351,1372.686,587.6227
117.4483,1,1375.344,585.4351,1374.015,586.5289
117.4575,1,1375.344,585.4351,1374.68,585.9819
117.4687,1,1378.968,583.0533,1376.824,584.5176
117.4793,1,1378.968,583.0533,1377.896,583.7855
117.49,1,1381.505,581.2708,1379.7,582.5281
117.5007,1,1381.505,581.2708,1380.603,581.8994
117.5125,1,1381.505,581.2708,1381.054,581.5851
117.5209,1,1379.994,581.3138,1380.524,581.4495
117.533,1,1379.994,581.3138,1380.259,581.3817
117.5478,1,1379.994,581.3138,1380.127,581.3478
117.555,1,1376.636,583.1514,1378.382,582.2496
117.5686,1,1376.636,583.1514,1377.509,582.7006
117.5792,1,1375.475,583.8889,1376.492,583.2947
117.59,1,1375.475,583.8889,1375.984,583.5918
117.5995,1,1375.475,583.8889,1375.729,583.7404
117.6133,1,1374.621,584.1734,1375.175,583.9569
117.6202,1,1374.621,584.1734,1374.898,584.0652
117.6334,1,1374.621,584.1734,1374.76,584.1193
117.6409,1,1374.016,584.4901,1374.388,584.3047
117.6528,1,1374.016,584.4901,1374.202,584.3973
117.6636,1,1374.016,584.4901,1374.109,584.4437
117.6748,1,1372.987,585.054,1373.548,584.7489
117.6861,1,1372.987,585.054,1373.268,584.9015
117.6969,1,1372.987,585.054,1373.127,584.9778
117.7082,1,1371.706,585.4374,1372.417,585.2076
117.7188,1,1371.706,585.4374,1372.061,585.3225
117.7331,1,1369.993,585.9819,1371.027,585.6522
117.7424,1,1369.993,585.9819,1370.51,585.8171
117.755,1,1369.993,585.9819,1370.252,585.8995
117.7667,1,1367.126,585.959,1368.689,585.9293
117.7773,1,1367.126,585.959,1367.907,585.9441
117.788,1,1364.01,586.0206,1365.959,585.9824
117.7976,1,1364.01,586.0206,1364.985,586.0015
117.8089,1,1364.01,586.0206,1364.497,586.011
117.8186,1,1361.204,585.21,1362.851,585.6105
117.8301,1,1361.204,585.21,1362.027,585.4103
117.8401,1,1361.204,585.21,1361.615,585.3102
117.8532,1,1357.565,581.436,1359.59,583.3731
117.8622,1,1357.565,581.436,1358.578,582.4045
117.8739,1,1357.565,581.436,1358.072,581.9203
117.8818,1,1353.972,574.5817,1356.022,578.251
117.8931,1,1353.972,574.5817,1354.997,576.4163
117.9045,1,1353.972,574.5817,1354.484,575.499
117.9162,1,1350.125,565.1926,1352.305,570.3458
117.9242,1,1350.125,565.1926,1351.215,567.7692
117.9372,1,1350.125,565.1926,1350.67,566.4808
117.9491,1,1348.375,559.3065,1349.522,562.8937
117.9575,1,1348.375,559.3065,1348.949,561.1001
117.9698,1,1348.375,559.3065,1348.662,560.2033
117.981,1,1346.169,559.144,1347.415,559.6737
117.9929,1,1346.169,559.144,1346.792,559.4089
118.0023,1,1344.682,560.3927,1345.737,559.9008
118.0143,1,1344.682,560.3927,1345.209,560.1467
118.0234,1,1344.682,560.3927,1344.946,560.2697
118.0354,1,1344.583,564.4178,1344.764,562.3438
118.0486,1,1344.583,564.4178,1344.674,563.3807
118.0574,1,1344.583,564.4178,1344.628,563.8993
118.0683,1,1344.429,569.5657,1344.529,566.7325
118.09,1,1344.429,569.5657,1344.479,568.1492
118.0961,1,1344.827,577.5669,1344.653,572.858
118.102,1,1344.827,577.5669,1344.74,575.2125
118.1145,1,1344.827,577.5669,1344.783,576.3896
118.1235,1,1344.421,588.1826,1344.602,582.2861
118.1352,1,1344.421,588.1826,1344.512,585.2344
118.1473,1,1344.421,588.1826,1344.467,586.7085
118.1563,1,1344.421,588.1826,1344.444,587.4456
118.1689,1,1344.19,598.3329,1344.317,592.8892
118.1791,1,1344.19,598.3329,1344.253,595.6111
118.1908,1,1342.597,607.2225,1343.425,601.4167
118.2009,1,1342.597,607.2225,1343.011,604.3196
118.2135,1,1341.331,613.5138,1342.171,608.9167
118.2224,1,1341.331,613.5138,1341.751,611.2152
118.2345,1,1341.331,613.5138,1341.541,612.3645
118.2425,1,1341.331,613.5138,1341.436,612.9391
118.2561,1,1340.392,616.3362,1340.914,614.6377
118.2648,1,1340.392,616.3362,1340.653,615.4869
118.2788,1,1335.598,623.8575,1338.125,619.6722
118.2905,1,1335.598,623.8575,1336.862,621.7649
118.3,1,1335.598,623.8575,1336.23,622.8112
118.3133,1,1330.004,633.6068,1333.117,628.209
118.3231,1,1330.004,633.6068,1331.56,630.9079
118.3341,1,1325.787,643.398,1328.674,637.153
118.3481,1,1325.787,643.398,1327.231,640.2755
118.3554,1,1325.787,643.398,1326.509,641.8368
118.3675,1,1323.757,653.196,1325.133,647.5164
118.379,1,1323.757,653.196,1324.445,650.3562
118.39,1,1323.757,653.196,1324.101,651.7761
118.3999,1,1320.703,660.6141,1322.402,656.1951
118.4131,1,1320.703,660.6141,1321.553,658.4047
118.4227,1,1320.703,660.6141,1321.128,659.5094
118.4358,1,1317.511,667.7299,1319.319,663.6196
118.448,1,1317.511,667.7299,1318.415,665.6747
118.4573,1,1315.329,673.6508,1316.872,669.6627
118.4702,1,1315.329,673.6508,1316.1,671.6567
118.4808,1,1315.329,673.6508,1315.715,672.6537
118.4931,1,1313.794,677.5582,1314.754,675.106
118.5035,1,1313.794,677.5582,1314.274,676.332
118.515,1,1311.98,679.8199,1313.127,678.0759
118.524,1,1311.98,679.8199,1312.554,678.9479
118.5355,1,1311.98,679.8199,1312.267,679.3839
118.5491,1,1309.711,682.25,1310.989,680.817
118.5585,1,1309.711,682.25,1310.35,681.5334
118.5718,1,1309.711,682.25,1310.031,681.8917
118.5822,1,1308.651,683.9437,1309.341,682.9177
118.593,1,1308.651,683.9437,1308.996,683.4307
118.6045,1,1308.651,683.9437,1308.824,683.6871
118.6172,1,1306.982,685.291,1307.903,684.4891
118.6309,1,1306.982,685.291,1307.443,684.89
118.6379,1,1304.669,684.8869,1306.056,684.8884
118.6502,1,1304.669,684.8869,1305.362,684.8877
118.6587,1,1304.669,684.8869,1305.016,684.8873
118.6714,1,1302.771,684.116,1303.893,684.5016
118.6814,1,1302.771,684.116,1303.332,684.3088
118.6944,1,1302.771,684.116,1303.052,684.2124
118.7027,1,1300.812,682.619,1301.932,683.4156
118.7152,1,1300.812,682.619,1301.372,683.0173
118.7261,1,1300.812,682.619,1301.092,682.8181
118.7365,1,1298.438,681.8449,1299.765,682.3315
118.7507,1,1298.438,681.8449,1299.101,682.0883
118.7614,1,1297.209,681.4387,1298.155,681.7634
118.7741,1,1297.209,681.4387,1297.682,681.6011
118.7842,1,1297.209,681.4387,1297.445,681.5199
118.7971,1,1295.058,680.9695,1296.251,681.2448
118.8067,1,1295.058,680.9695,1295.655,681.1072
118.8161,1,1295.058,680.9695,1295.356,681.0383
118.8293,1,1293.209,679.8445,1294.283,680.4414
118.8377,1,1293.209,679.8445,1293.746,680.1429
118.8511,1,1291.817,678.5969,1292.782,679.3699
118.8629,1,1291.817,678.5969,1292.3,678.9834
118.8716,1,1291.817,678.5969,1292.058,678.7902
118.8824,1,1290.451,678.0748,1291.255,678.4325
118.894,1,1290.451,678.0748,1290.853,678.2537
118.9035,1,1290.451,678.0748,1290.652,678.1642
118.9167,1,1288.33,676.8934,1289.491,677.5288
118.927,1,1288.33,676.8934,1288.91,677.2111
118.9386,1,1286.59,675.8765,1287.75,676.5438
118.9523,1,1286.59,675.8765,1287.17,676.2102
118.9629,1,1286.59,675.8765,1286.88,676.0433
118.9752,1,1285.192,676.246,1286.036,676.1447
118.9843,1,1285.192,676.246,1285.614,676.1953
118.9964,1,1285.192,676.246,1285.403,676.2207
119.0066,1,1283.461,676.6837,1284.432,676.4522
119.0166,1,1283.461,676.6837,1283.947,676.568
119.0313,1,1281.128,676.6772,1282.538,676.6226
119.0407,1,1281.128,676.6772,1281.833,676.6499
119.051,1,1281.128,676.6772,1281.481,676.6636
119.0614,1,1276.506,678.653,1278.993,677.6583
119.0721,1,1276.506,678.653,1277.75,678.1556
119.0822,1,1276.506,678.653,1277.128,678.4043
119.095,1,1271.151,681.7811,1274.14,680.0927
119.1038,1,1271.151,681.7811,1272.645,680.9369
119.1151,1,1271.151,681.7811,1271.898,681.359
119.124,1,1264.661,685.1099,1268.28,683.2345
119.136,1,1264.661,685.1099,1266.47,684.1722
119.1487,1,1264.661,685.1099,1265.566,684.6411
119.1586,1,1258.403,688.4401,1261.984,686.5406
119.1709,1,1258.403,688.4401,1260.194,687.4904
119.1817,1,1253.054,691.8528,1256.624,689.6716
119.193,1,1253.054,691.8528,1254.839,690.7622
119.2032,1,1253.054,691.8528,1253.946,691.3075
119.2155,1,1247.774,695.4053,1250.86,693.3564
119.2246,1,1247.774,695.4053,1249.317,694.3809
119.2366,1,1247.774,695.4053,1248.546,694.8931
119.2485,1,1243.627,698.4124,1246.086,696.6527
119.2586,1,1243.627,698.4124,1244.856,697.5326
119.2698,1,1243.627,698.4124,1244.241,697.9725
119.281,1,1240.508,701.7756,1242.375,699.874
119.2914,1,1240.508,701.7756,1241.441,700.8248
119.3029,1,1236.357,704.2877,1238.899,702.5563
119.3146,1,1236.357,704.2877,1237.628,703.422
119.3244,1,1236.357,704.2877,1236.993,703.8549
119.3371,1,1233.266,706.7267,1235.129,705.2908
119.3473,1,1233.266,706.7267,1234.197,706.0087
119.3556,1,1233.266,706.7267,1233.731,706.3677
119.3679,1,1230.812,709.154,1232.272,707.7609
119.3785,1,1230.812,709.154,1231.542,708.4574
119.3897,1,1230.812,709.154,1231.177,708.8057
119.4003,1,1228.516,712.0039,1229.846,710.4048
119.4125,1,1228.516,712.0039,1229.181,711.2043
119.42,1,1228.516,712.0039,1228.849,711.6041
119.4329,1,1226.98,714.7437,1227.914,713.1739
119.4409,1,1226.98,714.7437,1227.447,713.9587
119.4532,1,1224.96,717.0984,1226.203,715.5286
119.4634,1,1224.96,717.0984,1225.582,716.3135
119.4762,1,1224.96,717.0984,1225.271,716.7059
119.4865,1,1223.037,719.4135,1224.154,718.0597
119.4983,1,1223.037,719.4135,1223.595,718.7366
119.5106,1,1223.037,719.4135,1223.316,719.075
119.5201,1,1221.163,722.4958,1222.239,720.7854
119.5324,1,1221.163,722.4958,1221.701,721.6406
119.541,1,1221.163,722.4958,1221.432,722.0682
119.5536,1,1218.133,726.4225,1219.782,724.2454
119.5642,1,1218.133,726.4225,1218.958,725.334
119.5762,1,1215.528,730.6637,1217.243,727.9988
119.5869,1,1215.528,730.6637,1216.385,729.3313
119.5972,1,1215.528,730.6637,1215.957,729.9975
119.6095,1,1213.451,733.4929,1214.704,731.7452
119.6202,1,1213.451,733.4929,1214.077,732.6191
119.6338,1,1211.88,735.6512,1212.979,734.1351
119.6418,1,1211.88,735.6512,1212.429,734.8932
119.6551,1,1211.88,735.6512,1212.155,735.2722
119.6672,1,1209.939,737.187,1211.047,736.2296
119.6756,1,1209.939,737.187,1210.493,736.7083
119.6882,1,1209.939,737.187,1210.216,736.9476
119.6987,1,1207.473,738.874,1208.844,737.9108
119.7117,1,1207.473,738.874,1208.159,738.3925
119.721,1,1207.473,738.874,1207.816,738.6332
119.7337,1,1205.691,741.1869,1206.754,739.91
119.7419,1,1205.691,741.1869,1206.222,740.5485
119.7558,1,1203.434,742.6085,1204.828,741.5785
119.7649,1,1203.434,742.6085,1204.131,742.0935
119.7765,1,1203.434,742.6085,1203.783,742.351
119.7874,1,1200.978,744.7515,1202.38,743.5512
119.7977,1,1200.978,744.7515,1201.679,744.1514
119.8088,1,1200.978,744.7515,1201.328,744.4514
119.8205,1,1198.869,746.4247,1200.099,745.4381
119.8328,1,1198.869,746.4247,1199.484,745.9314
119.8427,1,1198.869,746.4247,1199.177,746.1781
119.8542,1,1196.483,748.0391,1197.83,747.1086
119.8673,1,1196.483,748.0391,1197.156,747.5739
119.8753,1,1194.043,748.8892,1195.599,748.2316
119.8892,1,1194.043,748.8892,1194.821,748.5604
119.8984,1,1194.043,748.8892,1194.432,748.7249
119.9093,1,1191.74,749.5718,1193.086,749.1483
119.919,1,1191.74,749.5718,1192.413,749.36
119.932,1,1191.74,749.5718,1192.076,749.4659
119.9408,1,1190.128,749.6797,1191.102,749.5728
119.9542,1,1190.128,749.6797,1190.615,749.6262
119.9648,1,1190.128,749.6797,1190.371,749.653
119.9759,1,1188.879,750.5665,1189.625,750.1097
119.9873,1,1188.879,750.5665,1189.252,750.3381
119.9971,1,1190.358,748.3311,1189.805,749.3346
120.0098,1,1190.358,748.3311,1190.082,748.8329
120.019,1,1190.358,748.3311,1190.22,748.582
120.0315,1,1192.245,744.6585,1191.232,746.6202
120.0413,1,1192.245,744.6585,1191.739,745.6394
120.054,1,1192.245,744.6585,1191.992,745.1489
120.064,1,1195.577,739.5298,1193.784,742.3394
120.0749,1,1195.577,739.5298,1194.681,740.9346
120.0848,1,1195.577,739.5298,1195.129,740.2322
120.0986,1,1200.457,732.5536,1197.793,736.3929
120.1085,1,1200.457,732.5536,1199.125,734.4733
120.119,1,1206.196,727.6844,1202.66,731.0789
120.133,1,1206.196,727.6844,1204.428,729.3817
120.1416,1,1206.196,727.6844,1205.312,728.5331
120.1541,1,1210.61,723.584,1207.961,726.0585
120.1641,1,1210.61,723.584,1209.285,724.8213
120.1758,1,1210.61,723.584,1209.948,724.2026
120.1875,1,1214.448,717.936,1212.198,721.0693
120.1972,1,1214.448,717.936,1213.323,719.5027
120.2103,1,1216.779,713.5423,1215.051,716.5225
120.2202,1,1216.779,713.5423,1215.915,715.0323
120.2321,1,1216.779,713.5423,1216.347,714.2874
120.2404,1,1218.459,709.905,1217.403,712.0962
120.2549,1,1218.459,709.905,1217.931,711.0006
120.2644,1,1218.459,709.905,1218.195,710.4528
120.2774,1,1219.676,705.4481,1218.936,707.9504
120.288,1,1219.676,705.4481,1219.306,706.6993
120.2981,1,1221.985,702.3816,1220.645,704.5404
120.3111,1,1221.985,702.3816,1221.315,703.461
120.32,1,1221.985,702.3816,1221.65,702.9213
120.3322,1,1225.488,701.883,1223.569,702.4021
120.3418,1,1225.488,701.883,1224.529,702.1426
120.3532,1,1225.488,701.883,1225.009,702.0128
120.3634,1,1228.613,701.1286,1226.811,701.5707
120.3752,1,1228.613,701.1286,1227.712,701.3496
120.3828,1,1228.613,701.1286,1228.162,701.2391
120.3957,1,1230.853,701.0707,1229.508,701.1549
120.4068,1,1230.853,701.0707,1230.18,701.1128
120.4174,1,1230.853,701.0707,1230.516,701.0917
120.4295,1,1232.888,700.0621,1231.702,700.5769
120.4382,1,1232.888,700.0621,1232.295,700.3195
120.4503,1,1235.11,699.4742,1233.703,699.8969
120.4591,1,1235.11,699.4742,1234.406,699.6855
120.4712,1,1235.11,699.4742,1234.758,699.5798
120.4871,1,1237.419,699.616,1236.089,699.5979
120.498,1,1237.419,699.616,1236.754,699.6069
120.5045,1,1237.419,699.616,1237.086,699.6115
120.5157,1,1240.492,700.9764,1238.789,700.2939
120.5265,1,1240.492,700.9764,1239.641,700.6351
120.5368,1,1240.492,700.9764,1240.067,700.8058
120.5488,1,1242.633,701.1305,1241.35,700.9681
120.5583,1,1242.633,701.1305,1241.991,701.0493
120.5708,1,1244.705,701.4968,1243.348,701.2731
120.5806,1,1244.705,701.4968,1244.027,701.3849
120.5922,1,1244.705,701.4968,1244.366,701.4408
120.602,1,1249.095,702.6862,1246.731,702.0635
120.6145,1,1249.095,702.6862,1247.913,702.3749
120.623,1,1249.095,702.6862,1248.504,702.5305
120.6351,1,1254.593,704.0327,1251.548,703.2816
120.646,1,1254.593,704.0327,1253.07,703.6572
120.6553,1,1254.593,704.0327,1253.832,703.845
120.6669,1,1258.659,706.0128,1256.245,704.9289
120.6755,1,1258.659,706.0128,1257.452,705.4708
120.6895,1,1258.659,706.0128,1258.055,705.7418
120.6988,1,1264.912,708.2119,1261.483,706.9769
120.7153,1,1264.912,708.2119,1263.198,707.5944
120.723,1,1271.395,710.1053,1267.296,708.8499
120.7349,1,1271.395,710.1053,1269.345,709.4775
120.7467,1,1271.395,710.1053,1270.37,709.7914
120.754,1,1277.463,711.5757,1273.917,710.6836
120.7671,1,1277.463,711.5757,1275.69,711.1296
120.7786,1,1277.463,711.5757,1276.577,711.3527
120.7895,1,1282.349,711.5999,1279.463,711.4763
120.8001,1,1282.349,711.5999,1280.906,711.5381
120.8129,1,1263.647,710.6873,1272.276,711.1127
120.8228,1,1263.647,710.6873,1267.962,710.9
120.8354,1,1263.647,710.6873,1265.804,710.7937
120.8464,1,1111.45,714.2343,1188.627,712.514
120.8559,1,1111.45,714.2343,1150.039,713.3741
120.8702,1,1111.45,714.2343,1130.744,713.8042
120.8815,1,848.2712,724.1614,989.5078,718.9828
120.8933,1,848.2712,724.1614,918.8895,721.5721
120.9038,1,681.4704,722.5422,800.1799,722.0571
120.9161,1,681.4704,722.5422,740.8252,722.2997
120.9244,1,681.4704,722.5422,711.1478,722.421
120.9367,1,595.5684,725.206,653.3582,723.8135
120.9503,1,595.5684,725.206,624.4633,724.5098
120.958,1,595.5684,725.206,610.0159,724.8579
120.9708,1,550.0541,728.1191,580.035,726.4885
120.9813,1,550.0541,728.1191,565.0446,727.3038
120.9927,1,528.2457,726.7463,546.6451,727.0251
121.0033,1,528.2457,726.7463,537.4454,726.8857
121.0162,1,528.2457,726.7463,532.8456,726.816
121.0296,1,533.6306,719.7584,533.238,723.2872
121.0369,1,533.6306,719.7584,533.4343,721.5228
121.0494,1,533.6306,719.7584,533.5325,720.6406
121.0576,1,603.2553,714.7285,568.3939,717.6846
121.0704,1,603.2553,714.7285,585.8246,716.2065
121.0804,1,748.4927,721.588,667.1586,718.8973
121.0918,1,748.4927,721.588,707.8257,720.2427
121.1012,1,748.4927,721.588,728.1592,720.9153
121.1138,1,596.4763,694.3737,662.3177,707.6445
121.1217,1,596.4763,694.3737,629.397,701.0091
121.1347,1,596.4763,694.3737,612.9366,697.6914
121.1479,1,929.0717,697.3518,771.0042,697.5216
121.1604,1,929.0717,697.3518,850.038,697.4367
121.1691,1,929.0717,697.3518,889.5548,697.3943
121.1798,1,1076.112,693.654,982.8333,695.5242
121.1912,1,1076.112,693.654,1029.473,694.5891
121.2031,1,1076.112,693.654,1052.792,694.1216
121.2151,1,1177.434,686.167,1115.113,690.1443
121.2238,1,1177.434,686.167,1146.274,688.1556
121.2375,1,1232.579,680.5667,1189.426,684.3612
121.2496,1,1232.579,680.5667,1211.002,682.464
121.2622,1,1232.579,680.5667,1221.791,681.5154
121.2747,1,1262.558,671.9157,1242.175,676.7156
121.2842,1,1262.558,671.9157,1252.366,674.3157
121.2992,1,1279.994,665.9291,1266.18,670.1224
121.3081,1,1279.994,665.9291,1273.087,668.0258
121.3154,1,1279.994,665.9291,1276.541,666.9774
121.3265,1,1291.823,664.101,1284.182,665.5392
121.3371,1,1291.823,664.101,1288.003,664.8201
121.3516,1,1291.823,664.101,1289.913,664.4605
121.362,1,1297.906,659.8864,1293.91,662.1735
121.375,1,1297.906,659.8864,1295.908,661.0299
121.3834,1,1297.906,659.8864,1296.907,660.4581
121.3962,1,1302.226,657.4557,1299.567,658.9569
121.4075,1,1302.226,657.4557,1300.896,658.2063
121.4191,1,1307.391,652.7626,1304.144,655.4845
121.4302,1,1307.391,652.7626,1305.768,654.1235
121.4397,1,1307.391,652.7626,1306.579,653.4431
121.4516,1,1311.439,646.5971,1309.009,650.0201
121.4618,1,1311.439,646.5971,1310.224,648.3086
121.4734,1,1311.439,646.5971,1310.832,647.4529
121.4848,1,1312.425,642.7206,1311.628,645.0867
121.4976,1,1312.425,642.7206,1312.026,643.9037
121.5077,1,1315.352,640.4207,1313.689,642.1622
121.5177,1,1315.352,640.4207,1314.52,641.2914
121.5309,1,1315.352,640.4207,1314.936,640.856
121.5389,1,1316.757,638.2606,1315.847,639.5583
121.5505,1,1316.757,638.2606,1316.302,638.9094
121.561,1,1316.757,638.2606,1316.53,638.585
121.5727,1,1319.683,636.0978,1318.106,637.3414
121.5816,1,1319.683,636.0978,1318.895,636.7196
121.5949,1,1319.683,636.0978,1319.289,636.4087
121.6039,1,1321.912,634.7374,1320.601,635.573
121.6164,1,1321.912,634.7374,1321.256,635.1552
121.6261,1,1321.912,634.7374,1321.584,634.9463
121.6371,1,1323.004,633.1249,1322.294,634.0356
121.6493,1,1323.004,633.1249,1322.649,633.5802
121.6584,1,1324.552,632.5923,1323.601,633.0863
121.6689,1,1324.552,632.5923,1324.077,632.8394
121.6805,1,1324.552,632.5923,1324.315,632.7158
121.6903,1,1325.089,632.2495,1324.702,632.4827
121.7014,1,1325.089,632.2495,1324.895,632.3661
121.7152,1,1325.089,632.2495,1324.992,632.3077
121.7227,1,1325.942,631.8234,1325.467,632.0656
121.7347,1,1325.942,631.8234,1325.705,631.9445
121.7473,1,1325.942,631.8234,1325.823,631.8839
121.7562,1,1326.942,631.6755,1326.383,631.7797
121.7772,1,1326.942,631.6755,1326.662,631.7277
121.783,1,1328.195,632.0471,1327.429,631.8874
121.7953,1,1328.195,632.0471,1327.812,631.9673
121.8046,1,1328.195,632.0471,1328.003,632.0072
121.8177,1,1328.736,631.6283,1328.37,631.8177
121.8291,1,1328.736,631.6283,1328.553,631.723
121.8374,1,1328.736,631.6283,1328.644,631.6757
121.8502,1,1329.552,631.029,1329.098,631.3523
121.8605,1,1329.552,631.029,1329.325,631.1907
121.872,1,1330.419,629.9752,1329.872,630.5829
121.8811,1,1330.419,629.9752,1330.146,630.2791
121.8926,1,1330.419,629.9752,1330.282,630.1271
121.902,1,1330.996,628.6971,1330.639,629.4121
121.9146,1,1330.996,628.6971,1330.818,629.0546
121.9239,1,1330.996,628.6971,1330.907,628.8759
121.9358,1,1331.46,627.9847,1331.184,628.4303
121.9486,1,1331.46,627.9847,1331.322,628.2075
121.9567,1,1331.46,627.9847,1331.391,628.0961
121.9726,1,1332.367,627.0875,1331.879,627.5918
121.9818,1,1332.367,627.0875,1332.123,627.3396
121.9927,1,1333.629,626.3358,1332.876,626.8376
122.0032,1,1333.629,626.3358,1333.252,626.5867
122.0157,1,1333.629,626.3358,1333.44,626.4612
122.0242,1,1334.542,624.6467,1333.991,625.554
122.0372,1,1334.542,624.6467,1334.267,625.1003
122.0486,1,1334.542,624.6467,1334.405,624.8735
122.057,1,1335.436,623.4836,1334.92,624.1786
122.0705,1,1335.436,623.4836,1335.178,623.8311
122.0806,1,1336.223,622.1586,1335.7,622.9948
122.0919,1,1336.223,622.1586,1335.962,622.5767
122.1025,1,1336.223,622.1586,1336.092,622.3676
122.1147,1,1337.574,620.4379,1336.833,621.4028
122.1242,1,1337.574,620.4379,1337.204,620.9203
122.1358,1,1337.574,620.4379,1337.389,620.6791
122.1489,1,1339.053,619.3449,1338.221,620.012
122.1577,1,1339.053,619.3449,1338.637,619.6785
122.1691,1,1339.053,619.3449,1338.845,619.5117
122.1785,1,1340.986,618.5259,1339.915,619.0188
122.1905,1,1340.986,618.5259,1340.451,618.7723
122.2009,1,1342.797,617.5906,1341.624,618.1815
122.2128,1,1342.797,617.5906,1342.211,617.886
122.2229,1,1342.797,617.5906,1342.504,617.7383
122.2346,1,1344.294,616.9227,1343.399,617.3304
122.2476,1,1344.294,616.9227,1343.846,617.1266
122.256,1,1344.294,616.9227,1344.07,617.0247
122.2688,1,1345.792,616.3536,1344.931,616.6891
122.278,1,1345.792,616.3536,1345.361,616.5214
122.2903,1,1345.792,616.3536,1345.576,616.4375
122.2998,1,1347.516,615.6232,1346.546,616.0303
122.3136,1,1347.516,615.6232,1347.031,615.8268
122.3227,1,1349.414,614.2647,1348.223,615.0458
122.3349,1,1349.414,614.2647,1348.819,614.6553
122.346,1,1349.414,614.2647,1349.116,614.46
122.3544,1,1351.541,613.1368,1350.329,613.7984
122.3672,1,1351.541,613.1368,1350.935,613.4677
122.3776,1,1351.541,613.1368,1351.238,613.3022
122.3906,1,1353.54,612.0421,1352.389,612.6721
122.3997,1,1353.54,612.0421,1352.964,612.3571
122.4126,1,1355.535,611.1375,1354.25,611.7473
122.4209,1,1355.535,611.1375,1354.892,611.4424
122.4338,1,1355.535,611.1375,1355.214,611.2899
122.4441,1,1357.787,610.649,1356.5,610.9695
122.4552,1,1357.787,610.649,1357.143,610.8092
122.4648,1,1357.787,610.649,1357.465,610.7291
122.4769,1,1359.345,610.4026,1358.405,610.5659
122.4869,1,1359.345,610.4026,1358.875,610.4843
122.4971,1,1359.345,610.4026,1359.11,610.4435
122.5095,1,1361.704,609.8932,1360.407,610.1683
122.5221,1,1361.704,609.8932,1361.055,610.0308
122.5366,1,1364.04,609.2982,1362.548,609.6644
122.5431,1,1364.04,609.2982,1363.294,609.4813
122.5542,1,1364.04,609.2982,1363.667,609.3898
122.564,1,1366.344,608.5214,1365.005,608.9556
122.5755,1,1366.344,608.5214,1365.675,608.7385
122.5863,1,1366.344,608.5214,1366.01,608.6299
122.5975,1,1368.879,607.4893,1367.444,608.0596
122.6107,1,1368.879,607.4893,1368.162,607.7744
122.6194,1,1368.879,607.4893,1368.521,607.6318
122.6325,1,1370.87,606.5526,1369.695,607.0922
122.6426,1,1370.87,606.5526,1370.282,606.8224
122.6575,1,1373.091,605.6815,1371.687,606.252
122.6721,1,1373.091,605.6815,1372.389,605.9667
122.6795,1,1373.091,605.6815,1372.74,605.8241
122.6897,1,1375.238,605.2531,1373.989,605.5386
122.7007,1,1375.238,605.2531,1374.614,605.3958
122.713,1,1375.238,605.2531,1374.926,605.3245
122.7213,1,1377.323,605.6097,1376.125,605.4671
122.7339,1,1377.323,605.6097,1376.724,605.5385
122.7478,1,1380.001,606.4156,1378.363,605.9771
122.7538,1,1380.001,606.4156,1379.182,606.1964
122.7677,1,1380.001,606.4156,1379.592,606.306
122.778,1,1383.45,609.1902,1381.521,607.7482
122.789,1,1383.45,609.1902,1382.486,608.4692
122.7989,1,1383.45,609.1902,1382.968,608.8297
122.8138,1,1391.311,635.9752,1387.14,622.4025
122.82,1,1391.311,635.9752,1389.225,629.1888
122.832,1,1391.311,635.9752,1390.268,632.582
122.8412,1,1404.009,683.6117,1397.138,658.0969
122.8528,1,1404.009,683.6117,1400.573,670.8542
122.8633,1,1404.009,683.6117,1402.291,677.233
122.875,1,1414.975,723.9119,1408.633,700.5724
122.8873,1,1414.975,723.9119,1411.804,712.2422
122.8976,1,1423.223,755.5886,1417.514,733.9154
122.9119,1,1423.223,755.5886,1420.368,744.752
122.9198,1,1423.223,755.5886,1421.796,750.1703
122.9342,1,1429.809,775.725,1425.802,762.9476
122.9411,1,1429.809,775.725,1427.806,769.3363
122.9536,1,1429.809,775.725,1428.808,772.5306
122.9641,1,1436.147,787.7531,1432.477,780.1418
122.9756,1,1436.147,787.7531,1434.312,783.9474
122.9872,1,1440.288,797.3361,1437.3,790.6417
122.9999,1,1440.288,797.3361,1438.794,793.9889
123.0095,1,1440.288,797.3361,1439.541,795.6625
123.0209,1,1440.808,802.3483,1440.175,799.0054
123.0337,1,1440.808,802.3483,1440.491,800.6768
123.0438,1,1440.808,802.3483,1440.649,801.5126
123.0546,1,1443.194,805.3636,1441.922,803.4381
123.0661,1,1443.194,805.3636,1442.558,804.4009
123.0774,1,1446.255,811.0737,1444.407,807.7373
123.0909,1,1446.255,811.0737,1445.331,809.4055
123.098,1,1446.255,811.0737,1445.793,810.2396
123.1096,1,1448.252,815.0947,1447.022,812.6672
123.1203,1,1448.252,815.0947,1447.637,813.881
123.1335,1,1448.252,815.0947,1447.944,814.4879
123.1468,1,1449.782,817.9426,1448.863,816.2152
123.1563,1,1449.782,817.9426,1449.322,817.0789
123.168,1,1451.372,819.453,1450.347,818.266
123.1774,1,1451.372,819.453,1450.859,818.8595
123.1888,1,1451.372,819.453,1451.116,819.1563
123.2008,1,1450.212,820.0965,1450.664,819.6263
123.2142,1,1450.212,820.0965,1450.438,819.8615
123.2226,1,1450.212,820.0965,1450.325,819.979
123.2345,1,1435.063,831.3495,1442.694,825.6642
123.2463,1,1435.063,831.3495,1438.878,828.5068
123.2559,1,1435.063,831.3495,1436.97,829.9282
123.2679,1,1407.899,846.5543,1422.435,838.2412
123.2783,1,1407.899,846.5543,1415.167,842.3978
123.2893,1,1382.043,862.7856,1398.605,852.5917
123.3111,1,1382.043,862.7856,1390.324,857.6887
123.3176,1,1382.043,862.7856,1386.183,860.2372
123.3285,1,1362.658,872.6671,1374.42,866.4521
123.338,1,1362.658,872.6671,1368.539,869.5596
123.3501,1,1347.539,879.8029,1358.039,874.6813
123.3616,1,1347.539,879.8029,1352.789,877.2421
123.3721,1,1347.539,879.8029,1350.164,878.5225
123.3831,1,1335.858,884.2317,1343.011,881.3771
123.3957,1,1335.858,884.2317,1339.434,882.8044
123.404,1,1335.858,884.2317,1337.646,883.5181
123.4174,1,1328.692,887.3057,1333.169,885.4119
123.4286,1,1328.692,887.3057,1330.93,886.3588
123.4373,1,1328.692,887.3057,1329.811,886.8323
123.4497,1,1338.567,879.0198,1334.189,882.926
123.4603,1,1338.567,879.0198,1336.378,880.9729
123.472,1,1345.391,873.6262,1340.885,877.2996
123.4828,1,1345.391,873.6262,1343.138,875.4629
123.4955,1,1345.391,873.6262,1344.265,874.5446
123.5041,1,1354.788,866.6693,1349.526,870.6069
123.5171,1,1354.788,866.6693,1352.157,868.6381
123.5265,1,1354.788,866.6693,1353.472,867.6537
123.5355,1,1370.524,855.1951,1361.998,861.4244
123.5487,1,1370.524,855.1951,1366.261,858.3097
123.5578,1,1370.524,855.1951,1368.392,856.7524
123.572,1,1386.769,844.2482,1377.581,850.5003
123.5807,1,1386.769,844.2482,1382.175,847.3743
123.5922,1,1401.766,834.2686,1391.97,840.8214
123.6039,1,1401.766,834.2686,1396.868,837.545
123.6157,1,1401.766,834.2686,1399.317,835.9069
123.6265,1,1413.215,826.4554,1406.266,831.1812
123.6372,1,1413.215,826.4554,1409.74,828.8183
123.6501,1,1413.215,826.4554,1411.478,827.6368
123.6575,1,1420.638,820.3411,1416.058,823.989
123.6701,1,1420.638,820.3411,1418.348,822.165
123.6808,1,1420.638,820.3411,1419.493,821.2531
123.6921,1,1426.187,815.8457,1422.84,818.5494
123.7021,1,1426.187,815.8457,1424.513,817.1975
123.715,1,1429.71,812.5173,1427.112,814.8574
123.7262,1,1429.71,812.5173,1428.411,813.6874
123.7353,1,1429.71,812.5173,1429.061,813.1024
123.7485,1,1431.252,811.0954,1430.156,812.0989
123.7586,1,1431.252,811.0954,1430.704,811.5972
123.7702,1,1431.252,811.0954,1430.978,811.3463
123.7803,1,1431.676,809.0984,1431.327,810.2224
123.7908,1,1431.676,809.0984,1431.502,809.6604
123.8009,1,1431.676,809.0984,1431.589,809.3794
123.8135,1,1431.571,808.1287,1431.58,808.754
123.8217,1,1431.571,808.1287,1431.575,808.4414
123.8354,1,1431.594,806.9731,1431.585,807.7073
123.8448,1,1431.594,806.9731,1431.589,807.3402
123.8561,1,1431.594,806.9731,1431.592,807.1567
123.8686,1,1431.662,806.3353,1431.627,806.746
123.8786,1,1431.662,806.3353,1431.645,806.5406
123.8905,1,1431.662,806.3353,1431.654,806.438
123.9027,1,1432.57,806.0233,1432.112,806.2306
123.9142,1,1432.57,806.0233,1432.341,806.127
123.9241,1,1433.028,805.6299,1432.685,805.8784
123.9375,1,1433.028,805.6299,1432.856,805.7542
123.9481,1,1433.028,805.6299,1432.942,805.692
123.9571,1,1432.757,805.4182,1432.85,805.5551
123.9693,1,1432.757,805.4182,1432.803,805.4866
123.98,1,1432.757,805.4182,1432.78,805.4524
123.9912,1,1432.576,805.5323,1432.678,805.4924
124.0015,1,1432.576,805.5323,1432.627,805.5123
124.014,1,1432.691,805.5868,1432.659,805.5496
124.0237,1,1432.691,805.5868,1432.675,805.5682
124.0354,1,1432.691,805.5868,1432.683,805.5775
124.0473,1,1432.549,805.5968,1432.616,805.5872
124.0613,1,1432.549,805.5968,1432.583,805.592
124.0732,1,1432.324,805.7934,1432.454,805.6927
124.0818,1,1432.324,805.7934,1432.389,805.743
124.0912,1,1432.324,805.7934,1432.357,805.7682
124.1034,1,1431.877,806.114,1432.117,805.941
124.1141,1,1431.877,806.114,1431.997,806.0275
124.1227,1,1431.877,806.114,1431.937,806.0707
124.1353,1,1431.671,806.557,1431.804,806.3138
124.1462,1,1431.671,806.557,1431.738,806.4354
124.1546,1,1431.671,806.557,1431.704,806.4962
124.1673,1,1431.667,807.0428,1431.686,806.7695
124.1777,1,1431.667,807.0428,1431.676,806.9062
124.1887,1,1431.667,807.0428,1431.672,806.9745
124.1986,1,1431.418,806.6351,1431.545,806.8048
124.2171,1,1431.418,806.6351,1431.481,806.72
124.2264,1,1428.704,804.3985,1430.093,805.5592
124.2356,1,1428.704,804.3985,1429.398,804.9789
124.2481,1,1428.704,804.3985,1429.051,804.6887
124.2592,1,1427.141,801.1306,1428.096,802.9097
124.2688,1,1427.141,801.1306,1427.619,802.0201
124.2793,1,1427.141,801.1306,1427.38,801.5753
124.2907,1,1425.988,798.1052,1426.684,799.8402
124.301,1,1425.988,798.1052,1426.336,798.9727
124.3136,1,1425.988,798.1052,1426.162,798.5389
124.3228,1,1424.227,794.6044,1425.194,796.5717
124.3352,1,1424.227,794.6044,1424.71,795.588
124.3466,1,1422.322,790.9524,1423.516,793.2702
124.3569,1,1422.322,790.9524,1422.919,792.1113
124.3688,1,1422.322,790.9524,1422.62,791.5319
124.3796,1,1419.329,787.0508,1420.974,789.2914
124.3907,1,1419.329,787.0508,1420.151,788.1711
124.4015,1,1419.329,787.0508,1419.74,787.611
124.4141,1,1417.446,782.239,1418.593,784.9249
124.4217,1,1417.446,782.239,1418.019,783.5819
124.4345,1,1417.446,782.239,1417.732,782.9104
124.4463,1,1413.934,777.0815,1415.833,779.996
124.4559,1,1413.934,777.0815,1414.884,778.5387
124.4692,1,1337.115,752.6462,1376,765.5925
124.4793,1,1337.115,752.6462,1356.558,759.1194
124.4901,1,1337.115,752.6462,1346.837,755.8828
124.5011,1,1078.885,681.6376,1212.861,718.7602
124.5148,1,1078.885,681.6376,1145.873,700.1989
124.5238,1,1078.885,681.6376,1112.379,690.9182
124.538,1,810.9611,605.4594,961.67,648.1888
124.5485,1,810.9611,605.4594,886.3156,626.8241
124.558,1,676.5994,568.2588,781.4575,597.5414
124.5708,1,676.5994,568.2588,729.0284,582.9001
124.5816,1,676.5994,568.2588,702.814,575.5795
124.5925,1,619.9588,555.0342,661.3864,565.3068
124.6022,1,619.9588,555.0342,640.6726,560.1705
124.6148,1,619.9588,555.0342,630.3157,557.6024
124.6248,1,581.6505,545.5037,605.9831,551.553
124.6363,1,581.6505,545.5037,593.8168,548.5283
124.6481,1,549.0217,543.4841,571.4193,546.0062
124.6573,1,549.0217,543.4841,560.2205,544.7451
124.669,1,549.0217,543.4841,554.6211,544.1146
124.6797,1,532.1231,546.4704,543.3721,545.2925
124.6909,1,532.1231,546.4704,537.7476,545.8815
124.7008,1,532.1231,546.4704,534.9353,546.1759
124.7129,1,522.8416,547.5406,528.8884,546.8583
124.7225,1,522.8416,547.5406,525.865,547.1995
124.7346,1,522.8416,547.5406,524.3533,547.3701
124.7459,1,528.8039,546.6453,526.5786,547.0077
124.7543,1,528.8039,546.6453,527.6913,546.8265
124.7682,1,528.8039,546.6453,528.2476,546.7358
124.7792,1,535.5927,549.9293,531.9202,548.3326
124.7904,1,535.5927,549.9293,533.7565,549.131
124.8003,1,571.0559,555.5929,552.4062,552.3619
124.813,1,571.0559,555.5929,561.7311,553.9774
124.8227,1,571.0559,555.5929,566.3935,554.7852
124.8345,1,680.8681,575.2668,623.6308,565.026
124.8442,1,680.8681,575.2668,652.2495,570.1464
124.856,1,680.8681,575.2668,666.5588,572.7067
124.8668,1,894.9715,609.4185,780.7651,591.0626
124.877,1,894.9715,609.4185,837.8683,600.2405
124.8885,1,894.9715,609.4185,866.4199,604.8295
124.8985,1,1089.828,628.8334,978.1237,616.8314
124.9105,1,1089.828,628.8334,1033.976,622.8324
124.9216,1,1230.781,646.5229,1132.378,634.6777
124.9331,1,1230.781,646.5229,1181.58,640.6003
124.9433,1,1230.781,646.5229,1206.18,643.5616
124.9549,1,1292.386,656.7711,1249.283,650.1664
124.9645,1,1292.386,656.7711,1270.834,653.4688
124.9788,1,1292.386,656.7711,1281.61,655.1199
124.9897,1,1316.46,664.9886,1299.035,660.0543
125.0016,1,1316.46,664.9886,1307.747,662.5214
125.0104,1,1330.546,670.2431,1319.146,666.3823
125.0195,1,1330.546,670.2431,1324.846,668.3127
125.0322,1,1330.546,670.2431,1327.696,669.2779
125.0409,1,1339.402,670.0455,1333.549,669.6617
125.0533,1,1339.402,670.0455,1336.475,669.8536
125.0637,1,1339.402,670.0455,1337.938,669.9495
125.0757,1,1342.302,668.9282,1340.12,669.4388
125.088,1,1342.302,668.9282,1341.211,669.1835
125.098,1,1342.302,668.9282,1341.756,669.0558
125.1108,1,1342.14,672.9727,1341.948,671.0143
125.1209,1,1342.14,672.9727,1342.044,671.9935
125.1333,1,1342.51,679.1055,1342.277,675.5495
125.1484,1,1342.51,679.1055,1342.394,677.3275
125.1588,1,1342.51,679.1055,1342.452,678.2165
125.168,1,1342.568,682.5302,1342.51,680.3733
125.1817,1,1342.568,682.5302,1342.539,681.4517
125.1926,1,1341.573,685.1265,1342.056,683.2891
125.2019,1,1341.573,685.1265,1341.815,684.2078
125.2126,1,1341.573,685.1265,1341.694,684.6671
125.2208,1,1341.573,685.1265,1341.634,684.8968
125.2338,1,1341.268,687.8516,1341.451,686.3742
125.2444,1,1341.268,687.8516,1341.36,687.1129
125.2552,1,1340.461,688.9702,1340.91,688.0415
125.2664,1,1340.461,688.9702,1340.686,688.5059
125.2781,1,1340.461,688.9702,1340.573,688.738
125.2901,1,1338.451,689.022,1339.512,688.88
125.299,1,1338.451,689.022,1338.981,688.951
125.3112,1,1338.451,689.022,1338.716,688.9866
125.3185,1,1336.862,688.9474,1337.789,688.967
125.3305,1,1336.862,688.9474,1337.326,688.9572
125.3392,1,1336.862,688.9474,1337.094,688.9523
125.3524,1,1335.866,689.3469,1336.48,689.1496
125.3634,1,1335.866,689.3469,1336.173,689.2483
125.3738,1,1334.717,689.2326,1335.445,689.2405
125.3831,1,1334.717,689.2326,1335.081,689.2366
125.397,1,1334.717,689.2326,1334.899,689.2346
125.4066,1,1334.141,689.5071,1334.52,689.3708
125.418,1,1334.141,689.5071,1334.331,689.439
125.4319,1,1334.141,689.5071,1334.236,689.473
125.4392,1,1333.412,689.4233,1333.824,689.4482
125.4513,1,1333.412,689.4233,1333.618,689.4358
125.4622,1,1333.412,689.4233,1333.515,689.4296
125.4734,1,1332.791,689.1012,1333.153,689.2654
125.4835,1,1332.791,689.1012,1332.972,689.1833
125.496,1,1332.252,688.8398,1332.612,689.0115
125.5065,1,1332.252,688.8398,1332.432,688.9257
125.5175,1,1332.252,688.8398,1332.342,688.8827
125.5304,1,1331.531,688.5693,1331.937,688.726
125.5401,1,1331.531,688.5693,1331.734,688.6477
125.5525,1,1331.531,688.5693,1331.633,688.6085
125.5616,1,1330.371,687.8856,1331.002,688.2471
125.5727,1,1330.371,687.8856,1330.687,688.0663
125.5832,1,1330.371,687.8856,1330.529,687.976
125.5966,1,1328.82,686.918,1329.674,687.447
125.6041,1,1328.82,686.918,1329.247,687.1825
125.6172,1,1327.004,685.6945,1328.126,686.4385
125.6281,1,1327.004,685.6945,1327.565,686.0665
125.6377,1,1327.004,685.6945,1327.285,685.8805
125.6506,1,1324.818,684.3094,1326.051,685.095
125.6609,1,1324.818,684.3094,1325.435,684.7021
125.6714,1,1324.818,684.3094,1325.126,684.5057
125.6817,1,1322.168,682.4463,1323.647,683.476
125.6939,1,1322.168,682.4463,1322.907,682.9612
125.7034,1,1322.168,682.4463,1322.538,682.7037
125.7152,1,1318.877,680.7634,1320.708,681.7335
125.7268,1,1318.877,680.7634,1319.792,681.2484
125.7341,1,1318.877,680.7634,1319.335,681.0059
125.7468,1,1315.955,679.4839,1317.645,680.2449
125.756,1,1315.955,679.4839,1316.8,679.8644
125.7791,1,1313.815,678.2842,1315.307,679.0743
125.7868,1,1313.815,678.2842,1314.561,678.6792
125.7946,1,1313.815,678.2842,1314.188,678.4817
125.804,1,1311.829,676.8401,1313.008,677.6609
125.8167,1,1311.829,676.8401,1312.418,677.2505
125.8285,1,1309.671,675.0876,1311.045,676.1691
125.8376,1,1309.671,675.0876,1310.358,675.6284
125.8504,1,1309.671,675.0876,1310.014,675.358
125.8603,1,1306.637,673.163,1308.325,674.2605
125.8717,1,1306.637,673.163,1307.481,673.7118
125.8811,1,1306.637,673.163,1307.059,673.4374
125.8939,1,1303.47,671.5107,1305.264,672.474
125.9034,1,1303.47,671.5107,1304.367,671.9923
125.9173,1,1300.633,669.7529,1302.5,670.8726
125.9289,1,1300.633,669.7529,1301.566,670.3127
125.9377,1,1300.633,669.7529,1301.099,670.0328
125.9506,1,1297.634,667.3481,1299.367,668.6905
125.9616,1,1297.634,667.3481,1298.5,668.0193
125.9721,1,1297.634,667.3481,1298.067,667.6837
125.9815,1,1293.856,664.3788,1295.961,666.0313
125.993,1,1293.856,664.3788,1294.909,665.2051
126.0034,1,1293.856,664.3788,1294.382,664.792
126.0153,1,1289.492,661.0881,1291.937,662.9401
126.0246,1,1289.492,661.0881,1290.715,662.0141
126.0356,1,1289.492,661.0881,1290.104,661.5511
126.0473,1,1286.169,657.728,1288.136,659.6396
126.0565,1,1286.169,657.728,1287.153,658.6838
126.0665,1,1286.169,657.728,1286.661,658.2059
126.08,1,1281.821,653.8839,1284.241,656.0449
126.0892,1,1281.821,653.8839,1283.031,654.9644
126.0992,1,1277.194,650.0216,1280.113,652.493
126.1141,1,1277.194,650.0216,1278.654,651.2573
126.1225,1,1277.194,650.0216,1277.924,650.6395
126.134,1,1273.692,647.1481,1275.808,648.8938
126.1476,1,1273.692,647.1481,1274.75,648.021
126.1553,1,1273.692,647.1481,1274.221,647.5846
126.1676,1,1270.648,644.1534,1272.434,645.869
126.1786,1,1270.648,644.1534,1271.541,645.0112
126.1907,1,1267.365,642.6249,1269.453,643.8181
126.2002,1,1267.365,642.6249,1268.409,643.2216
126.2131,1,1267.365,642.6249,1267.887,642.9232
126.2241,1,1264.297,640.4993,1266.092,641.7112
126.238,1,1264.297,640.4993,1265.195,641.1052
126.248,1,1264.297,640.4993,1264.746,640.8022
126.2569,1,1261.544,638.5638,1263.145,639.683
126.2692,1,1261.544,638.5638,1262.344,639.1234
126.28,1,1258.969,637.426,1260.657,638.2747
126.2914,1,1258.969,637.426,1259.813,637.8503
126.3046,1,1258.969,637.426,1259.391,637.6382
126.3165,1,1256.56,636.0594,1257.975,636.8488
126.3267,1,1256.56,636.0594,1257.267,636.4541
126.3362,1,1256.56,636.0594,1256.913,636.2567
126.349,1,1254.649,634.8317,1255.781,635.5442
126.3581,1,1254.649,634.8317,1255.215,635.188
126.3708,1,1252.057,633.1872,1253.636,634.1876
126.3806,1,1252.057,633.1872,1252.847,633.6874
126.392,1,1252.057,633.1872,1252.452,633.4373
126.4035,1,1249.861,631.4769,1251.156,632.4571
126.4168,1,1249.861,631.4769,1250.509,631.967
126.4278,1,1249.861,631.4769,1250.185,631.722
126.436,1,1248.321,629.332,1249.253,630.527
126.45,1,1248.321,629.332,1248.787,629.9295
126.4601,1,1245.992,626.3827,1247.389,628.1561
126.4712,1,1245.992,626.3827,1246.69,627.2694
126.483,1,1245.992,626.3827,1246.341,626.826
126.4953,1,1244.475,623.3848,1245.408,625.1055
126.5046,1,1244.475,623.3848,1244.942,624.2451
126.5165,1,1244.475,623.3848,1244.709,623.8149
126.5288,1,1242.681,620.2146,1243.695,622.0148
126.5392,1,1242.681,620.2146,1243.188,621.1147
126.5517,1,1240.441,616.6353,1241.814,618.875
126.5615,1,1240.441,616.6353,1241.128,617.7551
126.5734,1,1240.441,616.6353,1240.784,617.1952
126.5831,1,1238.842,614.8397,1239.813,616.0175
126.5969,1,1238.842,614.8397,1239.327,615.4286
126.6073,1,1238.842,614.8397,1239.084,615.1342
126.6176,1,1237.558,612.905,1238.321,614.0195
126.6306,1,1237.558,612.905,1237.939,613.4623
126.6398,1,1237.558,612.905,1237.749,613.1836
126.653,1,1236.323,611.0109,1237.036,612.0973
126.6638,1,1236.323,611.0109,1236.68,611.5541
126.6746,1,1235.205,609.585,1235.942,610.5695
126.6872,1,1235.205,609.585,1235.573,610.0773
126.6963,1,1235.205,609.585,1235.389,609.8311
126.7084,1,1233.926,608.0924,1234.658,608.9618
126.7188,1,1233.926,608.0924,1234.292,608.5271
126.7316,1,1233.926,608.0924,1234.109,608.3098
126.742,1,1232.694,606.9941,1233.401,607.6519
126.7539,1,1232.694,606.9941,1233.048,607.323
126.7648,1,1231.508,605.2876,1232.278,606.3053
126.777,1,1231.508,605.2876,1231.893,605.7964
126.7877,1,1231.508,605.2876,1231.7,605.542
126.8001,1,1230.832,605.1525,1231.266,605.3472
126.8127,1,1230.832,605.1525,1231.049,605.2499
126.8211,1,1230.832,605.1525,1230.94,605.2012
126.8322,1,1229.955,604.2512,1230.448,604.7262
126.8436,1,1229.955,604.2512,1230.201,604.4887
126.8577,1,1229.206,603.8984,1229.704,604.1936
126.8705,1,1229.206,603.8984,1229.455,604.046
126.8809,1,1229.206,603.8984,1229.33,603.9722
126.8914,1,1228.454,604.0884,1228.892,604.0303
126.9009,1,1228.454,604.0884,1228.673,604.0593
126.9144,1,1227.136,603.4519,1227.904,603.7556
126.9227,1,1227.136,603.4519,1227.52,603.6038
126.935,1,1227.136,603.4519,1227.328,603.5278
126.9474,1,1226.192,602.7981,1226.76,603.163
126.9559,1,1226.192,602.7981,1226.476,602.9805
126.9683,1,1226.192,602.7981,1226.334,602.8893
126.9787,1,1225.656,602.5349,1225.995,602.712
126.9897,1,1225.656,602.5349,1225.826,602.6234
126.9997,1,1225.656,602.5349,1225.741,602.5791
127.0129,1,1224.475,601.679,1225.108,602.129
127.0344,1,1223.207,601.0872,1224.157,601.6082
127.0409,1,1223.207,601.0872,1223.682,601.3477
127.049,1,1223.207,601.0872,1223.444,601.2174
127.0577,1,1223.207,601.0872,1223.325,601.1523
127.0702,1,1222.513,600.9379,1222.919,601.0451
127.0809,1,1222.513,600.9379,1222.716,600.9915
127.0927,1,1222.513,600.9379,1222.615,600.9647
127.1023,1,1221.51,600.4819,1222.062,600.7233
127.1157,1,1221.51,600.4819,1221.786,600.6026
127.126,1,1220.918,599.6498,1221.352,600.1262
127.1369,1,1220.918,599.6498,1221.135,599.8881
127.1488,1,1220.918,599.6498,1221.027,599.7689
127.158,1,1220.634,599.8225,1220.83,599.7957
127.1699,1,1220.634,599.8225,1220.732,599.8091
127.1802,1,1220.634,599.8225,1220.683,599.8158
127.1908,1,1197.624,591.7585,1209.154,595.7871
127.2005,1,1197.624,591.7585,1203.389,593.7728
127.2142,1,1197.624,591.7585,1200.507,592.7656
127.2217,1,1046.644,540.84,1123.575,566.8028
127.233,1,1046.644,540.84,1085.109,553.8214
127.2493,1,803.8061,430.3198,944.4578,492.0706
127.2573,1,803.8061,430.3198,874.132,461.1952
127.2688,1,803.8061,430.3198,838.969,445.7575
127.2791,1,653.6708,354.396,746.3199,400.0768
127.2904,1,653.6708,354.396,699.9954,377.2364
127.2997,1,653.6708,354.396,676.8331,365.8162
127.3139,1,581.3199,315.4028,629.0765,340.6095
127.3219,1,581.3199,315.4028,605.1982,328.0062
127.3335,1,581.3199,315.4028,593.259,321.7045
127.3415,1,545.5882,300.3264,569.4236,311.0154
127.357,1,545.5882,300.3264,557.5059,305.6709
127.3668,1,525.4882,294.3574,541.497,300.0142
127.3754,1,525.4882,294.3574,533.4926,297.1858
127.3891,1,525.4882,294.3574,529.4904,295.7716
127.3992,1,515.8377,287.425,522.6641,291.5983
127.4104,1,515.8377,287.425,519.2509,289.5117
127.4207,1,515.8377,287.425,517.5443,288.4683
127.4329,1,509.9083,284.6538,513.7263,286.561
127.4418,1,509.9083,284.6538,511.8173,285.6074
127.4548,1,509.9083,284.6538,510.8628,285.1306
127.4645,1,507.6626,281.2691,509.2627,283.1999
127.4758,1,507.6626,281.2691,508.4626,282.2345
127.4866,1,507.6626,281.2691,508.0626,281.7518
127.4964,1,505.7905,280.1274,506.9265,280.9396
127.5095,1,505.7905,280.1274,506.3585,280.5335
127.5186,1,504.4933,281.7071,505.4259,281.1203
127.5312,1,504.4933,281.7071,504.9597,281.4137
127.5398,1,504.4933,281.7071,504.7265,281.5604
127.5531,1,505.3682,281.5813,505.0474,281.5709
127.5666,1,505.3682,281.5813,505.2078,281.5761
127.5744,1,505.3682,281.5813,505.288,281.5787
127.5865,1,518.9376,289.3199,512.1128,285.4493
127.5981,1,518.9376,289.3199,515.5251,287.3846
127.6089,1,561.5649,322.5858,538.545,304.9852
127.619,1,561.5649,322.5858,550.055,313.7855
127.6319,1,561.5649,322.5858,555.8099,318.1857
127.6418,1,687.8257,437.8278,621.8179,378.0067
127.6551,1,687.8257,437.8278,654.8218,407.9172
127.6669,1,687.8257,437.8278,671.3237,422.8725
127.6776,1,789.4305,535.2089,730.3771,479.0407
127.6892,1,789.4305,535.2089,759.9038,507.1248
127.6982,1,789.4305,535.2089,774.6672,521.1668
127.7092,1,866.8845,589.3344,820.7758,555.2506
127.7188,1,866.8845,589.3344,843.8301,572.2925
127.7337,1,1039.3,634.6263,941.5652,603.4594
127.7459,1,1039.3,634.6263,990.4327,619.0428
127.7559,1,1039.3,634.6263,1014.867,626.8346
127.7693,1,1189.362,662.3679,1102.115,644.6013
127.7794,1,1189.362,662.3679,1145.739,653.4846
127.7907,1,1261.373,673.6002,1203.556,663.5424
127.8026,1,1261.373,673.6002,1232.464,668.5713
127.8151,1,1261.373,673.6002,1246.918,671.0858
127.8241,1,1293.276,678.79,1270.097,674.9379
127.8368,1,1293.276,678.79,1281.687,676.864
127.8479,1,1293.276,678.79,1287.482,677.827
127.8581,1,1305.562,680.0395,1296.522,678.9332
127.8705,1,1305.562,680.0395,1301.042,679.4863
127.88,1,1305.562,680.0395,1303.302,679.7629
127.8921,1,1312.989,680.0989,1308.145,679.9309
127.9019,1,1312.989,680.0989,1310.567,680.0149
127.9155,1,1325.161,679.6845,1317.864,679.8497
127.9267,1,1325.161,679.6845,1321.513,679.7671
127.937,1,1325.161,679.6845,1323.337,679.7258
127.9492,1,1393.92,681.5992,1358.628,680.6625
127.9586,1,1393.92,681.5992,1376.274,681.1309
127.9714,1,1452.386,686.4791,1414.33,683.805
127.9815,1,1452.386,686.4791,1433.358,685.1421
127.9929,1,1452.386,686.4791,1442.872,685.8106
128.0023,1,1491.277,692.9042,1467.075,689.3574
128.0164,1,1491.277,692.9042,1479.176,691.1308
128.0273,1,1491.277,692.9042,1485.227,692.0175
128.0372,1,1516.263,696.0534,1500.745,694.0354
128.0502,1,1516.263,696.0534,1508.504,695.0444
128.0596,1,1516.263,696.0534,1512.384,695.549
128.0723,1,1532.322,698.8173,1522.353,697.1831
128.0815,1,1532.322,698.8173,1527.337,698.0002
128.0953,1,1539.065,699.4881,1533.201,698.7441
128.1036,1,1539.065,699.4881,1536.133,699.1161
128.1159,1,1539.065,699.4881,1537.599,699.3021
128.1264,1,1494.203,699.8708,1515.901,699.5864
128.1368,1,1494.203,699.8708,1505.052,699.7286
128.1505,1,1338.257,699.5883,1421.655,699.6584
128.1586,1,1338.257,699.5883,1379.956,699.6234
128.1722,1,1338.257,699.5883,1359.106,699.6058
128.1818,1,1338.257,699.5883,1348.682,699.597
128.2039,1,1048.34,692.9022,1198.511,696.2496
128.2111,1,1048.34,692.9022,1123.425,694.5759
128.2193,1,852.9812,688.2437,988.2032,691.4098
128.2316,1,852.9812,688.2437,920.5922,689.8268
128.2409,1,852.9812,688.2437,886.7867,689.0353
128.2528,1,751.9235,687.1169,819.3551,688.0761
128.2633,1,751.9235,687.1169,785.6393,687.5966
128.2748,1,702.1569,687.3657,743.8981,687.4811
128.2827,1,702.1569,687.3657,723.0275,687.4235
128.2981,1,702.1569,687.3657,712.5922,687.3946
128.3067,1,678.1786,687.0221,695.3854,687.2084
128.3166,1,678.1786,687.0221,686.782,687.1152
128.3294,1,678.1786,687.0221,682.4803,687.0687
128.3392,1,664.1035,685.9385,673.2919,686.5036
128.3572,1,664.1035,685.9385,668.6977,686.2211
128.3638,1,656.1432,689.4113,662.4204,687.8162
128.3735,1,656.1432,689.4113,659.2818,688.6138
128.3852,1,656.1432,689.4113,657.7125,689.0126
128.3971,1,651.0679,691.3552,654.3902,690.1838
128.4072,1,651.0679,691.3552,652.729,690.7695
128.4203,1,651.0679,691.3552,651.8984,691.0624
128.4356,1,648.5687,693.2137,650.2335,692.1381
128.443,1,648.5687,693.2137,649.4011,692.6759
128.4523,1,648.5687,693.2137,648.9849,692.9448
128.4629,1,646.9907,695.0256,647.9878,693.9852
128.4727,1,646.9907,695.0256,647.4893,694.5054
128.4837,1,646.9907,695.0256,647.24,694.7655
128.4972,1,681.3428,677.6208,664.2914,686.1931
128.5085,1,681.3428,677.6208,672.8171,681.907
128.5212,1,778.1335,640.8778,725.4753,661.3924
128.5331,1,778.1335,640.8778,751.8044,651.1351
128.5419,1,778.1335,640.8778,764.9689,646.0065
128.5533,1,907.4363,596.3292,836.2026,621.1678
128.5646,1,907.4363,596.3292,871.8195,608.7485
128.5764,1,1007,563.1102,939.4098,585.9294
128.5888,1,1007,563.1102,973.205,574.5198
128.5986,1,1007,563.1102,990.1025,568.815
128.6098,1,1067.315,540.4373,1028.709,554.6261
128.6201,1,1067.315,540.4373,1048.012,547.5317
128.6329,1,1067.315,540.4373,1057.664,543.9845
128.6438,1,1102.961,531.6595,1080.312,537.822
128.6551,1,1102.961,531.6595,1091.637,534.7408
128.6672,1,1122.461,527.6602,1107.049,531.2004
128.6763,1,1122.461,527.6602,1114.755,529.4303
128.6887,1,1122.461,527.6602,1118.608,528.5452
128.7005,1,1132.043,519.7198,1125.325,524.1325
128.7141,1,1132.043,519.7198,1128.684,521.9261
128.724,1,1132.043,519.7198,1130.364,520.823
128.7365,1,1094.975,445.5767,1112.669,483.1998
128.7489,1,1094.975,445.5767,1103.822,464.3882
128.7573,1,1043.518,356.5952,1073.67,410.4917
128.7711,1,1043.518,356.5952,1058.594,383.5435
128.7823,1,1043.518,356.5952,1051.056,370.0693
128.7963,1,1013.707,300.7338,1032.382,335.4016
128.8042,1,1013.707,300.7338,1023.045,318.0677
128.8167,1,995.255,272.7177,1009.15,295.3927
128.8278,1,995.255,272.7177,1002.202,284.0552
128.8379,1,995.255,272.7177,998.7287,278.3865
128.851,1,984.316,255.6767,991.5223,267.0316
128.8629,1,984.316,255.6767,987.9192,261.3541
128.8748,1,984.316,255.6767,986.1176,258.5154
128.8839,1,977.4966,246.2228,981.8071,252.3691
128.896,1,977.4966,246.2228,979.6519,249.2959
128.9063,1,977.4966,246.2228,978.5742,247.7594
128.9167,1,1026.272,268.5088,1002.423,258.1341
128.928,1,1026.272,268.5088,1014.348,263.3214
128.937,1,1087.94,304.211,1051.144,283.7662
128.95,1,1087.94,304.211,1069.542,293.9886
128.9598,1,1087.94,304.211,1078.741,299.0998
128.9725,1,1151.135,341.1846,1114.938,320.1422
128.9832,1,1151.135,341.1846,1133.037,330.6634
128.9973,1,1151.135,341.1846,1142.086,335.924
129.0077,1,1251.604,410.703,1196.845,373.3135
129.0187,1,1251.604,410.703,1224.224,392.0082
129.0311,1,1338.384,486.0486,1281.304,439.0284
129.0404,1,1338.384,486.0486,1309.844,462.5385
129.052,1,1338.384,486.0486,1324.114,474.2936
129.0628,1,1394.573,529.9415,1359.344,502.1176
129.0747,1,1394.573,529.9415,1376.958,516.0295
129.0868,1,1394.573,529.9415,1385.766,522.9855
129.0975,1,1439.909,574.821,1412.838,548.9033
129.1129,1,1439.909,574.821,1426.374,561.8622
129.1194,1,1469.946,605.1395,1448.16,583.5009
129.1323,1,1469.946,605.1395,1459.052,594.3202
129.1411,1,1469.946,605.1395,1464.499,599.7299
129.1542,1,1488.564,620.9263,1476.531,610.3281
129.1644,1,1488.564,620.9263,1482.547,615.6272
129.1759,1,1488.564,620.9263,1485.555,618.2767
129.1873,1,1499.558,629.9713,1492.557,624.124
129.1981,1,1499.558,629.9713,1496.057,627.0476
129.211,1,1504.203,633.8153,1500.13,630.4315
129.2205,1,1504.203,633.8153,1502.167,632.1234
129.2354,1,1504.203,633.8153,1503.185,632.9694
129.2478,1,1517.17,643.1447,1510.177,638.057
129.2619,1,1517.17,643.1447,1513.673,640.6008
129.2698,1,1527.05,651.4651,1520.362,646.033
129.2785,1,1527.05,651.4651,1523.706,648.749
129.2899,1,1527.05,651.4651,1525.378,650.1071
129.3,1,1532.511,657.2762,1528.944,653.6917
129.3129,1,1532.511,657.2762,1530.728,655.4839
129.3214,1,1532.511,657.2762,1531.619,656.38
129.3363,1,1537.341,661.2637,1534.48,658.8218
129.3476,1,1537.341,661.2637,1535.911,660.0427
129.3576,1,1537.341,661.2637,1536.626,660.6532
129.3747,1,1540.606,664.7662,1538.616,662.7097
129.3886,1,1540.606,664.7662,1539.611,663.738
129.3977,1,1542.418,666.5481,1541.014,665.1431
129.4073,1,1542.418,666.5481,1541.716,665.8456
129.4214,1,1543.075,666.332,1542.396,666.0888
129.4302,1,1543.075,666.332,1542.735,666.2104
129.4387,1,1543.075,666.332,1542.905,666.2712
129.4527,1,1543.165,666.9901,1543.035,666.6307
129.4627,1,1543.165,666.9901,1543.1,666.8104
129.474,1,1543.165,666.9901,1543.133,666.9003
129.486,1,1543.285,667.306,1543.209,667.1031
129.4973,1,1543.285,667.306,1543.247,667.2046
129.5078,1,1543.285,667.306,1543.266,667.2552
129.5184,1,1543.115,667.7654,1543.19,667.5104
129.5313,1,1543.115,667.7654,1543.153,667.6379
129.5412,1,1543.115,667.7654,1543.134,667.7017
129.5537,1,1542.824,668.066,1542.979,667.8838
129.5639,1,1542.824,668.066,1542.902,667.9749
129.5765,1,1543.525,668.0546,1543.213,668.0147
129.5874,1,1543.525,668.0546,1543.369,668.0347
129.5979,1,1543.525,668.0546,1543.447,668.0446
129.6099,1,1544.312,668.302,1543.879,668.1733
129.6192,1,1544.312,668.302,1544.095,668.2377
129.6325,1,1545.013,668.7461,1544.554,668.4919
129.6423,1,1545.013,668.7461,1544.783,668.619
129.6539,1,1545.013,668.7461,1544.898,668.6826
129.6646,1,1545.564,669.576,1545.231,669.1293
129.6758,1,1545.564,669.576,1545.397,669.3527
129.6867,1,1545.564,669.576,1545.481,669.4644
129.6975,1,1545.492,669.9576,1545.486,669.711
129.71,1,1545.492,669.9576,1545.489,669.8344
129.7203,1,1545.492,669.9576,1545.491,669.896
129.7346,1,1545.244,670.0976,1545.368,669.9968
129.747,1,1545.244,670.0976,1545.306,670.0472
129.7546,1,1544.69,670.6409,1544.998,670.3441
129.7667,1,1544.69,670.6409,1544.844,670.4926
129.7803,1,1544.69,670.6409,1544.767,670.5668
129.789,1,1544.197,671.4174,1544.482,670.9921
129.7994,1,1544.197,671.4174,1544.34,671.2047
129.8103,1,1544.197,671.4174,1544.268,671.311
129.8236,1,1543.221,671.7423,1543.745,671.5267
129.8352,1,1543.221,671.7423,1543.483,671.6345
129.8438,1,1542.798,672.0606,1543.141,671.8475
129.8556,1,1542.798,672.0606,1542.969,671.9541
129.8672,1,1542.798,672.0606,1542.884,672.0073
129.877,1,1542.525,672.6771,1542.705,672.3422
129.8886,1,1542.525,672.6771,1542.615,672.5096
129.8985,1,1542.525,672.6771,1542.57,672.5934
129.9089,1,1542.025,673.236,1542.298,672.9147
129.9197,1,1542.025,673.236,1542.161,673.0753
129.9328,1,1542.025,673.236,1542.093,673.1556
129.9443,1,1541.596,673.2151,1541.845,673.1854
129.9557,1,1541.596,673.2151,1541.72,673.2002
129.9672,1,1541.131,672.9798,1541.426,673.09
129.9772,1,1541.131,672.9798,1541.279,673.0349
129.9889,1,1541.131,672.9798,1541.205,673.0073
129.9977,1,1540.291,673.0159,1540.748,673.0116
130.0087,1,1540.291,673.0159,1540.519,673.0137
130.0177,1,1540.291,673.0159,1540.405,673.0148
130.0308,1,1539.417,672.7208,1539.911,672.8678
130.0403,1,1539.417,672.7208,1539.664,672.7943
130.0533,1,1539.417,672.7208,1539.541,672.7576
130.0631,1,1538.176,672.3741,1538.858,672.5659
130.075,1,1538.176,672.3741,1538.517,672.47
130.0845,1,1538.176,672.3741,1538.346,672.4221
130.0977,1,1536.584,672.3448,1537.465,672.3834
130.1079,1,1536.584,672.3448,1537.025,672.3641
130.1179,1,1535.162,672.2432,1536.094,672.3036
130.1313,1,1535.162,672.2432,1535.628,672.2734
130.14,1,1535.162,672.2432,1535.395,672.2583
130.1529,1,1533.926,671.6971,1534.661,671.9777
130.1668,1,1533.926,671.6971,1534.294,671.8374
130.1752,1,1533.926,671.6971,1534.11,671.7673
130.1885,1,1532.147,670.8942,1533.128,671.3307
130.199,1,1532.147,670.8942,1532.637,671.1125
130.2132,1,1530.782,670.2117,1531.71,670.6621
130.2225,1,1530.782,670.2117,1531.246,670.4369
130.2348,1,1530.782,670.2117,1531.014,670.3243
130.2433,1,1529.331,669.4885,1530.172,669.9064
130.2557,1,1529.331,669.4885,1529.751,669.6974
130.268,1,1527.306,668.8313,1528.529,669.2644
130.2767,1,1527.306,668.8313,1527.917,669.0479
130.291,1,1527.306,668.8313,1527.611,668.9396
130.3018,1,1525.702,668.6389,1526.656,668.7892
130.3147,1,1525.702,668.6389,1526.179,668.714
130.323,1,1525.702,668.6389,1525.94,668.6764
130.3353,1,1524.915,666.0262,1525.427,667.3513
130.3466,1,1524.915,666.0262,1525.171,666.6887
130.3556,1,1524.915,666.0262,1525.043,666.3574
130.367,1,1522.702,662.7398,1523.873,664.5486
130.3751,1,1522.702,662.7398,1523.287,663.6442
130.389,1,1520.467,658.5173,1521.877,661.0807
130.3985,1,1520.467,658.5173,1521.172,659.799
130.4107,1,1520.467,658.5173,1520.82,659.1581
130.422,1,1518.919,655.1102,1519.869,657.1342
130.4344,1,1518.919,655.1102,1519.394,656.1222
130.4468,1,1518.919,655.1102,1519.156,655.6162
130.4673,1,1516.693,652.2092,1517.925,653.9127
130.4743,1,1516.693,652.2092,1517.309,653.0609
130.4827,1,1512.607,649.8804,1514.958,651.4706
130.496,1,1512.607,649.8804,1513.782,650.6755
130.507,1,1512.607,649.8804,1513.195,650.278
130.5172,1,1510.17,646.6316,1511.682,648.4548
130.5301,1,1510.17,646.6316,1510.926,647.5432
130.5409,1,1508.135,644.6025,1509.531,646.0729
130.5526,1,1508.135,644.6025,1508.833,645.3376
130.5631,1,1508.135,644.6025,1508.484,644.9701
130.5768,1,1506.259,640.8239,1507.372,642.897
130.5884,1,1506.259,640.8239,1506.815,641.8605
130.5981,1,1506.259,640.8239,1506.537,641.3422
130.6096,1,1503.844,637.3112,1505.191,639.3267
130.6208,1,1503.844,637.3112,1504.517,638.319
130.6327,1,1501.233,634.1151,1502.875,636.217
130.6405,1,1501.233,634.1151,1502.054,635.1661
130.6536,1,1501.233,634.1151,1501.644,634.6406
130.6637,1,1498.996,631.7356,1500.32,633.1881
130.6747,1,1498.996,631.7356,1499.658,632.4619
130.6869,1,1498.996,631.7356,1499.327,632.0988
130.6986,1,1496.904,629.6196,1498.116,630.8592
130.7076,1,1496.904,629.6196,1497.51,630.2394
130.7179,1,1496.904,629.6196,1497.207,629.9295
130.734,1,1495.68,627.364,1496.443,628.6467
130.7424,1,1495.68,627.364,1496.062,628.0054
130.7567,1,1494.506,625.5676,1495.284,626.7865
130.7677,1,1494.506,625.5676,1494.895,626.1771
130.7781,1,1494.506,625.5676,1494.7,625.8723
130.7908,1,1494.533,623.2607,1494.617,624.5665
130.8014,1,1494.533,623.2607,1494.575,623.9136
130.8158,1,1493.571,621.2604,1494.073,622.587
130.8246,1,1493.571,621.2604,1493.822,621.9237
130.8363,1,1493.571,621.2604,1493.697,621.592
130.8448,1,1492.377,621.7471,1493.037,621.6696
130.8571,1,1492.377,621.7471,1492.707,621.7083
130.8687,1,1492.377,621.7471,1492.542,621.7277
130.8779,1,1491.441,621.9247,1491.992,621.8262
130.8904,1,1491.441,621.9247,1491.716,621.8754
130.9005,1,1491.441,621.9247,1491.578,621.9
130.9122,1,1489.832,622.2427,1490.705,622.0714
130.9228,1,1489.832,622.2427,1490.269,622.1571
130.9341,1,1487.023,621.9203,1488.646,622.0387
130.9437,1,1487.023,621.9203,1487.834,621.9795
130.9568,1,1487.023,621.9203,1487.429,621.95
130.9676,1,1483.654,620.9375,1485.542,621.4437
130.9766,1,1483.654,620.9375,1484.598,621.1906
130.9863,1,1483.654,620.9375,1484.126,621.0641
130.997,1,1479.966,619.4215,1482.046,620.2428
131.0087,1,1479.966,619.4215,1481.006,619.8322
131.0191,1,1479.966,619.4215,1480.486,619.6268
131.0324,1,1477.168,617.5281,1478.827,618.5775
131.0416,1,1477.168,617.5281,1477.998,618.0527
131.0546,1,1474.165,615.6656,1476.081,616.8591
131.0673,1,1474.165,615.6656,1475.123,616.2623
131.0754,1,1474.165,615.6656,1474.644,615.964
131.0881,1,1471.187,614.4838,1472.916,615.2239
131.1006,1,1471.187,614.4838,1472.052,614.8539
131.1131,1,1468.353,613.1143,1470.202,613.9841
131.1235,1,1468.353,613.1143,1469.278,613.5492
131.1351,1,1468.353,613.1143,1468.815,613.3318
131.1488,1,1465.383,611.4599,1467.099,612.3959
131.1576,1,1465.383,611.4599,1466.241,611.9279
131.1699,1,1465.383,611.4599,1465.812,611.6938
131.1798,1,1461.795,608.6559,1463.803,610.1749
131.1918,1,1461.795,608.6559,1462.799,609.4154
131.202,1,1461.795,608.6559,1462.297,609.0356
131.2139,1,1458.035,605.5396,1460.166,607.2876
131.2231,1,1458.035,605.5396,1459.1,606.4136
131.235,1,1453.987,602.2865,1456.544,604.35
131.2471,1,1453.987,602.2865,1455.265,603.3182
131.2595,1,1453.987,602.2865,1454.626,602.8024
131.2709,1,1449.222,598.1756,1451.924,600.489
131.2821,1,1449.222,598.1756,1450.573,599.3323
131.2934,1,1444.984,593.6406,1447.779,596.4865
131.3044,1,1444.984,593.6406,1446.382,595.0635
131.3163,1,1444.984,593.6406,1445.683,594.3521
131.3268,1,1440.45,590.6556,1443.067,592.5038
131.3376,1,1440.45,590.6556,1441.759,591.5797
131.3513,1,1440.45,590.6556,1441.104,591.1177
131.3625,1,1436.537,588.3309,1438.821,589.7242
131.3735,1,1436.537,588.3309,1437.679,589.0276
131.3927,1,1432.103,586.0341,1434.891,587.5308
131.3986,1,1432.103,586.0341,1433.497,586.7825
131.408,1,1432.103,586.0341,1432.8,586.4083
131.4193,1,1428.478,584.0217,1430.639,585.215
131.4319,1,1428.478,584.0217,1429.558,584.6183
131.4409,1,1428.478,584.0217,1429.018,584.3199
131.4537,1,1425.29,581.2454,1427.154,582.7827
131.4647,1,1425.29,581.2454,1426.222,582.014
131.4759,1,1422.937,580.0155,1424.58,581.0148
131.4898,1,1422.937,580.0155,1423.759,580.5151
131.4986,1,1422.937,580.0155,1423.348,580.2653
131.51,1,1420.985,582.6887,1422.167,581.4771
131.519,1,1420.985,582.6887,1421.576,582.0829
131.532,1,1420.985,582.6887,1421.281,582.3858
131.5409,1,1419.895,586.0439,1420.588,584.2148
131.5528,1,1419.895,586.0439,1420.241,585.1294
131.5639,1,1419.895,586.0439,1420.068,585.5867
131.5767,1,1418.98,588.6634,1419.524,587.125
131.5869,1,1418.98,588.6634,1419.252,587.8942
131.5995,1,1418.424,591.188,1418.838,589.5411
131.6102,1,1418.424,591.188,1418.631,590.3646
131.6195,1,1418.424,591.188,1418.527,590.7764
131.6327,1,1417.405,594.186,1417.966,592.4812
131.6429,1,1417.405,594.186,1417.685,593.3336
131.6549,1,1417.405,594.186,1417.545,593.7598
131.6648,1,1416.047,598.1006,1416.796,595.9302
131.6781,1,1416.047,598.1006,1416.421,597.0154
131.689,1,1414.581,600.8643,1415.501,598.9398
131.6994,1,1414.581,600.8643,1415.041,599.902
131.713,1,1414.581,600.8643,1414.811,600.3832
131.7225,1,1413.535,603.1454,1414.173,601.7643
131.7354,1,1413.535,603.1454,1413.854,602.4548
131.7472,1,1412.704,605.1554,1413.279,603.8051
131.7574,1,1412.704,605.1554,1412.991,604.4802
131.7681,1,1412.704,605.1554,1412.848,604.8178
131.7778,1,1412.8,607.173,1412.824,605.9954
131.7915,1,1412.8,607.173,1412.812,606.5842
131.8003,1,1412.8,607.173,1412.806,606.8785
131.8121,1,1412.481,608.6736,1412.644,607.7761
131.8221,1,1412.481,608.6736,1412.563,608.2249
131.8347,1,1412.481,608.6736,1412.522,608.4492
131.8435,1,1411.528,610.8133,1412.025,609.6312
131.8566,1,1411.528,610.8133,1411.777,610.2223
131.8689,1,1410.032,612.405,1410.904,611.3137
131.8793,1,1410.032,612.405,1410.468,611.8594
131.8927,1,1410.032,612.405,1410.25,612.1322
131.9012,1,1409.433,613.8376,1409.842,612.9849
131.9139,1,1409.433,613.8376,1409.637,613.4113
131.9335,1,1408.992,614.9566,1409.315,614.184
131.941,1,1408.992,614.9566,1409.153,614.5703
131.951,1,1408.992,614.9566,1409.073,614.7634
131.9597,1,1408.697,616.7222,1408.885,615.7428
131.9724,1,1408.697,616.7222,1408.791,616.2325
131.9837,1,1408.697,616.7222,1408.744,616.4773
131.9968,1,1408.357,619.162,1408.551,617.8196
132.0078,1,1408.357,619.162,1408.454,618.4908
132.0174,1,1408.357,619.162,1408.406,618.8264
132.0296,1,1407.362,620.8151,1407.884,619.8207
132.0412,1,1407.362,620.8151,1407.623,620.3179
132.0553,1,1406.7,622.0939,1407.162,621.2059
132.0631,1,1406.7,622.0939,1406.931,621.6499
132.0778,1,1406.7,622.0939,1406.816,621.8719
132.0872,1,1406.017,622.2556,1406.416,622.0637
132.0984,1,1406.017,622.2556,1406.216,622.1597
132.1104,1,1405.312,623.6755,1405.764,622.9176
132.1228,1,1405.312,623.6755,1405.538,623.2965
132.1343,1,1405.312,623.6755,1405.425,623.486
132.1461,1,1404.79,625.1119,1405.108,624.299
132.1551,1,1404.79,625.1119,1404.949,624.7054
132.1689,1,1404.79,625.1119,1404.87,624.9087
132.1794,1,1404.42,627.2496,1404.645,626.0791
132.1906,1,1404.42,627.2496,1404.532,626.6643
132.2022,1,1403.757,629.219,1404.145,627.9417
132.2112,1,1403.757,629.219,1403.951,628.5803
132.2225,1,1403.757,629.219,1403.854,628.8997
132.2348,1,1402.765,632.2372,1403.309,630.5685
132.2438,1,1402.765,632.2372,1403.037,631.4028
132.2554,1,1402.765,632.2372,1402.901,631.8201
132.2682,1,1402.319,635.7795,1402.61,633.7998
132.2789,1,1402.319,635.7795,1402.464,634.7897
132.2907,1,1401.855,639.2668,1402.16,637.0283
132.3024,1,1401.855,639.2668,1402.008,638.1476
132.3162,1,1401.855,639.2668,1401.931,638.7072
132.3248,1,1400.907,643.0627,1401.419,640.8849
132.338,1,1400.907,643.0627,1401.163,641.9738
132.351,1,1400.34,647.7799,1400.751,644.8768
132.3601,1,1400.34,647.7799,1400.546,646.3284
132.3734,1,1400.34,647.7799,1400.443,647.0541
132.3831,1,1399.295,652.6807,1399.869,649.8674
132.3944,1,1399.295,652.6807,1399.582,651.274
132.404,1,1399.295,652.6807,1399.438,651.9774
132.4175,1,1399.391,657.009,1399.415,654.4932
132.4277,1,1399.391,657.009,1399.403,655.7511
132.4387,1,1399.391,657.009,1399.397,656.38
132.4509,1,1400.717,661.3387,1400.057,658.8594
132.4614,1,1400.717,661.3387,1400.387,660.099
132.4749,1,1402.27,665.8023,1401.328,662.9507
132.4838,1,1402.27,665.8023,1401.799,664.3765
132.4965,1,1402.27,665.8023,1402.034,665.0894
132.5086,1,1404.629,669.647,1403.332,667.3682
132.5188,1,1404.629,669.647,1403.98,668.5076
132.5322,1,1405.676,673.3795,1404.828,670.9435
132.5412,1,1405.676,673.3795,1405.252,672.1615
132.5536,1,1405.676,673.3795,1405.464,672.7705
132.5663,1,1407.028,676.7029,1406.246,674.7367
132.5744,1,1407.028,676.7029,1406.637,675.7198
132.5862,1,1407.028,676.7029,1406.832,676.2113
132.5972,1,1408.343,680.1029,1407.588,678.1571
132.6101,1,1408.343,680.1029,1407.965,679.13
132.6205,1,1408.343,680.1029,1408.154,679.6165
132.633,1,1408.882,683.2039,1408.518,681.4102
132.6426,1,1408.882,683.2039,1408.7,682.307
132.6555,1,1410.207,685.3369,1409.454,683.822
132.6675,1,1410.207,685.3369,1409.83,684.5795
132.6762,1,1410.207,685.3369,1410.019,684.9582
132.6894,1,1411.422,686.8798,1410.721,685.919
132.6993,1,1411.422,686.8798,1411.072,686.3994
132.7113,1,1411.422,686.8798,1411.247,686.6396
132.7221,1,1412.636,688.0593,1411.942,687.3495
132.7353,1,1412.636,688.0593,1412.289,687.7043
132.748,1,1413.84,689.7354,1413.064,688.7198
132.7587,1,1413.84,689.7354,1413.452,689.2277
132.7707,1,1413.84,689.7354,1413.646,689.4816
132.7816,1,1415.258,690.8577,1414.452,690.1697
132.7946,1,1415.258,690.8577,1414.855,690.5137
132.8035,1,1415.258,690.8577,1415.057,690.6857
132.8171,1,1415.989,692.262,1415.523,691.4739
132.8305,1,1415.989,692.262,1415.756,691.8679
132.8381,1,1418.509,694.6185,1417.132,693.2432
132.8515,1,1418.509,694.6185,1417.821,693.9308
132.8613,1,1418.509,694.6185,1418.165,694.2747
132.8731,1,1420.744,699.1184,1419.454,696.6965
132.883,1,1420.744,699.1184,1420.099,697.9075
132.8955,1,1423.076,704.2741,1421.587,701.0908
132.9076,1,1423.076,704.2741,1422.332,702.6825
132.9172,1,1423.076,704.2741,1422.704,703.4783
132.9284,1,1424.849,708.3425,1423.777,705.9104
132.9398,1,1424.849,708.3425,1424.313,707.1265
132.9529,1,1424.849,708.3425,1424.581,707.7345
132.9646,1,1427.047,711.7963,1425.814,709.7654
132.9767,1,1427.047,711.7963,1426.431,710.7808
132.9842,1,1427.047,711.7963,1426.739,711.2886
132.9973,1,1430.911,716.3439,1428.825,713.8162
133.0097,1,1430.911,716.3439,1429.868,715.0801
133.0213,1,1433.354,720.8073,1431.611,717.9437
133.0338,1,1433.354,720.8073,1432.482,719.3755
133.0426,1,1433.354,720.8073,1432.918,720.0914
133.0553,1,1434.17,724.0146,1433.544,722.053
133.0667,1,1434.17,724.0146,1433.857,723.0338
133.0752,1,1434.17,724.0146,1434.013,723.5242
133.0885,1,1435.079,728.3397,1434.546,725.9319
133.0997,1,1435.079,728.3397,1434.813,727.1358
133.1127,1,1436.453,731.3624,1435.633,729.2491
133.1217,1,1436.453,731.3624,1436.043,730.3057
133.136,1,1436.453,731.3624,1436.248,730.834
133.1476,1,1437.92,734.144,1437.084,732.489
133.157,1,1437.92,734.144,1437.502,733.3165
133.1676,1,1412.793,734.1915,1425.147,733.754
133.1776,1,1412.793,734.1915,1418.97,733.9728
133.1906,1,1412.793,734.1915,1415.882,734.0822
133.1999,1,1318.79,733.7878,1367.336,733.9349
133.2118,1,1318.79,733.7878,1343.063,733.8613
133.2218,1,1318.79,733.7878,1330.927,733.8246
133.2338,1,1197.712,733.7506,1264.319,733.7876
133.2413,1,1197.712,733.7506,1231.016,733.7691
133.2532,1,1197.712,733.7506,1214.364,733.7599
133.2634,1,1106.964,734.2039,1160.664,733.9819
133.2776,1,1106.964,734.2039,1133.814,734.0929
133.2872,1,1106.964,734.2039,1120.389,734.1484
133.2978,1,1029.061,730.4537,1074.725,732.301
133.3118,1,1029.061,730.4537,1051.893,731.3773
133.3204,1,877.4884,732.7135,964.6907,732.0454
133.333,1,877.4884,732.7135,921.0896,732.3795
133.3419,1,877.4884,732.7135,899.289,732.5465
133.3553,1,740.7209,733.6661,820.005,733.1063
133.3664,1,740.7209,733.6661,780.363,733.3862
133.377,1,740.7209,733.6661,760.542,733.5262
133.3876,1,671.8599,738.1274,716.2009,735.8268
133.3979,1,671.8599,738.1274,694.0304,736.9771
133.41,1,634.2719,740.209,664.1511,738.5931
133.4203,1,634.2719,740.209,649.2115,739.4011
133.4322,1,634.2719,740.209,641.7417,739.8051
133.4434,1,615.3443,743.278,628.543,741.5415
133.4561,1,615.3443,743.278,621.9436,742.4097
133.4669,1,615.3443,743.278,618.6439,742.8439
133.4779,1,605.9842,745.3441,612.3141,744.094
133.489,1,605.9842,745.3441,609.1492,744.7191
133.4993,1,599.1577,746.7744,604.1534,745.7467
133.5129,1,599.1577,746.7744,601.6556,746.2606
133.522,1,599.1577,746.7744,600.4066,746.5175
133.5352,1,595.7811,746.833,598.0939,746.6752
133.5476,1,595.7811,746.833,596.9375,746.7542
133.5571,1,595.7811,746.833,596.3593,746.7936
133.5706,1,595.5764,744.4595,595.9679,745.6265
133.5819,1,595.5764,744.4595,595.7722,745.043
133.5949,1,637.1461,714.7981,616.4591,729.9205
133.6035,1,637.1461,714.7981,626.8026,722.3593
133.6167,1,637.1461,714.7981,631.9744,718.5787
133.6292,1,742.8903,619.877,687.4323,669.2278
133.6378,1,742.8903,619.877,715.1613,644.5524
133.6542,1,850.6918,516.5661,782.9265,580.5592
133.6644,1,850.6918,516.5661,816.8092,548.5626
133.6766,1,850.6918,516.5661,833.7505,532.5643
133.6878,1,919.3959,454.932,876.5732,493.7482
133.698,1,919.3959,454.932,897.9845,474.3401
133.7102,1,919.3959,454.932,908.6902,464.636
133.7211,1,955.2347,422.4138,931.9625,443.5249
133.7336,1,955.2347,422.4138,943.5986,432.9694
133.7449,1,973.3188,404.2745,958.4587,418.6219
133.7642,1,973.3188,404.2745,965.8888,411.4482
133.7718,1,983.7174,390.2636,974.8031,400.8559
133.7782,1,983.7174,390.2636,979.2603,395.5598
133.7899,1,983.7174,390.2636,981.4888,392.9117
133.7992,1,983.7174,390.2636,982.6031,391.5876
133.8131,1,989.9348,384.932,986.2689,388.2598
133.8223,1,989.9348,384.932,988.1018,386.5959
133.8363,1,1048.895,417.9571,1018.498,402.2765
133.85,1,1048.895,417.9571,1033.697,410.1168
133.8589,1,1048.895,417.9571,1041.296,414.0369
133.8713,1,1181.075,515.188,1111.186,464.6125
133.8816,1,1181.075,515.188,1146.13,489.9003
133.8935,1,1324.277,621.5007,1235.204,555.7004
133.9032,1,1324.277,621.5007,1279.741,588.6006
133.917,1,1324.277,621.5007,1302.009,605.0507
133.9292,1,1412.87,685.0694,1357.44,645.0601
133.9383,1,1412.87,685.0694,1385.155,665.0647
133.9513,1,1412.87,685.0694,1399.013,675.067
133.9616,1,1460.174,716.6032,1429.593,695.8351
133.976,1,1460.174,716.6032,1444.883,706.2191
133.9835,1,1483.738,729.8181,1464.311,718.0186
133.9959,1,1483.738,729.8181,1474.024,723.9183
134.0064,1,1483.738,729.8181,1478.881,726.8682
134.0165,1,1495.949,737.03,1487.415,731.9491
134.0294,1,1495.949,737.03,1491.682,734.4896
134.0374,1,1495.949,737.03,1493.816,735.7598
134.0496,1,1503.61,751.9021,1498.713,743.8309
134.0598,1,1503.61,751.9021,1501.162,747.8665
134.0832,1,1513.867,765.9897,1507.514,756.9281
134.0921,1,1513.867,765.9897,1510.691,761.4589
134.0995,1,1513.867,765.9897,1512.279,763.7242
134.1101,1,1521.229,774.6054,1516.754,769.1648
134.1192,1,1521.229,774.6054,1518.992,771.8851
134.1324,1,1521.229,774.6054,1520.111,773.2452
134.1415,1,1524.595,781.5867,1522.353,777.416
134.1539,1,1524.595,781.5867,1523.474,779.5013
134.1638,1,1526.166,786.4893,1524.82,782.9954
134.1788,1,1526.166,786.4893,1525.493,784.7423
134.1895,1,1526.166,786.4893,1525.83,785.6158
134.198,1,1527.977,790.6993,1526.903,788.1576
134.2095,1,1527.977,790.6993,1527.44,789.4285
134.2207,1,1527.977,790.6993,1527.708,790.0639
134.2333,1,1531.37,793.5239,1529.54,791.7939
134.244,1,1531.37,793.5239,1530.455,792.6589
134.2547,1,1534.2,797.0367,1532.328,794.8478
134.2681,1,1534.2,797.0367,1533.264,795.9423
134.2785,1,1534.2,797.0367,1533.732,796.4895
134.2891,1,1536.662,800.4611,1535.197,798.4753
134.3011,1,1536.662,800.4611,1535.929,799.4681
134.3136,1,1536.662,800.4611,1536.296,799.9646
134.3235,1,1537.854,802.9614,1537.075,801.463
134.334,1,1537.854,802.9614,1537.464,802.2122
134.345,1,1542.657,808.2083,1540.061,805.2102
134.3568,1,1542.657,808.2083,1541.359,806.7092
134.3648,1,1542.657,808.2083,1542.008,807.4587
134.3769,1,1546.784,814.5825,1544.396,811.0206
134.3879,1,1546.784,814.5825,1545.59,812.8015
134.3981,1,1546.784,814.5825,1546.187,813.692
134.409,1,1550.264,821.0483,1548.226,817.3701
134.4207,1,1550.264,821.0483,1549.245,819.2092
134.4344,1,1550.264,821.0483,1549.755,820.1288
134.4442,1,1553.466,828.3149,1551.61,824.2218
134.4569,1,1553.466,828.3149,1552.538,826.2683
134.4681,1,1558.396,835.1252,1555.467,830.6968
134.4805,1,1558.396,835.1252,1556.932,832.911
134.4933,1,1558.396,835.1252,1557.664,834.0181
134.5039,1,1561.297,840.8856,1559.481,837.4518
134.5168,1,1561.297,840.8856,1560.389,839.1687
134.5294,1,1565.014,845.3265,1562.701,842.2476
134.536,1,1565.014,845.3265,1563.857,843.7871
134.5498,1,1565.014,845.3265,1564.436,844.5568
134.5593,1,1567.516,849.779,1565.976,847.1679
134.5715,1,1567.516,849.779,1566.746,848.4734
134.5822,1,1567.516,849.779,1567.131,849.1262
134.5932,1,1569.69,853.8574,1568.41,851.4918
134.6044,1,1569.69,853.8574,1569.05,852.6746
134.62,1,1571.562,856.9701,1570.306,854.8224
134.6319,1,1571.562,856.9701,1570.934,855.8962
134.6411,1,1571.562,856.9701,1571.248,856.4332
134.6537,1,1573.186,858.6671,1572.217,857.5501
134.6637,1,1573.186,858.6671,1572.702,858.1086
134.6756,1,1573.186,858.6671,1572.944,858.3878
134.6866,1,1546.729,823.9696,1559.837,841.1787
134.697,1,1546.729,823.9696,1553.283,832.5742
134.7073,1,1546.729,823.9696,1550.006,828.2719
134.7182,1,1400.272,525.9022,1475.139,677.087
134.7319,1,1400.272,525.9022,1437.706,601.4946
134.7431,1,1300.518,261.7814,1369.112,431.638
134.755,1,1300.518,261.7814,1334.815,346.7097
134.7666,1,1300.518,261.7814,1317.667,304.2456
134.7773,1,1260.973,146.7273,1289.32,225.4864
134.7911,1,1260.973,146.7273,1275.146,186.1068
134.8006,1,1237.759,105.7519,1256.453,145.9294
134.8145,1,1237.759,105.7519,1247.106,125.8407
134.823,1,1237.759,105.7519,1242.432,115.7963
134.8358,1,1231.777,95.14333,1237.105,105.4698
134.8495,1,1231.777,95.14333,1234.441,100.3066
134.8586,1,1257.458,76.35186,1245.95,88.32921
134.8728,1,1257.458,76.35186,1251.704,82.34053
134.8825,1,1257.458,76.35186,1254.581,79.34619
134.8962,1,1274.218,66.25282,1264.4,72.79951
134.9066,1,1274.218,66.25282,1269.309,69.52617
134.9165,1,1274.218,66.25282,1271.764,67.8895
134.9287,1,1281.154,58.89466,1276.459,63.39207
134.9396,1,1281.154,58.89466,1278.806,61.14336
134.9534,1,1304.801,82.14349,1291.803,71.64342
134.9634,1,1304.801,82.14349,1298.302,76.89346
134.9765,1,1304.801,82.14349,1301.551,79.51847
134.9867,1,1329.898,140.5413,1315.725,110.0299
135.0001,1,1329.898,140.5413,1322.811,125.2856
135.0147,1,1452.044,422.4054,1387.427,273.8455
135.0246,1,1452.044,422.4054,1419.736,348.1254
135.0342,1,1452.044,422.4054,1435.89,385.2654
135.0477,1,1555.47,649.556,1495.68,517.4106
135.0551,1,1555.47,649.556,1525.575,583.4833
135.0682,1,1555.47,649.556,1540.522,616.5197
135.0789,1,1600.386,743.6514,1570.454,680.0855
135.0902,1,1600.386,743.6514,1585.42,711.8684
135.1018,1,1618.152,780.407,1601.786,746.1377
135.1139,1,1618.152,780.407,1609.969,763.2723
135.1232,1,1618.152,780.407,1614.061,771.8397
135.1373,1,1627.043,797.4172,1620.552,784.6284
135.1514,1,1627.043,797.4172,1623.797,791.0228
135.1636,1,1629.197,806.7678,1626.497,798.8953
135.1739,1,1629.197,806.7678,1627.847,802.8315
135.1831,1,1629.197,806.7678,1628.522,804.7997
135.1981,1,1628.759,807.8843,1628.641,806.342
135.2083,1,1628.759,807.8843,1628.7,807.1132
135.2191,1,1628.759,807.8843,1628.729,807.4988
135.2326,1,1629.283,807.0018,1629.006,807.2503
135.2408,1,1629.283,807.0018,1629.145,807.1261
135.2541,1,1631.542,808.6111,1630.343,807.8687
135.2664,1,1631.542,808.6111,1630.942,808.2399
135.2778,1,1631.542,808.6111,1631.242,808.4255
135.2898,1,1633.21,807.5334,1632.226,807.9795
135.3011,1,1633.21,807.5334,1632.718,807.7565
135.3134,1,1634.5,808.0035,1633.609,807.88
135.3246,1,1634.5,808.0035,1634.054,807.9418
135.3358,1,1634.5,808.0035,1634.277,807.9727
135.3467,1,1634.411,808.6121,1634.344,808.2924
135.3568,1,1634.411,808.6121,1634.377,808.4523
135.3796,1,1633.87,807.6323,1634.124,808.0423
135.3872,1,1633.87,807.6323,1633.997,807.8373
135.3951,1,1633.87,807.6323,1633.934,807.7348
135.4068,1,1634.43,808.3102,1634.182,808.0225
135.4174,1,1634.43,808.3102,1634.306,808.1663
135.432,1,1635.285,808.3093,1634.795,808.2378
135.4407,1,1635.285,808.3093,1635.04,808.2736
135.4538,1,1635.285,808.3093,1635.163,808.2914
135.4643,1,1636.238,808.7149,1635.7,808.5032
135.4763,1,1636.238,808.7149,1635.969,808.609
135.4872,1,1636.238,808.7149,1636.104,808.662
135.4976,1,1637.348,807.5826,1636.726,808.1223
135.51,1,1637.348,807.5826,1637.037,807.8524
135.521,1,1637.348,807.5826,1637.193,807.7175
135.533,1,1637.275,804.8099,1637.234,806.2637
135.5442,1,1637.275,804.8099,1637.254,805.5369
135.5555,1,1637.774,802.7603,1637.514,804.1486
135.5667,1,1637.774,802.7603,1637.644,803.4544
135.577,1,1637.774,802.7603,1637.709,803.1073
135.5881,1,1638.429,799.6514,1638.069,801.3794
135.5996,1,1638.429,799.6514,1638.249,800.5154
135.6126,1,1639.665,796.165,1638.957,798.3402
135.6242,1,1639.665,796.165,1639.311,797.2526
135.636,1,1639.665,796.165,1639.488,796.7087
135.6484,1,1641.177,792.1423,1640.333,794.4255
135.659,1,1641.177,792.1423,1640.755,793.2839
135.6721,1,1641.177,792.1423,1640.966,792.7131
135.6833,1,1642.015,788.7512,1641.49,790.7322
135.6964,1,1642.015,788.7512,1641.753,789.7417
135.7073,1,1642.888,788.2811,1642.32,789.0114
135.7168,1,1642.888,788.2811,1642.604,788.6462
135.7296,1,1642.888,788.2811,1642.746,788.4637
135.7393,1,1641.045,790.8044,1641.896,789.634
135.7513,1,1641.045,790.8044,1641.47,790.2192
135.7606,1,1641.045,790.8044,1641.258,790.5118
135.772,1,1640.397,792.7809,1640.827,791.6464
135.7881,1,1640.397,792.7809,1640.612,792.2136
135.7985,1,1639.173,794.9967,1639.893,793.6052
135.8116,1,1639.173,794.9967,1639.533,794.3009
135.8207,1,1639.173,794.9967,1639.353,794.6488
135.8337,1,1638.183,798.254,1638.768,796.4514
135.8447,1,1638.183,798.254,1638.476,797.3527
135.855,1,1636.857,801.9865,1637.666,799.6696
135.8662,1,1636.857,801.9865,1637.262,800.828
135.877,1,1636.857,801.9865,1637.059,801.4072
135.8884,1,1635.717,805.3071,1636.388,803.3572
135.8996,1,1635.717,805.3071,1636.052,804.3322
135.9128,1,1635.717,805.3071,1635.885,804.8196
135.9229,1,1633.842,808.2534,1634.863,806.5365
135.9355,1,1633.842,808.2534,1634.353,807.395
135.9472,1,1631.762,812.2173,1633.057,809.8062
135.9566,1,1631.762,812.2173,1632.41,811.0117
135.9691,1,1631.762,812.2173,1632.086,811.6145
135.9808,1,1630.446,815.6735,1631.266,813.644
135.9927,1,1630.446,815.6735,1630.856,814.6588
136.003,1,1630.446,815.6735,1630.651,815.1661
136.0153,1,1629.057,818.7756,1629.854,816.9709
136.0271,1,1629.057,818.7756,1629.456,817.8733
136.0373,1,1627.715,821.1519,1628.586,819.5126
136.0498,1,1627.715,821.1519,1628.151,820.3323
136.0608,1,1627.715,821.1519,1627.933,820.7421
136.0718,1,1627.555,823.2984,1627.744,822.0203
136.0832,1,1627.555,823.2984,1627.649,822.6593
136.0967,1,1620.027,822.1992,1623.838,822.4293
136.105,1,1620.027,822.1992,1621.933,822.3142
136.1174,1,1620.027,822.1992,1620.98,822.2567
136.1288,1,1538.442,783.8184,1579.711,803.0375
136.1381,1,1538.442,783.8184,1559.076,793.428
136.151,1,1538.442,783.8184,1548.759,788.6232
136.1615,1,1122.92,587.72,1335.839,688.1716
136.1737,1,1122.92,587.72,1229.379,637.9458
136.1836,1,1122.92,587.72,1176.149,612.8329
136.2141,1,591.0248,343.6622,883.5872,478.2476
136.2246,1,309.2876,194.8059,596.4374,336.5267
136.2321,1,309.2876,194.8059,452.8625,265.6663
136.2436,1,309.2876,194.8059,381.0751,230.2361
136.256,1,224.6695,156.0154,302.8723,193.1257
136.2686,1,224.6695,156.0154,263.7709,174.5705
136.2791,1,184.22,146.3216,223.9955,160.4461
136.2912,1,184.22,146.3216,204.1077,153.3838
136.3011,1,184.22,146.3216,194.1639,149.8527
136.3149,1,167.5367,138.6111,180.8503,144.2319
136.3244,1,167.5367,138.6111,174.1935,141.4215
136.3369,1,167.5367,138.6111,170.8651,140.0163
136.3504,1,166.9203,121.6307,168.8927,130.8235
136.3581,1,166.9203,121.6307,167.9065,126.2271
136.3673,1,208.2349,95.1598,188.0707,110.6935
136.3849,1,208.2349,95.1598,198.1528,102.9266
136.3931,1,208.2349,95.1598,203.1938,99.04321
136.4047,1,260.1849,74.00797,231.6894,86.52559
136.4189,1,260.1849,74.00797,245.9372,80.26678
136.4292,1,281.0947,70.79626,263.5159,75.53152
136.4411,1,281.0947,70.79626,272.3053,73.16389
136.4554,1,281.0947,70.79626,276.7,71.98007
136.4651,1,293.9926,68.39645,285.3463,70.18826
136.4784,1,293.9926,68.39645,289.6694,69.29236
136.4899,1,302.8674,63.92368,296.2684,66.60802
136.5029,1,302.8674,63.92368,299.5679,65.26585
136.5141,1,302.8674,63.92368,301.2177,64.59476
136.5216,1,311.4196,69.97163,306.3186,67.28319
136.535,1,311.4196,69.97163,308.8691,68.62741
136.547,1,311.4196,69.97163,310.1443,69.29951
136.5592,1,345.7156,94.10128,327.93,81.70039
136.5701,1,345.7156,94.10128,336.8228,87.90083
136.5801,1,634.9846,321.8489,485.9037,204.8749
136.5949,1,634.9846,321.8489,560.4441,263.3619
136.607,1,634.9846,321.8489,597.7144,292.6054
136.6169,1,1128.717,636.4083,863.2158,464.5069
136.6331,1,1128.717,636.4083,995.9664,550.4576
136.6426,1,1398.622,788.3767,1197.294,669.4171
136.6544,1,1398.622,788.3767,1297.958,728.8969
136.6639,1,1398.622,788.3767,1348.29,758.6368
136.6798,1,1491.409,832.8738,1419.85,795.7553
136.6917,1,1491.409,832.8738,1455.629,814.3146
136.7028,1,1518.745,849.7549,1487.187,832.0348
136.7145,1,1518.745,849.7549,1502.966,840.8949
136.7246,1,1518.745,849.7549,1510.855,845.325
136.7391,1,1532.024,856.3697,1521.439,850.8473
136.7493,1,1532.024,856.3697,1526.731,853.6085
136.7606,1,1532.024,856.3697,1529.377,854.9891
136.7736,1,1530.328,859.4239,1529.853,857.2065
136.7851,1,1530.328,859.4239,1530.091,858.3152
136.7961,1,1546.851,858.4401,1538.471,858.3777
136.8097,1,1546.851,858.4401,1542.661,858.4089
136.8172,1,1546.851,858.4401,1544.756,858.4246
136.8325,1,1568.088,848.2092,1556.422,853.3169
136.8407,1,1568.088,848.2092,1562.255,850.7631
136.8557,1,1582.599,841.183,1572.427,845.973
136.8647,1,1582.599,841.183,1577.513,843.578
136.8808,1,1582.599,841.183,1580.056,842.3805
136.8909,1,1593.581,836.1302,1586.819,839.2554
136.9031,1,1593.581,836.1302,1590.2,837.6928
136.917,1,1599.519,831.5638,1594.859,834.6283
136.9284,1,1599.519,831.5638,1597.189,833.0961
136.9392,1,1599.519,831.5638,1598.354,832.33
136.9528,1,1603.956,829.6707,1601.155,831.0003
136.9739,1,1607.467,828.356,1604.311,829.6782
136.9793,1,1607.467,828.356,1605.889,829.0171
136.9875,1,1607.467,828.356,1606.678,828.6865
136.9987,1,1607.467,828.356,1607.073,828.5212
137.0108,1,1609.916,827.8963,1608.494,828.2087
137.0216,1,1609.916,827.8963,1609.205,828.0525
137.0353,1,1610.971,821.1235,1610.088,824.588
137.0493,1,1610.971,821.1235,1610.529,822.8557
137.0575,1,1610.971,821.1235,1610.75,821.9896
137.07,1,1613.402,815.0092,1612.076,818.4994
137.0811,1,1613.402,815.0092,1612.739,816.7543
137.0949,1,1613.641,811.8003,1613.19,814.2773
137.1044,1,1613.641,811.8003,1613.416,813.0388
137.1182,1,1613.641,811.8003,1613.528,812.4196
137.1297,1,1616.328,809.0461,1614.928,810.7328
137.139,1,1616.328,809.0461,1615.628,809.8894
137.1505,1,1616.328,809.0461,1615.978,809.4678
137.1605,1,1618.635,806.4601,1617.306,807.9639
137.1722,1,1618.635,806.4601,1617.97,807.212
137.1831,1,1618.635,806.4601,1618.302,806.8361
137.1961,1,1620.686,803.9097,1619.494,805.3729
137.205,1,1620.686,803.9097,1620.09,804.6412
137.219,1,1622.213,802.0972,1621.152,803.3692
137.2396,1,1622.213,802.0972,1621.682,802.7332
137.2465,1,1625.488,801.0062,1623.585,801.8696
137.254,1,1625.488,801.0062,1624.537,801.4379
137.2676,1,1625.488,801.0062,1625.012,801.222
137.2765,1,1627.861,799.9252,1626.437,800.5736
137.2889,1,1627.861,799.9252,1627.149,800.2494
137.2983,1,1627.861,799.9252,1627.505,800.0873
137.325,1,1629.729,798.8969,1628.617,799.4921
137.3343,1,1629.729,798.8969,1629.173,799.1945
137.3423,1,1631.474,797.6343,1630.323,798.4144
137.351,1,1631.474,797.6343,1630.899,798.0243
137.3624,1,1631.474,797.6343,1631.186,797.8293
137.3773,1,1633.042,797.1445,1632.114,797.4869
137.3905,1,1633.042,797.1445,1632.578,797.3157
137.3984,1,1634.598,796.5082,1633.588,796.912
137.4117,1,1634.598,796.5082,1634.093,796.7101
137.4225,1,1634.598,796.5082,1634.345,796.6091
137.436,1,1636.042,796.3782,1635.194,796.4937
137.4448,1,1636.042,796.3782,1635.618,796.4359
137.4569,1,1637.759,795.0479,1636.688,795.7419
137.4706,1,1637.759,795.0479,1637.223,795.3949
137.4793,1,1637.759,795.0479,1637.491,795.2214
137.495,1,1640.093,794.1053,1638.792,794.6633
137.504,1,1640.093,794.1053,1639.443,794.3843
137.5155,1,1640.093,794.1053,1639.768,794.2448
137.5276,1,1641.124,793.3118,1640.446,793.7783
137.5408,1,1641.124,793.3118,1640.785,793.545
137.5524,1,1641.343,792.8021,1641.064,793.1736
137.5617,1,1641.343,792.8021,1641.204,792.9878
137.5748,1,1641.343,792.8021,1641.273,792.8949
137.5866,1,1641.582,792.5093,1641.428,792.7021
137.5958,1,1641.582,792.5093,1641.505,792.6057
137.6087,1,1642.056,791.3321,1641.78,791.9689
137.6215,1,1642.056,791.3321,1641.918,791.6505
137.6369,1,1642.056,791.3321,1641.987,791.4913
137.6432,1,1642.556,790.199,1642.271,790.8452
137.6572,1,1642.556,790.199,1642.414,790.5221
137.6681,1,1642.563,789.0237,1642.488,789.7729
137.682,1,1642.563,789.0237,1642.526,789.3983
137.6952,1,1642.563,789.0237,1642.544,789.211
137.7087,1,1642.709,788.3231,1642.627,788.767
137.7173,1,1642.709,788.3231,1642.668,788.545
137.73,1,1642.603,787.4323,1642.635,787.9886
137.7417,1,1642.603,787.4323,1642.619,787.7104
137.7536,1,1642.603,787.4323,1642.611,787.5714
137.7626,1,1642.746,786.6235,1642.678,787.0974
137.7763,1,1642.746,786.6235,1642.712,786.8605
137.7906,1,1642.578,786.6477,1642.645,786.7541
137.7993,1,1642.578,786.6477,1642.612,786.7009
137.812,1,1642.578,786.6477,1642.595,786.6743
137.8232,1,1641.854,786.4459,1642.224,786.5601
137.8367,1,1641.854,786.4459,1642.039,786.5031
137.8466,1,1641.854,786.4459,1641.947,786.4745
137.8566,1,1641.638,786.5314,1641.792,786.5029
137.8689,1,1641.638,786.5314,1641.715,786.5172
137.8783,1,1641.638,786.5314,1641.677,786.5243
137.8911,1,1641.125,785.9237,1641.401,786.224
137.9009,1,1641.125,785.9237,1641.262,786.0739
137.9117,1,1640.5,785.5978,1640.881,785.8358
137.9223,1,1640.5,785.5978,1640.69,785.7168
137.934,1,1640.5,785.5978,1640.595,785.6573
137.9461,1,1639.861,785.4373,1640.228,785.5473
137.9585,1,1639.861,785.4373,1640.044,785.4923
137.9709,1,1639.247,785.4933,1639.646,785.4928
137.981,1,1639.247,785.4933,1639.446,785.493
137.9951,1,1639.247,785.4933,1639.346,785.4932
138.0071,1,1638.224,785.6569,1638.785,785.5751
138.0181,1,1638.224,785.6569,1638.505,785.616
138.0294,1,1638.224,785.6569,1638.364,785.6365
138.0416,1,1637.496,786.0695,1637.93,785.853
138.0609,1,1636.784,786.3334,1637.357,786.0933
138.071,1,1636.784,786.3334,1637.071,786.2134
138.0822,1,1636.784,786.3334,1636.927,786.2734
138.0988,1,1636.471,786.3999,1636.699,786.3367
138.1077,1,1636.471,786.3999,1636.585,786.3683
138.1177,1,1636.471,786.3999,1636.528,786.3841
138.1304,1,1634.165,784.915,1635.347,785.6495
138.1487,1,1634.165,784.915,1634.756,785.2823
138.1571,1,1628.149,780.3419,1631.452,782.8121
138.1671,1,1628.149,780.3419,1629.801,781.577
138.1767,1,1628.149,780.3419,1628.975,780.9595
138.1907,1,1623.443,777.5042,1626.209,779.2318
138.1996,1,1623.443,777.5042,1624.826,778.368
138.2133,1,1619.548,775.7573,1622.187,777.0626
138.2253,1,1619.548,775.7573,1620.867,776.41
138.2391,1,1619.548,775.7573,1620.207,776.0836
138.2483,1,1616.869,773.493,1618.538,774.7883
138.2589,1,1616.869,773.493,1617.704,774.1406
138.2731,1,1611.709,769.3889,1614.707,771.7648
138.2833,1,1611.709,769.3889,1613.208,770.5768
138.2951,1,1611.709,769.3889,1612.458,769.9829
138.3078,1,1605.426,763.9301,1608.942,766.9565
138.3194,1,1605.426,763.9301,1607.184,765.4434
138.3322,1,1596.559,754.5509,1601.872,759.9971
138.3424,1,1596.559,754.5509,1599.215,757.274
138.3568,1,1596.559,754.5509,1597.887,755.9125
138.3641,1,1585.274,734.6882,1591.581,745.3003
138.3748,1,1585.274,734.6882,1588.427,739.9943
138.3908,1,1566.342,699.9344,1577.385,719.9644
138.3985,1,1566.342,699.9344,1571.863,709.9494
138.4138,1,1566.342,699.9344,1569.102,704.9419
138.4308,1,1551.126,663.1359,1560.114,684.0389
138.4381,1,1551.126,663.1359,1555.62,673.5874
138.452,1,1650.219,654.3864,1602.92,663.9869
138.4628,1,1650.219,654.3864,1626.57,659.1866
138.4749,1,1650.219,654.3864,1638.395,656.7865
138.4889,1,1639.233,632.2413,1638.814,644.5139
138.4973,1,1639.233,632.2413,1639.023,638.3776
138.5106,1,1627.659,613.6514,1633.341,626.0145
138.5218,1,1627.659,613.6514,1630.5,619.8329
138.5359,1,1627.659,613.6514,1629.08,616.7421
138.5486,1,1525.731,606.5775,1577.405,611.6598
138.5602,1,1525.731,606.5775,1551.568,609.1187
138.5734,1,1508.86,600.4514,1530.214,604.785
138.5812,1,1508.86,600.4514,1519.537,602.6182
138.5948,1,1508.86,600.4514,1514.198,601.5348
138.6098,1,1493.353,596.7383,1503.776,599.1366
138.6174,1,1493.353,596.7383,1498.564,597.9375
138.6313,1,1493.353,596.7383,1495.958,597.3379
138.6419,1,1483.122,594.0812,1489.54,595.7096
138.6563,1,1483.122,594.0812,1486.331,594.8954
138.6685,1,1476.081,595.5065,1481.206,595.2009
138.6926,1,1471.066,597.6879,1476.136,596.4444
138.7004,1,1471.066,597.6879,1473.601,597.0662
138.7122,1,1471.066,597.6879,1472.333,597.377
138.7224,1,1363.574,581.6609,1417.954,589.5189
138.735,1,1363.574,581.6609,1390.764,585.5899
138.7464,1,1363.574,581.6609,1377.169,583.6254
138.7557,1,1463.766,601.8066,1420.468,592.7159
138.769,1,1463.766,601.8066,1442.117,597.2612
138.7799,1,1463.766,601.8066,1452.942,599.5339
138.7928,1,1457.362,599.8885,1455.152,599.7112
138.8026,1,1457.362,599.8885,1456.257,599.7999
138.8158,1,1450.72,597.4384,1453.489,598.6191
138.8241,1,1450.72,597.4384,1452.104,598.0287
138.8374,1,1450.72,597.4384,1451.412,597.7335
138.8486,1,1438.91,592.3967,1445.161,595.0651
138.8608,1,1438.91,592.3967,1442.035,593.7308
138.874,1,1428.829,588.2913,1435.432,591.0111
138.8827,1,1428.829,588.2913,1432.13,589.6512
138.8992,1,1428.829,588.2913,1430.479,588.9713
138.908,1,1412.095,584.8578,1421.287,586.9146
138.9177,1,1412.095,584.8578,1416.691,585.8862
138.9322,1,1412.095,584.8578,1414.393,585.3721
138.941,1,1395.296,582.2724,1404.844,583.8223
138.9528,1,1395.296,582.2724,1400.07,583.0474
138.9641,1,1395.296,582.2724,1397.683,582.6599
138.9784,1,1382.483,580.0209,1390.083,581.3404
138.9898,1,1382.483,580.0209,1386.283,580.6807
139.0008,1,1368.787,577.1614,1377.535,578.921
139.0141,1,1368.787,577.1614,1373.161,578.0412
139.0237,1,1368.787,577.1614,1370.974,577.6013
139.0362,1,1356.327,572.3086,1363.651,574.955
139.0479,1,1356.327,572.3086,1359.989,573.6318
139.0579,1,1356.327,572.3086,1358.158,572.9702
139.071,1,1343.735,566.6744,1350.947,569.8223
139.0829,1,1343.735,566.6744,1347.341,568.2483
139.0964,1,1329.529,561.3309,1338.435,564.7896
139.1071,1,1329.529,561.3309,1333.982,563.0602
139.1181,1,1320.924,553.6881,1327.453,558.3741
139.132,1,1320.924,553.6881,1324.188,556.0311
139.1413,1,1320.924,553.6881,1322.556,554.8596
139.1543,1,1311.222,544.7959,1316.889,549.8278
139.1664,1,1311.222,544.7959,1314.056,547.3118
139.1751,1,1311.222,544.7959,1312.639,546.0538
139.188,1,1311.042,538.9262,1311.841,542.49
139.2033,1,1311.042,538.9262,1311.441,540.7081
139.2151,1,1304.232,533.086,1307.837,536.8971
139.2249,1,1304.232,533.086,1306.034,534.9916
139.2369,1,1304.232,533.086,1305.133,534.0388
139.2477,1,1308.482,525.7528,1306.808,529.8958
139.2576,1,1308.482,525.7528,1307.645,527.8243
139.2833,1,1316.278,523.3146,1311.961,525.5695
139.2928,1,1316.278,523.3146,1314.12,524.442
139.3021,1,1320.913,520.9289,1317.517,522.6854
139.3127,1,1320.913,520.9289,1319.215,521.8071
139.3248,1,1320.913,520.9289,1320.064,521.368
139.3376,1,1324.268,519.0676,1322.166,520.2178
139.3502,1,1324.268,519.0676,1323.217,519.6427
139.3614,1,1325.982,521.6405,1324.6,520.6416
139.3754,1,1325.982,521.6405,1325.291,521.1411
139.3839,1,1325.982,521.6405,1325.637,521.3907
139.3999,1,1364.839,550.4172,1345.238,535.904
139.41,1,1364.839,550.4172,1355.038,543.1606
139.4227,1,1435.284,593.0184,1395.161,568.0895
139.4343,1,1435.284,593.0184,1415.223,580.554
139.4448,1,1435.284,593.0184,1425.253,586.7862
139.4573,1,1407.874,576.6069,1416.564,581.6965
139.4685,1,1407.874,576.6069,1412.219,579.1517
139.4788,1,1396.267,571.1913,1404.243,575.1715
139.4928,1,1396.267,571.1913,1400.255,573.1814
139.5014,1,1396.267,571.1913,1398.261,572.1863
139.5157,1,1393.023,569.1332,1395.642,570.6598
139.5267,1,1393.023,569.1332,1394.333,569.8965
139.5405,1,1389.43,565.941,1391.881,567.9188
139.5553,1,1389.43,565.941,1390.655,566.9299
139.5635,1,1389.43,565.941,1390.042,566.4355
139.5742,1,1385.413,561.9161,1387.728,564.1758
139.5945,1,1385.413,561.9161,1386.57,563.046
139.6018,1,1381.255,559.3648,1383.913,561.2054
139.616,1,1381.255,559.3648,1382.584,560.2851
139.6291,1,1381.255,559.3648,1381.92,559.825
139.6378,1,1380.286,558.7672,1381.103,559.296
139.6505,1,1380.286,558.7672,1380.695,559.0316
139.6615,1,1377.988,555.392,1379.341,557.2118
139.6727,1,1377.988,555.392,1378.665,556.3019
139.6839,1,1377.988,555.392,1378.326,555.8469
139.698,1,1374.566,554.7025,1376.446,555.2747
139.7085,1,1374.566,554.7025,1375.506,554.9886
139.7195,1,1374.566,554.7025,1375.036,554.8456
139.7293,1,1373.146,552.7448,1374.091,553.7952
139.74,1,1373.146,552.7448,1373.618,553.27
139.7513,1,1329.654,555.0013,1351.636,554.1356
139.7648,1,1329.654,555.0013,1340.645,554.5685
139.7765,1,1329.654,555.0013,1335.149,554.7849
139.7891,1,1329.654,555.0013,1332.401,554.8931
139.7976,1,1329.654,555.0013,1331.027,554.9473
139.8098,1,1329.654,555.0013,1330.341,554.9743
139.822,1,1329.654,555.0013,1329.997,554.9878
139.834,1,1329.654,555.0013,1329.825,554.9946
139.8449,1,1347.732,183.0413,1338.779,369.0179
139.8589,1,1347.732,183.0413,1343.256,276.0296
139.8709,1,1347.732,183.0413,1345.494,229.5355
139.8807,1,1347.732,183.0413,1346.613,206.2884
139.894,1,1347.732,183.0413,1347.173,194.6649
139.906,1,1347.732,183.0413,1347.453,188.8531
139.9154,1,1347.732,183.0413,1347.593,185.9472
139.9249,1,1347.732,183.0413,1347.662,184.4943
139.9391,1,1347.732,183.0413,1347.698,183.7678
139.9481,1,1347.732,183.0413,1347.715,183.4045
139.9592,1,1347.732,183.0413,1347.724,183.2229
139.9727,1,1347.732,183.0413,1347.728,183.1321
139.9838,1,1347.732,183.0413,1347.73,183.0867
139.9959,1,1347.732,183.0413,1347.731,183.064
140.0076,1,1347.732,183.0413,1347.732,183.0526
140.021,1,1347.732,183.0413,1347.732,183.047
140.0308,1,1413.074,-197.6348,1380.403,-7.29393
140.041,1,1413.074,-197.6348,1396.739,-102.4644
140.0559,1,1534.372,-42.07323,1465.555,-72.26881
140.0648,1,1534.372,-42.07323,1499.964,-57.17102
140.076,1,1534.372,-42.07323,1517.168,-49.62212
140.0887,1,1445.297,-23.40105,1481.233,-36.51159
140.0979,1,1445.297,-23.40105,1463.265,-29.95632
140.1116,1,1445.297,-23.40105,1454.281,-26.67869
140.1214,1,1445.297,-23.40105,1449.789,-25.03987
140.1336,1,1445.297,-23.40105,1447.543,-24.22046
140.1436,1,1445.297,-23.40105,1446.42,-23.81076
140.1572,1,1464.777,363.836,1455.599,170.0126
140.1671,1,1464.777,363.836,1460.188,266.9243
140.1777,1,1413.926,324.632,1437.057,295.7781
140.191,1,1413.926,324.632,1425.491,310.205
140.2026,1,1413.926,324.632,1419.708,317.4185
140.2141,1,1301.174,396.6555,1360.441,357.037
140.2234,1,1301.174,396.6555,1330.808,376.8462
140.237,1,1301.174,396.6555,1315.991,386.7509
140.2477,1,1301.174,396.6555,1308.583,391.7032
140.259,1,1301.174,396.6555,1304.878,394.1793
140.273,1,1183.368,206.6449,1244.123,300.4121
140.285,1,1183.368,206.6449,1213.745,253.5285
140.2973,1,1393.495,267.7134,1303.62,260.6209
140.3094,1,1393.495,267.7134,1348.558,264.1672
140.3209,1,1393.495,267.7134,1371.026,265.9403
140.3327,1,1228.233,87.73211,1299.63,176.8362
140.3428,1,1228.233,87.73211,1263.932,132.2841
140.3577,1,1377.582,25.30507,1320.757,78.79461
140.3693,1,1377.582,25.30507,1349.169,52.04984
140.3788,1,1377.582,25.30507,1363.376,38.67745
140.3928,1,1220.54,-10.96771,1291.958,13.85487
140.4037,1,1220.54,-10.96771,1256.249,1.443579
140.4167,1,1191.081,-14.47748,1223.665,-6.516949
140.4278,1,1191.081,-14.47748,1207.373,-10.49721
140.4387,1,1191.081,-14.47748,1199.227,-12.48734
140.4506,1,1268.709,-4.97227,1233.968,-8.729807
140.4613,1,1268.709,-4.97227,1251.339,-6.851038
140.4742,1,1273.139,25.49033,1262.239,9.319645
140.4827,1,1273.139,25.49033,1267.688,17.40499
140.497,1,1273.139,25.49033,1270.414,21.44766
140.5091,1,1273.139,25.49033,1271.776,23.46899
140.5203,1,1273.139,25.49033,1272.457,24.47966
140.5324,1,1273.139,25.49033,1272.798,24.98499
140.5434,1,819.241,86.06168,1046.019,55.52334
140.5576,1,819.241,86.06168,932.6302,70.79251
140.5676,1,819.241,86.06168,875.9355,78.42709
140.5765,1,819.241,86.06168,847.5883,82.24438
140.5907,1,819.241,86.06168,833.4146,84.15303
140.5991,1,819.241,86.06168,826.3278,85.10736
140.6132,1,819.241,86.06168,822.7844,85.58452
140.6228,1,819.241,86.06168,821.0127,85.8231
140.6355,1,819.241,86.06168,820.1268,85.9424
140.6665,1,366.4812,14.31396,593.304,50.12818
140.6736,1,366.4812,14.31396,479.8926,32.22107
140.6801,1,366.4812,14.31396,423.187,23.26752
140.6931,1,871.8206,49.02703,647.5038,36.14727
140.7032,1,871.8206,49.02703,759.6622,42.58715
140.715,1,871.8206,49.02703,815.7413,45.80709
140.7277,1,640.2552,35.36699,727.9983,40.58704
140.7378,1,640.2552,35.36699,684.1268,37.97702
140.7498,1,793.7925,52.06608,738.9597,45.02155
140.7617,1,793.7925,52.06608,766.3761,48.54382
140.7742,1,793.7925,52.06608,780.0844,50.30495
140.7832,1,823.1168,44.85091,801.6006,47.57793
140.7959,1,823.1168,44.85091,812.3587,46.21442
140.8064,1,823.1168,44.85091,817.7378,45.53266
140.8153,1,823.1168,44.85091,820.4273,45.19178
140.8281,1,823.1168,44.85091,821.7721,45.02135
140.8391,1,822.8792,56.05024,822.3256,50.5358
140.851,1,822.8792,56.05024,822.6024,53.29302
140.8633,1,822.8792,56.05024,822.7408,54.67163
140.8756,1,785.6794,43.28001,804.2101,48.97582
140.8877,1,785.6794,43.28001,794.9448,46.12791
140.8985,1,785.6794,43.28001,790.3121,44.70396
140.9104,1,729.9741,34.81128,760.1431,39.75762
140.9222,1,729.9741,34.81128,745.0586,37.28445
140.9346,1,689.9961,15.86784,717.5273,26.57615
140.9468,1,689.9961,15.86784,703.7617,21.222
140.9578,1,689.9961,15.86784,696.8789,18.54492
140.9686,1,654.8727,-11.6829,675.8758,3.43101
140.9814,1,654.8727,-11.6829,665.3743,-4.125945
140.9943,1,639.6418,-20.10159,652.5081,-12.11377
141.0063,1,639.6418,-20.10159,646.075,-16.10768
141.0149,1,639.6418,-20.10159,642.8584,-18.10464
141.0287,1,611.738,-20.4898,627.2982,-19.29722
141.0396,1,611.738,-20.4898,619.5181,-19.89351
141.0501,1,611.738,-20.4898,615.6281,-20.19165
141.0609,1,611.738,-20.4898,613.683,-20.34072
141.0746,1,611.738,-20.4898,612.7106,-20.41526
141.0839,1,611.738,-20.4898,612.2243,-20.45253
141.0968,1,611.738,-20.4898,611.9812,-20.47116
141.1086,1,611.738,-20.4898,611.8596,-20.48048
141.1172,1,611.738,-20.4898,611.7988,-20.48514
141.1311,1,611.738,-20.4898,611.7684,-20.48747
141.1414,1,611.738,-20.4898,611.7532,-20.48863
141.1546,1,611.738,-20.4898,611.7456,-20.48922
141.1643,1,611.738,-20.4898,611.7418,-20.48951
141.1779,1,611.738,-20.4898,611.7399,-20.48965
141.1907,1,611.738,-20.4898,611.739,-20.48972
141.2005,1,611.738,-20.4898,611.7385,-20.48976
141.2132,1,611.738,-20.4898,611.7383,-20.48978
141.2248,1,611.738,-20.4898,611.7382,-20.48979
141.2375,1,611.738,-20.4898,611.7381,-20.48979
141.2477,1,611.738,-20.4898,611.738,-20.4898
141.2581,1,611.738,-20.4898,611.738,-20.4898
141.2706,1,611.738,-20.4898,611.738,-20.4898
141.2809,1,611.738,-20.4898,611.738,-20.4898
141.293,1,611.738,-20.4898,611.738,-20.4898
141.3036,1,611.738,-20.4898,611.738,-20.4898
141.3163,1,611.738,-20.4898,611.738,-20.4898
141.3271,1,611.738,-20.4898,611.738,-20.4898
141.3383,1,611.738,-20.4898,611.738,-20.4898
141.3508,1,611.738,-20.4898,611.738,-20.4898
141.3603,1,611.738,-20.4898,611.738,-20.4898
141.3731,1,611.738,-20.4898,611.738,-20.4898
141.3817,1,611.738,-20.4898,611.738,-20.4898
141.3972,1,611.738,-20.4898,611.738,-20.4898
141.4075,1,611.738,-20.4898,611.738,-20.4898
141.417,1,512.0182,26.95252,561.8782,3.231361
141.4306,1,512.0182,26.95252,536.9482,15.09194
141.4404,1,512.0182,26.95252,524.4833,21.02223
141.4546,1,499.4399,245.9472,511.9616,133.4847
141.4636,1,499.4399,245.9472,505.7007,189.716
141.4758,1,520.9408,28.936,513.3208,109.326
141.4877,1,520.9408,28.936,517.1308,69.131
141.4967,1,520.9408,28.936,519.0358,49.0335
141.51,1,498.9657,462.8651,509.0007,255.9493
141.5208,1,498.9657,462.8651,503.9832,359.4072
141.5331,1,527.4234,36.09806,515.7033,197.7526
141.5435,1,527.4234,36.09806,521.5634,116.9253
141.5556,1,527.4234,36.09806,524.4934,76.5117
141.569,1,527.4234,36.09806,525.9584,56.30488
141.5809,1,527.4234,36.09806,526.6909,46.20147
141.5963,1,527.4234,36.09806,527.0571,41.14977
141.6062,1,527.4234,36.09806,527.2402,38.62391
141.6124,1,527.4234,36.09806,527.3318,37.36098
141.6266,1,527.4234,36.09806,527.3776,36.72952
141.6377,1,527.4234,36.09806,527.4005,36.41379
141.6501,1,527.4234,36.09806,527.412,36.25592
141.659,1,514.4937,33.6462,520.9529,34.95106
141.6724,1,514.4937,33.6462,517.7233,34.29863
141.6815,1,514.4937,33.6462,516.1085,33.97242
141.7048,1,514.4937,33.6462,515.3011,33.80931
141.7119,1,514.4937,33.6462,514.8975,33.72776
141.7214,1,514.4937,33.6462,514.6956,33.68698
141.7327,1,514.4937,33.6462,514.5946,33.66659
141.7438,1,514.4937,33.6462,514.5442,33.65639
141.7559,1,489.2466,35.81581,501.8954,34.7361
141.7685,1,489.2466,35.81581,495.571,35.27596
141.7785,1,503.1548,35.96544,499.3629,35.6207
141.7916,1,503.1548,35.96544,501.2589,35.79307
141.8026,1,503.1548,35.96544,502.2068,35.87926
141.8146,1,503.1548,35.96544,502.6808,35.92235
141.8264,1,503.1548,35.96544,502.9178,35.94389
141.8367,1,503.1548,35.96544,503.0363,35.95467
141.8483,1,503.1548,35.96544,503.0956,35.96005
141.8592,1,503.1548,35.96544,503.1252,35.96275
141.8712,1,503.1548,35.96544,503.14,35.9641
141.8807,1,503.1548,35.96544,503.1474,35.96477
141.8948,1,503.1548,35.96544,503.1511,35.9651
141.908,1,503.1548,35.96544,503.153,35.96527
141.9183,1,503.1548,35.96544,503.1539,35.96535
141.9313,1,503.1548,35.96544,503.1544,35.9654
141.9411,1,503.1548,35.96544,503.1546,35.96542
141.9537,1,503.1548,35.96544,503.1547,35.96543
141.9639,1,503.1548,35.96544,503.1548,35.96544
141.9749,1,503.1548,35.96544,503.1548,35.96544
141.9881,1,503.1548,35.96544,503.1548,35.96544
141.9956,1,503.1548,35.96544,503.1548,35.96544
142.0093,1,503.1548,35.96544,503.1548,35.96544
142.0193,1,503.1548,35.96544,503.1548,35.96544
142.0304,1,503.1548,35.96544,503.1548,35.96544
142.042,1,503.1548,35.96544,503.1548,35.96544
142.0551,1,503.1548,35.96544,503.1548,35.96544
142.0812,1,503.1548,35.96544,503.1548,35.96544
142.0898,1,503.1548,35.96544,503.1548,35.96544
142.0961,1,503.1548,35.96544,503.1548,35.96544
142.1101,1,503.1548,35.96544,503.1548,35.96544
142.1214,1,503.1548,35.96544,503.1548,35.96544
142.1332,1,503.1548,35.96544,503.1548,35.96544
142.1428,1,503.1548,35.96544,503.1548,35.96544
142.1552,1,503.1548,35.96544,503.1548,35.96544
142.1673,1,503.1548,35.96544,503.1548,35.96544
142.1779,1,503.1548,35.96544,503.1548,35.96544
142.1895,1,503.1548,35.96544,503.1548,35.96544
142.1987,1,503.1548,35.96544,503.1548,35.96544
142.2117,1,503.1548,35.96544,503.1548,35.96544
142.2223,1,503.1548,35.96544,503.1548,35.96544
142.237,1,944.6089,278.8366,723.8819,157.401
142.2469,1,944.6089,278.8366,834.2454,218.1188
142.2581,1,1004.158,290.1819,919.2019,254.1503
142.2704,1,1004.158,290.1819,961.6802,272.1661
142.2793,1,1004.158,290.1819,982.9193,281.174
142.2934,1,1067.842,308.8842,1025.38,295.0291
142.3048,1,1067.842,308.8842,1046.611,301.9566
142.3159,1,1067.842,308.8842,1057.226,305.4204
142.3268,1,1032.332,321.4668,1044.779,313.4436
142.338,1,1032.332,321.4668,1038.555,317.4552
142.3494,1,1063.223,329.1626,1050.889,323.3089
142.3597,1,1063.223,329.1626,1057.056,326.2357
142.3726,1,1063.223,329.1626,1060.139,327.6992
142.3834,1,1063.223,329.1626,1061.681,328.4309
142.3946,1,1063.223,329.1626,1062.452,328.7968
142.4048,1,1063.223,329.1626,1062.837,328.9797
142.4173,1,1121.632,341.9564,1092.234,335.468
142.431,1,1121.632,341.9564,1106.933,338.7122
142.4415,1,1140.953,343.1806,1123.943,340.9464
142.4548,1,1140.953,343.1806,1132.448,342.0635
142.4675,1,1158.327,338.8598,1145.388,340.4616
142.4803,1,1158.327,338.8598,1151.857,339.6607
142.4933,1,1158.327,338.8598,1155.092,339.2603
142.5038,1,1158.327,338.8598,1156.71,339.06
142.5158,1,1158.327,338.8598,1157.518,338.9599
142.5246,1,1158.327,338.8598,1157.923,338.9099
142.