time,is_recent,pos_x,pos_y,filtered_pos_x,filtered_pos_y
0.01709938,1,1315.427,53.68412,657.7135,26.84206
0.06535912,1,1309.693,56.8235,983.7033,41.83278
0.07617664,1,1309.693,56.8235,1146.698,49.32814
0.08732605,1,1318.666,57.03006,1232.682,53.1791
0.09688091,1,1318.666,57.03006,1275.674,55.10458
0.1044369,1,1318.666,57.03006,1297.17,56.06732
0.1148291,1,1315.935,59.6148,1306.553,57.84106
0.1229849,1,1315.935,59.6148,1311.244,58.72793
0.1337137,1,1315.935,59.6148,1313.59,59.17136
0.1507149,1,1314.611,61.79767,1314.1,60.48452
0.1632786,1,1314.611,61.79767,1314.355,61.14109
0.1740341,1,1315.806,62.47213,1315.081,61.80661
0.18715,1,1315.806,62.47213,1315.443,62.13937
0.1975832,1,1315.806,62.47213,1315.625,62.30576
0.2081976,1,1316.604,62.83328,1316.115,62.56952
0.221694,1,1316.604,62.83328,1316.359,62.7014
0.2345781,1,1316.398,62.73897,1316.379,62.72018
0.2437572,1,1316.398,62.73897,1316.388,62.72958
0.2536278,1,1316.398,62.73897,1316.393,62.73428
0.2656212,1,1315.239,63.9873,1315.816,63.36079
0.2768078,1,1315.239,63.9873,1315.528,63.67405
0.2866516,1,1315.239,63.9873,1315.384,63.83068
0.2983742,1,1317.742,65.71687,1316.563,64.77377
0.3101053,1,1317.742,65.71687,1317.152,65.24532
0.3216486,1,1317.921,66.3687,1317.537,65.80701
0.3338928,1,1317.921,66.3687,1317.729,66.08785
0.3434601,1,1317.921,66.3687,1317.825,66.22827
0.3576746,1,1314.901,67.40833,1316.363,66.8183
0.367671,1,1314.901,67.40833,1315.632,67.11331
0.3784962,1,1314.901,67.40833,1315.267,67.26082
0.3889532,1,1313.047,71.13088,1314.157,69.19585
0.4022121,1,1313.047,71.13088,1313.602,70.16336
0.4100943,1,1313.047,71.13088,1313.324,70.64713
0.422967,1,1304.453,96.5723,1308.889,83.60971
0.437809,1,1304.453,96.5723,1306.671,90.091
0.4445791,1,1308.66,269.8657,1307.666,179.9783
0.4557867,1,1308.66,269.8657,1308.163,224.922
0.4667053,1,1308.66,269.8657,1308.411,247.3938
0.4773617,1,1342.391,504.2264,1325.401,375.8101
0.4861555,1,1342.391,504.2264,1333.896,440.0182
0.5061722,1,1353.179,596.2667,1343.538,518.1425
0.5153551,1,1353.179,596.2667,1348.358,557.2046
0.5241327,1,1353.179,596.2667,1350.769,576.7356
0.5362892,1,1356.955,625.0825,1353.862,600.9091
0.5474062,1,1356.955,625.0825,1355.409,612.9958
0.558279,1,1356.955,625.0825,1356.182,619.0392
0.5697393,1,1356.617,637.9915,1356.4,628.5153
0.581213,1,1356.617,637.9915,1356.509,633.2534
0.5915661,1,1356.617,637.9915,1356.563,635.6224
0.6042938,1,1358.974,645.5789,1357.768,640.6007
0.6163435,1,1358.974,645.5789,1358.371,643.0898
0.6271324,1,1360.165,647.7609,1359.268,645.4254
0.6387539,1,1360.165,647.7609,1359.717,646.5931
0.6489248,1,1360.165,647.7609,1359.941,647.177
0.6612415,1,1367.223,646.9146,1363.582,647.0458
0.6718693,1,1367.223,646.9146,1365.403,646.9802
0.6864471,1,1398.344,656.1511,1381.873,651.5656
0.6988754,1,1398.344,656.1511,1390.109,653.8583
0.710228,1,1398.344,656.1511,1394.226,655.0047
0.7208176,1,1415.991,660.8797,1405.108,657.9422
0.730051,1,1415.991,660.8797,1410.55,659.4109
0.7437716,1,1415.991,660.8797,1413.27,660.1453
0.7537603,1,1425.999,660.9523,1419.634,660.5488
0.7637625,1,1425.999,660.9523,1422.817,660.7506
0.7720709,1,1425.999,660.9523,1424.408,660.8514
0.7839231,1,1435.042,671.2013,1429.725,666.0264
0.7936354,1,1435.042,671.2013,1432.383,668.6138
0.8048716,1,1435.042,671.2013,1433.712,669.9076
0.8171415,1,1439.711,674.3159,1436.712,672.1118
0.8255339,1,1439.711,674.3159,1438.212,673.2139
0.8515768,1,1444.59,677.5794,1441.401,675.3966
0.8602076,1,1444.59,677.5794,1442.995,676.488
0.8663244,1,1447.806,680.5207,1445.401,678.5044
0.8753595,1,1447.806,680.5207,1446.603,679.5126
0.8849669,1,1447.806,680.5207,1447.204,680.0166
0.8969622,1,1448.077,684.5239,1447.641,682.2703
0.9070482,1,1448.077,684.5239,1447.859,683.3971
0.9200163,1,1448.077,684.5239,1447.968,683.9605
0.9299955,1,1453.043,687.1011,1450.506,685.5308
0.9415636,1,1453.043,687.1011,1451.775,686.316
0.949584,1,1453.043,687.1011,1452.409,686.7086
0.9607325,1,1461.166,690.6729,1456.787,688.6907
0.9787073,1,1461.166,690.6729,1458.977,689.6818
1.003312,1,1487.663,708.5108,1473.32,699.0963
1.011203,1,1487.663,708.5108,1480.492,703.8036
1.018847,1,1462.928,635.6285,1471.71,669.7161
1.026155,1,1462.928,635.6285,1467.319,652.6722
1.038041,1,1462.928,635.6285,1465.123,644.1504
1.047999,1,1462.928,635.6285,1464.026,639.8894
1.060422,1,1462.928,635.6285,1463.477,637.7589
1.070754,1,1462.928,635.6285,1463.202,636.6937
1.083829,1,1462.928,635.6285,1463.065,636.1611
1.09518,1,1462.928,635.6285,1462.996,635.8948
1.105605,1,1462.928,635.6285,1462.962,635.7616
1.116069,1,1462.928,635.6285,1462.945,635.6951
1.137153,1,1462.928,635.6285,1462.936,635.6617
1.144,1,1462.928,635.6285,1462.932,635.6451
1.156714,1,1462.928,635.6285,1462.93,635.6368
1.166986,1,1462.928,635.6285,1462.929,635.6327
1.179652,1,1462.928,635.6285,1462.928,635.6306
1.190942,1,1462.928,635.6285,1462.928,635.6295
1.201144,1,1462.928,635.6285,1462.928,635.629
1.210391,1,1462.928,635.6285,1462.928,635.6288
1.221807,1,1462.928,635.6285,1462.928,635.6287
1.233504,1,1462.928,635.6285,1462.928,635.6285
1.243054,1,1462.928,635.6285,1462.928,635.6285
1.254132,1,1462.928,635.6285,1462.928,635.6285
1.266294,1,1462.928,635.6285,1462.928,635.6285
1.277776,1,1462.928,635.6285,1462.928,635.6285
1.289359,1,1462.928,635.6285,1462.928,635.6285
1.301629,1,1462.928,635.6285,1462.928,635.6285
1.3119,1,1462.928,635.6285,1462.928,635.6285
1.324498,1,1462.928,635.6285,1462.928,635.6285
1.336631,1,1462.928,635.6285,1462.928,635.6285
1.345717,1,1462.928,635.6285,1462.928,635.6285
1.357781,1,1462.928,635.6285,1462.928,635.6285
1.36745,1,1462.928,635.6285,1462.928,635.6285
1.381526,1,1462.928,635.6285,1462.928,635.6285
1.391288,1,1462.928,635.6285,1462.928,635.6285
1.403411,1,1462.928,635.6285,1462.928,635.6285
1.416556,1,1462.928,635.6285,1462.928,635.6285
1.426145,1,1462.928,635.6285,1462.928,635.6285
1.438186,1,1462.928,635.6285,1462.928,635.6285
1.448941,1,1462.928,635.6285,1462.928,635.6285
1.459994,1,1462.928,635.6285,1462.928,635.6285
1.470092,1,1462.928,635.6285,1462.928,635.6285
1.482314,1,1462.928,635.6285,1462.928,635.6285
1.491252,1,1462.928,635.6285,1462.928,635.6285
1.503703,1,1462.928,635.6285,1462.928,635.6285
1.516059,1,1462.928,635.6285,1462.928,635.6285
1.525668,1,1462.928,635.6285,1462.928,635.6285
1.537637,1,1462.928,635.6285,1462.928,635.6285
1.548652,1,1462.928,635.6285,1462.928,635.6285
1.559293,1,1462.928,635.6285,1462.928,635.6285
1.57035,1,1462.928,635.6285,1462.928,635.6285
1.583728,1,1462.928,635.6285,1462.928,635.6285
1.591908,1,1462.928,635.6285,1462.928,635.6285
1.605439,1,1462.928,635.6285,1462.928,635.6285
1.616151,1,1462.928,635.6285,1462.928,635.6285
1.626145,1,1462.928,635.6285,1462.928,635.6285
1.639398,1,1462.928,635.6285,1462.928,635.6285
1.650294,1,1462.928,635.6285,1462.928,635.6285
1.66207,1,1462.928,635.6285,1462.928,635.6285
1.67409,1,1462.928,635.6285,1462.928,635.6285
1.685512,1,1462.928,635.6285,1462.928,635.6285
1.70008,1,1462.928,635.6285,1462.928,635.6285
1.711226,1,1462.928,635.6285,1462.928,635.6285
1.722276,1,1462.928,635.6285,1462.928,635.6285
1.733844,1,1462.928,635.6285,1462.928,635.6285
1.742238,1,1462.928,635.6285,1462.928,635.6285
1.75464,1,1462.928,635.6285,1462.928,635.6285
1.765439,1,1462.928,635.6285,1462.928,635.6285
1.797252,1,1462.928,635.6285,1462.928,635.6285
1.809596,1,1462.928,635.6285,1462.928,635.6285
1.818847,1,1462.928,635.6285,1462.928,635.6285
1.824872,1,1462.928,635.6285,1462.928,635.6285
1.834537,1,1462.928,635.6285,1462.928,635.6285
1.844491,1,1462.928,635.6285,1462.928,635.6285
1.858052,1,1462.928,635.6285,1462.928,635.6285
1.867993,1,1462.928,635.6285,1462.928,635.6285
1.879006,1,1462.928,635.6285,1462.928,635.6285
1.889594,1,1462.928,635.6285,1462.928,635.6285
1.902034,1,1827.259,712.0642,1645.093,673.8464
1.910678,1,1827.259,712.0642,1736.176,692.9553
1.921569,1,1827.259,712.0642,1781.718,702.5098
1.931558,1,1818.88,722.9965,1800.299,712.7531
1.943837,1,1818.88,722.9965,1809.589,717.8748
1.95564,1,1935.914,934.1052,1872.752,825.99
1.966474,1,1935.914,934.1052,1904.333,880.0476
1.978114,1,1935.914,934.1052,1920.124,907.0764
1.987781,1,1891.51,958.7237,1905.817,932.9
2.000878,1,1891.51,958.7237,1898.663,945.8119
2.00878,1,1891.51,958.7237,1895.086,952.2678
2.021194,1,1850.069,972.1275,1872.578,962.1976
2.031508,1,1850.069,972.1275,1861.323,967.1626
2.043031,1,1808.146,978.0613,1834.735,972.6119
2.054101,1,1808.146,978.0613,1821.44,975.3367
2.062146,1,1808.146,978.0613,1814.793,976.699
2.07618,1,1799.045,1026.432,1806.919,1001.565
2.085664,1,1799.045,1026.432,1802.982,1013.998
2.097514,1,1799.045,1026.432,1801.014,1020.215
2.108031,1,1812.879,1100.569,1806.947,1060.392
2.121415,1,1812.879,1100.569,1809.913,1080.48
2.128787,1,1812.879,1100.569,1811.396,1090.525
2.140622,1,1816.366,1147.123,1813.881,1118.824
2.151076,1,1816.366,1147.123,1815.124,1132.974
2.166436,1,1813.312,1176.989,1814.218,1154.981
2.178601,1,1813.312,1176.989,1813.765,1165.985
2.189336,1,1813.312,1176.989,1813.539,1171.487
2.20201,1,1806.151,1193.533,1809.845,1182.51
2.210637,1,1806.151,1193.533,1807.998,1188.021
2.223279,1,1806.151,1193.533,1807.075,1190.777
2.234405,1,1838.487,1200.575,1822.781,1195.676
2.243913,1,1838.487,1200.575,1830.634,1198.126
2.253718,1,1838.487,1200.575,1834.561,1199.351
2.262509,1,1873.139,1204.89,1853.85,1202.12
2.274152,1,1873.139,1204.89,1863.494,1203.505
2.284339,1,1873.139,1204.89,1868.316,1204.198
2.295959,1,1852.274,1202.738,1860.295,1203.468
2.306581,1,1852.274,1202.738,1856.285,1203.103
2.319076,1,1826.963,1188.711,1841.624,1195.907
2.329728,1,1826.963,1188.711,1834.293,1192.309
2.341372,1,1826.963,1188.711,1830.628,1190.51
2.350553,1,1796.844,1164.194,1813.736,1177.352
2.362184,1,1796.844,1164.194,1805.29,1170.773
2.371125,1,1796.844,1164.194,1801.067,1167.484
2.383445,1,1745.005,1112.214,1773.036,1139.849
2.393542,1,1745.005,1112.214,1759.02,1126.031
2.403226,1,1745.005,1112.214,1752.012,1119.123
2.416728,1,1680.442,1036.883,1716.227,1078.003
2.425376,1,1680.442,1036.883,1698.334,1057.443
2.438558,1,1622.679,965.5778,1660.507,1011.51
2.44955,1,1622.679,965.5778,1641.593,988.5441
2.461213,1,1622.679,965.5778,1632.136,977.0609
2.468873,1,1628.016,930.8227,1630.076,953.9418
2.480536,1,1628.016,930.8227,1629.046,942.3822
2.490188,1,1628.016,930.8227,1628.531,936.6024
2.502704,1,1633.964,901.7153,1631.247,919.1588
2.511962,1,1633.964,901.7153,1632.606,910.437
2.524362,1,1633.964,901.7153,1633.285,906.0762
2.537883,1,1627.284,874.4097,1630.284,890.2429
2.547593,1,1627.284,874.4097,1628.784,882.3263
2.557967,1,1627.284,874.4097,1628.034,878.368
2.568677,1,1615.905,851.0425,1621.969,864.7053
2.580159,1,1615.905,851.0425,1618.937,857.8739
2.590144,1,1614.044,835.364,1616.491,846.6189
2.602412,1,1614.044,835.364,1615.267,840.9915
2.611978,1,1614.044,835.364,1614.656,838.1777
2.624663,1,1617.01,823.019,1615.833,830.5984
2.635196,1,1617.01,823.019,1616.421,826.8087
2.644193,1,1617.01,823.019,1616.716,824.9139
2.656753,1,1613.113,811.875,1614.915,818.3944
2.670129,1,1613.113,811.875,1614.014,815.1347
2.679416,1,1604.458,803.2847,1609.236,809.2097
2.687818,1,1604.458,803.2847,1606.847,806.2472
2.701484,1,1604.458,803.2847,1605.653,804.766
2.710124,1,1600.803,798.03,1603.228,801.398
2.721707,1,1600.803,798.03,1602.015,799.714
2.733556,1,1600.803,798.03,1601.409,798.872
2.745355,1,1600.458,793.581,1600.933,796.2265
2.754945,1,1600.458,793.581,1600.696,794.9037
2.764846,1,1600.458,793.581,1600.577,794.2424
2.777165,1,1595.467,788.7748,1598.022,791.5086
2.787713,1,1595.467,788.7748,1596.744,790.1417
2.799705,1,1590.173,782.4832,1593.458,786.3125
2.808553,1,1590.173,782.4832,1591.816,784.3978
2.820251,1,1590.173,782.4832,1590.994,783.4406
2.828679,1,1587.419,777.4203,1589.207,780.4304
2.845687,1,1587.419,777.4203,1588.313,778.9254
2.854342,1,1587.419,777.4203,1587.866,778.1729
2.867488,1,1587.765,776.2588,1587.815,777.2158
2.879247,1,1587.765,776.2588,1587.79,776.7373
2.887767,1,1587.765,776.2588,1587.777,776.498
2.902009,1,1587.948,773.9145,1587.863,775.2063
2.910138,1,1587.948,773.9145,1587.905,774.5604
2.922187,1,1586.866,773.0984,1587.386,773.8294
2.93753,1,1586.866,773.0984,1587.126,773.4639
2.945338,1,1586.866,773.0984,1586.996,773.2811
2.957641,1,1585.589,773.391,1586.292,773.3361
2.967759,1,1585.589,773.391,1585.941,773.3635
2.980613,1,1585.497,773.5095,1585.719,773.4365
2.991534,1,1585.497,773.5095,1585.608,773.473
3.003716,1,1585.497,773.5095,1585.553,773.4912
3.013806,1,1582.568,772.0886,1584.061,772.7899
3.022861,1,1582.568,772.0886,1583.314,772.4392
3.035268,1,1582.568,772.0886,1582.941,772.2639
3.044738,1,1569.031,768.9034,1575.986,770.5837
3.056153,1,1569.031,768.9034,1572.509,769.7435
3.06479,1,1569.031,768.9034,1570.77,769.3235
3.075055,1,1557.825,766.5523,1564.297,767.9379
3.085723,1,1557.825,766.5523,1561.061,767.2451
3.102315,1,1547.561,765.3177,1554.311,766.2814
3.109572,1,1547.561,765.3177,1550.936,765.7996
3.120582,1,1547.561,765.3177,1549.248,765.5587
3.134374,1,1539.837,765.8005,1544.543,765.6796
3.142867,1,1539.837,765.8005,1542.19,765.7401
3.155826,1,1539.837,765.8005,1541.014,765.7703
3.165879,1,1533.428,767.3255,1537.221,766.5479
3.176145,1,1533.428,767.3255,1535.324,766.9366
3.185491,1,1533.428,767.3255,1534.376,767.1311
3.202788,1,1531.276,767.8553,1532.826,767.4932
3.208697,1,1531.276,767.8553,1532.051,767.6743
3.220342,1,1531.276,767.8553,1531.664,767.7648
3.231847,1,1530.707,768.319,1531.185,768.0419
3.24352,1,1530.707,768.319,1530.946,768.1804
3.253951,1,1530.746,768.5438,1530.846,768.3621
3.266444,1,1530.746,768.5438,1530.796,768.453
3.276069,1,1530.746,768.5438,1530.771,768.4984
3.287082,1,1529.034,769.3676,1529.902,768.933
3.296924,1,1529.034,769.3676,1529.468,769.1503
3.306638,1,1529.034,769.3676,1529.251,769.2589
3.319304,1,1528.051,771.087,1528.651,770.173
3.330825,1,1528.051,771.087,1528.351,770.63
3.340243,1,1528.051,771.087,1528.201,770.8585
3.351008,1,1530.222,772.554,1529.211,771.7062
3.365188,1,1530.222,772.554,1529.717,772.1301
3.374356,1,1537.393,774.9881,1533.555,773.5591
3.385554,1,1537.393,774.9881,1535.474,774.2736
3.399793,1,1537.393,774.9881,1536.433,774.6309
3.407403,1,1544.746,779.3644,1540.59,776.9976
3.420304,1,1544.746,779.3644,1542.668,778.181
3.43122,1,1544.746,779.3644,1543.707,778.7727
3.441485,1,1549.788,783.1049,1546.748,780.9388
3.451678,1,1549.788,783.1049,1548.268,782.0219
3.465764,1,1553.672,786.4982,1550.97,784.26
3.47746,1,1553.672,786.4982,1552.321,785.3792
3.487639,1,1553.672,786.4982,1552.997,785.9387
3.500197,1,1557.807,790.0192,1555.402,787.9789
3.506911,1,1557.807,790.0192,1556.604,788.999
3.519477,1,1557.807,790.0192,1557.205,789.5091
3.530232,1,1561.4,792.0423,1559.302,790.7757
3.539315,1,1561.4,792.0423,1560.351,791.409
3.549918,1,1561.4,792.0423,1560.875,791.7256
3.564725,1,1565.348,793.8961,1563.111,792.8109
3.570388,1,1565.348,793.8961,1564.229,793.3535
3.583703,1,1565.348,793.8961,1564.789,793.6248
3.595542,1,1567.799,796.2477,1566.294,794.9363
3.605153,1,1567.799,796.2477,1567.047,795.592
3.618882,1,1569.712,798.861,1568.379,797.2264
3.629876,1,1569.712,798.861,1569.046,798.0437
3.642238,1,1569.712,798.861,1569.379,798.4523
3.654168,1,1570.873,801.4504,1570.126,799.9514
3.661773,1,1570.873,801.4504,1570.499,800.7009
3.676822,1,1575.894,804.4308,1573.197,802.5659
3.685138,1,1575.894,804.4308,1574.546,803.4984
3.696763,1,1575.894,804.4308,1575.22,803.9646
3.708936,1,1582.186,808.9836,1578.703,806.4741
3.720273,1,1582.186,808.9836,1580.445,807.7289
3.729987,1,1582.186,808.9836,1581.315,808.3563
3.743182,1,1584.815,812.9951,1583.065,810.6757
3.755139,1,1584.815,812.9951,1583.94,811.8353
3.767613,1,1586.553,819.4991,1585.246,815.6672
3.777545,1,1586.553,819.4991,1585.9,817.5831
3.787141,1,1586.553,819.4991,1586.226,818.5411
3.801322,1,1589.07,828.6862,1587.648,823.6136
3.812249,1,1589.07,828.6862,1588.359,826.1499
3.82636,1,1592.24,838.5504,1590.3,832.3501
3.834598,1,1592.24,838.5504,1591.27,835.4502
3.842586,1,1592.24,838.5504,1591.755,837.0002
3.856549,1,1613.862,851.7229,1602.809,844.3616
3.866557,1,1613.862,851.7229,1608.335,848.0422
3.877242,1,1613.862,851.7229,1611.099,849.8826
3.887359,1,1622.788,864.0032,1616.943,856.9429
3.897155,1,1622.788,864.0032,1619.866,860.473
3.907939,1,1622.788,864.0032,1621.327,862.2382
3.919763,1,1619.592,872.7705,1620.459,867.5043
3.929055,1,1619.592,872.7705,1620.026,870.1375
3.940791,1,1619.592,872.7705,1619.809,871.454
3.951024,1,1615.182,875.2121,1617.496,873.333
3.963355,1,1615.182,875.2121,1616.339,874.2726
3.974193,1,1615.182,875.2121,1615.761,874.7423
3.984757,1,1614.264,875.1962,1615.012,874.9692
3.996724,1,1614.264,875.1962,1614.638,875.0828
4.004941,1,1614.264,875.1962,1614.451,875.1395
4.019179,1,1610.766,872.4703,1612.609,873.8049
4.027699,1,1610.766,872.4703,1611.687,873.1376
4.039039,1,1605.424,869.3458,1608.556,871.2417
4.050042,1,1605.424,869.3458,1606.99,870.2937
4.063224,1,1605.424,869.3458,1606.207,869.8197
4.070188,1,1598.75,867.7603,1602.479,868.79
4.082845,1,1598.75,867.7603,1600.614,868.2751
4.094441,1,1598.75,867.7603,1599.682,868.0177
4.102435,1,1596.78,866.7811,1598.231,867.3994
4.116895,1,1596.78,866.7811,1597.506,867.0903
4.125836,1,1596.78,866.7811,1597.143,866.9357
4.137618,1,1596.555,865.5532,1596.849,866.2444
4.148908,1,1596.555,865.5532,1596.702,865.8988
4.161172,1,1596.291,863.6674,1596.497,864.7831
4.170304,1,1596.291,863.6674,1596.394,864.2252
4.182715,1,1596.291,863.6674,1596.343,863.9463
4.190026,1,1592.606,860.4942,1594.474,862.2202
4.204211,1,1592.606,860.4942,1593.54,861.3572
4.210614,1,1592.606,860.4942,1593.073,860.9257
4.223306,1,1590.243,856.8739,1591.658,858.8998
4.236106,1,1590.243,856.8739,1590.95,857.8868
4.242187,1,1590.243,856.8739,1590.597,857.3804
4.254199,1,1584.124,851.7496,1587.36,854.565
4.266442,1,1584.124,851.7496,1585.742,853.1573
4.275723,1,1584.124,851.7496,1584.933,852.4535
4.29037,1,1569.868,840.629,1577.4,846.5413
4.302777,1,1569.868,840.629,1573.634,843.5851
4.309304,1,1569.868,840.629,1571.751,842.1071
4.321916,1,1551.132,824.647,1561.441,833.3771
4.331546,1,1551.132,824.647,1556.286,829.0121
4.345054,1,1530.751,806.522,1543.519,817.7671
4.356036,1,1530.751,806.522,1537.135,812.1445
4.366509,1,1530.751,806.522,1533.943,809.3333
4.377236,1,1511.339,788.4275,1522.641,798.8804
4.389657,1,1511.339,788.4275,1516.99,793.6539
4.399972,1,1511.339,788.4275,1514.164,791.0407
4.408772,1,1496.097,771.8845,1505.13,781.4626
4.422324,1,1496.097,771.8845,1500.614,776.6736
4.428397,1,1496.097,771.8845,1498.355,774.2791
4.442054,1,1484.11,758.5768,1491.233,766.4279
4.454068,1,1484.11,758.5768,1487.671,762.5023
4.467006,1,1475.125,748.8382,1481.398,755.6703
4.477513,1,1475.125,748.8382,1478.261,752.2543
4.487267,1,1475.125,748.8382,1476.693,750.5463
4.504214,1,1468.753,741.7056,1472.723,746.1259
4.510631,1,1468.753,741.7056,1470.738,743.9158
4.523507,1,1462.43,736.7758,1466.584,740.3458
4.534636,1,1462.43,736.7758,1464.507,738.5608
4.541924,1,1462.43,736.7758,1463.469,737.6683
4.555436,1,1457.302,732.0059,1460.385,734.8372
4.563226,1,1457.302,732.0059,1458.844,733.4215
4.575883,1,1457.302,732.0059,1458.073,732.7137
4.588622,1,1453.608,728.3654,1455.841,730.5396
4.597163,1,1453.608,728.3654,1454.724,729.4525
4.611091,1,1453.608,728.3654,1454.166,728.9089
4.626052,1,1449.801,724.8588,1451.984,726.8839
4.631726,1,1449.801,724.8588,1450.892,725.8713
4.646726,1,1447.335,722.7115,1449.114,724.2914
4.658273,1,1447.335,722.7115,1448.224,723.5015
4.667834,1,1447.335,722.7115,1447.78,723.1064
4.678866,1,1444.702,720.6726,1446.241,721.8895
4.688062,1,1444.702,720.6726,1445.472,721.2811
4.699525,1,1444.702,720.6726,1445.087,720.9768
4.709434,1,1443.98,719.6219,1444.533,720.2994
4.723226,1,1443.98,719.6219,1444.257,719.9607
4.730914,1,1443.98,719.6219,1444.118,719.7913
4.74558,1,1442.822,718.3947,1443.47,719.093
4.756953,1,1442.822,718.3947,1443.146,718.7439
4.766955,1,1441.908,717.7514,1442.527,718.2477
4.778798,1,1441.908,717.7514,1442.218,717.9995
4.790391,1,1441.908,717.7514,1442.063,717.8755
4.803121,1,1441.394,717.8945,1441.729,717.885
4.813613,1,1441.394,717.8945,1441.561,717.8898
4.823682,1,1440.703,718.1725,1441.132,718.0311
4.836555,1,1440.703,718.1725,1440.917,718.1018
4.846444,1,1440.703,718.1725,1440.81,718.1371
4.857184,1,1440.288,718.6915,1440.549,718.4143
4.868672,1,1440.288,718.6915,1440.419,718.5529
4.880569,1,1440.288,718.6915,1440.354,718.6222
4.889594,1,1440.013,718.9859,1440.184,718.8041
4.902041,1,1440.013,718.9859,1440.098,718.895
4.915442,1,1439.434,718.6916,1439.766,718.7933
4.924174,1,1439.434,718.6916,1439.6,718.7424
4.93654,1,1439.434,718.6916,1439.517,718.717
4.946511,1,1440.171,717.8806,1439.844,718.2988
4.960166,1,1440.171,717.8806,1440.008,718.0897
4.970256,1,1440.171,717.8806,1440.089,717.9852
4.980821,1,1441.42,716.6815,1440.754,717.3333
4.991422,1,1441.42,716.6815,1441.087,717.0074
5.002524,1,1441.42,716.6815,1441.253,716.8444
5.011983,1,1442.173,715.259,1441.713,716.0518
5.024858,1,1442.173,715.259,1441.943,715.6554
5.03563,1,1442.883,713.1799,1442.413,714.4177
5.046662,1,1442.883,713.1799,1442.648,713.7988
5.057696,1,1442.883,713.1799,1442.766,713.4894
5.070064,1,1443.549,711.2902,1443.157,712.3898
5.08286,1,1443.549,711.2902,1443.353,711.84
5.09073,1,1443.549,711.2902,1443.451,711.5651
5.106023,1,1443.912,709.0364,1443.681,710.3007
5.115909,1,1443.912,709.0364,1443.797,709.6686
5.12684,1,1443.429,706.8301,1443.613,708.2493
5.141431,1,1443.429,706.8301,1443.521,707.5397
5.147426,1,1443.429,706.8301,1443.475,707.1849
5.16167,1,1442.087,703.9998,1442.781,705.5923
5.172046,1,1442.087,703.9998,1442.434,704.796
5.183114,1,1442.087,703.9998,1442.26,704.3979
5.193664,1,1441.483,701.6,1441.872,702.999
5.204566,1,1441.483,701.6,1441.677,702.2995
5.216853,1,1440.827,698.7657,1441.252,700.5326
5.227185,1,1440.827,698.7657,1441.039,699.6492
5.238898,1,1440.827,698.7657,1440.933,699.2074
5.250381,1,1439.404,695.7935,1440.169,697.5004
5.261703,1,1439.404,695.7935,1439.786,696.647
5.271285,1,1439.404,695.7935,1439.595,696.2202
5.28308,1,1437.344,691.8415,1438.469,694.0309
5.291623,1,1437.344,691.8415,1437.906,692.9362
5.30458,1,1437.344,691.8415,1437.625,692.3888
5.312146,1,1436.276,688.2511,1436.951,690.3199
5.323522,1,1436.276,688.2511,1436.614,689.2855
5.335292,1,1436.276,688.2511,1436.445,688.7683
5.346725,1,1434.753,684.8642,1435.599,686.8163
5.356639,1,1434.753,684.8642,1435.176,685.8402
5.366815,1,1434.753,684.8642,1434.965,685.3522
5.381028,1,1433.081,682.3472,1434.023,683.8497
5.389945,1,1433.081,682.3472,1433.552,683.0985
5.403258,1,1431.239,680.0027,1432.396,681.5506
5.411206,1,1431.239,680.0027,1431.817,680.7766
5.423537,1,1431.239,680.0027,1431.528,680.3896
5.435143,1,1429.919,678.511,1430.724,679.4503
5.443524,1,1429.919,678.511,1430.321,678.9807
5.456239,1,1429.919,678.511,1430.12,678.7458
5.466258,1,1429.069,677.3796,1429.595,678.0627
5.478396,1,1429.069,677.3796,1429.332,677.7212
5.489652,1,1428.149,676.1796,1428.74,676.9504
5.501435,1,1428.149,676.1796,1428.445,676.5651
5.510783,1,1428.149,676.1796,1428.297,676.3723
5.522634,1,1427.363,674.6582,1427.83,675.5153
5.533456,1,1427.363,674.6582,1427.597,675.0867
5.543183,1,1427.363,674.6582,1427.48,674.8724
5.5552,1,1425.868,673.2158,1426.674,674.0441
5.564572,1,1425.868,673.2158,1426.271,673.63
5.578177,1,1425.868,673.2158,1426.07,673.4229
5.591243,1,1424.767,672.2656,1425.418,672.8442
5.598063,1,1424.767,672.2656,1425.092,672.5549
5.607781,1,1424.767,672.2656,1424.929,672.4103
5.619132,1,1423.597,671.2679,1424.263,671.8391
5.628705,1,1423.597,671.2679,1423.93,671.5535
5.64063,1,1422.048,669.7245,1422.989,670.639
5.649556,1,1422.048,669.7245,1422.518,670.1818
5.660405,1,1422.048,669.7245,1422.283,669.9531
5.671037,1,1420.478,667.9407,1421.38,668.9469
5.681314,1,1420.478,667.9407,1420.929,668.4438
5.690694,1,1420.478,667.9407,1420.703,668.1923
5.705266,1,1419.48,666.4899,1420.092,667.3411
5.716041,1,1419.48,666.4899,1419.786,666.9155
5.724624,1,1419.48,666.4899,1419.633,666.7026
5.73659,1,1413.434,662.8687,1416.533,664.7856
5.748771,1,1413.434,662.8687,1414.984,663.8271
5.757766,1,1413.434,662.8687,1414.209,663.3479
5.768163,1,1409.04,658.8576,1411.624,661.1028
5.782565,1,1409.04,658.8576,1410.332,659.9802
5.791713,1,1406.859,655.4824,1408.595,657.7313
5.80433,1,1406.859,655.4824,1407.727,656.6069
5.816344,1,1406.859,655.4824,1407.293,656.0447
5.827264,1,1404.643,652.6229,1405.968,654.3338
5.840459,1,1404.643,652.6229,1405.306,653.4784
5.850654,1,1404.643,652.6229,1404.974,653.0507
5.8585,1,1402.448,650.3645,1403.711,651.7076
5.870151,1,1402.448,650.3645,1403.079,651.036
5.882421,1,1400.49,648.009,1401.785,649.5225
5.891038,1,1400.49,648.009,1401.137,648.7657
5.905559,1,1400.49,648.009,1400.813,648.3874
5.914334,1,1398.564,645.9894,1399.689,647.1884
5.923181,1,1398.564,645.9894,1399.126,646.5889
5.955462,1,1396.335,643.823,1397.731,645.2059
5.966161,1,1396.335,643.823,1397.033,644.5145
5.973664,1,1393.837,642.0917,1395.435,643.3031
5.98005,1,1393.837,642.0917,1394.636,642.6974
5.992099,1,1393.837,642.0917,1394.236,642.3945
6.003661,1,1391.279,640.1775,1392.757,641.286
6.016152,1,1391.279,640.1775,1392.018,640.7318
6.023896,1,1391.279,640.1775,1391.648,640.4546
6.037724,1,1388.17,637.1467,1389.909,638.8007
6.049718,1,1388.17,637.1467,1389.04,637.9737
6.059438,1,1388.17,637.1467,1388.605,637.5602
6.07076,1,1385.68,634.1766,1387.142,635.8684
6.081264,1,1385.68,634.1766,1386.411,635.0225
6.090798,1,1385.68,634.1766,1386.045,634.5995
6.105306,1,1383.006,632.4347,1384.526,633.5171
6.112548,1,1383.006,632.4347,1383.766,632.9759
6.124331,1,1379.552,629.374,1381.659,631.1749
6.136863,1,1379.552,629.374,1380.605,630.2744
6.144422,1,1379.552,629.374,1380.078,629.8242
6.156625,1,1376.901,628.0842,1378.49,628.9542
6.177941,1,1376.901,628.0842,1377.695,628.5192
6.186051,1,1374.87,627.1719,1376.283,627.8456
6.191667,1,1374.87,627.1719,1375.577,627.5087
6.206281,1,1374.87,627.1719,1375.224,627.3403
6.216338,1,1372.951,625.631,1374.087,626.4857
6.226312,1,1372.951,625.631,1373.519,626.0583
6.238935,1,1372.951,625.631,1373.235,625.8447
6.248086,1,1370.694,623.6526,1371.965,624.7487
6.259484,1,1370.694,623.6526,1371.33,624.2006
6.271195,1,1370.694,623.6526,1371.012,623.9266
6.283628,1,1368.499,622.6829,1369.755,623.3047
6.291879,1,1368.499,622.6829,1369.127,622.9938
6.304755,1,1366.652,621.6166,1367.889,622.3052
6.3159,1,1366.652,621.6166,1367.271,621.9609
6.32554,1,1366.652,621.6166,1366.961,621.7888
6.338136,1,1365.057,620.1209,1366.009,620.9548
6.347936,1,1365.057,620.1209,1365.533,620.5378
6.358357,1,1365.057,620.1209,1365.295,620.3293
6.37494,1,1363.212,619.1348,1364.253,619.7321
6.384198,1,1363.212,619.1348,1363.733,619.4335
6.394252,1,1363.212,619.1348,1363.472,619.2842
6.406325,1,1361.756,618.8735,1362.614,619.0789
6.416448,1,1361.756,618.8735,1362.185,618.9762
6.425752,1,1360.524,617.7757,1361.355,618.376
6.43805,1,1360.524,617.7757,1360.939,618.0758
6.447639,1,1360.524,617.7757,1360.732,617.9258
6.459958,1,1359.492,617.1638,1360.112,617.5448
6.469144,1,1359.492,617.1638,1359.802,617.3542
6.479199,1,1359.492,617.1638,1359.647,617.259
6.487735,1,1358.599,616.2584,1359.123,616.7587
6.503144,1,1358.599,616.2584,1358.861,616.5085
6.511069,1,1358.599,616.2584,1358.73,616.3835
6.521016,1,1357.892,615.6392,1358.311,616.0114
6.529941,1,1357.892,615.6392,1358.101,615.8253
6.543237,1,1357.892,615.6392,1357.996,615.7322
6.55223,1,1357.318,615.1735,1357.657,615.4528
6.566268,1,1357.318,615.1735,1357.487,615.3131
6.575141,1,1357.318,615.1735,1357.403,615.2433
6.584758,1,1356.88,614.6123,1357.141,614.9278
6.596499,1,1356.88,614.6123,1357.01,614.77
6.607755,1,1356.494,613.8359,1356.752,614.303
6.618434,1,1356.494,613.8359,1356.623,614.0695
6.628472,1,1356.494,613.8359,1356.558,613.9527
6.640279,1,1355.29,613.6551,1355.924,613.8039
6.653525,1,1355.29,613.6551,1355.607,613.7295
6.664763,1,1355.29,613.6551,1355.448,613.6923
6.677144,1,1353.52,613.5247,1354.484,613.6085
6.688609,1,1353.52,613.5247,1354.002,613.5667
6.702102,1,1351.778,613.586,1352.89,613.5763
6.709567,1,1351.778,613.586,1352.334,613.5812
6.724727,1,1351.778,613.586,1352.056,613.5836
6.734855,1,1349.033,614.3107,1350.544,613.9471
6.743012,1,1349.033,614.3107,1349.789,614.1289
6.755197,1,1349.033,614.3107,1349.411,614.2198
6.767144,1,1344.011,616.6071,1346.711,615.4135
6.776956,1,1344.011,616.6071,1345.361,616.0103
6.787253,1,1344.011,616.6071,1344.686,616.3087
6.800427,1,1340.14,618.8442,1342.413,617.5764
6.808621,1,1340.14,618.8442,1341.276,618.2103
6.820655,1,1336.171,621.1854,1338.724,619.6979
6.830462,1,1336.171,621.1854,1337.447,620.4417
6.840163,1,1336.171,621.1854,1336.809,620.8135
6.851775,1,1332.191,623.1931,1334.5,622.0033
6.864104,1,1332.191,623.1931,1333.345,622.5981
6.874789,1,1332.191,623.1931,1332.768,622.8956
6.884101,1,1328.302,626.0364,1330.535,624.466
6.895972,1,1328.302,626.0364,1329.418,625.2512
6.90573,1,1328.302,626.0364,1328.86,625.6438
6.916112,1,1323.771,629.1374,1326.315,627.3906
6.927133,1,1323.771,629.1374,1325.043,628.264
6.94011,1,1319.145,630.9371,1322.094,629.6006
6.954143,1,1319.145,630.9371,1320.619,630.2689
6.960103,1,1319.145,630.9371,1319.882,630.603
6.971951,1,1316.038,632.6396,1317.96,631.6213
6.985991,1,1316.038,632.6396,1316.999,632.1305
6.996839,1,1316.038,632.6396,1316.518,632.3851
7.006337,1,1313.237,633.0276,1314.877,632.7064
7.019046,1,1313.237,633.0276,1314.057,632.867
7.026208,1,1313.237,633.0276,1313.647,632.9473
7.038198,1,1311.425,633.9351,1312.536,633.4412
7.04913,1,1311.425,633.9351,1311.98,633.6882
7.059081,1,1311.425,633.9351,1311.703,633.8116
7.070207,1,1309.927,635.0983,1310.815,634.455
7.082448,1,1309.927,635.0983,1310.371,634.7766
7.091794,1,1308.086,637.0969,1309.228,635.9368
7.101916,1,1308.086,637.0969,1308.657,636.5168
7.110175,1,1308.086,637.0969,1308.372,636.8069
7.123618,1,1306.722,639.6884,1307.547,638.2476
7.135758,1,1306.722,639.6884,1307.135,638.968
7.142406,1,1306.722,639.6884,1306.928,639.3282
7.157563,1,1305.199,642.0818,1306.064,640.705
7.166434,1,1305.199,642.0818,1305.631,641.3934
7.178786,1,1305.199,642.0818,1305.415,641.7377
7.190444,1,1303.746,644.8253,1304.581,643.2815
7.202224,1,1303.746,644.8253,1304.163,644.0534
7.210174,1,1303.746,644.8253,1303.955,644.4393
7.223866,1,1302.704,647.0523,1303.329,645.7458
7.235696,1,1302.704,647.0523,1303.016,646.399
7.243077,1,1301.597,648.6714,1302.307,647.5353
7.256759,1,1301.597,648.6714,1301.952,648.1034
7.266168,1,1301.597,648.6714,1301.774,648.3875
7.276414,1,1301.096,650.5477,1301.435,649.4675
7.290734,1,1301.096,650.5477,1301.266,650.0076
7.305221,1,1300.173,651.8086,1300.719,650.9081
7.3114,1,1300.173,651.8086,1300.446,651.3583
7.321219,1,1300.173,651.8086,1300.309,651.5835
7.335185,1,1298.771,653.4801,1299.54,652.5318
7.343251,1,1298.771,653.4801,1299.155,653.006
7.355487,1,1298.771,653.4801,1298.963,653.243
7.36583,1,1297.311,655.0755,1298.137,654.1593
7.378585,1,1297.311,655.0755,1297.724,654.6174
7.390706,1,1297.311,655.0755,1297.517,654.8464
7.401526,1,1295.943,656.2839,1296.73,655.5652
7.413812,1,1295.943,656.2839,1296.336,655.9246
7.425998,1,1294.279,657.0872,1295.308,656.5059
7.434468,1,1294.279,657.0872,1294.793,656.7965
7.44221,1,1294.279,657.0872,1294.536,656.9419
7.455617,1,1292.715,658.1365,1293.625,657.5392
7.463407,1,1292.715,658.1365,1293.17,657.8379
7.475757,1,1292.715,658.1365,1292.943,657.9872
7.488568,1,1290.808,659.3102,1291.875,658.6487
7.498326,1,1290.808,659.3102,1291.342,658.9795
7.507962,1,1290.808,659.3102,1291.075,659.1449
7.520591,1,1289.603,660.3289,1290.339,659.7369
7.530252,1,1289.603,660.3289,1289.971,660.033
7.54375,1,1288.378,661.2713,1289.174,660.6521
7.552375,1,1288.378,661.2713,1288.776,660.9617
7.563434,1,1288.378,661.2713,1288.577,661.1165
7.574233,1,1287.076,662.36,1287.826,661.7383
7.584142,1,1287.076,662.36,1287.451,662.0492
7.598639,1,1287.076,662.36,1287.263,662.2046
7.607543,1,1286.014,663.3527,1286.639,662.7786
7.621369,1,1286.014,663.3527,1286.326,663.0657
7.629407,1,1286.014,663.3527,1286.17,663.2092
7.641355,1,1284.861,664.4547,1285.516,663.8319
7.655412,1,1284.861,664.4547,1285.188,664.1433
7.661845,1,1284.861,664.4547,1285.025,664.299
7.674397,1,1284.178,665.1501,1284.602,664.7245
7.686591,1,1284.178,665.1501,1284.39,664.9373
7.696418,1,1283.489,665.6036,1283.939,665.2704
7.706122,1,1283.489,665.6036,1283.714,665.437
7.72203,1,1283.489,665.6036,1283.602,665.5203
7.729516,1,1282.77,666.0468,1283.186,665.7835
7.741851,1,1282.77,666.0468,1282.978,665.9152
7.753753,1,1282.77,666.0468,1282.874,665.981
7.764085,1,1282.287,667.1356,1282.581,666.5583
7.776959,1,1282.287,667.1356,1282.434,666.8469
7.78608,1,1281.443,667.9053,1281.939,667.3761
7.798724,1,1281.443,667.9053,1281.691,667.6407
7.807158,1,1281.443,667.9053,1281.567,667.7729
7.819976,1,1280.638,668.6152,1281.103,668.1941
7.832805,1,1280.638,668.6152,1280.87,668.4047
7.844045,1,1280.638,668.6152,1280.754,668.5099
7.854859,1,1280.064,669.3066,1280.409,668.9083
7.861903,1,1280.064,669.3066,1280.237,669.1074
7.876725,1,1279.818,670.137,1280.027,669.6222
7.887231,1,1279.818,670.137,1279.923,669.8796
7.896762,1,1279.818,670.137,1279.87,670.0083
7.907731,1,1279.213,670.64,1279.542,670.3241
7.922965,1,1279.213,670.64,1279.378,670.4821
7.929004,1,1279.213,670.64,1279.295,670.561
7.941184,1,1278.819,670.8839,1279.057,670.7225
7.954177,1,1278.819,670.8839,1278.938,670.8032
7.961925,1,1278.819,670.8839,1278.879,670.8436
7.974069,1,1278.31,671.174,1278.594,671.0088
7.985908,1,1278.31,671.174,1278.452,671.0914
7.994897,1,1278.31,671.174,1278.381,671.1327
8.005858,1,1278.085,671.4944,1278.233,671.3135
8.021119,1,1278.085,671.4944,1278.159,671.4039
8.028401,1,1277.761,671.9623,1277.96,671.6831
8.041608,1,1277.761,671.9623,1277.86,671.8228
8.050756,1,1277.761,671.9623,1277.811,671.8926
8.062747,1,1277.538,672.4654,1277.674,672.179
8.074286,1,1277.538,672.4654,1277.606,672.3221
8.084748,1,1277.538,672.4654,1277.572,672.3938
8.096631,1,1280.474,674.3303,1279.023,673.3621
8.105369,1,1280.474,674.3303,1279.748,673.8462
8.119285,1,1284.839,678.9929,1282.294,676.4196
8.128173,1,1284.839,678.9929,1283.567,677.7062
8.138942,1,1284.839,678.9929,1284.203,678.3496
8.15075,1,1289.477,683.7906,1286.84,681.0701
8.162633,1,1289.477,683.7906,1288.159,682.4304
8.17176,1,1289.477,683.7906,1288.818,683.1105
8.189807,1,1293.8,688.4448,1291.309,685.7776
8.197959,1,1293.8,688.4448,1292.554,687.1112
8.207532,1,1298.33,693.5369,1295.442,690.3241
8.223716,1,1298.33,693.5369,1296.886,691.9305
8.23153,1,1298.33,693.5369,1297.608,692.7338
8.243077,1,1301.731,697.9875,1299.669,695.3606
8.253783,1,1301.731,697.9875,1300.7,696.6741
8.264628,1,1301.731,697.9875,1301.215,697.3308
8.276217,1,1304.99,701.5746,1303.103,699.4528
8.286082,1,1304.99,701.5746,1304.047,700.5137
8.297778,1,1308.218,705.3857,1306.132,702.9497
8.308099,1,1308.218,705.3857,1307.175,704.1677
8.321288,1,1308.218,705.3857,1307.696,704.7767
8.330062,1,1311.349,708.2571,1309.522,706.5169
8.341771,1,1311.349,708.2571,1310.436,707.387
8.354079,1,1311.349,708.2571,1310.892,707.822
8.363084,1,1314.033,710.7551,1312.462,709.2886
8.375955,1,1314.033,710.7551,1313.248,710.0219
8.389131,1,1317.154,713.2663,1315.201,711.644
8.40026,1,1317.154,713.2663,1316.177,712.4552
8.410914,1,1317.154,713.2663,1316.666,712.8607
8.421542,1,1319.339,715.6387,1318.002,714.2497
8.431769,1,1319.339,715.6387,1318.671,714.9442
8.441976,1,1319.339,715.6387,1319.005,715.2914
8.455972,1,1321.304,718.7214,1320.154,717.0064
8.464293,1,1321.304,718.7214,1320.729,717.8639
8.476172,1,1321.304,718.7214,1321.017,718.2926
8.486209,1,1323.43,721.0219,1322.223,719.6572
8.496305,1,1323.43,721.0219,1322.826,720.3395
8.50983,1,1324.767,722.9885,1323.797,721.6641
8.520877,1,1324.767,722.9885,1324.282,722.3263
8.531411,1,1324.767,722.9885,1324.524,722.6574
8.54255,1,1326.627,724.6539,1325.576,723.6556
8.55523,1,1326.627,724.6539,1326.102,724.1548
8.564658,1,1326.627,724.6539,1326.365,724.4043
8.575364,1,1328.543,725.6906,1327.454,725.0475
8.587495,1,1328.543,725.6906,1327.998,725.369
8.598952,1,1328.543,725.6906,1328.271,725.5298
8.60744,1,1330.024,726.813,1329.147,726.1714
8.620482,1,1330.024,726.813,1329.585,726.4922
8.631787,1,1331.191,728.4521,1330.388,727.4722
8.640464,1,1331.191,728.4521,1330.79,727.9622
8.653348,1,1331.191,728.4521,1330.99,728.2072
8.662471,1,1332.91,729.993,1331.95,729.1001
8.674674,1,1332.91,729.993,1332.43,729.5465
8.685222,1,1332.91,729.993,1332.67,729.7698
8.695756,1,1333.963,730.8487,1333.316,730.3092
8.706731,1,1333.963,730.8487,1333.64,730.579
8.720445,1,1333.963,730.8487,1333.801,730.7139
8.728173,1,1334.955,731.4254,1334.378,731.0696
8.739875,1,1334.955,731.4254,1334.666,731.2474
8.749034,1,1334.955,731.4254,1334.81,731.3364
8.759612,1,1335.772,732.0866,1335.292,731.7115
8.771411,1,1335.772,732.0866,1335.532,731.899
8.783168,1,1340.768,733.8439,1338.15,732.8715
8.790107,1,1340.768,733.8439,1339.459,733.3577
8.802466,1,1340.768,733.8439,1340.114,733.6008
8.811395,1,1359.359,740.1976,1349.736,736.8992
8.824538,1,1359.359,740.1976,1354.548,738.5483
8.834847,1,1359.359,740.1976,1356.953,739.3729
8.845443,1,1382.108,747.0715,1369.531,743.2222
8.858857,1,1382.108,747.0715,1375.82,745.1469
8.868062,1,1382.108,747.0715,1378.964,746.1092
8.882773,1,1401.871,751.3528,1390.417,748.731
8.891147,1,1401.871,751.3528,1396.144,750.0419
8.905307,1,1417.405,754.2729,1406.774,752.1575
8.914887,1,1417.405,754.2729,1412.089,753.2152
8.924863,1,1417.405,754.2729,1414.747,753.7441
8.939471,1,1428.582,757.301,1421.664,755.5225
8.947494,1,1428.582,757.301,1425.123,756.4117
8.959298,1,1428.582,757.301,1426.852,756.8563
8.971604,1,1436.332,758.8129,1431.592,757.8346
8.983527,1,1436.332,758.8129,1433.962,758.3237
8.994132,1,1464.188,770.4766,1449.075,764.4001
9.004537,1,1464.188,770.4766,1456.632,767.4384
9.016829,1,1464.188,770.4766,1460.41,768.9575
9.0251,1,1502.08,788.121,1481.245,778.5392
9.037461,1,1502.08,788.121,1491.663,783.3301
9.049846,1,1502.08,788.121,1496.871,785.7256
9.060328,1,1531.138,803.3132,1514.005,794.5194
9.069882,1,1531.138,803.3132,1522.572,798.9163
9.083259,1,1552.257,814.7814,1537.415,806.8489
9.091294,1,1552.257,814.7814,1544.836,810.8152
9.103831,1,1552.257,814.7814,1548.547,812.7983
9.114415,1,1566.829,822.0974,1557.688,817.4479
9.124183,1,1566.829,822.0974,1562.258,819.7726
9.13507,1,1566.829,822.0974,1564.544,820.9351
9.144423,1,1576.657,828.0309,1570.6,824.483
9.156322,1,1576.657,828.0309,1573.628,826.257
9.166785,1,1576.657,828.0309,1575.143,827.1439
9.177693,1,1582.792,832.0581,1578.967,829.601
9.188132,1,1582.792,832.0581,1580.88,830.8296
9.201306,1,1582.792,832.0581,1581.836,831.4438
9.211356,1,1586.647,835.8929,1584.241,833.6684
9.221082,1,1586.647,835.8929,1585.444,834.7806
9.234824,1,1588.791,837.0648,1587.117,835.9227
9.242307,1,1588.791,837.0648,1587.954,836.4938
9.254039,1,1588.791,837.0648,1588.372,836.7793
9.262361,1,1588.791,837.0648,1588.581,836.922
9.276074,1,1573.225,835.9545,1580.903,836.4382
9.285937,1,1573.225,835.9545,1577.064,836.1964
9.296668,1,1495.961,826.8677,1536.512,831.532
9.308145,1,1495.961,826.8677,1516.236,829.1998
9.319972,1,1495.961,826.8677,1506.099,828.0338
9.329453,1,1223.888,775.2001,1364.993,801.6169
9.344333,1,1223.888,775.2001,1294.441,788.4085
9.352311,1,1223.888,775.2001,1259.165,781.8043
9.364491,1,957.1315,712.9363,1108.148,747.3703
9.37773,1,957.1315,712.9363,1032.64,730.1533
9.385703,1,820.8922,680.3839,926.7659,705.2686
9.397872,1,820.8922,680.3839,873.8291,692.8263
9.408931,1,820.8922,680.3839,847.3607,686.6051
9.420169,1,757.2375,662.7806,802.2991,674.6929
9.430203,1,757.2375,662.7806,779.7683,668.7368
9.441613,1,757.2375,662.7806,768.5029,665.7587
9.452003,1,727.3907,653.8763,747.9468,659.8175
9.463819,1,727.3907,653.8763,737.6687,656.8469
9.474154,1,727.3907,653.8763,732.5297,655.3616
9.484544,1,714.3018,649.8685,723.4158,652.6151
9.495324,1,714.3018,649.8685,718.8588,651.2418
9.506951,1,708.0132,648.2484,713.436,649.7451
9.519023,1,708.0132,648.2484,710.7246,648.9968
9.526689,1,708.0132,648.2484,709.3689,648.6226
9.542304,1,776.3961,658.2131,742.8824,653.4178
9.551208,1,776.3961,658.2131,759.6393,655.8155
9.560699,1,776.3961,658.2131,768.0177,657.0143
9.571666,1,853.5207,677.9748,810.7692,667.4945
9.584962,1,853.5207,677.9748,832.1449,672.7346
9.594636,1,853.5207,677.9748,842.8328,675.3547
9.60831,1,1095.94,747.7483,969.3865,711.5515
9.617747,1,1095.94,747.7483,1032.663,729.6499
9.627883,1,1295.213,803.5396,1163.938,766.5947
9.64173,1,1295.213,803.5396,1229.576,785.0671
9.648845,1,1295.213,803.5396,1262.394,794.3033
9.662072,1,1403.846,832.8098,1333.12,813.5566
9.670272,1,1403.846,832.8098,1368.483,823.1832
9.680268,1,1403.846,832.8098,1386.165,827.9965
9.692113,1,1453.645,845.5032,1419.905,836.7499
9.704329,1,1453.645,845.5032,1436.775,841.1265
9.714391,1,1453.645,845.5032,1445.21,843.3148
9.722669,1,1477.995,852.7084,1461.603,848.0116
9.741097,1,1477.995,852.7084,1469.799,850.36
9.750617,1,1491.02,856.6091,1480.41,853.4845
9.757829,1,1491.02,856.6091,1485.715,855.0468
9.768367,1,1491.02,856.6091,1488.367,855.8279
9.792209,1,1497.912,856.9971,1493.14,856.4125
9.804221,1,1497.912,856.9971,1495.526,856.7048
9.811585,1,1501.931,858.0037,1498.728,857.3542
9.819421,1,1501.931,858.0037,1500.329,857.679
9.830184,1,1501.931,858.0037,1501.13,857.8413
9.842626,1,1503.995,857.1783,1502.563,857.5098
9.851752,1,1503.995,857.1783,1503.279,857.344
9.864633,1,1503.995,857.1783,1503.637,857.2611
9.877135,1,1503.281,857.0833,1503.459,857.1722
9.890433,1,1503.281,857.0833,1503.37,857.1277
9.899325,1,1504.176,855.9451,1503.773,856.5364
9.906476,1,1504.176,855.9451,1503.974,856.2407
9.920358,1,1504.176,855.9451,1504.075,856.0929
9.928666,1,1504.176,855.9451,1504.125,856.019
9.943025,1,1516.325,843.1716,1510.225,849.5953
9.95189,1,1516.325,843.1716,1513.275,846.3834
9.962523,1,1531.333,827.9064,1522.304,837.1449
9.975432,1,1531.333,827.9064,1526.819,832.5256
9.984969,1,1531.333,827.9064,1529.076,830.216
9.995181,1,1544.361,814.0858,1536.719,822.1509
10.00546,1,1544.361,814.0858,1540.54,818.1183
10.01842,1,1544.361,814.0858,1542.45,816.1021
10.02792,1,1554.688,802.5309,1548.569,809.3165
10.03938,1,1554.688,802.5309,1551.629,805.9237
10.05039,1,1562.686,792.6005,1557.158,799.2621
10.06204,1,1562.686,792.6005,1559.922,795.9313
10.07344,1,1562.686,792.6005,1561.304,794.2659
10.08243,1,1569.71,786.673,1565.507,790.4695
10.09721,1,1569.71,786.673,1567.609,788.5713
10.10371,1,1569.71,786.673,1568.659,787.6222
10.1162,1,1574.172,783.2759,1571.416,785.449
10.12795,1,1574.172,783.2759,1572.794,784.3624
10.13716,1,1574.172,783.2759,1573.483,783.8192
10.14809,1,1576.57,781.082,1575.026,782.4506
10.16358,1,1576.57,781.082,1575.798,781.7663
10.16993,1,1576.57,781.082,1576.184,781.4242
10.18281,1,1578.091,779.4564,1577.137,780.4403
10.19401,1,1578.091,779.4564,1577.614,779.9484
10.20559,1,1580.242,778.0957,1578.928,779.022
10.21451,1,1580.242,778.0957,1579.585,778.5588
10.22402,1,1580.242,778.0957,1579.913,778.3273
10.23835,1,1580.808,777.3223,1580.361,777.8248
10.24564,1,1580.808,777.3223,1580.585,777.5736
10.26246,1,1581.386,776.1954,1580.986,776.8845
10.27047,1,1581.386,776.1954,1581.186,776.54
10.28199,1,1581.386,776.1954,1581.286,776.3677
10.29466,1,1582.006,775.1624,1581.646,775.765
10.3026,1,1582.006,775.1624,1581.826,775.4637
10.31342,1,1582.006,775.1624,1581.916,775.3131
10.32456,1,1582.324,774.4467,1582.12,774.8799
10.33871,1,1582.324,774.4467,1582.222,774.6633
10.34548,1,1582.324,774.4467,1582.273,774.5551
10.36112,1,1583.237,773.8361,1582.755,774.1956
10.36802,1,1583.237,773.8361,1582.996,774.0159
10.37845,1,1583.237,773.8361,1583.116,773.926
10.39029,1,1583.829,773.7745,1583.473,773.8503
10.40125,1,1583.829,773.7745,1583.651,773.8124
10.41044,1,1583.829,773.7745,1583.74,773.7935
10.42367,1,1584.285,773.1028,1584.012,773.4481
10.43565,1,1584.285,773.1028,1584.148,773.2755
10.44462,1,1584.166,772.3566,1584.157,772.816
10.47198,1,1584.166,772.3566,1584.162,772.5863
10.48324,1,1584.185,771.7644,1584.173,772.1754
10.49081,1,1584.185,771.7644,1584.179,771.9698
10.50179,1,1584.185,771.7644,1584.182,771.8671
10.50932,1,1584.229,771.6363,1584.205,771.7517
10.52425,1,1584.229,771.6363,1584.217,771.694
10.53361,1,1584.115,771.304,1584.166,771.499
10.54297,1,1584.115,771.304,1584.141,771.4015
10.55566,1,1584.115,771.304,1584.128,771.3528
10.56275,1,1584.115,771.304,1584.121,771.3284
10.57453,1,1584.054,770.5867,1584.088,770.9575
10.58601,1,1584.054,770.5867,1584.071,770.7721
10.59625,1,1583.881,770.2455,1583.976,770.5088
10.60532,1,1583.881,770.2455,1583.929,770.3771
10.61974,1,1583.881,770.2455,1583.905,770.3113
10.62926,1,1583.521,769.9713,1583.713,770.1413
10.64029,1,1583.521,769.9713,1583.617,770.0563
10.6546,1,1583.107,769.6807,1583.362,769.8685
10.66119,1,1583.107,769.6807,1583.234,769.7747
10.67399,1,1583.107,769.6807,1583.171,769.7277
10.68388,1,1583.107,769.6807,1583.139,769.7042
10.69701,1,1582.636,769.4047,1582.888,769.5544
10.70502,1,1582.636,769.4047,1582.762,769.4796
10.71767,1,1582.24,769.0143,1582.501,769.2469
10.72825,1,1582.24,769.0143,1582.371,769.1306
10.7391,1,1582.24,769.0143,1582.306,769.0724
10.75041,1,1581.815,768.7295,1582.06,768.901
10.76198,1,1581.815,768.7295,1581.937,768.8152
10.77223,1,1581.815,768.7295,1581.876,768.7723
10.78425,1,1581.39,768.1196,1581.633,768.4459
10.79598,1,1581.39,768.1196,1581.512,768.2827
10.80469,1,1581.39,768.1196,1581.451,768.2012
10.8178,1,1580.661,767.6281,1581.056,767.9146
10.82753,1,1580.661,767.6281,1580.858,767.7714
10.83815,1,1579.88,767.201,1580.369,767.4862
10.84868,1,1579.88,767.201,1580.125,767.3436
10.86037,1,1579.88,767.201,1580.002,767.2723
10.86844,1,1579.207,766.9392,1579.605,767.1058
10.88156,1,1579.207,766.9392,1579.406,767.0225
10.89044,1,1579.207,766.9392,1579.306,766.9808
10.90339,1,1578.29,766.9329,1578.798,766.9569
10.91521,1,1578.29,766.9329,1578.544,766.9449
10.92503,1,1578.29,766.9329,1578.417,766.939
10.93745,1,1577.53,766.5537,1577.973,766.7463
10.9446,1,1577.53,766.5537,1577.751,766.65
10.95876,1,1576.949,766.1652,1577.35,766.4076
10.96967,1,1576.949,766.1652,1577.149,766.2864
10.97784,1,1576.949,766.1652,1577.049,766.2258
10.98942,1,1576.348,765.8114,1576.698,766.0186
11.00243,1,1576.348,765.8114,1576.523,765.915
11.01132,1,1576.348,765.8114,1576.435,765.8632
11.02492,1,1575.469,765.5477,1575.952,765.7054
11.03558,1,1575.469,765.5477,1575.71,765.6266
11.04395,1,1575.469,765.5477,1575.589,765.5872
11.05668,1,1574.698,765.5217,1575.144,765.5544
11.06596,1,1574.698,765.5217,1574.921,765.5381
11.07821,1,1574.179,765.6215,1574.55,765.5798
11.09117,1,1574.179,765.6215,1574.364,765.6007
11.10174,1,1574.179,765.6215,1574.271,765.6111
11.11217,1,1573.619,765.8813,1573.945,765.7462
11.12467,1,1573.619,765.8813,1573.782,765.8137
11.13538,1,1573.619,765.8813,1573.701,765.8475
11.14558,1,1573.108,766.1284,1573.404,765.9879
11.15689,1,1573.108,766.1284,1573.256,766.0581
11.16726,1,1573.108,766.1284,1573.182,766.0933
11.17931,1,1572.665,766.4555,1572.924,766.2744
11.18983,1,1572.665,766.4555,1572.794,766.365
11.20265,1,1572.249,766.6406,1572.522,766.5028
11.20959,1,1572.249,766.6406,1572.385,766.5717
11.22314,1,1572.249,766.6406,1572.317,766.6062
11.23414,1,1571.899,766.5613,1572.108,766.5837
11.24243,1,1571.899,766.5613,1572.003,766.5725
11.25583,1,1571.899,766.5613,1571.951,766.5669
11.26632,1,1560.981,757.5703,1566.466,762.0686
11.27664,1,1560.981,757.5703,1563.723,759.8195
11.2866,1,1560.981,757.5703,1562.352,758.6948
11.29909,1,1503.349,704.3519,1532.85,731.5233
11.30732,1,1503.349,704.3519,1518.099,717.9376
11.31962,1,1414.487,622.1494,1466.293,670.0435
11.33025,1,1414.487,622.1494,1440.39,646.0964
11.34125,1,1414.487,622.1494,1427.439,634.1229
11.35408,1,1259.37,439.6327,1343.404,536.8778
11.36394,1,1259.37,439.6327,1301.387,488.2552
11.37633,1,1259.37,439.6327,1280.378,463.944
11.3847,1,1139.801,287.2149,1210.089,375.5794
11.39541,1,1139.801,287.2149,1174.945,331.3972
11.40534,1,1139.801,287.2149,1157.373,309.306
11.41672,1,1083.15,219.2021,1120.261,264.2541
11.42709,1,1083.15,219.2021,1101.705,241.7281
11.44041,1,1058.114,190.1743,1079.91,215.9512
11.45045,1,1058.114,190.1743,1069.012,203.0627
11.4624,1,1058.114,190.1743,1063.563,196.6185
11.47211,1,1018.218,165.2512,1040.89,180.9348
11.48725,1,1018.218,165.2512,1029.554,173.093
11.49463,1,1018.218,165.2512,1023.886,169.1721
11.50318,1,992.8435,147.679,1008.365,158.4256
11.51707,1,992.8435,147.679,1000.604,153.0523
11.52444,1,992.8435,147.679,996.7238,150.3656
11.53701,1,977.5314,159.7997,987.1276,155.0827
11.54711,1,977.5314,159.7997,982.3295,157.4412
11.55828,1,977.5314,159.7997,979.9305,158.6205
11.56833,1,970.2086,175.3455,975.0696,166.983
11.58286,1,970.2086,175.3455,972.6391,171.1642
11.59133,1,966.0991,185.3405,969.3691,178.2523
11.6027,1,966.0991,185.3405,967.7341,181.7964
11.61503,1,966.0991,185.3405,966.9166,183.5684
11.62542,1,964.2903,190.8796,965.6035,187.224
11.63705,1,964.2903,190.8796,964.9469,189.0518
11.64701,1,964.2903,190.8796,964.6186,189.9657
11.65801,1,969.7855,197.7591,967.202,193.8624
11.66783,1,969.7855,197.7591,968.4938,195.8107
11.67966,1,969.7855,197.7591,969.1396,196.7849
11.69555,1,974.812,204.0301,971.9758,200.4075
11.70457,1,974.812,204.0301,973.3939,202.2188
11.7205,1,995.3235,222.7383,984.3588,212.4785
11.72751,1,995.3235,222.7383,989.8412,217.6084
11.73924,1,995.3235,222.7383,992.5824,220.1733
11.75153,1,1125.971,341.7496,1059.277,280.9615
11.76183,1,1125.971,341.7496,1092.624,311.3555
11.77127,1,1125.971,341.7496,1109.298,326.5526
11.78454,1,1309.18,505.5039,1209.239,416.0282
11.79339,1,1309.18,505.5039,1259.21,460.7661
11.80829,1,1411.331,602.6371,1335.271,531.7016
11.81883,1,1411.331,602.6371,1373.301,567.1694
11.82801,1,1411.331,602.6371,1392.316,584.9033
11.84843,1,1456.74,642.1956,1424.528,613.5494
11.8579,1,1456.74,642.1956,1440.634,627.8725
11.87041,1,1476.647,660.0505,1458.641,643.9615
11.88057,1,1476.647,660.0505,1467.644,652.006
11.88943,1,1476.647,660.0505,1472.145,656.0283
11.90507,1,1486.316,666.6837,1479.231,661.356
11.91635,1,1486.316,666.6837,1482.773,664.0199
11.92857,1,1491.04,668.019,1486.907,666.0194
11.93738,1,1491.04,668.019,1488.973,667.0192
11.94812,1,1491.04,668.019,1490.007,667.519
11.95923,1,1493.905,670.5001,1491.956,669.0096
11.96944,1,1493.905,670.5001,1492.931,669.7549
11.98306,1,1496.774,672.2052,1494.853,670.98
11.99608,1,1496.774,672.2052,1495.813,671.5927
12.00261,1,1496.774,672.2052,1496.294,671.8989
12.01684,1,1498.186,671.2771,1497.24,671.588
12.0239,1,1498.186,671.2771,1497.713,671.4326
12.0361,1,1498.186,671.2771,1497.95,671.3549
12.04411,1,1499.727,673.5902,1498.839,672.4725
12.05713,1,1499.727,673.5902,1499.283,673.0314
12.06744,1,1499.727,673.5902,1499.505,673.3108
12.07994,1,1502.274,677.1373,1500.89,675.224
12.08959,1,1502.274,677.1373,1501.582,676.1807
12.10248,1,1502.274,677.1373,1501.928,676.6589
12.11146,1,1504.105,678.9075,1503.017,677.7832
12.12335,1,1504.105,678.9075,1503.561,678.3453
12.13424,1,1504.511,679.5404,1504.036,678.9429
12.14315,1,1504.511,679.5404,1504.273,679.2416
12.17109,1,1504.386,680.1944,1504.33,679.718
12.18015,1,1504.386,680.1944,1504.358,679.9562
12.18588,1,1504.386,680.1944,1504.372,680.0753
12.19629,1,1504.711,680.8445,1504.542,680.4599
12.2068,1,1504.711,680.8445,1504.626,680.6522
12.2192,1,1504.711,680.8445,1504.669,680.7484
12.22769,1,1505.191,681.5609,1504.93,681.1547
12.23763,1,1505.191,681.5609,1505.06,681.3578
12.24922,1,1505.191,681.5609,1505.125,681.4594
12.26001,1,1505.339,682.0483,1505.232,681.7538
12.27048,1,1505.339,682.0483,1505.285,681.901
12.28427,1,1505.339,682.0483,1505.312,681.9746
12.29395,1,1505.68,683.0956,1505.496,682.5352
12.30385,1,1505.68,683.0956,1505.588,682.8154
12.31668,1,1505.334,684.0626,1505.461,683.439
12.32575,1,1505.334,684.0626,1505.397,683.7507
12.33706,1,1505.334,684.0626,1505.365,683.9066
12.36167,1,1504.911,685.4116,1505.138,684.6591
12.36779,1,1504.911,685.4116,1505.024,685.0354
12.37998,1,1504.711,685.9175,1504.868,685.4764
12.39025,1,1504.711,685.9175,1504.79,685.697
12.40333,1,1504.711,685.9175,1504.75,685.8073
12.41581,1,1503.628,686.1804,1504.189,685.9938
12.42439,1,1503.628,686.1804,1503.909,686.0872
12.43704,1,1501.435,686.0074,1502.672,686.0472
12.44794,1,1501.435,686.0074,1502.054,686.0273
12.4587,1,1501.435,686.0074,1501.745,686.0173
12.469,1,1499.455,685.3858,1500.6,685.7015
12.48434,1,1499.455,685.3858,1500.028,685.5437
12.49124,1,1499.455,685.3858,1499.742,685.4647
12.50355,1,1497.591,684.4032,1498.667,684.934
12.51424,1,1497.591,684.4032,1498.129,684.6686
12.52477,1,1497.591,684.4032,1497.86,684.5359
12.53684,1,1495.681,683.5533,1496.771,684.0446
12.54708,1,1495.681,683.5533,1496.226,683.799
12.55931,1,1493.331,682.3751,1494.778,683.087
12.56778,1,1493.331,682.3751,1494.055,682.7311
12.57815,1,1493.331,682.3751,1493.693,682.5531
12.58934,1,1490.952,681.2565,1492.322,681.9048
12.60376,1,1490.952,681.2565,1491.637,681.5806
12.61217,1,1490.952,681.2565,1491.294,681.4186
12.62695,1,1488.125,680.2369,1489.709,680.8278
12.63702,1,1488.125,680.2369,1488.917,680.5323
12.64707,1,1488.125,680.2369,1488.521,680.3846
12.65735,1,1484.865,679.6103,1486.693,679.9974
12.66833,1,1484.865,679.6103,1485.779,679.8038
12.67979,1,1482.371,678.879,1484.075,679.3414
12.69086,1,1482.371,678.879,1483.223,679.1102
12.70233,1,1482.371,678.879,1482.797,678.9946
12.71202,1,1480.201,677.7615,1481.499,678.3781
12.72361,1,1480.201,677.7615,1480.85,678.0698
12.73381,1,1480.201,677.7615,1480.525,677.9156
12.7438,1,1478.101,676.6168,1479.313,677.2662
12.75536,1,1478.101,676.6168,1478.707,676.9415
12.76622,1,1478.101,676.6168,1478.404,676.7792
12.77676,1,1476.078,675.5418,1477.241,676.1605
12.78869,1,1476.078,675.5418,1476.659,675.8512
12.80258,1,1473.983,674.168,1475.321,675.0096
12.81039,1,1473.983,674.168,1474.652,674.5887
12.82357,1,1473.983,674.168,1474.318,674.3784
12.83404,1,1471.908,673.1733,1473.113,673.7759
12.84231,1,1471.908,673.1733,1472.51,673.4746
12.85621,1,1471.908,673.1733,1472.209,673.324
12.86558,1,1470.573,672.302,1471.391,672.813
12.87604,1,1470.573,672.302,1470.982,672.5575
12.88837,1,1470.573,672.302,1470.777,672.4297
12.90136,1,1468.973,671.7178,1469.875,672.0737
12.9111,1,1468.973,671.7178,1469.424,671.8958
12.9242,1,1467.189,670.7985,1468.306,671.3471
12.93617,1,1467.189,670.7985,1467.748,671.0728
12.94628,1,1467.189,670.7985,1467.468,670.9356
12.95906,1,1465.737,669.4631,1466.603,670.1993
12.96881,1,1465.737,669.4631,1466.17,669.8312
12.98113,1,1463.863,668.3587,1465.017,669.095
12.99186,1,1463.863,668.3587,1464.44,668.7268
13.00437,1,1463.863,668.3587,1464.152,668.5427
13.01734,1,1462.208,667.566,1463.18,668.0544
13.0258,1,1462.208,667.566,1462.694,667.8102
13.04019,1,1462.208,667.566,1462.451,667.6881
13.05225,1,1460.427,666.196,1461.439,666.942
13.06348,1,1460.427,666.196,1460.933,666.569
13.0739,1,1459.028,665.3252,1459.98,665.9471
13.08611,1,1459.028,665.3252,1459.504,665.6361
13.09655,1,1459.028,665.3252,1459.266,665.4807
13.1069,1,1457.962,664.3904,1458.614,664.9355
13.12105,1,1457.962,664.3904,1458.288,664.663
13.13144,1,1456.709,663.704,1457.499,664.1835
13.14626,1,1456.709,663.704,1457.104,663.9437
13.15804,1,1456.709,663.704,1456.906,663.8239
13.16603,1,1455.361,663.3552,1456.134,663.5895
13.17955,1,1455.361,663.3552,1455.748,663.4724
13.18793,1,1455.361,663.3552,1455.554,663.4138
13.19791,1,1454.231,663.1223,1454.893,663.2681
13.20941,1,1454.231,663.1223,1454.562,663.1952
13.22081,1,1454.231,663.1223,1454.397,663.1587
13.2281,1,1453.123,662.7338,1453.76,662.9463
13.24405,1,1453.123,662.7338,1453.441,662.8401
13.25348,1,1451.858,664.5418,1452.65,663.6909
13.26279,1,1451.858,664.5418,1452.254,664.1163
13.27558,1,1451.858,664.5418,1452.056,664.3291
13.2853,1,1450.774,678.131,1451.415,671.23
13.29742,1,1450.774,678.131,1451.094,674.6805
13.30707,1,1450.774,678.131,1450.934,676.4058
13.32876,1,1450.323,703.9742,1450.629,690.19
13.33914,1,1450.323,703.9742,1450.476,697.0822
13.34788,1,1449.658,730.5005,1450.067,713.7914
13.35776,1,1449.658,730.5005,1449.863,722.146
13.36856,1,1449.658,730.5005,1449.76,726.3232
13.38114,1,1449.519,752.4128,1449.64,739.368
13.39058,1,1449.519,752.4128,1449.579,745.8904
13.4013,1,1449.519,752.4128,1449.549,749.1516
13.41222,1,1449.734,770.4214,1449.642,759.7865
13.42383,1,1449.734,770.4214,1449.688,765.1039
13.43429,1,1449.711,782.4602,1449.7,773.7821
13.44457,1,1449.711,782.4602,1449.705,778.1212
13.45521,1,1449.711,782.4602,1449.708,780.2906
13.46533,1,1450.213,791.8553,1449.961,786.073
13.47758,1,1450.213,791.8553,1450.087,788.9641
13.48559,1,1450.213,791.8553,1450.15,790.4097
13.50119,1,1450.903,798.0225,1450.526,794.2161
13.50879,1,1450.903,798.0225,1450.715,796.1193
13.52191,1,1450.903,798.0225,1450.809,797.0709
13.53187,1,1408.038,794.9321,1429.423,796.0015
13.54408,1,1408.038,794.9321,1418.731,795.4668
13.55539,1,1251.411,782.7274,1335.071,789.097
13.56627,1,1251.411,782.7274,1293.241,785.9122
13.57954,1,1251.411,782.7274,1272.326,784.3198
13.58767,1,975.9109,746.1145,1124.118,765.2172
13.60032,1,975.9109,746.1145,1050.015,755.6658
13.61202,1,975.9109,746.1145,1012.963,750.8901
13.6215,1,779.0845,714.0551,896.0236,732.4727
13.63361,1,779.0845,714.0551,837.5541,723.2639
13.64308,1,779.0845,714.0551,808.3193,718.6595
13.65534,1,678.3459,700.2258,743.3326,709.4426
13.66411,1,678.3459,700.2258,710.8393,704.8342
13.67709,1,631.3358,692.1398,671.0875,698.4871
13.68668,1,631.3358,692.1398,651.2117,695.3135
13.70377,1,631.3358,692.1398,641.2737,693.7267
13.71068,1,608.3043,689.5893,624.789,691.658
13.71943,1,608.3043,689.5893,616.5466,690.6237
13.72773,1,608.3043,689.5893,612.4255,690.1064
13.7415,1,595.2225,689.877,603.824,689.9917
13.75058,1,595.2225,689.877,599.5233,689.9343
13.76157,1,595.2225,689.877,597.3729,689.9056
13.77015,1,588.0602,688.392,592.7166,689.1488
13.78483,1,588.0602,688.392,590.3884,688.7704
13.79601,1,583.2637,687.8356,586.826,688.303
13.80312,1,583.2637,687.8356,585.0449,688.0693
13.82148,1,583.2637,687.8356,584.1543,687.9525
13.82825,1,632.2244,697.4451,608.1893,692.6988
13.83954,1,632.2244,697.4451,620.2069,695.0719
13.85057,1,632.2244,697.4451,626.2157,696.2585
13.86012,1,751.0777,718.7287,688.6467,707.4936
13.87174,1,751.0777,718.7287,719.8622,713.1111
13.88425,1,751.0777,718.7287,735.47,715.9199
13.89473,1,1044.042,760.5015,889.7561,738.2107
13.90816,1,1044.042,760.5015,966.8992,749.3561
13.91951,1,1257.008,790.4993,1111.954,769.9277
13.92667,1,1257.008,790.4993,1184.481,780.2135
13.94129,1,1257.008,790.4993,1220.745,785.3564
13.95186,1,1369.356,805.5892,1295.05,795.4728
13.9613,1,1369.356,805.5892,1332.203,800.531
13.97376,1,1369.356,805.5892,1350.779,803.0601
13.98565,1,1423.171,809.7271,1386.975,806.3936
13.99431,1,1423.171,809.7271,1405.073,808.0603
14.00462,1,1423.171,809.7271,1414.122,808.8937
14.02174,1,1450.037,812.4706,1432.08,810.6821
14.04862,1,1462.415,813.2972,1447.248,811.9896
14.0561,1,1462.415,813.2972,1454.832,812.6434
14.06341,1,1462.415,813.2972,1458.624,812.9703
14.07427,1,1470.143,813.7549,1464.383,813.3626
14.08441,1,1470.143,813.7549,1467.263,813.5587
14.09552,1,1470.143,813.7549,1468.703,813.6568
14.10606,1,1475.365,812.7304,1472.034,813.1936
14.11762,1,1475.365,812.7304,1473.7,812.962
14.12758,1,1475.365,812.7304,1474.533,812.8462
14.14283,1,1480.966,812.1121,1477.749,812.4791
14.14971,1,1480.966,812.1121,1479.358,812.2957
14.16196,1,1485.82,813.3517,1482.589,812.8237
14.17479,1,1485.82,813.3517,1484.204,813.0878
14.18554,1,1485.82,813.3517,1485.012,813.2197
14.1968,1,1489.23,814.6951,1487.121,813.9574
14.20714,1,1489.23,814.6951,1488.176,814.3263
14.21909,1,1490.569,817.2315,1489.373,815.7789
14.22809,1,1490.569,817.2315,1489.971,816.5052
14.24139,1,1490.569,817.2315,1490.27,816.8684
14.25051,1,1492.306,818.3106,1491.288,817.5895
14.26166,1,1492.306,818.3106,1491.797,817.9501
14.27388,1,1492.306,818.3106,1492.052,818.1304
14.28314,1,1494.14,819.4059,1493.096,818.7682
14.295,1,1494.14,819.4059,1493.618,819.087
14.30713,1,1494.14,819.4059,1493.879,819.2465
14.31799,1,1496.066,821.7044,1494.973,820.4755
14.32724,1,1496.066,821.7044,1495.52,821.09
14.33813,1,1496.066,821.7044,1495.793,821.3972
14.34796,1,1497.581,822.9798,1496.687,822.1885
14.35976,1,1497.581,822.9798,1497.134,822.5841
14.37088,1,1501.434,823.1663,1499.284,822.8752
14.38419,1,1501.434,823.1663,1500.359,823.0208
14.39434,1,1501.434,823.1663,1500.897,823.0935
14.40521,1,1507.159,821.0297,1504.028,822.0616
14.41705,1,1507.159,821.0297,1505.593,821.5457
14.4264,1,1507.159,821.0297,1506.376,821.2877
14.43733,1,1511.583,818.8707,1508.98,820.0792
14.44544,1,1511.583,818.8707,1510.281,819.475
14.45778,1,1511.583,818.8707,1510.932,819.1729
14.46838,1,1515.005,817.0006,1512.969,818.0867
14.47884,1,1515.005,817.0006,1513.987,817.5437
14.48964,1,1515.005,817.0006,1514.496,817.2722
14.50315,1,1518.237,815.3428,1516.366,816.3075
14.5159,1,1518.237,815.3428,1517.302,815.8251
14.52497,1,1521.999,813.8291,1519.65,814.8271
14.53732,1,1521.999,813.8291,1520.824,814.3281
14.54772,1,1521.999,813.8291,1521.412,814.0786
14.55771,1,1525.407,812.6741,1523.409,813.3763
14.56825,1,1525.407,812.6741,1524.408,813.0252
14.57994,1,1525.407,812.6741,1524.908,812.8496
14.58968,1,1528.809,811.6718,1526.859,812.2607
14.60546,1,1528.809,811.6718,1527.834,811.9663
14.61557,1,1531.72,811.3885,1529.777,811.6774
14.62439,1,1531.72,811.3885,1530.749,811.533
14.63679,1,1531.72,811.3885,1531.234,811.4607
14.64846,1,1533.893,811.2068,1532.564,811.3337
14.6617,1,1533.893,811.2068,1533.229,811.2703
14.67051,1,1533.893,811.2068,1533.561,811.2385
14.67951,1,1535.62,810.756,1534.591,810.9973
14.6953,1,1535.62,810.756,1535.106,810.8766
14.70397,1,1537.352,810.3091,1536.229,810.5928
14.71181,1,1537.352,810.3091,1536.791,810.4509
14.72648,1,1537.352,810.3091,1537.072,810.38
14.73643,1,1538.467,809.4985,1537.769,809.9393
14.74434,1,1538.467,809.4985,1538.118,809.7189
14.75796,1,1538.467,809.4985,1538.293,809.6087
14.77046,1,1539.838,808.437,1539.065,809.0228
14.77908,1,1539.838,808.437,1539.452,808.7299
14.78905,1,1539.838,808.437,1539.645,808.5834
14.80392,1,1541.678,807.8447,1540.661,808.2141
14.81055,1,1541.678,807.8447,1541.169,808.0294
14.82317,1,1543.323,807.4633,1542.246,807.7463
14.8388,1,1543.323,807.4633,1542.785,807.6048
14.84808,1,1543.323,807.4633,1543.054,807.5341
14.8594,1,1544.616,806.4389,1543.835,806.9865
14.87423,1,1544.616,806.4389,1544.226,806.7126
14.88166,1,1544.616,806.4389,1544.421,806.5758
14.89162,1,1545.796,805.4139,1545.109,805.9949
14.90633,1,1545.796,805.4139,1545.452,805.7044
14.91733,1,1549.16,803.2994,1547.306,804.5019
14.92645,1,1549.16,803.2994,1548.233,803.9006
14.94037,1,1549.16,803.2994,1548.697,803.6
14.94945,1,1553.592,802.0357,1551.145,802.8179
14.96518,1,1553.592,802.0357,1552.369,802.4268
14.97193,1,1553.592,802.0357,1552.98,802.2312
14.98545,1,1557.53,800.9006,1555.255,801.5659
14.99671,1,1557.53,800.9006,1556.393,801.2333
15.00479,1,1561.364,799.8058,1558.878,800.5195
15.01971,1,1561.364,799.8058,1560.121,800.1627
15.02649,1,1561.364,799.8058,1560.742,799.9843
15.03921,1,1565.327,798.7409,1563.035,799.3625
15.05013,1,1565.327,798.7409,1564.181,799.0518
15.06518,1,1568.297,797.6237,1566.239,798.3378
15.07466,1,1568.297,797.6237,1567.268,797.9807
15.08595,1,1568.297,797.6237,1567.782,797.8022
15.09762,1,1570.949,796.787,1569.366,797.2946
15.10826,1,1570.949,796.787,1570.157,797.0408
15.11828,1,1570.949,796.787,1570.553,796.9139
15.12903,1,1573.5,796.3417,1572.027,796.6278
15.14248,1,1573.5,796.3417,1572.763,796.4847
15.14972,1,1573.5,796.3417,1573.131,796.4132
15.16284,1,1576.467,795.1016,1574.799,795.7574
15.17079,1,1576.467,795.1016,1575.633,795.4294
15.1836,1,1576.467,795.1016,1576.05,795.2655
15.19586,1,1579.844,792.7838,1577.947,794.0247
15.20474,1,1579.844,792.7838,1578.895,793.4042
15.21698,1,1583.088,791.2075,1580.992,792.3058
15.2276,1,1583.088,791.2075,1582.04,791.7566
15.23927,1,1583.088,791.2075,1582.564,791.4821
15.2503,1,1586.231,790.3621,1584.397,790.9221
15.26139,1,1586.231,790.3621,1585.314,790.6421
15.27065,1,1586.231,790.3621,1585.772,790.5021
15.28211,1,1589.591,789.871,1587.682,790.1865
15.29049,1,1589.591,789.871,1588.636,790.0288
15.30364,1,1589.591,789.871,1589.114,789.95
15.31437,1,1592.71,789.2056,1590.912,789.5778
15.32328,1,1592.71,789.2056,1591.811,789.3917
15.33637,1,1595.035,788.4971,1593.423,788.9443
15.34723,1,1595.035,788.4971,1594.229,788.7207
15.35765,1,1595.035,788.4971,1594.632,788.6089
15.36857,1,1597.791,787.3893,1596.212,787.9991
15.37875,1,1597.791,787.3893,1597.001,787.6942
15.39094,1,1597.791,787.3893,1597.396,787.5417
15.40147,1,1600.238,786.2767,1598.817,786.9092
15.41075,1,1600.238,786.2767,1599.527,786.593
15.42384,1,1600.238,786.2767,1599.882,786.4349
15.43403,1,1602.65,785.7809,1601.266,786.1079
15.44359,1,1602.65,785.7809,1601.958,785.9444
15.45613,1,1602.65,785.7809,1602.304,785.8627
15.46529,1,1604.781,784.9212,1603.543,785.392
15.4756,1,1604.781,784.9212,1604.162,785.1566
15.48676,1,1604.781,784.9212,1604.472,785.0389
15.49715,1,1606.811,784.2559,1605.641,784.6475
15.5059,1,1606.811,784.2559,1606.226,784.4517
15.52075,1,1608.865,783.3278,1607.545,783.8897
15.52862,1,1608.865,783.3278,1608.205,783.6088
15.53946,1,1608.865,783.3278,1608.535,783.4683
15.55108,1,1610.959,781.4189,1609.747,782.4436
15.56315,1,1610.959,781.4189,1610.353,781.9313
15.57167,1,1610.959,781.4189,1610.656,781.6751
15.58453,1,1613.087,779.6556,1611.872,780.6653
15.59623,1,1613.087,779.6556,1612.479,780.1605
15.60361,1,1613.087,779.6556,1612.783,779.908
15.61725,1,1629.59,763.9756,1621.187,771.9418
15.62712,1,1629.59,763.9756,1625.388,767.9587
15.6362,1,1629.59,763.9756,1627.489,765.9672
15.64645,1,1629.597,763.8978,1628.543,764.9325
15.66171,1,1629.597,763.8978,1629.07,764.4152
15.67086,1,1629.737,763.6945,1629.404,764.0548
15.68459,1,1629.737,763.6945,1629.57,763.8746
15.69158,1,1629.737,763.6945,1629.653,763.7845
15.70429,1,1629.863,763.475,1629.758,763.6298
15.71548,1,1629.863,763.475,1629.81,763.5524
15.72373,1,1629.863,763.475,1629.837,763.5137
15.73729,1,1629.983,763.3874,1629.91,763.4506
15.74727,1,1629.983,763.3874,1629.947,763.4189
15.75863,1,1629.983,763.3874,1629.965,763.4032
15.76917,1,1630.248,763.1667,1630.107,763.2849
15.78355,1,1630.248,763.1667,1630.177,763.2258
15.79205,1,1630.61,762.8077,1630.394,763.0168
15.80374,1,1630.61,762.8077,1630.502,762.9122
15.81518,1,1630.61,762.8077,1630.556,762.86
15.83048,1,1631.059,762.5731,1630.807,762.7166
15.83871,1,1631.059,762.5731,1630.933,762.6448
15.8478,1,1631.059,762.5731,1630.996,762.6089
15.86303,1,1631.464,762.2113,1631.23,762.4101
15.86952,1,1631.464,762.2113,1631.347,762.3107
15.88158,1,1631.971,761.9068,1631.659,762.1088
15.89193,1,1631.971,761.9068,1631.815,762.0078
15.90285,1,1631.971,761.9068,1631.893,761.9573
15.9133,1,1632.491,761.3535,1632.192,761.6554
15.92328,1,1632.491,761.3535,1632.342,761.5045
15.93379,1,1632.491,761.3535,1632.416,761.429
15.94244,1,1633.076,760.356,1632.746,760.8925
15.95786,1,1633.076,760.356,1632.911,760.6242
15.96665,1,1633.076,760.356,1632.993,760.4901
15.9784,1,1633.949,758.6339,1633.471,759.562
15.99204,1,1633.949,758.6339,1633.71,759.0979
16.00335,1,1635.012,757.3002,1634.361,758.199
16.01644,1,1635.012,757.3002,1634.686,757.7496
16.02253,1,1635.012,757.3002,1634.849,757.5249
16.03504,1,1636.358,755.5435,1635.604,756.5342
16.04758,1,1636.358,755.5435,1635.981,756.0388
16.05658,1,1636.358,755.5435,1636.169,755.7911
16.06742,1,1637.887,753.9319,1637.028,754.8615
16.08014,1,1637.887,753.9319,1637.458,754.3967
16.08817,1,1637.887,753.9319,1637.672,754.1643
16.10285,1,1639.253,752.017,1638.462,753.0907
16.11081,1,1639.253,752.017,1638.857,752.5538
16.12558,1,1641.15,749.8575,1640.004,751.2057
16.13649,1,1641.15,749.8575,1640.577,750.5316
16.14511,1,1641.15,749.8575,1640.864,750.1946
16.16327,1,1642.43,747.7259,1641.647,748.9602
16.17035,1,1642.43,747.7259,1642.038,748.343
16.18034,1,1642.43,747.7259,1642.234,748.0344
16.19419,1,1644.068,745.978,1643.151,747.0062
16.20172,1,1644.068,745.978,1643.609,746.4921
16.21478,1,1644.989,744.2188,1644.299,745.3554
16.22359,1,1644.989,744.2188,1644.644,744.7871
16.23534,1,1644.989,744.2188,1644.817,744.5029
16.24616,1,1646.08,742.6201,1645.449,743.5615
16.2594,1,1646.08,742.6201,1645.764,743.0908
16.26932,1,1646.08,742.6201,1645.922,742.8555
16.28182,1,1646.142,740.7964,1646.032,741.8259
16.29097,1,1646.142,740.7964,1646.087,741.3112
16.30443,1,1644.114,737.5531,1645.1,739.4321
16.3179,1,1644.114,737.5531,1644.607,738.4926
16.32549,1,1644.114,737.5531,1644.36,738.0228
16.33741,1,1641.409,733.5915,1642.885,735.8071
16.35065,1,1641.409,733.5915,1642.147,734.6993
16.36338,1,1638.729,729.4232,1640.438,732.0613
16.37737,1,1638.729,729.4232,1639.583,730.7422
16.38444,1,1638.729,729.4232,1639.156,730.0828
16.39428,1,1636.929,725.8491,1638.042,727.9659
16.41547,1,1636.929,725.8491,1637.486,726.9075
16.42183,1,1636.929,725.8491,1637.207,726.3783
16.43089,1,1634.851,723.261,1636.029,724.8196
16.43996,1,1634.851,723.261,1635.44,724.0403
16.45428,1,1632.938,721.5157,1634.189,722.778
16.4618,1,1632.938,721.5157,1633.563,722.1469
16.47971,1,1632.938,721.5157,1633.251,721.8313
16.48642,1,1631.407,719.7742,1632.329,720.8027
16.49989,1,1631.407,719.7742,1631.868,720.2885
16.51214,1,1631.407,719.7742,1631.637,720.0314
16.52177,1,1630.462,717.9311,1631.05,718.9812
16.53185,1,1630.462,717.9311,1630.756,718.4562
16.54685,1,1619.458,708.8411,1625.107,713.6486
16.55714,1,1619.458,708.8411,1622.282,711.2449
16.56869,1,1619.458,708.8411,1620.87,710.043
16.58209,1,1605.488,695.8166,1613.179,702.9298
16.59119,1,1605.488,695.8166,1609.333,699.3732
16.60391,1,1605.488,695.8166,1607.411,697.5948
16.61953,1,1593.944,684.829,1600.677,691.2119
16.62656,1,1593.944,684.829,1597.311,688.0205
16.63995,1,1584.303,676.4721,1590.807,682.2463
16.65161,1,1584.303,676.4721,1587.555,679.3593
16.66319,1,1584.303,676.4721,1585.929,677.9156
16.67048,1,1576.378,669.4264,1581.153,673.671
16.68446,1,1576.378,669.4264,1578.765,671.5487
16.69159,1,1576.378,669.4264,1577.572,670.4875
16.70376,1,1569.577,663.9485,1573.574,667.218
16.73156,1,1484.127,648.9099,1528.851,658.064
16.74419,1,1484.127,648.9099,1506.489,653.4869
16.74974,1,1484.127,648.9099,1495.308,651.1984
16.75702,1,1148.754,601.1196,1322.031,626.159
16.76807,1,1148.754,601.1196,1235.392,613.6393
16.78119,1,1148.754,601.1196,1192.073,607.3794
16.78975,1,755.4344,551.9292,973.7537,579.6543
16.80376,1,755.4344,551.9292,864.594,565.7917
16.81175,1,755.4344,551.9292,810.0142,558.8605
16.82381,1,552.3104,523.2894,681.1622,541.075
16.8359,1,552.3104,523.2894,616.7363,532.1822
16.84584,1,552.3104,523.2894,584.5233,527.7358
16.85754,1,468.4649,511.0317,526.4941,519.3838
16.8795,1,431.6717,507.1497,479.0829,513.2667
16.8852,1,431.6717,507.1497,455.3773,510.2082
16.89214,1,431.6717,507.1497,443.5245,508.6789
16.90335,1,431.6717,507.1497,437.5981,507.9143
16.91437,1,414.8022,503.1667,426.2001,505.5405
16.92455,1,414.8022,503.1667,420.5012,504.3536
16.93684,1,414.8022,503.1667,417.6517,503.7601
16.94655,1,427.6344,519.2475,422.643,511.5038
16.95931,1,427.6344,519.2475,425.1387,515.3757
16.96937,1,444.0288,530.1829,434.5837,522.7793
16.98259,1,444.0288,530.1829,439.3063,526.4811
16.99115,1,444.0288,530.1829,441.6675,528.332
17.00435,1,453.3941,536.2848,447.5308,532.3083
17.01685,1,453.3941,536.2848,450.4625,534.2966
17.02446,1,453.3941,536.2848,451.9283,535.2906
17.03938,1,459.1082,539.2952,455.5182,537.293
17.05043,1,459.1082,539.2952,457.3132,538.2941
17.06081,1,479.4261,543.5806,468.3697,540.9373
17.0705,1,479.4261,543.5806,473.8979,542.2589
17.08269,1,479.4261,543.5806,476.662,542.9197
17.09011,1,535.0345,551.097,505.8483,547.0084
17.10341,1,535.0345,551.097,520.4414,549.0527
17.11016,1,535.0345,551.097,527.738,550.0749
17.12291,1,830.2687,571.9574,679.0034,561.0161
17.13548,1,830.2687,571.9574,754.636,566.4868
17.14322,1,830.2687,571.9574,792.4524,569.222
17.15502,1,1201.173,588.4066,996.8127,578.8143
17.16748,1,1201.173,588.4066,1098.993,583.6105
17.17721,1,1201.173,588.4066,1150.083,586.0085
17.1898,1,1405.182,594.0857,1277.632,590.0471
17.20339,1,1405.182,594.0857,1341.407,592.0664
17.21395,1,1491.039,595.5798,1416.223,593.8231
17.22425,1,1491.039,595.5798,1453.631,594.7014
17.23472,1,1491.039,595.5798,1472.335,595.1406
17.24372,1,1526.863,595.9259,1499.599,595.5333
17.25564,1,1526.863,595.9259,1513.231,595.7296
17.26672,1,1526.863,595.9259,1520.047,595.8278
17.27761,1,1542.284,593.6857,1531.166,594.7567
17.28743,1,1542.284,593.6857,1536.725,594.2212
17.30155,1,1550.965,590.1418,1543.845,592.1815
17.31549,1,1550.965,590.1418,1547.405,591.1617
17.32355,1,1550.965,590.1418,1549.185,590.6517
17.33888,1,1555.571,590.4106,1552.378,590.5311
17.35148,1,1555.571,590.4106,1553.974,590.4708
17.35914,1,1555.571,590.4106,1554.773,590.4407
17.3679,1,1556.507,588.0699,1555.64,589.2553
17.37996,1,1556.507,588.0699,1556.073,588.6626
17.39032,1,1556.507,588.0699,1556.29,588.3663
17.4021,1,1555.943,584.7101,1556.116,586.5382
17.41005,1,1555.943,584.7101,1556.03,585.6241
17.42326,1,1556.313,586.2879,1556.171,585.9561
17.43498,1,1556.313,586.2879,1556.242,586.1219
17.44856,1,1556.313,586.2879,1556.278,586.205
17.46088,1,1556.141,586.1209,1556.209,586.163
17.46858,1,1556.141,586.1209,1556.175,586.142
17.48233,1,1556.151,585.8674,1556.163,586.0046
17.49123,1,1556.151,585.8674,1556.157,585.936
17.50329,1,1556.151,585.8674,1556.154,585.9017
17.51243,1,1556.471,585.2963,1556.312,585.599
17.52533,1,1556.471,585.2963,1556.392,585.4476
17.53852,1,1556.471,585.2963,1556.431,585.3719
17.54836,1,1556.723,585.3213,1556.577,585.3466
17.55899,1,1556.723,585.3213,1556.65,585.334
17.57005,1,1556.723,585.3213,1556.687,585.3276
17.58344,1,1556.454,585.8522,1556.571,585.5899
17.59214,1,1556.454,585.8522,1556.512,585.7211
17.60536,1,1556.354,586.2818,1556.433,586.0015
17.61656,1,1556.354,586.2818,1556.394,586.1416
17.62585,1,1556.354,586.2818,1556.374,586.2117
17.63775,1,1556.661,586.5544,1556.518,586.3831
17.64823,1,1556.661,586.5544,1556.589,586.4688
17.65911,1,1556.661,586.5544,1556.625,586.5116
17.66993,1,1556.746,586.865,1556.686,586.6883
17.6835,1,1556.746,586.865,1556.716,586.7766
17.69383,1,1556.491,587.0773,1556.604,586.9269
17.70394,1,1556.491,587.0773,1556.547,587.0021
17.71565,1,1556.491,587.0773,1556.519,587.0397
17.72272,1,1556.258,587.152,1556.389,587.0958
17.73464,1,1556.258,587.152,1556.323,587.1239
17.74296,1,1556.258,587.152,1556.291,587.1379
17.75483,1,1555.814,586.9216,1556.052,587.0298
17.76295,1,1555.814,586.9216,1555.933,586.9757
17.77596,1,1555.814,586.9216,1555.874,586.9487
17.785,1,1555.548,586.3184,1555.711,586.6335
17.79711,1,1555.548,586.3184,1555.629,586.476
17.81141,1,1555.548,586.3184,1555.588,586.3972
17.82036,1,1555.218,585.8727,1555.403,586.135
17.82964,1,1555.218,585.8727,1555.311,586.0039
17.84507,1,1554.65,585.4729,1554.98,585.7384
17.85214,1,1554.65,585.4729,1554.815,585.6057
17.8652,1,1554.65,585.4729,1554.732,585.5393
17.87854,1,1553.865,584.715,1554.298,585.1271
17.88859,1,1553.865,584.715,1554.082,584.921
17.89862,1,1553.865,584.715,1553.973,584.818
17.90971,1,1553.144,583.5146,1553.559,584.1663
17.92288,1,1553.144,583.5146,1553.352,583.8405
17.9298,1,1553.144,583.5146,1553.248,583.6776
17.94345,1,1552.669,582.0944,1552.958,582.886
17.95655,1,1552.669,582.0944,1552.814,582.4902
17.96959,1,1552.403,581.0432,1552.608,581.7667
17.97916,1,1552.403,581.0432,1552.506,581.4049
17.98901,1,1552.403,581.0432,1552.455,581.224
18.00291,1,1552.113,580.3785,1552.284,580.8013
18.01206,1,1552.113,580.3785,1552.198,580.5898
18.02127,1,1552.113,580.3785,1552.156,580.4841
18.0304,1,1551.642,579.862,1551.899,580.1731
18.04388,1,1551.642,579.862,1551.77,580.0176
18.05487,1,1551.642,579.862,1551.706,579.9398
18.06491,1,1551.516,579.7363,1551.611,579.838
18.07886,1,1551.516,579.7363,1551.563,579.7871
18.08516,1,1551.217,579.6624,1551.39,579.7247
18.09697,1,1551.217,579.6624,1551.304,579.6935
18.10945,1,1551.217,579.6624,1551.261,579.678
18.12108,1,1551.257,579.8663,1551.259,579.7721
18.1305,1,1551.257,579.8663,1551.258,579.8192
18.14332,1,1551.257,579.8663,1551.257,579.8428
18.15374,1,1550.742,580.4706,1551,580.1567
18.16561,1,1550.742,580.4706,1550.871,580.3137
18.17643,1,1549.732,582.9083,1550.302,581.611
18.18662,1,1549.732,582.9083,1550.017,582.2596
18.20003,1,1549.732,582.9083,1549.874,582.584
18.20764,1,1548.105,587.9982,1548.99,585.2911
18.22208,1,1548.105,587.9982,1548.548,586.6447
18.23379,1,1548.105,587.9982,1548.327,587.3214
18.24277,1,1544.672,595.9135,1546.5,591.6174
18.25425,1,1544.672,595.9135,1545.586,593.7655
18.26718,1,1540.708,603.8419,1543.147,598.8037
18.27665,1,1540.708,603.8419,1541.927,601.3228
18.28764,1,1540.708,603.8419,1541.318,602.5823
18.29957,1,1536.929,610.8313,1539.123,606.7068
18.31408,1,1536.929,610.8313,1538.026,608.769
18.32068,1,1536.929,610.8313,1537.478,609.8002
18.33154,1,1532.984,617.68,1535.231,613.7401
18.34597,1,1532.984,617.68,1534.107,615.7101
18.35557,1,1532.984,617.68,1533.545,616.6951
18.36452,1,1528.626,623.4999,1531.086,620.0975
18.38164,1,1528.626,623.4999,1529.856,621.7987
18.38984,1,1526.49,627.9104,1528.173,624.8546
18.40574,1,1526.49,627.9104,1527.332,626.3824
18.43238,1,1523.971,632.2485,1525.652,629.3155
18.44349,1,1523.971,632.2485,1524.812,630.782
18.44948,1,1520.843,636.0907,1522.827,633.4363
18.46114,1,1520.843,636.0907,1521.835,634.7635
18.47124,1,1520.843,636.0907,1521.339,635.4271
18.4847,1,1518.104,640.0817,1519.721,637.7544
18.49561,1,1518.104,640.0817,1518.912,638.918
18.50618,1,1518.104,640.0817,1518.508,639.4999
18.51856,1,1515.726,643.0901,1517.117,641.295
18.52832,1,1515.726,643.0901,1516.421,642.1926
18.54067,1,1513.392,646.2921,1514.906,644.2423
18.55052,1,1513.392,646.2921,1514.149,645.2672
18.56235,1,1513.392,646.2921,1513.771,645.7797
18.57224,1,1511.637,648.3461,1512.704,647.0629
18.58318,1,1511.637,648.3461,1512.171,647.7045
18.59458,1,1511.637,648.3461,1511.904,648.0253
18.60705,1,1509.775,650.3771,1510.839,649.2012
18.61534,1,1509.775,650.3771,1510.307,649.7892
18.6263,1,1509.775,650.3771,1510.041,650.0831
18.64178,1,1508.346,652.8307,1509.193,651.4569
18.64848,1,1508.346,652.8307,1508.77,652.1438
18.66124,1,1506.235,655.1599,1507.502,653.6519
18.672,1,1506.235,655.1599,1506.869,654.4059
18.68237,1,1506.235,655.1599,1506.552,654.7828
18.6957,1,1504.029,657.4244,1505.291,656.1036
18.70464,1,1504.029,657.4244,1504.66,656.764
18.71593,1,1504.029,657.4244,1504.345,657.0942
18.72803,1,1502.106,659.6655,1503.225,658.3799
18.73933,1,1502.106,659.6655,1502.665,659.0227
18.74777,1,1502.106,659.6655,1502.385,659.3441
18.76068,1,1500.561,661.762,1501.473,660.553
18.77071,1,1500.561,661.762,1501.017,661.1575
18.78109,1,1498.693,662.5471,1499.855,661.8523
18.79089,1,1498.693,662.5471,1499.274,662.1997
18.80415,1,1498.693,662.5471,1498.983,662.3734
18.81351,1,1496.937,663.6498,1497.96,663.0116
18.82289,1,1496.937,663.6498,1497.448,663.3307
18.8368,1,1496.937,663.6498,1497.192,663.4902
18.84608,1,1495.383,664.8268,1496.288,664.1585
18.85764,1,1495.383,664.8268,1495.835,664.4927
18.87165,1,1493.946,665.9621,1494.891,665.2274
18.88148,1,1493.946,665.9621,1494.418,665.5947
18.891,1,1493.946,665.9621,1494.182,665.7784
18.9053,1,1492.621,667.3258,1493.402,666.5521
18.91372,1,1492.621,667.3258,1493.011,666.939
18.92524,1,1492.621,667.3258,1492.816,667.1324
18.93917,1,1489.214,668.8612,1491.015,667.9968
18.94698,1,1489.214,668.8612,1490.115,668.429
18.95961,1,1489.214,668.8612,1489.664,668.6451
18.97194,1,1486.19,670.715,1487.927,669.6801
18.98154,1,1486.19,670.715,1487.059,670.1975
18.99368,1,1483.961,673.08,1485.51,671.6388
19.00358,1,1483.961,673.08,1484.736,672.3594
19.01524,1,1483.961,673.08,1484.348,672.7197
19.02567,1,1482.097,675.6944,1483.223,674.207
19.03764,1,1482.097,675.6944,1482.66,674.9507
19.04803,1,1482.097,675.6944,1482.379,675.3225
19.06013,1,1480.615,678.6939,1481.497,677.0082
19.07017,1,1480.615,678.6939,1481.056,677.8511
19.08201,1,1480.615,678.6939,1480.836,678.2725
19.09438,1,1479.223,681.9337,1480.029,680.103
19.10575,1,1479.223,681.9337,1479.626,681.0183
19.11795,1,1477.609,684.7861,1478.618,682.9022
19.12718,1,1477.609,684.7861,1478.114,683.8442
19.1405,1,1477.609,684.7861,1477.861,684.3152
19.15004,1,1476.568,688.1663,1477.215,686.2407
19.16149,1,1476.568,688.1663,1476.892,687.2035
19.1706,1,1476.568,688.1663,1476.73,687.6849
19.18332,1,1475.222,691.4635,1475.976,689.5742
19.19444,1,1475.222,691.4635,1475.599,690.5189
19.20523,1,1473.936,695.1354,1474.767,692.8271
19.21751,1,1473.936,695.1354,1474.351,693.9813
19.22723,1,1473.936,695.1354,1474.143,694.5583
19.24027,1,1473.195,699.0628,1473.669,696.8105
19.25144,1,1473.195,699.0628,1473.432,697.9366
19.26416,1,1472.426,703.3108,1472.929,700.6237
19.27382,1,1472.426,703.3108,1472.678,701.9673
19.28485,1,1472.426,703.3108,1472.552,702.639
19.29545,1,1471.46,707.1793,1472.006,704.9092
19.30555,1,1471.46,707.1793,1471.733,706.0442
19.31721,1,1471.46,707.1793,1471.596,706.6117
19.32679,1,1470.401,710.59,1470.999,708.6008
19.33939,1,1470.401,710.59,1470.7,709.5955
19.34747,1,1470.401,710.59,1470.551,710.0928
19.36158,1,1469.041,714.2602,1469.796,712.1765
19.37038,1,1469.041,714.2602,1469.418,713.2184
19.38243,1,1469.041,714.2602,1469.23,713.7393
19.39458,1,1468.072,717.0538,1468.651,715.3965
19.40252,1,1468.072,717.0538,1468.361,716.2251
19.41348,1,1468.072,717.0538,1468.216,716.6394
19.42421,1,1467.415,719.9255,1467.816,718.2825
19.43673,1,1467.415,719.9255,1467.615,719.104
19.4436,1,1467.415,719.9255,1467.515,719.5148
19.45633,1,1466.449,721.9294,1466.982,720.722
19.46434,1,1466.449,721.9294,1466.716,721.3257
19.47681,1,1464.777,724.3325,1465.746,722.8291
19.48832,1,1464.777,724.3325,1465.262,723.5808
19.49846,1,1464.777,724.3325,1465.019,723.9567
19.50816,1,1463.483,726.5707,1464.251,725.2637
19.52296,1,1463.483,726.5707,1463.867,725.9172
19.53381,1,1463.483,726.5707,1463.675,726.2439
19.54365,1,1461.973,728.8306,1462.824,727.5372
19.55532,1,1461.973,728.8306,1462.399,728.184
19.56453,1,1461.973,728.8306,1462.186,728.5073
19.57629,1,1458.38,730.9899,1460.283,729.7486
19.58625,1,1458.38,730.9899,1459.331,730.3693
19.61313,1,1454.984,733.1114,1457.158,731.7404
19.62163,1,1454.984,733.1114,1456.071,732.4259
19.63021,1,1451.306,735.4695,1453.688,733.9478
19.64004,1,1451.306,735.4695,1452.497,734.7086
19.65438,1,1451.306,735.4695,1451.901,735.0891
19.66125,1,1447.944,737.1208,1449.923,736.105
19.67202,1,1447.944,737.1208,1448.933,736.6129
19.68896,1,1444.677,739.3021,1446.805,737.9575
19.69706,1,1444.677,739.3021,1445.741,738.6298
19.70588,1,1444.677,739.3021,1445.209,738.9659
19.72009,1,1442.053,741.0699,1443.631,740.0179
19.72849,1,1442.053,741.0699,1442.842,740.5439
19.74024,1,1442.053,741.0699,1442.448,740.8069
19.75216,1,1439.727,742.7086,1441.088,741.7577
19.76131,1,1439.727,742.7086,1440.407,742.2332
19.77067,1,1439.727,742.7086,1440.067,742.4708
19.78262,1,1438.228,745.4191,1439.147,743.9449
19.79197,1,1438.228,745.4191,1438.688,744.682
19.80537,1,1438.228,745.4191,1438.458,745.0505
19.81485,1,1435.671,748.0065,1437.064,746.5285
19.8275,1,1435.671,748.0065,1436.368,747.2675
19.83804,1,1433.038,749.8125,1434.703,748.54
19.84785,1,1433.038,749.8125,1433.871,749.1763
19.86228,1,1433.038,749.8125,1433.454,749.4944
19.87045,1,1430.431,751.8071,1431.943,750.6508
19.89501,1,1430.431,751.8071,1431.187,751.2289
19.90726,1,1427.951,753.382,1429.569,752.3054
19.91584,1,1427.951,753.382,1428.76,752.8437
19.92412,1,1427.951,753.382,1428.355,753.1128
19.93748,1,1425.878,755.064,1427.116,754.0884
19.94639,1,1425.878,755.064,1426.497,754.5762
19.95813,1,1425.878,755.064,1426.188,754.8201
19.96864,1,1424.109,756.5194,1425.148,755.6697
19.97931,1,1424.109,756.5194,1424.629,756.0946
19.99078,1,1423.048,757.335,1423.839,756.7148
20.00359,1,1423.048,757.335,1423.444,757.0249
20.01196,1,1423.048,757.335,1423.246,757.1799
20.02342,1,1423.119,759.5158,1423.182,758.3479
20.03401,1,1423.119,759.5158,1423.151,758.9319
20.04353,1,1423.119,759.5158,1423.135,759.2239
20.05495,1,1423.124,762.0622,1423.129,760.6431
20.06552,1,1423.124,762.0622,1423.126,761.3527
20.07517,1,1423.124,762.0622,1423.125,761.7074
20.08628,1,1518.78,772.2052,1470.953,766.9563
20.09983,1,1518.78,772.2052,1494.866,769.5807
20.10836,1,1421.305,766.2023,1458.086,767.8915
20.12586,1,1421.305,766.2023,1439.695,767.0469
20.134,1,1421.305,766.2023,1430.5,766.6246
20.14348,1,1420.206,768.449,1425.353,767.5369
20.15671,1,1420.206,768.449,1422.779,767.9929
20.16521,1,1420.206,768.449,1421.493,768.2209
20.17828,1,1418.934,771.246,1420.213,769.7335
20.19034,1,1418.934,771.246,1419.573,770.4897
20.20125,1,1416.787,773.963,1418.18,772.2264
20.21417,1,1416.787,773.963,1417.484,773.0947
20.22226,1,1416.787,773.963,1417.135,773.5289
20.235,1,1415.546,777.6285,1416.341,775.5787
20.24485,1,1415.546,777.6285,1415.943,776.6036
20.25631,1,1415.546,777.6285,1415.745,777.116
20.26707,1,1413.513,779.9045,1414.629,778.5103
20.28009,1,1413.513,779.9045,1414.071,779.2074
20.28757,1,1413.513,779.9045,1413.792,779.5559
20.29895,1,1411.915,781.4066,1412.854,780.4813
20.30896,1,1411.915,781.4066,1412.384,780.944
20.32213,1,1410.34,782.5297,1411.362,781.7368
20.33215,1,1410.34,782.5297,1410.851,782.1333
20.36332,1,1409.295,783.0165,1410.073,782.575
20.36995,1,1409.295,783.0165,1409.684,782.7958
20.37856,1,1409.295,783.0165,1409.49,782.9061
20.38907,1,1407.754,783.9691,1408.622,783.4376
20.39824,1,1407.754,783.9691,1408.188,783.7034
20.40774,1,1407.754,783.9691,1407.971,783.8362
20.42318,1,1406.532,786.138,1407.252,784.9871
20.43044,1,1406.532,786.138,1406.892,785.5626
20.44194,1,1404.91,787.9124,1405.901,786.7375
20.45495,1,1404.91,787.9124,1405.406,787.325
20.46254,1,1404.91,787.9124,1405.158,787.6187
20.47522,1,1403.981,790.8137,1404.57,789.2162
20.48436,1,1403.981,790.8137,1404.275,790.0149
20.49704,1,1403.981,790.8137,1404.128,790.4143
20.51892,1,1402.478,795.0812,1403.303,792.7477
20.5247,1,1402.478,795.0812,1402.891,793.9144
20.53473,1,1400.125,798.7233,1401.508,796.3188
20.54398,1,1400.125,798.7233,1400.816,797.5211
20.55651,1,1400.125,798.7233,1400.471,798.1222
20.56656,1,1398.559,802.9704,1399.515,800.5463
20.57827,1,1398.559,802.9704,1399.037,801.7583
20.58874,1,1398.559,802.9704,1398.798,802.3644
20.60039,1,1397.029,806.6721,1397.914,804.5182
20.61015,1,1397.029,806.6721,1397.471,805.5951
20.62222,1,1397.029,806.6721,1397.25,806.1335
20.63181,1,1395.607,809.1765,1396.428,807.655
20.64417,1,1395.607,809.1765,1396.018,808.4158
20.65657,1,1394.228,811.485,1395.123,809.9504
20.6671,1,1394.228,811.485,1394.675,810.7177
20.6775,1,1394.228,811.485,1394.452,811.1013
20.6883,1,1392.263,813.921,1393.357,812.5111
20.70065,1,1392.263,813.921,1392.81,813.2161
20.7109,1,1392.263,813.921,1392.536,813.5685
20.72163,1,1390.319,816.7737,1391.427,815.1711
20.73099,1,1390.319,816.7737,1390.873,815.9724
20.7444,1,1388.569,819.2679,1389.721,817.6201
20.7553,1,1388.569,819.2679,1389.145,818.444
20.76369,1,1388.569,819.2679,1388.857,818.856
20.77724,1,1387.231,820.2722,1388.044,819.5641
20.78722,1,1387.231,820.2722,1387.637,819.9182
20.79793,1,1387.231,820.2722,1387.434,820.0952
20.8085,1,1386.009,820.9857,1386.721,820.5404
20.82324,1,1386.009,820.9857,1386.365,820.7631
20.83538,1,1384.443,821.9326,1385.404,821.3478
20.84582,1,1384.443,821.9326,1384.924,821.6401
20.85672,1,1384.443,821.9326,1384.683,821.7864
20.86741,1,1382.555,822.9494,1383.619,822.3679
20.88037,1,1382.555,822.9494,1383.087,822.6587
20.89014,1,1382.555,822.9494,1382.821,822.8041
20.89981,1,1380.424,824.6004,1381.623,823.7023
20.91125,1,1380.424,824.6004,1381.023,824.1514
20.92265,1,1380.424,824.6004,1380.724,824.3759
20.93349,1,1378.765,826.6108,1379.744,825.4933
20.94425,1,1378.765,826.6108,1379.254,826.0521
20.95525,1,1377.224,828.5762,1378.239,827.3142
20.96524,1,1377.224,828.5762,1377.732,827.9452
20.97873,1,1377.224,828.5762,1377.478,828.2607
20.98767,1,1375.665,830.4715,1376.572,829.3661
21.00074,1,1375.665,830.4715,1376.118,829.9188
21.01086,1,1375.665,830.4715,1375.892,830.1952
21.0235,1,1374.071,832.4738,1374.981,831.3345
21.03383,1,1374.071,832.4738,1374.526,831.9041
21.04415,1,1374.071,832.4738,1374.299,832.189
21.05735,1,1372.473,834.1291,1373.386,833.1591
21.06853,1,1372.473,834.1291,1372.929,833.644
21.08165,1,1369.87,835.8147,1371.4,834.7294
21.09004,1,1369.87,835.8147,1370.635,835.272
21.09986,1,1369.87,835.8147,1370.252,835.5433
21.11225,1,1367.859,837.8606,1369.056,836.702
21.1226,1,1367.859,837.8606,1368.457,837.2813
21.13203,1,1367.859,837.8606,1368.158,837.5709
21.14607,1,1365.862,840.0786,1367.01,838.8247
21.15581,1,1365.862,840.0786,1366.436,839.4517
21.16437,1,1365.862,840.0786,1366.149,839.7651
21.17749,1,1364.22,842.567,1365.185,841.166
21.1868,1,1364.22,842.567,1364.702,841.8665
21.19724,1,1362.249,845.3646,1363.476,843.6155
21.20833,1,1362.249,845.3646,1362.863,844.4901
21.22287,1,1362.249,845.3646,1362.556,844.9274
21.23011,1,1360.237,847.7659,1361.396,846.3467
21.24217,1,1360.237,847.7659,1360.816,847.0563
21.25473,1,1360.237,847.7659,1360.526,847.4111
21.26676,1,1358.399,850.6295,1359.463,849.0203
21.27687,1,1358.399,850.6295,1358.931,849.8248
21.28687,1,1358.399,850.6295,1358.665,850.2272
21.29964,1,1357.183,853.8077,1357.924,852.0175
21.31202,1,1357.183,853.8077,1357.553,852.9126
21.31906,1,1355.749,856.2541,1356.651,854.5834
21.33388,1,1355.749,856.2541,1356.2,855.4187
21.34394,1,1355.749,856.2541,1355.975,855.8364
21.35473,1,1353.549,857.1987,1354.762,856.5176
21.36337,1,1353.549,857.1987,1354.156,856.8582
21.37667,1,1353.549,857.1987,1353.852,857.0284
21.38568,1,1338.358,849.2963,1346.105,853.1624
21.39642,1,1338.358,849.2963,1342.232,851.2294
21.40776,1,1338.358,849.2963,1340.295,850.2628
21.41925,1,1314.619,835.9402,1327.457,843.1016
21.42559,1,1314.619,835.9402,1321.038,839.5209
21.4418,1,1290.317,821.2021,1305.677,830.3615
21.45142,1,1290.317,821.2021,1297.997,825.7819
21.46164,1,1290.317,821.2021,1294.157,823.492
21.47363,1,1270.237,808.7202,1282.197,816.1061
21.4838,1,1270.237,808.7202,1276.217,812.4131
21.49268,1,1270.237,808.7202,1273.227,810.5667
21.50615,1,1253.847,799.4487,1263.537,805.0077
21.51764,1,1253.847,799.4487,1258.692,802.2282
21.52878,1,1253.847,799.4487,1256.269,800.8385
21.53606,1,1255.671,796.5791,1255.97,798.7088
21.54836,1,1255.671,796.5791,1255.82,797.6439
21.55981,1,1272.255,799.8294,1264.038,798.7367
21.57051,1,1272.255,799.8294,1268.146,799.2831
21.58255,1,1272.255,799.8294,1270.201,799.5563
21.58924,1,1272.255,799.8294,1271.228,799.6929
21.60536,1,1281.347,802.6517,1276.287,801.1722
21.61565,1,1281.347,802.6517,1278.817,801.912
21.62557,1,1286.591,804.4144,1282.704,803.1632
21.64243,1,1286.591,804.4144,1284.648,803.7888
21.65005,1,1294.534,806.9147,1289.591,805.3518
21.66496,1,1294.534,806.9147,1292.062,806.1333
21.67179,1,1294.534,806.9147,1293.298,806.524
21.68612,1,1304.694,810.0452,1298.996,808.2847
21.69619,1,1304.694,810.0452,1301.845,809.1649
21.70412,1,1304.694,810.0452,1303.27,809.6051
21.71807,1,1315.815,813.2853,1309.542,811.4452
21.72838,1,1315.815,813.2853,1312.678,812.3652
21.73847,1,1315.815,813.2853,1314.247,812.8253
21.74556,1,1326.318,816.0635,1320.282,814.4445
21.75971,1,1326.318,816.0635,1323.3,815.254
21.77081,1,1336.073,818.4144,1329.686,816.8342
21.78284,1,1336.073,818.4144,1332.879,817.6243
21.79151,1,1336.073,818.4144,1334.476,818.0193
21.80459,1,1344.391,820.2242,1339.434,819.1218
21.81406,1,1344.391,820.2242,1341.912,819.673
21.82401,1,1344.391,820.2242,1343.152,819.9486
21.83715,1,1332.477,814.1472,1337.814,817.0479
21.84662,1,1332.477,814.1472,1335.145,815.5975
21.85854,1,1332.477,814.1472,1333.811,814.8724
21.87049,1,1237.22,755.4416,1285.516,785.157
21.8823,1,1237.22,755.4416,1261.368,770.2993
21.88994,1,1237.22,755.4416,1249.294,762.8705
21.90482,1,1018.105,588.3246,1133.7,675.5975
21.91374,1,1018.105,588.3246,1075.902,631.9611
21.92408,1,868.8121,462.0757,972.3572,547.0184
21.93992,1,868.8121,462.0757,920.5847,504.5471
21.94717,1,868.8121,462.0757,894.6984,483.3114
21.96274,1,799.0977,401.9447,846.8981,442.6281
21.97102,1,799.0977,401.9447,822.9979,422.2864
21.97983,1,799.0977,401.9447,811.0477,412.1155
21.99437,1,768.4651,371.2413,789.7564,391.6784
22.00323,1,768.4651,371.2413,779.1107,381.4599
22.01393,1,754.585,358.4515,766.8479,369.9557
22.02681,1,754.585,358.4515,760.7164,364.2036
22.03611,1,754.585,358.4515,757.6508,361.3276
22.04677,1,769.2978,366.6546,763.4742,363.9911
22.05848,1,769.2978,366.6546,766.386,365.3228
22.07387,1,830.0294,421.7688,798.2077,393.5458
22.08116,1,830.0294,421.7688,814.1185,407.6573
22.09155,1,830.0294,421.7688,822.074,414.7131
22.1046,1,965.6267,524.2981,893.8503,469.5056
22.11473,1,965.6267,524.2981,929.7385,496.9019
22.12399,1,965.6267,524.2981,947.6826,510.6
22.14183,1,1183.454,690.4529,1065.568,600.5264
22.15099,1,1183.454,690.4529,1124.511,645.4896
22.16409,1,1305.129,785.1777,1214.82,715.3337
22.17514,1,1305.129,785.1777,1259.974,750.2557
22.18177,1,1305.129,785.1777,1282.552,767.7167
22.19636,1,1359.439,828.4487,1320.995,798.0827
22.20484,1,1359.439,828.4487,1340.217,813.2657
22.21854,1,1359.439,828.4487,1349.828,820.8572
22.22821,1,1384.721,845.9717,1367.274,833.4144
22.23998,1,1384.721,845.9717,1375.998,839.6931
22.25088,1,1384.721,845.9717,1380.359,842.8324
22.26267,1,1396.473,858.532,1388.416,850.6823
22.27142,1,1396.473,858.532,1392.445,854.6072
22.28393,1,1396.473,858.532,1394.459,856.5696
22.29619,1,1402.345,864.4114,1398.402,860.4905
22.30496,1,1402.345,864.4114,1400.373,862.4509
22.31742,1,1406.423,864.2794,1403.398,863.3652
22.32655,1,1406.423,864.2794,1404.91,863.8223
22.33833,1,1406.423,864.2794,1405.667,864.0508
22.34768,1,1409.354,863.7058,1407.51,863.8783
22.35843,1,1409.354,863.7058,1408.432,863.7921
22.36903,1,1409.354,863.7058,1408.893,863.7489
22.37971,1,1411.129,863.9981,1410.011,863.8735
22.39007,1,1411.129,863.9981,1410.57,863.9358
22.4026,1,1411.129,863.9981,1410.85,863.9669
22.41405,1,1412.632,865.2973,1411.741,864.6321
22.42366,1,1412.632,865.2973,1412.187,864.9647
22.43626,1,1414.492,865.9918,1413.339,865.4783
22.44529,1,1414.492,865.9918,1413.915,865.735
22.45847,1,1414.492,865.9918,1414.204,865.8634
22.47071,1,1414.647,865.0649,1414.426,865.4641
22.48109,1,1414.647,865.0649,1414.536,865.2645
22.49381,1,1414.647,865.0649,1414.592,865.1647
22.50294,1,1414.73,863.5241,1414.661,864.3444
22.51413,1,1414.73,863.5241,1414.696,863.9342
22.52592,1,1414.73,863.5241,1414.713,863.7291
22.53762,1,1416.236,858.3843,1415.475,861.0568
22.54616,1,1416.236,858.3843,1415.855,859.7206
22.56072,1,1418.092,853.4708,1416.974,856.5957
22.56989,1,1418.092,853.4708,1417.533,855.0333
22.58065,1,1418.092,853.4708,1417.812,854.2521
22.59209,1,1420.146,848.032,1418.979,851.1421
22.60529,1,1420.146,848.032,1419.562,849.587
22.61473,1,1420.146,848.032,1419.854,848.8096
22.62489,1,1422.647,842.3959,1421.25,845.6027
22.63799,1,1422.647,842.3959,1421.948,843.9993
22.64756,1,1425.556,837.1071,1423.752,840.5532
22.65932,1,1425.556,837.1071,1424.654,838.8302
22.67203,1,1425.556,837.1071,1425.105,837.9686
22.68062,1,1427.915,832.9009,1426.51,835.4348
22.69112,1,1427.915,832.9009,1427.212,834.1678
22.70507,1,1427.915,832.9009,1427.563,833.5344
22.71439,1,1430.09,829.7055,1428.827,831.62
22.72658,1,1430.09,829.7055,1429.459,830.6627
22.73927,1,1431.651,826.9321,1430.555,828.7974
22.7457,1,1431.651,826.9321,1431.103,827.8647
22.76228,1,1431.651,826.9321,1431.377,827.3984
22.77194,1,1433.582,824.6892,1432.48,826.0438
22.78189,1,1433.582,824.6892,1433.031,825.3665
22.79686,1,1433.582,824.6892,1433.307,825.0278
22.80367,1,1436.463,822.6688,1434.885,823.8483
22.81989,1,1436.463,822.6688,1435.674,823.2585
22.82767,1,1428.916,807.7657,1432.295,815.5121
22.83912,1,1428.916,807.7657,1430.605,811.6389
22.85403,1,1428.916,807.7657,1429.76,809.7023
22.86265,1,1348.721,606.6464,1389.241,708.1743
22.87602,1,1348.721,606.6464,1368.981,657.4103
22.88514,1,1348.721,606.6464,1358.851,632.0283
22.8981,1,1266.624,301.2018,1312.738,466.6151
22.90773,1,1266.624,301.2018,1289.681,383.9084
22.91804,1,1266.624,301.2018,1278.153,342.5551
22.9306,1,1229.759,150.2659,1253.956,246.4105
22.94058,1,1229.759,150.2659,1241.857,198.3382
22.95403,1,1212.25,97.10577,1227.054,147.722
22.9632,1,1212.25,97.10577,1219.652,122.4139
22.97073,1,1212.25,97.10577,1215.951,109.7598
22.98576,1,1204.973,77.10789,1210.462,93.43386
22.99681,1,1204.973,77.10789,1207.718,85.27087
23.00517,1,1204.973,77.10789,1206.346,81.18938
23.02149,1,1208.103,64.28736,1207.224,72.73837
23.0302,1,1208.103,64.28736,1207.664,68.51286
23.04029,1,1229.946,63.71966,1218.805,66.11626
23.0519,1,1229.946,63.71966,1224.375,64.91796
23.06471,1,1229.946,63.71966,1227.16,64.31881
23.07455,1,1240.428,64.5968,1233.794,64.45781
23.0838,1,1240.428,64.5968,1237.111,64.52731
23.09651,1,1240.428,64.5968,1238.77,64.56206
23.10575,1,1272.166,96.30297,1255.468,80.43251
23.12012,1,1272.166,96.30297,1263.817,88.36774
23.1296,1,1272.166,96.30297,1267.991,92.33536
23.14046,1,1294.874,154.5929,1281.433,123.4641
23.15113,1,1294.874,154.5929,1288.153,139.0285
23.16352,1,1370.031,371.3283,1329.092,255.1784
23.1739,1,1370.031,371.3283,1349.562,313.2534
23.18833,1,1370.031,371.3283,1359.796,342.2908
23.19617,1,1440.662,565.7265,1400.229,454.0087
23.20612,1,1440.662,565.7265,1420.445,509.8676
23.22095,1,1474.929,657.8467,1447.688,583.8572
23.23241,1,1474.929,657.8467,1461.308,620.8519
23.24144,1,1474.929,657.8467,1468.119,639.3494
23.24991,1,1474.929,657.8467,1471.524,648.598
23.26371,1,1490.277,699.9777,1480.901,674.2878
23.27508,1,1490.277,699.9777,1485.589,687.1328
23.28558,1,1481.798,723.6056,1483.693,705.3692
23.29663,1,1481.798,723.6056,1482.746,714.4874
23.30419,1,1481.798,723.6056,1482.272,719.0465
23.31854,1,1460.609,747.4561,1471.44,733.2513
23.32838,1,1460.609,747.4561,1466.025,740.3536
23.33973,1,1460.609,747.4561,1463.317,743.9048
23.35138,1,1452.733,760.3494,1458.025,752.1271
23.36172,1,1452.733,760.3494,1455.379,756.2383
23.37443,1,1447.814,766.0007,1451.596,761.1195
23.38641,1,1447.814,766.0007,1449.705,763.5601
23.39403,1,1447.814,766.0007,1448.759,764.7804
23.40679,1,1446.793,768.2272,1447.776,766.5038
23.42085,1,1446.793,768.2272,1447.285,767.3655
23.42662,1,1446.793,768.2272,1447.039,767.7963
23.43847,1,1445.645,768.2853,1446.342,768.0408
23.4502,1,1445.645,768.2853,1445.994,768.1631
23.46059,1,1445.645,768.2853,1445.819,768.2242
23.47192,1,1445.065,768.2972,1445.442,768.2607
23.48139,1,1445.065,768.2972,1445.253,768.279
23.49036,1,1445.065,768.2972,1445.159,768.2881
23.50433,1,1449.246,766.2806,1447.203,767.2843
23.51233,1,1449.246,766.2806,1448.224,766.7825
23.52558,1,1458.977,761.9609,1453.6,764.3717
23.536,1,1458.977,761.9609,1456.289,763.1663
23.54442,1,1458.977,761.9609,1457.633,762.5636
23.55694,1,1464.907,759.053,1461.27,760.8083
23.56786,1,1464.907,759.053,1463.088,759.9307
23.5792,1,1464.907,759.053,1463.998,759.4918
23.59528,1,1469.768,756.9009,1466.883,758.1964
23.60397,1,1469.768,756.9009,1468.326,757.5487
23.61845,1,1474.061,755.0787,1471.193,756.3137
23.62619,1,1474.061,755.0787,1472.627,755.6962
23.63851,1,1474.061,755.0787,1473.344,755.3875
23.64874,1,1477.722,753.459,1475.533,754.4232
23.65953,1,1477.722,753.459,1476.628,753.9411
23.66958,1,1477.722,753.459,1477.175,753.7001
23.68187,1,1480.596,752.2939,1478.886,752.997
23.6909,1,1480.596,752.2939,1479.741,752.6455
23.7031,1,1480.596,752.2939,1480.169,752.4697
23.71216,1,1483.615,751.3239,1481.892,751.8969
23.72413,1,1483.615,751.3239,1482.753,751.6104
23.7356,1,1486.369,750.8648,1484.561,751.2375
23.7565,1,1486.369,750.8648,1485.465,751.0511
23.76323,1,1486.369,750.8648,1485.917,750.958
23.76918,1,1489.211,749.4932,1487.564,750.2256
23.78283,1,1489.211,749.4932,1488.388,749.8594
23.7916,1,1489.211,749.4932,1488.799,749.6763
23.80478,1,1492.204,747.8815,1490.502,748.7789
23.81528,1,1492.204,747.8815,1491.353,748.3302
23.82401,1,1492.204,747.8815,1491.779,748.1058
23.83611,1,1494.997,746.9786,1493.388,747.5422
23.8455,1,1494.997,746.9786,1494.192,747.2604
23.85997,1,1497.728,745.0876,1495.96,746.174
23.86926,1,1497.728,745.0876,1496.844,745.6307
23.8818,1,1497.728,745.0876,1497.286,745.3591
23.89081,1,1500.044,743.3516,1498.665,744.3553
23.90205,1,1500.044,743.3516,1499.354,743.8535
23.91003,1,1500.044,743.3516,1499.699,743.6025
23.92632,1,1502.508,741.2058,1501.104,742.4042
23.93702,1,1502.508,741.2058,1501.806,741.805
23.94768,1,1505.005,739.3191,1503.405,740.562
23.95724,1,1505.005,739.3191,1504.205,739.9406
23.96758,1,1505.005,739.3191,1504.605,739.6298
23.97989,1,1507.704,737.5797,1506.155,738.6047
23.99086,1,1507.704,737.5797,1506.929,738.0922
24.00264,1,1507.704,737.5797,1507.317,737.8359
24.01515,1,1510.279,735.1705,1508.798,736.5032
24.02363,1,1510.279,735.1705,1509.538,735.8368
24.03653,1,1513.192,732.4349,1511.365,734.1359
24.04721,1,1513.192,732.4349,1512.279,733.2854
24.05739,1,1513.192,732.4349,1512.735,732.8602
24.06972,1,1516.376,729.9452,1514.556,731.4027
24.08239,1,1516.376,729.9452,1515.466,730.674
24.09026,1,1516.376,729.9452,1515.921,730.3096
24.10385,1,1519.067,727.881,1517.494,729.0953
24.112,1,1519.067,727.881,1518.28,728.4882
24.12528,1,1519.067,727.881,1518.673,728.1846
24.13676,1,1521.392,726.631,1520.033,727.4078
24.14475,1,1521.392,726.631,1520.713,727.0194
24.16077,1,1523.863,725.145,1522.288,726.0822
24.1711,1,1523.863,725.145,1523.075,725.6135
24.18167,1,1523.863,725.145,1523.469,725.3793
24.19128,1,1526.111,723.4462,1524.79,724.4127
24.20397,1,1526.111,723.4462,1525.45,723.9294
24.2148,1,1526.111,723.4462,1525.78,723.6878
24.22419,1,1527.748,722.219,1526.764,722.9534
24.236,1,1527.748,722.219,1527.256,722.5862
24.24514,1,1527.748,722.219,1527.502,722.4026
24.25885,1,1529.336,720.8495,1528.419,721.6261
24.26803,1,1529.336,720.8495,1528.877,721.2378
24.2794,1,1531.173,719.9645,1530.025,720.6012
24.28936,1,1531.173,719.9645,1530.599,720.2828
24.30418,1,1531.173,719.9645,1530.886,720.1237
24.31193,1,1532.804,719.2675,1531.845,719.6956
24.32465,1,1532.804,719.2675,1532.325,719.4815
24.33714,1,1532.804,719.2675,1532.564,719.3745
24.34575,1,1534.898,718.1153,1533.731,718.7449
24.35738,1,1534.898,718.1153,1534.315,718.4301
24.36905,1,1536.48,716.8009,1535.398,717.6155
24.38047,1,1536.48,716.8009,1535.939,717.2082
24.38932,1,1536.48,716.8009,1536.21,717.0045
24.40276,1,1537.584,715.5287,1536.897,716.2666
24.41172,1,1537.584,715.5287,1537.241,715.8977
24.4239,1,1537.584,715.5287,1537.413,715.7133
24.43515,1,1539.348,714.9941,1538.38,715.3537
24.4453,1,1539.348,714.9941,1538.865,715.174
24.45564,1,1539.348,714.9941,1539.106,715.084
24.46523,1,1540.579,714.5572,1539.843,714.8206
24.47791,1,1540.579,714.5572,1540.211,714.6889
24.48679,1,1540.579,714.5572,1540.395,714.623
24.49756,1,1542.135,711.7382,1541.265,713.1807
24.5078,1,1542.135,711.7382,1541.7,712.4595
24.5199,1,1545.122,707.603,1543.411,710.0313
24.52841,1,1545.122,707.603,1544.267,708.8171
24.54087,1,1545.122,707.603,1544.695,708.2101
24.55081,1,1548.47,703.9567,1546.582,706.0834
24.56153,1,1548.47,703.9567,1547.526,705.02
24.57217,1,1548.47,703.9567,1547.998,704.4883
24.58528,1,1552.074,701.1702,1550.036,702.8293
24.5955,1,1552.074,701.1702,1551.055,701.9998
24.60846,1,1552.074,701.1702,1551.564,701.585
24.61852,1,1555.128,698.1575,1553.346,699.8712
24.63049,1,1555.128,698.1575,1554.237,699.0143
24.64215,1,1557.351,695.5109,1555.794,697.2626
24.65085,1,1557.351,695.5109,1556.573,696.3868
24.66175,1,1557.351,695.5109,1556.962,695.9489
24.67091,1,1559.524,692.9462,1558.243,694.4475
24.6853,1,1559.524,692.9462,1558.883,693.6969
24.69504,1,1559.524,692.9462,1559.203,693.3215
24.70658,1,1561.791,689.8298,1560.497,691.5757
24.71952,1,1561.791,689.8298,1561.144,690.7028
24.72713,1,1561.791,689.8298,1561.467,690.2663
24.74263,1,1564.266,687.2458,1562.866,688.756
24.75188,1,1564.266,687.2458,1563.566,688.0009
24.76348,1,1566.694,685.8015,1565.13,686.9012
24.77609,1,1566.694,685.8015,1565.912,686.3513
24.78552,1,1566.694,685.8015,1566.303,686.0764
24.79832,1,1569.451,684.0499,1567.877,685.0632
24.80839,1,1569.451,684.0499,1568.664,684.5565
24.82059,1,1569.451,684.0499,1569.057,684.3032
24.8335,1,1572.529,682.2969,1570.793,683.3
24.84296,1,1572.529,682.2969,1571.661,682.7985
24.85441,1,1574.788,680.9672,1573.225,681.8828
24.86299,1,1574.788,680.9672,1574.007,681.425
24.88008,1,1574.788,680.9672,1574.397,681.1962
24.88695,1,1576.522,679.2842,1575.459,680.2402
24.90018,1,1576.522,679.2842,1575.99,679.7622
24.90792,1,1576.522,679.2842,1576.256,679.5232
24.92135,1,1578.51,677.2006,1577.383,678.3619
24.93135,1,1578.51,677.2006,1577.947,677.7813
24.94258,1,1580.195,674.5609,1579.071,676.171
24.9539,1,1580.195,674.5609,1579.633,675.366
24.96408,1,1580.195,674.5609,1579.914,674.9634
24.97573,1,1581.872,671.8281,1580.893,673.3958
24.98512,1,1581.872,671.8281,1581.383,672.6119
24.99836,1,1581.872,671.8281,1581.627,672.22
25.00962,1,1583.839,669.4974,1582.733,670.8587
25.01928,1,1583.839,669.4974,1583.286,670.178
25.03033,1,1583.839,669.4974,1583.563,669.8377
25.04339,1,1585.911,667.8347,1584.737,668.8362
25.05721,1,1585.911,667.8347,1585.324,668.3354
25.06988,1,1587.636,665.5787,1586.48,666.9571
25.0808,1,1587.636,665.5787,1587.058,666.2679
25.09042,1,1587.636,665.5787,1587.347,665.9233
25.10388,1,1588.711,662.4019,1588.029,664.1626
25.11378,1,1588.711,662.4019,1588.37,663.2822
25.12357,1,1588.711,662.4019,1588.541,662.842
25.13627,1,1590.523,661.3022,1589.532,662.0721
25.14352,1,1590.523,661.3022,1590.028,661.6871
25.15613,1,1591.775,660.5918,1590.901,661.1395
25.16727,1,1591.775,660.5918,1591.338,660.8656
25.17764,1,1591.775,660.5918,1591.557,660.7287
25.18836,1,1593.024,659.4753,1592.29,660.1021
25.20124,1,1593.024,659.4753,1592.657,659.7887
25.21008,1,1593.024,659.4753,1592.84,659.632
25.22194,1,1594.501,658.3966,1593.671,659.0143
25.23199,1,1594.501,658.3966,1594.086,658.7054
25.24368,1,1594.501,658.3966,1594.294,658.551
25.25544,1,1595.727,657.5944,1595.01,658.0728
25.26625,1,1595.727,657.5944,1595.369,657.8336
25.27736,1,1596.725,656.1866,1596.047,657.0101
25.28785,1,1596.725,656.1866,1596.386,656.5984
25.30431,1,1596.725,656.1866,1596.555,656.3925
25.3154,1,1597.85,654.5548,1597.203,655.4736
25.32139,1,1597.85,654.5548,1597.526,655.0142
25.3355,1,1599.224,653.2779,1598.375,654.1461
25.34453,1,1599.224,653.2779,1598.8,653.712
25.35482,1,1599.224,653.2779,1599.012,653.4949
25.36671,1,1600.352,652.0285,1599.682,652.7617
25.37809,1,1600.352,652.0285,1600.017,652.3951
25.3872,1,1600.352,652.0285,1600.184,652.2118
25.40055,1,1601.415,651.723,1600.799,651.9674
25.40961,1,1601.415,651.723,1601.107,651.8452
25.42418,1,1601.415,651.723,1601.261,651.7841
25.4389,1,1602.368,651.6541,1601.814,651.7191
25.44518,1,1602.368,651.6541,1602.091,651.6865
25.45387,1,1602.368,651.6541,1602.229,651.6703
25.46307,1,1603.426,651.6891,1602.828,651.6797
25.47791,1,1603.426,651.6891,1603.127,651.6844
25.48857,1,1604.532,651.811,1603.829,651.7477
25.5022,1,1604.532,651.811,1604.181,651.7793
25.51035,1,1604.532,651.811,1604.357,651.7952
25.52208,1,1602.337,654.738,1603.347,653.2666
25.53411,1,1602.337,654.738,1602.842,654.0023
25.54187,1,1602.337,654.738,1602.59,654.3701
25.55428,1,1587.39,674.3042,1594.99,664.3372
25.56431,1,1587.39,674.3042,1591.19,669.3207
25.57723,1,1563.648,706.7549,1577.419,688.0378
25.58637,1,1563.648,706.7549,1570.533,697.3964
25.60023,1,1563.648,706.7549,1567.091,702.0757
25.60928,1,1540.949,739.1679,1554.02,720.6218
25.62166,1,1540.949,739.1679,1547.484,729.8949
25.63071,1,1540.949,739.1679,1544.216,734.5314
25.64177,1,1523.752,764.0259,1533.984,749.2787
25.65569,1,1523.752,764.0259,1528.868,756.6523
25.66294,1,1523.752,764.0259,1526.31,760.3391
25.67536,1,1512.668,781.1539,1519.489,770.7465
25.68588,1,1512.668,781.1539,1516.079,775.9502
25.70005,1,1507.005,793.9059,1511.542,784.9281
25.70761,1,1507.005,793.9059,1509.273,789.417
25.72005,1,1507.005,793.9059,1508.139,791.6615
25.72959,1,1504.626,802.7433,1506.383,797.2024
25.74046,1,1504.626,802.7433,1505.505,799.9728
25.75029,1,1504.626,802.7433,1505.065,801.358
25.76274,1,1504.004,809.5685,1504.535,805.4633
25.77113,1,1504.004,809.5685,1504.269,807.5159
25.78413,1,1504.004,809.5685,1504.136,808.5422
25.79427,1,1504.728,814.399,1504.432,811.4706
25.8036,1,1504.728,814.399,1504.58,812.9348
25.81617,1,1504.728,814.399,1504.654,813.6669
25.82935,1,1505.532,816.7849,1505.093,815.2259
25.83947,1,1505.532,816.7849,1505.313,816.0054
25.85033,1,1505.391,818.2573,1505.352,817.1313
25.86426,1,1505.391,818.2573,1505.371,817.6943
25.87121,1,1505.391,818.2573,1505.381,817.9758
25.88622,1,1480.428,815.9589,1492.905,816.9673
25.89448,1,1480.428,815.9589,1486.667,816.4631
25.90377,1,1480.428,815.9589,1483.547,816.211
25.91681,1,1408.723,816.106,1446.135,816.1585
25.92853,1,1408.723,816.106,1427.429,816.1323
25.93999,1,1328.865,818.5215,1378.147,817.3269
25.94935,1,1328.865,818.5215,1353.506,817.9242
25.96019,1,1328.865,818.5215,1341.186,818.2229
25.97163,1,1336.644,823.5352,1338.915,820.879
25.98467,1,1336.644,823.5352,1337.779,822.2072
25.99464,1,1336.644,823.5352,1337.211,822.8712
26.0043,1,1371.747,828.7305,1354.479,825.8009
26.01627,1,1371.747,828.7305,1363.113,827.2657
26.02701,1,1371.747,828.7305,1367.43,827.9982
26.03727,1,1391.46,831.9222,1379.445,829.9602
26.04858,1,1391.46,831.9222,1385.452,830.9412
26.06244,1,1406.9,833.9066,1396.176,832.4239
26.06935,1,1406.9,833.9066,1401.538,833.1653
26.0811,1,1406.9,833.9066,1404.219,833.5359
26.09206,1,1422.11,835.1922,1413.165,834.3641
26.10202,1,1422.11,835.1922,1417.637,834.7781
26.11356,1,1422.11,835.1922,1419.874,834.9852
26.12339,1,1437.119,837.2031,1428.496,836.0941
26.13488,1,1437.119,837.2031,1432.808,836.6486
26.14402,1,1437.119,837.2031,1434.963,836.9258
26.16567,1,1451.861,838.9759,1443.412,837.9508
26.17421,1,1451.861,838.9759,1447.636,838.4634
26.18126,1,1464.852,839.9236,1456.244,839.1935
26.19069,1,1464.852,839.9236,1460.548,839.5585
26.20487,1,1464.852,839.9236,1462.7,839.7411
26.21368,1,1476.71,841.9724,1469.705,840.8568
26.22462,1,1476.71,841.9724,1473.208,841.4146
26.23593,1,1476.71,841.9724,1474.959,841.6935
26.24436,1,1485.832,843.9153,1480.396,842.8044
26.25792,1,1485.832,843.9153,1483.114,843.3599
26.26849,1,1485.832,843.9153,1484.473,843.6376
26.27847,1,1492.443,844.7089,1488.458,844.1732
26.28876,1,1492.443,844.7089,1490.45,844.441
26.30194,1,1497.228,844.2828,1493.839,844.3619
26.31038,1,1497.228,844.2828,1495.533,844.3224
26.3233,1,1497.228,844.2828,1496.381,844.3026
26.33395,1,1500.721,844.249,1498.551,844.2758
26.34226,1,1500.721,844.249,1499.636,844.2623
26.35572,1,1500.721,844.249,1500.178,844.2556
26.36583,1,1503.658,843.8642,1501.918,844.0599
26.3775,1,1503.658,843.8642,1502.788,843.962
26.3887,1,1503.658,843.8642,1503.223,843.9131
26.3974,1,1505.611,839.8301,1504.417,841.8716
26.40639,1,1505.611,839.8301,1505.014,840.8508
26.42225,1,1505.611,839.8301,1505.313,840.3405
26.42968,1,1506.109,834.7533,1505.711,837.5469
26.44213,1,1506.109,834.7533,1505.91,836.1501
26.45453,1,1506.51,829.8947,1506.21,833.0224
26.46785,1,1506.51,829.8947,1506.36,831.4586
26.47555,1,1506.51,829.8947,1506.435,830.6766
26.48571,1,1506.568,824.8677,1506.502,827.7722
26.49807,1,1506.568,824.8677,1506.535,826.3199
26.5073,1,1506.568,824.8677,1506.552,825.5939
26.52223,1,1506.639,820.4224,1506.595,823.0081
26.53066,1,1506.639,820.4224,1506.617,821.7152
26.5403,1,1506.639,820.4224,1506.628,821.0688
26.55203,1,1506.234,815.5974,1506.431,818.3331
26.56293,1,1506.234,815.5974,1506.333,816.9653
26.57183,1,1506.234,815.5974,1506.283,816.2814
26.58755,1,1505.282,810.2693,1505.782,813.2754
26.59633,1,1505.282,810.2693,1505.532,811.7723
26.60447,1,1504.349,805.299,1504.941,808.5356
26.62086,1,1504.349,805.299,1504.645,806.9174
26.62867,1,1504.349,805.299,1504.497,806.1082
26.64118,1,1503.639,803.3397,1504.068,804.7239
26.65208,1,1503.639,803.3397,1503.854,804.0319
26.66295,1,1503.639,803.3397,1503.746,803.6858
26.67537,1,1502.476,801.0411,1503.111,802.3635
26.68589,1,1502.476,801.0411,1502.794,801.7023
26.69784,1,1501.402,798.4994,1502.098,800.1008
26.70648,1,1501.402,798.4994,1501.75,799.3001
26.71902,1,1501.402,798.4994,1501.576,798.8998
26.72915,1,1500.078,795.4151,1500.827,797.1575
26.74019,1,1500.078,795.4151,1500.452,796.2863
26.75394,1,1500.078,795.4151,1500.265,795.8507
26.76354,1,1498.733,792.8196,1499.499,794.3351
26.77509,1,1498.733,792.8196,1499.116,793.5774
26.78841,1,1497.309,791.0569,1498.212,792.3171
26.79972,1,1497.309,791.0569,1497.76,791.687
26.81034,1,1497.309,791.0569,1497.534,791.3719
26.82233,1,1495.834,789.2211,1496.684,790.2965
26.83193,1,1495.834,789.2211,1496.259,789.7588
26.84343,1,1495.834,789.2211,1496.046,789.4899
26.85485,1,1494.621,787.9848,1495.334,788.7374
26.86513,1,1494.621,787.9848,1494.978,788.3611
26.87708,1,1493.331,787.1293,1494.155,787.7452
26.88628,1,1493.331,787.1293,1493.743,787.4373
26.89788,1,1493.331,787.1293,1493.537,787.2833
26.90981,1,1492.22,786.2771,1492.879,786.7802
26.92162,1,1492.22,786.2771,1492.55,786.5286
26.92961,1,1492.22,786.2771,1492.385,786.4028
26.94217,1,1491.269,785.4419,1491.827,785.9224
26.9543,1,1491.269,785.4419,1491.548,785.6821
26.96304,1,1491.269,785.4419,1491.408,785.562
26.97532,1,1490.404,784.117,1490.906,784.8395
26.9883,1,1490.404,784.117,1490.655,784.4783
26.99693,1,1489.167,782.9792,1489.911,783.7288
27.00756,1,1489.167,782.9792,1489.539,783.354
27.02188,1,1489.167,782.9792,1489.353,783.1666
27.02948,1,1488.3,782.5872,1488.827,782.877
27.04146,1,1488.3,782.5872,1488.564,782.7321
27.05402,1,1488.3,782.5872,1488.432,782.6597
27.06199,1,1487.099,782.0651,1487.765,782.3624
27.07394,1,1487.099,782.0651,1487.432,782.2137
27.08451,1,1487.099,782.0651,1487.265,782.1394
27.09609,1,1486.042,781.4975,1486.654,781.8185
27.10796,1,1486.042,781.4975,1486.348,781.658
27.11918,1,1485.239,780.6047,1485.794,781.1313
27.12982,1,1485.239,780.6047,1485.516,780.868
27.14021,1,1485.239,780.6047,1485.378,780.7364
27.15109,1,1479.582,779.0832,1482.48,779.9098
27.16281,1,1479.582,779.0832,1481.031,779.4965
27.17532,1,1479.582,779.0832,1480.307,779.2898
27.18713,1,1474.741,777.6321,1477.524,778.4609
27.19467,1,1474.741,777.6321,1476.133,778.0465
27.20695,1,1474.741,777.6321,1475.437,777.8394
27.22255,1,1470.786,775.613,1473.112,776.7262
27.22876,1,1470.786,775.613,1471.949,776.1696
27.24088,1,1467.416,773.7695,1469.682,774.9695
27.25098,1,1467.416,773.7695,1468.549,774.3695
27.2627,1,1467.416,773.7695,1467.982,774.0695
27.27198,1,1463.704,772.3823,1465.843,773.226
27.28512,1,1463.704,772.3823,1464.774,772.8041
27.29594,1,1463.704,772.3823,1464.239,772.5933
27.30442,1,1461.036,771.4464,1462.638,772.0198
27.31861,1,1461.036,771.4464,1461.837,771.7332
27.32697,1,1461.036,771.4464,1461.437,771.5898
27.34079,1,1458.548,771.2438,1459.992,771.4167
27.35048,1,1458.548,771.2438,1459.27,771.3303
27.35898,1,1439.022,766.898,1449.146,769.1141
27.37103,1,1439.022,766.898,1444.084,768.0061
27.38269,1,1439.022,766.898,1441.553,767.452
27.39023,1,1366.062,757.5767,1403.807,762.5143
27.40398,1,1366.062,757.5767,1384.935,760.0455
27.41053,1,1366.062,757.5767,1375.499,758.8111
27.4243,1,1281.187,748.647,1328.343,753.7291
27.4368,1,1281.187,748.647,1304.765,751.188
27.44532,1,1281.187,748.647,1292.976,749.9175
27.45661,1,1217.978,742.0858,1255.477,746.0017
27.46807,1,1217.978,742.0858,1236.728,744.0438
27.4804,1,1175.323,735.7629,1206.025,739.9033
27.4908,1,1175.323,735.7629,1190.674,737.8331
27.50233,1,1175.323,735.7629,1182.999,736.798
27.5179,1,1150.285,732.3517,1166.642,734.5748
27.52553,1,1150.285,732.3517,1158.463,733.4633
27.53749,1,1150.285,732.3517,1154.374,732.9075
27.5494,1,1135.088,730.5214,1144.731,731.7144
27.55806,1,1135.088,730.5214,1139.909,731.1179
27.56847,1,1135.088,730.5214,1137.498,730.8196
27.582,1,1135.391,727.254,1136.444,729.0368
27.59143,1,1135.391,727.254,1135.917,728.1454
27.6044,1,1168.834,724.7853,1152.376,726.4653
27.61382,1,1168.834,724.7853,1160.605,725.6254
27.62425,1,1168.834,724.7853,1164.719,725.2053
27.64077,1,1188.77,724.6206,1176.745,724.913
27.64854,1,1188.77,724.6206,1182.758,724.7668
27.6597,1,1188.77,724.6206,1185.764,724.6937
27.67206,1,1205.375,725.1442,1195.569,724.9189
27.68267,1,1205.375,725.1442,1200.472,725.0316
27.69107,1,1205.375,725.1442,1202.923,725.0879
27.70306,1,1228.523,724.8246,1215.723,724.9563
27.71405,1,1228.523,724.8246,1222.123,724.8905
27.72402,1,1253.704,725.1471,1237.913,725.0188
27.73563,1,1253.704,725.1471,1245.809,725.0829
27.74597,1,1253.704,725.1471,1249.756,725.115
27.75854,1,1284.441,724.4498,1267.099,724.7824
27.76856,1,1284.441,724.4498,1275.77,724.6161
27.78078,1,1284.441,724.4498,1280.105,724.533
27.78878,1,1319.774,724.8074,1299.939,724.6702
27.80144,1,1319.774,724.8074,1309.856,724.7388
27.81434,1,1346.684,722.7676,1328.27,723.7532
27.82182,1,1346.684,722.7676,1337.477,723.2604
27.83444,1,1346.684,722.7676,1342.081,723.014
27.84378,1,1364.601,722.798,1353.341,722.906
27.85411,1,1364.601,722.798,1358.971,722.852
27.86309,1,1364.601,722.798,1361.786,722.825
27.87685,1,1376.8,722.754,1369.293,722.7895
27.88577,1,1376.8,722.754,1373.047,722.7717
27.89785,1,1376.8,722.754,1374.923,722.7629
27.90686,1,1385.966,720.9891,1380.445,721.876
27.9195,1,1385.966,720.9891,1383.206,721.4326
27.92783,1,1385.966,720.9891,1384.586,721.2108
27.94116,1,1391.594,720.2763,1388.09,720.7435
27.95175,1,1391.594,720.2763,1389.842,720.5099
27.96354,1,1394.911,720.1938,1392.377,720.3519
27.97547,1,1394.911,720.1938,1393.644,720.2728
27.98464,1,1394.911,720.1938,1394.278,720.2333
27.99724,1,1397.196,720.26,1395.737,720.2467
28.00739,1,1397.196,720.26,1396.466,720.2534
28.01978,1,1397.196,720.26,1396.831,720.2567
28.02719,1,1397.837,719.6595,1397.334,719.9581
28.04057,1,1397.837,719.6595,1397.586,719.8088
28.05073,1,1397.837,719.6595,1397.712,719.7342
28.06137,1,1397.967,717.4578,1397.839,718.5959
28.07194,1,1397.967,717.4578,1397.903,718.0269
28.08315,1,1397.967,717.4578,1397.935,717.7423
28.09387,1,1398.341,715.3901,1398.138,716.5662
28.10511,1,1398.341,715.3901,1398.239,715.9781
28.117,1,1398.916,714.1478,1398.578,715.063
28.12554,1,1398.916,714.1478,1398.747,714.6053
28.13867,1,1398.916,714.1478,1398.832,714.3766
28.14841,1,1398.967,713.0978,1398.899,713.7372
28.16029,1,1398.967,713.0978,1398.933,713.4175
28.17211,1,1398.967,713.0978,1398.95,713.2576
28.1834,1,1399.2,712.5269,1399.075,712.8922
28.19383,1,1399.2,712.5269,1399.137,712.7095
28.20437,1,1399.2,712.5269,1399.169,712.6182
28.21553,1,1399.207,712.2475,1399.188,712.4329
28.22463,1,1399.207,712.2475,1399.198,712.3402
28.23749,1,1398.51,712.3233,1398.854,712.3318
28.25207,1,1398.51,712.3233,1398.682,712.3275
28.26006,1,1398.51,712.3233,1398.596,712.3254
28.27094,1,1397.994,712.0858,1398.295,712.2056
28.28378,1,1397.994,712.0858,1398.144,712.1458
28.2924,1,1397.994,712.0858,1398.069,712.1158
28.3067,1,1397.316,711.5317,1397.692,711.8237
28.31692,1,1397.316,711.5317,1397.504,711.6777
28.32653,1,1396.699,711.2209,1397.102,711.4493
28.34387,1,1396.699,711.2209,1396.9,711.3351
28.35212,1,1396.699,711.2209,1396.8,711.278
28.36619,1,1395.686,710.7496,1396.243,711.0138
28.37734,1,1395.686,710.7496,1395.965,710.8817
28.38307,1,1395.686,710.7496,1395.825,710.8157
28.39259,1,1394.613,710.4132,1395.219,710.6144
28.40763,1,1394.613,710.4132,1394.916,710.5138
28.41749,1,1393.532,710.1558,1394.224,710.3348
28.42703,1,1393.532,710.1558,1393.878,710.2452
28.4402,1,1393.532,710.1558,1393.705,710.2005
28.44853,1,1392.285,709.6913,1392.995,709.9459
28.4613,1,1392.285,709.6913,1392.64,709.8186
28.47035,1,1392.285,709.6913,1392.463,709.7549
28.48391,1,1390.953,709.0867,1391.708,709.4208
28.49429,1,1390.953,709.0867,1391.331,709.2538
28.50521,1,1390.953,709.0867,1391.142,709.1703
28.51768,1,1390.151,708.5653,1390.647,708.8678
28.52502,1,1390.151,708.5653,1390.399,708.7166
28.53905,1,1388.959,707.7638,1389.679,708.2402
28.54861,1,1388.959,707.7638,1389.319,708.002
28.55785,1,1388.959,707.7638,1389.139,707.8829
28.56975,1,1387.587,706.5735,1388.363,707.2282
28.58106,1,1387.587,706.5735,1387.975,706.9009
28.58964,1,1387.587,706.5735,1387.781,706.7372
28.60323,1,1386.344,705.4902,1387.063,706.1137
28.61112,1,1386.344,705.4902,1386.703,705.802
28.6231,1,1386.344,705.4902,1386.523,705.6461
28.63549,1,1384.917,703.799,1385.72,704.7225
28.64413,1,1384.917,703.799,1385.319,704.2607
28.65455,1,1384.917,703.799,1385.118,704.0299
28.6663,1,1338.24,708.7657,1361.679,706.3978
28.67797,1,1338.24,708.7657,1349.959,707.5818
28.68931,1,1090.592,723.3459,1220.276,715.4639
28.70062,1,1090.592,723.3459,1155.434,719.4049
28.71835,1,797.9969,729.2945,976.7154,724.3497
28.72375,1,797.9969,729.2945,887.3562,726.8221
28.73606,1,797.9969,729.2945,842.6766,728.0583
28.74453,1,797.9969,729.2945,820.3368,728.6764
28.75469,1,643.7006,735.2928,732.0187,731.9846
28.76838,1,643.7006,735.2928,687.8596,733.6387
28.77719,1,643.7006,735.2928,665.7801,734.4657
28.78834,1,570.5302,737.9597,618.1552,736.2127
28.80194,1,570.5302,737.9597,594.3427,737.0862
28.81009,1,536.2241,740.2111,565.2833,738.6486
28.82222,1,536.2241,740.2111,550.7537,739.4298
28.835,1,536.2241,740.2111,543.4889,739.8204
28.84271,1,519.0893,744.2767,531.2891,742.0486
28.85453,1,519.0893,744.2767,525.1892,743.1627
28.86724,1,519.0893,744.2767,522.1393,743.7197
28.87582,1,510.9066,743.9612,516.5229,743.8405
28.88585,1,510.9066,743.9612,513.7148,743.9008
28.89967,1,512.0338,740.0667,512.8743,741.9838
28.90742,1,512.0338,740.0667,512.454,741.0253
28.92114,1,512.0338,740.0667,512.2439,740.546
28.92903,1,512.0338,740.0667,512.1388,740.3064
28.94122,1,557.5551,737.4311,534.8469,738.8688
28.95429,1,557.5551,737.4311,546.201,738.1499
28.96127,1,609.3891,734.7989,577.795,736.4744
28.97383,1,609.3891,734.7989,593.592,735.6366
28.98374,1,609.3891,734.7989,601.4906,735.2178
28.99446,1,828.0393,719.3766,714.765,727.2972
29.0057,1,828.0393,719.3766,771.4021,723.3369
29.01955,1,828.0393,719.3766,799.7207,721.3568
29.03091,1,1051.039,705.3969,925.3799,713.3768
29.04407,1,1051.039,705.3969,988.2095,709.3868
29.05083,1,1180.736,698.9695,1084.473,704.1782
29.06134,1,1180.736,698.9695,1132.605,701.5739
29.0719,1,1180.736,698.9695,1156.67,700.2717
29.08556,1,1244.338,691.9962,1200.504,696.134
29.09534,1,1244.338,691.9962,1222.421,694.0651
29.10615,1,1244.338,691.9962,1233.379,693.0306
29.11812,1,1279.659,689.4996,1256.519,691.2651
29.1284,1,1279.659,689.4996,1268.089,690.3823
29.14056,1,1279.659,689.4996,1273.874,689.9409
29.15329,1,1299.508,685.9858,1286.691,687.9634
29.16062,1,1299.508,685.9858,1293.099,686.9746
29.17019,1,1299.508,685.9858,1296.303,686.4802
29.18256,1,1307.924,683.5084,1302.114,684.9943
29.194,1,1307.924,683.5084,1305.019,684.2513
29.20337,1,1311.592,680.584,1308.306,682.4177
29.21523,1,1311.592,680.584,1309.949,681.5009
29.22447,1,1311.592,680.584,1310.771,681.0424
29.23645,1,1314.937,678.081,1312.854,679.5617
29.24563,1,1314.937,678.081,1313.896,678.8214
29.25824,1,1314.937,678.081,1314.416,678.4512
29.2677,1,1317.041,675.4283,1315.729,676.9398
29.27921,1,1317.041,675.4283,1316.385,676.1841
29.29106,1,1317.041,675.4283,1316.713,675.8062
29.30557,1,1317.269,673.9367,1316.991,674.8715
29.31516,1,1317.269,673.9367,1317.13,674.4041
29.32217,1,1317.269,673.9367,1317.2,674.1704
29.33524,1,1320.448,665.5641,1318.824,669.8672
29.34296,1,1320.448,665.5641,1319.636,667.7157
29.35524,1,1321.932,655.8374,1320.784,661.7766
29.36608,1,1321.932,655.8374,1321.358,658.807
29.37822,1,1321.932,655.8374,1321.645,657.3222
29.38572,1,1322.31,648.4565,1321.978,652.8894
29.39737,1,1322.31,648.4565,1322.144,650.673
29.4079,1,1322.31,648.4565,1322.227,649.5648
29.42054,1,1322.957,642.735,1322.592,646.1499
29.42981,1,1322.957,642.735,1322.775,644.4424
29.44129,1,1322.957,642.735,1322.866,643.5887
29.45436,1,1323.093,639.2341,1322.979,641.4114
29.46234,1,1323.093,639.2341,1323.036,640.3228
29.47409,1,1323.173,636.4299,1323.105,638.3763
29.48463,1,1323.173,636.4299,1323.139,637.4031
29.51293,1,1323.458,634.0035,1323.299,635.7033
29.52148,1,1323.458,634.0035,1323.378,634.8534
29.5316,1,1323.458,634.0035,1323.418,634.4285
29.54275,1,1323.177,632.6216,1323.298,633.525
29.55398,1,1323.177,632.6216,1323.237,633.0733
29.56154,1,1323.177,632.6216,1323.207,632.8474
29.57452,1,1322.785,632.3205,1322.996,632.584
29.58501,1,1322.785,632.3205,1322.89,632.4523
29.60027,1,1322.321,631.4817,1322.605,631.967
29.61068,1,1322.321,631.4817,1322.463,631.7244
29.6205,1,1322.321,631.4817,1322.392,631.603
29.62993,1,1321.909,630.4722,1322.151,631.0376
29.64367,1,1321.909,630.4722,1322.03,630.7549
29.6537,1,1321.909,630.4722,1321.97,630.6135
29.66204,1,1321.33,629.3785,1321.65,629.996
29.6752,1,1321.33,629.3785,1321.49,629.6873
29.68632,1,1321.016,627.6695,1321.253,628.6783
29.69636,1,1321.016,627.6695,1321.134,628.174
29.70522,1,1321.016,627.6695,1321.075,627.9218
29.72001,1,1320.691,627.1677,1320.883,627.5447
29.72895,1,1320.691,627.1677,1320.787,627.3562
29.74005,1,1320.691,627.1677,1320.739,627.262
29.75101,1,1319.914,626.9436,1320.327,627.1028
29.77487,1,1319.914,626.9436,1320.12,627.0232
29.78312,1,1319.353,626.2419,1319.737,626.6326
29.78991,1,1319.353,626.2419,1319.545,626.4373
29.80051,1,1319.353,626.2419,1319.449,626.3396
29.81359,1,1319.125,625.6913,1319.287,626.0155
29.82135,1,1319.125,625.6913,1319.206,625.8534
29.83449,1,1319.125,625.6913,1319.166,625.7723
29.84504,1,1319.312,626.1046,1319.239,625.9385
29.85512,1,1319.312,626.1046,1319.275,626.0215
29.86828,1,1319.701,626.1418,1319.488,626.0817
29.87701,1,1319.701,626.1418,1319.595,626.1117
29.88841,1,1319.701,626.1418,1319.648,626.1267
29.90369,1,1319.978,626.0696,1319.813,626.0981
29.91124,1,1319.978,626.0696,1319.895,626.0839
29.92331,1,1319.978,626.0696,1319.936,626.0767
29.93924,1,1320.199,626.124,1320.068,626.1003
29.94503,1,1320.199,626.124,1320.133,626.1122
29.95762,1,1320.416,626.4327,1320.275,626.2725
29.96774,1,1320.416,626.4327,1320.345,626.3526
29.97984,1,1320.416,626.4327,1320.381,626.3927
29.99017,1,1320.342,626.2924,1320.361,626.3425
30.0039,1,1320.342,626.2924,1320.351,626.3175
30.01723,1,1309.805,619.5916,1315.078,622.9545
30.02415,1,1309.805,619.5916,1312.441,621.2731
30.03858,1,1309.805,619.5916,1311.123,620.4323
30.04718,1,1309.805,619.5916,1310.464,620.012
30.05955,1,1275.787,594.7416,1293.125,607.3768
30.07019,1,1275.787,594.7416,1284.456,601.0592
30.08472,1,1238.063,567.7277,1261.26,584.3934
30.09121,1,1238.063,567.7277,1249.661,576.0605
30.10459,1,1238.063,567.7277,1243.862,571.8942
30.11221,1,1209.524,543.4215,1226.693,557.6578
30.1263,1,1209.524,543.4215,1218.108,550.5397
30.13763,1,1209.524,543.4215,1213.816,546.9806
30.14544,1,1190.02,526.0347,1201.918,536.5077
30.15737,1,1190.02,526.0347,1195.969,531.2712
30.16775,1,1190.02,526.0347,1192.995,528.653
30.18053,1,1177.544,515.4293,1185.269,522.0411
30.18923,1,1177.544,515.4293,1181.407,518.7352
30.20161,1,1170.012,509.3614,1175.709,514.0483
30.21548,1,1170.012,509.3614,1172.861,511.7048
30.22437,1,1170.012,509.3614,1171.437,510.5331
30.23806,1,1164.822,505.1928,1168.129,507.8629
30.24873,1,1164.822,505.1928,1166.475,506.5279
30.2598,1,1160.99,501.0841,1163.733,503.806
30.27115,1,1160.99,501.0841,1162.361,502.445
30.28305,1,1160.99,501.0841,1161.676,501.7645
30.2916,1,1171.858,503.5417,1166.767,502.6531
30.3046,1,1171.858,503.5417,1169.312,503.0974
30.31486,1,1171.858,503.5417,1170.585,503.3196
30.32379,1,1197.379,519.5728,1183.982,511.4462
30.3375,1,1197.379,519.5728,1190.68,515.5095
30.3486,1,1197.379,519.5728,1194.03,517.5411
30.35955,1,1284.645,581.5026,1239.337,549.5219
30.36966,1,1284.645,581.5026,1261.991,565.5122
30.37973,1,1284.645,581.5026,1273.318,573.5074
30.39048,1,1382.257,651.4966,1327.787,612.502
30.40332,1,1382.257,651.4966,1355.022,631.9993
30.41362,1,1450.328,700.4823,1402.675,666.2408
30.4256,1,1450.328,700.4823,1426.502,683.3616
30.43691,1,1450.328,700.4823,1438.415,691.9219
30.44638,1,1490.166,728.1523,1464.291,710.0371
30.45776,1,1490.166,728.1523,1477.228,719.0947
30.46952,1,1490.166,728.1523,1483.697,723.6235
30.48182,1,1512.756,743.4581,1498.227,733.5408
30.49075,1,1512.756,743.4581,1505.492,738.4995
30.50371,1,1527.725,752.9797,1516.608,745.7396
30.51582,1,1527.725,752.9797,1522.167,749.3597
30.52379,1,1527.725,752.9797,1524.946,751.1697
30.53723,1,1535.794,759.1552,1530.37,755.1625
30.54526,1,1535.794,759.1552,1533.082,757.1588
30.55463,1,1535.794,759.1552,1534.438,758.157
30.56592,1,1540.82,763.0096,1537.629,760.5833
30.57858,1,1540.82,763.0096,1539.225,761.7965
30.58776,1,1540.82,763.0096,1540.023,762.4031
30.60304,1,1544.184,766.5718,1542.104,764.4874
30.61203,1,1544.184,766.5718,1543.144,765.5296
30.6241,1,1545.186,768.8267,1544.165,767.1782
30.63494,1,1545.186,768.8267,1544.676,768.0024
30.64343,1,1545.186,768.8267,1544.931,768.4146
30.65728,1,1546.11,770.3351,1545.52,769.3748
30.66652,1,1546.11,770.3351,1545.815,769.855
30.67685,1,1546.11,770.3351,1545.962,770.095
30.68777,1,1547.526,771.3229,1546.744,770.709
30.70466,1,1547.526,771.3229,1547.135,771.016
30.71016,1,1547.526,771.3229,1547.331,771.1694
30.72169,1,1548.346,771.6194,1547.839,771.3944
30.73483,1,1548.346,771.6194,1548.092,771.507
30.74185,1,1548.346,771.6194,1548.219,771.5632
30.75436,1,1557.693,774.1343,1552.956,772.8488
30.76667,1,1557.693,774.1343,1555.324,773.4915
30.77672,1,1573.607,778.2808,1564.466,775.8861
30.78734,1,1573.607,778.2808,1569.037,777.0834
30.8035,1,1587.141,781.5707,1578.089,779.327
30.81021,1,1587.141,781.5707,1582.615,780.4489
30.82434,1,1587.141,781.5707,1584.878,781.0098
30.83404,1,1599.446,783.9969,1592.162,782.5033
30.84475,1,1599.446,783.9969,1595.804,783.2501
30.85909,1,1599.446,783.9969,1597.625,783.6235
30.86592,1,1609.045,787.2524,1603.335,785.438
30.87647,1,1609.045,787.2524,1606.19,786.3452
30.8869,1,1609.045,787.2524,1607.618,786.7988
30.89904,1,1616.091,791.3782,1611.854,789.0885
30.90746,1,1616.091,791.3782,1613.972,790.2334
30.91973,1,1616.091,791.3782,1615.031,790.8058
30.93108,1,1622.168,794.9592,1618.6,792.8825
30.94133,1,1622.168,794.9592,1620.384,793.9209
30.95089,1,1622.168,794.9592,1621.276,794.4401
30.96203,1,1627.217,797.437,1624.246,795.9385
30.97177,1,1627.217,797.437,1625.731,796.6877
30.98334,1,1627.217,797.437,1626.474,797.0624
31.00705,1,1631.837,800.7216,1629.156,798.892
31.01812,1,1635.947,804.4159,1632.551,801.6539
31.02499,1,1635.947,804.4159,1634.249,803.0349
31.0347,1,1635.947,804.4159,1635.098,803.7254
31.0442,1,1635.947,804.4159,1635.522,804.0707
31.05638,1,1639.329,807.0153,1637.426,805.543
31.0657,1,1639.329,807.0153,1638.377,806.2791
31.08002,1,1641.522,809.1431,1639.949,807.7111
31.09012,1,1641.522,809.1431,1640.736,808.4271
31.10095,1,1641.522,809.1431,1641.129,808.785
31.1105,1,1642.813,811.3104,1641.971,810.0477
31.12376,1,1642.813,811.3104,1642.392,810.6791
31.13171,1,1642.813,811.3104,1642.603,810.9948
31.14448,1,1643.327,813.3535,1642.965,812.1741
31.1567,1,1643.327,813.3535,1643.146,812.7638
31.16469,1,1643.327,813.3535,1643.237,813.0586
31.17528,1,1643.635,815.2111,1643.436,814.1348
31.18462,1,1643.635,815.2111,1643.535,814.673
31.1971,1,1643.577,817.0228,1643.556,815.8479
31.20675,1,1643.577,817.0228,1643.567,816.4354
31.21966,1,1643.577,817.0228,1643.572,816.7291
31.23432,1,1643.224,819.6153,1643.398,818.1722
31.24209,1,1643.224,819.6153,1643.311,818.8938
31.2549,1,1643.224,819.6153,1643.268,819.2545
31.26654,1,1640.325,823.1142,1641.796,821.1843
31.27557,1,1640.325,823.1142,1641.061,822.1493
31.28569,1,1640.325,823.1142,1640.693,822.6317
31.30027,1,1638.901,827.6002,1639.797,825.116
31.30714,1,1638.901,827.6002,1639.349,826.3581
31.32018,1,1637.631,832.2962,1638.49,829.3271
31.33088,1,1637.631,832.2962,1638.06,830.8116
31.34168,1,1637.631,832.2962,1637.845,831.554
31.35424,1,1635.731,836.9814,1636.788,834.2677
31.36504,1,1635.731,836.9814,1636.26,835.6246
31.37534,1,1635.731,836.9814,1635.996,836.303
31.38721,1,1634.43,842.4394,1635.213,839.3712
31.39929,1,1634.43,842.4394,1634.822,840.9053
31.40622,1,1634.43,842.4394,1634.626,841.6724
31.42024,1,1632.347,847.2151,1633.487,844.4437
31.42809,1,1632.347,847.2151,1632.917,845.8294
31.44152,1,1629.696,850.9284,1631.306,848.3789
31.45136,1,1629.696,850.9284,1630.501,849.6537
31.46528,1,1629.696,850.9284,1630.098,850.291
31.47807,1,1626.956,853.7529,1628.527,852.022
31.49117,1,1626.956,853.7529,1627.741,852.8875
31.49946,1,1624.91,856.8982,1626.326,854.8928
31.50761,1,1624.91,856.8982,1625.618,855.8955
31.52159,1,1624.91,856.8982,1625.264,856.3969
31.53209,1,1622.294,859.0803,1623.779,857.7386
31.54268,1,1622.294,859.0803,1623.036,858.4094
31.55656,1,1622.294,859.0803,1622.665,858.7449
31.56512,1,1620.982,862.0717,1621.824,860.4083
31.57582,1,1620.982,862.0717,1621.403,861.24
31.58676,1,1620.982,862.0717,1621.193,861.6558
31.59995,1,1619.35,865.0731,1620.271,863.3644
31.60779,1,1619.35,865.0731,1619.811,864.2188
31.62145,1,1616.825,866.438,1618.318,865.3284
31.62932,1,1616.825,866.438,1617.572,865.8832
31.64166,1,1616.825,866.438,1617.199,866.1606
31.6622,1,1613.923,867.4778,1615.561,866.8192
31.66943,1,1613.923,867.4778,1614.742,867.1486
31.67688,1,1613.923,867.4778,1614.332,867.3132
31.68785,1,1611.304,868.1832,1612.818,867.7482
31.70049,1,1611.304,868.1832,1612.061,867.9657
31.70811,1,1611.304,868.1832,1611.682,868.0745
31.72198,1,1608.505,868.1888,1610.094,868.1317
31.73541,1,1608.505,868.1888,1609.299,868.1603
31.74389,1,1606.1,867.6714,1607.7,867.9158
31.75603,1,1606.1,867.6714,1606.9,867.7936
31.76802,1,1606.1,867.6714,1606.5,867.7325
31.77811,1,1601.126,866.585,1603.813,867.1587
31.78853,1,1601.126,866.585,1602.469,866.8718
31.80078,1,1524.102,868.6384,1563.286,867.7551
31.82153,1,1524.102,868.6384,1543.694,868.1968
31.82779,1,1209.97,874.4139,1376.832,871.3053
31.83577,1,1209.97,874.4139,1293.401,872.8596
31.84761,1,1209.97,874.4139,1251.685,873.6367
31.85643,1,1209.97,874.4139,1230.828,874.0253
31.86794,1,821.2028,877.8083,1026.015,875.9167
31.87786,1,821.2028,877.8083,923.6089,876.8625
31.89037,1,624.2739,882.6934,773.9414,879.778
31.90112,1,624.2739,882.6934,699.1077,881.2357
31.9141,1,624.2739,882.6934,661.6908,881.9646
31.92363,1,545.0491,883.1253,603.3699,882.5449
31.93454,1,545.0491,883.1253,574.2095,882.8351
31.94352,1,545.0491,883.1253,559.6293,882.9802
31.95766,1,513.1737,878.0704,536.4015,880.5253
31.9681,1,513.1737,878.0704,524.7876,879.2979
31.97747,1,513.1737,878.0704,518.9807,878.6841
31.98837,1,498.9865,875.7394,508.9836,877.2117
32.00024,1,498.9865,875.7394,503.985,876.4756
32.00884,1,498.9865,875.7394,501.4858,876.1075
32.02175,1,521.8486,873.6512,511.6672,874.8794
32.0321,1,521.8486,873.6512,516.7579,874.2653
32.04527,1,562.2723,873.713,539.5151,873.9891
32.058,1,562.2723,873.713,550.8937,873.8511
32.06572,1,562.2723,873.713,556.583,873.782
32.07887,1,613.6471,873.2798,585.1151,873.5309
32.0887,1,613.6471,873.2798,599.3811,873.4054
32.10215,1,778.9338,860.8274,689.1575,867.1164
32.11422,1,778.9338,860.8274,734.0457,863.9719
32.12336,1,778.9338,860.8274,756.4897,862.3997
32.13437,1,1115.615,829.1437,936.0523,845.7717
32.14748,1,1115.615,829.1437,1025.834,837.4576
32.15799,1,1115.615,829.1437,1070.724,833.3007
32.1679,1,1336.578,806.9841,1203.651,820.1424
32.18006,1,1336.578,806.9841,1270.115,813.5632
32.19077,1,1336.578,806.9841,1303.347,810.2737
32.20276,1,1441.368,794.6378,1372.357,802.4557
32.21173,1,1441.368,794.6378,1406.863,798.5468
32.22404,1,1488.427,787.5974,1447.645,793.072
32.23527,1,1488.427,787.5974,1468.036,790.3347
32.24349,1,1488.427,787.5974,1478.231,788.9661
32.25668,1,1511.658,781.1243,1494.945,785.0452
32.26654,1,1511.658,781.1243,1503.301,783.0847
32.27843,1,1511.658,781.1243,1507.479,782.1045
32.28691,1,1523.022,779.2947,1515.251,780.6996
32.29983,1,1523.022,779.2947,1519.136,779.9972
32.3143,1,1533.194,782.6967,1526.165,781.3469
32.32257,1,1533.194,782.6967,1529.679,782.0218
32.33401,1,1533.194,782.6967,1531.437,782.3593
32.34285,1,1533.194,782.6967,1532.315,782.528
32.35541,1,1537.96,785.4891,1535.137,784.0085
32.3666,1,1537.96,785.4891,1536.549,784.7488
32.37774,1,1541.379,788.019,1538.964,786.3839
32.38988,1,1541.379,788.019,1540.171,787.2014
32.40262,1,1541.379,788.019,1540.775,787.6102
32.41662,1,1542.729,789.3327,1541.752,788.4714
32.42379,1,1542.729,789.3327,1542.24,788.9021
32.43529,1,1543.753,789.355,1542.997,789.1285
32.44341,1,1543.753,789.355,1543.375,789.2418
32.45527,1,1543.753,789.355,1543.564,789.2985
32.46588,1,1543.847,789.3652,1543.705,789.3318
32.47789,1,1543.847,789.3652,1543.776,789.3485
32.4882,1,1543.847,789.3652,1543.811,789.3568
32.50136,1,1543.896,789.6868,1543.854,789.5219
32.51115,1,1543.896,789.6868,1543.875,789.6044
32.52396,1,1543.896,789.6868,1543.885,789.6456
32.5359,1,1543.854,790.1631,1543.87,789.9044
32.54597,1,1543.854,790.1631,1543.862,790.0337
32.55959,1,1544.066,789.9066,1543.964,789.9702
32.57211,1,1544.066,789.9066,1544.015,789.9384
32.58371,1,1544.066,789.9066,1544.04,789.9225
32.59133,1,1544.485,789.4508,1544.262,789.6866
32.60376,1,1544.485,789.4508,1544.374,789.5687
32.61178,1,1544.485,789.4508,1544.429,789.5098
32.62447,1,1544.633,789.3889,1544.531,789.4493
32.63549,1,1544.633,789.3889,1544.582,789.4191
32.64516,1,1544.633,789.3889,1544.608,789.4041
32.65743,1,1544.46,788.8882,1544.534,789.1461
32.66753,1,1544.46,788.8882,1544.497,789.0172
32.67883,1,1544.091,788.449,1544.294,788.7331
32.68993,1,1544.091,788.449,1544.193,788.5911
32.70164,1,1544.091,788.449,1544.142,788.52
32.7105,1,1543.625,788.033,1543.884,788.2765
32.72453,1,1543.625,788.033,1543.754,788.1548
32.73656,1,1542.895,787.7002,1543.325,787.9275
32.7452,1,1542.895,787.7002,1543.11,787.8138
32.75881,1,1542.895,787.7002,1543.003,787.757
32.76812,1,1542.111,786.6958,1542.557,787.2264
32.77866,1,1542.111,786.6958,1542.334,786.9611
32.78878,1,1542.111,786.6958,1542.222,786.8285
32.80079,1,1540.646,785.5253,1541.434,786.1769
32.81038,1,1540.646,785.5253,1541.04,785.8511
32.82153,1,1540.646,785.5253,1540.843,785.6882
32.83392,1,1539.258,784.4922,1540.05,785.0902
32.84577,1,1539.258,784.4922,1539.654,784.7912
32.85732,1,1536.007,782.2128,1537.831,783.502
32.86715,1,1536.007,782.2128,1536.919,782.8574
32.8793,1,1536.007,782.2128,1536.463,782.5352
32.88852,1,1531.619,779.0396,1534.041,780.7874
32.90371,1,1531.619,779.0396,1532.83,779.9135
32.91358,1,1531.619,779.0396,1532.224,779.4765
32.92273,1,1527.934,775.597,1530.079,777.5367
32.93695,1,1527.934,775.597,1529.007,776.5669
32.94415,1,1527.934,775.597,1528.47,776.0819
32.95567,1,1524.138,772.5532,1526.304,774.3175
32.96639,1,1524.138,772.5532,1525.221,773.4353
32.97837,1,1520.362,769.8007,1522.791,771.618
32.98684,1,1520.362,769.8007,1521.576,770.7094
33.00026,1,1520.362,769.8007,1520.969,770.255
33.01181,1,1516.576,767.6233,1518.772,768.9391
33.02134,1,1516.576,767.6233,1517.674,768.2813
33.03191,1,1516.576,767.6233,1517.125,767.9523
33.04435,1,1513.434,766.363,1515.28,767.1577
33.05606,1,1513.434,766.363,1514.357,766.7604
33.06524,1,1513.434,766.363,1513.896,766.5617
33.07968,1,1510.751,765.5125,1512.323,766.0371
33.08697,1,1510.751,765.5125,1511.537,765.7748
33.09885,1,1508.432,764.4832,1509.985,765.129
33.11213,1,1508.432,764.4832,1509.208,764.806
33.12146,1,1508.432,764.4832,1508.82,764.6446
33.13368,1,1506.498,764.2031,1507.659,764.4238
33.14145,1,1506.498,764.2031,1507.078,764.3135
33.15452,1,1506.498,764.2031,1506.788,764.2583
33.16592,1,1504.739,763.4466,1505.763,763.8524
33.17551,1,1504.739,763.4466,1505.251,763.6495
33.18549,1,1504.739,763.4466,1504.995,763.5481
33.19944,1,1503.313,762.8261,1504.154,763.1871
33.20861,1,1503.313,762.8261,1503.734,763.0066
33.21979,1,1502.096,761.6855,1502.915,762.3461
33.22913,1,1502.096,761.6855,1502.506,762.0158
33.2396,1,1502.096,761.6855,1502.301,761.8507
33.26326,1,1501.589,761.5085,1501.945,761.6796
33.2691,1,1501.589,761.5085,1501.767,761.5941
33.27819,1,1501.589,761.5085,1501.678,761.5513
33.28867,1,1500.508,761.2555,1501.093,761.4034
33.30149,1,1500.508,761.2555,1500.801,761.3295
33.3137,1,1498.175,760.8278,1499.488,761.0786
33.32269,1,1498.175,760.8278,1498.832,760.9532
33.3371,1,1498.175,760.8278,1498.504,760.8905
33.34814,1,1495.257,759.7843,1496.88,760.3374
33.35727,1,1495.257,759.7843,1496.069,760.0609
33.37006,1,1495.257,759.7843,1495.663,759.9226
33.38121,1,1493.139,759.2429,1494.401,759.5828
33.3895,1,1493.139,759.2429,1493.77,759.4128
33.40287,1,1491.562,758.0743,1492.666,758.7436
33.41398,1,1491.562,758.0743,1492.114,758.4089
33.42183,1,1491.562,758.0743,1491.838,758.2416
33.43653,1,1489.585,757.0554,1490.711,757.6485
33.44431,1,1489.585,757.0554,1490.148,757.3519
33.45663,1,1489.585,757.0554,1489.866,757.2036
33.46946,1,1487.419,756.1945,1488.643,756.699
33.47838,1,1487.419,756.1945,1488.031,756.4468
33.49006,1,1487.419,756.1945,1487.725,756.3206
33.50224,1,1485.096,754.8376,1486.411,755.5791
33.51463,1,1485.096,754.8376,1485.753,755.2084
33.52264,1,1482.901,753.5015,1484.327,754.355
33.53512,1,1482.901,753.5015,1483.614,753.9282
33.5471,1,1482.901,753.5015,1483.257,753.7148
33.55636,1,1480.587,752.623,1481.922,753.1689
33.56795,1,1480.587,752.623,1481.254,752.896
33.58012,1,1480.587,752.623,1480.92,752.7595
33.5885,1,1479.086,751.3032,1480.003,752.0314
33.60155,1,1479.086,751.3032,1479.545,751.6673
33.61214,1,1479.086,751.3032,1479.316,751.4852
33.62389,1,1477.456,750.2773,1478.386,750.8813
33.63528,1,1477.456,750.2773,1477.921,750.5793
33.64497,1,1475.891,750.2435,1476.906,750.4114
33.65807,1,1475.891,750.2435,1476.399,750.3275
33.66988,1,1475.891,750.2435,1476.145,750.2855
33.68271,1,1474.345,750.8595,1475.245,750.5725
33.69198,1,1474.345,750.8595,1474.795,750.716
33.70449,1,1473.198,750.9864,1473.997,750.8512
33.71095,1,1473.198,750.9864,1473.598,750.9188
33.72503,1,1473.198,750.9864,1473.398,750.9526
33.73597,1,1472.363,750.9296,1472.88,750.9411
33.74511,1,1472.363,750.9296,1472.622,750.9353
33.75713,1,1472.363,750.9296,1472.492,750.9324
33.76928,1,1470.997,750.6123,1471.745,750.7723
33.78167,1,1470.997,750.6123,1471.371,750.6923
33.78928,1,1470.997,750.6123,1471.184,750.6523
33.80463,1,1469.726,750.3842,1470.455,750.5183
33.8117,1,1469.726,750.3842,1470.09,750.4513
33.82435,1,1467.594,749.7801,1468.842,750.1157
33.83752,1,1467.594,749.7801,1468.218,749.9479
33.84554,1,1467.594,749.7801,1467.906,749.864
33.85677,1,1464.435,747.6392,1466.171,748.7516
33.86712,1,1464.435,747.6392,1465.303,748.1954
33.8786,1,1464.435,747.6392,1464.869,747.9172
33.89229,1,1462.067,744.6866,1463.468,746.3019
33.90199,1,1462.067,744.6866,1462.767,745.4943
33.91085,1,1462.067,744.6866,1462.417,745.0905
33.92312,1,1459.053,741.6606,1460.735,743.3755
33.93435,1,1459.053,741.6606,1459.894,742.5181
33.94339,1,1459.053,741.6606,1459.474,742.0894
33.95551,1,1456.154,738.4997,1457.814,740.2946
33.96586,1,1456.154,738.4997,1456.984,739.3971
33.97585,1,1453.731,735.8015,1455.357,737.5993
33.98719,1,1453.731,735.8015,1454.544,736.7004
33.99559,1,1453.731,735.8015,1454.137,736.251
34.0052,1,1450.493,734.1215,1452.315,735.1863
34.01844,1,1450.493,734.1215,1451.404,734.6539
34.02842,1,1450.493,734.1215,1450.949,734.3877
34.0414,1,1447.39,732.4227,1449.169,733.4052
34.05148,1,1447.39,732.4227,1448.28,732.9139
34.06476,1,1447.39,732.4227,1447.835,732.6683
34.07394,1,1444.405,730.5505,1446.12,731.6094
34.08484,1,1444.405,730.5505,1445.262,731.08
34.09853,1,1441.681,729.1618,1443.472,730.1208
34.10898,1,1441.681,729.1618,1442.577,729.6414
34.11998,1,1441.681,729.1618,1442.129,729.4016
34.13108,1,1439.125,727.219,1440.627,728.3103
34.14308,1,1439.125,727.219,1439.876,727.7646
34.15388,1,1439.125,727.219,1439.501,727.4918
34.16528,1,1436.442,725.1348,1437.971,726.3134
34.17933,1,1436.442,725.1348,1437.207,725.7241
34.19037,1,1433.963,723.8925,1435.585,724.8083
34.20162,1,1433.963,723.8925,1434.774,724.3505
34.20804,1,1433.963,723.8925,1434.369,724.1215
34.22095,1,1431.411,722.6747,1432.89,723.3981
34.2337,1,1431.411,722.6747,1432.15,723.0364
34.23984,1,1431.411,722.6747,1431.78,722.8556
34.25438,1,1429.206,721.6542,1430.493,722.2549
34.26268,1,1429.206,721.6542,1429.849,721.9546
34.28122,1,1427.241,720.4117,1428.545,721.1831
34.29132,1,1427.241,720.4117,1427.893,720.7974
34.3018,1,1427.241,720.4117,1427.567,720.6045
34.30836,1,1425.351,719.8844,1426.459,720.2444
34.31977,1,1425.351,719.8844,1425.905,720.0645
34.33434,1,1425.351,719.8844,1425.628,719.9744
34.34057,1,1423.8,719.8399,1424.714,719.9072
34.35115,1,1423.8,719.8399,1424.257,719.8735
34.36296,1,1423.8,719.8399,1424.028,719.8567
34.3758,1,1422.121,720.107,1423.074,719.9818
34.3852,1,1422.121,720.107,1422.598,720.0444
34.40201,1,1420.546,720.5061,1421.572,720.2753
34.40958,1,1420.546,720.5061,1421.059,720.3907
34.42233,1,1420.546,720.5061,1420.803,720.4484
34.42853,1,1419.574,720.382,1420.188,720.4152
34.44091,1,1419.574,720.382,1419.881,720.3986
34.45409,1,1419.574,720.382,1419.728,720.3903
34.46001,1,1418.837,720.2926,1419.282,720.3414
34.4706,1,1418.837,720.2926,1419.059,720.317
34.48563,1,1418.837,720.2926,1418.948,720.3048
34.49207,1,1418.362,720.473,1418.655,720.3889
34.50985,1,1418.362,720.473,1418.508,720.431
34.51939,1,1413.357,720.173,1415.933,720.302
34.5494,1,1360.506,708.9585,1388.22,714.6302
34.56071,1,1360.506,708.9585,1374.363,711.7944
34.56747,1,1360.506,708.9585,1367.435,710.3765
34.57549,1,1360.506,708.9585,1363.97,709.6675
34.58587,1,1172.206,634.0296,1268.088,671.8485
34.59998,1,1172.206,634.0296,1220.147,652.9391
34.60788,1,1172.206,634.0296,1196.176,643.4844
34.61993,1,955.5449,516.77,1075.861,580.1272
34.63128,1,955.5449,516.77,1015.703,548.4486
34.64151,1,837.7309,457.1128,926.7168,502.7807
34.65166,1,837.7309,457.1128,882.2239,479.9467
34.66256,1,837.7309,457.1128,859.9774,468.5298
34.68461,1,785.7406,425.9851,822.859,447.2574
34.69075,1,785.7406,425.9851,804.2998,436.6213
34.69753,1,785.7406,425.9851,795.0202,431.3032
34.70925,1,764.0867,412.1915,779.5535,421.7473
34.72213,1,764.0867,412.1915,771.8201,416.9694
34.73447,1,754.1345,402.6563,762.9773,409.8129
34.7443,1,754.1345,402.6563,758.5559,406.2346
34.7564,1,754.1345,402.6563,756.3452,404.4454
34.7736,1,747.9634,399.172,752.1543,401.8087
34.78141,1,747.9634,399.172,750.0588,400.4904
34.79096,1,788.0733,423.7491,769.066,412.1197
34.80231,1,788.0733,423.7491,778.5697,417.9344
34.81096,1,788.0733,423.7491,783.3215,420.8417
34.82327,1,851.5496,465.5827,817.4355,443.2122
34.83398,1,851.5496,465.5827,834.4926,454.3975
34.8425,1,851.5496,465.5827,843.0211,459.9901
34.85532,1,1077.133,594.1643,960.077,527.0772
34.86523,1,1077.133,594.1643,1018.605,560.6207
34.87619,1,1077.133,594.1643,1047.869,577.3925
34.88652,1,1274.755,700.5286,1161.312,638.9606
34.9024,1,1274.755,700.5286,1218.034,669.7446
34.91624,1,1377.896,756.0815,1297.965,712.9131
34.92225,1,1377.896,756.0815,1337.931,734.4973
34.93465,1,1377.896,756.0815,1357.914,745.2894
34.94229,1,1424.022,783.644,1390.968,764.4667
34.95588,1,1424.022,783.644,1407.495,774.0554
34.96468,1,1424.022,783.644,1415.759,778.8497
34.97654,1,1444.675,793.4504,1430.217,786.15
34.98781,1,1444.675,793.4504,1437.446,789.8002
35.00089,1,1444.675,793.4504,1441.061,791.6252
35.00843,1,1456.142,795.9554,1448.601,793.7903
35.02071,1,1456.142,795.9554,1452.371,794.8729
35.03084,1,1456.142,795.9554,1454.256,795.4142
35.04234,1,1482.35,802.0084,1468.303,798.7113
35.05444,1,1482.35,802.0084,1475.327,800.3599
35.06584,1,1504.415,807.7403,1489.871,804.05
35.07732,1,1504.415,807.7403,1497.143,805.8951
35.08722,1,1504.415,807.7403,1500.779,806.8177
35.10021,1,1516.29,811.2374,1508.534,809.0276
35.10769,1,1516.29,811.2374,1512.412,810.1325
35.1208,1,1516.29,811.2374,1514.351,810.6849
35.13099,1,1524.66,814.0596,1519.505,812.3723
35.13991,1,1524.66,814.0596,1522.083,813.2159
35.15154,1,1524.66,814.0596,1523.371,813.6378
35.16379,1,1529.831,815.562,1526.601,814.5999
35.17537,1,1529.831,815.562,1528.216,815.0809
35.18596,1,1533.652,816.0402,1530.934,815.5605
35.19689,1,1533.652,816.0402,1532.293,815.8004
35.20618,1,1533.652,816.0402,1532.972,815.9203
35.22171,1,1537.102,816.8328,1535.037,816.3766
35.22787,1,1537.102,816.8328,1536.069,816.6047
35.24339,1,1537.102,816.8328,1536.586,816.7188
35.25399,1,1537.655,817.9108,1537.12,817.3148
35.26225,1,1537.655,817.9108,1537.387,817.6128
35.27502,1,1537.978,818.7842,1537.683,818.1985
35.28447,1,1537.978,818.7842,1537.831,818.4913
35.29797,1,1537.978,818.7842,1537.904,818.6378
35.30611,1,1544.919,819.3041,1541.412,818.9709
35.31972,1,1544.919,819.3041,1543.165,819.1375
35.32946,1,1544.919,819.3041,1544.042,819.2208
35.34082,1,1552.706,819.8348,1548.374,819.5278
35.35167,1,1552.706,819.8348,1550.54,819.6813
35.362,1,1552.706,819.8348,1551.623,819.7581
35.37183,1,1558.484,819.9306,1555.053,819.8444
35.38541,1,1558.484,819.9306,1556.768,819.8875
35.39473,1,1563.392,819.846,1560.08,819.8667
35.4049,1,1563.392,819.846,1561.736,819.8563
35.42653,1,1567.46,819.7459,1564.598,819.8011
35.43361,1,1567.46,819.7459,1566.029,819.7736
35.4405,1,1567.46,819.7459,1566.744,819.7598
35.45141,1,1567.46,819.7459,1567.102,819.7528
35.46183,1,1571.664,819.6185,1569.383,819.6857
35.47167,1,1571.664,819.6185,1570.523,819.6521
35.48564,1,1575.467,818.8976,1572.995,819.2748
35.49434,1,1575.467,818.8976,1574.231,819.0862
35.50475,1,1575.467,818.8976,1574.849,818.9919
35.51726,1,1578.636,817.9812,1576.742,818.4866
35.52406,1,1578.636,817.9812,1577.689,818.2339
35.53623,1,1578.636,817.9812,1578.162,818.1075
35.54744,1,1581.439,817.4108,1579.801,817.7592
35.55656,1,1581.439,817.4108,1580.62,817.585
35.5673,1,1581.439,817.4108,1581.03,817.4979
35.57731,1,1584.234,817.0928,1582.632,817.2953
35.59163,1,1584.234,817.0928,1583.433,817.194
35.6013,1,1584.234,817.0928,1583.834,817.1434
35.60983,1,1586.87,816.8528,1585.352,816.9982
35.62558,1,1586.87,816.8528,1586.111,816.9255
35.63474,1,1586.87,816.8528,1586.49,816.8892
35.6444,1,1589.261,816.1254,1587.875,816.5073
35.65698,1,1589.261,816.1254,1588.568,816.3164
35.66652,1,1590.936,816.2952,1589.752,816.3058
35.68001,1,1590.936,816.2952,1590.344,816.3005
35.68977,1,1590.936,816.2952,1590.64,816.2979
35.70022,1,1592.924,816.7268,1591.782,816.5123
35.71089,1,1592.924,816.7268,1592.353,816.6196
35.72357,1,1592.924,816.7268,1592.639,816.6732
35.73502,1,1595.272,817.0791,1593.956,816.8762
35.74479,1,1595.272,817.0791,1594.614,816.9777
35.75695,1,1585.803,809.0015,1590.208,812.9896
35.76781,1,1585.803,809.0015,1588.006,810.9955
35.78048,1,1585.803,809.0015,1586.904,809.9985
35.78784,1,1480.769,753.9653,1533.837,781.9819
35.80132,1,1480.769,753.9653,1507.303,767.9736
35.80976,1,1480.769,753.9653,1494.036,760.9695
35.82439,1,1183.32,609.9067,1338.678,685.4381
35.83546,1,1183.32,609.9067,1260.999,647.6724
35.84542,1,1183.32,609.9067,1222.16,628.7896
35.85679,1,952.9072,496.477,1087.533,562.6332
35.86821,1,952.9072,496.477,1020.22,529.5551
35.87866,1,849.1594,444.3085,934.6899,486.9318
35.89198,1,849.1594,444.3085,891.9247,465.6202
35.90129,1,849.1594,444.3085,870.5421,454.9644
35.91157,1,803.5198,418.7699,837.0309,436.8671
35.92281,1,803.5198,418.7699,820.2754,427.8185
35.93351,1,803.5198,418.7699,811.8976,423.2942
35.94397,1,783.0446,408.2768,797.4711,415.7855
35.95445,1,783.0446,408.2768,790.2578,412.0312
35.96606,1,783.0446,408.2768,786.6512,410.154
35.97805,1,738.8119,405.989,762.7316,408.0715
35.98734,1,738.8119,405.989,750.7717,407.0302
35.99991,1,704.545,405.483,727.6584,406.2566
36.00997,1,704.545,405.483,716.1017,405.8698
36.02117,1,704.545,405.483,710.3234,405.6764
36.03403,1,687.4131,402.1729,698.8683,403.9246
36.04193,1,687.4131,402.1729,693.1407,403.0487
36.05475,1,687.4131,402.1729,690.277,402.6108
36.06633,1,688.6733,401.4634,689.4751,402.0371
36.07802,1,688.6733,401.4634,689.0742,401.7503
36.08664,1,688.6733,401.4634,688.8738,401.6069
36.09958,1,747.7531,418.8831,718.3134,410.245
36.10926,1,747.7531,418.8831,733.0332,414.5641
36.12431,1,882.754,463.8892,807.8936,439.2267
36.13122,1,882.754,463.8892,845.3239,451.5579
36.14235,1,882.754,463.8892,864.0389,457.7236
36.15462,1,1237.008,574.7668,1050.524,516.2452
36.16186,1,1237.008,574.7668,1143.766,545.506
36.1771,1,1237.008,574.7668,1190.387,560.1364
36.18675,1,1477.324,652.1025,1333.855,606.1194
36.1958,1,1477.324,652.1025,1405.59,629.111
36.20763,1,1477.324,652.1025,1441.457,640.6067
36.22019,1,1587.01,685.6355,1514.233,663.1211
36.23101,1,1587.01,685.6355,1550.622,674.3783
36.24141,1,1635.583,699.0811,1593.102,686.7297
36.25178,1,1635.583,699.0811,1614.343,692.9054
36.26273,1,1635.583,699.0811,1624.963,695.9932
36.27481,1,1657.133,702.9672,1641.048,699.4802
36.28455,1,1657.133,702.9672,1649.091,701.2238
36.29623,1,1657.133,702.9672,1653.112,702.0955
36.30529,1,1666.555,704.9755,1659.834,703.5355
36.31872,1,1666.555,704.9755,1663.195,704.2555
36.32808,1,1666.555,704.9755,1664.875,704.6155
36.33981,1,1663.317,715.91,1664.096,710.2627
36.35112,1,1663.317,715.91,1663.706,713.0863
36.36608,1,1661.926,725.2697,1662.816,719.178
36.3757,1,1661.926,725.2697,1662.371,722.2238
36.38501,1,1661.926,725.2697,1662.149,723.7467
36.39889,1,1660.347,732.3406,1661.248,728.0437
36.40841,1,1660.347,732.3406,1660.797,730.1921
36.42112,1,1660.347,732.3406,1660.572,731.2664
36.43137,1,1659.959,736.8038,1660.266,734.035
36.4444,1,1659.959,736.8038,1660.112,735.4194
36.45637,1,1659.308,739.0294,1659.71,737.2244
36.46381,1,1659.308,739.0294,1659.509,738.1268
36.47425,1,1659.308,739.0294,1659.408,738.5781
36.48495,1,1659.108,740.7278,1659.258,739.653
36.49604,1,1659.108,740.7278,1659.183,740.1904
36.50658,1,1659.108,740.7278,1659.146,740.4591
36.51863,1,1659.593,740.9985,1659.369,740.7288
36.5286,1,1659.593,740.9985,1659.481,740.8636
36.53967,1,1659.593,740.9985,1659.537,740.9311
36.55052,1,1659.281,741.8436,1659.409,741.3873
36.56252,1,1659.281,741.8436,1659.345,741.6155
36.57386,1,1659.021,742.3822,1659.183,741.9988
36.58412,1,1659.021,742.3822,1659.102,742.1906
36.59604,1,1659.021,742.3822,1659.061,742.2864
36.60514,1,1658.508,742.5883,1658.784,742.4374
36.61823,1,1658.508,742.5883,1658.646,742.5128
36.62688,1,1658.508,742.5883,1658.577,742.5505
36.63943,1,1655.439,742.0672,1657.008,742.3088
36.64958,1,1655.439,742.0672,1656.223,742.188
36.66117,1,1655.439,742.0672,1655.831,742.1276
36.67204,1,1653.44,741.2734,1654.635,741.7004
36.68555,1,1653.44,741.2734,1654.038,741.4869
36.69481,1,1651.998,740.3357,1653.018,740.9113
36.70504,1,1651.998,740.3357,1652.508,740.6235
36.71799,1,1651.998,740.3357,1652.253,740.4796
36.72591,1,1649.985,739.1652,1651.119,739.8224
36.73759,1,1649.985,739.1652,1650.552,739.4938
36.75019,1,1649.985,739.1652,1650.268,739.3295
36.75901,1,1647.049,737.0101,1648.658,738.1698
36.76946,1,1647.049,737.0101,1647.854,737.59
36.77998,1,1647.049,737.0101,1647.451,737.3
36.79216,1,1643.396,734.67,1645.423,735.985
36.80386,1,1643.396,734.67,1644.41,735.3275
36.81506,1,1638.882,731.5284,1641.646,733.428
36.82505,1,1638.882,731.5284,1640.264,732.4782
36.83713,1,1638.882,731.5284,1639.573,732.0033
36.84783,1,1634.647,728.0645,1637.11,730.0339
36.86201,1,1634.647,728.0645,1635.879,729.0492
36.86976,1,1634.647,728.0645,1635.263,728.5568
36.8821,1,1630.268,725.4312,1632.766,726.994
36.89151,1,1630.268,725.4312,1631.517,726.2126
36.90327,1,1630.268,725.4312,1630.893,725.8219
36.91353,1,1625.983,722.92,1628.438,724.371
36.92237,1,1625.983,722.92,1627.21,723.6455
36.93435,1,1625.983,722.92,1626.597,723.2828
36.9423,1,1622.564,719.7627,1624.581,721.5227
36.95536,1,1622.564,719.7627,1623.573,720.6427
36.96637,1,1619.944,717.4635,1621.758,719.0531
36.97614,1,1619.944,717.4635,1620.851,718.2583
36.98941,1,1619.944,717.4635,1620.397,717.8609
37.00224,1,1617.45,716.4532,1618.923,717.1571
37.00953,1,1617.45,716.4532,1618.187,716.8052
37.02282,1,1617.45,716.4532,1617.818,716.6292
37.03218,1,1614.836,714.1788,1616.327,715.4041
37.04377,1,1614.836,714.1788,1615.582,714.7914
37.0536,1,1614.836,714.1788,1615.209,714.4851
37.0627,1,1612.457,712.6372,1613.833,713.5612
37.07434,1,1612.457,712.6372,1613.145,713.0992
37.08421,1,1612.457,712.6372,1612.801,712.8682
37.09758,1,1610.959,710.686,1611.88,711.7771
37.1053,1,1610.959,710.686,1611.42,711.2316
37.11988,1,1609.398,707.3111,1610.409,709.2714
37.12811,1,1609.398,707.3111,1609.903,708.2913
37.13958,1,1609.398,707.3111,1609.651,707.8011
37.1519,1,1607.843,705.7716,1608.747,706.7864
37.16344,1,1607.843,705.7716,1608.295,706.279
37.17395,1,1607.843,705.7716,1608.069,706.0253
37.18736,1,1606.06,705.3805,1607.065,705.7029
37.19735,1,1606.06,705.3805,1606.562,705.5417
37.20654,1,1606.06,705.3805,1606.311,705.4611
37.22113,1,1603.3,703.5634,1604.806,704.5122
37.22792,1,1603.3,703.5634,1604.053,704.0378
37.24046,1,1601.102,702.4363,1602.577,703.2371
37.25413,1,1601.102,702.4363,1601.84,702.8367
37.26416,1,1601.102,702.4363,1601.471,702.6365
37.27596,1,1599.322,701.4687,1600.396,702.0526
37.2849,1,1599.322,701.4687,1599.859,701.7606
37.29631,1,1599.322,701.4687,1599.59,701.6146
37.30857,1,1596.958,700.3235,1598.274,700.9691
37.32078,1,1596.958,700.3235,1597.616,700.6464
37.3302,1,1595.459,699.5577,1596.538,700.1021
37.34388,1,1595.459,699.5577,1595.998,699.8298
37.35445,1,1595.459,699.5577,1595.729,699.6937
37.36491,1,1594.56,697.3137,1595.144,698.5037
37.37665,1,1594.56,697.3137,1594.852,697.9087
37.38654,1,1594.56,697.3137,1594.706,697.6112
37.39617,1,1593.61,695.1049,1594.158,696.358
37.40645,1,1593.61,695.1049,1593.884,695.7314
37.42169,1,1592.679,692.6474,1593.281,694.1895
37.42842,1,1592.679,692.6474,1592.98,693.4185
37.44076,1,1592.679,692.6474,1592.83,693.033
37.45461,1,1591.525,689.8373,1592.177,691.4352
37.46133,1,1591.525,689.8373,1591.851,690.6362
37.47398,1,1591.525,689.8373,1591.688,690.2368
37.48633,1,1589.48,686.6399,1590.584,688.4384
37.49609,1,1589.48,686.6399,1590.032,687.5391
37.50653,1,1589.48,686.6399,1589.756,687.0895
37.5215,1,1587.887,683.9908,1588.822,685.5402
37.52928,1,1587.887,683.9908,1588.355,684.7655
37.541,1,1586.447,682.2205,1587.401,683.493
37.55354,1,1586.447,682.2205,1586.924,682.8567
37.56128,1,1586.447,682.2205,1586.685,682.5386
37.57435,1,1585.234,680.0247,1585.96,681.2816
37.58411,1,1585.234,680.0247,1585.597,680.6531
37.59497,1,1585.234,680.0247,1585.416,680.3389
37.60684,1,1583.727,677.1503,1584.571,678.7446
37.61832,1,1583.727,677.1503,1584.149,677.9474
37.62945,1,1481.811,662.1452,1532.98,670.0463
37.64443,1,1481.811,662.1452,1507.396,666.0957
37.65225,1,1481.811,662.1452,1494.603,664.1205
37.66576,1,1481.811,662.1452,1488.207,663.1328
37.67561,1,1481.811,662.1452,1485.009,662.639
37.68752,1,1481.811,662.1452,1483.41,662.3921
37.6985,1,1630.82,615.4732,1557.115,638.9326
37.70744,1,1630.82,615.4732,1593.967,627.2029
37.7219,1,1639.168,604.1072,1616.568,615.655
37.73165,1,1639.168,604.1072,1627.868,609.8811
37.74128,1,1639.168,604.1072,1633.518,606.9941
37.75222,1,1626.19,611.2762,1629.854,609.1352
37.76131,1,1626.19,611.2762,1628.022,610.2057
37.77589,1,1626.19,611.2762,1627.106,610.741
37.78386,1,1617.501,614.2845,1622.303,612.5128
37.79514,1,1617.501,614.2845,1619.902,613.3987
37.81739,1,1610.811,614.8741,1615.357,614.1364
37.82303,1,1610.811,614.8741,1613.084,614.5052
37.8363,1,1610.811,614.8741,1611.948,614.6897
37.84453,1,1605.009,616.8559,1608.478,615.7728
37.85613,1,1605.009,616.8559,1606.744,616.3143
37.86671,1,1605.009,616.8559,1605.876,616.5851
37.87807,1,1599.673,617.6311,1602.774,617.1081
37.88744,1,1599.673,617.6311,1601.224,617.3696
37.90004,1,1599.673,617.6311,1600.448,617.5004
37.90869,1,1594.578,617.9075,1597.513,617.704
37.92135,1,1594.578,617.9075,1596.046,617.8058
37.93107,1,1594.578,617.9075,1595.312,617.8567
37.94298,1,1590.398,618.162,1592.855,618.0094
37.95382,1,1590.398,618.162,1591.627,618.0857
37.96242,1,1587.27,618.1721,1589.448,618.1289
37.97578,1,1587.27,618.1721,1588.359,618.1505
37.98623,1,1587.27,618.1721,1587.815,618.1613
37.99662,1,1584.129,618.0516,1585.972,618.1064
38.0082,1,1584.129,618.0516,1585.051,618.079
38.01928,1,1584.129,618.0516,1584.59,618.0653
38.0283,1,1581.309,617.7899,1582.949,617.9276
38.03954,1,1581.309,617.7899,1582.129,617.8588
38.0511,1,1581.309,617.7899,1581.719,617.8243
38.06362,1,1578.676,616.7408,1580.198,617.2826
38.07468,1,1578.676,616.7408,1579.437,617.0117
38.08417,1,1575.747,615.456,1577.592,616.2339
38.09444,1,1575.747,615.456,1576.67,615.845
38.10601,1,1575.747,615.456,1576.208,615.6505
38.11741,1,1572.985,614.5258,1574.597,615.0881
38.12617,1,1572.985,614.5258,1573.791,614.8069
38.13903,1,1572.985,614.5258,1573.388,614.6664
38.15094,1,1568.655,614.6558,1571.021,614.6611
38.1614,1,1568.655,614.6558,1569.838,614.6584
38.17017,1,1568.655,614.6558,1569.247,614.6571
38.187,1,1564.335,613.561,1566.791,614.109
38.19382,1,1564.335,613.561,1565.563,613.835
38.22215,1,1560.862,612.1163,1563.212,612.9756
38.23445,1,1556.035,609.6257,1559.624,611.3007
38.24129,1,1556.035,609.6257,1557.829,610.4632
38.2512,1,1556.035,609.6257,1556.932,610.0444
38.26217,1,1556.035,609.6257,1556.483,609.8351
38.2745,1,1551.808,608.171,1554.146,609.0031
38.28463,1,1551.808,608.171,1552.977,608.587
38.29518,1,1549.016,607.3163,1550.996,607.9517
38.30548,1,1549.016,607.3163,1550.006,607.634
38.3174,1,1549.016,607.3163,1549.511,607.4752
38.32549,1,1545.785,606.0563,1547.648,606.7657
38.33945,1,1545.785,606.0563,1546.717,606.411
38.35019,1,1545.785,606.0563,1546.251,606.2336
38.36024,1,1543.101,603.9053,1544.676,605.0695
38.37183,1,1543.101,603.9053,1543.889,604.4874
38.38695,1,1541.766,602.5724,1542.828,603.5299
38.39453,1,1541.766,602.5724,1542.297,603.0511
38.40515,1,1541.766,602.5724,1542.032,602.8118
38.41735,1,1540.243,602.2575,1541.137,602.5347
38.42651,1,1540.243,602.2575,1540.69,602.3961
38.43929,1,1540.243,602.2575,1540.467,602.3268
38.44816,1,1538.807,602.3253,1539.637,602.326
38.46148,1,1538.807,602.3253,1539.222,602.3257
38.47163,1,1538.807,602.3253,1539.015,602.3255
38.48188,1,1537.591,601.9461,1538.303,602.1358
38.49156,1,1537.591,601.9461,1537.947,602.041
38.50508,1,1537.591,601.9461,1537.769,601.9935
38.51654,1,1536.184,600.9339,1536.977,601.4637
38.52437,1,1536.184,600.9339,1536.581,601.1989
38.53946,1,1535.067,599.8806,1535.823,600.5397
38.54847,1,1535.067,599.8806,1535.445,600.2102
38.56401,1,1535.067,599.8806,1535.256,600.0454
38.57088,1,1534.124,599.1086,1534.69,599.577
38.58187,1,1534.124,599.1086,1534.407,599.3428
38.59174,1,1534.124,599.1086,1534.265,599.2257
38.60564,1,1533.445,598.7104,1533.855,598.968
38.61501,1,1533.445,598.7104,1533.65,598.8392
38.62621,1,1533.445,598.7104,1533.547,598.7748
38.64319,1,1533.169,598.5416,1533.358,598.6582
38.65026,1,1533.169,598.5416,1533.263,598.5999
38.66057,1,1533.335,598.6881,1533.299,598.644
38.67176,1,1533.335,598.6881,1533.317,598.666
38.68367,1,1533.335,598.6881,1533.326,598.6771
38.69419,1,1533.295,598.9105,1533.311,598.7938
38.70617,1,1533.295,598.9105,1533.303,598.8522
38.71727,1,1533.828,599.6386,1533.565,599.2454
38.72764,1,1533.828,599.6386,1533.697,599.442
38.74051,1,1533.828,599.6386,1533.762,599.5403
38.74852,1,1535.093,600.7408,1534.428,600.1406
38.76293,1,1535.093,600.7408,1534.76,600.4407
38.77225,1,1535.093,600.7408,1534.927,600.5908
38.78274,1,1536.626,601.9679,1535.776,601.2793
38.79634,1,1536.626,601.9679,1536.201,601.6236
38.8045,1,1536.626,601.9679,1536.413,601.7958
38.8167,1,1538.583,604.0035,1537.498,602.8997
38.82582,1,1538.583,604.0035,1538.04,603.4516
38.83915,1,1540.961,606.074,1539.501,604.7628
38.8493,1,1540.961,606.074,1540.231,605.4185
38.85727,1,1540.961,606.074,1540.596,605.7462
38.86974,1,1542.368,608.3626,1541.482,607.0544
38.88193,1,1542.368,608.3626,1541.925,607.7085
38.90081,1,1544.818,611.2455,1543.371,609.477
38.90956,1,1544.818,611.2455,1544.095,610.3612
38.91739,1,1544.818,611.2455,1544.456,610.8033
38.92477,1,1544.818,611.2455,1544.637,611.0244
38.93961,1,1547.365,613.3145,1546.001,612.1694
38.94666,1,1547.365,613.3145,1546.683,612.7419
38.95996,1,1549.774,615.6288,1548.228,614.1854
38.97178,1,1549.774,615.6288,1549.001,614.9071
38.98309,1,1549.774,615.6288,1549.387,615.2679
38.99541,1,1552.23,617.8976,1550.809,616.5828
39.00319,1,1552.23,617.8976,1551.519,617.2402
39.01539,1,1552.23,617.8976,1551.875,617.569
39.02517,1,1555.142,619.8544,1553.508,618.7117
39.03703,1,1555.142,619.8544,1554.325,619.283
39.04492,1,1555.142,619.8544,1554.733,619.5687
39.05746,1,1557.511,620.4219,1556.122,619.9954
39.06957,1,1557.511,620.4219,1556.817,620.2086
39.0794,1,1557.511,620.4219,1557.164,620.3153
39.0878,1,1559.788,620.7474,1558.476,620.5314
39.10162,1,1559.788,620.7474,1559.132,620.6394
39.1106,1,1561.176,621.92,1560.154,621.2797
39.12253,1,1561.176,621.92,1560.665,621.5999
39.13593,1,1561.176,621.92,1560.92,621.7599
39.14378,1,1562.653,623.5179,1561.786,622.6389
39.15923,1,1562.653,623.5179,1562.219,623.0784
39.1718,1,1564.168,625.3636,1563.194,624.221
39.18264,1,1564.168,625.3636,1563.681,624.7923
39.19387,1,1564.168,625.3636,1563.924,625.0779
39.20223,1,1564.673,626.7035,1564.298,625.8907
39.21175,1,1564.673,626.7035,1564.485,626.2971
39.22488,1,1564.673,626.7035,1564.579,626.5003
39.23846,1,1565.139,627.6871,1564.859,627.0937
39.2445,1,1565.139,627.6871,1564.999,627.3904
39.25747,1,1565.139,627.6871,1565.069,627.5387
39.26952,1,1565.729,629.4162,1565.399,628.4774
39.27949,1,1565.729,629.4162,1565.564,628.9468
39.29046,1,1565.729,629.4162,1565.647,629.1815
39.30223,1,1566.272,630.4637,1565.96,629.8226
39.31179,1,1566.272,630.4637,1566.116,630.1432
39.32753,1,1567.31,631.666,1566.713,630.9046
39.33709,1,1567.31,631.666,1567.011,631.2853
39.34554,1,1567.31,631.666,1567.16,631.4756
39.35984,1,1568.505,632.4728,1567.833,631.9742
39.36686,1,1568.505,632.4728,1568.169,632.2235
39.37794,1,1568.505,632.4728,1568.337,632.3481
39.38827,1,1570.395,634.1953,1569.366,633.2717
39.40144,1,1570.395,634.1953,1569.88,633.7335
39.41095,1,1570.395,634.1953,1570.138,633.9644
39.42235,1,1572.233,636.2081,1571.186,635.0862
39.43387,1,1572.233,636.2081,1571.709,635.6472
39.44268,1,1574.124,637.1249,1572.917,636.386
39.45538,1,1574.124,637.1249,1573.521,636.7554
39.46469,1,1574.124,637.1249,1573.822,636.9402
39.47531,1,1575.686,638.5034,1574.754,637.7218
39.48576,1,1575.686,638.5034,1575.22,638.1125
39.50246,1,1575.686,638.5034,1575.453,638.308
39.50879,1,1577.46,641.0861,1576.457,639.697
39.5188,1,1577.46,641.0861,1576.958,640.3916
39.52893,1,1577.46,641.0861,1577.209,640.7389
39.53949,1,1580.042,644.3802,1578.626,642.5596
39.5501,1,1580.042,644.3802,1579.334,643.4699
39.56337,1,1582.926,647.5031,1581.13,645.4865
39.57446,1,1582.926,647.5031,1582.028,646.4948
39.58749,1,1582.926,647.5031,1582.477,646.999
39.5972,1,1585.291,651.1215,1583.884,649.0602
39.60497,1,1585.291,651.1215,1584.588,650.0908
39.61898,1,1585.291,651.1215,1584.939,650.6061
39.62864,1,1587.57,654.7415,1586.255,652.6738
39.63795,1,1587.57,654.7415,1586.913,653.7076
39.64996,1,1587.57,654.7415,1587.241,654.2245
39.66137,1,1589.844,658.5656,1588.543,656.395
39.67508,1,1589.844,658.5656,1589.194,657.4803
39.68829,1,1592.427,662.5343,1590.81,660.0073
39.70346,1,1592.427,662.5343,1591.619,661.2708
39.70951,1,1592.427,662.5343,1592.023,661.9026
39.72268,1,1594.444,664.9083,1593.233,663.4054
39.7306,1,1594.444,664.9083,1593.839,664.1569
39.74001,1,1594.444,664.9083,1594.141,664.5326
39.75032,1,1596.647,666.9063,1595.394,665.7194
39.76196,1,1596.647,666.9063,1596.021,666.3129
39.77524,1,1599.147,669.3428,1597.584,667.8278
39.78701,1,1599.147,669.3428,1598.366,668.5853
39.79867,1,1599.147,669.3428,1598.757,668.9641
39.80593,1,1601.414,671.4644,1600.085,670.2142
39.81828,1,1601.414,671.4644,1600.75,670.8393
39.82835,1,1601.414,671.4644,1601.082,671.1519
39.83915,1,1603.172,673.2777,1602.127,672.2148
39.8511,1,1603.172,673.2777,1602.649,672.7462
39.86361,1,1603.172,673.2777,1602.91,673.012
39.87382,1,1605.298,675.2736,1604.104,674.1428
39.88573,1,1605.298,675.2736,1604.701,674.7083
39.89742,1,1606.583,677.3503,1605.642,676.0293
39.90866,1,1606.583,677.3503,1606.113,676.6898
39.9237,1,1606.583,677.3503,1606.348,677.0201
39.93363,1,1607.688,678.8409,1607.018,677.9305
39.94084,1,1607.688,678.8409,1607.353,678.3857
39.95362,1,1607.688,678.8409,1607.52,678.6133
39.96384,1,1609.634,680.3621,1608.577,679.4877
39.97528,1,1609.634,680.3621,1609.105,679.9249
39.98489,1,1609.634,680.3621,1609.37,680.1434
40.00039,1,1610.859,682.2819,1610.114,681.2126
40.00763,1,1610.859,682.2819,1610.487,681.7473
40.02204,1,1611.645,683.2446,1611.066,682.496
40.03148,1,1611.645,683.2446,1611.355,682.8702
40.04142,1,1611.645,683.2446,1611.5,683.0574
40.05221,1,1613.674,684.7535,1612.587,683.9055
40.06396,1,1613.674,684.7535,1613.13,684.3295
40.07358,1,1613.674,684.7535,1613.402,684.5415
40.08524,1,1617.263,686.2786,1615.333,685.41
40.09949,1,1617.263,686.2786,1616.298,685.8443
40.10677,1,1617.263,686.2786,1616.781,686.0614
40.12177,1,1620.318,688.7266,1618.549,687.394
40.1288,1,1620.318,688.7266,1619.433,688.0603
40.14143,1,1623.471,691.1707,1621.452,689.6155
40.15426,1,1623.471,691.1707,1622.462,690.3931
40.16256,1,1623.471,691.1707,1622.966,690.7819
40.17501,1,1625.87,692.8245,1624.418,691.8032
40.18712,1,1625.87,692.8245,1625.144,692.3138
40.19768,1,1628.784,695.1844,1626.964,693.7491
40.20741,1,1628.784,695.1844,1627.874,694.4668
40.21921,1,1628.784,695.1844,1628.329,694.8256
40.22936,1,1631.389,697.4089,1629.859,696.1172
40.24294,1,1631.389,697.4089,1630.624,696.7631
40.25377,1,1631.389,697.4089,1631.007,697.0859
40.26563,1,1634.126,699.5469,1632.566,698.3164
40.27637,1,1634.126,699.5469,1633.346,698.9316
40.28722,1,1634.126,699.5469,1633.736,699.2393
40.30237,1,1614.758,684.0339,1624.247,691.6366
40.30817,1,1614.758,684.0339,1619.502,687.8352
40.32233,1,1413.698,529.4908,1516.6,608.663
40.33176,1,1413.698,529.4908,1465.149,569.0769
40.34191,1,1413.698,529.4908,1439.424,549.2838
40.3548,1,1192.326,352.1133,1315.875,450.6985
40.3648,1,1192.326,352.1133,1254.101,401.4059
40.37534,1,1192.326,352.1133,1223.214,376.7596
40.38602,1,1081.258,256.0598,1152.236,316.4097
40.39802,1,1081.258,256.0598,1116.747,286.2347
40.40722,1,1081.258,256.0598,1099.002,271.1473
40.41997,1,1034.34,217.8522,1066.671,244.4998
40.42925,1,1034.34,217.8522,1050.505,231.176
40.44188,1,1011.763,207.3069,1031.135,219.2414
40.45173,1,1011.763,207.3069,1021.449,213.2741
40.46176,1,1011.763,207.3069,1016.606,210.2905
40.47362,1,1001.198,202.659,1008.902,206.4747
40.48405,1,1001.198,202.659,1005.05,204.5668
40.49957,1,998.6792,204.5003,1001.864,204.5336
40.50686,1,998.6792,204.5003,1000.272,204.5169
40.52019,1,998.6792,204.5003,999.4755,204.5086
40.53133,1,999.3459,206.4613,999.4108,205.485
40.54065,1,999.3459,206.4613,999.3784,205.9731
40.5541,1,999.3459,206.4613,999.3622,206.2172
40.56226,1,1023.937,228.8969,1011.649,217.5571
40.57681,1,1023.937,228.8969,1017.793,223.227
40.58668,1,1023.937,228.8969,1020.865,226.062
40.59922,1,1064.241,264.3222,1042.553,245.1921
40.6081,1,1064.241,264.3222,1053.397,254.7572
40.62171,1,1294.483,418.3099,1173.94,336.5336
40.63156,1,1294.483,418.3099,1234.212,377.4218
40.64213,1,1294.483,418.3099,1264.347,397.8658
40.65579,1,1522.664,567.7018,1393.506,482.7838
40.66599,1,1522.664,567.7018,1458.085,525.2429
40.67814,1,1522.664,567.7018,1490.375,546.4724
40.68879,1,1633.865,641.3489,1562.12,593.9106
40.70119,1,1633.865,641.3489,1597.993,617.6298
40.71117,1,1682.329,673.4135,1640.161,645.5216
40.72407,1,1682.329,673.4135,1661.245,659.4675
40.7381,1,1682.329,673.4135,1671.787,666.4405
40.74366,1,1702.28,688.9445,1687.033,677.6925
40.75426,1,1702.28,688.9445,1694.656,683.3185
40.76629,1,1702.28,688.9445,1698.468,686.1315
40.77543,1,1713.717,694.2966,1706.093,690.2141
40.78629,1,1713.717,694.2966,1709.905,692.2554
40.80014,1,1713.717,694.2966,1711.811,693.276
40.80796,1,1712.195,700.9018,1712.003,697.0889
40.81986,1,1712.195,700.9018,1712.099,698.9954
40.83387,1,1701.901,707.7682,1707,703.3818
40.84405,1,1701.901,707.7682,1704.451,705.575
40.85912,1,1701.901,707.7682,1703.176,706.6716
40.86547,1,1696.312,710.5912,1699.744,708.6313
40.87775,1,1696.312,710.5912,1698.028,709.6113
40.88859,1,1696.312,710.5912,1697.17,710.1012
40.90048,1,1691.939,713.5804,1694.554,711.8408
40.90919,1,1691.939,713.5804,1693.247,712.7106
40.92465,1,1689.448,715.0174,1691.347,713.864
40.93746,1,1689.448,715.0174,1690.397,714.4407
40.94658,1,1689.448,715.0174,1689.923,714.729
40.95773,1,1688.629,717.0212,1689.276,715.8751
40.96815,1,1688.629,717.0212,1688.952,716.4482
40.97918,1,1688.629,717.0212,1688.79,716.7347
40.99068,1,1688.404,718.9388,1688.597,717.8368
41.00333,1,1688.404,718.9388,1688.5,718.3878
41.01187,1,1688.404,718.9388,1688.452,718.6633
41.02681,1,1688.347,721.002,1688.4,719.8326
41.03808,1,1688.347,721.002,1688.373,720.4173
41.04865,1,1687.686,723.5202,1688.03,721.9688
41.06019,1,1687.686,723.5202,1687.858,722.7445
41.06963,1,1687.686,723.5202,1687.772,723.1323
41.08061,1,1684.021,722.7488,1685.896,722.9406
41.09195,1,1684.021,722.7488,1684.959,722.8447
41.10397,1,1679.783,718.6688,1682.371,720.7567
41.11394,1,1679.783,718.6688,1681.077,719.7128
41.12499,1,1679.783,718.6688,1680.43,719.1908
41.13652,1,1676.303,715.2532,1678.366,717.222
41.14612,1,1676.303,715.2532,1677.335,716.2377
41.15802,1,1676.303,715.2532,1676.819,715.7455
41.16815,1,1670.478,708.683,1673.648,712.2142
41.17914,1,1670.478,708.683,1672.063,710.4486
41.19413,1,1662.969,700.0156,1667.516,705.2321
41.20227,1,1662.969,700.0156,1665.243,702.6239
41.21195,1,1662.969,700.0156,1664.106,701.3198
41.22591,1,1655.777,691.5334,1659.942,696.4266
41.23798,1,1655.777,691.5334,1657.859,693.98
41.24814,1,1655.777,691.5334,1656.818,692.7567
41.25987,1,1647.573,683.3785,1652.195,688.0676
41.27081,1,1647.573,683.3785,1649.884,685.723
41.28302,1,1647.573,683.3785,1648.728,684.5508
41.29086,1,1638.615,676.9698,1643.672,680.7603
41.30522,1,1638.615,676.9698,1641.144,678.8651
41.31615,1,1631.737,670.8904,1636.44,674.8777
41.3245,1,1631.737,670.8904,1634.088,672.884
41.33724,1,1631.737,670.8904,1632.912,671.8872
41.34908,1,1626.53,661.6911,1629.721,666.7892
41.36091,1,1626.53,661.6911,1628.125,664.2401
41.36903,1,1626.53,661.6911,1627.328,662.9656
41.38069,1,1621.079,653.9984,1624.203,658.4819
41.39166,1,1621.079,653.9984,1622.641,656.2401
41.40328,1,1621.079,653.9984,1621.86,655.1193
41.41378,1,1615.462,649.0615,1618.661,652.0903
41.42427,1,1615.462,649.0615,1617.061,650.5759
41.43774,1,1610.824,642.5297,1613.943,646.5529
41.44644,1,1610.824,642.5297,1612.384,644.5413
41.45948,1,1610.824,642.5297,1611.604,643.5355
41.46952,1,1607.037,635.3193,1609.32,639.4274
41.48495,1,1607.037,635.3193,1608.179,637.3734
41.49155,1,1607.037,635.3193,1607.608,636.3464
41.50463,1,1603.298,629.7109,1605.453,633.0286
41.51719,1,1603.298,629.7109,1604.375,631.3698
41.52399,1,1603.298,629.7109,1603.836,630.5403
41.53729,1,1599.519,625.2897,1601.678,627.915
41.54841,1,1599.519,625.2897,1600.598,626.6023
41.55688,1,1599.519,625.2897,1600.059,625.946
41.5672,1,1596.066,620.4493,1598.062,623.1976
41.58224,1,1596.066,620.4493,1597.064,621.8235
41.58869,1,1593.697,616.7545,1595.38,619.289
41.61599,1,1593.697,616.7545,1594.539,618.0217
41.62324,1,1591.695,613.0541,1593.117,615.538
41.62995,1,1591.695,613.0541,1592.406,614.296
41.64446,1,1591.695,613.0541,1592.051,613.675
41.65393,1,1590.199,611.3619,1591.125,612.5184
41.66407,1,1590.199,611.3619,1590.662,611.9402
41.6752,1,1590.199,611.3619,1590.431,611.651
41.68795,1,1588.521,609.2476,1589.476,610.4493
41.69624,1,1588.521,609.2476,1588.999,609.8484
41.70655,1,1588.521,609.2476,1588.76,609.548
41.72165,1,1587.391,608.3599,1588.075,608.954
41.73384,1,1587.391,608.3599,1587.733,608.657
41.74152,1,1586.088,607.4678,1586.911,608.0624
41.75465,1,1586.088,607.4678,1586.5,607.7651
41.76453,1,1586.088,607.4678,1586.294,607.6165
41.77581,1,1584.339,606.5344,1585.317,607.0754
41.78596,1,1584.339,606.5344,1584.828,606.8049
41.79638,1,1584.339,606.5344,1584.583,606.6697
41.80738,1,1583.699,605.0753,1584.141,605.8724
41.82151,1,1583.699,605.0753,1583.92,605.4739
41.83054,1,1582.699,604.8715,1583.31,605.1727
41.84127,1,1582.699,604.8715,1583.004,605.0221
41.85514,1,1582.699,604.8715,1582.852,604.9468
41.86301,1,1581.602,604.5642,1582.227,604.7555
41.8773,1,1581.602,604.5642,1581.915,604.6599
41.8864,1,1581.602,604.5642,1581.758,604.6121
41.8989,1,1580.761,604.3288,1581.26,604.4705
41.90786,1,1580.761,604.3288,1581.01,604.3997
41.92162,1,1579.913,604.5034,1580.462,604.4515
41.93082,1,1579.913,604.5034,1580.188,604.4774
41.94287,1,1579.913,604.5034,1580.05,604.4904
41.95828,1,1578.891,603.9986,1579.47,604.2445
41.9649,1,1578.891,603.9986,1579.181,604.1216
41.97613,1,1578.891,603.9986,1579.036,604.0601
41.99011,1,1578.075,603.3004,1578.555,603.6802
42.00191,1,1578.075,603.3004,1578.315,603.4904
42.01123,1,1577.36,602.5668,1577.837,603.0286
42.02233,1,1577.36,602.5668,1577.599,602.7977
42.03347,1,1577.36,602.5668,1577.479,602.6823
42.04533,1,1576.596,601.9554,1577.038,602.3188
42.05492,1,1576.596,601.9554,1576.817,602.1371
42.06643,1,1576.596,601.9554,1576.707,602.0463
42.08028,1,1575.363,601.5546,1576.035,601.8004
42.08836,1,1575.363,601.5546,1575.699,601.6775
42.10085,1,1573.717,600.3531,1574.708,601.0153
42.11211,1,1573.717,600.3531,1574.213,600.6842
42.12183,1,1573.717,600.3531,1573.965,600.5187
42.13482,1,1571.723,599.3437,1572.844,599.9312
42.14345,1,1571.723,599.3437,1572.283,599.6375
42.15626,1,1571.723,599.3437,1572.003,599.4906
42.16743,1,1569.989,599.1953,1570.996,599.343
42.18056,1,1569.989,599.1953,1570.492,599.2692
42.19185,1,1568.045,598.6347,1569.269,598.9519
42.20444,1,1568.045,598.6347,1568.657,598.7933
42.21755,1,1568.045,598.6347,1568.351,598.714
42.22532,1,1566.479,598.2339,1567.415,598.474
42.23849,1,1566.479,598.2339,1566.947,598.354
42.251,1,1566.479,598.2339,1566.713,598.2939
42.25935,1,1564.796,598.4023,1565.755,598.3481
42.26948,1,1564.796,598.4023,1565.275,598.3752
42.2818,1,1564.796,598.4023,1565.035,598.3888
42.29053,1,1562.681,597.6695,1563.858,598.0292
42.3046,1,1562.681,597.6695,1563.27,597.8494
42.317,1,1561.09,597.9521,1562.18,597.9008
42.32405,1,1561.09,597.9521,1561.635,597.9265
42.33787,1,1561.09,597.9521,1561.362,597.9393
42.34635,1,1559.527,597.6768,1560.445,597.8081
42.3587,1,1559.527,597.6768,1559.986,597.7424
42.36971,1,1559.527,597.6768,1559.756,597.7096
42.38178,1,1556.573,599.0988,1558.165,598.4042
42.39361,1,1556.573,599.0988,1557.369,598.7515
42.40781,1,1553.712,602.8464,1555.54,600.799
42.41755,1,1553.712,602.8464,1554.626,601.8227
42.42667,1,1553.712,602.8464,1554.169,602.3346
42.43725,1,1549.758,607.2188,1551.963,604.7767
42.45117,1,1549.758,607.2188,1550.861,605.9978
42.46101,1,1549.758,607.2188,1550.309,606.6083
42.47054,1,1545.636,612.2321,1547.973,609.4202
42.48584,1,1545.636,612.2321,1546.805,610.8261
42.49486,1,1542.126,616.463,1544.465,613.6445
42.50574,1,1542.126,616.463,1543.296,615.0537
42.51747,1,1542.126,616.463,1542.711,615.7583
42.52831,1,1538.558,620.2,1540.634,617.9791
42.54142,1,1538.558,620.2,1539.596,619.0896
42.54981,1,1538.558,620.2,1539.077,619.6448
42.5633,1,1535.701,622.5142,1537.389,621.0795
42.57467,1,1535.701,622.5142,1536.545,621.7969
42.58405,1,1532.917,625.7368,1534.731,623.7668
42.59573,1,1532.917,625.7368,1533.824,624.7518
42.60436,1,1532.917,625.7368,1533.37,625.2443
42.61813,1,1530.514,629.1096,1531.942,627.1769
42.62963,1,1530.514,629.1096,1531.228,628.1432
42.64367,1,1530.514,629.1096,1530.871,628.6264
42.65202,1,1527.918,633.3187,1529.394,630.9725
42.66308,1,1527.918,633.3187,1528.656,632.1456
42.67566,1,1525.71,636.8262,1527.183,634.4859
42.68859,1,1525.71,636.8262,1526.447,635.656
42.69715,1,1525.71,636.8262,1526.079,636.2411
42.70951,1,1523.529,640.3264,1524.804,638.2837
42.7187,1,1523.529,640.3264,1524.166,639.3051
42.73016,1,1523.529,640.3264,1523.847,639.8157
42.74232,1,1521.222,643.3842,1522.535,641.5999
42.75381,1,1521.222,643.3842,1521.878,642.4921
42.76197,1,1521.222,643.3842,1521.55,642.9381
42.77445,1,1519.117,646.1981,1520.334,644.5681
42.78595,1,1519.117,646.1981,1519.725,645.3831
42.79682,1,1517.571,648.519,1518.648,646.951
42.80838,1,1517.571,648.519,1518.11,647.735
42.81989,1,1517.571,648.519,1517.841,648.1271
42.82723,1,1516.395,650.821,1517.118,649.474
42.84385,1,1516.395,650.821,1516.756,650.1475
42.85135,1,1516.395,650.821,1516.575,650.4843
42.86454,1,1514.409,653.9026,1515.492,652.1935
42.87925,1,1514.409,653.9026,1514.951,653.0481
42.8852,1,1514.409,653.9026,1514.68,653.4753
42.90014,1,1512.055,656.8475,1513.368,655.1614
42.91117,1,1512.055,656.8475,1512.711,656.0044
42.92192,1,1510.938,659.6739,1511.825,657.8391
42.932,1,1510.938,659.6739,1511.381,658.7565
42.94249,1,1510.938,659.6739,1511.16,659.2152
42.95572,1,1509.811,661.5601,1510.485,660.3876
42.96798,1,1509.811,661.5601,1510.148,660.9739
42.98023,1,1508.707,664.0246,1509.428,662.4993
42.9892,1,1508.707,664.0246,1509.067,663.262
43.00266,1,1508.707,664.0246,1508.887,663.6433
43.012,1,1506.845,666.3872,1507.866,665.0153
43.02333,1,1506.845,666.3872,1507.356,665.7012
43.03576,1,1506.845,666.3872,1507.1,666.0442
43.04604,1,1505.608,669.1654,1506.354,667.6048
43.05373,1,1505.608,669.1654,1505.981,668.3851
43.06982,1,1504.408,672.1233,1505.195,670.2542
43.07909,1,1504.408,672.1233,1504.802,671.1887
43.08723,1,1504.408,672.1233,1504.605,671.656
43.10123,1,1503.34,675.5106,1503.973,673.5833
43.10899,1,1503.34,675.5106,1503.656,674.5469
43.1233,1,1503.34,675.5106,1503.498,675.0287
43.13371,1,1502.11,678.4207,1502.804,676.7247
43.14163,1,1502.11,678.4207,1502.457,677.5726
43.1549,1,1502.11,678.4207,1502.284,677.9966
43.16636,1,1500.014,681.4084,1501.149,679.7025
43.17572,1,1500.014,681.4084,1500.582,680.5555
43.18472,1,1500.014,681.4084,1500.298,680.9819
43.19735,1,1497.921,683.9044,1499.11,682.4431
43.20831,1,1497.921,683.9044,1498.516,683.1737
43.2208,1,1495.974,685.188,1497.245,684.1808
43.22823,1,1495.974,685.188,1496.609,684.6844
43.24232,1,1495.974,685.188,1496.292,684.9362
43.25412,1,1495.535,686.2201,1495.914,685.5781
43.26773,1,1495.535,686.2201,1495.724,685.8991
43.27618,1,1495.535,686.2201,1495.63,686.0596
43.28865,1,1494.809,687.5673,1495.219,686.8135
43.30364,1,1494.809,687.5673,1495.014,687.1904
43.31199,1,1493.364,687.8163,1494.189,687.5034
43.32374,1,1493.364,687.8163,1493.776,687.6598
43.33505,1,1493.364,687.8163,1493.57,687.738
43.34377,1,1491.947,688.185,1492.759,687.9615
43.35493,1,1491.947,688.185,1492.353,688.0732
43.36603,1,1491.947,688.185,1492.15,688.1292
43.37736,1,1491.091,688.819,1491.62,688.4741
43.38592,1,1491.091,688.819,1491.355,688.6465
43.40147,1,1489.87,689.6652,1490.613,689.1558
43.41126,1,1489.87,689.6652,1490.242,689.4105
43.42331,1,1489.87,689.6652,1490.056,689.5378
43.43756,1,1488.149,690.9649,1489.102,690.2513
43.44445,1,1488.149,690.9649,1488.625,690.6082
43.45695,1,1488.149,690.9649,1488.387,690.7865
43.46459,1,1485.824,692.0629,1487.105,691.4247
43.47718,1,1485.824,692.0629,1486.465,691.7438
43.48735,1,1485.824,692.0629,1486.144,691.9033
43.49636,1,1484.083,693.0145,1485.114,692.4589
43.50734,1,1484.083,693.0145,1484.599,692.7367
43.52141,1,1482.715,694.1064,1483.657,693.4215
43.53444,1,1482.715,694.1064,1483.186,693.7639
43.5414,1,1482.715,694.1064,1482.95,693.9352
43.55404,1,1480.885,696.2707,1481.917,695.1029
43.56543,1,1480.885,696.2707,1481.401,695.6868
43.57782,1,1480.885,696.2707,1481.143,695.9788
43.58744,1,1479.338,697.481,1480.241,696.7299
43.5999,1,1479.338,697.481,1479.79,697.1055
43.60867,1,1479.338,697.481,1479.564,697.2932
43.62118,1,1477.765,698.5048,1478.664,697.899
43.63215,1,1477.765,698.5048,1478.214,698.2019
43.644,1,1475.996,699.8376,1477.105,699.0198
43.65572,1,1475.996,699.8376,1476.551,699.4287
43.66596,1,1475.996,699.8376,1476.274,699.6332
43.68005,1,1474.483,700.2584,1475.378,699.9458
43.68949,1,1474.483,700.2584,1474.931,700.1021
43.70139,1,1472.8,700.9454,1473.865,700.5237
43.70962,1,1472.8,700.9454,1473.333,700.7346
43.72186,1,1472.8,700.9454,1473.066,700.84
43.73462,1,1470.445,702.9808,1471.756,701.9104
43.7429,1,1470.445,702.9808,1471.1,702.4456
43.75636,1,1470.445,702.9808,1470.773,702.7131
43.76759,1,1468.963,704.5678,1469.868,703.6405
43.77605,1,1468.963,704.5678,1469.415,704.1041
43.78857,1,1468.963,704.5678,1469.189,704.3359
43.80234,1,1467.254,705.7365,1468.222,705.0362
43.81079,1,1467.254,705.7365,1467.738,705.3864
43.82181,1,1467.254,705.7365,1467.496,705.5614
43.83429,1,1465.42,706.8727,1466.458,706.217
43.84316,1,1465.42,706.8727,1465.939,706.5449
43.85572,1,1464.283,708.3022,1465.111,707.4236
43.86533,1,1464.283,708.3022,1464.697,707.8629
43.87808,1,1464.283,708.3022,1464.49,708.0825
43.88948,1,1463.224,709.8443,1463.857,708.9634
43.89923,1,1463.224,709.8443,1463.541,709.4038
43.90985,1,1463.224,709.8443,1463.382,709.624
43.92299,1,1462.259,711.5588,1462.821,710.5914
43.92891,1,1462.259,711.5588,1462.54,711.0751
43.9414,1,1462.259,711.5588,1462.4,711.317
43.95522,1,1460.878,713.543,1461.639,712.4301
43.9625,1,1460.878,713.543,1461.259,712.9866
43.97609,1,1459.991,715.8841,1460.625,714.4353
43.98809,1,1459.991,715.8841,1460.308,715.1597
44.00161,1,1459.991,715.8841,1460.149,715.5219
44.00836,1,1458.791,717.843,1459.47,716.6824
44.0215,1,1458.791,717.843,1459.13,717.2627
44.03364,1,1458.791,717.843,1458.96,717.5529
44.04288,1,1458.24,720.0812,1458.6,718.817
44.0541,1,1458.24,720.0812,1458.42,719.4491
44.0634,1,1458.24,720.0812,1458.33,719.7651
44.07742,1,1457.833,722.4909,1458.082,721.1281
44.08595,1,1457.833,722.4909,1457.958,721.8094
44.10167,1,1457.653,724.7767,1457.805,723.2931
44.10871,1,1457.653,724.7767,1457.729,724.0349
44.12065,1,1457.653,724.7767,1457.691,724.4058
44.13184,1,1457.139,727.224,1457.415,725.8149
44.14389,1,1457.139,727.224,1457.277,726.5194
44.15644,1,1456.534,729.6323,1456.905,728.0759
44.16582,1,1456.534,729.6323,1456.719,728.8541
44.17706,1,1456.534,729.6323,1456.626,729.2432
44.19123,1,1455.603,732.3691,1456.115,730.8062
44.20139,1,1455.603,732.3691,1455.859,731.5876
44.20985,1,1455.603,732.3691,1455.731,731.9784
44.23837,1,1454.606,735.1824,1455.168,733.5804
44.24522,1,1454.606,735.1824,1454.887,734.3813
44.25161,1,1453.408,737.6537,1454.147,736.0176
44.26508,1,1453.408,737.6537,1453.778,736.8357
44.27752,1,1452.931,739.8051,1453.354,738.3204
44.28912,1,1452.931,739.8051,1453.143,739.0627
44.30053,1,1452.931,739.8051,1453.037,739.434
44.3084,1,1451.806,742.1421,1452.422,740.788
44.3218,1,1451.806,742.1421,1452.114,741.4651
44.3359,1,1451.806,742.1421,1451.96,741.8036
44.34385,1,1450.467,744.827,1451.214,743.3153
44.35952,1,1450.467,744.827,1450.84,744.0712
44.36638,1,1447.97,747.2818,1449.405,745.6765
44.38026,1,1447.97,747.2818,1448.688,746.4791
44.3942,1,1447.97,747.2818,1448.329,746.8805
44.4007,1,1445.781,750.2786,1447.055,748.5795
44.40946,1,1445.781,750.2786,1446.418,749.4291
44.4219,1,1445.781,750.2786,1446.1,749.8538
44.4314,1,1443.584,753.7521,1444.842,751.803
44.44227,1,1443.584,753.7521,1444.213,752.7776
44.45468,1,1443.584,753.7521,1443.899,753.2649
44.46389,1,1441.085,757.7167,1442.492,755.4908
44.47593,1,1441.085,757.7167,1441.788,756.6038
44.50227,1,1439.01,761.9255,1440.399,759.2646
44.51139,1,1439.01,761.9255,1439.705,760.5951
44.51833,1,1430.384,764.2371,1435.044,762.4161
44.52714,1,1430.384,764.2371,1432.714,763.3267
44.5392,1,1430.384,764.2371,1431.549,763.7819
44.54948,1,1418.693,766.3527,1425.121,765.0673
44.56086,1,1418.693,766.3527,1421.907,765.71
44.56979,1,1418.693,766.3527,1420.3,766.0313
44.58255,1,1408.047,769.0275,1414.174,767.5294
44.59446,1,1408.047,769.0275,1411.11,768.2784
44.60477,1,1408.047,769.0275,1409.579,768.653
44.61828,1,1399.407,772.1829,1404.493,770.4179
44.62881,1,1399.407,772.1829,1401.95,771.3004
44.641,1,1391.76,775.5604,1396.855,773.4304
44.65154,1,1391.76,775.5604,1394.307,774.4954
44.66191,1,1391.76,775.5604,1393.033,775.028
44.67223,1,1386.11,778.6301,1389.572,776.829
44.68479,1,1386.11,778.6301,1387.841,777.7296
44.69424,1,1386.11,778.6301,1386.976,778.1799
44.70433,1,1381.517,781.2776,1384.246,779.7288
44.72126,1,1381.517,781.2776,1382.882,780.5032
44.72778,1,1381.517,781.2776,1382.199,780.8904
44.73842,1,1378.046,783.3447,1380.123,782.1176
44.75111,1,1378.046,783.3447,1379.084,782.7311
44.7611,1,1376.292,785.3533,1377.688,784.0422
44.77073,1,1376.292,785.3533,1376.99,784.6978
44.78635,1,1376.292,785.3533,1376.641,785.0255
44.79387,1,1376.974,790.1016,1376.807,787.5635
44.80444,1,1376.974,790.1016,1376.891,788.8325
44.81823,1,1376.974,790.1016,1376.932,789.467
44.8303,1,1378.063,795.3732,1377.498,792.4201
44.84525,1,1378.063,795.3732,1377.78,793.8966
44.86028,1,1380.011,798.6901,1378.896,796.2933
44.86847,1,1380.011,798.6901,1379.453,797.4917
44.8787,1,1380.011,798.6901,1379.732,798.0909
44.88943,1,1381.425,801.6162,1380.578,799.8536
44.8998,1,1381.425,801.6162,1381.001,800.7349
44.90931,1,1381.425,801.6162,1381.213,801.1755
44.92321,1,1383.054,804.9828,1382.134,803.0792
44.93462,1,1383.054,804.9828,1382.594,804.031
44.94578,1,1385.58,806.8164,1384.087,805.4237
44.95536,1,1385.58,806.8164,1384.833,806.1201
44.9657,1,1385.58,806.8164,1385.207,806.4683
44.97823,1,1387.93,808.8649,1386.568,807.6666
44.98753,1,1387.93,808.8649,1387.249,808.2657
44.99672,1,1387.93,808.8649,1387.59,808.5653
45.00779,1,1390.326,810.997,1388.958,809.7811
45.02161,1,1390.326,810.997,1389.642,810.389
45.02907,1,1390.326,810.997,1389.984,810.693
45.04151,1,1392.886,814.207,1391.435,812.45
45.05225,1,1392.886,814.207,1392.16,813.3285
45.06368,1,1386.561,813.4506,1389.36,813.3895
45.0741,1,1386.561,813.4506,1387.961,813.42
45.0871,1,1386.561,813.4506,1387.261,813.4353
45.0972,1,1312.408,783.8418,1349.834,798.6385
45.10563,1,1312.408,783.8418,1331.121,791.2402
45.11946,1,1312.408,783.8418,1321.764,787.541
45.12918,1,1072.204,684.1272,1196.984,735.8341
45.14056,1,1072.204,684.1272,1134.594,709.9807
45.15217,1,878.8289,602.818,1006.711,656.3993
45.16253,1,878.8289,602.818,942.7701,629.6086
45.17491,1,878.8289,602.818,910.7995,616.2133
45.18584,1,777.1792,559.6655,843.9894,587.9394
45.19538,1,777.1792,559.6655,810.5843,573.8024
45.20528,1,777.1792,559.6655,793.8817,566.7339
45.22117,1,678.4918,545.3383,736.1868,556.0361
45.22739,1,678.4918,545.3383,707.3393,550.6872
45.24191,1,678.4918,545.3383,692.9155,548.0127
45.25217,1,601.6443,549.8658,647.2799,548.9392
45.2633,1,601.6443,549.8658,624.4621,549.4025
45.271,1,601.6443,549.8658,613.0532,549.6342
45.28436,1,566.6074,552.7036,589.8303,551.1689
45.29519,1,566.6074,552.7036,578.2189,551.9363
45.30565,1,548.712,552.7354,563.4655,552.3358
45.31774,1,548.712,552.7354,556.0887,552.5356
45.32485,1,548.712,552.7354,552.4004,552.6355
45.33876,1,540.369,550.5388,546.3847,551.5872
45.35002,1,540.369,550.5388,543.3768,551.063
45.362,1,540.369,550.5388,541.8729,550.8009
45.37146,1,535.7192,551.2165,538.796,551.0087
45.38368,1,535.7192,551.2165,537.2576,551.1125
45.39469,1,575.5706,561.7195,556.4141,556.416
45.4046,1,575.5706,561.7195,565.9923,559.0677
45.41736,1,575.5706,561.7195,570.7815,560.3937
45.42699,1,635.4728,584.3862,603.1272,572.3899
45.43619,1,635.4728,584.3862,619.3,578.3881
45.44922,1,635.4728,584.3862,627.3865,581.3871
45.46098,1,901.0657,669.0537,764.2261,625.2204
45.47435,1,901.0657,669.0537,832.6459,647.1371
45.4828,1,901.0657,669.0537,866.8558,658.0954
45.49113,1,1150.253,747.6259,1008.554,702.8606
45.50882,1,1150.253,747.6259,1079.404,725.2432
45.51693,1,1278.837,789.4405,1179.12,757.3419
45.52441,1,1278.837,789.4405,1228.979,773.3912
45.53745,1,1278.837,789.4405,1253.908,781.4158
45.54903,1,1336.615,807.6104,1295.262,794.5131
45.56036,1,1336.615,807.6104,1315.938,801.0617
45.57047,1,1336.615,807.6104,1326.277,804.3361
45.58391,1,1367.25,815.7136,1346.763,810.0248
45.59414,1,1367.25,815.7136,1357.007,812.8691
45.60434,1,1367.25,815.7136,1362.128,814.2914
45.61618,1,1382.135,820.2725,1372.132,817.2819
45.62545,1,1382.135,820.2725,1377.133,818.7772
45.63833,1,1395.347,824.2869,1386.24,821.5321
45.64882,1,1395.347,824.2869,1390.794,822.9095
45.65816,1,1395.347,824.2869,1393.07,823.5983
45.67006,1,1408.022,826.4503,1400.546,825.0243
45.68045,1,1408.022,826.4503,1404.284,825.7373
45.68948,1,1408.022,826.4503,1406.153,826.0938
45.70235,1,1412.781,827.2834,1409.467,826.6886
45.71394,1,1412.781,827.2834,1411.124,826.986
45.72283,1,1412.781,827.2834,1411.953,827.1348
45.73677,1,1416.411,828.3775,1414.182,827.7561
45.74562,1,1416.411,828.3775,1415.297,828.0668
45.75536,1,1416.411,828.3775,1415.854,828.2222
45.76797,1,1418.136,829.5684,1416.995,828.8953
45.7812,1,1418.136,829.5684,1417.566,829.2318
45.7943,1,1412.34,825.7598,1414.953,827.4958
45.80193,1,1412.34,825.7598,1413.647,826.6278
45.81434,1,1412.34,825.7598,1412.994,826.1938
45.82424,1,1408.434,820.618,1410.714,823.4059
45.8369,1,1408.434,820.618,1409.574,822.012
45.846,1,1408.434,820.618,1409.004,821.315
45.85988,1,1406.227,817.8619,1407.616,819.5885
45.86985,1,1406.227,817.8619,1406.921,818.7252
45.88144,1,1404.096,815.4152,1405.509,817.0702
45.89112,1,1404.096,815.4152,1404.802,816.2427
45.90379,1,1404.096,815.4152,1404.449,815.8289
45.9122,1,1402.379,813.4988,1403.414,814.6639
45.92487,1,1402.379,813.4988,1402.897,814.0814
45.93577,1,1402.379,813.4988,1402.638,813.7901
45.94546,1,1400.771,812.0152,1401.705,812.9026
45.95771,1,1400.771,812.0152,1401.238,812.4589
45.96885,1,1398.933,810.4018,1400.085,811.4304
45.9797,1,1398.933,810.4018,1399.509,810.9161
45.98999,1,1398.933,810.4018,1399.221,810.6589
46.00147,1,1396.684,808.8316,1397.953,809.7452
46.01058,1,1396.684,808.8316,1397.318,809.2885
46.02381,1,1396.684,808.8316,1397.001,809.0601
46.03188,1,1394.257,806.8564,1395.629,807.9583
46.0434,1,1394.257,806.8564,1394.943,807.4073
46.05551,1,1394.257,806.8564,1394.6,807.1318
46.06487,1,1391.833,805.1901,1393.217,806.1609
46.08058,1,1391.833,805.1901,1392.525,805.6755
46.09,1,1389.083,804.1484,1390.804,804.912
46.10391,1,1389.083,804.1484,1389.943,804.5302
46.11355,1,1389.083,804.1484,1389.513,804.3394
46.12434,1,1386.574,802.6788,1388.043,803.509
46.13768,1,1386.574,802.6788,1387.309,803.0939
46.14956,1,1383.748,800.3966,1385.528,801.7452
46.15969,1,1383.748,800.3966,1384.638,801.0709
46.17017,1,1383.748,800.3966,1384.193,800.7338
46.18271,1,1381.478,798.4741,1382.836,799.6039
46.19189,1,1381.478,798.4741,1382.157,799.0391
46.20363,1,1381.478,798.4741,1381.817,798.7566
46.21491,1,1379.311,796.3765,1380.564,797.5665
46.22449,1,1379.311,796.3765,1379.938,796.9716
46.23731,1,1379.311,796.3765,1379.625,796.6741
46.2491,1,1377.059,794.8024,1378.342,795.7382
46.25859,1,1377.059,794.8024,1377.7,795.2703
46.26927,1,1377.059,794.8024,1377.38,795.0363
46.28348,1,1374.726,793.6253,1376.053,794.3308
46.29158,1,1374.726,793.6253,1375.39,793.978
46.30545,1,1372.461,792.6874,1373.925,793.3328
46.31474,1,1372.461,792.6874,1373.193,793.0101
46.3247,1,1372.461,792.6874,1372.827,792.8488
46.33859,1,1369.718,791.5281,1371.272,792.1884
46.34726,1,1369.718,791.5281,1370.495,791.8583
46.35834,1,1369.718,791.5281,1370.106,791.6932
46.37023,1,1366.27,790.8409,1368.188,791.2671
46.38242,1,1366.27,790.8409,1367.229,791.054
46.39505,1,1362.925,790.6594,1365.077,790.8567
46.40445,1,1362.925,790.6594,1364.001,790.7581
46.41593,1,1362.925,790.6594,1363.463,790.7087
46.42537,1,1360.031,789.9806,1361.747,790.3447
46.43735,1,1360.031,789.9806,1360.889,790.1626
46.44798,1,1360.031,789.9806,1360.46,790.0716
46.45967,1,1356.986,789.5461,1358.723,789.8088
46.47102,1,1356.986,789.5461,1357.854,789.6775
46.48164,1,1353.669,789.338,1355.762,789.5078
46.49167,1,1353.669,789.338,1354.715,789.4229
46.50745,1,1353.669,789.338,1354.192,789.3804
46.51715,1,1350.485,788.8083,1352.339,789.0944
46.52563,1,1350.485,788.8083,1351.412,788.9513
46.53944,1,1350.485,788.8083,1350.948,788.8798
46.54816,1,1347.859,787.5684,1349.404,788.2241
46.5611,1,1347.859,787.5684,1348.632,787.8962
46.57184,1,1345.373,786.9066,1347.002,787.4014
46.58242,1,1345.373,786.9066,1346.188,787.1539
46.59446,1,1345.373,786.9066,1345.781,787.0303
46.60477,1,1342.616,786.326,1344.198,786.6781
46.61946,1,1342.616,786.326,1343.407,786.5021
46.62804,1,1342.616,786.326,1343.012,786.4141
46.63957,1,1340.4,785.3718,1341.706,785.8929
46.64953,1,1340.4,785.3718,1341.053,785.6323
46.66135,1,1340.4,785.3718,1340.727,785.5021
46.67033,1,1337.741,784.6495,1339.234,785.0758
46.68226,1,1337.741,784.6495,1338.487,784.8627
46.69146,1,1337.741,784.6495,1338.114,784.7561
46.70536,1,1335.546,783.7488,1336.83,784.2524
46.71654,1,1335.546,783.7488,1336.188,784.0006
46.72515,1,1333.414,782.6353,1334.801,783.318
46.73811,1,1333.414,782.6353,1334.107,782.9767
46.74828,1,1333.414,782.6353,1333.761,782.806
46.76029,1,1331.206,782.0636,1332.484,782.4348
46.77039,1,1331.206,782.0636,1331.845,782.2492
46.7825,1,1331.206,782.0636,1331.526,782.1564
46.80165,1,1329.109,781.8368,1330.317,781.9966
46.80768,1,1329.109,781.8368,1329.713,781.9167
46.8156,1,1327.23,781.2195,1328.471,781.5681
46.82793,1,1327.23,781.2195,1327.85,781.3938
46.84018,1,1327.23,781.2195,1327.54,781.3066
46.84962,1,1325.549,780.486,1326.544,780.8964
46.86073,1,1325.549,780.486,1326.047,780.6912
46.87094,1,1325.549,780.486,1325.798,780.5886
46.88527,1,1322.935,779.5328,1324.366,780.0607
46.89547,1,1322.935,779.5328,1323.651,779.7968
46.9057,1,1319.767,778.8882,1321.709,779.3425
46.91713,1,1319.767,778.8882,1320.738,779.1154
46.9259,1,1319.767,778.8882,1320.252,779.0018
46.94265,1,1316.635,777.8063,1318.444,778.4041
46.95084,1,1316.635,777.8063,1317.54,778.1052
46.96171,1,1316.635,777.8063,1317.087,777.9558
46.97437,1,1313.543,776.5225,1315.315,777.2391
46.98495,1,1313.543,776.5225,1314.429,776.8808
46.99576,1,1310.531,774.9352,1312.48,775.908
47.0056,1,1310.531,774.9352,1311.505,775.4216
47.01841,1,1310.531,774.9352,1311.018,775.1783
47.02753,1,1307.248,773.8309,1309.133,774.5046
47.03817,1,1307.248,773.8309,1308.191,774.1678
47.04744,1,1307.248,773.8309,1307.72,773.9994
47.06018,1,1304.063,772.8677,1305.891,773.4335
47.06975,1,1304.063,772.8677,1304.977,773.1506
47.0833,1,1304.063,772.8677,1304.52,773.0092
47.09396,1,1300.333,771.0972,1302.427,772.0532
47.10281,1,1300.333,771.0972,1301.38,771.5752
47.11607,1,1296.817,769.3884,1299.098,770.4818
47.12614,1,1296.817,769.3884,1297.958,769.9351
47.13987,1,1296.817,769.3884,1297.387,769.6617
47.14554,1,1292.907,767.8297,1295.147,768.7457
47.16007,1,1292.907,767.8297,1294.027,768.2877
47.1716,1,1292.907,767.8297,1293.467,768.0587
47.18192,1,1291.245,765.694,1292.356,766.8763
47.19073,1,1291.245,765.694,1291.8,766.2852
47.20564,1,1290.632,762.1345,1291.216,764.2098
47.21444,1,1290.632,762.1345,1290.924,763.1721
47.22393,1,1290.632,762.1345,1290.778,762.6533
47.23876,1,1289.362,759.3183,1290.07,760.9858
47.24889,1,1289.362,759.3183,1289.716,760.1521
47.25896,1,1289.362,759.3183,1289.539,759.7352
47.26977,1,1287.794,757.5818,1288.667,758.6585
47.2818,1,1287.794,757.5818,1288.23,758.1201
47.29076,1,1287.794,757.5818,1288.012,757.851
47.30407,1,1286.135,755.8829,1287.073,756.8669
47.31564,1,1286.135,755.8829,1286.604,756.3749
47.32343,1,1286.135,755.8829,1286.369,756.1289
47.33788,1,1284.256,754.3995,1285.313,755.2642
47.34663,1,1284.256,754.3995,1284.784,754.8319
47.35859,1,1282.854,753.5312,1283.819,754.1815
47.36948,1,1282.854,753.5312,1283.337,753.8563
47.38057,1,1282.854,753.5312,1283.095,753.6937
47.38943,1,1281.542,752.5583,1282.318,753.126
47.40182,1,1281.542,752.5583,1281.93,752.8422
47.41159,1,1281.542,752.5583,1281.736,752.7002
47.42326,1,1280.051,750.9196,1280.893,751.8099
47.43888,1,1280.051,750.9196,1280.472,751.3647
47.4454,1,1280.051,750.9196,1280.262,751.1422
47.45786,1,1276.849,749.9268,1278.555,750.5345
47.46926,1,1276.849,749.9268,1277.702,750.2307
47.47915,1,1273.417,749.8181,1275.56,750.0244
47.49043,1,1273.417,749.8181,1274.488,749.9213
47.50092,1,1273.417,749.8181,1273.953,749.8697
47.51044,1,1270.816,749.4102,1272.384,749.6399
47.5224,1,1270.816,749.4102,1271.6,749.525
47.53481,1,1270.816,749.4102,1271.208,749.4676
47.54232,1,1268.661,748.9991,1269.934,749.2333
47.55374,1,1268.661,748.9991,1269.298,749.1162
47.56565,1,1268.661,748.9991,1268.979,749.0576
47.57801,1,1266.955,748.2294,1267.967,748.6435
47.58672,1,1266.955,748.2294,1267.461,748.4364
47.59814,1,1265.217,748.0933,1266.339,748.2648
47.60569,1,1265.217,748.0933,1265.778,748.1791
47.6207,1,1265.217,748.0933,1265.498,748.1362
47.63071,1,1263.246,747.8593,1264.372,747.9977
47.64338,1,1263.246,747.8593,1263.809,747.9285
47.65375,1,1263.246,747.8593,1263.528,747.8939
47.66387,1,1260.285,746.4432,1261.906,747.1685
47.67498,1,1260.285,746.4432,1261.095,746.8058
47.68508,1,1260.285,746.4432,1260.69,746.6245
47.69654,1,1257.417,745.4424,1259.054,746.0334
47.70615,1,1257.417,745.4424,1258.236,745.7379
47.7221,1,1254.413,744.9366,1256.324,745.3373
47.72866,1,1254.413,744.9366,1255.368,745.137
47.74058,1,1254.413,744.9366,1254.891,745.0367
47.75215,1,1251.773,744.3313,1253.332,744.684
47.76465,1,1251.773,744.3313,1252.552,744.5077
47.7756,1,1251.773,744.3313,1252.162,744.4195
47.78502,1,1248.873,743.3183,1250.518,743.8689
47.79738,1,1248.873,743.3183,1249.696,743.5936
47.80751,1,1248.873,743.3183,1249.284,743.4559
47.81939,1,1246.319,742.5009,1247.802,742.9784
47.83052,1,1246.319,742.5009,1247.06,742.7396
47.84265,1,1243.529,741.3639,1245.294,742.0518
47.85226,1,1243.529,741.3639,1244.411,741.7078
47.86471,1,1243.529,741.3639,1243.97,741.5359
47.87507,1,1241.806,739.9434,1242.888,740.7396
47.88551,1,1241.806,739.9434,1242.347,740.3416
47.89764,1,1241.806,739.9434,1242.077,740.1425
47.90708,1,1239.927,738.451,1241.002,739.2968
47.91938,1,1239.927,738.451,1240.464,738.8739
47.93096,1,1238.033,736.4099,1239.248,737.6419
47.94083,1,1238.033,736.4099,1238.64,737.0259
47.95187,1,1238.033,736.4099,1238.336,736.7179
47.96311,1,1235.912,734.2763,1237.124,735.4971
47.97394,1,1235.912,734.2763,1236.518,734.8867
47.98526,1,1235.912,734.2763,1236.215,734.5815
47.99611,1,1233.748,731.3846,1234.982,732.9831
48.00547,1,1233.748,731.3846,1234.365,732.1838
48.01677,1,1233.748,731.3846,1234.056,731.7842
48.02849,1,1231.567,729.3472,1232.812,730.5657
48.0406,1,1231.567,729.3472,1232.189,729.9564
48.051,1,1231.567,729.3472,1231.878,729.6518
48.06273,1,1229.364,727.6681,1230.621,728.6599
48.07365,1,1229.364,727.6681,1229.992,728.164
48.0848,1,1227.454,726.0922,1228.723,727.1281
48.09722,1,1227.454,726.0922,1228.088,726.6101
48.10513,1,1227.454,726.0922,1227.771,726.3511
48.11966,1,1225.752,724.0428,1226.762,725.197
48.12915,1,1225.752,724.0428,1226.257,724.6199
48.14324,1,1223.739,722.1636,1224.998,723.3917
48.15117,1,1223.739,722.1636,1224.368,722.7776
48.16384,1,1223.739,722.1636,1224.053,722.4706
48.17131,1,1223.739,722.1636,1223.896,722.3171
48.18278,1,1221.279,720.5224,1222.588,721.4197
48.19517,1,1221.279,720.5224,1221.933,720.9711
48.20456,1,1218.701,718.7886,1220.317,719.8798
48.21592,1,1218.701,718.7886,1219.509,719.3342
48.22664,1,1218.701,718.7886,1219.105,719.0614
48.24113,1,1216.15,716.8606,1217.627,717.961
48.24978,1,1216.15,716.8606,1216.888,717.4108
48.26542,1,1213.857,716.3824,1215.373,716.8966
48.27548,1,1213.857,716.3824,1214.615,716.6395
48.28529,1,1213.857,716.3824,1214.236,716.511
48.2975,1,1212.273,715.601,1213.255,716.056
48.30597,1,1212.273,715.601,1212.764,715.8285
48.31774,1,1212.273,715.601,1212.519,715.7147
48.32778,1,1210.382,714.5043,1211.45,715.1095
48.33905,1,1210.382,714.5043,1210.916,714.8069
48.34945,1,1210.382,714.5043,1210.649,714.6556
48.3627,1,1207.581,713.5039,1209.115,714.0798
48.37081,1,1207.581,713.5039,1208.348,713.7919
48.38282,1,1207.581,713.5039,1207.965,713.6479
48.39176,1,1204.695,713.5536,1206.33,713.6007
48.404,1,1204.695,713.5536,1205.512,713.5771
48.41446,1,1202.536,713.9132,1204.024,713.7452
48.42714,1,1202.536,713.9132,1203.28,713.8292
48.43914,1,1202.536,713.9132,1202.908,713.8712
48.44719,1,1201.385,714.0059,1202.147,713.9386
48.46185,1,1201.385,714.0059,1201.766,713.9723
48.46884,1,1201.385,714.0059,1201.576,713.9891
48.48024,1,1202.993,713.712,1202.284,713.8506
48.49088,1,1202.993,713.712,1202.638,713.7813
48.50109,1,1202.993,713.712,1202.816,713.7467
48.5107,1,1205.812,713.2773,1204.314,713.512
48.52517,1,1205.812,713.2773,1205.063,713.3947
48.5343,1,1205.812,713.2773,1205.437,713.336
48.54355,1,1208.581,712.6553,1207.009,712.9957
48.55328,1,1208.581,712.6553,1207.795,712.8255
48.56464,1,1208.581,712.6553,1208.188,712.7404
48.57547,1,1212.028,711.6755,1210.108,712.2079
48.58501,1,1212.028,711.6755,1211.068,711.9417
48.59969,1,1215.924,710.7203,1213.496,711.331
48.60893,1,1215.924,710.7203,1214.71,711.0256
48.62049,1,1215.924,710.7203,1215.317,710.8729
48.62982,1,1220.703,709.9396,1218.01,710.4063
48.64322,1,1220.703,709.9396,1219.356,710.173
48.65399,1,1220.703,709.9396,1220.03,710.0563
48.66426,1,1225.512,708.7269,1222.771,709.3916
48.67882,1,1225.512,708.7269,1224.142,709.0592
48.68916,1,1229.721,708.3178,1226.931,708.6885
48.69989,1,1229.721,708.3178,1228.326,708.5032
48.70857,1,1229.721,708.3178,1229.024,708.4105
48.72275,1,1232.236,705.2515,1230.63,706.831
48.73542,1,1232.236,705.2515,1231.433,706.0413
48.74388,1,1232.236,705.2515,1231.834,705.6464
48.75662,1,1233.346,701.0001,1232.59,703.3232
48.76734,1,1233.346,701.0001,1232.969,702.1616
48.78112,1,1234.438,697.0327,1233.703,699.5972
48.78945,1,1234.438,697.0327,1234.071,698.3149
48.80132,1,1234.438,697.0327,1234.254,697.6738
48.81132,1,1235.926,692.9894,1235.09,695.3316
48.82447,1,1235.926,692.9894,1235.508,694.1605
48.83664,1,1235.926,692.9894,1235.717,693.575
48.84613,1,1236.487,689.9608,1236.102,691.7679
48.85949,1,1236.487,689.9608,1236.295,690.8644
48.86841,1,1236.602,686.4921,1236.448,688.6782
48.88084,1,1236.602,686.4921,1236.525,687.5851
48.89161,1,1236.602,686.4921,1236.563,687.0386
48.90149,1,1237.049,683.4942,1236.806,685.2664
48.91078,1,1237.049,683.4942,1236.927,684.3802
48.92442,1,1237.049,683.4942,1236.988,683.9373
48.93419,1,1237.305,681.0899,1237.147,682.5135
48.94673,1,1237.305,681.0899,1237.226,681.8018
48.95673,1,1237.305,681.0899,1237.266,681.4458
48.96644,1,1236.906,679.5529,1237.086,680.4993
48.97868,1,1236.906,679.5529,1236.996,680.0261
48.98774,1,1236.906,679.5529,1236.951,679.7895
48.9974,1,1237.1,678.2452,1237.026,679.0173
49.00885,1,1237.1,678.2452,1237.063,678.6312
49.02063,1,1237.56,676.7495,1237.312,677.6903
49.02787,1,1237.56,676.7495,1237.436,677.2198
49.04033,1,1237.56,676.7495,1237.498,676.9846
49.05166,1,1237.591,675.3185,1237.545,676.1516
49.06584,1,1237.591,675.3185,1237.568,675.7351
49.07487,1,1237.591,675.3185,1237.58,675.5269
49.08731,1,1237.937,674.2314,1237.759,674.8792
49.09874,1,1237.937,674.2314,1237.848,674.5553
49.10704,1,1237.937,674.2314,1237.893,674.3933
49.11987,1,1238.298,673.2378,1238.095,673.8156
49.12973,1,1238.298,673.2378,1238.197,673.5267
49.1408,1,1238.623,671.7657,1238.41,672.6462
49.15471,1,1238.623,671.7657,1238.517,672.206
49.16185,1,1238.623,671.7657,1238.57,671.9858
49.17221,1,1239.233,669.8485,1238.902,670.9172
49.18964,1,1239.233,669.8485,1239.067,670.3828
49.19686,1,1239.233,669.8485,1239.15,670.1157
49.20704,1,1239.82,667.9559,1239.485,669.0358
49.22155,1,1239.82,667.9559,1239.652,668.4958
49.22996,1,1240.375,666.025,1240.014,667.2604
49.24542,1,1240.375,666.025,1240.194,666.6427
49.25423,1,1240.375,666.025,1240.284,666.3339
49.26654,1,1242.884,664.1484,1241.584,665.2411
49.27637,1,1242.884,664.1484,1242.234,664.6948
49.2859,1,1242.884,664.1484,1242.559,664.4216
49.29654,1,1246.192,661.9656,1244.375,663.1936
49.30695,1,1246.192,661.9656,1245.284,662.5796
49.32085,1,1249.11,659.5047,1247.197,661.0421
49.33088,1,1249.11,659.5047,1248.154,660.2734
49.3424,1,1249.11,659.5047,1248.632,659.889
49.35352,1,1251.872,658.0347,1250.252,658.9619
49.3639,1,1251.872,658.0347,1251.062,658.4983
49.37529,1,1251.872,658.0347,1251.467,658.2665
49.38965,1,1254.261,656.0824,1252.864,657.1744
49.39983,1,1254.261,656.0824,1253.563,656.6284
49.40985,1,1254.261,656.0824,1253.912,656.3554
49.42343,1,1256.07,653.1085,1254.991,654.7319
49.43195,1,1256.07,653.1085,1255.531,653.9202
49.44365,1,1258.077,651.3271,1256.804,652.6237
49.46019,1,1258.077,651.3271,1257.44,651.9753
49.46689,1,1258.077,651.3271,1257.759,651.6512
49.4785,1,1260.629,649.4575,1259.194,650.5543
49.48845,1,1260.629,649.4575,1259.912,650.0059
49.50621,1,1263.205,646.9716,1261.558,648.4887
49.51757,1,1263.205,646.9716,1262.382,647.7301
49.53051,1,1263.205,646.9716,1262.793,647.3508
49.53946,1,1265.125,645.372,1263.959,646.3615
49.54746,1,1265.125,645.372,1264.542,645.8667
49.55854,1,1265.125,645.372,1264.833,645.6194
49.57006,1,1267.017,644.7685,1265.925,645.194
49.58168,1,1267.017,644.7685,1266.471,644.9812
49.59188,1,1267.017,644.7685,1266.744,644.8749
49.60756,1,1268.731,643.372,1267.738,644.1234
49.61894,1,1268.731,643.372,1268.234,643.7477
49.62671,1,1269.952,640.647,1269.093,642.1974
49.63848,1,1269.952,640.647,1269.523,641.4222
49.64998,1,1269.952,640.647,1269.738,641.0347
49.66179,1,1271.961,637.7345,1270.849,639.3846
49.67167,1,1271.961,637.7345,1271.406,638.5596
49.68318,1,1274.063,635.3345,1272.734,636.947
49.69439,1,1274.063,635.3345,1273.398,636.1407
49.70294,1,1274.063,635.3345,1273.73,635.7377
49.7147,1,1275.973,633.7321,1274.852,634.7349
49.72486,1,1275.973,633.7321,1275.412,634.2335
49.73792,1,1275.973,633.7321,1275.692,633.9828
49.75111,1,1277.809,632.7879,1276.751,633.3854
49.76028,1,1277.809,632.7879,1277.28,633.0867
49.77121,1,1277.809,632.7879,1277.544,632.9373
49.78289,1,1277.143,630.465,1277.344,631.7012
49.79171,1,1277.143,630.465,1277.243,631.0831
49.80553,1,1260.97,630.1066,1269.107,630.5948
49.81693,1,1260.97,630.1066,1265.038,630.3507
49.82457,1,1260.97,630.1066,1263.004,630.2286
49.83931,1,1235.354,630.9672,1249.179,630.5979
49.84804,1,1235.354,630.9672,1242.266,630.7826
49.85955,1,1235.354,630.9672,1238.81,630.8749
49.87069,1,1206.244,632.8926,1222.527,631.8838
49.88366,1,1206.244,632.8926,1214.386,632.3882
49.892,1,1206.244,632.8926,1210.315,632.6404
49.90469,1,1099.664,644.5861,1154.989,638.6132
49.91697,1,1099.664,644.5861,1127.327,641.5996
49.92491,1,891.6207,671.3973,1009.474,656.4985
49.93933,1,891.6207,671.3973,950.5471,663.9479
49.95157,1,891.6207,671.3973,921.0839,667.6726
49.95955,1,736.151,689.704,828.6174,678.6884
49.96939,1,736.151,689.704,782.3842,684.1962
49.98012,1,736.151,689.704,759.2676,686.9501
49.98997,1,650.3758,699.4648,704.8217,693.2075
50.00219,1,650.3758,699.4648,677.5988,696.3362
50.01387,1,650.3758,699.4648,663.9873,697.9005
50.02301,1,606.1272,703.6334,635.0573,700.767
50.03738,1,606.1272,703.6334,620.5922,702.2002
50.04602,1,577.3836,705.8245,598.9879,704.0123
50.05793,1,577.3836,705.8245,588.1858,704.9185
50.06921,1,577.3836,705.8245,582.7847,705.3715
50.08031,1,556.2643,708.2704,569.5245,706.8209
50.08971,1,556.2643,708.2704,562.8944,707.5457
50.10289,1,556.2643,708.2704,559.5793,707.908
50.11467,1,544.0544,710.8991,551.8169,709.4036
50.12461,1,544.0544,710.8991,547.9357,710.1514
50.1379,1,553.3809,711.6531,550.6583,710.9022
50.1493,1,553.3809,711.6531,552.0195,711.2776
50.16028,1,553.3809,711.6531,552.7002,711.4653
50.16939,1,604.2727,707.895,578.4865,709.6802
50.1829,1,604.2727,707.895,591.3796,708.7876
50.19643,1,604.2727,707.895,597.8262,708.3413
50.20562,1,728.8889,692.5938,663.3575,700.4675
50.2189,1,728.8889,692.5938,696.1232,696.5306
50.2259,1,728.8889,692.5938,712.506,694.5622
50.24048,1,977.0554,650.6151,844.7806,672.5886
50.25048,1,977.0554,650.6151,910.918,661.6019
50.26323,1,1149.861,621.4992,1030.39,641.5505
50.27694,1,1149.861,621.4992,1090.125,631.5249
50.2885,1,1238.2,607.8526,1164.163,619.6887
50.29774,1,1238.2,607.8526,1201.182,613.7706
50.30616,1,1238.2,607.8526,1219.691,610.8116
50.31922,1,1282.243,596.6054,1250.967,603.7085
50.32856,1,1282.243,596.6054,1266.605,600.157
50.34047,1,1282.243,596.6054,1274.424,598.3812
50.3501,1,1303.503,593.8462,1288.963,596.1137
50.36185,1,1303.503,593.8462,1296.233,594.98
50.37155,1,1303.503,593.8462,1299.868,594.4131
50.38763,1,1314.513,591.8179,1307.191,593.1155
50.39947,1,1314.513,591.8179,1310.852,592.4667
50.40719,1,1314.513,591.8179,1312.683,592.1423
50.42038,1,1319.643,587.3864,1316.163,589.7643
50.43402,1,1319.643,587.3864,1317.903,588.5753
50.44362,1,1321.96,584.1425,1319.932,586.3589
50.45729,1,1321.96,584.1425,1320.946,585.2507
50.46587,1,1321.96,584.1425,1321.453,584.6965
50.47812,1,1324.028,581.3169,1322.74,583.0067
50.4879,1,1324.028,581.3169,1323.384,582.1618
50.50092,1,1312.854,583.8511,1318.119,583.0065
50.51023,1,1312.854,583.8511,1315.487,583.4288
50.52222,1,1312.854,583.8511,1314.171,583.64
50.53142,1,1303.534,589.2557,1308.852,586.4479
50.54266,1,1303.534,589.2557,1306.193,587.8518
50.55249,1,1303.534,589.2557,1304.864,588.5538
50.5654,1,1298.141,591.8176,1301.502,590.1857
50.57597,1,1298.141,591.8176,1299.822,591.0016
50.58558,1,1298.141,591.8176,1298.981,591.4097
50.59658,1,1294.89,593.7731,1296.936,592.5914
50.60616,1,1294.89,593.7731,1295.913,593.1823
50.61845,1,1294.89,593.7731,1295.401,593.4777
50.62785,1,1292.357,595.4178,1293.879,594.4478
50.64117,1,1292.357,595.4178,1293.118,594.9327
50.65062,1,1289.496,597.0217,1291.307,595.9772
50.66146,1,1289.496,597.0217,1290.401,596.4994
50.67094,1,1289.496,597.0217,1289.948,596.7605
50.68328,1,1285.615,599.874,1287.782,598.3173
50.69446,1,1285.615,599.874,1286.698,599.0956
50.70289,1,1285.615,599.874,1286.157,599.4849
50.71775,1,1282.017,602.4617,1284.087,600.9733
50.72663,1,1282.017,602.4617,1283.052,601.7175
50.73877,1,1282.017,602.4617,1282.534,602.0896
50.74877,1,1278.18,605.1936,1280.357,603.6416
50.76027,1,1278.18,605.1936,1279.268,604.4176
50.77032,1,1274.406,606.9145,1276.837,605.666
50.78286,1,1274.406,606.9145,1275.621,606.2903
50.78988,1,1274.406,606.9145,1275.013,606.6024
50.80217,1,1271.361,608.5511,1273.188,607.5768
50.81193,1,1271.361,608.5511,1272.274,608.064
50.82528,1,1271.361,608.5511,1271.818,608.3076
50.83756,1,1268.111,610.699,1269.965,609.5033
50.84622,1,1268.111,610.699,1269.038,610.1011
50.85823,1,1268.111,610.699,1268.574,610.4
50.86928,1,1265.293,612.7308,1266.934,611.5654
50.88401,1,1265.293,612.7308,1266.113,612.1481
50.89234,1,1262.678,615.4244,1264.396,613.7863
50.90589,1,1262.678,615.4244,1263.537,614.6053
50.91598,1,1262.678,615.4244,1263.107,615.0149
50.92576,1,1260.741,617.7715,1261.924,616.3932
50.93796,1,1260.741,617.7715,1261.333,617.0823
50.94699,1,1260.741,617.7715,1261.037,617.4269
50.96139,1,1258.639,619.2274,1259.838,618.3271
50.97135,1,1258.639,619.2274,1259.238,618.7772
50.98232,1,1257.022,621.0443,1258.13,619.9108
50.995,1,1257.022,621.0443,1257.576,620.4775
51.00438,1,1257.022,621.0443,1257.299,620.7609
51.01815,1,1255.493,623.8276,1256.396,622.2942
51.03399,1,1255.493,623.8276,1255.944,623.0609
51.04144,1,1255.493,623.8276,1255.719,623.4442
51.05738,1,1254.411,626.4711,1255.065,624.9576
51.06505,1,1254.411,626.4711,1254.738,625.7144
51.0785,1,1252.803,629.3572,1253.771,627.5358
51.08917,1,1252.803,629.3572,1253.287,628.4465
51.10242,1,1252.803,629.3572,1253.045,628.9019
51.11068,1,1250.325,632.4431,1251.685,630.6725
51.12472,1,1250.325,632.4431,1251.005,631.5577
51.13701,1,1247.325,635.4608,1249.165,633.5093
51.1464,1,1247.325,635.4608,1248.245,634.485
51.15795,1,1247.325,635.4608,1247.785,634.9729
51.16651,1,1243.123,637.7549,1245.454,636.3639
51.18055,1,1243.123,637.7549,1244.289,637.0594
51.19011,1,1243.123,637.7549,1243.706,637.4071
51.20198,1,1238.924,640.2019,1241.315,638.8045
51.23017,1,1235.253,643.5894,1238.284,641.197
51.2406,1,1235.253,643.5894,1236.768,642.3932
51.24782,1,1235.253,643.5894,1236.01,642.9913
51.25921,1,1232.19,646.4382,1234.1,644.7148
51.26957,1,1232.19,646.4382,1233.145,645.5765
51.28131,1,1232.19,646.4382,1232.668,646.0074
51.29476,1,1228.82,648.7344,1230.744,647.3708
51.30459,1,1228.82,648.7344,1229.782,648.0526
51.3183,1,1226.678,650.9482,1228.23,649.5004
51.32722,1,1226.678,650.9482,1227.454,650.2244
51.33847,1,1226.678,650.9482,1227.066,650.5863
51.35062,1,1224.941,652.8519,1226.003,651.7191
51.36235,1,1224.941,652.8519,1225.472,652.2855
51.37198,1,1224.941,652.8519,1225.207,652.5687
51.38774,1,1223.307,654.8771,1224.257,653.7229
51.3969,1,1223.307,654.8771,1223.782,654.3
51.40757,1,1221.552,656.9272,1222.667,655.6136
51.42186,1,1221.552,656.9272,1222.11,656.2704
51.43163,1,1221.552,656.9272,1221.831,656.5988
51.44214,1,1220.026,658.831,1220.928,657.7148
51.45463,1,1220.026,658.831,1220.477,658.2729
51.46507,1,1220.026,658.831,1220.251,658.552
51.47647,1,1218.082,660.1342,1219.167,659.3431
51.48621,1,1218.082,660.1342,1218.624,659.7386
51.49862,1,1216.642,661.4338,1217.633,660.5862
51.50777,1,1216.642,661.4338,1217.137,661.01
51.52042,1,1216.642,661.4338,1216.889,661.2219
51.5339,1,1214.602,663.295,1215.746,662.2584
51.54132,1,1214.602,663.295,1215.174,662.7767
51.55518,1,1214.602,663.295,1214.888,663.0359
51.56448,1,1212.441,664.8091,1213.664,663.9225
51.57509,1,1212.441,664.8091,1213.052,664.3658
51.58821,1,1210.136,665.8598,1211.594,665.1128
51.59845,1,1210.136,665.8598,1210.865,665.4863
51.60755,1,1210.136,665.8598,1210.5,665.6731
51.62204,1,1208.023,666.4881,1209.262,666.0806
51.63317,1,1208.023,666.4881,1208.642,666.2843
51.64186,1,1208.023,666.4881,1208.333,666.3862
51.65532,1,1205.774,667.6994,1207.053,667.0428
51.66439,1,1205.774,667.6994,1206.414,667.3711
51.67789,1,1203.689,669.1378,1205.052,668.2545
51.68779,1,1203.689,669.1378,1204.37,668.6962
51.70057,1,1203.689,669.1378,1204.03,668.917
51.71077,1,1201.585,670.3167,1202.807,669.6168
51.72161,1,1201.585,670.3167,1202.196,669.9667
51.73339,1,1201.585,670.3167,1201.89,670.1417
51.74261,1,1200.16,671.5766,1201.025,670.8591
51.75489,1,1200.16,671.5766,1200.593,671.2179
51.76207,1,1200.16,671.5766,1200.376,671.3972
51.77448,1,1199.392,672.6051,1199.884,672.0012
51.78662,1,1199.392,672.6051,1199.638,672.3031
51.79631,1,1199.392,672.6051,1199.515,672.4541
51.80714,1,1199.952,672.2551,1199.733,672.3546
51.81963,1,1199.952,672.2551,1199.843,672.3049
51.82895,1,1201.706,670.5007,1200.774,671.4028
51.85192,1,1201.706,670.5007,1201.24,670.9517
51.86069,1,1202.851,668.3752,1202.046,669.6635
51.86656,1,1202.851,668.3752,1202.448,669.0193
51.87877,1,1202.851,668.3752,1202.65,668.6973
51.8889,1,1204.294,665.1348,1203.472,666.916
51.89998,1,1204.294,665.1348,1203.883,666.0254
51.90965,1,1204.294,665.1348,1204.089,665.5801
51.9446,1,1206.43,660.9896,1205.259,663.2849
51.95653,1,1208.461,658.1768,1206.86,660.7308
51.96456,1,1208.461,658.1768,1207.661,659.4538
51.97361,1,1208.461,658.1768,1208.061,658.8153
51.98198,1,1210.729,655.7116,1209.395,657.2634
51.99185,1,1210.729,655.7116,1210.062,656.4875
52.00483,1,1210.729,655.7116,1210.396,656.0996
52.01503,1,1213.121,654.0318,1211.758,655.0657
52.02472,1,1213.121,654.0318,1212.44,654.5487
52.03701,1,1213.121,654.0318,1212.78,654.2903
52.04921,1,1215.752,651.9203,1214.266,653.1053
52.05856,1,1215.752,651.9203,1215.009,652.5128
52.06861,1,1215.752,651.9203,1215.38,652.2166
52.08206,1,1218.701,649.698,1217.041,650.9573
52.09017,1,1218.701,649.698,1217.871,650.3276
52.10331,1,1221.459,648.0738,1219.665,649.2007
52.11384,1,1221.459,648.0738,1220.562,648.6372
52.1235,1,1221.459,648.0738,1221.01,648.3555
52.13472,1,1224.219,646.1402,1222.615,647.2478
52.14685,1,1224.219,646.1402,1223.417,646.694
52.15847,1,1224.219,646.1402,1223.818,646.4171
52.16835,1,1226.362,644.8503,1225.09,645.6337
52.17976,1,1226.362,644.8503,1225.726,645.2419
52.19073,1,1228.655,643.847,1227.191,644.5444
52.20543,1,1228.655,643.847,1227.923,644.1957
52.21374,1,1228.655,643.847,1228.289,644.0214
52.22261,1,1231.265,642.4852,1229.777,643.2533
52.23663,1,1231.265,642.4852,1230.521,642.8693
52.24561,1,1231.265,642.4852,1230.893,642.6772
52.2565,1,1232.475,641.4626,1231.684,642.0699
52.26614,1,1232.475,641.4626,1232.079,641.7662
52.28159,1,1234.103,640.488,1233.091,641.1271
52.28888,1,1234.103,640.488,1233.597,640.8075
52.30124,1,1234.103,640.488,1233.85,640.6477
52.31425,1,1235.749,639.4976,1234.8,640.0726
52.32215,1,1235.749,639.4976,1235.275,639.7852
52.33523,1,1235.749,639.4976,1235.512,639.6414
52.3463,1,1237.578,638.1401,1236.545,638.8907
52.35867,1,1237.578,638.1401,1237.062,638.5154
52.37046,1,1237.578,638.1401,1237.32,638.3278
52.38071,1,1239.955,636.6017,1238.638,637.4647
52.39026,1,1239.955,636.6017,1239.297,637.0332
52.406,1,1241.691,635.6094,1240.494,636.3213
52.41439,1,1241.691,635.6094,1241.092,635.9653
52.42435,1,1241.691,635.6094,1241.392,635.7874
52.43988,1,1243.201,635.1229,1242.296,635.4551
52.44674,1,1243.201,635.1229,1242.749,635.2889
52.46019,1,1243.201,635.1229,1242.975,635.2059
52.46985,1,1244.527,634.5209,1243.751,634.8634
52.48484,1,1244.527,634.5209,1244.139,634.6921
52.49575,1,1247.698,631.3781,1245.918,633.0352
52.50341,1,1247.698,631.3781,1246.808,632.2067
52.51838,1,1247.698,631.3781,1247.253,631.7924
52.52704,1,1252.446,627.5684,1249.85,629.6804
52.53782,1,1252.446,627.5684,1251.148,628.6244
52.54971,1,1252.446,627.5684,1251.797,628.0964
52.56182,1,1257.679,623.4639,1254.738,625.7802
52.57073,1,1257.679,623.4639,1256.209,624.622
52.58239,1,1257.679,623.4639,1256.944,624.043
52.59552,1,1263.8,620.0256,1260.372,622.0343
52.63051,1,1269.133,615.6641,1264.752,618.8492
52.6426,1,1269.133,615.6641,1266.942,617.2566
52.64983,1,1273.249,612.4979,1270.095,614.8773
52.65829,1,1273.249,612.4979,1271.672,613.6876
52.67054,1,1273.249,612.4979,1272.46,613.0928
52.68121,1,1277.539,609.6854,1275,611.3891
52.69358,1,1277.539,609.6854,1276.269,610.5372
52.70481,1,1281.769,607.4977,1279.019,609.0175
52.71616,1,1281.769,607.4977,1280.394,608.2576
52.72689,1,1281.769,607.4977,1281.082,607.8777
52.7397,1,1284.554,606.6261,1282.818,607.2519
52.74782,1,1284.554,606.6261,1283.686,606.939
52.75889,1,1284.554,606.6261,1284.12,606.7825
52.77019,1,1285.923,605.3356,1285.021,606.0591
52.78218,1,1285.923,605.3356,1285.472,605.6974
52.78975,1,1285.923,605.3356,1285.697,605.5165
52.80287,1,1286.734,604.0017,1286.216,604.7591
52.81215,1,1286.734,604.0017,1286.475,604.3804
52.82292,1,1286.734,604.0017,1286.605,604.191
52.83603,1,1286.885,603.817,1286.745,604.004
52.84781,1,1286.885,603.817,1286.815,603.9105
52.85806,1,1285.52,604.5667,1286.167,604.2386
52.86836,1,1285.52,604.5667,1285.844,604.4027
52.88292,1,1285.52,604.5667,1285.682,604.4847
52.88976,1,1284.537,605.2216,1285.109,604.8531
52.90292,1,1284.537,605.2216,1284.823,605.0374
52.91418,1,1284.537,605.2216,1284.68,605.1295
52.92428,1,1283.767,605.717,1284.224,605.4233
52.94049,1,1283.767,605.717,1283.995,605.5702
52.94861,1,1283.166,606.0034,1283.581,605.7868
52.95912,1,1283.166,606.0034,1283.374,605.8951
52.97149,1,1283.166,606.0034,1283.27,605.9493
52.97968,1,1282.292,606.3198,1282.781,606.1345
52.99054,1,1282.292,606.3198,1282.536,606.2272
53.00322,1,1282.292,606.3198,1282.414,606.2735
53.01691,1,1281.029,606.519,1281.721,606.3962
53.02377,1,1281.029,606.519,1281.375,606.4576
53.03704,1,1279.359,606.7092,1280.367,606.5834
53.04573,1,1279.359,606.7092,1279.863,606.6462
53.05787,1,1279.359,606.7092,1279.611,606.6777
53.06965,1,1277.653,607.0721,1278.632,606.8749
53.08274,1,1277.653,607.0721,1278.143,606.9735
53.09118,1,1277.653,607.0721,1277.898,607.0228
53.10382,1,1276.072,607.5092,1276.985,607.266
53.1136,1,1276.072,607.5092,1276.529,607.3876
53.12275,1,1276.072,607.5092,1276.3,607.4484
53.13607,1,1274.434,607.3495,1275.367,607.3989
53.14436,1,1274.434,607.3495,1274.901,607.3743
53.15673,1,1274.434,607.3495,1274.667,607.3619
53.16895,1,1273.008,607.6899,1273.838,607.5259
53.17775,1,1273.008,607.6899,1273.423,607.6079
53.18939,1,1271.811,608.5725,1272.617,608.0902
53.20474,1,1271.811,608.5725,1272.214,608.3314
53.21118,1,1271.811,608.5725,1272.013,608.4519
53.2242,1,1270.436,609.4308,1271.224,608.9413
53.23581,1,1270.436,609.4308,1270.83,609.186
53.24667,1,1270.436,609.4308,1270.633,609.3084
53.25723,1,1268.582,610.3365,1269.608,609.8225
53.26944,1,1268.582,610.3365,1269.095,610.0795
53.27948,1,1267.004,611.4935,1268.049,610.7865
53.28934,1,1267.004,611.4935,1267.526,611.14
53.30217,1,1267.004,611.4935,1267.265,611.3168
53.30986,1,1265.683,613.6262,1266.474,612.4714
53.32203,1,1265.683,613.6262,1266.078,613.0488
53.33209,1,1265.683,613.6262,1265.88,613.3375
53.34632,1,1264.571,615.1603,1265.226,614.2489
53.35782,1,1264.571,615.1603,1264.898,614.7046
53.36905,1,1263.396,615.9525,1264.147,615.3285
53.37819,1,1263.396,615.9525,1263.771,615.6405
53.38884,1,1263.396,615.9525,1263.584,615.7965
53.40162,1,1261.922,617.382,1262.753,616.5892
53.4107,1,1261.922,617.382,1262.338,616.9856
53.42267,1,1261.922,617.382,1262.13,617.1838
53.43755,1,1260.495,618.8547,1261.313,618.0193
53.44426,1,1260.495,618.8547,1260.904,618.437
53.45805,1,1260.495,618.8547,1260.7,618.6459
53.46783,1,1259.079,620.0593,1259.889,619.3525
53.47978,1,1259.079,620.0593,1259.484,619.7059
53.4904,1,1254.3,621.8568,1256.892,620.7814
53.50508,1,1254.3,621.8568,1255.596,621.3191
53.5159,1,1254.3,621.8568,1254.948,621.588
53.52528,1,1248.433,623.635,1251.69,622.6115
53.5385,1,1248.433,623.635,1250.062,623.1232
53.5699,1,1241.365,624.2415,1245.713,623.6824
53.5813,1,1235.21,625.8672,1240.462,624.7748
53.58818,1,1235.21,625.8672,1237.836,625.321
53.59777,1,1235.21,625.8672,1236.523,625.5941
53.60832,1,1235.21,625.8672,1235.866,625.7307
53.62059,1,1229.517,628.0793,1232.692,626.905
53.63132,1,1229.517,628.0793,1231.104,627.4922
53.64177,1,1224.948,630.3719,1228.026,628.932
53.65498,1,1224.948,630.3719,1226.487,629.652
53.66444,1,1224.948,630.3719,1225.718,630.012
53.6743,1,1220.965,633.3608,1223.341,631.6864
53.68612,1,1220.965,633.3608,1222.153,632.5236
53.69644,1,1220.965,633.3608,1221.559,632.9421
53.70813,1,1217.585,635.231,1219.572,634.0865
53.72079,1,1217.585,635.231,1218.579,634.6588
53.72923,1,1217.585,635.231,1218.082,634.9449
53.741,1,1215.277,638.4133,1216.679,636.6791
53.75359,1,1215.277,638.4133,1215.978,637.5463
53.76191,1,1212.22,641.4774,1214.099,639.5118
53.77544,1,1212.22,641.4774,1213.16,640.4946
53.78538,1,1212.22,641.4774,1212.69,640.986
53.79741,1,1210.471,643.1848,1211.58,642.0853
53.80635,1,1210.471,643.1848,1211.026,642.635
53.81993,1,1210.471,643.1848,1210.748,642.9099
53.83027,1,1208.775,644.6438,1209.762,643.7769
53.84196,1,1208.775,644.6438,1209.268,644.2103
53.8518,1,1207.488,646.5018,1208.378,645.3561
53.86373,1,1207.488,646.5018,1207.933,645.929
53.87599,1,1207.488,646.5018,1207.71,646.2154
53.88379,1,1206.06,647.4413,1206.885,646.8284
53.89641,1,1206.06,647.4413,1206.472,647.1348
53.90641,1,1206.06,647.4413,1206.266,647.2881
53.91836,1,1205.069,648.1299,1205.668,647.709
53.92843,1,1205.069,648.1299,1205.369,647.9194
53.94065,1,1205.069,648.1299,1205.219,648.0247
53.95307,1,1203.693,649.1366,1204.456,648.5806
53.96318,1,1203.693,649.1366,1204.074,648.8586
53.97547,1,1202.463,650.1751,1203.269,649.5168
53.98636,1,1202.463,650.1751,1202.866,649.8459
53.99664,1,1202.463,650.1751,1202.665,650.0105
54.0077,1,1201.77,651.8653,1202.218,650.9379
54.02269,1,1201.77,651.8653,1201.994,651.4016
54.02992,1,1201.77,651.8653,1201.882,651.6334
54.04122,1,1201.28,652.9422,1201.581,652.2878
54.0522,1,1201.28,652.9422,1201.43,652.615
54.06514,1,1202.208,651.9756,1201.819,652.2953
54.07504,1,1202.208,651.9756,1202.013,652.1355
54.08506,1,1202.208,651.9756,1202.111,652.0555
54.1028,1,1202.895,650.8002,1202.503,651.4279
54.10943,1,1202.895,650.8002,1202.699,651.114
54.1274,1,1203.386,649.7762,1203.042,650.4451
54.13488,1,1203.386,649.7762,1203.214,650.1107
54.14505,1,1203.386,649.7762,1203.3,649.9435
54.15839,1,1204.258,647.9645,1203.779,648.954
54.16883,1,1204.258,647.9645,1204.019,648.4592
54.17877,1,1204.258,647.9645,1204.139,648.2119
54.18834,1,1205.7,645.6964,1204.919,646.9541
54.20187,1,1205.7,645.6964,1205.309,646.3252
54.20887,1,1205.7,645.6964,1205.504,646.0107
54.2248,1,1207.577,643.8082,1206.541,644.9094
54.23576,1,1207.577,643.8082,1207.059,644.3588
54.24182,1,1207.577,643.8082,1207.318,644.0835
54.25918,1,1209.086,642.3745,1208.202,643.229
54.26974,1,1209.086,642.3745,1208.644,642.8018
54.2817,1,1210.491,640.5485,1209.568,641.6752
54.29653,1,1210.491,640.5485,1210.03,641.1118
54.30278,1,1210.491,640.5485,1210.26,640.8302
54.31593,1,1212.332,639.3062,1211.296,640.0682
54.32641,1,1212.332,639.3062,1211.814,639.6871
54.33683,1,1214.517,638.381,1213.166,639.0341
54.34764,1,1214.517,638.381,1213.841,638.7075
54.36333,1,1214.517,638.381,1214.179,638.5443
54.37062,1,1216.733,637.605,1215.456,638.0746
54.38313,1,1216.733,637.605,1216.095,637.8398
54.3956,1,1218.543,637.2859,1217.319,637.5629
54.40557,1,1218.543,637.2859,1217.931,637.4244
54.4183,1,1218.543,637.2859,1218.237,637.3551
54.42788,1,1220.38,636.3066,1219.308,636.8309
54.43944,1,1220.38,636.3066,1219.844,636.5687
54.4533,1,1220.38,636.3066,1220.112,636.4377
54.46132,1,1222.356,635.4366,1221.234,635.9371
54.47432,1,1222.356,635.4366,1221.795,635.6869
54.4855,1,1222.356,635.4366,1222.075,635.5618
54.49655,1,1223.652,635.1735,1222.864,635.3676
54.50703,1,1223.652,635.1735,1223.258,635.2705
54.52128,1,1224.563,634.886,1223.911,635.0782
54.5347,1,1224.563,634.886,1224.237,634.9822
54.54441,1,1224.563,634.886,1224.4,634.9341
54.56296,1,1226.148,634.8826,1225.274,634.9083
54.57131,1,1226.148,634.8826,1225.711,634.8954
54.57911,1,1227.611,634.8183,1226.661,634.8569
54.58996,1,1227.611,634.8183,1227.136,634.8376
54.60247,1,1227.611,634.8183,1227.374,634.8279
54.61132,1,1229.334,634.3249,1228.354,634.5764
54.62746,1,1229.334,634.3249,1228.844,634.4507
54.63652,1,1229.334,634.3249,1229.089,634.3878
54.64678,1,1231.393,634.6048,1230.241,634.4963
54.66247,1,1231.393,634.6048,1230.817,634.5505
54.67219,1,1234.943,632.3767,1232.88,633.4636
54.68495,1,1234.943,632.3767,1233.911,632.9202
54.69512,1,1234.943,632.3767,1234.427,632.6484
54.70266,1,1239.404,629.5623,1236.915,631.1053
54.71766,1,1239.404,629.5623,1238.16,630.3339
54.72738,1,1239.404,629.5623,1238.782,629.9481
54.73998,1,1244.108,626.7653,1241.445,628.3567
54.75439,1,1244.108,626.7653,1242.777,627.561
54.76434,1,1248.951,623.497,1245.864,625.5291
54.77527,1,1248.951,623.497,1247.407,624.5131
54.81665,1,1253.985,620.9407,1250.696,622.7269
54.82629,1,1216.794,597.673,1233.745,610.2
54.83748,1,1216.794,597.673,1225.27,603.9365
54.84526,1,1216.794,597.673,1221.032,600.8048
54.85604,1,1037.005,522.0832,1129.018,561.444
54.86611,1,1037.005,522.0832,1083.012,541.7635
54.87784,1,1037.005,522.0832,1060.008,531.9233
54.89017,1,848.1086,450.8584,954.0585,491.3909
54.90088,1,848.1086,450.8584,901.0836,471.1246
54.90998,1,737.4827,410.8545,819.2831,440.9896
54.92296,1,737.4827,410.8545,778.3829,425.9221
54.93223,1,737.4827,410.8545,757.9327,418.3883
54.94509,1,681.2675,388.8212,719.6001,403.6047
54.95513,1,681.2675,388.8212,700.4338,396.213
54.96467,1,681.2675,388.8212,690.8507,392.5171
54.97593,1,653.2448,375.8562,672.0477,384.1866
54.98576,1,653.2448,375.8562,662.6462,380.0214
54.99614,1,653.2448,375.8562,657.9456,377.9388
55.00992,1,652.7482,371.3969,655.3469,374.6678
55.0203,1,652.7482,371.3969,654.0476,373.0324
55.02909,1,652.7482,371.3969,653.3979,372.2147
55.04174,1,665.5815,373.2166,659.4897,372.7156
55.05378,1,665.5815,373.2166,662.5356,372.9661
55.06429,1,673.3917,374.6659,667.9636,373.816
55.07522,1,673.3917,374.6659,670.6776,374.241
55.08696,1,673.3917,374.6659,672.0347,374.4534
55.0995,1,713.5199,385.0075,692.7773,379.7305
55.10717,1,713.5199,385.0075,703.1486,382.369
55.12188,1,789.2845,405.3033,746.2166,393.8361
55.13391,1,789.2845,405.3033,767.7505,399.5697
55.14373,1,789.2845,405.3033,778.5175,402.4365
55.15894,1,968.196,453.4714,873.3568,427.9539
55.17158,1,968.196,453.4714,920.7764,440.7126
55.17981,1,968.196,453.4714,944.4862,447.092
55.18943,1,1121.569,497.3358,1033.028,472.2139
55.2016,1,1121.569,497.3358,1077.299,484.7749
55.21213,1,1211.297,517.8675,1144.298,501.3212
55.22545,1,1211.297,517.8675,1177.797,509.5944
55.23867,1,1211.297,517.8675,1194.547,513.731
55.24765,1,1258.99,530.6917,1226.769,522.2113
55.2584,1,1258.99,530.6917,1242.879,526.4515
55.26889,1,1258.99,530.6917,1250.935,528.5715
55.27995,1,1282.998,534.0081,1266.967,531.2898
55.28997,1,1282.998,534.0081,1274.982,532.6489
55.30388,1,1295.089,536.8464,1285.036,534.7477
55.31677,1,1295.089,536.8464,1290.062,535.797
55.33136,1,1295.089,536.8464,1292.576,536.3217
55.3449,1,1287.191,543.0992,1289.883,539.7104
55.35056,1,1287.191,543.0992,1288.537,541.4048
55.36262,1,1280.321,550.3293,1284.429,545.8671
55.37745,1,1280.321,550.3293,1282.375,548.0982
55.38703,1,1280.321,550.3293,1281.348,549.2137
55.3992,1,1276.888,553.2266,1279.118,551.2202
55.40655,1,1276.888,553.2266,1278.003,552.2234
55.41968,1,1276.888,553.2266,1277.445,552.725
55.43088,1,1274.642,552.7669,1276.043,552.746
55.44134,1,1274.642,552.7669,1275.343,552.7565
55.45052,1,1274.642,552.7669,1274.992,552.7617
55.46371,1,1272.39,553.2151,1273.691,552.9884
55.47556,1,1272.39,553.2151,1273.04,553.1018
55.48532,1,1270.984,553.4214,1272.012,553.2616
55.49646,1,1270.984,553.4214,1271.498,553.3415
55.50484,1,1270.984,553.4214,1271.241,553.3815
55.51836,1,1269.484,554.1061,1270.363,553.7438
55.52793,1,1269.484,554.1061,1269.923,553.9249
55.5416,1,1269.484,554.1061,1269.703,554.0155
55.55083,1,1268.54,554.0463,1269.122,554.0309
55.56171,1,1268.54,554.0463,1268.831,554.0386
55.57221,1,1268.54,554.0463,1268.685,554.0425
55.58792,1,1267.757,553.9391,1268.221,553.9908
55.59557,1,1267.757,553.9391,1267.989,553.965
55.60616,1,1267.195,553.5989,1267.592,553.7819
55.61874,1,1267.195,553.5989,1267.394,553.6904
55.62928,1,1267.195,553.5989,1267.295,553.6447
55.64558,1,1266.833,553.9747,1267.064,553.8097
55.65569,1,1266.833,553.9747,1266.949,553.8922
55.66662,1,1266.796,553.9997,1266.872,553.9459
55.67825,1,1266.796,553.9997,1266.834,553.9728
55.68991,1,1266.796,553.9997,1266.815,553.9862
55.70236,1,1266.339,554.1851,1266.577,554.0856
55.71177,1,1266.339,554.1851,1266.458,554.1354
55.72539,1,1265.962,554.2623,1266.21,554.1989
55.7374,1,1265.962,554.2623,1266.086,554.2306
55.74802,1,1265.962,554.2623,1266.024,554.2465
55.76018,1,1265.683,553.8318,1265.853,554.0391
55.76899,1,1265.683,553.8318,1265.768,553.9354
55.78273,1,1265.683,553.8318,1265.725,553.8836
55.79155,1,1265.386,553.2345,1265.556,553.5591
55.8045,1,1265.386,553.2345,1265.471,553.3968
55.81652,1,1265.288,552.9706,1265.379,553.1837
55.82545,1,1265.288,552.9706,1265.334,553.0771
55.83905,1,1265.288,552.9706,1265.311,553.0239
55.8507,1,1264.989,552.5787,1265.15,552.8013
55.86174,1,1264.989,552.5787,1265.07,552.69
55.8706,1,1264.989,552.5787,1265.029,552.6344
55.88435,1,1264.59,552.4528,1264.81,552.5436
55.89221,1,1264.59,552.4528,1264.7,552.4982
55.90727,1,1262.6,555.2069,1263.65,553.8525
55.91629,1,1262.6,555.2069,1263.125,554.5297
55.92688,1,1262.6,555.2069,1262.863,554.8683
55.93871,1,1258.099,563.2924,1260.481,559.0803
55.95243,1,1258.099,563.2924,1259.29,561.1863
55.96115,1,1258.099,563.2924,1258.695,562.2394
55.97234,1,1252.528,574.6957,1255.611,568.4675
55.98552,1,1252.528,574.6957,1254.07,571.5816
55.99591,1,1252.528,574.6957,1253.299,573.1387
56.00512,1,1247.709,586.127,1250.504,579.6328
56.01711,1,1247.709,586.127,1249.107,582.8799
56.02613,1,1247.709,586.127,1248.408,584.5034
56.03804,1,1243.947,595.8897,1246.178,590.1965
56.04872,1,1243.947,595.8897,1245.063,593.0431
56.06333,1,1241.395,604.6353,1243.229,598.8392
56.07088,1,1241.395,604.6353,1242.312,601.7373
56.08358,1,1241.395,604.6353,1241.854,603.1863
56.09649,1,1239.564,611.1728,1240.709,607.1796
56.11025,1,1239.564,611.1728,1240.137,609.1761
56.11919,1,1237.36,617.1969,1238.748,613.1865
56.12773,1,1237.36,617.1969,1238.054,615.1917
56.14286,1,1237.36,617.1969,1237.707,616.1943
56.15,1,1235.235,627.7773,1236.471,621.9858
56.16171,1,1235.235,627.7773,1235.853,624.8816
56.17163,1,1235.235,627.7773,1235.544,626.3295
56.18381,1,1235.51,638.9252,1235.527,632.6273
56.1966,1,1235.51,638.9252,1235.519,635.7762
56.20757,1,1235.51,638.9252,1235.514,637.3507
56.22154,1,1235.063,648.7365,1235.289,643.0436
56.22815,1,1235.063,648.7365,1235.176,645.89
56.24289,1,1234.316,656.2256,1234.746,651.0578
56.25152,1,1234.316,656.2256,1234.531,653.6417
56.26573,1,1234.316,656.2256,1234.424,654.9337
56.2743,1,1235.091,661.8574,1234.757,658.3955
56.28472,1,1235.091,661.8574,1234.924,660.1265
56.29869,1,1235.643,666.3291,1235.283,663.2278
56.30855,1,1235.643,666.3291,1235.463,664.7784
56.32092,1,1235.643,666.3291,1235.553,665.5538
56.33187,1,1235.319,670.0216,1235.436,667.7877
56.34259,1,1235.319,670.0216,1235.377,668.9047
56.35216,1,1235.319,670.0216,1235.348,669.4631
56.36337,1,1235.551,671.8959,1235.449,670.6795
56.37797,1,1235.551,671.8959,1235.5,671.2877
56.38527,1,1235.551,671.8959,1235.525,671.5918
56.3992,1,1235.376,673.4051,1235.451,672.4984
56.40911,1,1235.376,673.4051,1235.413,672.9518
56.42125,1,1235.281,674.5061,1235.347,673.7289
56.43203,1,1235.281,674.5061,1235.314,674.1176
56.44159,1,1235.281,674.5061,1235.297,674.3118
56.45205,1,1235.537,675.9803,1235.417,675.1461
56.46517,1,1235.537,675.9803,1235.477,675.5632
56.47595,1,1235.537,675.9803,1235.507,675.7718
56.48503,1,1235.746,677.5756,1235.627,676.6737
56.49833,1,1235.746,677.5756,1235.687,677.1246
56.50789,1,1235.746,677.5756,1235.716,677.3501
56.52059,1,1235.939,678.4646,1235.828,677.9073
56.53376,1,1235.939,678.4646,1235.883,678.186
56.54125,1,1235.985,678.8718,1235.934,678.5289
56.55272,1,1235.985,678.8718,1235.96,678.7003
56.5653,1,1235.985,678.8718,1235.972,678.786
56.5761,1,1236.736,679.7355,1236.354,679.2607
56.58638,1,1236.736,679.7355,1236.545,679.4982
56.59887,1,1236.736,679.7355,1236.64,679.6168
56.60865,1,1237.884,680.4875,1237.262,680.0522
56.62149,1,1237.884,680.4875,1237.573,680.2699
56.6314,1,1239,680.9379,1238.286,680.6039
56.64416,1,1239,680.9379,1238.643,680.7709
56.65517,1,1239,680.9379,1238.822,680.8544
56.66541,1,1239.891,681.4191,1239.356,681.1367
56.67466,1,1239.891,681.4191,1239.624,681.2779
56.68499,1,1239.891,681.4191,1239.757,681.3485
56.70102,1,1240.463,681.8405,1240.11,681.5945
56.70836,1,1240.463,681.8405,1240.286,681.7175
56.72089,1,1240.463,681.8405,1240.374,681.7789
56.73404,1,1241.531,682.4757,1240.953,682.1273
56.74237,1,1241.531,682.4757,1241.242,682.3015
56.75573,1,1242.312,683.0621,1241.777,682.6818
56.76675,1,1242.312,683.0621,1242.044,682.8719
56.77736,1,1242.312,683.0621,1242.178,682.967
56.79029,1,1243.205,683.9327,1242.691,683.4498
56.80108,1,1243.205,683.9327,1242.948,683.6913
56.80931,1,1243.205,683.9327,1243.076,683.812
56.82341,1,1244.153,684.9057,1243.615,684.3589
56.8339,1,1244.153,684.9057,1243.884,684.6323
56.84399,1,1244.757,685.9623,1244.321,685.2973
56.85723,1,1244.757,685.9623,1244.539,685.6298
56.86813,1,1244.757,685.9623,1244.648,685.796
56.87877,1,1245.739,687.111,1245.193,686.4535
56.88855,1,1245.739,687.111,1245.466,686.7822
56.90129,1,1245.739,687.111,1245.602,686.9466
56.91115,1,1247.083,688.7984,1246.343,687.8725
56.92216,1,1247.083,688.7984,1246.713,688.3354
56.93451,1,1248.24,690.5389,1247.476,689.4372
56.94216,1,1248.24,690.5389,1247.858,689.988
56.95536,1,1248.24,690.5389,1248.049,690.2635
56.96726,1,1249.357,692.7604,1248.703,691.512
56.97828,1,1249.357,692.7604,1249.03,692.1362
56.98937,1,1249.357,692.7604,1249.193,692.4482
57.00172,1,1251.163,695.9235,1250.178,694.1859
57.00871,1,1251.163,695.9235,1250.67,695.0547
57.02461,1,1253.361,699.358,1252.016,697.2063
57.03521,1,1253.361,699.358,1252.688,698.2821
57.04306,1,1253.361,699.358,1253.025,698.8201
57.05635,1,1254.829,703.0243,1253.927,700.9222
57.06618,1,1254.829,703.0243,1254.378,701.9733
57.0775,1,1254.829,703.0243,1254.604,702.4988
57.08683,1,1256.416,705.6959,1255.51,704.0974
57.10167,1,1256.416,705.6959,1255.963,704.8966
57.11045,1,1256.416,705.6959,1256.189,705.2963
57.12359,1,1258.794,707.8106,1257.491,706.5535
57.13546,1,1258.794,707.8106,1258.143,707.182
57.14541,1,1261.321,710.2117,1259.732,708.6968
57.15846,1,1261.321,710.2117,1260.526,709.4542
57.17035,1,1261.321,710.2117,1260.924,709.8329
57.1796,1,1263.815,713.1891,1262.369,711.511
57.1905,1,1263.815,713.1891,1263.092,712.3501
57.20356,1,1263.815,713.1891,1263.454,712.7697
57.21083,1,1266.419,716.5596,1264.936,714.6646
57.22458,1,1266.419,716.5596,1265.677,715.6121
57.23809,1,1268.614,720.564,1267.146,718.088
57.24812,1,1268.614,720.564,1267.88,719.326
57.25834,1,1268.614,720.564,1268.247,719.9449
57.27092,1,1270.675,723.3676,1269.461,721.6563
57.28452,1,1270.675,723.3676,1270.068,722.512
57.29208,1,1270.675,723.3676,1270.372,722.9398
57.30571,1,1273.449,726.5038,1271.911,724.7218
57.31739,1,1273.449,726.5038,1272.68,725.6128
57.32771,1,1275.942,728.8216,1274.311,727.2172
57.33977,1,1275.942,728.8216,1275.127,728.0194
57.34954,1,1275.942,728.8216,1275.534,728.4205
57.36364,1,1278.503,731.0895,1277.019,729.755
57.37451,1,1278.503,731.0895,1277.761,730.4222
57.38326,1,1278.503,731.0895,1278.132,730.7559
57.39514,1,1279.501,734.6567,1278.817,732.7063
57.40771,1,1279.501,734.6567,1279.159,733.6815
57.41817,1,1281.005,737.6066,1280.082,735.644
57.42801,1,1281.005,737.6066,1280.544,736.6254
57.44337,1,1281.005,737.6066,1280.775,737.116
57.45646,1,1282.837,740.0341,1281.806,738.5751
57.46463,1,1282.837,740.0341,1282.321,739.3046
57.47509,1,1282.837,740.0341,1282.579,739.6693
57.48917,1,1284.527,742.4442,1283.553,741.0568
57.50015,1,1284.527,742.4442,1284.04,741.7505
57.50825,1,1286.322,744.9635,1285.181,743.357
57.52266,1,1286.322,744.9635,1285.751,744.1603
57.52988,1,1286.322,744.9635,1286.037,744.5619
57.54205,1,1289.096,747.504,1287.566,746.033
57.55449,1,1289.096,747.504,1288.331,746.7684
57.56414,1,1289.096,747.504,1288.714,747.1362
57.57665,1,1291.539,750.7342,1290.126,748.9352
57.58628,1,1291.539,750.7342,1290.833,749.8347
57.60165,1,1296.579,753.1395,1293.706,751.4871
57.61147,1,1296.579,753.1395,1295.143,752.3134
57.62556,1,1296.579,753.1395,1295.861,752.7264
57.63462,1,1301.414,755.2798,1298.637,754.0032
57.64473,1,1301.414,755.2798,1300.025,754.6415
57.66019,1,1304.347,757.5242,1302.186,756.0829
57.66906,1,1304.347,757.5242,1303.267,756.8036
57.68,1,1304.347,757.5242,1303.807,757.1639
57.6913,1,1307.06,760.452,1305.433,758.808
57.70519,1,1307.06,760.452,1306.247,759.63
57.71595,1,1307.06,760.452,1306.653,760.041
57.72406,1,1309.94,763.5358,1308.296,761.7885
57.73611,1,1309.94,763.5358,1309.118,762.6621
57.75119,1,1312.359,766.4314,1310.739,764.5468
57.75967,1,1312.359,766.4314,1311.549,765.4891
57.7684,1,1312.359,766.4314,1311.954,765.9602
57.78265,1,1313.727,768.4901,1312.84,767.2251
57.79046,1,1313.727,768.4901,1313.284,767.8575
57.8041,1,1313.727,768.4901,1313.505,768.1738
57.81464,1,1315.072,769.9694,1314.289,769.0717
57.82383,1,1315.072,769.9694,1314.68,769.5205
57.83542,1,1315.072,769.9694,1314.876,769.745
57.84453,1,1317.401,770.5638,1316.139,770.1544
57.85771,1,1317.401,770.5638,1316.77,770.3591
57.86771,1,1317.401,770.5638,1317.085,770.4615
57.87892,1,1319.037,771.3463,1318.061,770.9039
57.89037,1,1319.037,771.3463,1318.549,771.1251
57.90111,1,1320.232,772.2215,1319.391,771.6733
57.91082,1,1320.232,772.2215,1319.811,771.9474
57.92359,1,1320.232,772.2215,1320.022,772.0845
57.93199,1,1321.8,773.1749,1320.911,772.6296
57.94398,1,1321.8,773.1749,1321.355,772.9022
57.9608,1,1323.516,774.3776,1322.436,773.6399
57.96888,1,1323.516,774.3776,1322.976,774.0087
57.97795,1,1323.516,774.3776,1323.246,774.1931
57.98649,1,1323.516,774.3776,1323.381,774.2853
57.99971,1,1324.789,776.1534,1324.085,775.2194
58.01402,1,1324.789,776.1534,1324.437,775.6864
58.02178,1,1325.986,777.5728,1325.211,776.6296
58.03379,1,1325.986,777.5728,1325.598,777.1012
58.04594,1,1325.986,777.5728,1325.792,777.337
58.05571,1,1327.285,778.4472,1326.539,777.8921
58.06672,1,1327.285,778.4472,1326.912,778.1697
58.07939,1,1327.285,778.4472,1327.099,778.3085
58.09465,1,1328.896,779.3333,1327.997,778.8209
58.10332,1,1328.896,779.3333,1328.446,779.0771
58.11657,1,1330.11,780.4398,1329.278,779.7584
58.12803,1,1330.11,780.4398,1329.694,780.0991
58.13932,1,1330.11,780.4398,1329.902,780.2694
58.14837,1,1331.159,781.1128,1330.531,780.6911
58.16065,1,1331.159,781.1128,1330.845,780.902
58.16982,1,1331.159,781.1128,1331.002,781.0074
58.18744,1,1332.042,781.8525,1331.522,781.4299
58.19481,1,1332.042,781.8525,1331.782,781.6412
58.20443,1,1332.9,782.5865,1332.341,782.1139
58.22056,1,1332.9,782.5865,1332.621,782.3502
58.22692,1,1332.9,782.5865,1332.76,782.4684
58.2424,1,1333.684,783.0362,1333.222,782.7523
58.2509,1,1333.684,783.0362,1333.453,782.8943
58.26271,1,1335.024,784.1957,1334.239,783.545
58.27797,1,1335.024,784.1957,1334.631,783.8704
58.28505,1,1335.024,784.1957,1334.828,784.0331
58.2963,1,1337.059,786.5667,1335.943,785.2999
58.30706,1,1337.059,786.5667,1336.501,785.9332
58.3242,1,1339.3,789.7682,1337.901,787.8507
58.33427,1,1339.3,789.7682,1338.6,788.8094
58.34285,1,1339.3,789.7682,1338.95,789.2888
58.36726,1,1341.724,793.0483,1340.337,791.1686
58.37707,1,1341.724,793.0483,1341.031,792.1084
58.38474,1,1344.275,795.8043,1342.653,793.9564
58.39547,1,1344.275,795.8043,1343.464,794.8804
58.406,1,1344.275,795.8043,1343.869,795.3423
58.42374,1,1346.251,799.2343,1345.06,797.2883
58.43161,1,1346.251,799.2343,1345.656,798.2613
58.44738,1,1348.637,802.1074,1347.146,800.1843
58.45684,1,1348.637,802.1074,1347.892,801.1459
58.4675,1,1348.637,802.1074,1348.265,801.6266
58.47978,1,1350.682,804.7748,1349.474,803.2007
58.49025,1,1350.682,804.7748,1350.078,803.9877
58.50219,1,1350.682,804.7748,1350.38,804.3812
58.51532,1,1352.402,806.9565,1351.391,805.6688
58.52328,1,1352.402,806.9565,1351.897,806.3126
58.53736,1,1354.137,808.465,1353.017,807.3888
58.54609,1,1354.137,808.465,1353.577,807.9269
58.55755,1,1354.137,808.465,1353.857,808.1959
58.56803,1,1355.724,809.59,1354.791,808.8929
58.58104,1,1355.724,809.59,1355.257,809.2415
58.59322,1,1355.724,809.59,1355.49,809.4157
58.60708,1,1357.535,811.0728,1356.513,810.2443
58.61837,1,1357.535,811.0728,1357.024,810.6585
58.62927,1,1359.768,813.0322,1358.396,811.8453
58.63852,1,1359.768,813.0322,1359.082,812.4388
58.6538,1,1359.768,813.0322,1359.425,812.7355
58.66397,1,1361.816,814.8109,1360.62,813.7732
58.67053,1,1361.816,814.8109,1361.218,814.292
58.68457,1,1361.816,814.8109,1361.517,814.5514
58.69479,1,1364.149,816.6166,1362.833,815.584
58.70691,1,1364.149,816.6166,1363.491,816.1003
58.71974,1,1365.384,818.6617,1364.438,817.381
58.72829,1,1365.384,818.6617,1364.911,818.0214
58.74164,1,1365.384,818.6617,1365.147,818.3416
58.75205,1,1367.549,820.4064,1366.348,819.374
58.76217,1,1367.549,820.4064,1366.948,819.8903
58.77478,1,1367.549,820.4064,1367.249,820.1483
58.78721,1,1368.938,821.8064,1368.093,820.9774
58.79731,1,1368.938,821.8064,1368.516,821.3918
58.80777,1,1370.315,823.4685,1369.415,822.4302
58.82033,1,1370.315,823.4685,1369.865,822.9493
58.82965,1,1370.315,823.4685,1370.09,823.2089
58.84356,1,1371.675,825.4591,1370.882,824.334
58.85408,1,1371.675,825.4591,1371.279,824.8965
58.86227,1,1371.675,825.4591,1371.477,825.1779
58.87698,1,1372.509,827.3189,1371.993,826.2484
58.88885,1,1372.509,827.3189,1372.251,826.7837
58.89778,1,1373.661,829.0388,1372.956,827.9113
58.90945,1,1373.661,829.0388,1373.308,828.475
58.91953,1,1373.661,829.0388,1373.485,828.7568
58.92872,1,1374.829,830.0416,1374.157,829.3992
58.94336,1,1374.829,830.0416,1374.493,829.7203
58.95419,1,1374.829,830.0416,1374.661,829.881
58.96579,1,1376.002,830.8489,1375.332,830.365
58.98865,1,1376.686,831.6334,1376.009,830.9991
58.99643,1,1376.686,831.6334,1376.348,831.3163
59.00349,1,1376.686,831.6334,1376.517,831.4749
59.01482,1,1376.686,831.6334,1376.602,831.5541
59.02281,1,1377.245,832.4398,1376.923,831.9969
59.03664,1,1377.245,832.4398,1377.084,832.2184
59.04591,1,1377.245,832.4398,1377.164,832.3291
59.05777,1,1377.701,833.1194,1377.433,832.7242
59.06995,1,1377.701,833.1194,1377.567,832.9218
59.08433,1,1378.769,834.2919,1378.168,833.6069
59.09514,1,1378.769,834.2919,1378.469,833.9494
59.10391,1,1378.769,834.2919,1378.619,834.1207
59.1195,1,1380.018,835.627,1379.318,834.8738
59.12633,1,1380.018,835.627,1379.668,835.2504
59.13977,1,1380.83,836.6613,1380.249,835.9558
59.15169,1,1380.83,836.6613,1380.539,836.3085
59.16245,1,1380.83,836.6613,1380.684,836.4849
59.17376,1,1381.378,837.2376,1381.031,836.8612
59.18369,1,1381.378,837.2376,1381.204,837.0494
59.19461,1,1381.378,837.2376,1381.291,837.1436
59.20677,1,1382.237,837.9655,1381.764,837.5546
59.21814,1,1382.237,837.9655,1382,837.76
59.22652,1,1382.237,837.9655,1382.119,837.8628
59.24179,1,1383.776,839.2738,1382.948,838.5683
59.25126,1,1383.776,839.2738,1383.362,838.921
59.26549,1,1385.373,840.2599,1384.367,839.5905
59.27406,1,1385.373,840.2599,1384.87,839.9252
59.28486,1,1385.373,840.2599,1385.121,840.0925
59.29921,1,1378.505,828.3983,1381.813,834.2454
59.3071,1,1378.505,828.3983,1380.159,831.3218
59.32008,1,1335.282,624.4388,1357.721,727.8802
59.33146,1,1335.282,624.4388,1346.501,676.1595
59.34359,1,1335.282,624.4388,1340.892,650.2992
59.3539,1,1300.722,312.8728,1320.807,481.586
59.36368,1,1300.722,312.8728,1310.764,397.2294
59.38041,1,1285.502,154.5936,1298.133,275.9115
59.38888,1,1285.502,154.5936,1291.818,215.2525
59.40129,1,1285.502,154.5936,1288.66,184.9231
59.41147,1,1278.864,93.91435,1283.762,139.4187
59.42273,1,1278.864,93.91435,1281.313,116.6665
59.43652,1,1278.864,93.91435,1280.089,105.2904
59.44323,1,1274.81,67.63852,1277.449,86.46448
59.45506,1,1274.81,67.63852,1276.13,77.0515
59.46796,1,1274.81,67.63852,1275.47,72.34501
59.47696,1,1272.922,58.12609,1274.196,65.23555
59.4889,1,1272.922,58.12609,1273.559,61.68082
59.50311,1,1271.838,54.0963,1272.699,57.88856
59.51049,1,1271.838,54.0963,1272.268,55.99243
59.52375,1,1271.838,54.0963,1272.053,55.04436
59.5363,1,1273.033,51.28317,1272.543,53.16377
59.54458,1,1273.033,51.28317,1272.788,52.22347
59.55729,1,1273.033,51.28317,1272.911,51.75332
59.57048,1,1270.518,64.02977,1271.714,57.89155
59.58071,1,1270.518,64.02977,1271.116,60.96066
59.59449,1,1272.224,80.50401,1271.67,70.73233
59.60221,1,1272.224,80.50401,1271.947,75.61816
59.61178,1,1272.224,80.50401,1272.085,78.06108
59.6242,1,1285.413,140.5392,1278.749,109.3001
59.63771,1,1285.413,140.5392,1282.081,124.9197
59.64479,1,1285.413,140.5392,1283.747,132.7294
59.65874,1,1355.521,446.2958,1319.634,289.5126
59.67196,1,1355.521,446.2958,1337.577,367.9042
59.68424,1,1418.355,692.002,1377.966,529.9531
59.69165,1,1418.355,692.002,1398.161,610.9775
59.70553,1,1418.355,692.002,1408.258,651.4897
59.71656,1,1445.219,792.0818,1426.738,721.7858
59.72638,1,1445.219,792.0818,1435.979,756.9338
59.74246,1,1445.219,792.0818,1440.599,774.5078
59.7508,1,1453.299,828.6676,1446.949,801.5877
59.7597,1,1453.299,828.6676,1450.124,815.1277
59.77138,1,1453.299,828.6676,1451.712,821.8976
59.78532,1,1457.207,841.3306,1454.459,831.6141
59.79417,1,1457.207,841.3306,1455.833,836.4724
59.80483,1,1460.547,847.4504,1458.19,841.9614
59.8185,1,1460.547,847.4504,1459.368,844.7059
59.83094,1,1460.547,847.4504,1459.958,846.0782
59.84143,1,1460.821,850.6098,1460.389,848.344
59.85042,1,1460.821,850.6098,1460.605,849.4769
59.86595,1,1460.506,853.787,1460.556,851.632
59.87941,1,1460.506,853.787,1460.531,852.7095
59.88635,1,1460.506,853.787,1460.518,853.2482
59.90186,1,1461.32,857.4974,1460.919,855.3728
59.91012,1,1461.32,857.4974,1461.119,856.4351
59.92235,1,1461.32,857.4974,1461.219,856.9662
59.93483,1,1462.055,859.4676,1461.637,858.2169
59.94381,1,1462.055,859.4676,1461.846,858.8423
59.95739,1,1444.754,846.2843,1453.3,852.5633
59.96816,1,1444.754,846.2843,1449.027,849.4238
59.97996,1,1444.754,846.2843,1446.891,847.8541
59.98842,1,1429.95,835.6957,1438.42,841.7749
60.00131,1,1429.95,835.6957,1434.185,838.7353
60.01028,1,1429.95,835.6957,1432.068,837.2155
60.02223,1,1420.213,828.8515,1426.14,833.0334
60.03621,1,1420.213,828.8515,1423.176,830.9425
60.04349,1,1420.213,828.8515,1421.694,829.897
60.05613,1,1410.803,822.1317,1416.249,826.0143
60.06733,1,1410.803,822.1317,1413.526,824.073
60.07835,1,1401.433,815.5201,1407.479,819.7966
60.08921,1,1401.433,815.5201,1404.456,817.6583
60.10194,1,1401.433,815.5201,1402.945,816.5892
60.11119,1,1393.074,810.1623,1398.01,813.3757
60.12362,1,1393.074,810.1623,1395.542,811.769
60.13529,1,1386.15,805.4667,1390.846,808.6179
60.14541,1,1386.15,805.4667,1388.498,807.0422
60.15696,1,1386.15,805.4667,1387.324,806.2545
60.16699,1,1379.777,801.0879,1383.55,803.6711
60.17817,1,1379.777,801.0879,1381.664,802.3795
60.18952,1,1379.777,801.0879,1380.72,801.7337
60.20136,1,1373.657,797.0026,1377.188,799.3682
60.21055,1,1373.657,797.0026,1375.423,798.1854
60.22387,1,1373.657,797.0026,1374.54,797.594
60.2369,1,1369.682,793.9422,1372.111,795.7681
60.24504,1,1369.682,793.9422,1370.896,794.8551
60.25807,1,1359.235,787.4327,1365.066,791.1439
60.27022,1,1359.235,787.4327,1362.15,789.2883
60.28066,1,1359.235,787.4327,1360.693,788.3605
60.29132,1,1349.045,780.1921,1354.869,784.2763
60.30536,1,1349.045,780.1921,1351.957,782.2342
60.31875,1,1340.252,774.7433,1346.105,778.4888
60.32731,1,1340.252,774.7433,1343.178,776.6161
60.33846,1,1340.252,774.7433,1341.715,775.6797
60.35086,1,1332.474,769.5851,1337.094,772.6324
60.36308,1,1332.474,769.5851,1334.784,771.1088
60.37199,1,1332.474,769.5851,1333.629,770.3469
60.38724,1,1326.333,765.8645,1329.981,768.1057
60.39612,1,1326.333,765.8645,1328.157,766.9851
60.4067,1,1321.367,762.5264,1324.762,764.7557
60.42219,1,1321.367,762.5264,1323.064,763.6411
60.43133,1,1321.367,762.5264,1322.216,763.0837
60.44304,1,1317.147,759.9185,1319.682,761.5011
60.45223,1,1317.147,759.9185,1318.414,760.7098
60.4736,1,1312.898,757.2387,1315.656,758.9742
60.48055,1,1312.898,757.2387,1314.277,758.1064
60.49004,1,1312.898,757.2387,1313.588,757.6726
60.50082,1,1309.044,754.813,1311.316,756.2428
60.51102,1,1309.044,754.813,1310.18,755.5279
60.52535,1,1309.044,754.813,1309.612,755.1704
60.53636,1,1305.086,752.2779,1307.349,753.7241
60.54708,1,1305.086,752.2779,1306.217,753.001
60.55794,1,1301.706,750.4957,1303.962,751.7484
60.56788,1,1301.706,750.4957,1302.834,751.1221
60.57901,1,1301.706,750.4957,1302.27,750.8089
60.59216,1,1298.538,748.3008,1300.404,749.5549
60.60279,1,1298.538,748.3008,1299.471,748.9279
60.61481,1,1298.538,748.3008,1299.005,748.6144
60.6245,1,1295.206,746.2822,1297.105,747.4482
60.63633,1,1295.206,746.2822,1296.156,746.8652
60.6483,1,1295.206,746.2822,1295.681,746.5737
60.65806,1,1292.803,743.9712,1294.242,745.2725
60.66836,1,1292.803,743.9712,1293.522,744.6218
60.68219,1,1290.553,741.3165,1292.038,742.9691
60.69123,1,1290.553,741.3165,1291.295,742.1428
60.7045,1,1290.553,741.3165,1290.924,741.7296
60.7202,1,1287.437,738.9296,1289.181,740.3296
60.72796,1,1287.437,738.9296,1288.309,739.6296
60.73979,1,1283.792,736.2645,1286.05,737.9471
60.75511,1,1283.792,736.2645,1284.921,737.1058
60.76337,1,1283.792,736.2645,1284.356,736.6852
60.77169,1,1280.734,734.4058,1282.545,735.5455
60.78704,1,1280.734,734.4058,1281.639,734.9757
60.79699,1,1280.734,734.4058,1281.187,734.6908
60.80596,1,1278.051,733.301,1279.619,733.9959
60.82302,1,1278.051,733.301,1278.835,733.6484
60.83362,1,1275.025,730.9894,1276.93,732.319
60.8442,1,1275.025,730.9894,1275.978,731.6542
60.85611,1,1275.025,730.9894,1275.501,731.3218
60.8661,1,1272.595,728.9841,1274.048,730.153
60.87895,1,1272.595,728.9841,1273.321,729.5685
60.88621,1,1272.595,728.9841,1272.958,729.2762
60.90004,1,1270.237,726.6787,1271.597,727.9775
60.91083,1,1270.237,726.6787,1270.917,727.3281
60.9223,1,1268.013,725.6367,1269.465,726.4824
60.93225,1,1268.013,725.6367,1268.739,726.0596
60.94273,1,1268.013,725.6367,1268.376,725.8481
60.95417,1,1266.165,724.231,1267.271,725.0396
60.96918,1,1266.165,724.231,1266.718,724.6353
60.97763,1,1266.165,724.231,1266.441,724.4331
60.99024,1,1263.918,722.7536,1265.18,723.5934
61.00187,1,1263.918,722.7536,1264.549,723.1735
61.01156,1,1261.872,720.9415,1263.21,722.0575
61.02525,1,1261.872,720.9415,1262.541,721.4995
61.03576,1,1261.872,720.9415,1262.207,721.2205
61.04723,1,1259.32,718.3971,1260.763,719.8088
61.05766,1,1259.32,718.3971,1260.042,719.103
61.06826,1,1259.32,718.3971,1259.681,718.75
61.08306,1,1256.498,716.2292,1258.089,717.4896
61.09054,1,1256.498,716.2292,1257.294,716.8594
61.10251,1,1254.014,713.6382,1255.654,715.2488
61.11516,1,1254.014,713.6382,1254.834,714.4435
61.12475,1,1254.014,713.6382,1254.424,714.0408
61.13781,1,1251.516,710.883,1252.97,712.4619
61.14511,1,1251.516,710.883,1252.243,711.6725
61.15737,1,1251.516,710.883,1251.88,711.2777
61.17025,1,1249.152,709.5822,1250.516,710.4299
61.1803,1,1249.152,709.5822,1249.834,710.0061
61.19,1,1249.152,709.5822,1249.493,709.7942
61.20298,1,1246.388,707.8014,1247.94,708.7978
61.21218,1,1246.388,707.8014,1247.164,708.2996
61.22751,1,1243.621,706.3621,1245.392,707.3308
61.23874,1,1243.621,706.3621,1244.507,706.8464
61.25229,1,1241.301,704.4143,1242.904,705.6304
61.26161,1,1241.301,704.4143,1242.102,705.0223
61.27377,1,1241.301,704.4143,1241.702,704.7183
61.28596,1,1239.3,702.2834,1240.501,703.5009
61.29767,1,1239.3,702.2834,1239.9,702.8921
61.30935,1,1239.3,702.2834,1239.6,702.5878
61.32059,1,1236.937,700.2123,1238.269,701.4
61.33223,1,1236.937,700.2123,1237.603,700.8062
61.3443,1,1234.904,698.7907,1236.254,699.7985
61.35514,1,1234.904,698.7907,1235.579,699.2946
61.36507,1,1234.904,698.7907,1235.241,699.0426
61.38092,1,1232.898,697.0301,1234.07,698.0364
61.38697,1,1232.898,697.0301,1233.484,697.5332
61.39938,1,1232.898,697.0301,1233.191,697.2816
61.41079,1,1230.702,695.3854,1231.946,696.3335
61.42164,1,1230.702,695.3854,1231.324,695.8595
61.43204,1,1230.702,695.3854,1231.013,695.6224
61.44629,1,1228.888,693.9556,1229.95,694.7891
61.45544,1,1228.888,693.9556,1229.419,694.3723
61.46806,1,1227.282,691.7344,1228.35,693.0533
61.47767,1,1227.282,691.7344,1227.816,692.3939
61.48917,1,1227.282,691.7344,1227.549,692.0641
61.50272,1,1225.298,689.6996,1226.423,690.8818
61.51088,1,1225.298,689.6996,1225.861,690.2907
61.52348,1,1225.298,689.6996,1225.579,689.9951
61.53444,1,1223.779,688.3366,1224.679,689.1659
61.54705,1,1223.779,688.3366,1224.229,688.7512
61.55704,1,1222.627,687.2068,1223.428,687.979
61.56852,1,1222.627,687.2068,1223.028,687.5929
61.5825,1,1222.627,687.2068,1222.827,687.3998
61.59179,1,1219.906,684.7183,1221.366,686.0591
61.60321,1,1219.906,684.7183,1220.636,685.3887
61.61399,1,1219.906,684.7183,1220.271,685.0535
61.62495,1,1216.483,682.2488,1218.377,683.6511
61.63688,1,1216.483,682.2488,1217.43,682.95
61.6477,1,1213.657,679.95,1215.543,681.45
61.65956,1,1213.657,679.95,1214.6,680.7
61.67162,1,1213.657,679.95,1214.128,680.325
61.68351,1,1210.554,677.2612,1212.341,678.7931
61.69216,1,1210.554,677.2612,1211.447,678.0271
61.70678,1,1207.625,676.0811,1209.536,677.0541
61.71843,1,1207.625,676.0811,1208.581,676.5676
61.72535,1,1207.625,676.0811,1208.103,676.3243
61.73841,1,1204.818,675.8451,1206.461,676.0847
61.75422,1,1204.818,675.8451,1205.64,675.9649
61.76113,1,1204.818,675.8451,1205.229,675.905
61.77577,1,1202.617,675.6832,1203.923,675.7941
61.78492,1,1202.617,675.6832,1203.27,675.7386
61.79745,1,1201.086,675.4545,1202.178,675.5966
61.80926,1,1201.086,675.4545,1201.632,675.5255
61.82151,1,1201.086,675.4545,1201.359,675.49
61.83222,1,1199.441,675.8834,1200.4,675.6866
61.84572,1,1199.441,675.8834,1199.92,675.785
61.85201,1,1199.441,675.8834,1199.68,675.8342
61.86422,1,1197.965,676.1829,1198.823,676.0085
61.878,1,1197.965,676.1829,1198.394,676.0957
61.88508,1,1197.965,676.1829,1198.179,676.1393
61.89678,1,1196.961,676.6117,1197.57,676.3755
61.90902,1,1196.961,676.6117,1197.266,676.4936
61.9208,1,1197.776,677.5308,1197.521,677.0122
61.93203,1,1197.776,677.5308,1197.648,677.2715
61.94175,1,1197.776,677.5308,1197.712,677.4011
61.95493,1,1198.53,677.4755,1198.121,677.4383
61.96483,1,1198.53,677.4755,1198.325,677.4569
61.97628,1,1198.53,677.4755,1198.428,677.4662
61.98574,1,1199.1,677.5564,1198.764,677.5113
62.00201,1,1199.1,677.5564,1198.932,677.5338
62.01053,1,1199.575,677.5931,1199.253,677.5635
62.02282,1,1199.575,677.5931,1199.414,677.5782
62.03479,1,1199.575,677.5931,1199.494,677.5857
62.04595,1,1200.406,677.8347,1199.95,677.7102
62.05687,1,1200.406,677.8347,1200.178,677.7725
62.06726,1,1200.406,677.8347,1200.292,677.8036
62.08289,1,1201.77,678.5176,1201.031,678.1606
62.09121,1,1201.77,678.5176,1201.401,678.3391
62.10456,1,1203.164,679.2977,1202.282,678.8184
62.11424,1,1203.164,679.2977,1202.723,679.058
62.12526,1,1203.164,679.2977,1202.944,679.1779
62.14249,1,1204.5,679.7534,1203.722,679.4656
62.15198,1,1204.5,679.7534,1204.111,679.6095
62.16558,1,1206.032,681.0451,1205.072,680.3273
62.17663,1,1206.032,681.0451,1205.552,680.6862
62.18564,1,1206.032,681.0451,1205.792,680.8656
62.19808,1,1208.035,681.8616,1206.914,681.3636
62.20903,1,1208.035,681.8616,1207.474,681.6125
62.22126,1,1209.964,682.8337,1208.719,682.2231
62.23568,1,1209.964,682.8337,1209.341,682.5284
62.24377,1,1209.964,682.8337,1209.652,682.6811
62.25746,1,1212.588,683.6609,1211.12,683.171
62.26774,1,1212.588,683.6609,1211.854,683.416
62.28157,1,1215.134,684.3732,1213.494,683.8947
62.28873,1,1215.134,684.3732,1214.314,684.1339
62.30233,1,1215.134,684.3732,1214.724,684.2535
62.31213,1,1217.625,685.6166,1216.175,684.9351
62.32401,1,1217.625,685.6166,1216.9,685.2759
62.33647,1,1217.625,685.6166,1217.262,685.4463
62.34529,1,1220.038,687.3082,1218.65,686.3772
62.35817,1,1220.038,687.3082,1219.344,686.8427
62.37032,1,1223.176,689.5764,1221.26,688.2095
62.3829,1,1223.176,689.5764,1222.218,688.8929
62.39305,1,1223.176,689.5764,1222.697,689.2346
62.40541,1,1226.408,690.9678,1224.552,690.1012
62.41642,1,1226.408,690.9678,1225.48,690.5345
62.42709,1,1226.408,690.9678,1225.944,690.7512
62.44125,1,1229.834,692.9875,1227.889,691.8694
62.44963,1,1229.834,692.9875,1228.861,692.4285
62.46299,1,1233.888,695.3986,1231.375,693.9135
62.47107,1,1233.888,695.3986,1232.631,694.656
62.48337,1,1233.888,695.3986,1233.26,695.0273
62.49446,1,1237.245,697.3381,1235.252,696.1827
62.50618,1,1237.245,697.3381,1236.248,696.7604
62.51908,1,1237.245,697.3381,1236.747,697.0493
62.52759,1,1240.534,699.0471,1238.64,698.0482
62.54223,1,1240.534,699.0471,1239.587,698.5477
62.55179,1,1243.689,700.6605,1241.638,699.6041
62.56845,1,1243.689,700.6605,1242.664,700.1323
62.57891,1,1243.689,700.6605,1243.177,700.3964
62.58709,1,1247.203,702.3539,1245.19,701.3751
62.60263,1,1247.203,702.3539,1246.197,701.8645
62.61145,1,1247.203,702.3539,1246.7,702.1092
62.62334,1,1250.247,704.0647,1248.473,703.0869
62.63755,1,1250.247,704.0647,1249.36,703.5758
62.6454,1,1253.402,705.48,1251.381,704.528
62.65833,1,1253.402,705.48,1252.391,705.004
62.67424,1,1256.884,706.7398,1254.637,705.8719
62.68222,1,1256.884,706.7398,1255.76,706.3059
62.69497,1,1256.884,706.7398,1256.322,706.5228
62.70241,1,1256.884,706.7398,1256.603,706.6313
62.71394,1,1260.27,707.7183,1258.437,707.1748
62.72524,1,1260.27,707.7183,1259.353,707.4465
62.73792,1,1263.872,709.2557,1261.613,708.3511
62.74895,1,1263.872,709.2557,1262.742,708.8035
62.76281,1,1263.872,709.2557,1263.307,709.0296
62.7742,1,1266.467,710.4852,1264.887,709.7574
62.78363,1,1266.467,710.4852,1265.677,710.1213
62.79664,1,1269.905,711.825,1267.791,710.9731
62.80805,1,1269.905,711.825,1268.848,711.399
62.82131,1,1269.905,711.825,1269.377,711.6121
62.83394,1,1272.413,714.0148,1270.895,712.8135
62.8459,1,1272.413,714.0148,1271.654,713.4142
62.85831,1,1275.149,716.1787,1273.402,714.7964
62.86891,1,1275.149,716.1787,1274.275,715.4875
62.8822,1,1275.149,716.1787,1274.712,715.8331
62.89222,1,1277.171,718.4296,1275.941,717.1313
62.90519,1,1277.171,718.4296,1276.556,717.7805
62.91613,1,1279.509,720.7526,1278.032,719.2665
62.92714,1,1279.509,720.7526,1278.771,720.0095
62.93956,1,1279.509,720.7526,1279.14,720.381
62.95095,1,1281.612,722.351,1280.376,721.366
62.96256,1,1281.612,722.351,1280.994,721.8585
62.97371,1,1281.612,722.351,1281.303,722.1047
62.98679,1,1283.665,723.3364,1282.484,722.7206
62.99659,1,1283.665,723.3364,1283.075,723.0284
63.00823,1,1285.752,724.5548,1284.413,723.7916
63.02182,1,1285.752,724.5548,1285.083,724.1732
63.0344,1,1285.752,724.5548,1285.417,724.364
63.04267,1,1288.25,725.8222,1286.834,725.0931
63.05552,1,1288.25,725.8222,1287.542,725.4576
63.06791,1,1290.006,727.5024,1288.774,726.48
63.07901,1,1290.006,727.5024,1289.39,726.9912
63.09016,1,1290.006,727.5024,1289.698,727.2468
63.10402,1,1291.996,731.1796,1290.847,729.2133
63.11139,1,1291.996,731.1796,1291.421,730.1964
63.12523,1,1184.579,704.9186,1238,717.5575
63.13894,1,1184.579,704.9186,1211.29,711.238
63.14881,1,1184.579,704.9186,1197.934,708.0784
63.16257,1,1296.7,733.8222,1247.317,720.9503
63.17141,1,1296.7,733.8222,1272.009,727.3862
63.18415,1,1296.7,733.8222,1284.354,730.6042
63.195,1,1299.879,735.1499,1292.116,732.8771
63.20565,1,1299.879,735.1499,1295.998,734.0135
63.21965,1,1302.869,737.1074,1299.433,735.5604
63.22967,1,1302.869,737.1074,1301.151,736.3339
63.24041,1,1302.869,737.1074,1302.01,736.7207
63.25216,1,1306.103,738.4882,1304.057,737.6045
63.26395,1,1306.103,738.4882,1305.08,738.0464
63.27469,1,1306.103,738.4882,1305.591,738.2673
63.28607,1,1308.957,740.4679,1307.274,739.3676
63.29763,1,1308.957,740.4679,1308.115,739.9177
63.30744,1,1312.26,741.7292,1310.188,740.8235
63.3205,1,1312.26,741.7292,1311.224,741.2764
63.33464,1,1312.26,741.7292,1311.742,741.5028
63.3423,1,1314.823,743.0316,1313.282,742.2672
63.35653,1,1314.823,743.0316,1314.053,742.6494
63.36869,1,1316.263,744.114,1315.158,743.3817
63.38139,1,1316.263,744.114,1315.71,743.7478
63.3943,1,1316.263,744.114,1315.986,743.9309
63.40216,1,1317.739,745.8403,1316.863,744.8856
63.41371,1,1317.739,745.8403,1317.301,745.363
63.42531,1,1317.739,745.8403,1317.52,745.6017
63.43957,1,1319.235,747.2626,1318.377,746.4321
63.45073,1,1319.235,747.2626,1318.806,746.8474
63.46106,1,1321.083,747.7101,1319.945,747.2787
63.47073,1,1321.083,747.7101,1320.514,747.4944
63.48626,1,1321.083,747.7101,1320.798,747.6023
63.49508,1,1323.395,748.4271,1322.097,748.0147
63.50607,1,1323.395,748.4271,1322.746,748.2209
63.52183,1,1325.039,749.5772,1323.892,748.899
63.53025,1,1325.039,749.5772,1324.466,749.2382
63.54225,1,1325.039,749.5772,1324.752,749.4077
63.55492,1,1326.313,750.2103,1325.533,749.809
63.56594,1,1326.313,750.2103,1325.923,750.0096
63.57802,1,1326.313,750.2103,1326.118,750.11
63.58841,1,1327.627,750.9823,1326.873,750.5461
63.60109,1,1327.627,750.9823,1327.25,750.7642
63.61052,1,1329.06,751.442,1328.155,751.1031
63.62583,1,1329.06,751.442,1328.607,751.2725
63.63422,1,1329.06,751.442,1328.833,751.3572
63.64376,1,1330.458,751.6251,1329.646,751.4911
63.65813,1,1330.458,751.6251,1330.052,751.5581
63.66839,1,1330.458,751.6251,1330.255,751.5916
63.67949,1,1331.371,752.3817,1330.813,751.9866
63.69204,1,1331.371,752.3817,1331.092,752.1842
63.70227,1,1332.818,753.4614,1331.955,752.8228
63.71104,1,1332.818,753.4614,1332.386,753.1421
63.72549,1,1332.818,753.4614,1332.602,753.3018
63.73668,1,1334.874,754.4645,1333.738,753.8832
63.74596,1,1334.874,754.4645,1334.306,754.1738
63.75943,1,1334.874,754.4645,1334.59,754.3192
63.7704,1,1337.214,756.1202,1335.902,755.2197
63.78198,1,1337.214,756.1202,1336.558,755.6699
63.79117,1,1339.129,757.4354,1337.844,756.5527
63.80498,1,1339.129,757.4354,1338.486,756.994
63.81781,1,1339.129,757.4354,1338.808,757.2147
63.82773,1,1340.88,759.4102,1339.844,758.3125
63.84183,1,1340.88,759.4102,1340.362,758.8613
63.85094,1,1342.811,761.2998,1341.586,760.0806
63.86284,1,1342.811,761.2998,1342.198,760.6902
63.87437,1,1342.811,761.2998,1342.505,760.995
63.88643,1,1345.173,763.1878,1343.839,762.0914
63.89662,1,1345.173,763.1878,1344.506,762.6396
63.9067,1,1345.173,763.1878,1344.839,762.9137
63.92164,1,1347.522,766.079,1346.181,764.4963
63.92884,1,1347.522,766.079,1346.852,765.2877
63.9407,1,1347.522,766.079,1347.187,765.6833
63.95443,1,1350.132,769.7654,1348.66,767.7244
63.96193,1,1350.132,769.7654,1349.396,768.7449
63.97561,1,1352.277,773.0782,1350.836,770.9115
63.98813,1,1352.277,773.0782,1351.556,771.9949
64.00007,1,1352.277,773.0782,1351.917,772.5365
64.00843,1,1355.548,776.1747,1353.732,774.3556
64.02726,1,1355.548,776.1747,1354.64,775.2651
64.0368,1,1359.39,778.9521,1357.015,777.1086
64.04821,1,1359.39,778.9521,1358.202,778.0304
64.06186,1,1359.39,778.9521,1358.796,778.4912
64.07611,1,1363.51,781.9448,1361.153,780.218
64.08271,1,1363.51,781.9448,1362.332,781.0814
64.09161,1,1363.51,781.9448,1362.921,781.5131
64.10451,1,1367.505,784.4722,1365.213,782.9927
64.11707,1,1367.505,784.4722,1366.359,783.7324
64.1272,1,1370.991,787.6645,1368.675,785.6985
64.13941,1,1370.991,787.6645,1369.833,786.6815
64.15078,1,1370.991,787.6645,1370.412,787.173
64.16269,1,1374.609,790.6876,1372.511,788.9303
64.17408,1,1374.609,790.6876,1373.56,789.809
64.18588,1,1377.424,793.9558,1375.492,791.8824
64.19662,1,1377.424,793.9558,1376.458,792.9191
64.20495,1,1377.424,793.9558,1376.941,793.4374
64.22101,1,1379.392,796.4198,1378.166,794.9286
64.22818,1,1379.392,796.4198,1378.779,795.6742
64.24094,1,1379.392,796.4198,1379.085,796.047
64.25507,1,1380.72,799.2068,1379.903,797.6269
64.26303,1,1380.72,799.2068,1380.311,798.4169
64.27486,1,1377.223,798.6194,1378.767,798.5182
64.28721,1,1377.223,798.6194,1377.995,798.5688
64.2983,1,1377.223,798.6194,1377.609,798.5941
64.31202,1,1372.959,796.8875,1375.284,797.7408
64.32059,1,1372.959,796.8875,1374.122,797.3141
64.33129,1,1372.959,796.8875,1373.54,797.1008
64.34686,1,1370.162,795.6211,1371.851,796.361
64.356,1,1370.162,795.6211,1371.007,795.991
64.36559,1,1367.346,794.084,1369.176,795.0375
64.38389,1,1367.346,794.084,1368.261,794.5608
64.39707,1,1364.297,792.5255,1366.279,793.5432
64.41227,1,1364.297,792.5255,1365.288,793.0343
64.42154,1,1364.297,792.5255,1364.792,792.7799
64.42817,1,1361.035,790.6578,1362.913,791.7189
64.44061,1,1361.035,790.6578,1361.974,791.1884
64.45222,1,1361.035,790.6578,1361.504,790.9231
64.46551,1,1353.625,786.5169,1357.565,788.72
64.47533,1,1353.625,786.5169,1355.595,787.6184
64.48805,1,1341.78,780.8225,1348.687,784.2205
64.49722,1,1341.78,780.8225,1345.233,782.5215
64.50645,1,1341.78,780.8225,1343.506,781.672
64.52445,1,1316.193,775.0114,1329.849,778.3417
64.53473,1,1316.193,775.0114,1323.021,776.6765
64.54598,1,1186.384,775.2051,1254.702,775.9408
64.55771,1,1186.384,775.2051,1220.543,775.5729
64.56827,1,1186.384,775.2051,1203.463,775.389
64.58357,1,908.0851,782.462,1055.774,778.9255
64.59171,1,908.0851,782.462,981.9296,780.6937
64.6059,1,688.3795,790.3001,835.1545,785.4969
64.61715,1,688.3795,790.3001,761.767,787.8986
64.62543,1,688.3795,790.3001,725.0732,789.0994
64.64035,1,579.4572,792.6144,652.2653,790.8569
64.64938,1,579.4572,792.6144,615.8612,791.7357
64.66099,1,579.4572,792.6144,597.6592,792.175
64.67184,1,527.7555,794.9367,562.7073,793.5559
64.68423,1,527.7555,794.9367,545.2314,794.2463
64.69469,1,527.7555,794.9367,536.4935,794.5916
64.7052,1,506.6507,803.6001,521.5721,799.0958
64.72035,1,506.6507,803.6001,514.1114,801.348
64.72666,1,500.4041,826.6901,507.2578,814.019
64.73956,1,500.4041,826.6901,503.8309,820.3546
64.75371,1,500.4041,826.6901,502.1175,823.5223
64.76646,1,498.6091,840.2642,500.3633,831.8933
64.77872,1,498.6091,840.2642,499.4862,836.0787
64.78828,1,496.5697,848.4124,498.028,842.2455
64.80222,1,496.5697,848.4124,497.2988,845.329
64.81405,1,496.5697,848.4124,496.9343,846.8707
64.82635,1,496.3725,853.0718,496.6534,849.9713
64.83705,1,496.3725,853.0718,496.5129,851.5215
64.84713,1,496.3725,853.0718,496.4427,852.2967
64.85845,1,497.6706,855.2578,497.0566,853.7772
64.86978,1,497.6706,855.2578,497.3636,854.5175
64.88188,1,523.6068,858.3527,510.4852,856.4351
64.90368,1,523.6068,858.3527,517.046,857.3939
64.91093,1,559.9388,862.318,538.4924,859.856
64.92033,1,559.9388,862.318,549.2156,861.087
64.93208,1,559.9388,862.318,554.5773,861.7025
64.94354,1,686.8536,866.4213,620.7155,864.0619
64.95555,1,686.8536,866.4213,653.7845,865.2416
64.96622,1,686.8536,866.4213,670.3191,865.8314
64.97974,1,935,860.0046,802.6595,862.918
64.99045,1,935,860.0046,868.8298,861.4613
65.00245,1,1125.666,853.0682,997.2478,857.2648
65.01627,1,1125.666,853.0682,1061.457,855.1665
65.02473,1,1125.666,853.0682,1093.561,854.1174
65.03981,1,1229.156,850.9872,1161.359,852.5522
65.04993,1,1229.156,850.9872,1195.258,851.7697
65.06243,1,1282.176,850.1712,1238.717,850.9705
65.07474,1,1282.176,850.1712,1260.446,850.5708
65.08392,1,1282.176,850.1712,1271.311,850.371
65.09384,1,1309.565,851.456,1290.438,850.9135
65.10512,1,1309.565,851.456,1300.001,851.1847
65.11916,1,1326.254,849.8159,1313.128,850.5003
65.12739,1,1326.254,849.8159,1319.691,850.1581
65.14164,1,1326.254,849.8159,1322.973,849.987
65.15569,1,1339.64,846.7171,1331.307,848.3521
65.16539,1,1339.64,846.7171,1335.474,847.5345
65.17926,1,1339.64,846.7171,1337.557,847.1259
65.1922,1,1357.324,834.1229,1347.441,840.6244
65.2018,1,1357.324,834.1229,1352.383,837.3737
65.21375,1,1367.498,824.0456,1359.94,830.7096
65.22545,1,1367.498,824.0456,1363.719,827.3776
65.23705,1,1367.498,824.0456,1365.608,825.7115
65.24633,1,1374.415,817.1414,1370.011,821.4265
65.25948,1,1374.415,817.1414,1372.213,819.2839
65.27041,1,1379.746,813.5062,1375.979,816.3951
65.28547,1,1379.746,813.5062,1377.862,814.9507
65.29397,1,1379.746,813.5062,1378.804,814.2285
65.30368,1,1384.046,810.3551,1381.425,812.2917
65.31774,1,1384.046,810.3551,1382.736,811.3234
65.32883,1,1384.046,810.3551,1383.391,810.8392
65.34444,1,1387.401,808.9015,1385.396,809.8704
65.35388,1,1387.401,808.9015,1386.398,809.3859
65.36038,1,1387.401,808.9015,1386.899,809.1437
65.37227,1,1389.67,808.6149,1388.284,808.8793
65.38813,1,1389.67,808.6149,1388.977,808.7471
65.40154,1,1391.767,807.7556,1390.372,808.2513
65.4087,1,1391.767,807.7556,1391.07,808.0034
65.42247,1,1394.129,807.4534,1392.6,807.7284
65.43496,1,1394.129,807.4534,1393.365,807.5909
65.44399,1,1394.129,807.4534,1393.747,807.5222
65.45675,1,1396.472,807.5368,1395.109,807.5295
65.46712,1,1396.472,807.5368,1395.791,807.5332
65.47858,1,1396.472,807.5368,1396.131,807.535
65.48859,1,1398.795,808.0679,1397.463,807.8015
65.50219,1,1398.795,808.0679,1398.129,807.9347
65.51077,1,1398.795,808.0679,1398.462,808.0013
65.52404,1,1400.537,808.3865,1399.499,808.194
65.53492,1,1400.537,808.3865,1400.018,808.2903
65.5437,1,1402.092,808.5969,1401.055,808.4436
65.56056,1,1402.092,808.5969,1401.573,808.5203
65.57015,1,1402.092,808.5969,1401.833,808.5586
65.58533,1,1403.98,809.2596,1402.906,808.9091
65.59446,1,1403.98,809.2596,1403.443,809.0844
65.60505,1,1405.958,810.3886,1404.701,809.7365
65.61819,1,1405.958,810.3886,1405.329,810.0625
65.62711,1,1405.958,810.3886,1405.644,810.2256
65.64027,1,1407.822,812.1776,1406.733,811.2016
65.65054,1,1407.822,812.1776,1407.278,811.6896
65.66251,1,1407.822,812.1776,1407.55,811.9336
65.6762,1,1410.02,814.2094,1408.785,813.0715
65.68507,1,1410.02,814.2094,1409.403,813.6405
65.69822,1,1412.623,816.9278,1411.013,815.2842
65.70796,1,1412.623,816.9278,1411.818,816.106
65.72166,1,1412.623,816.9278,1412.22,816.5168
65.73492,1,1415.812,819.5114,1414.016,818.0141
65.74367,1,1415.812,819.5114,1414.914,818.7627
65.77224,1,1418.332,822.6475,1416.623,820.7051
65.78497,1,1421.695,826.4935,1419.159,823.5993
65.7943,1,1421.695,826.4935,1420.427,825.0464
65.80064,1,1421.695,826.4935,1421.061,825.77
65.81113,1,1421.695,826.4935,1421.378,826.1317
65.82289,1,1425.263,829.6743,1423.321,827.903
65.83434,1,1425.263,829.6743,1424.292,828.7886
65.84469,1,1429.057,832.8737,1426.675,830.8311
65.85981,1,1429.057,832.8737,1427.866,831.8524
65.86736,1,1429.057,832.8737,1428.462,832.363
65.88197,1,1431.944,835.7749,1430.203,834.069
65.89125,1,1431.944,835.7749,1431.073,834.9219
65.90335,1,1431.944,835.7749,1431.509,835.3484
65.91451,1,1433.636,838.3247,1432.572,836.8365
65.92454,1,1433.636,838.3247,1433.104,837.5806
65.93704,1,1435.148,840.7535,1434.126,839.1671
65.94523,1,1435.148,840.7535,1434.637,839.9603
65.96029,1,1435.148,840.7535,1434.893,840.3569
65.97089,1,1436.261,844.0588,1435.577,842.2079
65.98568,1,1436.261,844.0588,1435.919,843.1333
65.99685,1,1434.998,844.5079,1435.458,843.8206
66.00581,1,1434.998,844.5079,1435.228,844.1643
66.02039,1,1434.998,844.5079,1435.113,844.3361
66.02882,1,1432.279,842.358,1433.696,843.347
66.04119,1,1432.279,842.358,1432.988,842.8525
66.05396,1,1432.279,842.358,1432.634,842.6053
66.06289,1,1430.726,840.8507,1431.68,841.728
66.07542,1,1430.726,840.8507,1431.203,841.2894
66.08896,1,1429.633,839.516,1430.418,840.4027
66.09981,1,1429.633,839.516,1430.025,839.9594
66.10804,1,1429.633,839.516,1429.829,839.7377
66.12981,1,1428.116,837.3995,1428.973,838.5686
66.14223,1,1428.116,837.3995,1428.544,837.984
66.14915,1,1425.926,834.265,1427.235,836.1245
66.15941,1,1425.926,834.265,1426.581,835.1947
66.17012,1,1425.926,834.265,1426.253,834.7299
66.18722,1,1424.078,831.2757,1425.166,833.0028
66.19566,1,1424.078,831.2757,1424.622,832.1393
66.20332,1,1424.078,831.2757,1424.35,831.7075
66.21742,1,1422.197,828.1475,1423.273,829.9275
66.22828,1,1422.197,828.1475,1422.735,829.0375
66.24183,1,1419.862,824.6501,1421.298,826.8438
66.25495,1,1419.862,824.6501,1420.58,825.7469
66.26572,1,1419.862,824.6501,1420.221,825.1985
66.27702,1,1417.765,822.9893,1418.993,824.0939
66.28899,1,1417.765,822.9893,1418.379,823.5416
66.30114,1,1415.849,821.1945,1417.114,822.368
66.31114,1,1415.849,821.1945,1416.482,821.7813
66.32332,1,1415.849,821.1945,1416.166,821.4879
66.33547,1,1413.995,819.8185,1415.08,820.6532
66.34639,1,1413.995,819.8185,1414.537,820.2358
66.35981,1,1412.922,818.0158,1413.73,819.1259
66.36938,1,1412.922,818.0158,1413.326,818.5708
66.3835,1,1412.922,818.0158,1413.124,818.2933
66.39594,1,1411.181,816.7708,1412.152,817.532
66.40697,1,1411.181,816.7708,1411.667,817.1514
66.4211,1,1409.916,814.7081,1410.791,815.9297
66.43421,1,1409.916,814.7081,1410.353,815.319
66.44485,1,1409.916,814.7081,1410.135,815.0135
66.46073,1,1408.804,813.072,1409.469,814.0427
66.46777,1,1408.804,813.072,1409.136,813.5574
66.48205,1,1406.809,812.3206,1407.973,812.939
66.49052,1,1406.809,812.3206,1407.391,812.6298
66.50342,1,1406.809,812.3206,1407.1,812.4752
66.51585,1,1404.364,811.4673,1405.732,811.9713
66.52176,1,1404.364,811.4673,1405.048,811.7193
66.53728,1,1404.364,811.4673,1404.706,811.5933
66.54919,1,1401.541,811.1,1403.124,811.3467
66.56049,1,1401.541,811.1,1402.332,811.2233
66.57056,1,1398.716,810.2641,1400.524,810.7437
66.58353,1,1398.716,810.2641,1399.62,810.5039
66.59631,1,1398.716,810.2641,1399.168,810.384
66.60751,1,1396.421,808.935,1397.794,809.6595
66.6181,1,1396.421,808.935,1397.108,809.2972
66.62754,1,1396.421,808.935,1396.764,809.1161
66.64011,1,1394.027,808.1282,1395.396,808.6222
66.65588,1,1394.027,808.1282,1394.711,808.3752
66.66398,1,1390.669,807.1943,1392.69,807.7848
66.67931,1,1390.669,807.1943,1391.679,807.4896
66.68859,1,1390.669,807.1943,1391.174,807.3419
66.69933,1,1387.203,807.0645,1389.189,807.2032
66.71073,1,1387.203,807.0645,1388.196,807.1338
66.72399,1,1384.712,806.408,1386.454,806.7709
66.73582,1,1384.712,806.408,1385.583,806.5894
66.74487,1,1384.712,806.408,1385.148,806.4987
66.7572,1,1382.477,805.3819,1383.812,805.9403
66.76999,1,1382.477,805.3819,1383.145,805.6611
66.7828,1,1380.18,804.8355,1381.662,805.2483
66.79398,1,1380.18,804.8355,1380.921,805.0419
66.80367,1,1380.18,804.8355,1380.55,804.9387
66.81852,1,1378.079,804.8914,1379.315,804.915
66.82713,1,1378.079,804.8914,1378.697,804.9032
66.83842,1,1378.079,804.8914,1378.388,804.8973
66.85213,1,1376.172,804.5029,1377.28,804.7001
66.86288,1,1376.172,804.5029,1376.726,804.6014
66.87686,1,1374.786,804.3877,1375.756,804.4946
66.88556,1,1374.786,804.3877,1375.271,804.4412
66.89767,1,1374.786,804.3877,1375.029,804.4144
66.91132,1,1373.767,804.6551,1374.398,804.5348
66.92165,1,1373.767,804.6551,1374.082,804.595
66.9301,1,1373.767,804.6551,1373.925,804.625
66.94538,1,1372.766,805.2451,1373.345,804.9351
66.95585,1,1372.766,805.2451,1373.055,805.0901
66.96661,1,1371.344,805.9222,1372.199,805.5062
66.97994,1,1371.344,805.9222,1371.772,805.7142
66.98877,1,1371.344,805.9222,1371.558,805.8182
67.00201,1,1370.012,805.8903,1370.785,805.8542
67.01498,1,1370.012,805.8903,1370.398,805.8723
67.02333,1,1368.263,804.7191,1369.331,805.2957
67.03528,1,1368.263,804.7191,1368.797,805.0073
67.04527,1,1368.263,804.7191,1368.53,804.8632
67.05791,1,1367.092,802.5734,1367.811,803.7183
67.07008,1,1367.092,802.5734,1367.451,803.1458
67.08076,1,1367.092,802.5734,1367.272,802.8596
67.09224,1,1365.389,800.4486,1366.33,801.6541
67.10393,1,1365.389,800.4486,1365.86,801.0514
67.11668,1,1363.332,797.9756,1364.596,799.5135
67.12542,1,1363.332,797.9756,1363.964,798.7446
67.13837,1,1363.332,797.9756,1363.648,798.3601
67.14851,1,1361.215,796.1017,1362.432,797.231
67.16119,1,1361.215,796.1017,1361.823,796.6664
67.17189,1,1361.215,796.1017,1361.52,796.384
67.18767,1,1359.339,793.9089,1360.429,795.1465
67.19619,1,1359.339,793.9089,1359.885,794.5277
67.2055,1,1356.796,791.5373,1358.34,793.0325
67.22125,1,1356.796,791.5373,1357.568,792.2849
67.22945,1,1356.796,791.5373,1357.182,791.9111
67.24355,1,1353.907,789.189,1355.545,790.55
67.25393,1,1353.907,789.189,1354.726,789.8695
67.2635,1,1353.907,789.189,1354.317,789.5293
67.27861,1,1351.515,786.7667,1352.916,788.1479
67.28839,1,1351.515,786.7667,1352.215,787.4573
67.3257,1,1345.228,779.9793,1348.722,783.7183
67.33687,1,1345.228,779.9793,1346.975,781.8488
67.34386,1,1345.228,779.9793,1346.102,780.9141
67.35399,1,1345.228,779.9793,1345.665,780.4467
67.36671,1,1341.755,777.5771,1343.71,779.0118
67.3793,1,1341.755,777.5771,1342.733,778.2944
67.38802,1,1338.745,774.6113,1340.739,776.4529
67.40161,1,1338.745,774.6113,1339.742,775.5321
67.40999,1,1338.745,774.6113,1339.243,775.0717
67.42358,1,1336.664,771.8284,1337.953,773.45
67.43407,1,1336.664,771.8284,1337.308,772.6392
67.44524,1,1334.752,768.7869,1336.03,770.713
67.45651,1,1334.752,768.7869,1335.391,769.75
67.4659,1,1334.752,768.7869,1335.072,769.2684
67.47972,1,1332.135,765.2239,1333.604,767.2462
67.48974,1,1332.135,765.2239,1332.869,766.2351
67.50177,1,1332.135,765.2239,1332.502,765.7295
67.51205,1,1330.066,762.3621,1331.284,764.0458
67.52571,1,1330.066,762.3621,1330.675,763.204
67.53793,1,1327.211,760.1448,1328.943,761.6744
67.54945,1,1327.211,760.1448,1328.077,760.9097
67.55798,1,1327.211,760.1448,1327.644,760.5272
67.5708,1,1324.864,757.2868,1326.254,758.907
67.58399,1,1324.864,757.2868,1325.559,758.0969
67.59454,1,1324.864,757.2868,1325.211,757.6919
67.60714,1,1322.495,754.4376,1323.853,756.0647
67.6189,1,1322.495,754.4376,1323.174,755.2511
67.63132,1,1319.905,752.4221,1321.539,753.8365
67.64429,1,1319.905,752.4221,1320.722,753.1293
67.65427,1,1319.905,752.4221,1320.313,752.7756
67.66695,1,1317.922,750.345,1319.118,751.5603
67.6785,1,1317.922,750.345,1318.52,750.9526
67.69112,1,1315.94,749.0981,1317.23,750.0254
67.70431,1,1315.94,749.0981,1316.585,749.5618
67.71388,1,1315.94,749.0981,1316.262,749.33
67.7272,1,1313.797,747.9999,1315.03,748.6649
67.73955,1,1313.797,747.9999,1314.414,748.3324
67.75079,1,1311.911,746.033,1313.162,747.1827
67.76305,1,1311.911,746.033,1312.536,746.6079
67.77672,1,1311.911,746.033,1312.223,746.3204
67.78819,1,1309.709,744.5504,1310.966,745.4354
67.80183,1,1309.709,744.5504,1310.337,744.9929
67.81113,1,1307.877,742.0494,1309.107,743.5211
67.82472,1,1307.877,742.0494,1308.492,742.7853
67.83709,1,1307.877,742.0494,1308.184,742.4174
67.84622,1,1305.396,739.4222,1306.79,740.9198
67.85778,1,1305.396,739.4222,1306.093,740.171
67.86908,1,1303.736,737.2571,1304.915,738.7141
67.88074,1,1303.736,737.2571,1304.326,737.9856
67.89402,1,1303.736,737.2571,1304.031,737.6213
67.9029,1,1302.249,735.0226,1303.14,736.322
67.91636,1,1302.249,735.0226,1302.695,735.6722
67.92694,1,1302.249,735.0226,1302.472,735.3474
67.93974,1,1300.57,732.8235,1301.521,734.0854
67.95001,1,1300.57,732.8235,1301.046,733.4545
67.9632,1,1298.963,730.6558,1300.005,732.0551
67.97539,1,1298.963,730.6558,1299.484,731.3555
67.98673,1,1298.963,730.6558,1299.224,731.0056
68.0032,1,1297.944,729.2418,1298.584,730.1237
68.01099,1,1297.944,729.2418,1298.264,729.6827
68.02181,1,1296.207,727.2528,1297.236,728.4678
68.03604,1,1296.207,727.2528,1296.721,727.8603
68.045,1,1296.207,727.2528,1296.464,727.5565
68.05655,1,1292.49,723.38,1294.477,725.4683
68.06898,1,1292.49,723.38,1293.484,724.4241
68.08148,1,1288.312,718.78,1290.898,721.6021
68.09097,1,1288.312,718.78,1289.605,720.191
68.10403,1,1288.312,718.78,1288.958,719.4855
68.11602,1,1284.688,715.5915,1286.823,717.5385
68.12868,1,1284.688,715.5915,1285.755,716.5649
68.13924,1,1284.688,715.5915,1285.221,716.0782
68.15056,1,1281.104,713.2546,1283.163,714.6664
68.16276,1,1281.104,713.2546,1282.134,713.9606
68.17203,1,1277.685,710.2712,1279.909,712.1158
68.18528,1,1277.685,710.2712,1278.797,711.1935
68.19534,1,1277.685,710.2712,1278.241,710.7323
68.20726,1,1274.234,706.8177,1276.238,708.775
68.22014,1,1274.234,706.8177,1275.236,707.7964
68.22877,1,1274.234,706.8177,1274.735,707.307
68.24332,1,1271.759,703.7828,1273.247,705.5449
68.2541,1,1271.759,703.7828,1272.503,704.6638
68.26588,1,1269.499,700.6563,1271.001,702.66
68.27672,1,1269.499,700.6563,1270.25,701.6582
68.28588,1,1269.499,700.6563,1269.875,701.1572
68.30197,1,1267.522,699.1329,1268.698,700.145
68.3116,1,1267.522,699.1329,1268.11,699.6389
68.32373,1,1264.888,697.4974,1266.499,698.5681
68.33739,1,1264.888,697.4974,1265.694,698.0327
68.34679,1,1264.888,697.4974,1265.291,697.765
68.36241,1,1262.647,695.9971,1263.969,696.8811
68.37689,1,1262.647,695.9971,1263.308,696.4391
68.38275,1,1260.656,694.1937,1261.982,695.3164
68.39661,1,1260.656,694.1937,1261.319,694.7551
68.41106,1,1260.656,694.1937,1260.987,694.4744
68.42329,1,1258.469,693.5133,1259.728,693.9938
68.43058,1,1258.469,693.5133,1259.098,693.7535
68.44175,1,1258.469,693.5133,1258.783,693.6334
68.45493,1,1256.965,692.0591,1257.874,692.8463
68.46815,1,1256.965,692.0591,1257.42,692.4528
68.47775,1,1255.281,691.1212,1256.35,691.787
68.48846,1,1255.281,691.1212,1255.816,691.4541
68.50288,1,1256.946,689.5963,1256.381,690.5251
68.51118,1,1256.946,689.5963,1256.664,690.0607
68.53294,1,1258.9,687.9027,1257.782,688.9817
68.54066,1,1258.9,687.9027,1258.341,688.4422
68.54718,1,1258.9,687.9027,1258.621,688.1725
68.56256,1,1258.9,687.9027,1258.761,688.0376
68.57077,1,1260.407,686.4795,1259.584,687.2585
68.58523,1,1260.407,686.4795,1259.995,686.869
68.59827,1,1261.248,685.1015,1260.622,685.9852
68.60541,1,1261.248,685.1015,1260.935,685.5433
68.62088,1,1261.248,685.1015,1261.092,685.3224
68.63123,1,1261.047,683.3057,1261.069,684.3141
68.66438,1,1261.701,681.8441,1261.385,683.0791
68.67133,1,1261.701,681.8441,1261.543,682.4615
68.67882,1,1261.701,681.8441,1261.622,682.1528
68.69402,1,1261.988,680.6667,1261.805,681.4098
68.70225,1,1261.988,680.6667,1261.897,681.0383
68.71622,1,1262.09,680.3777,1261.994,680.708
68.7277,1,1262.09,680.3777,1262.042,680.5428
68.73992,1,1262.09,680.3777,1262.066,680.4603
68.74952,1,1261.882,679.8535,1261.974,680.1569
68.76281,1,1261.882,679.8535,1261.928,680.0052
68.77341,1,1261.882,679.8535,1261.905,679.9294
68.78344,1,1261.801,679.3478,1261.853,679.6385
68.79655,1,1261.801,679.3478,1261.827,679.4932
68.80614,1,1261.56,678.8926,1261.694,679.1929
68.8213,1,1261.56,678.8926,1261.627,679.0427
68.8318,1,1261.56,678.8926,1261.594,678.9677
68.844,1,1260.664,678.288,1261.129,678.6278
68.85553,1,1260.664,678.288,1260.896,678.4579
68.86587,1,1258.914,677.8696,1259.905,678.1638
68.88279,1,1258.914,677.8696,1259.41,678.0167
68.89672,1,1256.906,677.0662,1258.158,677.5415
68.90375,1,1256.906,677.0662,1257.532,677.3038
68.91721,1,1256.906,677.0662,1257.219,677.1851
68.92655,1,1254.578,676.4479,1255.899,676.8165
68.94022,1,1254.578,676.4479,1255.239,676.6322
68.9505,1,1254.578,676.4479,1254.908,676.54
68.96289,1,1252.624,676.207,1253.766,676.3735
68.97416,1,1252.624,676.207,1253.195,676.2903
68.98782,1,1236.275,677.9671,1244.735,677.1287
68.99946,1,1236.275,677.9671,1240.505,677.5479
69.00861,1,1236.275,677.9671,1238.39,677.7574
69.02841,1,1104.969,690.5089,1171.679,684.1332
69.03724,1,1104.969,690.5089,1138.324,687.321
69.04556,1,1104.969,690.5089,1121.646,688.9149
69.05801,1,836.3787,712.4604,979.0126,700.6877
69.06924,1,836.3787,712.4604,907.6957,706.5741
69.08024,1,641.8385,729.2809,774.7671,717.9275
69.09453,1,641.8385,729.2809,708.3028,723.6042
69.1024,1,641.8385,729.2809,675.0707,726.4425
69.11732,1,544.5642,738.6285,609.8174,732.5355
69.12897,1,544.5642,738.6285,577.1908,735.582
69.14126,1,497.2985,741.946,537.2446,738.764
69.15531,1,497.2985,741.946,517.2715,740.355
69.16374,1,497.2985,741.946,507.285,741.1505
69.17911,1,474.1473,743.9512,490.7162,742.5508
69.18817,1,474.1473,743.9512,482.4318,743.251
69.19938,1,463.0597,745.4175,472.7457,744.3342
69.2094,1,463.0597,745.4175,467.9027,744.8759
69.22249,1,463.0597,745.4175,465.4812,745.1467
69.23573,1,473.8535,746.4818,469.6673,745.8143
69.24458,1,473.8535,746.4818,471.7604,746.1481
69.25871,1,485.1567,748.404,478.4586,747.276
69.26946,1,485.1567,748.404,481.8076,747.84
69.28278,1,485.1567,748.404,483.4822,748.1219
69.29645,1,493.8744,749.4318,488.6783,748.7769
69.30503,1,493.8744,749.4318,491.2763,749.1044
69.3174,1,493.8744,749.4318,492.5753,749.2681
69.33022,1,524.5895,753.2277,508.5824,751.2479
69.34101,1,524.5895,753.2277,516.586,752.2378
69.35445,1,572.9388,759.4614,544.7625,755.8496
69.36357,1,572.9388,759.4614,558.8506,757.6555
69.37665,1,572.9388,759.4614,565.8948,758.5585
69.39049,1,710.0908,766.2933,637.9928,762.4259
69.40147,1,710.0908,766.2933,674.0418,764.3596
69.41155,1,916.6584,776.6749,795.3501,770.5172
69.42342,1,916.6584,776.6749,856.0043,773.5961
69.43482,1,916.6584,776.6749,886.3314,775.1355
69.44472,1,1062.666,783.9144,974.4985,779.525
69.45673,1,1062.666,783.9144,1018.582,781.7197
69.46786,1,1062.666,783.9144,1040.624,782.8171
69.47753,1,1141.82,787.0029,1091.222,784.91
69.48878,1,1141.82,787.0029,1116.521,785.9565
69.50104,1,1180.335,787.6703,1148.428,786.8134
69.51168,1,1180.335,787.6703,1164.381,787.2419
69.52554,1,1180.335,787.6703,1172.358,787.4561
69.53652,1,1200.455,787.4621,1186.407,787.4591
69.54603,1,1200.455,787.4621,1193.431,787.4606
69.561,1,1211.627,785.9049,1202.529,786.6827
69.57507,1,1211.627,785.9049,1207.078,786.2938
69.58405,1,1211.627,785.9049,1209.352,786.0994
69.59569,1,1219.199,784.0172,1214.276,785.0583
69.60799,1,1219.199,784.0172,1216.738,784.5377
69.62006,1,1219.199,784.0172,1217.969,784.2775
69.64325,1,1259.964,791.5172,1238.966,787.8973
69.65088,1,1313.377,805.4778,1276.172,796.6876
69.66283,1,1313.377,805.4778,1294.774,801.0826
69.67171,1,1313.377,805.4778,1304.076,803.2802
69.68604,1,1350.226,813.5934,1327.151,808.4368
69.6982,1,1350.226,813.5934,1338.689,811.0151
69.71195,1,1374.963,818.1144,1356.826,814.5648
69.72163,1,1374.963,818.1144,1365.895,816.3396
69.73405,1,1374.963,818.1144,1370.429,817.2271
69.74171,1,1391.296,819.6528,1380.862,818.4399
69.75452,1,1391.296,819.6528,1386.079,819.0464
69.76521,1,1391.296,819.6528,1388.687,819.3496
69.77943,1,1400.069,820.4064,1394.378,819.8781
69.79166,1,1400.069,820.4064,1397.223,820.1422
69.80545,1,1404.957,820.5666,1401.09,820.3544
69.81532,1,1404.957,820.5666,1403.024,820.4604
69.82426,1,1404.957,820.5666,1403.99,820.5135
69.83765,1,1408.062,820.9101,1406.026,820.7118
69.84901,1,1408.062,820.9101,1407.044,820.8109
69.86168,1,1408.062,820.9101,1407.553,820.8605
69.87428,1,1409.616,821.1733,1408.585,821.0168
69.8872,1,1409.616,821.1733,1409.101,821.0951
69.89742,1,1410.073,819.8633,1409.587,820.4792
69.90688,1,1410.073,819.8633,1409.83,820.1713
69.92039,1,1410.073,819.8633,1409.951,820.0173
69.92934,1,1409.802,818.4577,1409.877,819.2375
69.94506,1,1409.802,818.4577,1409.839,818.8477
69.95615,1,1408.793,817.7924,1409.316,818.3201
69.96659,1,1408.793,817.7924,1409.054,818.0563
69.97963,1,1408.793,817.7924,1408.923,817.9243
69.99039,1,1408.181,816.63,1408.552,817.2772
70.00485,1,1408.181,816.63,1408.366,816.9536
70.0145,1,1407.522,815.0549,1407.944,816.0043
70.02589,1,1407.522,815.0549,1407.733,815.5296
70.03951,1,1407.522,815.0549,1407.628,815.2922
70.05034,1,1406.645,814.1516,1407.136,814.7219
70.06203,1,1406.645,814.1516,1406.891,814.4368
70.072,1,1406.645,814.1516,1406.768,814.2942
70.08599,1,1406.018,812.8962,1406.393,813.5952
70.09528,1,1406.018,812.8962,1406.205,813.2457
70.10661,1,1405.406,810.9942,1405.805,812.12
70.12251,1,1405.406,810.9942,1405.605,811.5571
70.13375,1,1405.406,810.9942,1405.506,811.2756
70.14403,1,1404.176,809.0501,1404.841,810.1628
70.15683,1,1404.176,809.0501,1404.508,809.6064
70.16788,1,1402.871,807.0319,1403.69,808.3192
70.1794,1,1402.871,807.0319,1403.281,807.6755
70.19066,1,1402.871,807.0319,1403.076,807.3537
70.20473,1,1402.095,803.879,1402.585,805.6163
70.214,1,1402.095,803.879,1402.34,804.7477
70.22542,1,1400.761,800.5122,1401.551,802.6299
70.23888,1,1400.761,800.5122,1401.156,801.571
70.2463,1,1400.761,800.5122,1400.958,801.0416
70.26019,1,1399.661,797.1035,1400.31,799.0725
70.27135,1,1399.661,797.1035,1399.985,798.088
70.28786,1,1397.708,793.1776,1398.847,795.6328
70.29883,1,1397.708,793.1776,1398.278,794.4052
70.31145,1,1397.708,793.1776,1397.993,793.7914
70.32205,1,1395.667,789.4562,1396.83,791.6238
70.33614,1,1395.667,789.4562,1396.249,790.54
70.34584,1,1393.442,785.6979,1394.845,788.119
70.35792,1,1393.442,785.6979,1394.144,786.9084
70.37039,1,1393.442,785.6979,1393.793,786.3032
70.3829,1,1390.817,782.1097,1392.305,784.2065
70.39586,1,1390.817,782.1097,1391.561,783.1581
70.40642,1,1390.145,780.6982,1390.853,781.9281
70.41721,1,1390.145,780.6982,1390.499,781.3131
70.42735,1,1390.145,780.6982,1390.322,781.0056
70.43821,1,1389.785,779.3901,1390.054,780.1979
70.44864,1,1389.785,779.3901,1389.92,779.794
70.462,1,1389.785,779.3901,1389.853,779.592
70.47128,1,1389.319,778.9855,1389.586,779.2888
70.48711,1,1389.319,778.9855,1389.452,779.1372
70.49835,1,1389.279,778.3151,1389.366,778.7261
70.50781,1,1389.279,778.3151,1389.322,778.5206
70.5208,1,1389.279,778.3151,1389.301,778.4178
70.5337,1,1388.995,777.4772,1389.148,777.9475
70.54963,1,1388.995,777.4772,1389.072,777.7124
70.55761,1,1388.58,776.6678,1388.826,777.1901
70.5687,1,1388.58,776.6678,1388.703,776.929
70.58235,1,1388.58,776.6678,1388.641,776.7984
70.60664,1,1388.222,776.2881,1388.432,776.5433
70.61561,1,1388.222,776.2881,1388.327,776.4157
70.62385,1,1387.71,776.4191,1388.019,776.4174
70.63477,1,1387.71,776.4191,1387.865,776.4182
70.64396,1,1387.71,776.4191,1387.788,776.4186
70.65816,1,1386.994,775.9217,1387.391,776.1702
70.67075,1,1386.994,775.9217,1387.192,776.0459
70.68117,1,1385.967,775.6943,1386.58,775.8701
70.69494,1,1385.967,775.6943,1386.273,775.7822
70.7035,1,1385.967,775.6943,1386.12,775.7383
70.7175,1,1385.091,775.827,1385.606,775.7827
70.72744,1,1385.091,775.827,1385.348,775.8048
70.74051,1,1384.203,776.3712,1384.776,776.088
70.7525,1,1384.203,776.3712,1384.49,776.2296
70.76573,1,1384.203,776.3712,1384.346,776.3004
70.77593,1,1383.834,776.5641,1384.09,776.4323
70.78691,1,1383.834,776.5641,1383.962,776.4982
70.80067,1,1383.069,776.3877,1383.516,776.4429
70.81165,1,1383.069,776.3877,1383.292,776.4153
70.82364,1,1383.069,776.3877,1383.181,776.4015
70.8375,1,1382.497,776.4594,1382.839,776.4304
70.84714,1,1382.497,776.4594,1382.668,776.4449
70.85869,1,1381.993,776.6041,1382.33,776.5245
70.87064,1,1381.993,776.6041,1382.162,776.5643
70.88326,1,1381.993,776.6041,1382.077,776.5842
70.89693,1,1381.426,776.5835,1381.751,776.5839
70.90562,1,1381.426,776.5835,1381.589,776.5837
70.91776,1,1381.426,776.5835,1381.507,776.5836
70.92941,1,1381,776.6465,1381.254,776.6151
70.95159,1,1380.435,776.983,1380.844,776.799
70.96042,1,1380.435,776.983,1380.64,776.891
70.96885,1,1380.435,776.983,1380.537,776.937
70.97882,1,1380.435,776.983,1380.486,776.96
70.99155,1,1379.249,776.5594,1379.868,776.7597
71.00416,1,1379.249,776.5594,1379.558,776.6595
71.01994,1,1377.981,776.1281,1378.77,776.3938
71.03056,1,1377.981,776.1281,1378.375,776.261
71.03972,1,1377.981,776.1281,1378.178,776.1946
71.05225,1,1376.736,775.8762,1377.457,776.0354
71.06251,1,1376.736,775.8762,1377.096,775.9558
71.07173,1,1375.358,776.0011,1376.227,775.9785
71.08533,1,1375.358,776.0011,1375.792,775.9897
71.09696,1,1375.358,776.0011,1375.575,775.9954
71.10963,1,1374.368,775.9361,1374.971,775.9658
71.1206,1,1374.368,775.9361,1374.669,775.9509
71.13083,1,1373.362,775.7975,1374.016,775.8743
71.14325,1,1373.362,775.7975,1373.689,775.8359
71.15547,1,1373.362,775.7975,1373.525,775.8168
71.16702,1,1372.214,775.8383,1372.869,775.8275
71.17802,1,1372.214,775.8383,1372.542,775.8329
71.19059,1,1372.214,775.8383,1372.377,775.8356
71.21722,1,1370.944,775.2275,1371.661,775.5315
71.22849,1,1370.13,774.6912,1370.896,775.1113
71.23768,1,1370.13,774.6912,1370.513,774.9012
71.24567,1,1370.13,774.6912,1370.322,774.7963
71.26012,1,1368.9,774.2374,1369.611,774.5168
71.27036,1,1368.9,774.2374,1369.256,774.3771
71.28428,1,1367.236,773.4721,1368.246,773.9246
71.29546,1,1367.236,773.4721,1367.741,773.6984
71.30682,1,1367.236,773.4721,1367.488,773.5852
71.32056,1,1365.115,772.4557,1366.301,773.0205
71.33468,1,1365.115,772.4557,1365.708,772.7382
71.34437,1,1362.731,771.1927,1364.219,771.9655
71.35664,1,1362.731,771.1927,1363.475,771.5791
71.36831,1,1362.731,771.1927,1363.103,771.3859
71.37997,1,1360.913,769.5338,1362.008,770.4598
71.3907,1,1360.913,769.5338,1361.461,769.9968
71.4019,1,1360.913,769.5338,1361.187,769.7653
71.4118,1,1358.783,767.6732,1359.985,768.7192
71.42512,1,1358.783,767.6732,1359.384,768.1962
71.43771,1,1356.88,765.2922,1358.132,766.7441
71.44604,1,1356.88,765.2922,1357.506,766.0182
71.46139,1,1356.88,765.2922,1357.193,765.6552
71.47125,1,1354.799,762.7252,1355.996,764.1902
71.48682,1,1354.799,762.7252,1355.397,763.4577
71.49556,1,1353.228,761.0423,1354.313,762.25
71.50534,1,1353.228,761.0423,1353.77,761.6461
71.52143,1,1353.228,761.0423,1353.499,761.3442
71.53615,1,1351.254,760.2451,1352.377,760.7947
71.54537,1,1351.254,760.2451,1351.816,760.5199
71.56453,1,1349.109,758.7285,1350.462,759.6242
71.57092,1,1349.109,758.7285,1349.786,759.1764
71.58227,1,1349.109,758.7285,1349.447,758.9525
71.59548,1,1347.835,757.3413,1348.641,758.1469
71.60539,1,1347.835,757.3413,1348.238,757.7441
71.61823,1,1346.638,755.3995,1347.438,756.5718
71.62904,1,1346.638,755.3995,1347.038,755.9857
71.64007,1,1346.638,755.3995,1346.838,755.6926
71.65511,1,1344.838,753.1646,1345.838,754.4286
71.6618,1,1344.838,753.1646,1345.338,753.7966
71.67419,1,1343.283,751.0268,1344.31,752.4117
71.69102,1,1343.283,751.0268,1343.796,751.7192
71.69899,1,1343.283,751.0268,1343.54,751.373
71.72425,1,1341.76,749.1689,1342.65,750.271
71.73439,1,1340.407,746.8196,1341.529,748.5453
71.74167,1,1340.407,746.8196,1340.968,747.6825
71.7547,1,1340.407,746.8196,1340.688,747.2511
71.76392,1,1340.407,746.8196,1340.548,747.0354
71.77831,1,1337.701,742.0684,1339.124,744.5519
71.7875,1,1337.701,742.0684,1338.412,743.3101
71.80071,1,1334.091,734.9113,1336.252,739.1107
71.81023,1,1334.091,734.9113,1335.171,737.011
71.82732,1,1330.342,728.456,1332.757,732.7335
71.83694,1,1330.342,728.456,1331.549,730.5947
71.84537,1,1330.342,728.456,1330.946,729.5254
71.86114,1,1326.636,722.7719,1328.791,726.1486
71.87045,1,1326.636,722.7719,1327.714,724.4602
71.88637,1,1326.636,722.7719,1327.175,723.616
71.89503,1,1322.969,717.4235,1325.072,720.5198
71.90524,1,1322.969,717.4235,1324.02,718.9716
71.92249,1,1320.399,713.599,1322.21,716.2853
71.92896,1,1320.399,713.599,1321.305,714.9421
71.94241,1,1320.399,713.599,1320.852,714.2706
71.9548,1,1317.831,710.7606,1319.342,712.5156
71.96284,1,1317.831,710.7606,1318.586,711.6381
71.97778,1,1315.96,708.9329,1317.273,710.2855
71.98919,1,1315.96,708.9329,1316.617,709.6092
72.00086,1,1315.96,708.9329,1316.288,709.271
72.01199,1,1314.58,707.2352,1315.434,708.2531
72.02303,1,1314.58,707.2352,1315.007,707.7441
72.03642,1,1314.58,707.2352,1314.794,707.4896
72.04524,1,1313.566,706.6072,1314.18,707.0484
72.05959,1,1313.566,706.6072,1313.873,706.8278
72.07048,1,1312.486,705.6465,1313.18,706.2371
72.08334,1,1312.486,705.6465,1312.833,705.9418
72.09713,1,1312.486,705.6465,1312.66,705.7941
72.10431,1,1311.29,705.4126,1311.975,705.6034
72.11906,1,1311.29,705.4126,1311.633,705.508
72.12992,1,1310.025,704.3802,1310.829,704.9441
72.14301,1,1310.025,704.3802,1310.427,704.6621
72.15744,1,1310.025,704.3802,1310.226,704.5211
72.16644,1,1308.346,702.5316,1309.286,703.5264
72.1773,1,1308.346,702.5316,1308.816,703.0289
72.19489,1,1306.735,701.4285,1307.775,702.2288
72.20598,1,1306.735,701.4285,1307.255,701.8286
72.21663,1,1306.735,701.4285,1306.995,701.6285
72.22793,1,1305.351,700.0725,1306.173,700.8505
72.24151,1,1305.351,700.0725,1305.762,700.4615
72.25433,1,1303.697,698.4513,1304.729,699.4564
72.26635,1,1303.697,698.4513,1304.213,698.9539
72.27821,1,1302.475,696.1671,1303.344,697.5604
72.28886,1,1302.475,696.1671,1302.91,696.8638
72.30126,1,1302.475,696.1671,1302.692,696.5154
72.31205,1,1300.647,693.8699,1301.67,695.1926
72.32355,1,1300.647,693.8699,1301.158,694.5313
72.33525,1,1300.647,693.8699,1300.903,694.2006
72.34686,1,1299.62,691.9763,1300.261,693.0884
72.35963,1,1299.62,691.9763,1299.941,692.5323
72.36942,1,1298.47,689.9886,1299.206,691.2605
72.38262,1,1298.47,689.9886,1298.838,690.6245
72.39548,1,1298.47,689.9886,1298.654,690.3065
72.40541,1,1296.9,688.1082,1297.777,689.2074
72.41769,1,1296.9,688.1082,1297.339,688.6578
72.4279,1,1296.9,688.1082,1297.12,688.3831
72.44213,1,1295.954,686.4424,1296.537,687.4127
72.45443,1,1295.954,686.4424,1296.246,686.9276
72.46292,1,1294.372,684.017,1295.309,685.4723
72.47841,1,1294.372,684.017,1294.84,684.7446
72.48815,1,1294.372,684.017,1294.606,684.3809
72.50069,1,1292.625,682.1677,1293.615,683.2743
72.51175,1,1292.625,682.1677,1293.12,682.721
72.52659,1,1290.112,680.6354,1291.616,681.6782
72.53795,1,1290.112,680.6354,1290.864,681.1569
72.54859,1,1290.112,680.6354,1290.488,680.8961
72.55888,1,1287.816,679.3368,1289.152,680.1165
72.57043,1,1287.816,679.3368,1288.484,679.7266
72.58466,1,1285.683,677.107,1287.083,678.4168
72.59592,1,1285.683,677.107,1286.383,677.7619
72.6067,1,1285.683,677.107,1286.033,677.4344
72.62147,1,1283.408,675.3876,1284.72,676.411
72.6303,1,1283.408,675.3876,1284.064,675.8993
72.64541,1,1281.185,672.9996,1282.625,674.4495
72.65617,1,1281.185,672.9996,1281.905,673.7245
72.66615,1,1281.185,672.9996,1281.545,673.3621
72.68092,1,1279.432,670.2577,1280.489,671.8099
72.69109,1,1279.432,670.2577,1279.961,671.0338
72.70655,1,1278.063,667.9442,1279.012,669.489
72.71951,1,1278.063,667.9442,1278.537,668.7166
72.72775,1,1278.063,667.9442,1278.3,668.3303
72.74297,1,1276.288,665.9879,1277.294,667.1591
72.75209,1,1276.288,665.9879,1276.791,666.5735
72.7642,1,1274.962,664.4784,1275.876,665.5259
72.77769,1,1274.962,664.4784,1275.419,665.0022
72.81227,1,1273.169,662.8217,1274.294,663.9119
72.82562,1,1271.086,660.9197,1272.69,662.4158
72.83502,1,1271.086,660.9197,1271.888,661.6677
72.84553,1,1271.086,660.9197,1271.487,661.2937
72.85989,1,1268.64,659.4061,1270.064,660.3499
72.86953,1,1268.64,659.4061,1269.352,659.8781
72.88557,1,1266.618,658.4044,1267.985,659.1412
72.8956,1,1266.618,658.4044,1267.301,658.7728
72.9091,1,1266.618,658.4044,1266.959,658.5886
72.91969,1,1264.971,657.1147,1265.965,657.8517
72.92859,1,1264.971,657.1147,1265.468,657.4832
72.94418,1,1262.731,655.7407,1264.099,656.6119
72.95602,1,1262.731,655.7407,1263.415,656.1763
72.96721,1,1262.731,655.7407,1263.073,655.9585
72.97766,1,1260.96,654.3287,1262.017,655.1436
72.99036,1,1260.96,654.3287,1261.488,654.7361
73.005,1,1258.297,652.044,1259.892,653.39
73.01619,1,1258.297,652.044,1259.094,652.717
73.0258,1,1258.297,652.044,1258.696,652.3805
73.03709,1,1256.498,649.8872,1257.597,651.1339
73.05061,1,1256.498,649.8872,1257.048,650.5105
73.06285,1,1256.498,649.8872,1256.773,650.1989
73.08006,1,1253.924,646.3871,1255.349,648.293
73.0899,1,1253.924,646.3871,1254.636,647.3401
73.10152,1,1250.386,642.1508,1252.511,644.7454
73.11572,1,1250.386,642.1508,1251.449,643.4481
73.12658,1,1247.138,638.577,1249.293,641.0126
73.14128,1,1247.138,638.577,1248.216,639.7948
73.14782,1,1247.138,638.577,1247.677,639.1859
73.1645,1,1244.566,635.1107,1246.122,637.1483
73.17671,1,1244.566,635.1107,1245.344,636.1295
73.18821,1,1242.849,632.5838,1244.097,634.3567
73.20365,1,1242.849,632.5838,1243.473,633.4702
73.2168,1,1239.859,631.1304,1241.666,632.3003
73.22351,1,1239.859,631.1304,1240.763,631.7153
73.23619,1,1239.859,631.1304,1240.311,631.4229
73.24933,1,1237.458,630.6665,1238.884,631.0447
73.25976,1,1237.458,630.6665,1238.171,630.8556
73.2708,1,1237.458,630.6665,1237.814,630.761
73.28586,1,1235.558,630.6127,1236.686,630.6869
73.29588,1,1235.558,630.6127,1236.122,630.6498
73.3061,1,1218.171,630.7051,1227.147,630.6775
73.31866,1,1218.171,630.7051,1222.659,630.6913
73.33199,1,1218.171,630.7051,1220.415,630.6982
73.34575,1,1089.079,643.3099,1154.747,637.0041
73.35536,1,1089.079,643.3099,1121.913,640.157
73.36768,1,794.5077,662.2919,958.2104,651.2244
73.38051,1,794.5077,662.2919,876.359,656.7582
73.39069,1,794.5077,662.2919,835.4333,659.525
73.40647,1,578.0555,681.752,706.7444,670.6385
73.41748,1,578.0555,681.752,642.3999,676.1953
73.42776,1,468.7718,690.525,555.5859,683.3602
73.44273,1,468.7718,690.525,512.1788,686.9426
73.45163,1,468.7718,690.525,490.4753,688.7338
73.46565,1,417.7505,697.2889,454.1129,693.0114
73.47662,1,417.7505,697.2889,435.9318,695.1501
73.48775,1,393.7466,701.1882,414.8392,698.1692
73.50374,1,393.7466,701.1882,404.2929,699.6787
73.51673,1,393.7466,701.1882,399.0197,700.4335
73.52537,1,380.8999,702.8094,389.9598,701.6215
73.53925,1,380.8999,702.8094,385.4299,702.2155
73.55026,1,375.5868,702.8035,380.5083,702.5095
73.56122,1,375.5868,702.8035,378.0475,702.6565
73.57393,1,375.5868,702.8035,376.8172,702.73
73.58433,1,430.278,648.4985,403.5475,675.6143
73.59683,1,430.278,648.4985,416.9128,662.0564
73.60991,1,539.2237,530.6725,478.0682,596.3645
73.62193,1,539.2237,530.6725,508.646,563.5186
73.63617,1,539.2237,530.6725,523.9348,547.0956
73.64484,1,645.0467,414.9506,584.4907,481.0231
73.65865,1,645.0467,414.9506,614.7687,447.9869
73.67004,1,708.3523,343.838,661.5605,395.9125
73.69511,1,708.3523,343.838,684.9564,369.8752
73.70483,1,740.8503,310.733,712.9034,340.3041
73.71432,1,740.8503,310.733,726.8768,325.5186
73.72232,1,740.8503,310.733,733.8636,318.1258
73.73634,1,758.084,295.2712,745.9738,306.6985
73.75125,1,758.084,295.2712,752.0289,300.9849
73.76107,1,769.3568,285.5355,760.6928,293.2602
73.77432,1,769.3568,285.5355,765.0248,289.3978
73.78405,1,769.3568,285.5355,767.1908,287.4667
73.79524,1,775.2866,281.1591,771.2386,284.3129
73.80813,1,775.2866,281.1591,773.2626,282.736
73.82175,1,778.4862,277.2604,775.8744,279.9982
73.83556,1,778.4862,277.2604,777.1803,278.6293
73.84396,1,778.4862,277.2604,777.8333,277.9448
73.85453,1,779.1411,278.0371,778.4872,277.991
73.86665,1,779.1411,278.0371,778.8141,278.014
73.88112,1,780.6304,276.4654,779.7223,277.2397
73.8891,1,780.6304,276.4654,780.1764,276.8526
73.90415,1,780.6304,276.4654,780.4034,276.659
73.91231,1,781.2451,275.9692,780.8242,276.3141
73.92859,1,781.2451,275.9692,781.0347,276.1417
73.93855,1,781.2451,275.9692,781.1399,276.0555
73.94933,1,805.0494,296.1066,793.0947,286.081
73.96366,1,805.0494,296.1066,799.072,291.0938
73.97437,1,914.1769,405.0572,856.6245,348.0755
73.98425,1,914.1769,405.0572,885.4008,376.5663
73.99772,1,914.1769,405.0572,899.7888,390.8118
74.00769,1,1071.983,560.9677,985.886,475.8897
74.02191,1,1071.983,560.9677,1028.935,518.4287
74.03582,1,1166.541,653.5845,1097.738,586.0066
74.04597,1,1166.541,653.5845,1132.139,619.7955
74.05921,1,1166.541,653.5845,1149.34,636.6901
74.0714,1,1208.75,697.0736,1179.045,666.8818
74.08424,1,1208.75,697.0736,1193.897,681.9777
74.10004,1,1228.681,717.4049,1211.289,699.6913
74.1095,1,1228.681,717.4049,1219.985,708.5481
74.12019,1,1228.681,717.4049,1224.333,712.9765
74.13515,1,1239.172,728.8411,1231.752,720.9088
74.14813,1,1239.172,728.8411,1235.462,724.8749
74.16121,1,1245.224,734.8101,1240.343,729.8425
74.17079,1,1245.224,734.8101,1242.784,732.3263
74.18234,1,1328.189,741.4453,1285.487,736.8857
74.19473,1,1328.189,741.4453,1306.838,739.1655
74.20555,1,1328.189,741.4453,1317.514,740.3054
74.22152,1,1413.005,746.9651,1365.259,743.6353
74.23353,1,1413.005,746.9651,1389.132,745.3002
74.24158,1,1413.005,746.9651,1401.069,746.1326
74.2597,1,1461.59,749.6747,1431.329,747.9037
74.26949,1,1461.59,749.6747,1446.46,748.7892
74.28114,1,1490.891,753.1362,1468.675,750.9626
74.29024,1,1490.891,753.1362,1479.783,752.0494
74.30567,1,1508.679,755.8876,1494.231,753.9685
74.31754,1,1508.679,755.8876,1501.455,754.928
74.32864,1,1508.679,755.8876,1505.067,755.4078
74.34286,1,1520.774,757.3842,1512.92,756.396
74.35466,1,1520.774,757.3842,1516.847,756.8901
74.36655,1,1502.317,755.8701,1509.582,756.3801
74.37823,1,1502.317,755.8701,1505.95,756.1251
74.38921,1,1502.317,755.8701,1504.134,755.9976
74.41758,1,1432.205,761.3541,1468.169,758.6758
74.43565,1,1170.714,771.3168,1319.441,764.9963
74.44379,1,1170.714,771.3168,1245.077,768.1565
74.45223,1,1170.714,771.3168,1207.896,769.7366
74.46595,1,870.1315,779.9597,1039.014,774.8481
74.47542,1,870.1315,779.9597,954.5725,777.4039
74.48649,1,700.6292,785.8484,827.6008,781.6262
74.50352,1,700.6292,785.8484,764.115,783.7373
74.51118,1,700.6292,785.8484,732.3721,784.7928
74.52514,1,622.6156,788.9626,677.4938,786.8777
74.5387,1,622.6156,788.9626,650.0547,787.9202
74.55154,1,585.9581,791.5183,618.0063,789.7192
74.565,1,585.9581,791.5183,601.9822,790.6188
74.57748,1,568.9863,793.5422,585.4843,792.0805
74.58926,1,568.9863,793.5422,577.2353,792.8114
74.60271,1,568.9863,793.5422,573.1108,793.1768
74.61412,1,559.1551,792.0818,566.1329,792.6293
74.62733,1,559.1551,792.0818,562.644,792.3556
74.63927,1,554.8445,793.133,558.7443,792.7443
74.65102,1,554.8445,793.133,556.7944,792.9386
74.66169,1,554.8445,793.133,555.8195,793.0358
74.67155,1,551.0986,795.1922,553.459,794.114
74.68696,1,551.0986,795.1922,552.2788,794.6531
74.69669,1,575.4713,748.2311,563.8751,771.4421
74.70789,1,575.4713,748.2311,569.6732,759.8365
74.72311,1,575.4713,748.2311,572.5723,754.0338
74.73571,1,681.1721,543.2599,626.8722,648.6469
74.74502,1,681.1721,543.2599,654.0221,595.9534
74.76055,1,795.4754,314.9119,724.7488,455.4326
74.77016,1,795.4754,314.9119,760.1121,385.1722
74.78503,1,795.4754,314.9119,777.7937,350.0421
74.81589,1,851.0082,204.7523,814.4009,277.3972
74.82718,1,876.9219,154.9082,845.6614,216.1527
74.83459,1,876.9219,154.9082,861.2916,185.5304
74.84277,1,876.9219,154.9082,869.1068,170.2193
74.85987,1,886.9266,136.8375,878.0167,153.5284
74.86753,1,886.9266,136.8375,882.4717,145.1829
74.88039,1,892.8956,131.3595,887.6837,138.2712
74.89407,1,892.8956,131.3595,890.2897,134.8154
74.90213,1,892.8956,131.3595,891.5927,133.0874
74.91442,1,972.289,112.0867,931.9408,122.5871
74.92554,1,972.289,112.0867,952.1149,117.3369
74.93967,1,1092.212,93.28,1022.163,105.3084
74.95409,1,1092.212,93.28,1057.188,99.29422
74.96071,1,1092.212,93.28,1074.7,96.28711
74.9755,1,1170.772,82.70644,1122.736,89.49677
74.98967,1,1170.772,82.70644,1146.754,86.10161
75.00137,1,1214.577,76.20116,1180.666,81.15138
75.01152,1,1214.577,76.20116,1197.621,78.67627
75.02646,1,1214.577,76.20116,1206.099,77.43871
75.03795,1,1239.12,72.51202,1222.61,74.97537
75.04856,1,1239.12,72.51202,1230.865,73.7437
75.06264,1,1258.518,72.04961,1244.692,72.89665
75.0711,1,1258.518,72.04961,1251.605,72.47313
75.08406,1,1258.518,72.04961,1255.062,72.26137
75.09774,1,1305.125,139.9303,1280.094,106.0958
75.10777,1,1305.125,139.9303,1292.609,123.013
75.12157,1,1380.634,317.245,1336.622,220.129
75.13223,1,1380.634,317.245,1358.628,268.687
75.14613,1,1380.634,317.245,1369.631,292.966
75.16241,1,1455.488,536.6536,1412.559,414.8098
75.17135,1,1455.488,536.6536,1434.023,475.7317
75.18683,1,1494.505,653.6066,1464.264,564.6692
75.19534,1,1494.505,653.6066,1479.385,609.1379
75.2066,1,1494.505,653.6066,1486.945,631.3723
75.23106,1,1512.594,704.6909,1499.769,668.0316
75.24068,1,1519.184,723.6556,1509.477,695.8436
75.24961,1,1519.184,723.6556,1514.331,709.7496
75.2581,1,1519.184,723.6556,1516.758,716.7026
75.26911,1,1519.184,723.6556,1517.971,720.1791
75.28403,1,1520.979,732.1068,1519.475,726.1429
75.29565,1,1520.979,732.1068,1520.227,729.1249
75.30447,1,1551.028,759.0513,1535.627,744.0881
75.31985,1,1551.028,759.0513,1543.328,751.5697
75.3283,1,1551.028,759.0513,1547.178,755.3105
75.34049,1,1585.032,787.813,1566.105,771.5618
75.35542,1,1585.032,787.813,1575.568,779.6874
75.36498,1,1604.071,805.008,1589.82,792.3477
75.37834,1,1604.071,805.008,1596.945,798.6779
75.39172,1,1614.934,815.1636,1605.94,806.9207
75.40196,1,1614.934,815.1636,1610.437,811.0421
75.41605,1,1614.934,815.1636,1612.686,813.1028
75.42724,1,1622.052,821.9593,1617.369,817.5311
75.4426,1,1622.052,821.9593,1619.71,819.7452
75.44961,1,1622.052,821.9593,1620.881,820.8522
75.46212,1,1626.899,828.1667,1623.89,824.5095
75.47773,1,1626.899,828.1667,1625.394,826.3381
75.4875,1,1629.347,831.0981,1627.37,828.7181
75.50174,1,1629.347,831.0981,1628.358,829.9081
75.51449,1,1631.388,832.3993,1629.873,831.1537
75.524,1,1631.388,832.3993,1630.63,831.7765
75.53751,1,1631.388,832.3993,1631.009,832.0879
75.54919,1,1633.882,832.4828,1632.445,832.2853
75.5615,1,1633.882,832.4828,1633.163,832.384
75.57173,1,1635.839,833.2281,1634.501,832.806
75.58504,1,1635.839,833.2281,1635.17,833.0171
75.59622,1,1635.839,833.2281,1635.504,833.1226
75.60554,1,1637.708,834.2921,1636.606,833.7073
75.62007,1,1637.708,834.2921,1637.157,833.9998
75.63085,1,1637.708,834.2921,1637.433,834.1459
75.64755,1,1639.342,835.1672,1638.388,834.6566
75.65902,1,1639.342,835.1672,1638.865,834.9119
75.6701,1,1639.402,835.6508,1639.133,835.2814
75.68269,1,1639.402,835.6508,1639.268,835.4661
75.6939,1,1638.879,835.7054,1639.073,835.5858
75.70567,1,1638.879,835.7054,1638.976,835.6456
75.72204,1,1637.958,835.2531,1638.467,835.4493
75.73509,1,1637.958,835.2531,1638.212,835.3512
75.74358,1,1637.958,835.2531,1638.085,835.3021
75.7562,1,1637.198,835.0536,1637.642,835.1779
75.76675,1,1637.198,835.0536,1637.42,835.1157
75.77998,1,1637.198,835.0536,1637.309,835.0847
75.79131,1,1636.693,834.658,1637.001,834.8713
75.80447,1,1636.693,834.658,1636.847,834.7646
75.81639,1,1636.176,833.8038,1636.512,834.2842
75.82681,1,1636.176,833.8038,1636.344,834.0441
75.84077,1,1636.176,833.8038,1636.26,833.924
75.85219,1,1635.469,832.9302,1635.864,833.4271
75.86645,1,1635.469,832.9302,1635.667,833.1786
75.87966,1,1634.345,831.1131,1635.006,832.1459
75.88927,1,1634.345,831.1131,1634.676,831.6295
75.90337,1,1634.345,831.1131,1634.511,831.3713
75.91195,1,1632.106,828.3091,1633.308,829.8402
75.92569,1,1632.106,828.3091,1632.707,829.0747
75.93815,1,1628.984,824.4969,1630.846,826.7858
75.95003,1,1628.984,824.4969,1629.915,825.6414
75.96158,1,1628.984,824.4969,1629.449,825.0691
75.97363,1,1625.163,820.0045,1627.306,822.5368
75.98527,1,1625.163,820.0045,1626.234,821.2706
76.00034,1,1620.666,814.7703,1623.45,818.0205
76.00989,1,1620.666,814.7703,1622.058,816.3954
76.02417,1,1620.666,814.7703,1621.362,815.5829
76.03609,1,1615.907,809.2278,1618.635,812.4054
76.04837,1,1615.907,809.2278,1617.271,810.8167
76.06102,1,1611.455,804.1003,1614.363,807.4585
76.07146,1,1611.455,804.1003,1612.909,805.7794
76.08613,1,1608.343,798.0919,1610.626,801.9357
76.0979,1,1608.343,798.0919,1609.484,800.0138
76.10819,1,1608.343,798.0919,1608.913,799.0529
76.12284,1,1606.175,792.6921,1607.544,795.8724
76.13556,1,1606.175,792.6921,1606.859,794.2822
76.14814,1,1603.719,788.7081,1605.289,791.4951
76.1597,1,1603.719,788.7081,1604.504,790.1016
76.16855,1,1603.719,788.7081,1604.111,789.4048
76.18397,1,1602.147,786.3286,1603.129,787.8667
76.19205,1,1602.147,786.3286,1602.638,787.0977
76.20854,1,1600.468,782.3691,1601.553,784.7334
76.22031,1,1600.468,782.3691,1601.01,783.5513
76.22757,1,1600.468,782.3691,1600.739,782.9602
76.24311,1,1598.828,778.5411,1599.783,780.7506
76.25346,1,1598.828,778.5411,1599.306,779.6459
76.26573,1,1598.828,778.5411,1599.067,779.0935
76.28086,1,1597.235,776.6704,1598.151,777.882
76.2886,1,1597.235,776.6704,1597.693,777.2762
76.30383,1,1595.798,775.124,1596.745,776.2001
76.3136,1,1595.798,775.124,1596.271,775.662
76.32593,1,1595.798,775.124,1596.035,775.3929
76.34013,1,1595.162,774.8815,1595.598,775.1372
76.35093,1,1595.162,774.8815,1595.38,775.0093
76.36584,1,1594.905,774.9374,1595.143,774.9734
76.37672,1,1594.905,774.9374,1595.024,774.9554
76.38764,1,1594.549,775.0844,1594.786,775.0199
76.4027,1,1594.549,775.0844,1594.667,775.0521
76.4117,1,1594.549,775.0844,1594.608,775.0682
76.42741,1,1594.145,775.1126,1594.377,775.0905
76.4388,1,1594.145,775.1126,1594.261,775.1016
76.44839,1,1593.7,775.2844,1593.98,775.193
76.46233,1,1593.7,775.2844,1593.84,775.2386
76.47183,1,1593.7,775.2844,1593.77,775.2615
76.48518,1,1593.375,775.436,1593.573,775.3488
76.49751,1,1593.375,775.436,1593.474,775.3923
76.50806,1,1593.375,775.436,1593.425,775.4142
76.52048,1,1593.076,775.6002,1593.25,775.5072
76.53551,1,1593.076,775.6002,1593.163,775.5537
76.56351,1,1593.13,775.5424,1593.147,775.548
76.5715,1,1593.218,775.7168,1593.182,775.6324
76.58035,1,1593.218,775.7168,1593.2,775.6746
76.58845,1,1593.218,775.7168,1593.209,775.6957
76.60323,1,1593.482,775.8715,1593.346,775.7836
76.61564,1,1593.482,775.8715,1593.414,775.8275
76.627,1,1593.482,775.8715,1593.448,775.8495
76.63812,1,1593.67,775.989,1593.559,775.9192
76.64893,1,1593.67,775.989,1593.615,775.9541
76.66274,1,1593.842,776.1889,1593.728,776.0715
76.67415,1,1593.842,776.1889,1593.785,776.1302
76.6871,1,1593.842,776.1889,1593.813,776.1595
76.699,1,1593.97,776.3463,1593.892,776.2529
76.70762,1,1593.97,776.3463,1593.931,776.2996
76.7198,1,1594.014,776.4702,1593.973,776.3849
76.73675,1,1594.014,776.4702,1593.993,776.4275
76.74477,1,1594.014,776.4702,1594.004,776.4489
76.7561,1,1593.864,776.1841,1593.934,776.3165
76.76985,1,1593.864,776.1841,1593.899,776.2502
76.78152,1,1593.608,775.6471,1593.753,775.9487
76.79168,1,1593.608,775.6471,1593.68,775.7979
76.80588,1,1593.608,775.6471,1593.644,775.7225
76.81709,1,1592.943,775.2178,1593.294,775.4702
76.82928,1,1592.943,775.2178,1593.118,775.344
76.84258,1,1592.113,774.4067,1592.616,774.8754
76.85168,1,1592.113,774.4067,1592.364,774.641
76.86611,1,1592.113,774.4067,1592.239,774.5238
76.87873,1,1590.857,773.6036,1591.548,774.0637
76.88921,1,1590.857,773.6036,1591.203,773.8337
76.90141,1,1589.531,772.4178,1590.367,773.1257
76.91157,1,1589.531,772.4178,1589.949,772.7718
76.92455,1,1589.531,772.4178,1589.74,772.5948
76.93562,1,1587.956,770.9699,1588.848,771.7823
76.94448,1,1587.956,770.9699,1588.402,771.3761
76.95883,1,1587.956,770.9699,1588.179,771.173
76.97168,1,1585.456,769.2771,1586.817,770.225
76.9853,1,1585.456,769.2771,1586.136,769.7511
76.99685,1,1582.482,766.9644,1584.309,768.3577
77.00529,1,1582.482,766.9644,1583.395,767.661
77.02041,1,1582.482,766.9644,1582.938,767.3127
77.03177,1,1579.606,764.4872,1581.272,765.8999
77.04272,1,1579.606,764.4872,1580.439,765.1935
77.05642,1,1577.425,761.3855,1578.932,763.2896
77.06625,1,1577.425,761.3855,1578.178,762.3375
77.07825,1,1577.425,761.3855,1577.802,761.8615
77.09216,1,1574.911,757.5248,1576.356,759.6931
77.10424,1,1574.911,757.5248,1575.634,758.6089
77.11621,1,1571.834,753.3301,1573.734,755.9695
77.12764,1,1571.834,753.3301,1572.784,754.6498
77.13789,1,1571.834,753.3301,1572.309,753.9899
77.15121,1,1568.928,749.9286,1570.619,751.9592
77.16146,1,1568.928,749.9286,1569.773,750.9439
77.17062,1,1568.928,749.9286,1569.351,750.4363
77.18618,1,1565.386,745.5673,1567.368,748.0018
77.20006,1,1565.386,745.5673,1566.377,746.7845
77.20853,1,1562.237,741.6677,1564.307,744.2261
77.22134,1,1562.237,741.6677,1563.272,742.9469
77.23533,1,1559.326,738.0471,1561.299,740.4969
77.24442,1,1559.326,738.0471,1560.313,739.272
77.25887,1,1559.326,738.0471,1559.819,738.6595
77.27013,1,1556.471,734.4901,1558.145,736.5748
77.28224,1,1556.471,734.4901,1557.308,735.5325
77.29591,1,1553.515,731.5137,1555.412,733.5231
77.3055,1,1553.515,731.5137,1554.463,732.5184
77.31992,1,1553.515,731.5137,1553.989,732.016
77.32997,1,1551.171,727.5496,1552.58,729.7828
77.34021,1,1551.171,727.5496,1551.875,728.6661
77.35514,1,1547.942,722.7942,1549.909,725.7302
77.36388,1,1547.942,722.7942,1548.926,724.2622
77.37778,1,1547.942,722.7942,1548.434,723.5282
77.3903,1,1544.339,718.2709,1546.387,720.8995
77.4017,1,1544.339,718.2709,1545.363,719.5852
77.4162,1,1541.151,714.0831,1543.257,716.8341
77.42552,1,1541.151,714.0831,1542.204,715.4586
77.4383,1,1541.151,714.0831,1541.677,714.7709
77.44947,1,1538.199,710.1052,1539.938,712.438
77.46436,1,1538.199,710.1052,1539.069,711.2716
77.47513,1,1535.465,707.1479,1537.267,709.2098
77.48535,1,1535.465,707.1479,1536.366,708.1788
77.50249,1,1535.465,707.1479,1535.915,707.6634
77.5301,1,1533.065,704.5755,1534.49,706.1194
77.53866,1,1531.731,702.0975,1533.111,704.1085
77.54595,1,1531.731,702.0975,1532.421,703.103
77.55901,1,1531.731,702.0975,1532.076,702.6002
77.56821,1,1531.23,700.5263,1531.653,701.5632
77.58083,1,1531.23,700.5263,1531.442,701.0448
77.59723,1,1530.371,695.4992,1530.906,698.272
77.60543,1,1530.371,695.4992,1530.638,696.8856
77.62044,1,1530.371,695.4992,1530.505,696.1924
77.62959,1,1530.349,689.7761,1530.427,692.9843
77.64592,1,1530.349,689.7761,1530.388,691.3801
77.65832,1,1529.681,684.3151,1530.034,687.8477
77.66765,1,1529.681,684.3151,1529.858,686.0814
77.68242,1,1529.681,684.3151,1529.769,685.1982
77.69054,1,1528.469,678.449,1529.119,681.8236
77.70392,1,1528.469,678.449,1528.794,680.1364
77.71935,1,1527.415,672.9233,1528.104,676.5298
77.73124,1,1527.415,672.9233,1527.76,674.7266
77.74403,1,1527.415,672.9233,1527.587,673.825
77.75768,1,1526.72,670.1223,1527.154,671.9736
77.76841,1,1526.72,670.1223,1526.937,671.048
77.78116,1,1526.465,668.5535,1526.701,669.8008
77.79413,1,1526.465,668.5535,1526.583,669.1771
77.80367,1,1526.465,668.5535,1526.524,668.8654
77.81848,1,1525.865,667.5654,1526.195,668.2153
77.82822,1,1525.865,667.5654,1526.03,667.8904
77.84131,1,1524.803,666.8835,1525.416,667.387
77.85448,1,1524.803,666.8835,1525.109,667.1353
77.86562,1,1524.803,666.8835,1524.956,667.0094
77.87769,1,1523.456,666.553,1524.206,666.7813
77.89124,1,1523.456,666.553,1523.831,666.6671
77.89975,1,1522.311,665.7817,1523.071,666.2244
77.91213,1,1522.311,665.7817,1522.691,666.0031
77.92433,1,1522.311,665.7817,1522.501,665.8923
77.94748,1,1520.854,664.7102,1521.677,665.3013
77.95969,1,1519.24,663.7662,1520.458,664.5337
77.96983,1,1519.24,663.7662,1519.849,664.1499
77.97942,1,1519.24,663.7662,1519.544,663.958
77.99118,1,1517.927,663.2729,1518.736,663.6155
78.00529,1,1517.927,663.2729,1518.331,663.4442
78.01747,1,1517.927,663.2729,1518.129,663.3586
78.02734,1,1516.896,662.8287,1517.512,663.0936
78.04109,1,1516.896,662.8287,1517.204,662.9612
78.05513,1,1515.34,662.3447,1516.272,662.653
78.06399,1,1515.34,662.3447,1515.806,662.4988
78.08176,1,1511.934,662.0202,1513.87,662.2595
78.09216,1,1511.934,662.0202,1512.902,662.1399
78.10465,1,1511.934,662.0202,1512.418,662.0801
78.11607,1,1507.985,662.4487,1510.202,662.2644
78.12883,1,1507.985,662.4487,1509.093,662.3566
78.14254,1,1504.054,663.1691,1506.574,662.7628
78.15189,1,1504.054,663.1691,1505.314,662.9659
78.16393,1,1504.054,663.1691,1504.684,663.0675
78.1754,1,1499.856,662.8051,1502.27,662.9363
78.18795,1,1499.856,662.8051,1501.063,662.8707
78.20134,1,1494.922,663.1429,1497.993,663.0068
78.21016,1,1494.922,663.1429,1496.458,663.0749
78.22377,1,1494.922,663.1429,1495.69,663.1089
78.23388,1,1490.153,663.1492,1492.921,663.129
78.24525,1,1490.153,663.1492,1491.537,663.1391
78.26018,1,1485.399,663.1864,1488.468,663.1627
78.27114,1,1485.399,663.1864,1486.934,663.1746
78.28397,1,1485.399,663.1864,1486.166,663.1805
78.29058,1,1480.8,663.3786,1483.483,663.2795
78.3041,1,1480.8,663.3786,1482.141,663.3291
78.31786,1,1480.8,663.3786,1481.471,663.3539
78.32658,1,1475.731,663.0468,1478.601,663.2003
78.33989,1,1475.731,663.0468,1477.166,663.1235
78.3518,1,1470.908,662.1068,1474.037,662.6151
78.36333,1,1470.908,662.1068,1472.472,662.361
78.38615,1,1467.793,661.6133,1470.133,661.9871
78.39742,1,1467.793,661.6133,1468.963,661.8002
78.40537,1,1467.793,661.6133,1468.378,661.7067
78.41395,1,1463.846,659.6505,1466.112,660.6786
78.42564,1,1463.846,659.6505,1464.979,660.1646
78.43996,1,1463.846,659.6505,1464.412,659.9075
78.45498,1,1461.412,658.0557,1462.912,658.9816
78.46242,1,1461.412,658.0557,1462.162,658.5186
78.47681,1,1459.331,656.3933,1460.746,657.4559
78.48958,1,1459.331,656.3933,1460.039,656.9246
78.50375,1,1456.932,653.8029,1458.486,655.3638
78.51745,1,1456.932,653.8029,1457.709,654.5833
78.52659,1,1456.932,653.8029,1457.321,654.1931
78.54343,1,1454.084,651.3176,1455.703,652.7554
78.55553,1,1454.084,651.3176,1454.893,652.0365
78.56767,1,1451.856,648.1516,1453.375,650.0941
78.5947,1,1450.52,642.1016,1451.948,646.0978
78.60219,1,1450.52,642.1016,1451.234,644.0997
78.60961,1,1450.52,642.1016,1450.877,643.1006
78.62362,1,1448.686,634.3054,1449.781,638.703
78.63766,1,1448.686,634.3054,1449.234,636.5042
78.64777,1,1448.686,634.3054,1448.96,635.4048
78.66006,1,1446.325,626.7846,1447.642,631.0947
78.6707,1,1446.325,626.7846,1446.983,628.9397
78.68478,1,1444.06,619.6798,1445.522,624.3098
78.69732,1,1444.06,619.6798,1444.791,621.9948
78.70532,1,1444.06,619.6798,1444.426,620.8373
78.72105,1,1442.619,614.1052,1443.522,617.4712
78.72842,1,1442.619,614.1052,1443.071,615.7882
78.74268,1,1442.619,614.1052,1442.845,614.9467
78.7555,1,1440.05,610.0562,1441.448,612.5014
78.76677,1,1440.05,610.0562,1440.749,611.2788
78.77741,1,1438.49,605.2908,1439.619,608.2848
78.78677,1,1438.49,605.2908,1439.054,606.7878
78.79993,1,1438.49,605.2908,1438.772,606.0393
78.81228,1,1434.125,600.8503,1436.448,603.4448
78.82249,1,1434.125,600.8503,1435.287,602.1476
78.83431,1,1356.692,594.0838,1395.989,598.1157
78.84744,1,1356.692,594.0838,1376.341,596.0997
78.85981,1,1356.692,594.0838,1366.516,595.0918
78.87095,1,1086.874,575.1462,1226.695,585.119
78.88428,1,1086.874,575.1462,1156.784,580.1326
78.89606,1,805.4863,554.2585,981.1354,567.1956
78.90806,1,805.4863,554.2585,893.3109,560.7271
78.91856,1,805.4863,554.2585,849.3986,557.4928
78.92856,1,659.3907,548.5608,754.3947,553.0268
78.94304,1,659.3907,548.5608,706.8927,550.7938
78.95661,1,594.2469,544.1743,650.5698,547.4841
78.96904,1,594.2469,544.1743,622.4083,545.8292
78.98219,1,594.2469,544.1743,608.3276,545.0018
78.99074,1,562.9684,541.6996,585.6481,543.3507
79.00404,1,562.9684,541.6996,574.3082,542.5251
79.01761,1,544.6635,540.0486,559.4858,541.2869
79.02643,1,544.6635,540.0486,552.0746,540.6677
79.0406,1,544.6635,540.0486,548.369,540.3582
79.05148,1,525.6597,545.0914,537.0143,542.7248
79.06387,1,525.6597,545.0914,531.337,543.9081
79.07928,1,516.969,546.4448,524.153,545.1765
79.08856,1,516.969,546.4448,520.561,545.8107
79.10381,1,516.969,546.4448,518.765,546.1277
79.11449,1,548.3801,551.5832,533.5726,548.8555
79.12309,1,548.3801,551.5832,540.9763,550.2194
79.13761,1,586.2878,556.7291,563.6321,553.4742
79.14621,1,586.2878,556.7291,574.96,555.1017
79.15974,1,586.2878,556.7291,580.6239,555.9154
79.17178,1,695.2717,567.0434,637.9478,561.4794
79.18575,1,695.2717,567.0434,666.6097,564.2614
79.19562,1,695.2717,567.0434,680.9407,565.6523
79.20792,1,912.8683,587.9218,796.9045,576.7871
79.2197,1,912.8683,587.9218,854.8865,582.3545
79.23167,1,1068.812,600.2307,961.8492,591.2926
79.24655,1,1068.812,600.2307,1015.331,595.7616
79.258,1,1156.927,610.5348,1086.129,603.1482
79.26814,1,1156.927,610.5348,1121.528,606.8415
79.28403,1,1156.927,610.5348,1139.227,608.6881
79.2952,1,1202.385,615.6599,1170.806,612.174
79.30595,1,1202.385,615.6599,1186.596,613.9169
79.31924,1,1225.161,618.3011,1205.878,616.109
79.32889,1,1225.161,618.3011,1215.52,617.2051
79.34167,1,1225.161,618.3011,1220.341,617.7531
79.35341,1,1237.58,621.4634,1228.96,619.6082
79.36661,1,1237.58,621.4634,1233.271,620.5358
79.37852,1,1244.147,622.9865,1238.709,621.7611
79.3894,1,1244.147,622.9865,1241.428,622.3738
79.40517,1,1244.147,622.9865,1242.787,622.6801
79.41563,1,1247.13,623.1123,1244.959,622.8962
79.42385,1,1247.13,623.1123,1246.044,623.0043
79.43773,1,1247.13,623.1123,1246.587,623.0583
79.44958,1,1249.33,623.6154,1247.959,623.3368
79.46017,1,1249.33,623.6154,1248.645,623.4761
79.47192,1,1252.233,624.4398,1250.439,623.9579
79.48598,1,1252.233,624.4398,1251.336,624.1989
79.49628,1,1236.392,625.5068,1243.864,624.8528
79.50816,1,1236.392,625.5068,1240.128,625.1798
79.52026,1,1236.392,625.5068,1238.26,625.3433
79.53596,1,1176.555,623.525,1207.407,624.4341
79.54623,1,1176.555,623.525,1191.981,623.9796
79.55654,1,1176.555,623.525,1184.268,623.7523
79.56931,1,951.4465,605.1226,1067.857,614.4374
79.58374,1,951.4465,605.1226,1009.652,609.78
79.59245,1,735.0985,579.2,872.3752,594.49
79.6058,1,735.0985,579.2,803.7369,586.845
79.61714,1,735.0985,579.2,769.4177,583.0225
79.62859,1,608.4571,565.8201,688.9374,574.4213
79.63966,1,608.4571,565.8201,648.6973,570.1207
79.64931,1,544.3793,566.5414,596.5383,568.3311
79.6628,1,544.3793,566.5414,570.4589,567.4363
79.6736,1,544.3793,566.5414,557.4191,566.9889
79.70138,1,514.908,564.9314,536.1636,565.9601
79.71078,1,498.3367,564.0737,517.2501,565.0169
79.72002,1,498.3367,564.0737,507.7934,564.5453
79.72718,1,498.3367,564.0737,503.0651,564.3094
79.74329,1,488.4814,564.3758,495.7732,564.3427
79.75198,1,488.4814,564.3758,492.1273,564.3593
79.7643,1,488.4814,564.3758,490.3044,564.3676
79.77805,1,482.3757,566.0385,486.34,565.203
79.78639,1,482.3757,566.0385,484.3578,565.6207
79.80115,1,479.6532,566.7518,482.0055,566.1863
79.81177,1,479.6532,566.7518,480.8293,566.4691
79.82293,1,479.6532,566.7518,480.2413,566.6105
79.8387,1,484.5073,565.8873,482.3743,566.2489
79.84609,1,484.5073,565.8873,483.4408,566.0681
79.8623,1,492.9077,565.4708,488.1743,565.7694
79.87154,1,492.9077,565.4708,490.541,565.6201
79.88613,1,492.9077,565.4708,491.7244,565.5454
79.89819,1,496.6062,565.3433,494.1653,565.4443
79.90716,1,496.6062,565.3433,495.3857,565.3938
79.92407,1,505.8796,565.4924,500.6327,565.4431
79.93196,1,505.8796,565.4924,503.2562,565.4678
79.94459,1,505.8796,565.4924,504.5679,565.4801
79.95649,1,565.3962,576.2459,534.9821,570.863
79.97201,1,565.3962,576.2459,550.1891,573.5544
79.98138,1,565.3962,576.2459,557.7927,574.9001
79.99107,1,808.5719,611.0811,683.1823,592.9906
80.00613,1,808.5719,611.0811,745.8771,602.0359
80.01795,1,1031.698,645.2379,888.7875,623.6369
80.03215,1,1031.698,645.2379,960.2428,634.4374
80.03999,1,1031.698,645.2379,995.9704,639.8376
80.05163,1,1147.5,662.6002,1071.735,651.2189
80.06393,1,1147.5,662.6002,1109.618,656.9095
80.07696,1,1204.042,671.1141,1156.83,664.0118
80.08778,1,1204.042,671.1141,1180.436,667.563
80.10149,1,1204.042,671.1141,1192.239,669.3385
80.11578,1,1230.086,675.4296,1211.163,672.384
80.1264,1,1230.086,675.4296,1220.624,673.9069
80.14263,1,1241.388,680.6379,1231.006,677.2723
80.15182,1,1241.388,680.6379,1236.197,678.9551
80.16106,1,1241.388,680.6379,1238.793,679.7965
80.17434,1,1247.191,680.5305,1242.992,680.1635
80.18433,1,1247.191,680.5305,1245.091,680.347
80.19666,1,1249.765,679.0668,1247.428,679.7069
80.20726,1,1249.765,679.0668,1248.596,679.3868
80.22069,1,1249.765,679.0668,1249.181,679.2268
80.24513,1,1263.915,676.9929,1256.548,678.1099
80.25365,1,1279.76,674.2333,1268.154,676.1716
80.26324,1,1279.76,674.2333,1273.957,675.2025
80.27484,1,1279.76,674.2333,1276.858,674.7179
80.28448,1,1289.855,672.9612,1283.357,673.8395
80.29732,1,1289.855,672.9612,1286.606,673.4004
80.30838,1,1289.855,672.9612,1288.23,673.1808
80.32182,1,1297.107,673.1783,1292.669,673.1796
80.33406,1,1297.107,673.1783,1294.888,673.179
80.34389,1,1297.107,673.1783,1295.997,673.1786
80.35757,1,1300.712,674.0018,1298.354,673.5902
80.36821,1,1300.712,674.0018,1299.533,673.796
80.38023,1,1302.608,674.2504,1301.07,674.0232
80.38918,1,1302.608,674.2504,1301.839,674.1368
80.40322,1,1302.608,674.2504,1302.223,674.1936
80.4157,1,1303.16,674.5617,1302.692,674.3777
80.42566,1,1303.16,674.5617,1302.926,674.4697
80.43869,1,1302.871,674.5883,1302.899,674.5291
80.45074,1,1302.871,674.5883,1302.885,674.5587
80.46365,1,1302.871,674.5883,1302.878,674.5735
80.47633,1,1301.833,674.8691,1302.355,674.7213
80.4868,1,1301.833,674.8691,1302.094,674.7952
80.50178,1,1300.71,674.6891,1301.402,674.7422
80.51452,1,1300.71,674.6891,1301.056,674.7157
80.52345,1,1300.71,674.6891,1300.883,674.7024
80.538,1,1299.703,674.5869,1300.293,674.6447
80.54842,1,1299.703,674.5869,1299.998,674.6158
80.56142,1,1298.95,674.0242,1299.474,674.32
80.57388,1,1298.95,674.0242,1299.212,674.1721
80.58571,1,1298.95,674.0242,1299.081,674.0981
80.59724,1,1297.412,673.6261,1298.246,673.8621
80.60719,1,1297.412,673.6261,1297.829,673.7441
80.62029,1,1295.368,673.0902,1296.599,673.4172
80.63454,1,1295.368,673.0902,1295.983,673.2537
80.6435,1,1295.368,673.0902,1295.676,673.1719
80.65643,1,1292.978,672.3527,1294.327,672.7623
80.67059,1,1292.978,672.3527,1293.653,672.5575
80.67921,1,1289.951,671.5432,1291.802,672.0503
80.69055,1,1289.951,671.5432,1290.876,671.7968
80.70582,1,1289.951,671.5432,1290.414,671.6699
80.71606,1,1286.735,670.8975,1288.574,671.2837
80.72731,1,1286.735,670.8975,1287.655,671.0906
80.73903,1,1283.417,670.7461,1285.536,670.9183
80.75021,1,1283.417,670.7461,1284.477,670.8322
80.76229,1,1283.417,670.7461,1283.947,670.7892
80.77422,1,1280.241,671.6525,1282.094,671.2208
80.78581,1,1280.241,671.6525,1281.168,671.4366
80.79993,1,1276.907,672.114,1279.037,671.7753
80.81389,1,1276.907,672.114,1277.972,671.9447
80.82176,1,1276.907,672.114,1277.439,672.0294
80.83593,1,1273.427,673.4272,1275.433,672.7283
80.84482,1,1273.427,673.4272,1274.43,673.0778
80.85683,1,1273.427,673.4272,1273.928,673.2525
80.86879,1,1270.689,674.0721,1272.309,673.6624
80.88126,1,1270.689,674.0721,1271.499,673.8672
80.88979,1,1269.285,675.5977,1270.392,674.7324
80.90565,1,1269.285,675.5977,1269.839,675.165
80.91724,1,1269.285,675.5977,1269.562,675.3813
80.9277,1,1268.336,676.9847,1268.949,676.183
80.94099,1,1268.336,676.9847,1268.642,676.5839
80.95021,1,1267.681,678.8654,1268.162,677.7246
80.96425,1,1267.681,678.8654,1267.921,678.295
80.97481,1,1267.681,678.8654,1267.801,678.5802
80.98533,1,1267.101,680.4821,1267.451,679.5311
81.00122,1,1267.101,680.4821,1267.276,680.0066
81.0107,1,1266.665,682.7045,1266.971,681.3556
81.02213,1,1266.665,682.7045,1266.818,682.03
81.03521,1,1266.665,682.7045,1266.741,682.3673
81.04295,1,1265.469,684.8082,1266.105,683.5878
81.05536,1,1265.469,684.8082,1265.787,684.198
81.0675,1,1265.469,684.8082,1265.628,684.5031
81.08163,1,1264.517,687.6468,1265.073,686.075
81.08956,1,1264.517,687.6468,1264.795,686.8608
81.10455,1,1263.842,689.9586,1264.319,688.4097
81.11687,1,1263.842,689.9586,1264.081,689.1842
81.12894,1,1263.842,689.9586,1263.961,689.5714
81.14323,1,1262.875,693.2203,1263.418,691.3959
81.16984,1,1262.203,696.6649,1262.811,694.0304
81.18132,1,1262.203,696.6649,1262.507,695.3477
81.19064,1,1261.385,700.2929,1261.946,697.8203
81.19975,1,1261.385,700.2929,1261.666,699.0566
81.21011,1,1261.385,700.2929,1261.525,699.6748
81.22507,1,1260.021,704.4875,1260.773,702.0812
81.23634,1,1260.021,704.4875,1260.397,703.2843
81.24758,1,1260.021,704.4875,1260.209,703.8859
81.26085,1,1259.164,709.0239,1259.687,706.4548
81.26994,1,1259.164,709.0239,1259.425,707.7394
81.28415,1,1255.761,712.0531,1257.593,709.8962
81.29562,1,1255.761,712.0531,1256.677,710.9747
81.30643,1,1255.761,712.0531,1256.219,711.5139
81.31902,1,1252.234,714.295,1254.227,712.9044
81.32919,1,1252.234,714.295,1253.23,713.5997
81.34479,1,1249.289,716.5469,1251.26,715.0733
81.35434,1,1249.289,716.5469,1250.274,715.8101
81.36534,1,1249.289,716.5469,1249.782,716.1785
81.37732,1,1246.53,718.9686,1248.156,717.5735
81.38896,1,1246.53,718.9686,1247.343,718.2711
81.40188,1,1244.799,720.232,1246.071,719.2516
81.41187,1,1244.799,720.232,1245.435,719.7418
81.4252,1,1244.799,720.232,1245.117,719.9869
81.4366,1,1242.861,722.8435,1243.989,721.4152
81.44857,1,1242.861,722.8435,1243.425,722.1294
81.46132,1,1242.861,722.8435,1243.143,722.4865
81.47026,1,1240.718,725.6442,1241.931,724.0653
81.50137,1,1239.106,729.8027,1240.518,726.934
81.51991,1,1239.106,729.8027,1239.812,728.3683
81.52856,1,1238.338,734.6033,1239.075,731.4858
81.53661,1,1238.338,734.6033,1238.706,733.0446
81.56602,1,1236.995,738.5936,1237.85,735.8191
81.57433,1,1236.995,738.5936,1237.422,737.2064
81.58089,1,1236.995,738.5936,1237.208,737.9
81.59228,1,1235.629,741.2622,1236.419,739.5811
81.60717,1,1235.629,741.2622,1236.024,740.4216
81.61832,1,1233.985,744.9675,1235.004,742.6946
81.62997,1,1233.985,744.9675,1234.495,743.8311
81.64134,1,1233.985,744.9675,1234.24,744.3993
81.65412,1,1231.885,749.6449,1233.062,747.0221
81.66562,1,1231.885,749.6449,1232.474,748.3335
81.67553,1,1228.639,752.8936,1230.556,750.6135
81.68569,1,1228.639,752.8936,1229.597,751.7535
81.69859,1,1228.639,752.8936,1229.118,752.3235
81.70781,1,1225.881,753.2602,1227.5,752.7919
81.72244,1,1225.881,753.2602,1226.691,753.026
81.73451,1,1222.751,755.0062,1224.721,754.0161
81.74411,1,1222.751,755.0062,1223.736,754.5112
81.75844,1,1222.751,755.0062,1223.244,754.7587
81.76876,1,1220.481,755.2466,1221.862,755.0027
81.78466,1,1220.481,755.2466,1221.172,755.1246
81.79166,1,1220.481,755.2466,1220.827,755.1857
81.80592,1,1218.925,755.4875,1219.876,755.3366
81.81958,1,1218.925,755.4875,1219.4,755.4121
81.82954,1,1217.47,755.9786,1218.435,755.6953
81.84245,1,1217.47,755.9786,1217.953,755.8369
81.85467,1,1216.412,757.0664,1217.182,756.4517
81.86804,1,1216.412,757.0664,1216.797,756.759
81.87967,1,1216.412,757.0664,1216.605,756.9127
81.89155,1,1215.21,757.5804,1215.907,757.2466
81.90537,1,1215.21,757.5804,1215.559,757.4135
81.91646,1,1216.147,758.0323,1215.853,757.7229
81.92735,1,1216.147,758.0323,1216,757.8776
81.93964,1,1216.147,758.0323,1216.073,757.955
81.9519,1,1217.797,759.6964,1216.935,758.8257
81.96381,1,1217.797,759.6964,1217.366,759.261
81.97379,1,1217.797,759.6964,1217.581,759.4788
81.98841,1,1219.775,761.5389,1218.678,760.5089
81.99623,1,1219.775,761.5389,1219.227,761.0239
82.00721,1,1221.922,763.4359,1220.574,762.2299
82.02173,1,1221.922,763.4359,1221.248,762.8329
82.03112,1,1221.922,763.4359,1221.585,763.1344
82.04595,1,1223.626,765.3006,1222.606,764.2175
82.05544,1,1223.626,765.3006,1223.116,764.759
82.06618,1,1223.626,765.3006,1223.371,765.0298
82.08009,1,1225.592,767.1136,1224.482,766.0717
82.09542,1,1225.592,767.1136,1225.037,766.5927
82.10435,1,1227.69,768.3085,1226.363,767.4506
82.1182,1,1227.69,768.3085,1227.026,767.8795
82.13188,1,1229.681,770.3232,1228.354,769.1013
82.14273,1,1229.681,770.3232,1229.017,769.7123
82.15723,1,1231.166,771.6677,1230.091,770.6899
82.16483,1,1231.166,771.6677,1230.629,771.1788
82.17648,1,1231.166,771.6677,1230.897,771.4232
82.18882,1,1232.877,772.4749,1231.887,771.949
82.19989,1,1232.877,772.4749,1232.382,772.2119
82.21034,1,1232.877,772.4749,1232.63,772.3434
82.22379,1,1234.877,773.9594,1233.754,773.1514
82.23669,1,1234.877,773.9594,1234.316,773.5554
82.24603,1,1234.877,773.9594,1234.596,773.7574
82.25803,1,1236.766,775.0258,1235.681,774.3916
82.26957,1,1236.766,775.0258,1236.224,774.7087
82.2853,1,1238.267,776.035,1237.245,775.3718
82.29655,1,1238.267,776.035,1237.756,775.7034
82.30463,1,1238.267,776.035,1238.011,775.8693
82.31876,1,1239.528,776.6671,1238.77,776.2682
82.32942,1,1239.528,776.6671,1239.149,776.4677
82.34049,1,1240.387,777.7213,1239.768,777.0945
82.35593,1,1240.387,777.7213,1240.077,777.4079
82.36484,1,1240.387,777.7213,1240.232,777.5646
82.37493,1,1241.216,779.0139,1240.724,778.2892
82.38891,1,1241.216,779.0139,1240.97,778.6515
82.4035,1,1242.443,780.6816,1241.706,779.6666
82.41042,1,1242.443,780.6816,1242.074,780.1741
82.42683,1,1242.443,780.6816,1242.259,780.4279
82.43929,1,1243.996,782.6843,1243.127,781.556
82.4521,1,1243.996,782.6843,1243.562,782.1201
82.4619,1,1245.643,784.49,1244.602,783.3051
82.47395,1,1245.643,784.49,1245.123,783.8975
82.48705,1,1245.643,784.49,1245.383,784.1937
82.50331,1,1247.226,785.9906,1246.304,785.0922
82.51085,1,1247.226,785.9906,1246.765,785.5414
82.52383,1,1249.054,787.0562,1247.909,786.2988
82.5359,1,1249.054,787.0562,1248.482,786.6775
82.54941,1,1249.054,787.0562,1248.768,786.8668
82.55842,1,1251.466,788.9829,1250.117,787.9249
82.57118,1,1251.466,788.9829,1250.792,788.4539
82.58442,1,1254.192,791.4687,1252.492,789.9613
82.59368,1,1254.192,791.4687,1253.342,790.715
82.60529,1,1254.192,791.4687,1253.767,791.0918
82.62305,1,1257.398,794.5295,1255.583,792.8107
82.63371,1,1257.398,794.5295,1256.49,793.6701
82.6428,1,1260.457,797.9304,1258.474,795.8002
82.65887,1,1260.457,797.9304,1259.466,796.8653
82.66794,1,1260.457,797.9304,1259.961,797.3978
82.68102,1,1263.534,802.0233,1261.748,799.7106
82.6918,1,1263.534,802.0233,1262.641,800.8669
82.70481,1,1266.064,806.2,1264.353,803.5334
82.71925,1,1266.064,806.2,1265.208,804.8667
82.72748,1,1266.064,806.2,1265.636,805.5333
82.74204,1,1268.554,810.1211,1267.095,807.8272
82.75087,1,1268.554,810.1211,1267.824,808.9741
82.76325,1,1271.514,813.6223,1269.669,811.2982
82.7769,1,1271.514,813.6223,1270.592,812.4602
82.78725,1,1271.514,813.6223,1271.053,813.0413
82.80004,1,1274.038,817.3777,1272.546,815.2095
82.81184,1,1274.038,817.3777,1273.292,816.2936
82.82176,1,1275.823,820.9428,1274.558,818.6182
82.83362,1,1275.823,820.9428,1275.19,819.7805
82.842,1,1275.823,820.9428,1275.507,820.3617
82.85682,1,1278.198,823.9633,1276.853,822.1625
82.86625,1,1278.198,823.9633,1277.525,823.0629
82.87978,1,1278.198,823.9633,1277.862,823.5131
82.89442,1,1280.137,827.6055,1278.999,825.5593
82.904,1,1280.137,827.6055,1279.568,826.5824
82.92435,1,1282.279,831.4883,1280.923,829.0353
82.93182,1,1282.279,831.4883,1281.601,830.2618
82.94479,1,1284.522,834.5907,1283.062,832.4263
82.95702,1,1284.522,834.5907,1283.792,833.5085
82.96696,1,1284.522,834.5907,1284.157,834.0496
82.98019,1,1286.461,837.8092,1285.309,835.9294
82.99023,1,1286.461,837.8092,1285.885,836.8693
83.00571,1,1288.828,841.0731,1287.356,838.9712
83.01688,1,1288.828,841.0731,1288.092,840.0221
83.02563,1,1288.828,841.0731,1288.46,840.5476
83.04385,1,1290.986,842.9305,1289.723,841.7391
83.05396,1,1290.986,842.9305,1290.355,842.3348
83.06824,1,1292.241,844.7109,1291.298,843.5229
83.07858,1,1292.241,844.7109,1291.769,844.1169
83.09418,1,1293.257,846.8681,1292.513,845.4926
83.10198,1,1293.257,846.8681,1292.885,846.1803
83.11599,1,1293.257,846.8681,1293.071,846.5242
83.12561,1,1293.976,848.2263,1293.523,847.3752
83.1404,1,1293.976,848.2263,1293.749,847.8008
83.15399,1,1293.979,849.1014,1293.864,848.451
83.16647,1,1293.979,849.1014,1293.922,848.7762
83.17821,1,1293.979,849.1014,1293.95,848.9388
83.18775,1,1293.825,850.448,1293.888,849.6934
83.20232,1,1293.825,850.448,1293.856,850.0707
83.21585,1,1293.165,850.8667,1293.51,850.4687
83.22461,1,1293.165,850.8667,1293.338,850.6677
83.23992,1,1293.165,850.8667,1293.251,850.7672
83.25217,1,1291.44,849.2339,1292.345,850.0005
83.26235,1,1291.44,849.2339,1291.893,849.6172
83.27651,1,1290.302,848.0159,1291.097,848.8165
83.28646,1,1290.302,848.0159,1290.699,848.4162
83.30054,1,1290.302,848.0159,1290.501,848.2161
83.31141,1,1288.734,846.5603,1289.617,847.3882
83.32366,1,1288.734,846.5603,1289.176,846.9742
83.33715,1,1286.534,844.4966,1287.855,845.7355
83.34882,1,1286.534,844.4966,1287.195,845.1161
83.36036,1,1286.534,844.4966,1286.865,844.8064
83.37228,1,1283.586,842.0276,1285.225,843.417
83.38844,1,1283.586,842.0276,1284.405,842.7223
83.39858,1,1280.68,839.4315,1282.543,841.0769
83.41129,1,1280.68,839.4315,1281.611,840.2542
83.42334,1,1280.68,839.4315,1281.146,839.8428
83.43617,1,1277.87,837.4084,1279.508,838.6256
83.44683,1,1277.87,837.4084,1278.689,838.017
83.45867,1,1275.201,835.7665,1276.945,836.8917
83.47153,1,1275.201,835.7665,1276.073,836.3291
83.48623,1,1272.731,833.9461,1274.402,835.1376
83.49423,1,1272.731,833.9461,1273.567,834.5419
83.50626,1,1272.731,833.9461,1273.149,834.244
83.52193,1,1270.407,832.4626,1271.778,833.3533
83.53108,1,1270.407,832.4626,1271.092,832.908
83.54773,1,1268.05,831.7909,1269.571,832.3494
83.55606,1,1268.05,831.7909,1268.81,832.0702
83.56853,1,1268.05,831.7909,1268.43,831.9305
83.58032,1,1265.65,831.2144,1267.04,831.5724
83.59283,1,1265.65,831.2144,1266.345,831.3934
83.60897,1,1263.651,830.5829,1264.998,830.9882
83.61977,1,1263.651,830.5829,1264.324,830.7855
83.63496,1,1263.651,830.5829,1263.987,830.6842
83.64564,1,1261.565,829.7651,1262.776,830.2247
83.65778,1,1261.565,829.7651,1262.17,829.9949
83.66948,1,1259.628,829.2128,1260.899,829.6039
83.68349,1,1259.628,829.2128,1260.264,829.4083
83.69415,1,1259.628,829.2128,1259.946,829.3105
83.70555,1,1256.943,828.4538,1258.444,828.8822
83.71896,1,1256.943,828.4538,1257.694,828.668
83.72864,1,1254.371,827.531,1256.032,828.0995
83.74521,1,1254.371,827.531,1255.201,827.8152
83.76499,1,1251.523,826.3839,1253.362,827.0996
83.77224,1,1251.523,826.3839,1252.443,826.7418
83.78401,1,1251.523,826.3839,1251.983,826.5629
83.79152,1,1247.869,825.5579,1249.926,826.0604
83.80712,1,1247.869,825.5579,1248.898,825.8092
83.81865,1,1244.354,824.4304,1246.626,825.1198
83.82812,1,1244.354,824.4304,1245.49,824.7751
83.86961,1,1240.702,824.2148,1243.096,824.495
83.88136,1,1237.811,823.754,1240.453,824.1245
83.89028,1,1237.811,823.754,1239.132,823.9393
83.90004,1,1237.811,823.754,1238.471,823.8467
83.90804,1,1237.811,823.754,1238.141,823.8004
83.92063,1,1234.68,822.2617,1236.411,823.031
83.93228,1,1234.68,822.2617,1235.545,822.6464
83.94565,1,1231.089,820.147,1233.317,821.3967
83.95664,1,1231.089,820.147,1232.203,820.7719
83.9675,1,1231.089,820.147,1231.646,820.4594
83.98177,1,1227.187,817.3804,1229.417,818.9199
84.0053,1,1224.012,815.1265,1226.714,817.0232
84.02187,1,1224.012,815.1265,1225.363,816.0748
84.03089,1,1221.469,813.3846,1223.416,814.7297
84.04276,1,1221.469,813.3846,1222.443,814.0572
84.05103,1,1221.469,813.3846,1221.956,813.7209
84.06685,1,1219.063,811.747,1220.51,812.734
84.07911,1,1219.063,811.747,1219.786,812.2405
84.08749,1,1219.063,811.747,1219.425,811.9938
84.10159,1,1215.679,809.1005,1217.552,810.5471
84.11581,1,1215.679,809.1005,1216.615,809.8239
84.12521,1,1212.002,805.7779,1214.309,807.8009
84.13683,1,1212.002,805.7779,1213.155,806.7894
84.14774,1,1212.002,805.7779,1212.578,806.2837
84.16268,1,1209.275,803.4421,1210.927,804.8629
84.171,1,1209.275,803.4421,1210.101,804.1525
84.18471,1,1207.075,801.3331,1208.588,802.7428
84.19657,1,1207.075,801.3331,1207.832,802.038
84.20614,1,1207.075,801.3331,1207.453,801.6855
84.2204,1,1204.979,798.7742,1206.216,800.2299
84.22932,1,1204.979,798.7742,1205.598,799.5021
84.24141,1,1203.439,796.5629,1204.518,798.0325
84.25224,1,1203.439,796.5629,1203.979,797.2977
84.26859,1,1203.439,796.5629,1203.708,796.9303
84.27751,1,1202.245,794.1891,1202.977,795.5597
84.28776,1,1202.245,794.1891,1202.611,794.8744
84.30303,1,1200.432,792.5758,1201.521,793.7251
84.31185,1,1200.432,792.5758,1200.977,793.1505
84.32208,1,1200.432,792.5758,1200.705,792.8632
84.33601,1,1163.712,798.8604,1182.208,795.8618
84.34453,1,1163.712,798.8604,1172.96,797.3611
84.35757,1,1163.712,798.8604,1168.336,798.1107
84.36922,1,984.6485,816.1293,1076.492,807.12
84.38036,1,984.6485,816.1293,1030.57,811.6246
84.39224,1,791.7281,834.7362,911.1493,823.1804
84.40489,1,791.7281,834.7362,851.4387,828.9583
84.41641,1,791.7281,834.7362,821.5834,831.8473
84.42706,1,674.5267,846.0002,748.0551,838.9238
84.4416,1,674.5267,846.0002,711.2909,842.462
84.45542,1,612.5361,851.6791,661.9135,847.0706
84.46671,1,612.5361,851.6791,637.2249,849.3749
84.47725,1,612.5361,851.6791,624.8805,850.527
84.48834,1,579.0007,855.4435,601.9406,852.9852
84.50309,1,579.0007,855.4435,590.4707,854.2144
84.51128,1,579.0007,855.4435,584.7357,854.8289
84.5227,1,561.6014,858.5341,573.1686,856.6815
84.53605,1,561.6014,858.5341,567.385,857.6078
84.54491,1,584.1545,861.1462,575.7698,859.377
84.55835,1,584.1545,861.1462,579.9622,860.2616
84.56958,1,584.1545,861.1462,582.0583,860.7039
84.58285,1,636.7552,864.2813,609.4068,862.4926
84.59624,1,636.7552,864.2813,623.0811,863.387
84.60671,1,694.7987,863.379,658.9399,863.3829
84.62009,1,694.7987,863.379,676.8693,863.381
84.63383,1,846.4704,856.7037,761.6698,860.0424
84.64222,1,846.4704,856.7037,804.0701,858.373
84.66354,1,846.4704,856.7037,825.2703,857.5384
84.6714,1,986.7366,849.0915,906.0034,853.3149
84.68427,1,986.7366,849.0915,946.37,851.2032
84.69362,1,986.7366,849.0915,966.5533,850.1473
84.70432,1,1077.524,845.619,1022.039,847.8832
84.7177,1,1077.524,845.619,1049.781,846.7511
84.72748,1,1129.872,843.2977,1089.826,845.0244
84.74148,1,1129.872,843.2977,1109.849,844.1611
84.75095,1,1129.872,843.2977,1119.86,843.7294
84.76338,1,1162.091,843.7238,1140.976,843.7266
84.77597,1,1162.091,843.7238,1151.533,843.7252
84.78674,1,1181.678,847.1234,1166.606,845.4243
84.80222,1,1181.678,847.1234,1174.142,846.2739
84.81179,1,1181.678,847.1234,1177.91,846.6986
84.82515,1,1198.959,846.4341,1188.435,846.5663
84.83797,1,1198.959,846.4341,1193.697,846.5002
84.84698,1,1218.014,835.2629,1205.855,840.8816
84.86033,1,1218.014,835.2629,1211.935,838.0723
84.87556,1,1232.6,828.2322,1222.267,833.1522
84.88525,1,1232.6,828.2322,1227.434,830.6923
84.89613,1,1232.6,828.2322,1230.017,829.4623
84.90728,1,1243.798,825.3818,1236.907,827.422
84.92135,1,1243.798,825.3818,1240.353,826.4019
84.93176,1,1243.798,825.3818,1242.075,825.8918
84.94667,1,1251.935,824.8489,1247.005,825.3704
84.9585,1,1251.935,824.8489,1249.47,825.1096
84.97079,1,1258.124,824.669,1253.797,824.8893
84.98647,1,1258.124,824.669,1255.96,824.7792
84.99458,1,1258.124,824.669,1257.042,824.7241
85.00671,1,1262.732,826.1854,1259.887,825.4548
85.01992,1,1262.732,826.1854,1261.31,825.8201
85.02879,1,1265.931,827.2112,1263.62,826.5156
85.04195,1,1265.931,827.2112,1264.776,826.8634
85.05413,1,1265.931,827.2112,1265.353,827.0374
85.06431,1,1268.464,827.7897,1266.908,827.4135
85.07675,1,1268.464,827.7897,1267.686,827.6016
85.08781,1,1270.485,827.8892,1269.085,827.7454
85.10081,1,1270.485,827.8892,1269.785,827.8173
85.11075,1,1270.485,827.8892,1270.135,827.8532
85.1232,1,1271.914,827.674,1271.025,827.7635
85.13412,1,1271.914,827.674,1271.469,827.7188
85.14488,1,1271.914,827.674,1271.692,827.6964
85.15659,1,1273.079,827.4108,1272.386,827.5536
85.16908,1,1273.079,827.4108,1272.733,827.4822
85.18126,1,1274.512,827.2131,1273.622,827.3477
85.19228,1,1274.512,827.2131,1274.067,827.2804
85.20546,1,1274.512,827.2131,1274.29,827.2467
85.22037,1,1275.622,826.9828,1274.956,827.1147
85.22872,1,1275.622,826.9828,1275.289,827.0488
85.24093,1,1276.377,826.9652,1275.833,827.007
85.25426,1,1276.377,826.9652,1276.105,826.9861
85.26522,1,1276.377,826.9652,1276.241,826.9756
85.2777,1,1276.769,826.86,1276.505,826.9178
85.28852,1,1276.769,826.86,1276.637,826.8889
85.30209,1,1277.102,826.8289,1276.87,826.8589
85.31367,1,1277.102,826.8289,1276.986,826.8439
85.32442,1,1277.102,826.8289,1277.044,826.8364
85.33741,1,1277.349,826.6777,1277.197,826.7571
85.349,1,1277.349,826.6777,1277.273,826.7174
85.36375,1,1276.424,824.9273,1276.848,825.8224
85.37378,1,1276.424,824.9273,1276.636,825.3749
85.38673,1,1276.424,824.9273,1276.53,825.1511
85.39798,1,1274.673,822.7695,1275.601,823.9603
85.40966,1,1274.673,822.7695,1275.137,823.3649
85.42332,1,1272.34,820.5824,1273.739,821.9736
85.43208,1,1272.34,820.5824,1273.039,821.278
85.44637,1,1272.34,820.5824,1272.69,820.9302
85.45806,1,1269.987,818.1481,1271.338,819.5391
85.46933,1,1269.987,818.1481,1270.662,818.8436
85.48197,1,1268.465,817.1843,1269.564,818.014
85.49384,1,1268.465,817.1843,1269.015,817.5991
85.50624,1,1268.465,817.1843,1268.74,817.3917
85.5199,1,1266.987,814.6987,1267.863,816.0452
85.52704,1,1266.987,814.6987,1267.425,815.3719
85.54135,1,1265.002,813.0947,1266.214,814.2333
85.55159,1,1265.002,813.0947,1265.608,813.6641
85.56263,1,1265.002,813.0947,1265.305,813.3794
85.57427,1,1263.364,811.6589,1264.334,812.5192
85.58469,1,1263.364,811.6589,1263.849,812.0891
85.59771,1,1263.364,811.6589,1263.606,811.874
85.60529,1,1261.804,810.0195,1262.705,810.9468
85.62254,1,1261.804,810.0195,1262.255,810.4832
85.63014,1,1261.804,810.0195,1262.029,810.2513
85.64246,1,1260.177,808.6415,1261.103,809.4464
85.65607,1,1260.177,808.6415,1260.64,809.0439
85.66663,1,1258.407,807.6651,1259.524,808.3545
85.67873,1,1258.407,807.6651,1258.966,808.0098
85.68937,1,1258.407,807.6651,1258.687,807.8374
85.70399,1,1257.03,806.9399,1257.858,807.3887
85.71567,1,1257.03,806.9399,1257.444,807.1643
85.72457,1,1256.1,806.5668,1256.772,806.8656
85.73681,1,1256.1,806.5668,1256.436,806.7162
85.75166,1,1254.863,806.0219,1255.649,806.369
85.76152,1,1254.863,806.0219,1255.256,806.1954
85.77371,1,1254.863,806.0219,1255.06,806.1086
85.78333,1,1253.33,805.2894,1254.195,805.699
85.79623,1,1253.33,805.2894,1253.762,805.4943
85.80646,1,1253.33,805.2894,1253.546,805.3918
85.81882,1,1251.739,804.4931,1252.643,804.9425
85.82975,1,1251.739,804.4931,1252.191,804.7178
85.84216,1,1250.116,803.3564,1251.153,804.0371
85.85424,1,1250.116,803.3564,1250.635,803.6968
85.86427,1,1250.116,803.3564,1250.375,803.5266
85.87917,1,1248.582,802.2041,1249.478,802.8654
85.88645,1,1248.582,802.2041,1249.03,802.5347
85.89922,1,1248.582,802.2041,1248.806,802.3694
85.90919,1,1246.516,800.7767,1247.661,801.573
85.9212,1,1246.516,800.7767,1247.088,801.1748
85.93114,1,1246.516,800.7767,1246.802,800.9757
85.94565,1,1244.603,798.3334,1245.703,799.6545
85.95512,1,1244.603,798.3334,1245.153,798.994
85.9671,1,1242.431,795.5193,1243.792,797.2567
85.97958,1,1242.431,795.5193,1243.111,796.388
85.98951,1,1242.431,795.5193,1242.771,795.9537
86.00538,1,1240.172,793.1089,1241.472,794.5313
86.01648,1,1240.172,793.1089,1240.822,793.8201
86.02433,1,1236.644,789.892,1238.733,791.8561
86.03809,1,1236.644,789.892,1237.688,790.874
86.0489,1,1236.644,789.892,1237.166,790.3831
86.06395,1,1232.981,786.7471,1235.073,788.5651
86.07362,1,1232.981,786.7471,1234.027,787.6561
86.08444,1,1229.784,783.7006,1231.905,785.6783
86.09643,1,1229.784,783.7006,1230.844,784.6895
86.112,1,1229.784,783.7006,1230.314,784.1951
86.12009,1,1226.363,781.1448,1228.338,782.6699
86.12926,1,1226.363,781.1448,1227.35,781.9073
86.14496,1,1222.509,779.0289,1224.93,780.4681
86.15736,1,1222.509,779.0289,1223.719,779.7485
86.16769,1,1222.509,779.0289,1223.114,779.3887
86.18029,1,1220.161,776.39,1221.637,777.8894
86.19132,1,1220.161,776.39,1220.899,777.1397
86.21668,1,1217.741,773.8908,1219.32,775.5153
86.22451,1,1217.741,773.8908,1218.531,774.703
86.23692,1,1215.97,772.1141,1217.25,773.4086
86.24537,1,1215.97,772.1141,1216.61,772.7614
86.25615,1,1215.97,772.1141,1216.29,772.4377
86.27094,1,1214.356,770.8227,1215.323,771.6302
86.2814,1,1214.356,770.8227,1214.839,771.2264
86.29041,1,1214.356,770.8227,1214.598,771.0245
86.30427,1,1213.227,769.2655,1213.912,770.145
86.31152,1,1213.227,769.2655,1213.57,769.7053
86.327,1,1212.334,767.7656,1212.952,768.7354
86.33822,1,1212.334,767.7656,1212.643,768.2505
86.3522,1,1212.334,767.7656,1212.488,768.0081
86.36259,1,1211.166,765.811,1211.827,766.9095
86.37418,1,1211.166,765.811,1211.497,766.3603
86.38521,1,1211.166,765.811,1211.332,766.0857
86.39701,1,1210.186,764.1624,1210.759,765.124
86.40935,1,1210.186,764.1624,1210.472,764.6432
86.42114,1,1210.106,762.9778,1210.289,763.8105
86.42944,1,1210.106,762.9778,1210.198,763.3942
86.44389,1,1210.106,762.9778,1210.152,763.186
86.45412,1,1209.437,762.3047,1209.795,762.7454
86.46734,1,1209.437,762.3047,1209.616,762.525
86.47886,1,1209.076,761.9796,1209.346,762.2523
86.48742,1,1209.076,761.9796,1209.211,762.116
86.50334,1,1209.076,761.9796,1209.143,762.0477
86.51474,1,1208.939,761.3889,1209.041,761.7183
86.52409,1,1208.939,761.3889,1208.99,761.5536
86.53796,1,1210.249,760.8408,1209.62,761.1971
86.54517,1,1210.249,760.8408,1209.934,761.0189
86.55989,1,1210.249,760.8408,1210.091,760.9298
86.5699,1,1212.57,760.3024,1211.331,760.6161
86.58337,1,1212.57,760.3024,1211.95,760.4592
86.59583,1,1212.57,760.3024,1212.26,760.3809
86.60272,1,1214.402,760.0115,1213.331,760.1962
86.61652,1,1214.402,760.0115,1213.867,760.1039
86.62639,1,1214.402,760.0115,1214.134,760.0577
86.64071,1,1216.182,759.2004,1215.158,759.629
86.64931,1,1216.182,759.2004,1215.67,759.4147
86.66243,1,1218.27,758.347,1216.97,758.8809
86.67525,1,1218.27,758.347,1217.62,758.614
86.6869,1,1218.27,758.347,1217.945,758.4805
86.69997,1,1220.867,757.2773,1219.406,757.8789
86.70793,1,1220.867,757.2773,1220.137,757.5781
86.72025,1,1223.237,756.3661,1221.687,756.9721
86.73443,1,1223.237,756.3661,1222.462,756.6691
86.74162,1,1223.237,756.3661,1222.849,756.5176
86.7546,1,1225.482,755.1366,1224.166,755.8271
86.76775,1,1225.482,755.1366,1224.824,755.4818
86.78041,1,1227.785,753.7628,1226.305,754.6223
86.79055,1,1227.785,753.7628,1227.045,754.1925
86.80149,1,1227.785,753.7628,1227.415,753.9777
86.81169,1,1230.296,752.3939,1228.856,753.1858
86.82438,1,1230.296,752.3939,1229.576,752.7899
86.8353,1,1230.296,752.3939,1229.936,752.5919
86.84445,1,1231.734,751.2635,1230.835,751.9277
86.85855,1,1231.734,751.2635,1231.285,751.5956
86.86846,1,1231.734,751.2635,1231.51,751.4296
86.88231,1,1233.258,749.8777,1232.384,750.6537
86.89095,1,1233.258,749.8777,1232.821,750.2657
86.90367,1,1234.877,748.8842,1233.849,749.575
86.9119,1,1234.877,748.8842,1234.363,749.2296
86.92381,1,1234.877,748.8842,1234.62,749.0569
86.93778,1,1236.483,747.0949,1235.552,748.0759
86.94601,1,1236.483,747.0949,1236.017,747.5854
86.95721,1,1236.483,747.0949,1236.25,747.3402
86.97057,1,1237.638,744.94,1236.944,746.1401
86.9795,1,1237.638,744.94,1237.291,745.54
86.99096,1,1238.412,743.2576,1237.852,744.3988
87.00426,1,1238.412,743.2576,1238.132,743.8282
87.01534,1,1238.412,743.2576,1238.272,743.5428
87.02467,1,1239.294,741.4408,1238.783,742.4918
87.03697,1,1239.294,741.4408,1239.038,741.9663
87.04611,1,1239.294,741.4408,1239.166,741.7036
87.06261,1,1240.748,739.6354,1239.957,740.6694
87.07127,1,1240.748,739.6354,1240.352,740.1524
87.08704,1,1242.843,737.9479,1241.598,739.0502
87.09682,1,1242.843,737.9479,1242.22,738.499
87.10625,1,1242.843,737.9479,1242.531,738.2235
87.11928,1,1244.374,736.666,1243.453,737.4447
87.12955,1,1244.374,736.666,1243.913,737.0553
87.14325,1,1245.434,735.2288,1244.674,736.142
87.15576,1,1245.434,735.2288,1245.054,735.6854
87.16673,1,1245.434,735.2288,1245.244,735.4571
87.17763,1,1246.455,734.2536,1245.85,734.8553
87.18731,1,1246.455,734.2536,1246.153,734.5544
87.20194,1,1246.998,733.1438,1246.575,733.8491
87.21003,1,1246.998,733.1438,1246.787,733.4965
87.22289,1,1246.998,733.1438,1246.892,733.3201
87.2361,1,1247.111,731.3727,1247.002,732.3464
87.2437,1,1247.111,731.3727,1247.056,731.8596
87.25723,1,1247.111,731.3727,1247.083,731.6161
87.26745,1,1247.887,730.2117,1247.485,730.9139
87.27899,1,1247.887,730.2117,1247.686,730.5629
87.29381,1,1248.093,728.8018,1247.89,729.6823
87.30272,1,1248.093,728.8018,1247.991,729.2421
87.31522,1,1248.093,728.8018,1248.042,729.0219
87.32841,1,1248.826,727.5839,1248.434,728.3029
87.33781,1,1248.826,727.5839,1248.63,727.9434
87.35073,1,1248.826,727.5839,1248.728,727.7637
87.36362,1,1249.362,726.6966,1249.045,727.2301
87.37383,1,1249.362,726.6966,1249.204,726.9634
87.38445,1,1250.004,725.7044,1249.604,726.3339
87.39799,1,1250.004,725.7044,1249.804,726.0192
87.40663,1,1250.004,725.7044,1249.904,725.8618
87.41993,1,1250.249,724.5913,1250.076,725.2266
87.43355,1,1250.249,724.5913,1250.163,724.9089
87.44221,1,1250.249,724.5913,1250.206,724.7501
87.45479,1,1250.665,722.9338,1250.436,723.842
87.46372,1,1250.665,722.9338,1250.551,723.3879
87.47576,1,1251.296,721.2746,1250.923,722.3313
87.48785,1,1251.296,721.2746,1251.109,721.803
87.49702,1,1251.296,721.2746,1251.202,721.5388
87.50722,1,1251.893,719.8876,1251.548,720.7132
87.52151,1,1251.893,719.8876,1251.72,720.3004
87.53113,1,1251.893,719.8876,1251.807,720.094
87.54287,1,1252.032,718.6724,1251.919,719.3832
87.55521,1,1252.032,718.6724,1251.976,719.0278
87.56973,1,1252.477,716.7272,1252.226,717.8774
87.57787,1,1252.477,716.7272,1252.352,717.3023
87.59138,1,1252.477,716.7272,1252.414,717.0148
87.60461,1,1253.921,714.7318,1253.167,715.8733
87.6144,1,1253.921,714.7318,1253.544,715.3025
87.62724,1,1255.343,712.7615,1254.443,714.032
87.63644,1,1255.343,712.7615,1254.893,713.3967
87.64902,1,1255.343,712.7615,1255.118,713.0791
87.66181,1,1256.869,711.9351,1255.994,712.5071
87.67052,1,1256.869,711.9351,1256.431,712.2211
87.68295,1,1256.869,711.9351,1256.65,712.0781
87.69478,1,1258.179,711.0731,1257.415,711.5756
87.70452,1,1258.179,711.0731,1257.797,711.3243
87.72158,1,1259.87,709.4476,1258.833,710.386
87.73465,1,1259.87,709.4476,1259.351,709.9167
87.74078,1,1259.87,709.4476,1259.611,709.6821
87.75343,1,1261.112,708.3966,1260.361,709.0394
87.76344,1,1261.112,708.3966,1260.736,708.718
87.78039,1,1262.24,707.54,1261.488,708.129
87.7898,1,1262.24,707.54,1261.864,707.8345
87.80016,1,1262.24,707.54,1262.052,707.6873
87.81886,1,1263.884,706.5262,1262.968,707.1067
87.83023,1,1263.884,706.5262,1263.426,706.8164
87.83884,1,1265.276,705.7679,1264.351,706.2922
87.84974,1,1265.276,705.7679,1264.813,706.03
87.86333,1,1265.276,705.7679,1265.045,705.899
87.87204,1,1266.172,704.9644,1265.608,705.4316
87.88777,1,1266.172,704.9644,1265.89,705.198
87.89924,1,1267.267,704.5515,1266.579,704.8748
87.90897,1,1267.267,704.5515,1266.923,704.7131
87.92596,1,1267.267,704.5515,1267.095,704.6323
87.93921,1,1268.411,704.4872,1267.753,704.5598
87.94778,1,1268.411,704.4872,1268.082,704.5234
87.95978,1,1269.384,704.6573,1268.733,704.5903
87.96846,1,1269.384,704.6573,1269.059,704.6238
87.98451,1,1269.384,704.6573,1269.221,704.6405
87.99392,1,1270.652,704.8279,1269.937,704.7342
88.00423,1,1270.652,704.8279,1270.294,704.781
88.01792,1,1271.62,705.3981,1270.957,705.0895
88.02569,1,1271.62,705.3981,1271.289,705.2438
88.03871,1,1271.62,705.3981,1271.455,705.3209
88.05064,1,1272.441,706.3458,1271.948,705.8334
88.064,1,1272.441,706.3458,1272.194,706.0896
88.07412,1,1272.441,706.3458,1272.318,706.2177
88.08266,1,1273.286,707.3036,1272.802,706.7606
88.09673,1,1273.286,707.3036,1273.044,707.0321
88.10505,1,1273.286,707.3036,1273.165,707.1678
88.12136,1,1272.581,705.9725,1272.873,706.5702
88.13163,1,1272.581,705.9725,1272.727,706.2714
88.14282,1,1228.926,638.6266,1250.827,672.449
88.15603,1,1228.926,638.6266,1239.876,655.5378
88.16866,1,1123.258,467.8764,1181.567,561.7071
88.17931,1,1123.258,467.8764,1152.412,514.7917
88.19378,1,1123.258,467.8764,1137.835,491.334
88.20051,1,1048.092,347.8233,1092.964,419.5787
88.21126,1,1048.092,347.8233,1070.528,383.701
88.2228,1,1048.092,347.8233,1059.31,365.7621
88.23552,1,1009.388,288.1199,1034.349,326.941
88.24725,1,1009.388,288.1199,1021.869,307.5305
88.25856,1,1009.388,288.1199,1015.629,297.8252
88.26862,1,991.899,256.6997,1003.764,277.2625
88.28228,1,991.899,256.6997,997.8314,266.9811
88.29208,1,980.4343,239.7968,989.1329,253.3889
88.3054,1,980.4343,239.7968,984.7836,246.5929
88.31663,1,980.4343,239.7968,982.6089,243.1949
88.32807,1,976.9732,233.4091,979.7911,238.302
88.33974,1,976.9732,233.4091,978.3821,235.8556
88.35558,1,977.3268,230.4664,977.8545,233.161
88.36273,1,977.3268,230.4664,977.5906,231.8137
88.37457,1,977.3268,230.4664,977.4587,231.1401
88.38656,1,985.1757,231.5979,981.3172,231.369
88.39681,1,985.1757,231.5979,983.2465,231.4835
88.40743,1,985.1757,231.5979,984.2111,231.5407
88.42309,1,999.7747,236.5799,991.9929,234.0603
88.43042,1,999.7747,236.5799,995.8838,235.3201
88.44296,1,1033.175,269.9739,1014.53,252.647
88.45445,1,1033.175,269.9739,1023.853,261.3104
88.46524,1,1033.175,269.9739,1028.514,265.6422
88.47959,1,1161.185,418.7101,1094.849,342.1761
88.48725,1,1161.185,418.7101,1128.017,380.4431
88.50036,1,1293.587,588.8941,1210.802,484.6686
88.51021,1,1293.587,588.8941,1252.195,536.7814
88.5257,1,1293.587,588.8941,1272.891,562.8378
88.53352,1,1361.761,681.8471,1317.326,622.3424
88.54364,1,1361.761,681.8471,1339.544,652.0947
88.5564,1,1361.761,681.8471,1350.652,666.9709
88.5677,1,1393.743,723.4708,1372.198,695.2209
88.57816,1,1393.743,723.4708,1382.97,709.3458
88.58911,1,1393.743,723.4708,1388.357,716.4083
88.60442,1,1407.369,739.2849,1397.863,727.8466
88.61526,1,1407.369,739.2849,1402.616,733.5658
88.62465,1,1413.272,746.0207,1407.944,739.7932
88.63654,1,1413.272,746.0207,1410.608,742.907
88.64913,1,1413.272,746.0207,1411.94,744.4639
88.66471,1,1416.362,747.8774,1414.151,746.1707
88.6708,1,1416.362,747.8774,1415.257,747.024
88.68392,1,1418.55,749.1447,1416.903,748.0844
88.69527,1,1418.55,749.1447,1417.727,748.6145
88.70943,1,1418.55,749.1447,1418.138,748.8796
88.72492,1,1440.747,753.372,1429.442,751.1259
88.73199,1,1440.747,753.372,1435.094,752.2489
88.74081,1,1440.747,753.372,1437.921,752.8104
88.7521,1,1461.273,760.8929,1449.597,756.8517
88.76551,1,1461.273,760.8929,1455.435,758.8723
88.77753,1,1474.65,765.3589,1465.042,762.1156
88.78685,1,1474.65,765.3589,1469.846,763.7373
88.8002,1,1474.65,765.3589,1472.248,764.5481
88.81036,1,1484.43,768.8602,1478.339,766.7042
88.82088,1,1484.43,768.8602,1481.384,767.7822
88.83463,1,1492.391,773.3115,1486.888,770.5469
88.84445,1,1492.391,773.3115,1489.639,771.9292
88.85571,1,1492.391,773.3115,1491.015,772.6204
88.86887,1,1497.952,776.8397,1494.483,774.73
88.87951,1,1497.952,776.8397,1496.218,775.7849
88.88989,1,1497.952,776.8397,1497.085,776.3123
88.90248,1,1501.952,779.67,1499.519,777.9911
88.91196,1,1501.952,779.67,1500.735,778.8306
88.92595,1,1505.229,781.2825,1502.982,780.0565
88.93723,1,1505.229,781.2825,1504.105,780.6695
88.94921,1,1505.229,781.2825,1504.667,780.976
88.95883,1,1506.885,782.592,1505.776,781.7839
88.97124,1,1506.885,782.592,1506.33,782.188
88.98384,1,1508.415,783.6348,1507.373,782.9114
88.99342,1,1508.415,783.6348,1507.894,783.2731
89.00377,1,1508.415,783.6348,1508.154,783.4539
89.01752,1,1509.23,783.8322,1508.692,783.6431
89.02645,1,1509.23,783.8322,1508.961,783.7376
89.03918,1,1509.23,783.8322,1509.095,783.7849
89.04986,1,1512.434,786.8349,1510.765,785.3099
89.06023,1,1512.434,786.8349,1511.599,786.0724
89.07136,1,1512.434,786.8349,1512.016,786.4536
89.08455,1,1515.203,789.5844,1513.61,788.019
89.09404,1,1515.203,789.5844,1514.406,788.8018
89.1039,1,1515.203,789.5844,1514.805,789.1931
89.11887,1,1517.279,791.7139,1516.042,790.4535
89.12779,1,1517.279,791.7139,1516.661,791.0837
89.14173,1,1518.693,793.9808,1517.677,792.5322
89.15584,1,1518.693,793.9808,1518.185,793.2565
89.16571,1,1519.98,795.5457,1519.082,794.4011
89.17904,1,1519.98,795.5457,1519.531,794.9734
89.18775,1,1519.98,795.5457,1519.755,795.2595
89.20394,1,1522.295,797.1797,1521.025,796.2196
89.21631,1,1522.295,797.1797,1521.66,796.6997
89.22444,1,1522.295,797.1797,1521.977,796.9397
89.2378,1,1527.637,799.5741,1524.807,798.2569
89.25182,1,1527.637,799.5741,1526.222,798.9155
89.26216,1,1532.987,802.5466,1529.604,800.7311
89.27438,1,1532.987,802.5466,1531.296,801.6389
89.28574,1,1538.531,806.4156,1534.913,804.0272
89.29985,1,1538.531,806.4156,1536.722,805.2214
89.30702,1,1538.531,806.4156,1537.626,805.8185
89.32082,1,1543.931,810.7389,1540.778,808.2787
89.33186,1,1543.931,810.7389,1542.354,809.5088
89.34208,1,1543.931,810.7389,1543.143,810.1238
89.35417,1,1549.307,815.4407,1546.225,812.7822
89.36485,1,1549.307,815.4407,1547.766,814.1115
89.37601,1,1549.307,815.4407,1548.537,814.7761
89.3916,1,1554.306,819.2006,1551.421,816.9883
89.40034,1,1554.306,819.2006,1552.864,818.0944
89.41127,1,1557.982,822.2209,1555.423,820.1577
89.42326,1,1557.982,822.2209,1556.703,821.1893
89.4347,1,1557.982,822.2209,1557.342,821.7051
89.4447,1,1559.411,823.875,1558.377,822.79
89.45894,1,1559.411,823.875,1558.894,823.3325
89.47012,1,1557.774,822.0195,1558.334,822.676
89.48248,1,1557.774,822.0195,1558.054,822.3478
89.49186,1,1557.774,822.0195,1557.914,822.1837
89.50609,1,1556.414,820.4457,1557.164,821.3147
89.51797,1,1556.414,820.4457,1556.789,820.8802
89.52838,1,1555.396,819.49,1556.092,820.1851
89.54001,1,1555.396,819.49,1555.744,819.8375
89.55225,1,1555.396,819.49,1555.57,819.6638
89.56305,1,1554.734,819.0576,1555.152,819.3607
89.57449,1,1554.734,819.0576,1554.943,819.2092
89.58617,1,1554.734,819.0576,1554.838,819.1334
89.59871,1,1553.951,818.7011,1554.395,818.9172
89.60919,1,1553.951,818.7011,1554.173,818.8092
89.62356,1,1553.264,818.2087,1553.719,818.5089
89.63541,1,1553.264,818.2087,1553.491,818.3588
89.6453,1,1553.264,818.2087,1553.378,818.2837
89.65839,1,1552.417,817.6101,1552.897,817.9469
89.66698,1,1552.417,817.6101,1552.657,817.7785
89.67933,1,1551.51,817.4424,1552.084,817.6105
89.68874,1,1551.51,817.4424,1551.797,817.5264
89.70062,1,1551.51,817.4424,1551.654,817.4844
89.71117,1,1550.718,817.0947,1551.186,817.2896
89.7222,1,1550.718,817.0947,1550.952,817.1921
89.73413,1,1550.718,817.0947,1550.835,817.1434
89.74333,1,1549.776,816.8635,1550.305,817.0035
89.75538,1,1549.776,816.8635,1550.041,816.9335
89.76749,1,1549.776,816.8635,1549.908,816.8985
89.77742,1,1548.824,816.7631,1549.366,816.8308
89.7888,1,1548.824,816.7631,1549.095,816.797
89.80244,1,1547.599,816.4696,1548.347,816.6333
89.81158,1,1547.599,816.4696,1547.973,816.5515
89.82442,1,1547.599,816.4696,1547.786,816.5105
89.83643,1,1546.456,816.0386,1547.121,816.2745
89.84776,1,1546.456,816.0386,1546.789,816.1566
89.85945,1,1545.465,815.5735,1546.127,815.8651
89.86752,1,1545.465,815.5735,1545.796,815.7193
89.88044,1,1545.465,815.5735,1545.63,815.6464
89.89056,1,1544.428,815.1705,1545.029,815.4084
89.9065,1,1544.428,815.1705,1544.729,815.2895
89.91418,1,1544.428,815.1705,1544.578,815.23
89.92517,1,1543.411,814.5164,1543.995,814.8732
89.94095,1,1543.411,814.5164,1543.703,814.6948
89.94827,1,1543.411,814.5164,1543.557,814.6056
89.95957,1,1542.417,814.2598,1542.987,814.4327
89.97206,1,1542.417,814.2598,1542.702,814.3463
89.98452,1,1541.304,813.6458,1542.003,813.996
89.99368,1,1541.304,813.6458,1541.653,813.8209
90.00527,1,1541.304,813.6458,1541.478,813.7333
90.02035,1,1539.942,812.7209,1540.71,813.2272
90.02839,1,1539.942,812.7209,1540.326,812.9741
90.04063,1,1539.942,812.7209,1540.134,812.8475
90.05234,1,1539.063,812.2869,1539.598,812.5673
90.06274,1,1539.063,812.2869,1539.331,812.4271
90.07501,1,1537.849,811.6268,1538.59,812.027
90.08843,1,1537.849,811.6268,1538.219,811.8269
90.09692,1,1537.849,811.6268,1538.034,811.7268
90.10932,1,1536.366,810.762,1537.2,811.2444
90.11904,1,1536.366,810.762,1536.783,811.0032
90.12794,1,1536.366,810.762,1536.575,810.8826
90.14388,1,1534.864,810.0954,1535.719,810.489
90.1507,1,1534.864,810.0954,1535.292,810.2922
90.16255,1,1533.198,808.9952,1534.245,809.6437
90.17512,1,1533.198,808.9952,1533.722,809.3195
90.18614,1,1533.198,808.9952,1533.46,809.1573
90.19785,1,1531.812,808.2713,1532.636,808.7144
90.20821,1,1531.812,808.2713,1532.224,808.4928
90.22012,1,1531.812,808.2713,1532.018,808.3821
90.23056,1,1530.099,807.2639,1531.058,807.823
90.242,1,1530.099,807.2639,1530.578,807.5435
90.25201,1,1530.099,807.2639,1530.338,807.4037
90.26433,1,1528.582,805.9158,1529.46,806.6597
90.27625,1,1528.582,805.9158,1529.021,806.2877
90.28575,1,1526.635,804.6476,1527.828,805.4677
90.29779,1,1526.635,804.6476,1527.231,805.0576
90.30861,1,1526.635,804.6476,1526.933,804.8527
90.32003,1,1524.648,802.7043,1525.791,803.7785
90.33135,1,1524.648,802.7043,1525.219,803.2415
90.34364,1,1522.475,800.9149,1523.847,802.0782
90.3522,1,1522.475,800.9149,1523.161,801.4966
90.36543,1,1522.475,800.9149,1522.818,801.2057
90.37775,1,1520.433,799.2436,1521.625,800.2247
90.3866,1,1520.433,799.2436,1521.029,799.7341
90.39924,1,1520.433,799.2436,1520.731,799.4889
90.41195,1,1518.755,797.0275,1519.743,798.2582
90.42281,1,1518.755,797.0275,1519.249,797.6428
90.43475,1,1516.405,795.2133,1517.827,796.428
90.44462,1,1516.405,795.2133,1517.116,795.8207
90.45701,1,1516.405,795.2133,1516.76,795.517
90.46862,1,1514.703,793.8323,1515.731,794.6746
90.4809,1,1514.703,793.8323,1515.217,794.2534
90.49011,1,1514.703,793.8323,1514.96,794.0428
90.50228,1,1512.631,791.6627,1513.795,792.8528
90.51167,1,1512.631,791.6627,1513.213,792.2578
90.52362,1,1512.631,791.6627,1512.922,791.9602
90.53502,1,1510.287,789.4584,1511.605,790.7093
90.54521,1,1510.287,789.4584,1510.946,790.0839
90.55791,1,1507.288,787.3066,1509.117,788.6953
90.56879,1,1507.288,787.3066,1508.202,788.001
90.58255,1,1507.288,787.3066,1507.745,787.6538
90.59648,1,1504.706,785.261,1506.226,786.4574
90.60464,1,1504.706,785.261,1505.466,785.8593
90.61788,1,1502.408,782.9112,1503.937,784.3853
90.63992,1,1502.408,782.9112,1503.173,783.6482
90.64766,1,1500.444,781.1461,1501.808,782.3972
90.65626,1,1500.444,781.1461,1501.126,781.7716
90.66651,1,1500.444,781.1461,1500.785,781.4589
90.67461,1,1500.444,781.1461,1500.615,781.3025
90.6853,1,1498.452,779.2072,1499.533,780.2549
90.70127,1,1498.452,779.2072,1498.993,779.7311
90.70944,1,1495.663,777.6064,1497.328,778.6688
90.72178,1,1495.663,777.6064,1496.495,778.1376
90.73515,1,1495.663,777.6064,1496.079,777.872
90.74306,1,1493.292,775.0427,1494.685,776.4574
90.75578,1,1493.292,775.0427,1493.989,775.7501
90.76752,1,1490.914,772.6046,1492.451,774.1774
90.78194,1,1490.914,772.6046,1491.683,773.391
90.78932,1,1490.914,772.6046,1491.299,772.9978
90.80058,1,1488.211,769.9843,1489.755,771.491
90.80743,1,1488.211,769.9843,1488.983,770.7377
90.8198,1,1488.211,769.9843,1488.597,770.361
90.8351,1,1486.086,767.3211,1487.341,768.8411
90.84485,1,1486.086,767.3211,1486.714,768.0811
90.85377,1,1486.086,767.3211,1486.4,767.701
90.86837,1,1483.102,764.1166,1484.751,765.9088
90.88464,1,1483.102,764.1166,1483.927,765.0127
90.8963,1,1478.307,758.0511,1481.117,761.5319
90.911,1,1478.307,758.0511,1479.712,759.7915
90.92144,1,1474.403,752.1816,1477.057,755.9866
90.93007,1,1474.403,752.1816,1475.73,754.0841
90.94325,1,1474.403,752.1816,1475.067,753.1329
90.95383,1,1471.375,746.5618,1473.221,749.8474
90.96693,1,1471.375,746.5618,1472.298,748.2046
90.97662,1,1471.375,746.5618,1471.837,747.3832
90.98756,1,1468.839,741.6279,1470.338,744.5056
91.00078,1,1468.839,741.6279,1469.589,743.0668
91.00758,1,1465.415,737.2826,1467.502,740.1747
91.01986,1,1465.415,737.2826,1466.458,738.7286
91.03114,1,1465.415,737.2826,1465.937,738.0056
91.04352,1,1463.019,732.9867,1464.478,735.4962
91.05555,1,1463.019,732.9867,1463.748,734.2415
91.0656,1,1463.019,732.9867,1463.384,733.6141
91.07784,1,1461.054,728.9585,1462.219,731.2863
91.08664,1,1461.054,728.9585,1461.636,730.1224
91.10326,1,1459.083,726.3179,1460.36,728.2202
91.1117,1,1459.083,726.3179,1459.722,727.269
91.12454,1,1459.083,726.3179,1459.403,726.7935
91.1385,1,1456.858,723.8653,1458.13,725.3293
91.14742,1,1456.858,723.8653,1457.494,724.5973
91.15897,1,1455.147,721.6908,1456.32,723.144
91.17459,1,1455.147,721.6908,1455.734,722.4174
91.18255,1,1455.147,721.6908,1455.44,722.0541
91.19544,1,1453.623,720.5501,1454.532,721.3021
91.20372,1,1453.623,720.5501,1454.078,720.9261
91.2166,1,1453.623,720.5501,1453.851,720.7382
91.22646,1,1451.852,720.2519,1452.851,720.495
91.23895,1,1451.852,720.2519,1452.352,720.3734
91.24895,1,1451.852,720.2519,1452.102,720.3126
91.26309,1,1450.806,719.9899,1451.454,720.1512
91.27021,1,1450.806,719.9899,1451.13,720.0706
91.28394,1,1449.651,719.6332,1450.391,719.8519
91.29932,1,1449.651,719.6332,1450.021,719.7426
91.30594,1,1449.651,719.6332,1449.836,719.6879
91.32053,1,1448.425,719.0909,1449.131,719.3894
91.33133,1,1448.425,719.0909,1448.778,719.2401
91.34187,1,1447.578,718.6941,1448.178,718.9671
91.35393,1,1447.578,718.6941,1447.878,718.8306
91.36646,1,1447.578,718.6941,1447.728,718.7623
91.37922,1,1438.637,713.6722,1443.182,716.2173
91.38725,1,1438.637,713.6722,1440.909,714.9448
91.4014,1,1328.698,662.4623,1384.804,688.7035
91.41075,1,1328.698,662.4623,1356.751,675.5829
91.42238,1,1328.698,662.4623,1342.724,669.0226
91.43489,1,1074.263,545.7039,1208.494,607.3632
91.4434,1,1074.263,545.7039,1141.378,576.5336
91.45673,1,1074.263,545.7039,1107.821,561.1187
91.46902,1,897.9661,461.9918,1002.893,511.5552
91.47786,1,897.9661,461.9918,950.4298,486.7735
91.48973,1,897.9661,461.9918,924.198,474.3826
91.50188,1,813.0675,419.3643,868.6328,446.8735
91.50933,1,813.0675,419.3643,840.8501,433.1189
91.5238,1,776.0602,399.5618,808.4551,416.3403
91.53752,1,776.0602,399.5618,792.2577,407.951
91.54745,1,776.0602,399.5618,784.1589,403.7564
91.55768,1,759.329,392.9761,771.744,398.3662
91.57108,1,759.329,392.9761,765.5365,395.6711
91.58358,1,724.8096,387.4859,745.173,391.5786
91.59509,1,724.8096,387.4859,734.9913,389.5322
91.60762,1,724.8096,387.4859,729.9005,388.5091
91.61868,1,695.8838,386.3042,712.8921,387.4067
91.6289,1,695.8838,386.3042,704.3879,386.8555
91.64193,1,681.7094,385.3327,693.0486,386.0941
91.65161,1,681.7094,385.3327,687.379,385.7134
91.66496,1,681.7094,385.3327,684.5442,385.523
91.67443,1,674.004,384.8072,679.2741,385.1651
91.68388,1,674.004,384.8072,676.639,384.9861
91.69695,1,674.004,384.8072,675.3215,384.8967
91.70632,1,669.369,382.5778,672.3452,383.7372
91.72205,1,669.369,382.5778,670.8571,383.1575
91.72811,1,669.369,382.5778,670.113,382.8676
91.74152,1,697.8233,392.8979,683.9681,387.8828
91.75546,1,697.8233,392.8979,690.8958,390.3904
91.76282,1,747.7174,412.0411,719.3066,401.2157
91.77673,1,747.7174,412.0411,733.512,406.6284
91.78898,1,747.7174,412.0411,740.6147,409.3347
91.79967,1,949.2206,489.3159,844.9176,449.3253
91.808,1,949.2206,489.3159,897.0691,469.3206
91.82197,1,949.2206,489.3159,923.1448,479.3183
91.83221,1,1140.802,565.2035,1031.974,522.2609
91.84342,1,1140.802,565.2035,1086.388,543.7322
91.85614,1,1249.534,606.4095,1167.961,575.0709
91.87627,1,1249.534,606.4095,1208.747,590.7402
91.88229,1,1249.534,606.4095,1229.141,598.5749
91.89184,1,1301.408,624.8474,1265.274,611.7112
91.90486,1,1301.408,624.8474,1283.341,618.2793
91.91679,1,1326.317,635.3441,1304.829,626.8117
91.92666,1,1326.317,635.3441,1315.573,631.0779
91.93922,1,1326.317,635.3441,1320.945,633.211
91.9494,1,1337.769,638.3895,1329.357,635.8003
91.96146,1,1337.769,638.3895,1333.563,637.0949
91.97184,1,1337.769,638.3895,1335.666,637.7422
91.98661,1,1343.731,640.0931,1339.698,638.9176
92.0007,1,1343.731,640.0931,1341.715,639.5054
92.00896,1,1345.683,641.0103,1343.699,640.2578
92.0197,1,1345.683,641.0103,1344.691,640.634
92.03125,1,1345.683,641.0103,1345.188,640.8221
92.04144,1,1354.148,641.3276,1349.668,641.0749
92.05424,1,1354.148,641.3276,1351.908,641.2013
92.06463,1,1354.148,641.3276,1353.028,641.2645
92.07868,1,1361.306,640.9354,1357.167,641.0999
92.08739,1,1361.306,640.9354,1359.237,641.0176
92.10081,1,1366.516,641.2617,1362.876,641.1396
92.11622,1,1366.516,641.2617,1364.696,641.2007
92.12627,1,1369.777,642.4537,1367.237,641.8272
92.1374,1,1369.777,642.4537,1368.507,642.1405
92.14444,1,1369.777,642.4537,1369.142,642.2971
92.15694,1,1371.341,642.9893,1370.242,642.6432
92.16788,1,1371.341,642.9893,1370.792,642.8162
92.18353,1,1371.341,642.9893,1371.067,642.9027
92.19081,1,1371.86,644.2312,1371.463,643.567
92.20819,1,1371.86,644.2312,1371.662,643.899
92.22182,1,1372.929,646.2988,1372.295,645.0989
92.22925,1,1372.929,646.2988,1372.612,645.6989
92.23824,1,1372.929,646.2988,1372.77,645.9988
92.24911,1,1374.696,648.3488,1373.733,647.1738
92.26074,1,1374.696,648.3488,1374.215,647.7613
92.27782,1,1375.488,650.198,1374.851,648.9796
92.2896,1,1375.488,650.198,1375.17,649.5888
92.30183,1,1375.488,650.198,1375.329,649.8934
92.30837,1,1376.143,651.6818,1375.736,650.7876
92.32036,1,1376.143,651.6818,1375.939,651.2347
92.33213,1,1376.143,651.6818,1376.041,651.4583
92.34395,1,1376.218,653.0372,1376.13,652.2477
92.35442,1,1376.218,653.0372,1376.174,652.6425
92.36462,1,1376.218,653.0372,1376.196,652.8398
92.37691,1,1376.17,654.1151,1376.183,653.4774
92.38769,1,1376.17,654.1151,1376.176,653.7963
92.40051,1,1376.188,654.9306,1376.182,654.3634
92.40831,1,1376.188,654.9306,1376.185,654.647
92.4216,1,1376.188,654.9306,1376.187,654.7888
92.43459,1,1376.301,655.7186,1376.244,655.2537
92.44199,1,1376.301,655.7186,1376.272,655.4861
92.45515,1,1376.301,655.7186,1376.286,655.6023
92.46645,1,1376.487,656.8102,1376.386,656.2063
92.47642,1,1376.487,656.8102,1376.437,656.5083
92.49015,1,1379.03,660.9149,1377.733,658.7115
92.5026,1,1379.03,660.9149,1378.382,659.8132
92.50961,1,1379.03,660.9149,1378.706,660.364
92.52343,1,1382.549,667.7153,1380.628,664.0397
92.53515,1,1382.549,667.7153,1381.589,665.8775
92.54353,1,1382.549,667.7153,1382.069,666.7964
92.55637,1,1387.166,674.8992,1384.618,670.8478
92.57014,1,1387.166,674.8992,1385.892,672.8735
92.5808,1,1391.197,681.6323,1388.545,677.2529
92.59544,1,1391.197,681.6323,1389.871,679.4426
92.60329,1,1391.197,681.6323,1390.534,680.5375
92.61754,1,1394.619,687.5977,1392.576,684.0676
92.62991,1,1394.619,687.5977,1393.598,685.8326
92.64039,1,1398.434,692.9514,1396.016,689.392
92.65016,1,1398.434,692.9514,1397.225,691.1716
92.66244,1,1398.434,692.9514,1397.83,692.0615
92.67207,1,1400.769,697.8286,1399.299,694.9451
92.68896,1,1400.769,697.8286,1400.034,696.3868
92.69879,1,1400.769,697.8286,1400.401,697.1077
92.70882,1,1402.445,701.6929,1401.423,699.4003
92.72241,1,1402.445,701.6929,1401.934,700.5466
92.73107,1,1404.428,705.0425,1403.181,702.7946
92.74254,1,1404.428,705.0425,1403.805,703.9186
92.75459,1,1404.428,705.0425,1404.116,704.4806
92.76477,1,1406.246,707.5799,1405.181,706.0303
92.77551,1,1406.246,707.5799,1405.713,706.8051
92.78565,1,1406.246,707.5799,1405.979,707.1925
92.79897,1,1408.172,709.3393,1407.076,708.2659
92.80518,1,1408.172,709.3393,1407.624,708.8026
92.81846,1,1408.172,709.3393,1407.898,709.0709
92.83099,1,1409.975,711.9133,1408.936,710.4921
92.84351,1,1409.975,711.9133,1409.456,711.2028
92.85107,1,1411.379,714.0917,1410.417,712.6472
92.86472,1,1411.379,714.0917,1410.898,713.3695
92.87801,1,1411.379,714.0917,1411.139,713.7306
92.88652,1,1412.105,714.9358,1411.622,714.3332
92.89867,1,1412.105,714.9358,1411.864,714.6345
92.9082,1,1412.105,714.9358,1411.985,714.7852
92.92274,1,1415.425,718.1055,1413.705,716.4453
92.9321,1,1415.425,718.1055,1414.565,717.2754
92.94458,1,1419.737,722.9482,1417.151,720.1118
92.95544,1,1419.737,722.9482,1418.444,721.53
92.96646,1,1419.737,722.9482,1419.09,722.2391
92.97839,1,1423.723,727.4859,1421.406,724.8625
92.9897,1,1423.723,727.4859,1422.565,726.1742
93.00123,1,1423.723,727.4859,1423.144,726.8301
93.01198,1,1427.802,732.1317,1425.473,729.4809
93.02393,1,1427.802,732.1317,1426.637,730.8063
93.03507,1,1432.311,736.0862,1429.474,733.4462
93.04414,1,1432.311,736.0862,1430.893,734.7662
93.05775,1,1432.311,736.0862,1431.602,735.4262
93.06729,1,1435.799,739.0406,1433.7,737.2334
93.07941,1,1435.799,739.0406,1434.75,738.137
93.09566,1,1439.036,742.4856,1436.893,740.3113
93.10548,1,1439.036,742.4856,1437.964,741.3984
93.11835,1,1439.036,742.4856,1438.5,741.942
93.12893,1,1441.666,745.9472,1440.083,743.9446
93.14271,1,1441.666,745.9472,1440.874,744.9459
93.15411,1,1444.301,748.4756,1442.587,746.7108
93.16473,1,1444.301,748.4756,1443.444,747.5933
93.17874,1,1444.301,748.4756,1443.872,748.0344
93.18976,1,1446.714,750.3932,1445.293,749.2138
93.20178,1,1446.714,750.3932,1446.003,749.8035
93.21416,1,1448.941,752.7706,1447.472,751.287
93.22449,1,1448.941,752.7706,1448.207,752.0288
93.23621,1,1448.941,752.7706,1448.574,752.3997
93.25124,1,1451.418,755.5151,1449.996,753.9574
93.25996,1,1451.418,755.5151,1450.707,754.7363
93.27028,1,1451.418,755.5151,1451.063,755.1257
93.28448,1,1454.748,757.8542,1452.906,756.49
93.29438,1,1454.748,757.8542,1453.827,757.1721
93.30376,1,1459.892,761.0731,1456.859,759.1226
93.31797,1,1459.892,761.0731,1458.375,760.0979
93.32732,1,1459.892,761.0731,1459.134,760.5855
93.33897,1,1465.373,764.0856,1462.253,762.3356
93.35094,1,1465.373,764.0856,1463.813,763.2106
93.36162,1,1465.373,764.0856,1464.594,763.6481
93.37133,1,1469.873,767.1501,1467.233,765.3991
93.38665,1,1469.873,767.1501,1468.553,766.2747
93.39674,1,1474.468,769.2212,1471.511,767.7479
93.40774,1,1474.468,769.2212,1472.99,768.4846
93.42298,1,1474.468,769.2212,1473.729,768.8529
93.43221,1,1478.989,773.7084,1476.359,771.2806
93.44337,1,1478.989,773.7084,1477.674,772.4945
93.45185,1,1478.989,773.7084,1478.331,773.1014
93.46295,1,1482.826,777.9495,1480.579,775.5255
93.47865,1,1482.826,777.9495,1481.702,776.7374
93.4855,1,1486.623,782.1562,1484.163,779.4468
93.49689,1,1486.623,782.1562,1485.393,780.8015
93.50609,1,1486.623,782.1562,1486.008,781.4789
93.52255,1,1490.616,786.0692,1488.312,783.774
93.53102,1,1490.616,786.0692,1489.464,784.9216
93.54194,1,1490.616,786.0692,1490.04,785.4954
93.55384,1,1494.989,790.3926,1492.514,787.944
93.56484,1,1494.989,790.3926,1493.752,789.1683
93.57568,1,1499.08,795.0516,1496.416,792.1099
93.58614,1,1499.08,795.0516,1497.748,793.5807
93.60031,1,1499.08,795.0516,1498.414,794.3162
93.60883,1,1503.483,798.9199,1500.948,796.618
93.62124,1,1503.483,798.9199,1502.216,797.7689
93.63072,1,1503.483,798.9199,1502.849,798.3444
93.64305,1,1507.314,803.7859,1505.081,801.0652
93.65216,1,1507.314,803.7859,1506.198,802.4255
93.66547,1,1507.314,803.7859,1506.756,803.1057
93.67778,1,1510.686,807.0782,1508.721,805.092
93.68918,1,1510.686,807.0782,1509.703,806.0851
93.70158,1,1513.937,810.3878,1511.82,808.2365
93.71016,1,1513.937,810.3878,1512.879,809.3121
93.72445,1,1513.937,810.3878,1513.408,809.85
93.73819,1,1516.62,813.787,1515.014,811.8185
93.74545,1,1516.62,813.787,1515.817,812.8027
93.75969,1,1519.731,817.4355,1517.774,815.1191
93.77085,1,1519.731,817.4355,1518.753,816.2773
93.78336,1,1519.731,817.4355,1519.242,816.8564
93.79371,1,1521.928,821.3289,1520.585,819.0927
93.80354,1,1521.928,821.3289,1521.256,820.2108
93.81705,1,1521.928,821.3289,1521.592,820.7698
93.82661,1,1524.267,824.2226,1522.929,822.4962
93.83909,1,1524.267,824.2226,1523.598,823.3594
93.84958,1,1526.469,827.1851,1525.033,825.2722
93.86222,1,1526.469,827.1851,1525.751,826.2286
93.87379,1,1526.469,827.1851,1526.11,826.7068
93.88229,1,1528.705,829.8593,1527.407,828.2831
93.89348,1,1528.705,829.8593,1528.056,829.0712
93.90709,1,1528.705,829.8593,1528.38,829.4652
93.91797,1,1531.103,832.9117,1529.742,831.1885
93.92619,1,1531.103,832.9117,1530.423,832.05
93.94157,1,1536.756,836.5325,1533.589,834.2913
93.94902,1,1536.756,836.5325,1535.172,835.4119
93.96051,1,1536.756,836.5325,1535.964,835.9722
93.97139,1,1544.274,840.0665,1540.119,838.0193
93.98416,1,1544.274,840.0665,1542.197,839.0428
93.99168,1,1544.274,840.0665,1543.236,839.5547
94.00423,1,1550.531,842.6733,1546.883,841.114
94.01831,1,1550.531,842.6733,1548.707,841.8937
94.02643,1,1550.531,842.6733,1549.619,842.2834
94.03772,1,1555.312,845.1714,1552.466,843.7274
94.0499,1,1555.312,845.1714,1553.889,844.4494
94.06221,1,1559.25,847.0515,1556.57,845.7505
94.06983,1,1559.25,847.0515,1557.91,846.401
94.0842,1,1559.25,847.0515,1558.58,846.7263
94.09331,1,1562.705,848.5559,1560.643,847.6411
94.10394,1,1562.705,848.5559,1561.674,848.0985
94.11723,1,1562.705,848.5559,1562.189,848.3272
94.12611,1,1565.857,850.7746,1564.023,849.5509
94.13842,1,1565.857,850.7746,1564.94,850.1627
94.14765,1,1565.857,850.7746,1565.399,850.4686
94.15807,1,1567.564,853.0797,1566.481,851.7742
94.17101,1,1567.564,853.0797,1567.022,852.4269
94.18333,1,1569.312,854.7571,1568.167,853.592
94.19157,1,1569.312,854.7571,1568.74,854.1746
94.20458,1,1569.312,854.7571,1569.026,854.4658
94.21498,1,1570.936,856.1147,1569.981,855.2903
94.2236,1,1570.936,856.1147,1570.458,855.7025
94.23695,1,1570.936,856.1147,1570.697,855.9086
94.24675,1,1572.623,857.7507,1571.66,856.8297
94.25746,1,1572.623,857.7507,1572.142,857.2902
94.2684,1,1572.623,857.7507,1572.382,857.5205
94.28233,1,1574.045,859.4615,1573.214,858.491
94.28873,1,1574.045,859.4615,1573.629,858.9762
94.30107,1,1574.977,861.2069,1574.303,860.0916
94.31164,1,1574.977,861.2069,1574.64,860.6492
94.32289,1,1574.977,861.2069,1574.808,860.9281
94.33408,1,1575.587,862.9213,1575.198,861.9247
94.34708,1,1575.587,862.9213,1575.392,862.423
94.35683,1,1575.587,862.9213,1575.49,862.6721
94.36862,1,1576.142,864.347,1575.816,863.5096
94.38216,1,1576.142,864.347,1575.979,863.9283
94.39482,1,1574.382,863.7397,1575.18,863.834
94.4073,1,1574.382,863.7397,1574.781,863.7869
94.41818,1,1574.382,863.7397,1574.581,863.7633
94.42693,1,1572.472,862.8506,1573.527,863.307
94.44246,1,1572.472,862.8506,1573,863.0789
94.45346,1,1571.383,861.9885,1572.191,862.5337
94.46812,1,1571.383,861.9885,1571.787,862.2611
94.47808,1,1571.383,861.9885,1571.585,862.1248
94.48795,1,1570.174,861.2739,1570.879,861.6993
94.49998,1,1570.174,861.2739,1570.527,861.4866
94.51042,1,1570.174,861.2739,1570.35,861.3802
94.52291,1,1568.477,860.7521,1569.414,861.0662
94.53207,1,1568.477,860.7521,1568.945,860.9092
94.54459,1,1567.045,859.9485,1567.995,860.4288
94.55436,1,1567.045,859.9485,1567.52,860.1887
94.56483,1,1567.045,859.9485,1567.282,860.0686
94.57537,1,1564.854,858.9853,1566.068,859.527
94.58768,1,1564.854,858.9853,1565.461,859.2561
94.60066,1,1564.854,858.9853,1565.157,859.1207
94.60954,1,1562.38,858.2144,1563.769,858.6676
94.62039,1,1562.38,858.2144,1563.074,858.441
94.63169,1,1562.38,858.2144,1562.727,858.3278
94.64288,1,1560.049,857.5402,1561.388,857.934
94.65376,1,1560.049,857.5402,1560.719,857.7371
94.67204,1,1557.868,857.0269,1559.293,857.382
94.68161,1,1557.868,857.0269,1558.581,857.2044
94.69072,1,1557.868,857.0269,1558.224,857.1156
94.70486,1,1555.61,856.9241,1556.917,857.0199
94.71139,1,1555.61,856.9241,1556.263,856.972
94.7239,1,1553.857,856.7389,1555.06,856.8555
94.73492,1,1553.857,856.7389,1554.459,856.7972
94.74535,1,1553.857,856.7389,1554.158,856.7681
94.75747,1,1551.672,856.0085,1552.915,856.3883
94.77116,1,1551.672,856.0085,1552.293,856.1984
94.78169,1,1551.672,856.0085,1551.982,856.1035
94.79024,1,1549.319,855.0197,1550.651,855.5616
94.80392,1,1549.319,855.0197,1549.985,855.2906
94.81511,1,1544.165,850.2809,1547.075,852.7858
94.82417,1,1544.165,850.2809,1545.62,851.5333
94.83855,1,1544.165,850.2809,1544.892,850.9071
94.84943,1,1537.614,844.5806,1541.253,847.7438
94.86301,1,1537.614,844.5806,1539.433,846.1622
94.87654,1,1530.502,839.6376,1534.968,842.8999
94.88494,1,1530.502,839.6376,1532.735,841.2688
94.89991,1,1530.502,839.6376,1531.618,840.4532
94.90919,1,1523.149,833.7011,1527.384,837.0771
94.92043,1,1523.149,833.7011,1525.267,835.3892
94.93218,1,1523.149,833.7011,1524.208,834.5452
94.94347,1,1515.634,828.1011,1519.921,831.3231
94.95406,1,1515.634,828.1011,1517.778,829.7121
94.96526,1,1509.513,823.8936,1513.645,826.8029
94.97535,1,1509.513,823.8936,1511.579,825.3482
94.98563,1,1509.513,823.8936,1510.546,824.6208
95.0005,1,1504.556,820.4793,1507.551,822.55
95.0079,1,1504.556,820.4793,1506.054,821.5146
95.01981,1,1504.556,820.4793,1505.305,820.9969
95.0286,1,1499.339,816.6808,1502.322,818.8389
95.04743,1,1499.339,816.6808,1500.831,817.7599
95.05537,1,1495.175,814.5228,1498.003,816.1414
95.06689,1,1495.175,814.5228,1496.589,815.3321
95.07835,1,1495.175,814.5228,1495.882,814.9275
95.08807,1,1491.787,812.567,1493.834,813.7473
95.10275,1,1491.787,812.567,1492.81,813.1571
95.11075,1,1491.787,812.567,1492.299,812.8621
95.12318,1,1488.55,811.3732,1490.424,812.1176
95.13612,1,1488.55,811.3732,1489.487,811.7454
95.14406,1,1488.55,811.3732,1489.018,811.5593
95.15614,1,1485.317,808.6353,1487.167,810.0973
95.16749,1,1485.317,808.6353,1486.242,809.3663
95.17976,1,1481.961,806.1763,1484.101,807.7712
95.19659,1,1481.961,806.1763,1483.031,806.9738
95.20349,1,1481.961,806.1763,1482.496,806.575
95.21614,1,1478.508,803.2618,1480.502,804.9185
95.22612,1,1478.508,803.2618,1479.505,804.0901
95.23839,1,1474.966,800.4548,1477.236,802.2725
95.24991,1,1474.966,800.4548,1476.101,801.3636
95.26086,1,1474.966,800.4548,1475.533,800.9092
95.27081,1,1470.787,797.593,1473.16,799.2511
95.28439,1,1470.787,797.593,1471.974,798.4221
95.29382,1,1470.787,797.593,1471.38,798.0076
95.3063,1,1467.156,794.4718,1469.268,796.2397
95.32066,1,1467.156,794.4718,1468.212,795.3557
95.33047,1,1463.699,791.7402,1465.955,793.548
95.34342,1,1463.699,791.7402,1464.827,792.644
95.3546,1,1463.699,791.7402,1464.263,792.1921
95.36706,1,1460.766,789.0655,1462.515,790.6288
95.37675,1,1460.766,789.0655,1461.64,789.8472
95.38737,1,1460.766,789.0655,1461.203,789.4563
95.40231,1,1458.065,787.1063,1459.634,788.2813
95.4101,1,1458.065,787.1063,1458.85,787.6937
95.42364,1,1455.378,785.4192,1457.114,786.5565
95.43482,1,1455.378,785.4192,1456.246,785.9878
95.44425,1,1455.378,785.4192,1455.812,785.7035
95.46145,1,1454.151,784.4965,1454.982,785.1
95.46803,1,1454.151,784.4965,1454.566,784.7982
95.4779,1,1454.151,784.4965,1454.359,784.6473
95.48889,1,1452.751,783.3668,1453.555,784.0071
95.50189,1,1452.751,783.3668,1453.153,783.6869
95.50975,1,1451.429,782.176,1452.291,782.9314
95.52436,1,1451.429,782.176,1451.86,782.5537
95.53674,1,1451.429,782.176,1451.645,782.3649
95.54719,1,1450.636,781.2809,1451.14,781.8229
95.55728,1,1450.636,781.2809,1450.888,781.5519
95.5685,1,1450.636,781.2809,1450.762,781.4164
95.58231,1,1449.419,780.0275,1450.091,780.7219
95.59004,1,1449.419,780.0275,1449.755,780.3747
95.60371,1,1447.789,778.5741,1448.772,779.4744
95.61176,1,1447.789,778.5741,1448.28,779.0242
95.62633,1,1447.789,778.5741,1448.034,778.7992
95.6347,1,1445.927,777.6636,1446.981,778.2314
95.64738,1,1445.927,777.6636,1446.454,777.9475
95.66043,1,1443.798,776.4764,1445.126,777.2119
95.67086,1,1443.798,776.4764,1444.462,776.8441
95.68335,1,1443.798,776.4764,1444.13,776.6603
95.69491,1,1441.563,775.2238,1442.846,775.942
95.70457,1,1441.563,775.2238,1442.204,775.5829
95.71885,1,1441.563,775.2238,1441.884,775.4033
95.73208,1,1439.614,773.9877,1440.749,774.6956
95.73991,1,1439.614,773.9877,1440.181,774.3417
95.75402,1,1437.677,772.4543,1438.929,773.398
95.76276,1,1437.677,772.4543,1438.303,772.9261
95.77551,1,1437.677,772.4543,1437.99,772.6902
95.78551,1,1435.264,771.0635,1436.627,771.8769
95.80077,1,1435.264,771.0635,1435.946,771.4702
95.80733,1,1435.264,771.0635,1435.605,771.2668
95.82005,1,1432.834,770.2124,1434.219,770.7396
95.83203,1,1432.834,770.2124,1433.527,770.476
95.84968,1,1430.576,769.2502,1432.051,769.8631
95.86291,1,1430.576,769.2502,1431.313,769.5566
95.8715,1,1429.09,767.7776,1430.202,768.6671
95.88461,1,1429.09,767.7776,1429.646,768.2224
95.89453,1,1429.09,767.7776,1429.368,768
95.90176,1,1427.358,766.5128,1428.363,767.2563
95.9171,1,1427.358,766.5128,1427.86,766.8845
95.923,1,1427.358,766.5128,1427.609,766.6986
95.93678,1,1425.945,765.6612,1426.777,766.1799
95.94858,1,1425.945,765.6612,1426.361,765.9205
95.95837,1,1425.945,765.6612,1426.153,765.7909
95.96803,1,1425.054,764.7451,1425.604,765.268
95.97905,1,1425.054,764.7451,1425.329,765.0066
95.98925,1,1425.054,764.7451,1425.191,764.8759
96.00543,1,1423.255,763.0726,1424.223,763.9742
96.01753,1,1423.255,763.0726,1423.739,763.5234
96.02638,1,1421.024,761.5302,1422.381,762.5269
96.03847,1,1421.024,761.5302,1421.702,762.0286
96.04861,1,1421.024,761.5302,1421.363,761.7794
96.06242,1,1418.887,760.5201,1420.125,761.1498
96.07089,1,1418.887,760.5201,1419.506,760.835
96.08546,1,1417.101,759.5189,1418.304,760.1769
96.09783,1,1417.101,759.5189,1417.703,759.8479
96.10916,1,1417.101,759.5189,1417.402,759.6834
96.12251,1,1415.338,758.5793,1416.37,759.1313
96.13366,1,1415.338,758.5793,1415.854,758.8553
96.1432,1,1413.925,757.1074,1414.889,757.9813
96.15738,1,1413.925,757.1074,1414.407,757.5443
96.16703,1,1413.925,757.1074,1414.166,757.3258
96.17797,1,1412.784,755.9977,1413.475,756.6617
96.19139,1,1412.784,755.9977,1413.13,756.3297
96.20232,1,1412.784,755.9977,1412.957,756.1637
96.2146,1,1411.322,755.5607,1412.139,755.8622
96.2233,1,1411.322,755.5607,1411.731,755.7114
96.23653,1,1409.873,754.5399,1410.802,755.1257
96.25056,1,1409.873,754.5399,1410.338,754.8328
96.25979,1,1409.873,754.5399,1410.105,754.6863
96.2705,1,1408.683,753.4924,1409.394,754.0894
96.28391,1,1408.683,753.4924,1409.039,753.7909
96.29613,1,1406.822,751.8797,1407.93,752.8353
96.30529,1,1406.822,751.8797,1407.376,752.3575
96.31806,1,1406.822,751.8797,1407.099,752.1187
96.32942,1,1404.969,749.9192,1406.034,751.0189
96.33833,1,1404.969,749.9192,1405.501,750.4691
96.3503,1,1404.969,749.9192,1405.235,750.1941
96.36328,1,1403.117,747.9775,1404.176,749.0858
96.37511,1,1403.117,747.9775,1403.647,748.5317
96.38493,1,1400.888,745.5147,1402.267,747.0232
96.39508,1,1400.888,745.5147,1401.578,746.2689
96.40533,1,1400.888,745.5147,1401.233,745.8918
96.42081,1,1398.642,743.3742,1399.938,744.6331
96.42731,1,1398.642,743.3742,1399.29,744.0037
96.4394,1,1398.642,743.3742,1398.966,743.689
96.4522,1,1396.306,741.0921,1397.636,742.3905
96.46169,1,1396.306,741.0921,1396.971,741.7413
96.47172,1,1396.306,741.0921,1396.639,741.4167
96.48643,1,1393.532,739.2168,1395.085,740.3168
96.49522,1,1393.532,739.2168,1394.309,739.7668
96.50753,1,1390.616,736.9069,1392.462,738.3369
96.5199,1,1390.616,736.9069,1391.539,737.6219
96.52875,1,1390.616,736.9069,1391.078,737.2644
96.54201,1,1387.833,734.2875,1389.455,735.7759
96.55454,1,1387.833,734.2875,1388.644,735.0317
96.56711,1,1384.767,731.8467,1386.706,733.4392
96.57623,1,1384.767,731.8467,1385.736,732.6429
96.58846,1,1384.767,731.8467,1385.252,732.2449
96.60153,1,1382.102,729.6117,1383.677,730.9283
96.60992,1,1382.102,729.6117,1382.89,730.27
96.62469,1,1382.102,729.6117,1382.496,729.9409
96.63443,1,1379.56,727.0817,1381.028,728.5113
96.64624,1,1379.56,727.0817,1380.294,727.7965
96.6571,1,1376.688,724.2018,1378.491,725.9991
96.66866,1,1376.688,724.2018,1377.589,725.1005
96.68013,1,1376.688,724.2018,1377.139,724.6511
96.69003,1,1374.772,722.1596,1375.955,723.4054
96.70413,1,1374.772,722.1596,1375.363,722.7825
96.71697,1,1374.772,722.1596,1375.067,722.4711
96.72478,1,1372.266,720.6563,1373.667,721.5637
96.73734,1,1372.266,720.6563,1372.967,721.11
96.74999,1,1369.725,719.1528,1371.346,720.1313
96.75942,1,1369.725,719.1528,1370.536,719.6421
96.76961,1,1369.725,719.1528,1370.13,719.3975
96.7849,1,1366.971,718.1013,1368.551,718.7494
96.79118,1,1366.971,718.1013,1367.761,718.4254
96.80445,1,1366.971,718.1013,1367.366,718.2633
96.82006,1,1339.251,670.9867,1353.309,694.625
96.82784,1,1339.251,670.9867,1346.28,682.8058
96.8403,1,1293.502,447.5659,1319.891,565.1859
96.85406,1,1293.502,447.5659,1306.696,506.3759
96.86192,1,1293.502,447.5659,1300.099,476.9709
96.87409,1,1264.993,254.1772,1282.546,365.5741
96.88488,1,1264.993,254.1772,1273.769,309.8756
96.89558,1,1264.993,254.1772,1269.381,282.0264
96.90515,1,1252.309,171.1969,1260.845,226.6117
96.91897,1,1252.309,171.1969,1256.577,198.9043
96.92606,1,1252.309,171.1969,1254.443,185.0506
96.93829,1,1245.164,134.852,1249.803,159.9513
96.95091,1,1245.164,134.852,1247.484,147.4016
96.96064,1,1238.577,120.5166,1243.03,133.9591
96.96973,1,1238.577,120.5166,1240.803,127.2378
96.98402,1,1238.577,120.5166,1239.69,123.8772
96.99129,1,1235.183,115.5225,1237.436,119.6998
97.00375,1,1235.183,115.5225,1236.31,117.6112
97.01644,1,1235.183,115.5225,1235.746,116.5668
97.02346,1,1239.849,106.9973,1237.797,111.7821
97.0367,1,1239.849,106.9973,1238.823,109.3897
97.04519,1,1239.849,106.9973,1239.336,108.1935
97.0597,1,1252.836,93.19575,1246.086,100.6946
97.06998,1,1252.836,93.19575,1249.461,96.94519
97.08109,1,1260.07,84.82139,1254.765,90.88329
97.0907,1,1260.07,84.82139,1257.417,87.85234
97.10271,1,1260.07,84.82139,1258.744,86.33687
97.11147,1,1264.911,77.82497,1261.827,82.08092
97.12553,1,1264.911,77.82497,1263.369,79.95294
97.1348,1,1264.911,77.82497,1264.14,78.88895
97.14509,1,1267.324,72.46152,1265.732,75.67524
97.15749,1,1267.324,72.46152,1266.528,74.06838
97.16695,1,1267.324,72.46152,1266.926,73.26495
97.17936,1,1269.098,90.55154,1268.012,81.90825
97.19034,1,1269.098,90.55154,1268.555,86.22989
97.20238,1,1272.963,150.2579,1270.759,118.2439
97.21356,1,1272.963,150.2579,1271.861,134.2509
97.22278,1,1272.963,150.2579,1272.412,142.2544
97.23443,1,1281.912,318.0728,1277.162,230.1636
97.24476,1,1281.912,318.0728,1279.537,274.1182
97.25634,1,1281.912,318.0728,1280.724,296.0955
97.26704,1,1287.644,439.0018,1284.184,367.5486
97.278,1,1287.644,439.0018,1285.914,403.2752
97.2878,1,1287.644,439.0018,1286.779,421.1385
97.30286,1,1291.038,505.8702,1288.909,463.5043
97.31016,1,1291.038,505.8702,1289.974,484.6873
97.31908,1,1291.038,505.8702,1290.506,495.2787
97.32877,1,1292.874,540.9957,1291.69,518.1372
97.34116,1,1292.874,540.9957,1292.282,529.5664
97.35089,1,1292.874,540.9957,1292.578,535.281
97.36671,1,1293.937,556.2665,1293.257,545.7738
97.37762,1,1293.937,556.2665,1293.597,551.0201
97.3857,1,1293.972,563.8688,1293.785,557.4445
97.39674,1,1293.972,563.8688,1293.878,560.6566
97.40673,1,1293.972,563.8688,1293.925,562.2627
97.4189,1,1294.377,567.0588,1294.151,564.6608
97.43018,1,1294.377,567.0588,1294.264,565.8597
97.4443,1,1293.213,569.5104,1293.738,567.6851
97.45015,1,1293.213,569.5104,1293.475,568.5978
97.46198,1,1293.213,569.5104,1293.344,569.0541
97.47456,1,1292.814,587.8055,1293.079,578.4298
97.48545,1,1292.814,587.8055,1292.946,583.1177
97.49598,1,1292.814,587.8055,1292.88,585.4615
97.50879,1,1291.861,606.1697,1292.37,595.8156
97.52055,1,1291.861,606.1697,1292.115,600.9927
97.53434,1,1289.988,620.4919,1291.052,610.7423
97.54043,1,1289.988,620.4919,1290.52,615.6171
97.55225,1,1289.988,620.4919,1290.254,618.0546
97.56635,1,1287.56,631.5798,1288.907,624.8172
97.58167,1,1287.56,631.5798,1288.234,628.1985
97.58744,1,1287.56,631.5798,1287.897,629.8892
97.59785,1,1286.594,637.7754,1287.245,633.8323
97.6062,1,1286.594,637.7754,1286.92,635.8038
97.61837,1,1286.594,637.7754,1286.757,636.7896
97.62772,1,1285.962,644.4373,1286.359,640.6134
97.64009,1,1285.962,644.4373,1286.161,642.5253
97.65077,1,1285.962,644.4373,1286.062,643.4813
97.66449,1,1285.159,649.1467,1285.61,646.314
97.67506,1,1285.159,649.1467,1285.385,647.7303
97.68607,1,1284.042,652.5223,1284.713,650.1263
97.69839,1,1284.042,652.5223,1284.378,651.3243
97.7095,1,1284.042,652.5223,1284.21,651.9233
97.72086,1,1282.735,655.0737,1283.472,653.4985
97.73153,1,1282.735,655.0737,1283.104,654.2861
97.74221,1,1282.735,655.0737,1282.919,654.6799
97.76814,1,1281.61,655.5443,1282.264,655.1121
97.77553,1,1280.687,655.7192,1281.476,655.4156
97.78299,1,1280.687,655.7192,1281.081,655.5674
97.7949,1,1280.687,655.7192,1280.884,655.6433
97.80386,1,1280.687,655.7192,1280.785,655.6813
97.81689,1,1279.646,655.3107,1280.216,655.496
97.82592,1,1279.646,655.3107,1279.931,655.4033
97.83872,1,1278.639,654.3172,1279.285,654.8602
97.84898,1,1278.639,654.3172,1278.962,654.5887
97.8619,1,1278.639,654.3172,1278.801,654.453
97.87082,1,1277.164,652.6652,1277.982,653.5591
97.88373,1,1277.164,652.6652,1277.573,653.1122
97.89451,1,1277.164,652.6652,1277.369,652.8887
97.90488,1,1275.405,651.3696,1276.387,652.1292
97.91814,1,1275.405,651.3696,1275.896,651.7494
97.92654,1,1273.458,649.8408,1274.677,650.7951
97.94121,1,1273.458,649.8408,1274.067,650.318
97.95538,1,1273.458,649.8408,1273.762,650.0794
97.96923,1,1271.326,647.2886,1272.544,648.684
97.97781,1,1271.326,647.2886,1271.935,647.9863
97.9846,1,1271.326,647.2886,1271.631,647.6375
98.00152,1,1269.155,644.9129,1270.393,646.2751
98.00863,1,1269.155,644.9129,1269.774,645.594
98.02011,1,1266.862,642.635,1268.318,644.1145
98.03658,1,1266.862,642.635,1267.59,643.3748
98.04486,1,1266.862,642.635,1267.226,643.0049
98.05472,1,1264.642,640.2988,1265.934,641.6519
98.06734,1,1264.642,640.2988,1265.288,640.9753
98.0761,1,1264.642,640.2988,1264.965,640.6371
98.08566,1,1262.563,638.379,1263.764,639.5081
98.09816,1,1262.563,638.379,1263.164,638.9435
98.10758,1,1260.585,636.7257,1261.874,637.8346
98.12022,1,1260.585,636.7257,1261.229,637.2802
98.1292,1,1260.585,636.7257,1260.907,637.0029
98.14469,1,1259.199,635.2835,1260.053,636.1432
98.15475,1,1259.199,635.2835,1259.626,635.7134
98.16476,1,1259.199,635.2835,1259.413,635.4984
98.17645,1,1257.469,634.4893,1258.441,634.9938
98.18754,1,1257.469,634.4893,1257.955,634.7416
98.19691,1,1257.469,634.4893,1257.712,634.6154
98.20784,1,1256.173,633.9223,1256.942,634.2689
98.22031,1,1256.173,633.9223,1256.558,634.0956
98.2292,1,1262.345,634.9275,1259.451,634.5115
98.24295,1,1262.345,634.9275,1260.898,634.7195
98.25379,1,1262.345,634.9275,1261.622,634.8235
98.26602,1,1280.785,638.9854,1271.203,636.9044
98.27756,1,1280.785,638.9854,1275.994,637.9449
98.28779,1,1312.239,646.218,1294.117,642.0814
98.30255,1,1312.239,646.218,1303.178,644.1497
98.31071,1,1312.239,646.218,1307.708,645.1838
98.32344,1,1345.816,654.5671,1326.762,649.8755
98.33399,1,1345.816,654.5671,1336.289,652.2213
98.34268,1,1345.816,654.5671,1341.053,653.3942
98.35559,1,1373.655,661.4631,1357.354,657.4287
98.36594,1,1373.655,661.4631,1365.504,659.4459
98.37858,1,1395.147,668.6323,1380.325,664.0391
98.38544,1,1395.147,668.6323,1387.736,666.3357
98.39558,1,1395.147,668.6323,1391.441,667.484
98.40945,1,1411.982,672.8749,1401.712,670.1794
98.42013,1,1411.982,672.8749,1406.847,671.5272
98.42924,1,1411.982,672.8749,1409.415,672.201
98.44186,1,1423.374,676.5328,1416.394,674.3669
98.45171,1,1423.374,676.5328,1419.884,675.4498
98.4639,1,1423.374,676.5328,1421.629,675.9913
98.48755,1,1432.053,680.2679,1426.841,678.1296
98.50115,1,1438.891,683.4092,1432.866,680.7694
98.50782,1,1438.891,683.4092,1435.878,682.0893
98.51543,1,1438.891,683.4092,1437.385,682.7493
98.52712,1,1438.891,683.4092,1438.138,683.0792
98.53872,1,1456.75,690.0916,1447.444,686.5854
98.54861,1,1456.75,690.0916,1452.097,688.3385
98.56268,1,1488.817,703.8192,1470.457,696.0789
98.57032,1,1488.817,703.8192,1479.637,699.949
98.58381,1,1488.817,703.8192,1484.227,701.8842
98.59412,1,1517.205,718.5613,1500.716,710.2228
98.60394,1,1517.205,718.5613,1508.961,714.3921
98.61552,1,1517.205,718.5613,1513.083,716.4767
98.62376,1,1540.489,729.3543,1526.786,722.9155
98.63763,1,1540.489,729.3543,1533.637,726.1349
98.6477,1,1540.489,729.3543,1537.063,727.7446
98.66004,1,1557.064,735.5018,1547.064,731.6232
98.67432,1,1557.064,735.5018,1552.064,733.5625
98.69864,1,1570.29,740.8837,1561.177,737.2231
98.70397,1,1570.29,740.8837,1565.734,739.0535
98.71444,1,1580.348,745.0081,1573.041,742.0308
98.72543,1,1580.348,745.0081,1576.694,743.5194
98.73579,1,1580.348,745.0081,1578.521,744.2637
98.74717,1,1588.574,747.2568,1583.548,745.7603
98.76031,1,1588.574,747.2568,1586.061,746.5085
98.77045,1,1588.574,747.2568,1587.318,746.8827
98.78368,1,1595.703,749.6019,1591.51,748.2423
98.79218,1,1595.703,749.6019,1593.606,748.9221
98.80427,1,1573.55,745.8972,1583.578,747.4097
98.81526,1,1573.55,745.8972,1578.564,746.6534
98.82401,1,1573.55,745.8972,1576.057,746.2753
98.83707,1,1510.323,727.96,1543.19,737.1177
98.84793,1,1510.323,727.96,1526.757,732.5388
98.85829,1,1510.323,727.96,1518.54,730.2494
98.86879,1,1335.282,670.3168,1426.911,700.2831
98.88195,1,1335.282,670.3168,1381.097,685.2999
98.89088,1,1335.282,670.3168,1358.19,677.8083
98.90376,1,1182.945,619.1288,1270.567,648.4686
98.91537,1,1182.945,619.1288,1226.756,633.7987
98.92548,1,1093.153,586.1818,1159.955,609.9902
98.9371,1,1093.153,586.1818,1126.554,598.0861
98.94787,1,1093.153,586.1818,1109.854,592.1339
98.96083,1,1046.036,569.9268,1077.945,581.0304
98.97057,1,1046.036,569.9268,1061.99,575.4786
98.9827,1,1018.996,562.4081,1040.493,568.9434
98.99419,1,1018.996,562.4081,1029.745,565.6757
99.01481,1,1004.964,557.5369,1017.354,561.6063
99.02317,1,1004.964,557.5369,1011.159,559.5716
99.02973,1,1004.964,557.5369,1008.062,558.5542
99.04065,1,1004.964,557.5369,1006.513,558.0455
99.05398,1,999.2979,555.3489,1002.905,556.6973
99.06383,1,999.2979,555.3489,1001.102,556.0231
99.07372,1,996.2687,554.5268,998.6852,555.2749
99.08453,1,996.2687,554.5268,997.4769,554.9009
99.09937,1,996.2687,554.5268,996.8728,554.7139
99.1088,1,993.6175,552.6705,995.2451,553.6922
99.12011,1,993.6175,552.6705,994.4313,553.1814
99.13355,1,991.7815,552.1064,993.1064,552.6439
99.14084,1,991.7815,552.1064,992.444,552.3752
99.15352,1,991.7815,552.1064,992.1127,552.2408
99.16501,1,1015.565,562.397,1003.839,557.3189
99.17513,1,1015.565,562.397,1009.702,559.8579
99.18466,1,1015.565,562.397,1012.633,561.1274
99.19675,1,1112.762,600.4073,1062.698,580.7673
99.20576,1,1112.762,600.4073,1087.73,590.5873
99.21815,1,1112.762,600.4073,1100.246,595.4973
99.22725,1,1289.763,669.4238,1195.004,632.4606
99.23899,1,1289.763,669.4238,1242.384,650.9422
99.24941,1,1289.763,669.4238,1266.073,660.183
99.26181,1,1417.594,719.9719,1341.834,690.0774
99.27126,1,1417.594,719.9719,1379.714,705.0247
99.28422,1,1417.594,719.9719,1398.654,712.4983
99.29206,1,1487.707,747.9025,1443.181,730.2004
99.3068,1,1487.707,747.9025,1465.444,739.0514
99.31834,1,1520.978,762.9743,1493.211,751.0128
99.32771,1,1520.978,762.9743,1507.094,756.9935
99.33908,1,1520.978,762.9743,1514.036,759.9839
99.35053,1,1540.368,771.2627,1527.202,765.6233
99.36102,1,1540.368,771.2627,1533.785,768.443
99.37123,1,1540.368,771.2627,1537.077,769.8528
99.38476,1,1551.847,776.624,1544.462,773.2384
99.39516,1,1551.847,776.624,1548.154,774.9312
99.40481,1,1551.847,776.624,1550.001,775.7776
99.41702,1,1558.796,781.6367,1554.398,778.7072
99.42686,1,1558.796,781.6367,1556.597,780.1719
99.43848,1,1563.339,784.9279,1559.968,782.5499
99.44896,1,1563.339,784.9279,1561.654,783.7389
99.46117,1,1563.339,784.9279,1562.497,784.3334
99.47023,1,1565.138,785.9684,1563.817,785.1509
99.48334,1,1565.138,785.9684,1564.478,785.5597
99.49146,1,1565.138,785.9684,1564.808,785.764
99.50439,1,1566.117,786.3835,1565.463,786.0737
99.51759,1,1566.117,786.3835,1565.79,786.2286
99.52325,1,1566.117,786.3835,1565.953,786.306
99.53551,1,1567.224,786.1318,1566.589,786.2189
99.54524,1,1567.224,786.1318,1566.907,786.1754
99.55814,1,1567.119,786.3344,1567.013,786.2549
99.56793,1,1567.119,786.3344,1567.066,786.2946
99.58008,1,1567.119,786.3344,1567.093,786.3145
99.58907,1,1566.869,785.4237,1566.981,785.8691
99.60193,1,1566.869,785.4237,1566.925,785.6464
99.61127,1,1566.869,785.4237,1566.897,785.535
99.62659,1,1566.832,784.5922,1566.864,785.0636
99.63518,1,1566.832,784.5922,1566.848,784.8279
99.64432,1,1566.832,784.5922,1566.84,784.7101
99.65974,1,1566.581,783.8402,1566.71,784.2751
99.66798,1,1566.581,783.8402,1566.646,784.0577
99.67977,1,1566.711,783.4892,1566.678,783.7734
99.69347,1,1566.711,783.4892,1566.694,783.6313
99.70126,1,1566.711,783.4892,1566.702,783.5603
99.71149,1,1566.616,783.2434,1566.659,783.4019
99.72579,1,1566.616,783.2434,1566.637,783.3226
99.73714,1,1566.616,783.2434,1566.626,783.283
99.74666,1,1566.193,783.0156,1566.41,783.1493
99.75745,1,1566.193,783.0156,1566.302,783.0824
99.7675,1,1566.193,783.0156,1566.247,783.049
99.78306,1,1565.696,782.4673,1565.971,782.7581
99.78977,1,1565.696,782.4673,1565.833,782.6127
99.80175,1,1565.44,782.0904,1565.637,782.3516
99.81496,1,1565.44,782.0904,1565.538,782.2209
99.82296,1,1565.44,782.0904,1565.489,782.1556
99.8355,1,1565.067,781.8681,1565.278,782.0118
99.84792,1,1565.067,781.8681,1565.172,781.9399
99.8595,1,1564.556,781.5349,1564.864,781.7374
99.86797,1,1564.556,781.5349,1564.71,781.6362
99.87983,1,1564.556,781.5349,1564.633,781.5856
99.89194,1,1563.961,781.2628,1564.297,781.4242
99.90253,1,1563.961,781.2628,1564.129,781.3435
99.91088,1,1563.961,781.2628,1564.045,781.3032
99.92478,1,1565.171,777.5856,1564.608,779.4443
99.93771,1,1565.171,777.5856,1564.889,778.515
99.94473,1,1565.171,777.5856,1565.03,778.0503
99.95869,1,1566.643,770.4874,1565.837,774.2689
99.96802,1,1566.643,770.4874,1566.24,772.3782
99.97958,1,1566.643,770.4874,1566.442,771.4328
99.98967,1,1568.496,762.9206,1567.469,767.1767
100.0012,1,1568.496,762.9206,1567.982,765.0486
100.0137,1,1570.271,755.0167,1569.127,760.0327
100.0223,1,1570.271,755.0167,1569.699,757.5247
100.0338,1,1570.271,755.0167,1569.985,756.2708
100.0669,1,1572.048,748.3021,1571.017,752.2864
100.0802,1,1574.178,743.0179,1572.597,747.6522
100.0879,1,1574.178,743.0179,1573.387,745.3351
100.0957,1,1574.178,743.0179,1573.783,744.1765
100.1046,1,1575.329,739.5792,1574.556,741.8778
100.1175,1,1575.329,739.5792,1574.943,740.7285
100.1291,1,1575.329,739.5792,1575.136,740.1538
100.1409,1,1575.871,736.7303,1575.504,738.4421
100.1511,1,1575.871,736.7303,1575.688,737.5862
100.1629,1,1575.494,734.1033,1575.591,735.8447
100.1704,1,1575.494,734.1033,1575.542,734.974
100.1834,1,1575.494,734.1033,1575.518,734.5386
100.1943,1,1574.214,731.7772,1574.866,733.158
100.2019,1,1574.214,731.7772,1574.54,732.4676
100.2176,1,1574.214,731.7772,1574.377,732.1224
100.2262,1,1573.444,729.4092,1573.911,730.7658
100.2388,1,1573.444,729.4092,1573.677,730.0875
100.2518,1,1571.859,725.8155,1572.768,727.9515
100.2625,1,1571.859,725.8155,1572.314,726.8835
100.27,1,1571.859,725.8155,1572.086,726.3495
100.2835,1,1570.5,722.6815,1571.293,724.5155
100.2906,1,1570.5,722.6815,1570.896,723.5985
100.3037,1,1570.5,722.6815,1570.698,723.14
100.3119,1,1569.123,720.2661,1569.91,721.703
100.3252,1,1569.123,720.2661,1569.517,720.9845
100.3367,1,1569.123,720.2661,1569.32,720.6252
100.3455,1,1567.857,717.3572,1568.589,718.9912
100.3581,1,1567.857,717.3572,1568.223,718.1742
100.3684,1,1567.857,717.3572,1568.04,717.7657
100.3816,1,1566.897,714.4671,1567.469,716.1165
100.3935,1,1566.897,714.4671,1567.183,715.2917
100.4028,1,1566.072,711.6508,1566.628,713.4713
100.4178,1,1566.072,711.6508,1566.35,712.561
100.4242,1,1566.072,711.6508,1566.211,712.106
100.4363,1,1564.808,709.3895,1565.51,710.7477
100.4481,1,1564.808,709.3895,1565.159,710.0686
100.4594,1,1564.808,709.3895,1564.983,709.7291
100.4697,1,1564.47,707.8575,1564.727,708.7933
100.4847,1,1564.47,707.8575,1564.599,708.3254
100.4904,1,1564.47,707.8575,1564.534,708.0914
100.5036,1,1564.31,706.8652,1564.422,707.4783
100.5149,1,1564.31,706.8652,1564.366,707.1718
100.5258,1,1564.086,706.932,1564.226,707.0519
100.5393,1,1564.086,706.932,1564.156,706.9919
100.5501,1,1564.086,706.932,1564.121,706.962
100.5594,1,1563.919,706.8817,1564.02,706.9218
100.5696,1,1563.919,706.8817,1563.969,706.9017
100.583,1,1563.919,706.8817,1563.944,706.8917
100.5898,1,1563.102,706.6368,1563.523,706.7643
100.6029,1,1563.102,706.6368,1563.312,706.7006
100.6108,1,1563.102,706.6368,1563.207,706.6687
100.6247,1,1561.995,706.2627,1562.601,706.4657
100.6361,1,1561.995,706.2627,1562.298,706.3642
100.6483,1,1561.068,705.9025,1561.683,706.1333
100.6604,1,1561.068,705.9025,1561.376,706.0179
100.67,1,1561.068,705.9025,1561.222,705.9602
100.6824,1,1560.357,705.7343,1560.789,705.8473
100.6912,1,1560.357,705.7343,1560.573,705.7908
100.7024,1,1560.357,705.7343,1560.465,705.7626
100.7149,1,1559.766,705.5011,1560.115,705.6318
100.7231,1,1559.766,705.5011,1559.941,705.5665
100.7348,1,1559.145,705.0017,1559.543,705.2841
100.7451,1,1559.145,705.0017,1559.344,705.1429
100.7569,1,1559.145,705.0017,1559.245,705.0723
100.7663,1,1558.465,704.1522,1558.855,704.6122
100.778,1,1558.465,704.1522,1558.66,704.3822
100.7873,1,1558.465,704.1522,1558.563,704.2672
100.8007,1,1557.744,703.1074,1558.153,703.6873
100.8125,1,1557.744,703.1074,1557.948,703.3973
100.8229,1,1557.744,703.1074,1557.846,703.2524
100.8365,1,1557.439,702.915,1557.642,703.0837
100.8454,1,1557.439,702.915,1557.541,702.9994
100.8565,1,1556.92,702.6578,1557.23,702.8286
100.8685,1,1556.92,702.6578,1557.075,702.7432
100.8785,1,1556.92,702.6578,1556.997,702.7006
100.8881,1,1556.317,702.7621,1556.657,702.7313
100.9009,1,1556.317,702.7621,1556.487,702.7467
100.9118,1,1556.317,702.7621,1556.402,702.7544
100.9249,1,1555.662,702.6901,1556.032,702.7222
100.9357,1,1555.662,702.6901,1555.847,702.7062
100.9468,1,1554.948,701.9356,1555.398,702.3209
100.9578,1,1554.948,701.9356,1555.173,702.1283
100.9682,1,1554.948,701.9356,1555.061,702.032
100.9807,1,1554.046,700.9758,1554.554,701.5039
100.9903,1,1554.046,700.9758,1554.3,701.2399
101.004,1,1554.046,700.9758,1554.173,701.1078
101.0151,1,1553.252,699.6064,1553.712,700.3572
101.0233,1,1553.252,699.6064,1553.482,699.9818
101.0383,1,1552.518,698.3865,1553,699.1841
101.0482,1,1552.518,698.3865,1552.759,698.7853
101.0586,1,1552.518,698.3865,1552.638,698.5859
101.0697,1,1551.321,697.2963,1551.98,697.9411
101.0816,1,1551.321,697.2963,1551.651,697.6187
101.09,1,1551.321,697.2963,1551.486,697.4575
101.1039,1,1549.834,695.8726,1550.66,696.665
101.1149,1,1549.834,695.8726,1550.247,696.2688
101.1246,1,1549.834,695.8726,1550.04,696.0707
101.1376,1,1548.728,694.0218,1549.384,695.0463
101.148,1,1548.728,694.0218,1549.056,694.5341
101.1584,1,1547.133,692.3156,1548.095,693.4248
101.1683,1,1547.133,692.3156,1547.614,692.8702
101.18,1,1547.133,692.3156,1547.374,692.5929
101.1897,1,1545.479,691.4662,1546.427,692.0295
101.2038,1,1545.479,691.4662,1545.953,691.7479
101.212,1,1545.479,691.4662,1545.716,691.6071
101.2242,1,1542.935,688.2057,1544.326,689.9064
101.2361,1,1542.935,688.2057,1543.63,689.056
101.2451,1,1542.935,688.2057,1543.283,688.6309
101.2583,1,1539.107,684.5487,1541.195,686.5898
101.2734,1,1539.107,684.5487,1540.151,685.5692
101.282,1,1535.417,681.1322,1537.784,683.3507
101.2938,1,1535.417,681.1322,1536.6,682.2415
101.304,1,1535.417,681.1322,1536.009,681.6868
101.3166,1,1531.606,677.9963,1533.807,679.8416
101.3255,1,1531.606,677.9963,1532.707,678.9189
101.3407,1,1528.413,674.1436,1530.56,676.5313
101.3499,1,1528.413,674.1436,1529.486,675.3374
101.3647,1,1528.413,674.1436,1528.949,674.7405
101.3746,1,1524.792,670.5225,1526.871,672.6315
101.3843,1,1524.792,670.5225,1525.831,671.577
101.3985,1,1524.792,670.5225,1525.312,671.0497
101.407,1,1521.539,668.1224,1523.425,669.5861
101.4195,1,1521.539,668.1224,1522.482,668.8542
101.4294,1,1521.539,668.1224,1522.01,668.4883
101.4424,1,1518.041,665.3615,1520.026,666.9249
101.4511,1,1518.041,665.3615,1519.033,666.1432
101.4624,1,1514.481,662.9791,1516.757,664.5612
101.4739,1,1514.481,662.9791,1515.619,663.7701
101.4864,1,1514.481,662.9791,1515.05,663.3746
101.4978,1,1511.886,662.1475,1513.468,662.7611
101.5079,1,1511.886,662.1475,1512.677,662.4543
101.52,1,1511.886,662.1475,1512.281,662.3009
101.5307,1,1509.327,660.0958,1510.804,661.1984
101.542,1,1509.327,660.0958,1510.065,660.6471
101.5518,1,1506.847,657.9886,1508.456,659.3179
101.5659,1,1506.847,657.9886,1507.652,658.6532
101.5748,1,1506.847,657.9886,1507.25,658.3209
101.5856,1,1504.775,655.9173,1506.012,657.1191
101.5992,1,1504.775,655.9173,1505.393,656.5182
101.608,1,1504.775,655.9173,1505.084,656.2178
101.6195,1,1503.742,654.8723,1504.413,655.545
101.6305,1,1503.742,654.8723,1504.077,655.2086
101.6415,1,1503.001,653.4859,1503.539,654.3473
101.6518,1,1503.001,653.4859,1503.27,653.9166
101.6653,1,1503.001,653.4859,1503.135,653.7013
101.6738,1,1502.427,652.3586,1502.781,653.0299
101.6847,1,1502.427,652.3586,1502.604,652.6942
101.6973,1,1502.427,652.3586,1502.516,652.5264
101.7082,1,1501.049,650.9103,1501.783,651.7183
101.7204,1,1501.049,650.9103,1501.416,651.3143
101.7305,1,1501.049,650.9103,1501.233,651.1123
101.7443,1,1499.911,650.1068,1500.572,650.6096
101.7533,1,1499.911,650.1068,1500.242,650.3582
101.764,1,1498.619,649.23,1499.43,649.7941
101.7761,1,1498.619,649.23,1499.024,649.512
101.7855,1,1498.619,649.23,1498.822,649.371
101.8,1,1496.954,647.9551,1497.888,648.663
101.8099,1,1496.954,647.9551,1497.421,648.3091
101.82,1,1496.954,647.9551,1497.188,648.1321
101.8321,1,1495.158,646.7788,1496.173,647.4554
101.8419,1,1495.158,646.7788,1495.666,647.1171
101.8517,1,1495.158,646.7788,1495.412,646.948
101.8656,1,1493.642,645.4456,1494.527,646.1968
101.8791,1,1493.642,645.4456,1494.084,645.8212
101.8849,1,1491.91,643.5517,1492.997,644.6864
101.8965,1,1491.91,643.5517,1492.454,644.119
101.9047,1,1491.91,643.5517,1492.182,643.8353
101.9169,1,1489.784,641.1722,1490.983,642.5038
101.9266,1,1489.784,641.1722,1490.384,641.838
101.9424,1,1489.784,641.1722,1490.084,641.5051
101.9581,1,1487.756,639.5071,1488.92,640.5061
101.9666,1,1487.756,639.5071,1488.338,640.0066
101.9721,1,1487.756,639.5071,1488.047,639.7568
101.9849,1,1486.026,637.9669,1487.036,638.8619
101.996,1,1486.026,637.9669,1486.531,638.4144
102.0066,1,1484.334,636.1829,1485.433,637.2986
102.0216,1,1484.334,636.1829,1484.884,636.7407
102.0336,1,1484.334,636.1829,1484.609,636.4618
102.0412,1,1482.026,634.1592,1483.317,635.3105
102.0535,1,1482.026,634.1592,1482.671,634.7349
102.0654,1,1479.702,632.3532,1481.187,633.5441
102.0754,1,1479.702,632.3532,1480.444,632.9486
102.0856,1,1479.702,632.3532,1480.073,632.6509
102.1009,1,1478.509,631.1375,1479.291,631.8942
102.109,1,1478.509,631.1375,1478.9,631.5159
102.1193,1,1478.509,631.1375,1478.705,631.3267
102.1314,1,1477.728,629.6322,1478.216,630.4794
102.1439,1,1477.728,629.6322,1477.972,630.0558
102.1536,1,1477.728,629.6322,1477.85,629.844
102.1653,1,1475.036,626.1244,1476.443,627.9842
102.1785,1,1475.036,626.1244,1475.74,627.0543
102.1871,1,1472.12,621.8737,1473.93,624.464
102.2005,1,1472.12,621.8737,1473.025,623.1688
102.2089,1,1472.12,621.8737,1472.573,622.5212
102.2231,1,1468.786,618.165,1470.68,620.3431
102.2346,1,1468.786,618.165,1469.733,619.2541
102.2415,1,1468.786,618.165,1469.26,618.7096
102.2555,1,1466.147,613.8055,1467.703,616.2576
102.2656,1,1466.147,613.8055,1466.925,615.0316
102.277,1,1463.929,610.0713,1465.427,612.5514
102.2895,1,1463.929,610.0713,1464.678,611.3113
102.3014,1,1463.929,610.0713,1464.303,610.6913
102.3099,1,1462.198,607.0045,1463.251,608.8479
102.3219,1,1462.198,607.0045,1462.725,607.9261
102.3354,1,1462.198,607.0045,1462.462,607.4653
102.343,1,1460.426,604.8439,1461.444,606.1547
102.3549,1,1460.426,604.8439,1460.935,605.4993
102.3664,1,1458.748,603.6719,1459.842,604.5856
102.3784,1,1458.748,603.6719,1459.295,604.1288
102.3883,1,1458.748,603.6719,1459.022,603.9004
102.4014,1,1457.454,602.7235,1458.238,603.312
102.4133,1,1457.454,602.7235,1457.846,603.0177
102.4239,1,1457.454,602.7235,1457.65,602.8706
102.4361,1,1456.192,602.5266,1456.921,602.6986
102.4476,1,1456.192,602.5266,1456.556,602.6125
102.4596,1,1455.333,603.301,1455.945,602.9568
102.4686,1,1455.333,603.301,1455.639,603.1289
102.4812,1,1455.333,603.301,1455.486,603.215
102.4904,1,1454.567,604.8829,1455.027,604.049
102.5025,1,1454.567,604.8829,1454.797,604.4659
102.5114,1,1454.567,604.8829,1454.682,604.6744
102.5245,1,1453.952,606.3217,1454.317,605.498
102.5341,1,1453.952,606.3217,1454.134,605.9099
102.5435,1,1453.952,606.3217,1454.043,606.1158
102.5556,1,1453.29,607.558,1453.666,606.8369
102.5677,1,1453.29,607.558,1453.478,607.1975
102.5792,1,1452.079,609.4316,1452.779,608.3146
102.5899,1,1452.079,609.4316,1452.429,608.8731
102.6018,1,1452.079,609.4316,1452.254,609.1523
102.6136,1,1450.782,611.9331,1451.518,610.5427
102.6248,1,1450.782,611.9331,1451.15,611.2379
102.6354,1,1450.782,611.9331,1450.966,611.5855
102.6463,1,1449.349,614.9077,1450.158,613.2466
102.6597,1,1449.349,614.9077,1449.753,614.0771
102.669,1,1447.756,617.929,1448.755,616.0031
102.6813,1,1447.756,617.929,1448.256,616.9661
102.6917,1,1447.756,617.929,1448.006,617.4475
102.7023,1,1446.05,620.9737,1447.028,619.2106
102.711,1,1446.05,620.9737,1446.539,620.0922
102.7233,1,1446.05,620.9737,1446.295,620.533
102.7341,1,1444.216,623.7241,1445.255,622.1285
102.7416,1,1444.216,623.7241,1444.736,622.9263
102.7547,1,1444.216,623.7241,1444.476,623.3252
102.7665,1,1442.335,626.9324,1443.406,625.1288
102.7777,1,1442.335,626.9324,1442.871,626.0306
102.7864,1,1442.335,626.9324,1442.603,626.4814
102.7999,1,1440.77,630.0994,1441.687,628.2904
102.8081,1,1440.77,630.0994,1441.228,629.1949
102.8209,1,1438.873,634.6057,1440.051,631.9003
102.8341,1,1438.873,634.6057,1439.462,633.2529
102.844,1,1438.873,634.6057,1439.167,633.9293
102.8553,1,1433.501,639.3436,1436.334,636.6365
102.8661,1,1433.501,639.3436,1434.918,637.9901
102.8778,1,1354.963,666.4327,1394.94,652.2114
102.8892,1,1354.963,666.4327,1374.951,659.322
102.9004,1,1354.963,666.4327,1364.957,662.8773
102.9094,1,1066.498,753.0982,1215.728,707.9878
102.9222,1,1066.498,753.0982,1141.113,730.543
102.9336,1,1066.498,753.0982,1103.805,741.8206
102.9439,1,820.9968,816.9036,962.4011,779.3621
102.9573,1,820.9968,816.9036,891.699,798.1328
102.9676,1,820.9968,816.9036,856.3479,807.5182
102.9795,1,701.5139,848.5028,778.9309,828.0105
102.9896,1,701.5139,848.5028,740.2224,838.2567
103.0012,1,647.9448,864.2098,694.0836,851.2333
103.0098,1,647.9448,864.2098,671.0142,857.7216
103.022,1,647.9448,864.2098,659.4795,860.9657
103.0336,1,623.3012,871.9849,641.3904,866.4753
103.0415,1,623.3012,871.9849,632.3458,869.2301
103.0524,1,623.3012,871.9849,627.8235,870.6075
103.0648,1,586.2084,869.988,607.0159,870.2977
103.074,1,586.2084,869.988,596.6122,870.1428
103.0853,1,586.2084,869.988,591.4103,870.0654
103.1006,1,552.4749,869.3412,571.9426,869.7033
103.1089,1,552.4749,869.3412,562.2087,869.5222
103.122,1,534.7256,870.8093,548.4672,870.1658
103.1318,1,534.7256,870.8093,541.5964,870.4875
103.1427,1,534.7256,870.8093,538.161,870.6484
103.1556,1,525.4102,869.5054,531.7856,870.0769
103.1644,1,525.4102,869.5054,528.5979,869.7911
103.1747,1,525.4102,869.5054,527.004,869.6483
103.1859,1,553.2966,872.4454,540.1503,871.0469
103.1975,1,553.2966,872.4454,546.7235,871.7462
103.206,1,553.2966,872.4454,550.0101,872.0958
103.221,1,599.8392,874.0571,574.9247,873.0764
103.2306,1,599.8392,874.0571,587.382,873.5668
103.2445,1,684.7029,865.7635,636.0425,869.6652
103.2516,1,684.7029,865.7635,660.3727,867.7144
103.2622,1,684.7029,865.7635,672.5378,866.7389
103.2772,1,876.0853,835.104,774.3116,850.9214
103.2846,1,876.0853,835.104,825.1985,843.0127
103.2957,1,876.0853,835.104,850.6419,839.0583
103.3063,1,1045.25,807.0841,947.946,823.0712
103.3198,1,1045.25,807.0841,996.5981,815.0776
103.3314,1,1045.25,807.0841,1020.924,811.0809
103.3404,1,1168.408,766.4356,1094.666,788.7582
103.3537,1,1168.408,766.4356,1131.537,777.5969
103.363,1,1245.923,739.7767,1188.73,758.6868
103.3755,1,1245.923,739.7767,1217.326,749.2317
103.3867,1,1245.923,739.7767,1231.625,744.5042
103.3974,1,1288.134,729.1037,1259.879,736.804
103.4067,1,1288.134,729.1037,1274.007,732.9539
103.422,1,1288.134,729.1037,1281.07,731.0288
103.4347,1,1307.406,725.3177,1294.238,728.1732
103.4436,1,1307.406,725.3177,1300.823,726.7455
103.4555,1,1314.895,721.3585,1307.859,724.052
103.4653,1,1314.895,721.3585,1311.377,722.7053
103.4885,1,1320.353,718.7252,1315.865,720.7152
103.4975,1,1320.353,718.7252,1318.109,719.7202
103.5043,1,1320.353,718.7252,1319.231,719.2227
103.5123,1,1320.353,718.7252,1319.792,718.9739
103.5255,1,1324.358,717.1741,1322.075,718.074
103.537,1,1324.358,717.1741,1323.216,717.624
103.5461,1,1327.559,715.2981,1325.387,716.4611
103.5582,1,1327.559,715.2981,1326.473,715.8796
103.5701,1,1327.559,715.2981,1327.016,715.5889
103.5843,1,1336.586,709.3541,1331.801,712.4714
103.5941,1,1336.586,709.3541,1334.193,710.9127
103.6025,1,1336.586,709.3541,1335.39,710.1334
103.6135,1,1348.82,702.3223,1342.105,706.2278
103.6235,1,1348.82,702.3223,1345.462,704.275
103.6362,1,1357.631,695.407,1351.547,699.8411
103.6448,1,1357.631,695.407,1354.589,697.624
103.6608,1,1357.631,695.407,1356.11,696.5155
103.6715,1,1364.335,691.5465,1360.222,694.031
103.6815,1,1364.335,691.5465,1362.279,692.7888
103.6903,1,1364.335,691.5465,1363.307,692.1676
103.7046,1,1369.534,688.7661,1366.42,690.4669
103.7154,1,1369.534,688.7661,1367.977,689.6165
103.7245,1,1369.534,688.7661,1368.755,689.1913
103.7372,1,1373.818,686.8469,1371.287,688.0191
103.7456,1,1373.818,686.8469,1372.552,687.433
103.7584,1,1376.97,684.6093,1374.761,686.0211
103.7692,1,1376.97,684.6093,1375.865,685.3152
103.7798,1,1376.97,684.6093,1376.418,684.9622
103.7915,1,1377.673,683.8367,1377.045,684.3994
103.8029,1,1377.673,683.8367,1377.359,684.118
103.8146,1,1377.673,683.8367,1377.516,683.9774
103.8247,1,1375.434,682.8338,1376.475,683.4056
103.8382,1,1375.434,682.8338,1375.955,683.1197
103.8484,1,1373.466,683.2249,1374.71,683.1722
103.8588,1,1373.466,683.2249,1374.088,683.1985
103.8691,1,1373.466,683.2249,1373.777,683.2117
103.8833,1,1371.676,683.3533,1372.726,683.2825
103.8906,1,1371.676,683.3533,1372.201,683.3179
103.9023,1,1371.676,683.3533,1371.938,683.3356
103.9106,1,1369.901,683.3818,1370.92,683.3587
103.9238,1,1369.901,683.3818,1370.41,683.3702
103.9372,1,1368.927,683.7403,1369.668,683.5553
103.9487,1,1368.927,683.7403,1369.298,683.6478
103.9581,1,1368.927,683.7403,1369.112,683.6941
103.9689,1,1368.23,683.9204,1368.671,683.8073
103.9812,1,1368.23,683.9204,1368.45,683.8638
103.9899,1,1368.23,683.9204,1368.34,683.8921
104.0021,1,1367.523,684.29,1367.931,684.0911
104.0117,1,1367.523,684.29,1367.727,684.1906
104.032,1,1367.085,685.0164,1367.406,684.6035
104.0385,1,1367.085,685.0164,1367.246,684.8099
104.0455,1,1367.085,685.0164,1367.165,684.9132
104.0567,1,1367.085,685.0164,1367.125,684.9648
104.0684,1,1366.128,685.4213,1366.626,685.1931
104.0795,1,1366.128,685.4213,1366.377,685.3071
104.0893,1,1365.082,685.8509,1365.73,685.579
104.1035,1,1365.082,685.8509,1365.406,685.715
104.1112,1,1365.082,685.8509,1365.244,685.783
104.1238,1,1363.779,687.2957,1364.512,686.5393
104.1347,1,1363.779,687.2957,1364.145,686.9175
104.1454,1,1363.779,687.2957,1363.962,687.1066
104.1575,1,1362.67,689.8413,1363.316,688.4739
104.1665,1,1362.67,689.8413,1362.993,689.1576
104.1806,1,1361.878,691.7747,1362.436,690.4661
104.1889,1,1361.878,691.7747,1362.157,691.1204
104.202,1,1361.878,691.7747,1362.018,691.4475
104.2118,1,1361.431,693.7635,1361.724,692.6055
104.2228,1,1361.431,693.7635,1361.577,693.1846
104.2347,1,1361.431,693.7635,1361.504,693.4741
104.2439,1,1360.499,696.7716,1361.002,695.1228
104.2555,1,1360.499,696.7716,1360.75,695.9472
104.2679,1,1360.499,696.7716,1360.625,696.3594
104.2766,1,1359.458,699.8473,1360.042,698.1033
104.2865,1,1359.458,699.8473,1359.75,698.9753
104.3018,1,1357.887,703.0782,1358.818,701.0268
104.3079,1,1357.887,703.0782,1358.353,702.0525
104.3207,1,1357.887,703.0782,1358.12,702.5654
104.3342,1,1356.194,707.1238,1357.157,704.8446
104.3432,1,1356.194,707.1238,1356.676,705.9842
104.3539,1,1356.194,707.1238,1356.435,706.554
104.3655,1,1355.979,711.8679,1356.207,709.2109
104.3791,1,1355.979,711.8679,1356.093,710.5394
104.388,1,1355.979,711.8679,1356.036,711.2036
104.3989,1,1355.099,715.4332,1355.568,713.3184
104.4112,1,1355.099,715.4332,1355.333,714.3757
104.4213,1,1354.249,717.9158,1354.791,716.1458
104.4315,1,1354.249,717.9158,1354.52,717.0308
104.444,1,1354.249,717.9158,1354.385,717.4733
104.4533,1,1352.75,720.8624,1353.567,719.1678
104.4645,1,1352.75,720.8624,1353.159,720.0151
104.475,1,1352.75,720.8624,1352.954,720.4387
104.4844,1,1349.452,723.6785,1351.203,722.0586
104.499,1,1349.452,723.6785,1350.327,722.8685
104.5044,1,1349.452,723.6785,1349.89,723.2736
104.5183,1,1344.732,725.5144,1347.311,724.394
104.5292,1,1344.732,725.5144,1346.021,724.9542
104.5397,1,1344.732,725.5144,1345.377,725.2343
104.5502,1,1340.587,727.1351,1342.982,726.1847
104.5616,1,1340.587,727.1351,1341.785,726.6599
104.5714,1,1336.622,729.2128,1339.203,727.9363
104.585,1,1336.622,729.2128,1337.912,728.5746
104.5942,1,1336.622,729.2128,1337.267,728.8937
104.6073,1,1333.074,730.9728,1335.17,729.9332
104.6188,1,1333.074,730.9728,1334.122,730.453
104.6265,1,1333.074,730.9728,1333.598,730.7129
104.6422,1,1329.435,732.7628,1331.517,731.7378
104.6502,1,1329.435,732.7628,1330.476,732.2502
104.6608,1,1329.435,732.7628,1329.956,732.5065
104.6755,1,1325.899,734.6523,1327.927,733.5793
104.6856,1,1325.899,734.6523,1326.913,734.1158
104.6961,1,1322.553,736.4042,1324.733,735.26
104.7061,1,1322.553,736.4042,1323.643,735.8321
104.7196,1,1322.553,736.4042,1323.098,736.1182
104.7288,1,1321.198,738.2817,1322.148,737.2
104.7397,1,1321.198,738.2817,1321.673,737.7408
104.7495,1,1321.198,738.2817,1321.436,738.0113
104.7634,1,1320.447,740.6616,1320.942,739.3364
104.7719,1,1320.447,740.6616,1320.695,739.999
104.785,1,1318.568,742.1793,1319.631,741.0892
104.8074,1,1318.568,742.1793,1319.1,741.6343
104.8159,1,1315.839,744.0113,1317.469,742.8228
104.8229,1,1315.839,744.0113,1316.654,743.417
104.8391,1,1315.839,744.0113,1316.247,743.7141
104.8467,1,1313.337,745.1066,1314.792,744.4104
104.8557,1,1313.337,745.1066,1314.064,744.7585
104.8685,1,1313.337,745.1066,1313.7,744.9326
104.8821,1,1312.182,746.2529,1312.941,745.5928
104.8901,1,1312.182,746.2529,1312.562,745.9229
104.9055,1,1311.128,747.5661,1311.845,746.7445
104.9146,1,1311.128,747.5661,1311.486,747.1553
104.924,1,1311.128,747.5661,1311.307,747.3607
104.9378,1,1309.742,748.8688,1310.525,748.1147
104.9466,1,1309.742,748.8688,1310.133,748.4918
104.9585,1,1309.742,748.8688,1309.938,748.6803
104.9712,1,1308.734,749.3018,1309.336,748.991
104.9834,1,1308.734,749.3018,1309.035,749.1464
104.9935,1,1308.734,749.3018,1308.885,749.2241
105.0044,1,1307.85,749.6284,1308.367,749.4262
105.0164,1,1307.85,749.6284,1308.109,749.5273
105.0269,1,1306.65,749.6591,1307.379,749.5932
105.0391,1,1306.65,749.6591,1307.015,749.6262
105.0498,1,1306.65,749.6591,1306.832,749.6426
105.0603,1,1305.335,749.5817,1306.083,749.6122
105.0707,1,1305.335,749.5817,1305.709,749.5969
105.0833,1,1305.335,749.5817,1305.522,749.5893
105.0915,1,1303.673,750.0871,1304.597,749.8382
105.1043,1,1303.673,750.0871,1304.135,749.9626
105.1153,1,1301.959,751.0289,1303.047,750.4958
105.1258,1,1301.959,751.0289,1302.503,750.7623
105.1433,1,1301.959,751.0289,1302.231,750.8956
105.1504,1,1300.387,751.5298,1301.309,751.2128
105.1617,1,1300.387,751.5298,1300.848,751.3713
105.172,1,1300.387,751.5298,1300.617,751.4506
105.182,1,1298.79,752.2726,1299.704,751.8616
105.1952,1,1298.79,752.2726,1299.247,752.0671
105.2042,1,1298.79,752.2726,1299.018,752.1698
105.2182,1,1297.056,752.9088,1298.037,752.5393
105.226,1,1297.056,752.9088,1297.547,752.724
105.2375,1,1295.503,753.5432,1296.525,753.1336
105.2453,1,1295.503,753.5432,1296.014,753.3384
105.2599,1,1295.503,753.5432,1295.759,753.4408
105.2694,1,1294.195,754.4933,1294.977,753.967
105.2825,1,1294.195,754.4933,1294.586,754.2302
105.2905,1,1294.195,754.4933,1294.391,754.3617
105.3029,1,1293.102,754.7963,1293.746,754.579
105.3162,1,1293.102,754.7963,1293.424,754.6876
105.3273,1,1292.476,755.4487,1292.95,755.0682
105.3374,1,1292.476,755.4487,1292.713,755.2584
105.349,1,1292.476,755.4487,1292.594,755.3536
105.3597,1,1292.089,755.8543,1292.342,755.6039
105.3682,1,1292.089,755.8543,1292.215,755.7291
105.3797,1,1292.089,755.8543,1292.152,755.7917
105.3894,1,1291.218,756.6573,1291.685,756.2245
105.404,1,1291.218,756.6573,1291.452,756.4409
105.4215,1,1293.437,755.1631,1292.445,755.802
105.4288,1,1293.437,755.1631,1292.941,755.4825
105.4367,1,1293.437,755.1631,1293.189,755.3229
105.4445,1,1293.437,755.1631,1293.313,755.243
105.457,1,1301.82,748.9225,1297.567,752.0828
105.4695,1,1301.82,748.9225,1299.694,750.5027
105.4791,1,1314.696,738.5528,1307.195,744.5277
105.4883,1,1314.696,738.5528,1310.945,741.5403
105.5027,1,1314.696,738.5528,1312.82,740.0465
105.51,1,1327.909,729.4636,1320.365,734.7551
105.5278,1,1327.909,729.4636,1324.137,732.1094
105.5374,1,1327.909,729.4636,1326.023,730.7865
105.5488,1,1338.872,722.5636,1332.447,726.675
105.5606,1,1338.872,722.5636,1335.659,724.6193
105.5686,1,1349.328,715.7929,1342.494,720.2061
105.5801,1,1349.328,715.7929,1345.911,717.9995
105.5905,1,1349.328,715.7929,1347.619,716.8962
105.6021,1,1357.906,712.2534,1352.763,714.5748
105.6118,1,1357.906,712.2534,1355.334,713.4141
105.6244,1,1357.906,712.2534,1356.62,712.8337
105.638,1,1365.016,708.3095,1360.818,710.5717
105.6449,1,1365.016,708.3095,1362.917,709.4406
105.6577,1,1365.016,708.3095,1363.966,708.875
105.6746,1,1371.058,705.3074,1367.512,707.0912
105.6811,1,1371.058,705.3074,1369.285,706.1993
105.6938,1,1376.37,703.4999,1372.828,704.8496
105.7028,1,1376.37,703.4999,1374.599,704.1747
105.7137,1,1376.37,703.4999,1375.484,703.8373
105.7249,1,1380.498,703.0178,1377.991,703.4276
105.7364,1,1380.498,703.0178,1379.245,703.2227
105.7452,1,1380.498,703.0178,1379.871,703.1202
105.7602,1,1384.169,702.4938,1382.02,702.807
105.7685,1,1384.169,702.4938,1383.094,702.6504
105.7803,1,1387.158,702.6756,1385.126,702.663
105.7913,1,1387.158,702.6756,1386.142,702.6693
105.8035,1,1387.158,702.6756,1386.65,702.6725
105.8152,1,1389.627,703.1897,1388.138,702.9311
105.8236,1,1389.627,703.1897,1388.883,703.0604
105.8379,1,1389.627,703.1897,1389.255,703.1251
105.847,1,1391.617,704.4302,1390.436,703.7776
105.8619,1,1391.617,704.4302,1391.026,704.1039
105.8704,1,1393.254,704.7766,1392.14,704.4402
105.8872,1,1393.254,704.7766,1392.697,704.6084
105.8958,1,1393.254,704.7766,1392.976,704.6925
105.9056,1,1394.733,704.7536,1393.854,704.723
105.9152,1,1394.733,704.7536,1394.293,704.7383
105.9281,1,1394.733,704.7536,1394.513,704.746
105.94,1,1396.23,704.6486,1395.371,704.6973
105.9462,1,1396.23,704.6486,1395.801,704.6729
105.9632,1,1397.91,705.0609,1396.855,704.8669
105.9716,1,1397.91,705.0609,1397.383,704.9639
106.007,1,1399.3,706.2523,1398.342,705.6081
106.0164,1,1399.3,706.2523,1398.821,705.9302
106.0221,1,1402.646,708.6347,1400.733,707.2825
106.0339,1,1402.646,708.6347,1401.69,707.9586
106.0419,1,1402.646,708.6347,1402.168,708.2966
106.0555,1,1405.44,713.0373,1403.804,710.667
106.0635,1,1405.44,713.0373,1404.622,711.8522
106.0786,1,1405.44,713.0373,1405.031,712.4447
106.0877,1,1407.3,717.0012,1406.165,714.723
106.0995,1,1407.3,717.0012,1406.732,715.8621
106.1107,1,1407.3,717.0012,1407.016,716.4316
106.1223,1,1409.738,721.3262,1408.377,718.8789
106.1316,1,1409.738,721.3262,1409.058,720.1025
106.144,1,1412.255,725.2192,1410.656,722.6609
106.1562,1,1412.255,725.2192,1411.456,723.9401
106.1629,1,1412.255,725.2192,1411.855,724.5797
106.178,1,1415.477,729.4975,1413.666,727.0386
106.1885,1,1415.477,729.4975,1414.572,728.2681
106.1979,1,1415.477,729.4975,1415.024,728.8828
106.2104,1,1419.022,734.4747,1417.023,731.6788
106.2236,1,1419.022,734.4747,1418.023,733.0768
106.2353,1,1422.977,737.96,1420.5,735.5184
106.2449,1,1422.977,737.96,1421.739,736.7393
106.2569,1,1422.977,737.96,1422.358,737.3496
106.2677,1,1425.933,741.4758,1424.145,739.4127
106.2797,1,1425.933,741.4758,1425.039,740.4442
106.2887,1,1425.933,741.4758,1425.486,740.96
106.3018,1,1429.031,744.8323,1427.258,742.8961
106.3104,1,1429.031,744.8323,1428.145,743.8642
106.3237,1,1431.51,747.2465,1429.827,745.5553
106.336,1,1431.51,747.2465,1430.668,746.4009
106.3448,1,1431.51,747.2465,1431.089,746.8237
106.3586,1,1434.274,750.2796,1432.682,748.5516
106.3683,1,1434.274,750.2796,1433.478,749.4156
106.3799,1,1434.274,750.2796,1433.876,749.8477
106.3909,1,1436.654,753.0636,1435.265,751.4556
106.4013,1,1436.654,753.0636,1435.959,752.2596
106.4104,1,1436.654,753.0636,1436.307,752.6616
106.4245,1,1438.472,755.627,1437.389,754.1443
106.436,1,1438.472,755.627,1437.931,754.8856
106.4456,1,1443.666,758.8217,1440.798,756.8536
106.4566,1,1443.666,758.8217,1442.232,757.8376
106.4684,1,1443.666,758.8217,1442.949,758.3297
106.481,1,1451.21,762.5018,1447.079,760.4157
106.4891,1,1451.21,762.5018,1449.144,761.4587
106.5019,1,1451.21,762.5018,1450.177,761.9802
106.5139,1,1458.225,765.4891,1454.201,763.7347
106.5219,1,1458.225,765.4891,1456.213,764.6119
106.5342,1,1458.225,765.4891,1457.219,765.0505
106.5464,1,1463.725,768.0575,1460.472,766.554
106.5565,1,1463.725,768.0575,1462.099,767.3058
106.5668,1,1468.383,772.3183,1465.241,769.812
106.5782,1,1468.383,772.3183,1466.812,771.0652
106.5885,1,1468.383,772.3183,1467.598,771.6918
106.6012,1,1473.343,776.5029,1470.47,774.0974
106.6105,1,1473.343,776.5029,1471.906,775.3002
106.6243,1,1473.343,776.5029,1472.624,775.9016
106.6354,1,1476.836,780.1038,1474.73,778.0027
106.6465,1,1476.836,780.1038,1475.783,779.0532
106.658,1,1478.41,783.369,1477.097,781.2111
106.6677,1,1478.41,783.369,1477.753,782.29
106.6798,1,1478.41,783.369,1478.082,782.8295
106.6892,1,1479.671,787.0569,1478.876,784.9432
106.7005,1,1479.671,787.0569,1479.274,786
106.7106,1,1479.671,787.0569,1479.472,786.5284
106.7209,1,1480.422,789.1732,1479.947,787.8508
106.7308,1,1480.422,789.1732,1480.184,788.512
106.7453,1,1480.422,789.1732,1480.303,788.8425
106.757,1,1482.518,792.2933,1481.411,790.5679
106.7681,1,1482.518,792.2933,1481.964,791.4307
106.7792,1,1484.798,795.4647,1483.381,793.4477
106.7909,1,1484.798,795.4647,1484.089,794.4562
106.8018,1,1484.798,795.4647,1484.444,794.9604
106.8254,1,1487.419,798.5927,1485.931,796.7766
106.8339,1,1487.419,798.5927,1486.675,797.6847
106.8394,1,1490.098,801.7454,1488.387,799.715
106.8516,1,1490.098,801.7454,1489.242,800.7302
106.8615,1,1490.098,801.7454,1489.67,801.2378
106.8708,1,1492.907,803.947,1491.289,802.5924
106.8829,1,1492.907,803.947,1492.098,803.2697
106.8919,1,1492.907,803.947,1492.503,803.6084
106.9051,1,1495.444,806.9919,1493.973,805.3002
106.9167,1,1495.444,806.9919,1494.709,806.1461
106.9251,1,1495.444,806.9919,1495.076,806.569
106.9378,1,1497.813,809.7614,1496.445,808.1652
106.9475,1,1497.813,809.7614,1497.129,808.9633
106.9572,1,1497.813,809.7614,1497.471,809.3623
106.9684,1,1499.903,812.5981,1498.687,810.9802
106.9825,1,1499.903,812.5981,1499.295,811.7892
106.9905,1,1499.903,812.5981,1499.599,812.1937
107.0037,1,1499.903,812.5981,1499.751,812.3959
107.0151,1,1499.903,812.5981,1499.827,812.497
107.023,1,1420.331,818.8325,1460.079,815.6648
107.036,1,1420.331,818.8325,1440.205,817.2487
107.0447,1,1420.331,818.8325,1430.268,818.0406
107.0598,1,1552.528,838.6414,1491.398,828.3409
107.0686,1,1552.528,838.6414,1521.963,833.4911
107.0805,1,1554.124,845.5136,1538.043,839.5024
107.089,1,1554.124,845.5136,1546.084,842.508
107.1029,1,1554.124,845.5136,1550.104,844.0108
107.1121,1,1551.86,845.847,1550.982,844.929
107.1244,1,1551.86,845.847,1551.421,845.388
107.1346,1,1551.86,845.847,1551.64,845.6176
107.1451,1,1551.448,846.7702,1551.544,846.1938
107.1557,1,1551.448,846.7702,1551.496,846.4821
107.1649,1,1551.448,846.7702,1551.472,846.6261
107.1766,1,1551.354,848.272,1551.413,847.449
107.1872,1,1551.354,848.272,1551.383,847.8605
107.1978,1,1551.354,848.272,1551.368,848.0662
107.2111,1,1551.395,849.4109,1551.382,848.7385
107.222,1,1551.395,849.4109,1551.388,849.0747
107.2371,1,1551.42,849.9721,1551.404,849.5234
107.2432,1,1551.42,849.9721,1551.412,849.7478
107.2547,1,1551.42,849.9721,1551.416,849.86
107.2669,1,1551.949,850.7023,1551.683,850.2811
107.2761,1,1551.949,850.7023,1551.816,850.4917
107.2861,1,1551.949,850.7023,1551.883,850.597
107.298,1,1551.958,851.2095,1551.92,850.9033
107.3103,1,1551.958,851.2095,1551.939,851.0564
107.3199,1,1551.958,851.2095,1551.948,851.1329
107.3289,1,1552.697,851.9885,1552.323,851.5607
107.3425,1,1552.697,851.9885,1552.51,851.7745
107.35,1,1552.697,851.9885,1552.603,851.8815
107.3625,1,1553.452,852.6171,1553.028,852.2493
107.3762,1,1553.452,852.6171,1553.24,852.4332
107.3848,1,1554.098,853.3144,1553.669,852.8738
107.3968,1,1554.098,853.3144,1553.884,853.0941
107.4054,1,1554.098,853.3144,1553.991,853.2042
107.4172,1,1554.615,854.3273,1554.303,853.7657
107.4257,1,1554.615,854.3273,1554.459,854.0465
107.4394,1,1554.615,854.3273,1554.537,854.1869
107.4465,1,1555.379,855.1534,1554.958,854.6702
107.459,1,1555.379,855.1534,1555.168,854.9118
107.4704,1,1555.379,855.1534,1555.273,855.0326
107.4796,1,1556.545,856.3082,1555.909,855.6704
107.4914,1,1556.545,856.3082,1556.227,855.9893
107.5041,1,1557.403,857.46,1556.815,856.7247
107.5148,1,1557.403,857.46,1557.109,857.0923
107.5239,1,1557.403,857.46,1557.256,857.2762
107.5374,1,1558.487,859.2664,1557.871,858.2712
107.5485,1,1558.487,859.2664,1558.179,858.7688
107.558,1,1558.487,859.2664,1558.333,859.0176
107.5683,1,1559.708,861.5452,1559.021,860.2814
107.5902,1,1559.708,861.5452,1559.365,860.9133
107.5972,1,1560.689,863.2944,1560.027,862.1038
107.606,1,1560.689,863.2944,1560.358,862.6991
107.6179,1,1560.689,863.2944,1560.523,862.9967
107.6275,1,1562.257,864.8306,1561.39,863.9136
107.642,1,1562.257,864.8306,1561.823,864.3721
107.6484,1,1562.257,864.8306,1562.04,864.6013
107.6595,1,1563.312,866.4568,1562.676,865.5291
107.674,1,1563.312,866.4568,1562.994,865.9929
107.6816,1,1563.312,866.4568,1563.153,866.2249
107.6939,1,1563.772,867.8521,1563.462,867.0385
107.7062,1,1563.772,867.8521,1563.617,867.4453
107.719,1,1564.293,868.3579,1563.955,867.9016
107.7284,1,1564.293,868.3579,1564.124,868.1298
107.7407,1,1564.293,868.3579,1564.209,868.2438
107.7514,1,1564.746,869.233,1564.477,868.7384
107.7646,1,1564.746,869.233,1564.612,868.9857
107.7755,1,1564.559,869.7969,1564.585,869.3913
107.7857,1,1564.559,869.7969,1564.572,869.5941
107.7973,1,1564.559,869.7969,1564.566,869.6955
107.8082,1,1562.965,868.6049,1563.766,869.1502
107.8201,1,1562.965,868.6049,1563.365,868.8776
107.8291,1,1562.965,868.6049,1563.165,868.7412
107.843,1,1561.641,867.1531,1562.403,867.9471
107.8536,1,1561.641,867.1531,1562.022,867.5501
107.8619,1,1561.641,867.1531,1561.832,867.3516
107.8789,1,1559.691,865.4337,1560.762,866.3926
107.8852,1,1559.691,865.4337,1560.227,865.9131
107.8971,1,1557.324,863.5815,1558.775,864.7473
107.9078,1,1557.324,863.5815,1558.05,864.1644
107.9183,1,1557.324,863.5815,1557.687,863.8729
107.9282,1,1555.097,861.7401,1556.392,862.8065
107.9449,1,1555.097,861.7401,1555.744,862.2733
107.9503,1,1555.097,861.7401,1555.421,862.0067
107.9642,1,1552.299,859.7904,1553.86,860.8986
107.9736,1,1552.299,859.7904,1553.079,860.3445
107.9833,1,1552.299,859.7904,1552.689,860.0674
107.9977,1,1549.758,857.6519,1551.224,858.8596
108.0064,1,1549.758,857.6519,1550.491,858.2557
108.0201,1,1547.323,856.0371,1548.907,857.1464
108.0321,1,1547.323,856.0371,1548.115,856.5918
108.0407,1,1547.323,856.0371,1547.719,856.3145
108.0537,1,1544.966,854.0661,1546.343,855.1903
108.0623,1,1544.966,854.0661,1545.655,854.6282
108.0781,1,1542.129,851.4022,1543.892,853.0152
108.0868,1,1542.129,851.4022,1543.01,852.2087
108.0992,1,1542.129,851.4022,1542.57,851.8055
108.1123,1,1539.337,849.3071,1540.953,850.5563
108.1214,1,1539.337,849.3071,1540.145,849.9316
108.1306,1,1539.337,849.3071,1539.741,849.6194
108.1444,1,1536.539,847.7695,1538.14,848.6945
108.158,1,1536.539,847.7695,1537.339,848.2319
108.1658,1,1536.539,847.7695,1536.939,848.0007
108.1775,1,1533.442,845.8301,1535.191,846.9154
108.1879,1,1533.442,845.8301,1534.316,846.3727
108.2024,1,1530.731,843.2693,1532.524,844.821
108.2102,1,1530.731,843.2693,1531.627,844.0452
108.2224,1,1530.731,843.2693,1531.179,843.6572
108.2375,1,1528.08,841.0447,1529.63,842.351
108.244,1,1528.08,841.0447,1528.855,841.6978
108.2547,1,1528.08,841.0447,1528.468,841.3712
108.2668,1,1515.939,836.491,1522.203,838.9311
108.2794,1,1515.939,836.491,1519.071,837.7111
108.2893,1,1395.407,820.9382,1457.239,829.3246
108.3011,1,1395.407,820.9382,1426.323,825.1315
108.3097,1,1395.407,820.9382,1410.865,823.0349
108.3218,1,1042.49,780.0435,1226.677,801.5392
108.3281,1,1042.49,780.0435,1134.583,790.7914
108.3412,1,1042.49,780.0435,1088.536,785.4175
108.351,1,730.482,744.251,909.5093,764.8342
108.3627,1,730.482,744.251,819.9956,754.5426
108.3778,1,587.3642,730.9525,703.6799,742.7476
108.3847,1,587.3642,730.9525,645.5221,736.85
108.3986,1,587.3642,730.9525,616.4431,733.9012
108.4081,1,529.4063,722.9964,572.9247,728.4489
108.4188,1,529.4063,722.9964,551.1655,725.7227
108.4286,1,529.4063,722.9964,540.2859,724.3595
108.441,1,504.0514,720.2875,522.1686,722.3235
108.4504,1,504.0514,720.2875,513.11,721.3055
108.4633,1,504.0514,720.2875,508.5807,720.7965
108.4738,1,491.7017,718.1049,500.1412,719.4507
108.4837,1,491.7017,718.1049,495.9214,718.7778
108.4949,1,491.7017,718.1049,493.8116,718.4413
108.5039,1,491.5562,722.8705,492.6839,720.6559
108.5162,1,491.5562,722.8705,492.1201,721.7632
108.526,1,491.5562,722.8705,491.8381,722.3169
108.5389,1,496.1929,725.9507,494.0155,724.1338
108.5486,1,496.1929,725.9507,495.1042,725.0422
108.5614,1,509.5335,727.3755,502.3188,726.2089
108.5684,1,509.5335,727.3755,505.9261,726.7922
108.5806,1,509.5335,727.3755,507.7298,727.0839
108.5903,1,549.4133,733.5277,528.5715,730.3058
108.6034,1,549.4133,733.5277,538.9924,731.9167
108.612,1,549.4133,733.5277,544.2029,732.7222
108.6255,1,718.6365,746.6623,631.4197,739.6923
108.6357,1,718.6365,746.6623,675.0281,743.1772
108.6442,1,718.6365,746.6623,696.8323,744.9198
108.6681,1,1047.159,766.1119,871.9955,755.5159
108.6758,1,1047.159,766.1119,959.5771,760.8138
108.6852,1,1257.828,774.7048,1108.703,767.7593
108.6958,1,1257.828,774.7048,1183.265,771.2321
108.7064,1,1257.828,774.7048,1220.547,772.9684
108.7193,1,1356.083,775.9247,1288.315,774.4465
108.7272,1,1356.083,775.9247,1322.199,775.1856
108.741,1,1399.717,780.2615,1360.958,777.7236
108.7517,1,1399.717,780.2615,1380.337,778.9926
108.7624,1,1399.717,780.2615,1390.027,779.6271
108.7714,1,1421.17,782.8915,1405.598,781.2593
108.7835,1,1421.17,782.8915,1413.384,782.0754
108.7947,1,1421.17,782.8915,1417.277,782.4835
108.8059,1,1431.137,783.3448,1424.207,782.9142
108.8208,1,1431.137,783.3448,1427.672,783.1295
108.828,1,1431.137,783.3448,1429.404,783.2372
108.8389,1,1436.818,784.5685,1433.111,783.9028
108.8497,1,1436.818,784.5685,1434.965,784.2357
108.861,1,1439.194,784.8745,1437.079,784.5551
108.871,1,1439.194,784.8745,1438.137,784.7148
108.8828,1,1439.194,784.8745,1438.665,784.7947
108.8922,1,1440.733,783.5256,1439.699,784.1602
108.9042,1,1440.733,783.5256,1440.216,783.8429
108.9204,1,1440.733,783.5256,1440.475,783.6843
108.9282,1,1441.285,782.8516,1440.88,783.2679
108.9427,1,1441.285,782.8516,1441.082,783.0598
108.955,1,1441.601,782.0897,1441.342,782.5747
108.9618,1,1441.601,782.0897,1441.471,782.3322
108.9709,1,1441.601,782.0897,1441.536,782.2109
108.984,1,1442.477,780.9891,1442.007,781.6
108.9943,1,1442.477,780.9891,1442.242,781.2946
109.0048,1,1442.477,780.9891,1442.359,781.1418
109.0175,1,1442.52,779.6879,1442.44,780.4149
109.0268,1,1442.52,779.6879,1442.48,780.0514
109.0385,1,1442.52,779.6879,1442.5,779.8696
109.0492,1,1441.74,779.1277,1442.12,779.4987
109.0614,1,1441.74,779.1277,1441.93,779.3132
109.0717,1,1441.74,779.1277,1441.835,779.2205
109.0833,1,1441.41,777.8364,1441.622,778.5284
109.0921,1,1441.41,777.8364,1441.516,778.1824
109.1042,1,1441.093,776.7193,1441.305,777.4509
109.1159,1,1441.093,776.7193,1441.199,777.0851
109.1241,1,1441.093,776.7193,1441.146,776.9022
109.1367,1,1440.64,776.0947,1440.893,776.4985
109.1449,1,1440.64,776.0947,1440.767,776.2966
109.1597,1,1440.64,776.0947,1440.703,776.1957
109.1692,1,1440.102,775.3122,1440.403,775.7539
109.1802,1,1440.102,775.3122,1440.252,775.5331
109.1901,1,1440.102,775.3122,1440.177,775.4226
109.2039,1,1439.234,774.8869,1439.706,775.1548
109.2156,1,1439.234,774.8869,1439.47,775.0209
109.2241,1,1438.503,774.4846,1438.986,774.7527
109.2361,1,1438.503,774.4846,1438.745,774.6187
109.2482,1,1438.503,774.4846,1438.624,774.5516
109.2576,1,1438.06,773.5753,1438.342,774.0635
109.2674,1,1438.06,773.5753,1438.201,773.8193
109.279,1,1438.06,773.5753,1438.13,773.6973
109.2886,1,1437.164,772.6045,1437.647,773.1509
109.3042,1,1437.164,772.6045,1437.406,772.8777
109.3162,1,1435.627,771.6565,1436.517,772.2671
109.3262,1,1435.627,771.6565,1436.072,771.9618
109.3371,1,1435.627,771.6565,1435.85,771.8091
109.3496,1,1434.881,770.4411,1435.365,771.1251
109.3616,1,1434.881,770.4411,1435.123,770.7831
109.3703,1,1434.881,770.4411,1435.002,770.6121
109.3813,1,1433.528,768.7393,1434.265,769.6757
109.3902,1,1433.528,768.7393,1433.897,769.2075
109.4039,1,1433.528,768.7393,1433.712,768.9734
109.4123,1,1432.358,767.4275,1433.035,768.2004
109.4255,1,1432.358,767.4275,1432.697,767.814
109.4382,1,1431.017,765.9955,1431.857,766.9047
109.445,1,1431.017,765.9955,1431.437,766.4501
109.4581,1,1431.017,765.9955,1431.227,766.2228
109.4697,1,1429.438,764.766,1430.333,765.4944
109.4795,1,1429.438,764.766,1429.885,765.1302
109.4895,1,1429.438,764.766,1429.662,764.9481
109.5023,1,1427.792,763.176,1428.727,764.0621
109.5106,1,1427.792,763.176,1428.259,763.619
109.5235,1,1427.792,763.176,1428.025,763.3975
109.535,1,1426.112,761.37,1427.069,762.3838
109.5422,1,1426.112,761.37,1426.591,761.8769
109.554,1,1426.112,761.37,1426.351,761.6234
109.5657,1,1424.319,759.9127,1425.335,760.7681
109.5779,1,1424.319,759.9127,1424.827,760.3403
109.5864,1,1422.24,758.9008,1423.534,759.6205
109.599,1,1422.24,758.9008,1422.887,759.2606
109.6106,1,1422.24,758.9008,1422.564,759.0807
109.6203,1,1420.685,757.401,1421.624,758.2408
109.6307,1,1420.685,757.401,1421.155,757.8209
109.6428,1,1420.685,757.401,1420.92,757.611
109.6515,1,1419.127,755.4075,1420.023,756.5092
109.6646,1,1419.127,755.4075,1419.575,755.9584
109.6746,1,1419.127,755.4075,1419.351,755.6829
109.6859,1,1418.385,751.98,1418.868,753.8315
109.6963,1,1418.385,751.98,1418.627,752.9058
109.7041,1,1418.385,751.98,1418.506,752.4429
109.7158,1,1416.386,747.6597,1417.446,750.0513
109.7275,1,1416.386,747.6597,1416.916,748.8555
109.7374,1,1415.106,743.2557,1416.011,746.0556
109.7448,1,1415.106,743.2557,1415.559,744.6556
109.758,1,1415.106,743.2557,1415.332,743.9557
109.7684,1,1413.783,738.8241,1414.557,741.3899
109.7806,1,1413.783,738.8241,1414.17,740.107
109.7913,1,1413.783,738.8241,1413.976,739.4656
109.8034,1,1412.17,735.4398,1413.073,737.4527
109.8148,1,1412.17,735.4398,1412.622,736.4463
109.8245,1,1412.17,735.4398,1412.396,735.9431
109.8354,1,1411.013,732.5983,1411.704,734.2707
109.8449,1,1411.013,732.5983,1411.359,733.4345
109.8552,1,1411.013,732.5983,1411.186,733.0164
109.8694,1,1409.676,729.8682,1410.431,731.4423
109.8785,1,1409.676,729.8682,1410.053,730.6553
109.8983,1,1408.466,727.5381,1409.26,729.0967
109.9098,1,1408.466,727.5381,1408.863,728.3174
109.92,1,1406.077,724.7822,1407.47,726.5498
109.9294,1,1406.077,724.7822,1406.773,725.666
109.944,1,1406.077,724.7822,1406.425,725.2241
109.9552,1,1403.882,722.6101,1405.154,723.9171
109.9865,1,1401.929,720.1337,1403.541,722.0254
109.9956,1,1401.929,720.1337,1402.735,721.0796
110.0037,1,1401.929,720.1337,1402.332,720.6067
110.0111,1,1400.444,717.9541,1401.388,719.2804
110.0235,1,1400.444,717.9541,1400.916,718.6172
110.0322,1,1400.444,717.9541,1400.68,718.2856
110.044,1,1399.002,715.7838,1399.841,717.0347
110.0564,1,1399.002,715.7838,1399.422,716.4092
110.0658,1,1399.002,715.7838,1399.212,716.0964
110.077,1,1397.353,713.3549,1398.282,714.7256
110.0868,1,1397.353,713.3549,1397.818,714.0403
110.0991,1,1397.353,713.3549,1397.585,713.6976
110.1107,1,1395.31,711.1916,1396.448,712.4446
110.1201,1,1395.31,711.1916,1395.879,711.8181
110.1279,1,1395.31,711.1916,1395.595,711.5049
110.1432,1,1392.624,710.0162,1394.109,710.7606
110.151,1,1392.624,710.0162,1393.366,710.3884
110.1633,1,1389.619,708.2308,1391.493,709.3096
110.1754,1,1389.619,708.2308,1390.556,708.7703
110.185,1,1389.619,708.2308,1390.087,708.5005
110.1974,1,1387.502,706.0612,1388.795,707.2809
110.2082,1,1387.502,706.0612,1388.148,706.671
110.2195,1,1387.502,706.0612,1387.825,706.3661
110.2337,1,1385.223,704.2125,1386.524,705.2893
110.2409,1,1385.223,704.2125,1385.874,704.7509
110.2543,1,1383.271,702.3748,1384.572,703.5629
110.2641,1,1383.271,702.3748,1383.921,702.9688
110.2745,1,1383.271,702.3748,1383.596,702.6718
110.286,1,1381.081,700.8801,1382.339,701.7759
110.2988,1,1381.081,700.8801,1381.71,701.328
110.3085,1,1381.081,700.8801,1381.396,701.1041
110.3217,1,1378.773,699.1996,1380.084,700.1519
110.3337,1,1378.773,699.1996,1379.429,699.6757
110.3429,1,1375.507,697.2319,1377.468,698.4539
110.3552,1,1375.507,697.2319,1376.488,697.8429
110.3665,1,1375.507,697.2319,1375.998,697.5374
110.3783,1,1373.156,696.1647,1374.577,696.8511
110.387,1,1373.156,696.1647,1373.866,696.5079
110.4002,1,1373.156,696.1647,1373.511,696.3363
110.4094,1,1370.977,694.8868,1372.244,695.6116
110.421,1,1370.977,694.8868,1371.611,695.2491
110.4334,1,1368.937,693.0658,1370.274,694.1575
110.442,1,1368.937,693.0658,1369.605,693.6116
110.456,1,1368.937,693.0658,1369.271,693.3387
110.4666,1,1366.531,691.4492,1367.901,692.3939
110.477,1,1366.531,691.4492,1367.216,691.9215
110.4889,1,1366.531,691.4492,1366.873,691.6853
110.4994,1,1362.896,689.1998,1364.885,690.4425
110.5088,1,1362.896,689.1998,1363.89,689.8212
110.5216,1,1362.896,689.1998,1363.393,689.5105
110.5319,1,1358.747,684.8316,1361.07,687.171
110.5397,1,1358.747,684.8316,1359.908,686.0013
110.5512,1,1358.747,684.8316,1359.328,685.4165
110.5625,1,1354.684,680.6182,1357.006,683.0173
110.5714,1,1354.684,680.6182,1355.845,681.8177
110.5848,1,1350.644,675.6248,1353.244,678.7213
110.6134,1,1348.054,670.8139,1350.649,674.7676
110.6253,1,1348.054,670.8139,1349.352,672.7908
110.6336,1,1348.054,670.8139,1348.703,671.8024
110.6395,1,1348.054,670.8139,1348.379,671.3081
110.6511,1,1344.69,667.4652,1346.535,669.3867
110.6633,1,1344.69,667.4652,1345.613,668.4259
110.6752,1,1341.375,665.1204,1343.494,666.7732
110.6873,1,1341.375,665.1204,1342.435,665.9468
110.6979,1,1341.375,665.1204,1341.905,665.5336
110.708,1,1338.703,663.0521,1340.304,664.2928
110.7212,1,1338.703,663.0521,1339.503,663.6725
110.7317,1,1338.703,663.0521,1339.103,663.3623
110.7401,1,1335.842,661.4244,1337.473,662.3933
110.7523,1,1335.842,661.4244,1336.657,661.9088
110.7628,1,1335.842,661.4244,1336.25,661.6666
110.774,1,1333.236,660.0389,1334.743,660.8528
110.785,1,1333.236,660.0389,1333.989,660.4459
110.796,1,1330.588,658.9518,1332.289,659.6989
110.8067,1,1330.588,658.9518,1331.438,659.3253
110.818,1,1330.588,658.9518,1331.013,659.1385
110.8285,1,1328.2,657.998,1329.607,658.5682
110.8381,1,1328.2,657.998,1328.904,658.2831
110.8486,1,1328.2,657.998,1328.552,658.1405
110.8707,1,1325.648,656.4398,1327.1,657.2902
110.8793,1,1325.648,656.4398,1326.374,656.865
110.885,1,1322.97,654.8323,1324.672,655.8486
110.8998,1,1322.97,654.8323,1323.821,655.3405
110.9088,1,1322.97,654.8323,1323.395,655.0864
110.923,1,1320.391,653.2822,1321.893,654.1843
110.9305,1,1320.391,653.2822,1321.142,653.7333
110.9399,1,1320.391,653.2822,1320.767,653.5078
110.9541,1,1318.873,651.9775,1319.82,652.7426
110.96,1,1318.873,651.9775,1319.346,652.36
110.9719,1,1318.873,651.9775,1319.11,652.1688
110.9978,1,1317.529,650.1364,1318.319,651.1526
111.0042,1,1317.529,650.1364,1317.924,650.6445
111.0164,1,1315.521,648.4973,1316.722,649.5709
111.0234,1,1315.521,648.4973,1316.121,649.0341
111.035,1,1315.521,648.4973,1315.821,648.7657
111.0468,1,1312.993,647.3072,1314.407,648.0365
111.0568,1,1312.993,647.3072,1313.7,647.6719
111.0668,1,1311.301,645.1918,1312.5,646.4318
111.0794,1,1311.301,645.1918,1311.901,645.8118
111.0881,1,1311.301,645.1918,1311.601,645.5018
111.1006,1,1309.311,643.3824,1310.456,644.4421
111.1089,1,1309.311,643.3824,1309.884,643.9122
111.1219,1,1309.311,643.3824,1309.597,643.6473
111.1338,1,1307.879,642.1485,1308.738,642.8979
111.1427,1,1307.879,642.1485,1308.308,642.5232
111.1536,1,1307.879,642.1485,1308.094,642.3358
111.1617,1,1306.19,639.9302,1307.142,641.1331
111.1755,1,1306.19,639.9302,1306.666,640.5316
111.188,1,1304.626,637.4911,1305.646,639.0114
111.2034,1,1304.626,637.4911,1305.136,638.2512
111.2095,1,1304.626,637.4911,1304.881,637.8712
111.2243,1,1303.181,634.715,1304.031,636.2931
111.2355,1,1303.181,634.715,1303.606,635.504
111.245,1,1303.181,634.715,1303.394,635.1095
111.2578,1,1301.362,632.4252,1302.378,633.7673
111.2688,1,1301.362,632.4252,1301.87,633.0963
111.2827,1,1298.141,631.5526,1300.006,632.3245
111.2908,1,1298.141,631.5526,1299.073,631.9385
111.3037,1,1298.141,631.5526,1298.607,631.7456
111.3154,1,1214.651,630.4957,1256.629,631.1207
111.3242,1,1214.651,630.4957,1235.64,630.8082
111.3406,1,1212.586,629.5488,1224.113,630.1785
111.3474,1,1212.586,629.5488,1218.349,629.8636
111.3619,1,1212.586,629.5488,1215.467,629.7062
111.3699,1,1210.672,628.3373,1213.07,629.0217
111.3815,1,1210.672,628.3373,1211.871,628.6795
111.3911,1,1210.672,628.3373,1211.271,628.5084
111.4039,1,1208.641,627.8894,1209.956,628.1989
111.4152,1,1208.641,627.8894,1209.298,628.0442
111.425,1,1208.641,627.8894,1208.969,627.9668
111.4488,1,1206.824,627.6462,1207.897,627.8065
111.4572,1,1206.824,627.6462,1207.36,627.7263
111.4657,1,1205.506,627.7776,1206.433,627.752
111.4757,1,1205.506,627.7776,1205.97,627.7648
111.4882,1,1203.764,628.0732,1204.867,627.9189
111.5009,1,1203.764,628.0732,1204.316,627.9961
111.5096,1,1203.764,628.0732,1204.04,628.0347
111.5214,1,1292.306,623.013,1248.173,625.5238
111.5334,1,1292.306,623.013,1270.239,624.2684
111.5433,1,1292.306,623.013,1281.272,623.6407
111.5553,1,1290.887,622.7091,1286.08,623.1749
111.5663,1,1290.887,622.7091,1288.483,622.942
111.5763,1,1290.887,622.7091,1289.685,622.8256
111.5878,1,1289.213,622.8917,1289.449,622.8586
111.5985,1,1289.213,622.8917,1289.331,622.8752
111.6072,1,1289.213,622.8917,1289.272,622.8834
111.6214,1,1287.146,622.7976,1288.209,622.8405
111.6319,1,1287.146,622.7976,1287.678,622.8191
111.6446,1,1285.273,622.7947,1286.476,622.8069
111.656,1,1285.273,622.7947,1285.875,622.8008
111.6633,1,1285.273,622.7947,1285.574,622.7977
111.6772,1,1283.887,622.265,1284.731,622.5314
111.6899,1,1283.887,622.265,1284.309,622.3982
111.7022,1,1282.12,621.6819,1283.214,622.04
111.7083,1,1282.12,621.6819,1282.667,621.861
111.7239,1,1282.12,621.6819,1282.394,621.7715
111.7338,1,1280.392,621.3173,1281.393,621.5444
111.7468,1,1280.392,621.3173,1280.892,621.4309
111.7537,1,1280.392,621.3173,1280.642,621.3741
111.7638,1,1278.51,620.7492,1279.576,621.0616
111.7774,1,1278.51,620.7492,1279.043,620.9054
111.7876,1,1278.51,620.7492,1278.776,620.8273
111.7983,1,1277.093,620.7668,1277.934,620.7971
111.8089,1,1277.093,620.7668,1277.514,620.782
111.8209,1,1277.093,620.7668,1277.303,620.7744
111.8333,1,1273.166,618.9509,1275.235,619.8627
111.843,1,1273.166,618.9509,1274.2,619.4067
111.8552,1,1214.62,553.4861,1244.41,586.4464
111.8654,1,1214.62,553.4861,1229.515,569.9663
111.8787,1,1214.62,553.4861,1222.067,561.7262
111.8925,1,1099.155,404.0907,1160.611,482.9084
111.9011,1,1099.155,404.0907,1129.883,443.4996
111.9112,1,1099.155,404.0907,1114.519,423.7951
111.9233,1,1022.352,302.3102,1068.436,363.0527
111.9359,1,1022.352,302.3102,1045.394,332.6814
111.9458,1,983.7887,251.1515,1014.591,291.9164
111.9573,1,983.7887,251.1515,999.1899,271.534
111.967,1,983.7887,251.1515,991.4893,261.3427
111.9793,1,964.8206,227.3872,978.155,244.365
111.9878,1,964.8206,227.3872,971.4878,235.8761
111.9981,1,964.8206,227.3872,968.1542,231.6316
112.01,1,958.1837,215.7303,963.1689,223.6809
112.0214,1,958.1837,215.7303,960.6763,219.7056
112.03,1,958.1837,215.7303,959.4301,217.7179
112.0438,1,953.7894,210.7342,956.6097,214.2261
112.0548,1,953.7894,210.7342,955.1996,212.4802
112.0638,1,956.3502,209.8401,955.7749,211.1601
112.0775,1,956.3502,209.8401,956.0625,210.5001
112.0856,1,956.3502,209.8401,956.2063,210.1701
112.0972,1,958.5472,214.0133,957.3768,212.0917
112.1084,1,958.5472,214.0133,957.962,213.0525
112.1198,1,958.5472,214.0133,958.2546,213.5329
112.1299,1,958.9192,214.2476,958.5869,213.8903
112.1408,1,958.9192,214.2476,958.7531,214.0689
112.1534,1,974.5442,228.2673,966.6486,221.1682
112.1632,1,974.5442,228.2673,970.5964,224.7177
112.1753,1,974.5442,228.2673,972.5703,226.4926
112.1867,1,1014.9,276.1715,993.7354,251.332
112.1974,1,1014.9,276.1715,1004.318,263.7517
112.2083,1,1014.9,276.1715,1009.609,269.9616
112.222,1,1115.725,409.2568,1062.667,339.6092
112.2371,1,1115.725,409.2568,1089.196,374.433
112.2455,1,1189.965,508.0353,1139.581,441.2342
112.2562,1,1189.965,508.0353,1164.773,474.6347
112.2663,1,1189.965,508.0353,1177.369,491.335
112.2776,1,1232.56,541.3077,1204.964,516.3214
112.2869,1,1232.56,541.3077,1218.762,528.8145
112.298,1,1232.56,541.3077,1225.661,535.0611
112.3096,1,1251.891,566.5212,1238.776,550.7911
112.3217,1,1251.891,566.5212,1245.333,558.6562
112.3314,1,1251.891,566.5212,1248.612,562.5887
112.3464,1,1261.468,587.5819,1255.04,575.0853
112.357,1,1261.468,587.5819,1258.254,581.3336
112.3685,1,1267.741,598.6365,1262.998,589.985
112.3766,1,1267.741,598.6365,1265.369,594.3108
112.3874,1,1267.741,598.6365,1266.555,596.4736
112.4014,1,1290.307,652.6589,1278.431,624.5663
112.4099,1,1290.307,652.6589,1284.369,638.6126
112.422,1,1290.307,652.6589,1287.338,645.6357
112.4337,1,1316.791,707.1183,1302.064,676.3771
112.4421,1,1316.791,707.1183,1309.427,691.7477
112.4548,1,1316.791,707.1183,1313.109,699.433
112.4659,1,1330.849,737.925,1321.979,718.679
112.478,1,1330.849,737.925,1326.414,728.302
112.4876,1,1339.374,753.1783,1332.894,740.7402
112.5019,1,1339.374,753.1783,1336.134,746.9592
112.5097,1,1339.374,753.1783,1337.754,750.0688
112.5217,1,1343.04,763.2978,1340.397,756.6833
112.5336,1,1343.04,763.2978,1341.719,759.9905
112.542,1,1343.04,763.2978,1342.38,761.6442
112.5553,1,1346.485,768.8377,1344.432,765.241
112.5662,1,1346.485,768.8377,1345.459,767.0393
112.578,1,1350.084,772.6718,1347.771,769.8556
112.5884,1,1350.084,772.6718,1348.928,771.2637
112.6009,1,1350.084,772.6718,1349.506,771.9678
112.6103,1,1352.717,776.713,1351.112,774.3404
112.6225,1,1352.717,776.713,1351.914,775.5267
112.6334,1,1352.717,776.713,1352.316,776.1199
112.6415,1,1354.473,779.2656,1353.394,777.6927
112.6542,1,1354.473,779.2656,1353.934,778.4792
112.6637,1,1354.473,779.2656,1354.203,778.8724
112.6768,1,1356.227,781.0765,1355.215,779.9745
112.6863,1,1356.227,781.0765,1355.721,780.5255
112.6989,1,1357.063,782.5652,1356.392,781.5453
112.7084,1,1357.063,782.5652,1356.728,782.0553
112.7208,1,1357.063,782.5652,1356.896,782.3102
112.7297,1,1353.956,780.5568,1355.426,781.4335
112.7441,1,1353.956,780.5568,1354.691,780.9951
112.755,1,1353.956,780.5568,1354.323,780.7759
112.7677,1,1308.034,743.1283,1331.179,761.9521
112.777,1,1308.034,743.1283,1319.606,752.5402
112.7871,1,1026.376,493.2461,1172.991,622.8932
112.7988,1,1026.376,493.2461,1099.684,558.0696
112.8113,1,1026.376,493.2461,1063.03,525.6579
112.8218,1,711.9847,198.9415,887.5073,362.2997
112.8307,1,711.9847,198.9415,799.746,280.6206
112.8457,1,711.9847,198.9415,755.8654,239.781
112.8554,1,582.0404,75.68201,668.9529,157.7315
112.8642,1,582.0404,75.68201,625.4966,116.7068
112.8793,1,534.3364,34.63848,579.9165,75.67262
112.8889,1,534.3364,34.63848,557.1265,55.15555
112.9016,1,534.3364,34.63848,545.7314,44.89701
112.9105,1,516.6947,19.50245,531.2131,32.19973
112.9219,1,516.6947,19.50245,523.9539,25.85109
112.9315,1,516.6947,19.50245,520.3243,22.67677
112.9449,1,446.1339,3.395657,483.2291,13.03621
112.9548,1,446.1339,3.395657,464.6815,8.215936
112.9662,1,446.1339,3.395657,455.4077,5.805796
112.9777,1,350.8423,11.65354,403.125,8.729668
112.9885,1,350.8423,11.65354,376.9836,10.1916
113.0026,1,301.4425,18.33048,339.2131,14.26104
113.0108,1,301.4425,18.33048,320.3278,16.29576
113.0239,1,301.4425,18.33048,310.8851,17.31312
113.0356,1,275.2073,19.51893,293.0462,18.41602
113.0454,1,275.2073,19.51893,284.1268,18.96748
113.0553,1,275.2073,19.51893,279.6671,19.2432
113.0691,1,259.8277,20.25555,269.7474,19.74938
113.0793,1,259.8277,20.25555,264.7875,20.00246
113.0878,1,259.8277,20.25555,262.3076,20.12901
113.1013,1,252.3948,20.34262,257.3512,20.23582
113.1108,1,252.3948,20.34262,254.873,20.28922
113.1217,1,249.0967,20.38977,251.9849,20.3395
113.1314,1,249.0967,20.38977,250.5408,20.36464
113.1444,1,249.0967,20.38977,249.8188,20.3772
113.1557,1,257.0897,26.56358,253.4542,23.47039
113.164,1,257.0897,26.56358,255.272,25.01699
113.1771,1,257.0897,26.56358,256.1808,25.79028
113.1882,1,261.2844,35.18274,258.7326,30.48651
113.1985,1,261.2844,35.18274,260.0085,32.83463
113.21,1,261.2844,35.18274,260.6465,34.00868
113.2213,1,262.8438,42.49396,261.7451,38.25132
113.2345,1,262.8438,42.49396,262.2945,40.37264
113.2427,1,264.9723,47.42827,263.6334,43.90046
113.2544,1,264.9723,47.42827,264.3028,45.66437
113.2674,1,264.9723,47.42827,264.6375,46.54632
113.2767,1,358.8386,117.9811,311.7381,82.26372
113.2869,1,358.8386,117.9811,335.2883,100.1224
113.3004,1,358.8386,117.9811,347.0635,109.0518
113.3078,1,743.5144,387.058,545.2889,248.0549
113.3208,1,743.5144,387.058,644.4017,317.5564
113.3337,1,1135.103,624.1215,889.7522,470.839
113.3463,1,1135.103,624.1215,1012.427,547.4802
113.3563,1,1135.103,624.1215,1073.765,585.8009
113.3664,1,1297.146,722.6702,1185.455,654.2355
113.3815,1,1297.146,722.6702,1241.301,688.4529
113.387,1,1297.146,722.6702,1269.223,705.5615
113.4027,1,1354,758.0719,1311.611,731.8167
113.41,1,1354,758.0719,1332.806,744.9443
113.4216,1,1354,758.0719,1343.403,751.5081
113.4349,1,1373.952,769.8115,1358.677,760.6598
113.4427,1,1373.952,769.8115,1366.315,765.2357
113.4553,1,1384.015,776.4769,1375.165,770.8563
113.4675,1,1384.015,776.4769,1379.59,773.6666
113.4783,1,1384.015,776.4769,1381.802,775.0718
113.4873,1,1388.371,781.5319,1385.086,778.3018
113.5022,1,1388.371,781.5319,1386.729,779.9169
113.5089,1,1388.371,781.5319,1387.55,780.7244
113.5227,1,1390.209,784.3602,1388.879,782.5422
113.5341,1,1390.209,784.3602,1389.544,783.4512
113.5434,1,1390.034,785.3895,1389.789,784.4203
113.5556,1,1390.034,785.3895,1389.912,784.9049
113.5666,1,1390.034,785.3895,1389.973,785.1472
113.5761,1,1390.159,785.6707,1390.066,785.4089
113.5855,1,1390.159,785.6707,1390.113,785.5398
113.5994,1,1390.159,785.6707,1390.136,785.6052
113.6088,1,1389.339,785.9865,1389.737,785.7959
113.6204,1,1389.339,785.9865,1389.538,785.8912
113.6292,1,1389.339,785.9865,1389.438,785.9388
113.6457,1,1389.448,785.8356,1389.443,785.8872
113.6561,1,1389.448,785.8356,1389.446,785.8614
113.6684,1,1388.667,785.2908,1389.057,785.5761
113.6778,1,1388.667,785.2908,1388.862,785.4335
113.687,1,1388.667,785.2908,1388.765,785.3622
113.7045,1,1387.994,785.4907,1388.379,785.4264
113.7114,1,1387.994,785.4907,1388.187,785.4585
113.7217,1,1387.994,785.4907,1388.09,785.4746
113.7312,1,1387.504,785.5458,1387.797,785.5103
113.7416,1,1387.504,785.5458,1387.651,785.5281
113.7517,1,1387.504,785.5458,1387.577,785.537
113.7653,1,1386.111,785.2701,1386.844,785.4036
113.7752,1,1386.111,785.2701,1386.478,785.3368
113.7858,1,1385.798,785.1012,1386.138,785.219
113.8,1,1385.798,785.1012,1385.968,785.1601
113.8087,1,1385.798,785.1012,1385.883,785.1306
113.8201,1,1385.145,784.9078,1385.514,785.0192
113.8306,1,1385.145,784.9078,1385.33,784.9635
113.8426,1,1385.145,784.9078,1385.237,784.9357
113.8543,1,1384.506,784.9978,1384.872,784.9667
113.8639,1,1384.506,784.9978,1384.689,784.9823
113.8782,1,1383.658,784.9768,1384.173,784.9796
113.8871,1,1383.658,784.9768,1383.916,784.9781
113.8999,1,1383.658,784.9768,1383.787,784.9775
113.9081,1,1383.005,784.9093,1383.396,784.9434
113.9207,1,1383.005,784.9093,1383.2,784.9263
113.9332,1,1383.005,784.9093,1383.103,784.9178
113.9418,1,1381.995,784.5038,1382.549,784.7108
113.9537,1,1381.995,784.5038,1382.272,784.6073
113.9643,1,1381.995,784.5038,1382.134,784.5555
113.9743,1,1381.198,784.5255,1381.666,784.5405
113.9846,1,1381.198,784.5255,1381.432,784.533
113.999,1,1380.338,784.4617,1380.885,784.4973
114.0058,1,1380.338,784.4617,1380.612,784.4795
114.0175,1,1380.338,784.4617,1380.475,784.4706
114.0277,1,1379.465,784.1754,1379.97,784.323
114.039,1,1379.465,784.1754,1379.718,784.2491
114.0472,1,1379.465,784.1754,1379.591,784.2123
114.063,1,1378.572,783.9128,1379.082,784.0626
114.0712,1,1378.572,783.9128,1378.827,783.9877
114.082,1,1378.572,783.9128,1378.699,783.9503
114.0953,1,1377.356,783.1486,1378.028,783.5494
114.1032,1,1377.356,783.1486,1377.692,783.349
114.1151,1,1377.356,783.1486,1377.524,783.2488
114.1295,1,1376.649,782.4418,1377.087,782.8453
114.136,1,1376.649,782.4418,1376.868,782.6436
114.1458,1,1376.649,782.4418,1376.758,782.5427
114.1574,1,1375.717,781.4659,1376.238,782.0043
114.1705,1,1375.717,781.4659,1375.977,781.7351
114.1808,1,1375.1,780.306,1375.539,781.0205
114.1904,1,1375.1,780.306,1375.32,780.6632
114.2035,1,1375.1,780.306,1375.21,780.4846
114.2118,1,1374.326,778.9213,1374.768,779.703
114.2236,1,1374.326,778.9213,1374.547,779.3121
114.2367,1,1374.326,778.9213,1374.436,779.1167
114.2457,1,1372.902,777.8981,1373.669,778.5074
114.2582,1,1372.902,777.8981,1373.286,778.2028
114.2672,1,1372.902,777.8981,1373.094,778.0504
114.2803,1,1371.472,776.7256,1372.283,777.388
114.2909,1,1371.472,776.7256,1371.877,777.0568
114.3029,1,1370.196,775.8005,1371.036,776.4286
114.3139,1,1370.196,775.8005,1370.616,776.1145
114.3262,1,1370.196,775.8005,1370.406,775.9575
114.3376,1,1368.27,774.7607,1369.338,775.3591
114.3575,1,1368.27,774.7607,1368.804,775.0599
114.3684,1,1365.945,773.0523,1367.375,774.0562
114.3783,1,1365.945,773.0523,1366.66,773.5542
114.3861,1,1365.945,773.0523,1366.302,773.3032
114.3968,1,1363.592,771.6714,1364.947,772.4873
114.4066,1,1363.592,771.6714,1364.27,772.0793
114.4181,1,1363.592,771.6714,1363.931,771.8754
114.4281,1,1361.965,769.7956,1362.948,770.8354
114.4394,1,1361.965,769.7956,1362.457,770.3156
114.4473,1,1361.965,769.7956,1362.211,770.0555
114.4615,1,1360.193,768.0339,1361.202,769.0447
114.47,1,1360.193,768.0339,1360.697,768.5393
114.4804,1,1358.648,766.9744,1359.673,767.7568
114.4944,1,1358.648,766.9744,1359.161,767.3656
114.5042,1,1358.648,766.9744,1358.905,767.17
114.5153,1,1356.403,764.987,1357.654,766.0785
114.5256,1,1356.403,764.987,1357.028,765.5327
114.5379,1,1356.403,764.987,1356.715,765.2599
114.5548,1,1353.906,761.9346,1355.311,763.5972
114.5612,1,1353.906,761.9346,1354.608,762.7659
114.57,1,1351.525,759.9244,1353.066,761.3451
114.5846,1,1351.525,759.9244,1352.295,760.6348
114.5959,1,1351.525,759.9244,1351.91,760.2795
114.6045,1,1348.866,758.1925,1350.388,759.236
114.62,1,1348.866,758.1925,1349.627,758.7142
114.6286,1,1348.866,758.1925,1349.246,758.4534
114.6409,1,1346.31,755.7836,1347.778,757.1185
114.6509,1,1346.31,755.7836,1347.044,756.451
114.6621,1,1343.427,753.6874,1345.236,755.0692
114.6712,1,1343.427,753.6874,1344.332,754.3783
114.6837,1,1343.427,753.6874,1343.88,754.0328
114.6943,1,1339.744,751.2405,1341.812,752.6367
114.7036,1,1339.744,751.2405,1340.778,751.9386
114.7155,1,1339.744,751.2405,1340.261,751.5895
114.7253,1,1336.06,748.7115,1338.16,750.1505
114.7375,1,1336.06,748.7115,1337.11,749.431
114.7483,1,1336.06,748.7115,1336.585,749.0713
114.7632,1,1332.993,746.3643,1334.789,747.7178
114.7724,1,1332.993,746.3643,1333.891,747.041
114.7855,1,1317.212,739.4333,1325.551,743.2372
114.7961,1,1317.212,739.4333,1321.381,741.3353
114.8044,1,1317.212,739.4333,1319.296,740.3843
114.818,1,1279.613,725.6163,1299.455,733.0003
114.828,1,1279.613,725.6163,1289.534,729.3083
114.8388,1,1279.613,725.6163,1284.573,727.4623
114.8507,1,1246.592,714.9604,1265.583,721.2114
114.8615,1,1246.592,714.9604,1256.088,718.0859
114.8697,1,1246.592,714.9604,1251.34,716.5231
114.8845,1,1220.259,706.6267,1235.799,711.575
114.8953,1,1220.259,706.6267,1228.029,709.1008
114.9053,1,1200.153,699.8975,1214.091,704.4991
114.9188,1,1200.153,699.8975,1207.122,702.1983
114.9295,1,1200.153,699.8975,1203.638,701.0479
114.9403,1,1135.194,679.4497,1169.416,690.2488
114.9504,1,1135.194,679.4497,1152.305,684.8492
114.9631,1,910.5391,627.8813,1031.422,656.3652
114.9721,1,910.5391,627.8813,970.9805,642.1233
114.9863,1,910.5391,627.8813,940.7598,635.0023
114.9945,1,659.7621,587.5098,800.2609,611.2561
115.0046,1,659.7621,587.5098,730.0115,599.3829
115.0192,1,659.7621,587.5098,694.8868,593.4464
115.0279,1,531.6371,567.4238,613.262,580.4351
115.0417,1,531.6371,567.4238,572.4496,573.9294
115.0537,1,471.1729,561.6279,521.8113,567.7787
115.0611,1,471.1729,561.6279,496.4921,564.7033
115.0722,1,471.1729,561.6279,483.8325,563.1656
115.0861,1,441.9653,557.6102,462.8989,560.3879
115.0944,1,441.9653,557.6102,452.4321,558.9991
115.1052,1,441.9653,557.6102,447.1987,558.3047
115.1179,1,426.0999,556.3148,436.6494,557.3097
115.1271,1,426.0999,556.3148,431.3746,556.8123
115.1392,1,426.0999,556.3148,428.7373,556.5635
115.1492,1,440.2501,559.301,434.4937,557.9323
115.1611,1,440.2501,559.301,437.3719,558.6166
115.1714,1,440.2501,559.301,438.811,558.9587
115.1858,1,455.5915,559.9233,447.2012,559.441
115.1938,1,455.5915,559.9233,451.3964,559.6822
115.2034,1,455.5915,559.9233,453.494,559.8027
115.2171,1,463.3512,561.6283,458.4225,560.7155
115.227,1,463.3512,561.6283,460.8868,561.1719
115.2386,1,487.1525,561.792,474.0197,561.4819
115.2517,1,487.1525,561.792,480.5861,561.637
115.2641,1,487.1525,561.792,483.8693,561.7145
115.2735,1,538.3215,571.2321,511.0954,566.4733
115.2843,1,538.3215,571.2321,524.7085,568.8527
115.2954,1,751.2297,606.2521,637.9691,587.5524
115.3047,1,751.2297,606.2521,694.5994,596.9022
115.3168,1,751.2297,606.2521,722.9146,601.5771
115.3276,1,954.0886,638.9972,838.5016,620.2872
115.34,1,954.0886,638.9972,896.295,629.6422
115.352,1,954.0886,638.9972,925.1918,634.3197
115.36,1,1077.249,656.1085,1001.221,645.2141
115.3703,1,1077.249,656.1085,1039.235,650.6613
115.3839,1,1077.249,656.1085,1058.242,653.3849
115.3943,1,1137.919,664.6431,1098.081,659.014
115.4049,1,1137.919,664.6431,1118,661.8285
115.4174,1,1167.817,671.7935,1142.908,666.811
115.4268,1,1167.817,671.7935,1155.362,669.3022
115.4377,1,1167.817,671.7935,1161.589,670.5479
115.4476,1,1198.71,673.7457,1180.15,672.1467
115.4615,1,1198.71,673.7457,1189.43,672.9462
115.475,1,1198.71,673.7457,1194.07,673.3459
115.4832,1,1225.579,670.1598,1209.824,671.7529
115.4915,1,1225.579,670.1598,1217.702,670.9563
115.5039,1,1225.579,670.1598,1221.64,670.558
115.5169,1,1238.556,665.1829,1230.098,667.8705
115.5259,1,1238.556,665.1829,1234.327,666.5267
115.5376,1,1245.618,663.0409,1239.972,664.7838
115.5484,1,1245.618,663.0409,1242.795,663.9124
115.5586,1,1245.618,663.0409,1244.207,663.4766
115.5685,1,1251.026,661.3212,1247.616,662.3989
115.5822,1,1251.026,661.3212,1249.321,661.8601
115.5912,1,1251.026,661.3212,1250.174,661.5907
115.6038,1,1253.118,660.9856,1251.646,661.2881
115.6153,1,1253.118,660.9856,1252.382,661.1368
115.6293,1,1254.158,659.899,1253.27,660.5179
115.644,1,1254.158,659.899,1253.714,660.2085
115.6506,1,1254.158,659.899,1253.936,660.0538
115.6609,1,1255.197,657.9993,1254.567,659.0266
115.6703,1,1255.197,657.9993,1254.882,658.5129
115.6823,1,1255.197,657.9993,1255.039,658.2561
115.6915,1,1254.767,657.205,1254.903,657.7306
115.7036,1,1254.767,657.205,1254.835,657.4678
115.7154,1,1254.767,657.205,1254.801,657.3364
115.7241,1,1254.514,656.5404,1254.658,656.9384
115.7361,1,1254.514,656.5404,1254.586,656.7394
115.7449,1,1254.514,656.5404,1254.55,656.6399
115.7587,1,1253.645,655.5341,1254.097,656.087
115.7682,1,1253.645,655.5341,1253.871,655.8105
115.7797,1,1252.687,655.4764,1253.279,655.6434
115.7896,1,1252.687,655.4764,1252.983,655.5599
115.8025,1,1252.687,655.4764,1252.835,655.5182
115.8117,1,1252.142,654.8398,1252.489,655.179
115.826,1,1252.142,654.8398,1252.315,655.0094
115.836,1,1252.142,654.8398,1252.229,654.9246
115.8465,1,1251.438,654.0378,1251.833,654.4812
115.8577,1,1251.438,654.0378,1251.636,654.2595
115.8683,1,1251.438,654.0378,1251.537,654.1487
115.8802,1,1250.71,653.5894,1251.123,653.869
115.8902,1,1250.71,653.5894,1250.917,653.7292
115.9032,1,1249.868,652.856,1250.392,653.2926
115.9142,1,1249.868,652.856,1250.13,653.0743
115.9235,1,1249.868,652.856,1249.999,652.9651
115.9357,1,1248.992,652.3785,1249.495,652.6718
115.9439,1,1248.992,652.3785,1249.244,652.5251
115.9562,1,1248.992,652.3785,1249.118,652.4518
115.9711,1,1247.708,651.3035,1248.413,651.8777
115.9786,1,1247.708,651.3035,1248.061,651.5906
115.9886,1,1247.708,651.3035,1247.884,651.447
116.0019,1,1246.116,650.2597,1247,650.8534
116.011,1,1246.116,650.2597,1246.558,650.5565
116.023,1,1244.154,649.5906,1245.356,650.0735
116.0339,1,1244.154,649.5906,1244.755,649.832
116.0436,1,1244.154,649.5906,1244.455,649.7113
116.0557,1,1242.455,648.9994,1243.455,649.3553
116.0657,1,1242.455,648.9994,1242.955,649.1774
116.0788,1,1242.455,648.9994,1242.705,649.0884
116.0874,1,1240.668,647.4848,1241.687,648.2866
116.099,1,1240.668,647.4848,1241.177,647.8857
116.1095,1,1240.668,647.4848,1240.923,647.6853
116.1193,1,1238.959,645.8934,1239.941,646.7894
116.135,1,1238.959,645.8934,1239.45,646.3414
116.1429,1,1236.465,644.3523,1237.957,645.3469
116.1549,1,1236.465,644.3523,1237.211,644.8496
116.1661,1,1236.465,644.3523,1236.838,644.601
116.1768,1,1234.283,643.135,1235.56,643.868
116.1897,1,1234.283,643.135,1234.922,643.5015
116.2022,1,1232.288,641.6747,1233.605,642.5881
116.2104,1,1232.288,641.6747,1232.946,642.1315
116.2238,1,1232.288,641.6747,1232.617,641.9031
116.236,1,1230.816,640.2739,1231.717,641.0885
116.2435,1,1230.816,640.2739,1231.267,640.6812
116.2558,1,1230.816,640.2739,1231.042,640.4775
116.2683,1,1229.647,638.994,1230.344,639.7358
116.2785,1,1229.647,638.994,1229.996,639.3649
116.2886,1,1229.647,638.994,1229.821,639.1794
116.3025,1,1228.382,637.6335,1229.102,638.4065
116.3117,1,1228.382,637.6335,1228.742,638.02
116.3228,1,1227.53,636.8253,1228.136,637.4227
116.3574,1,1226.885,636.3361,1227.511,636.8794
116.3669,1,1226.885,636.3361,1227.198,636.6078
116.376,1,1226.885,636.3361,1227.041,636.4719
116.386,1,1226.078,635.8096,1226.56,636.1407
116.3999,1,1226.078,635.8096,1226.319,635.9752
116.4083,1,1226.078,635.8096,1226.199,635.8925
116.4189,1,1225.03,635.4113,1225.614,635.6519
116.4297,1,1225.03,635.4113,1225.322,635.5316
116.4408,1,1225.03,635.4113,1225.176,635.4714
116.4504,1,1223.934,635.1647,1224.555,635.3181
116.4628,1,1223.934,635.1647,1224.244,635.2413
116.4715,1,1223.934,635.1647,1224.089,635.203
116.4845,1,1223.546,634.903,1223.818,635.053
116.4947,1,1223.546,634.903,1223.682,634.978
116.5042,1,1223.577,634.0359,1223.63,634.507
116.5174,1,1223.577,634.0359,1223.604,634.2714
116.5269,1,1223.577,634.0359,1223.59,634.1537
116.5413,1,1223.86,633.6826,1223.725,633.9182
116.5506,1,1223.86,633.6826,1223.793,633.8004
116.5613,1,1223.86,633.6826,1223.826,633.7415
116.5749,1,1223.785,633.8273,1223.805,633.7844
116.5835,1,1223.785,633.8273,1223.795,633.8058
116.5961,1,1223.848,633.8412,1223.821,633.8235
116.608,1,1223.848,633.8412,1223.834,633.8324
116.6181,1,1223.848,633.8412,1223.841,633.8368
116.6275,1,1224.076,633.7737,1223.958,633.8053
116.6405,1,1224.076,633.7737,1224.017,633.7896
116.649,1,1224.076,633.7737,1224.046,633.7816
116.6623,1,1224.221,633.8303,1224.134,633.8059
116.6707,1,1224.221,633.8303,1224.177,633.8181
116.6822,1,1224.221,633.8303,1224.199,633.8242
116.696,1,1224.376,633.9339,1224.287,633.879
116.7047,1,1224.376,633.9339,1224.332,633.9065
116.7169,1,1224.489,633.7159,1224.41,633.8112
116.7273,1,1224.489,633.7159,1224.45,633.7635
116.7393,1,1224.489,633.7159,1224.469,633.7397
116.7488,1,1224.779,633.5417,1224.624,633.6407
116.7605,1,1224.779,633.5417,1224.701,633.5912
116.7693,1,1224.779,633.5417,1224.74,633.5665
116.7815,1,1225.042,633.4066,1224.891,633.4866
116.79,1,1225.042,633.4066,1224.967,633.4465
116.8046,1,1225.042,633.4066,1225.005,633.4265
116.8153,1,1225.328,633.0586,1225.166,633.2426
116.8264,1,1225.328,633.0586,1225.247,633.1506
116.8369,1,1225.781,632.6466,1225.514,632.8986
116.8468,1,1225.781,632.6466,1225.647,632.7726
116.8581,1,1225.781,632.6466,1225.714,632.7096
116.8695,1,1226.104,632.149,1225.909,632.4293
116.8812,1,1226.104,632.149,1226.007,632.2892
116.8942,1,1226.104,632.149,1226.056,632.2191
116.9019,1,1226.484,631.3995,1226.27,631.8093
116.9139,1,1226.484,631.3995,1226.377,631.6044
116.9235,1,1226.484,631.3995,1226.43,631.502
116.9367,1,1226.892,630.7195,1226.661,631.1107
116.9442,1,1226.892,630.7195,1226.776,630.9152
116.9576,1,1227.985,630.1714,1227.381,630.5433
116.9668,1,1227.985,630.1714,1227.683,630.3573
116.9776,1,1227.985,630.1714,1227.834,630.2643
116.9882,1,1228.605,629.4932,1228.219,629.8788
117.0015,1,1228.605,629.4932,1228.412,629.686
117.0104,1,1228.605,629.4932,1228.508,629.5896
117.0223,1,1243.075,631.3743,1235.792,630.4819
117.0354,1,1243.075,631.3743,1239.433,630.9281
117.0433,1,1243.075,631.3743,1241.254,631.1512
117.0555,1,1290.705,638.6688,1265.979,634.91
117.0673,1,1290.705,638.6688,1278.342,636.7894
117.0794,1,1347.673,646.6423,1313.008,641.7158
117.0888,1,1347.673,646.6423,1330.34,644.1791
117.1025,1,1347.673,646.6423,1339.007,645.4106
117.1102,1,1395.277,655.3489,1367.142,650.3798
117.1233,1,1395.277,655.3489,1381.209,652.8643
117.134,1,1395.277,655.3489,1388.243,654.1066
117.1429,1,1430.624,661.7218,1409.433,657.9142
117.1573,1,1430.624,661.7218,1420.029,659.818
117.1663,1,1430.624,661.7218,1425.326,660.7699
117.1773,1,1454.891,665.9636,1440.109,663.3668
117.1902,1,1454.891,665.9636,1447.5,664.6652
117.2017,1,1471.561,668.642,1459.531,666.6536
117.21,1,1471.561,668.642,1465.546,667.6478
117.2246,1,1471.561,668.642,1468.553,668.1449
117.2361,1,1482.968,671.5644,1475.761,669.8546
117.2449,1,1482.968,671.5644,1479.365,670.7095
117.2568,1,1482.968,671.5644,1481.166,671.137
117.2674,1,1491.723,675.295,1486.445,673.2159
117.2791,1,1491.723,675.295,1489.084,674.2555
117.2884,1,1491.723,675.295,1490.404,674.7753
117.3058,1,1498.788,679.2319,1494.596,677.0035
117.3165,1,1498.788,679.2319,1496.692,678.1177
117.3281,1,1503.973,683.4572,1500.332,680.7875
117.3384,1,1503.973,683.4572,1502.153,682.1223
117.3492,1,1503.973,683.4572,1503.063,682.7898
117.3641,1,1495.846,681.9658,1499.454,682.3778
117.3751,1,1495.846,681.9658,1497.65,682.1718
117.385,1,1458.283,667.4295,1477.967,674.8007
117.3963,1,1458.283,667.4295,1468.125,671.1151
117.404,1,1458.283,667.4295,1463.204,669.2723
117.4184,1,1309.156,609.1523,1386.18,639.2123
117.4259,1,1309.156,609.1523,1347.668,624.1824
117.4396,1,1309.156,609.1523,1328.412,616.6674
117.4545,1,1164.474,551.5676,1246.443,584.1174
117.4607,1,1164.474,551.5676,1205.458,567.8425
117.4738,1,1073.875,513.0813,1139.667,540.4619
117.4853,1,1073.875,513.0813,1106.771,526.7716
117.4948,1,1073.875,513.0813,1090.323,519.9265
117.5057,1,1025.984,492.8759,1058.154,506.4012
117.5174,1,1025.984,492.8759,1042.069,499.6385
117.5276,1,1025.984,492.8759,1034.027,496.2573
117.5389,1,999.7603,485.2723,1016.893,490.7648
117.55,1,999.7603,485.2723,1008.327,488.0186
117.5635,1,986.5696,480.7292,997.4482,484.3739
117.571,1,986.5696,480.7292,992.0089,482.5516
117.5833,1,986.5696,480.7292,989.2893,481.6404
117.5958,1,978.3872,477.685,983.8383,479.6627
117.6038,1,978.3872,477.685,981.1127,478.6738
117.617,1,978.3872,477.685,979.75,478.1794
117.627,1,988.1428,482.1432,983.9464,480.1613
117.6374,1,988.1428,482.1432,986.0446,481.1523
117.6505,1,988.1428,482.1432,987.0936,481.6477
117.661,1,1025.592,501.3044,1006.343,491.4761
117.6709,1,1025.592,501.3044,1015.967,496.3903
117.6867,1,1147.143,563.1793,1081.555,529.7848
117.6943,1,1147.143,563.1793,1114.349,546.4821
117.704,1,1147.143,563.1793,1130.746,554.8307
117.721,1,1311.689,649.6439,1221.217,602.2373
117.7274,1,1311.689,649.6439,1266.453,625.9406
117.7395,1,1311.689,649.6439,1289.071,637.7922
117.7504,1,1420.69,702.593,1354.88,670.1926
117.7627,1,1420.69,702.593,1387.785,686.3928
117.7736,1,1474.679,733.4185,1431.232,709.9056
117.7835,1,1474.679,733.4185,1452.955,721.662
117.8011,1,1474.679,733.4185,1463.817,727.5403
117.8075,1,1501.215,751.3782,1482.516,739.4592
117.8193,1,1501.215,751.3782,1491.866,745.4187
117.8281,1,1501.215,751.3782,1496.541,748.3984
117.8399,1,1517.506,761.9103,1507.023,755.1544
117.8521,1,1517.506,761.9103,1512.264,758.5323
117.8619,1,1517.506,761.9103,1514.885,760.2213
117.8774,1,1526.382,767.1983,1520.633,763.7098
117.8859,1,1526.382,767.1983,1523.508,765.4541
117.8983,1,1531.349,770.4478,1527.428,767.9509
117.9071,1,1531.349,770.4478,1529.388,769.1993
117.9222,1,1531.349,770.4478,1530.368,769.8236
117.9353,1,1533.505,772.8522,1531.937,771.3379
117.9516,1,1533.505,772.8522,1532.721,772.0951
117.9622,1,1536.727,774.7275,1534.724,773.4113
117.9701,1,1536.727,774.7275,1535.726,774.0693
117.9803,1,1536.727,774.7275,1536.227,774.3984
117.9895,1,1539.133,775.9501,1537.68,775.1743
118.0019,1,1539.133,775.9501,1538.406,775.5621
118.0156,1,1540.268,777.6024,1539.337,776.5823
118.026,1,1540.268,777.6024,1539.802,777.0923
118.0351,1,1540.268,777.6024,1540.035,777.3474
118.0437,1,1540.268,777.6024,1540.151,777.4749
118.059,1,1541.049,778.4985,1540.6,777.9867
118.0721,1,1541.049,778.4985,1540.825,778.2426
118.0824,1,1541.891,780.4557,1541.358,779.3491
118.0921,1,1541.891,780.4557,1541.624,779.9024
118.1028,1,1541.891,780.4557,1541.757,780.1791
118.1174,1,1542.875,782.1289,1542.316,781.154
118.125,1,1542.875,782.1289,1542.596,781.6415
118.136,1,1543.954,783.4021,1543.275,782.5218
118.1446,1,1543.954,783.4021,1543.615,782.9619
118.157,1,1543.954,783.4021,1543.784,783.182
118.1682,1,1544.769,784.243,1544.277,783.7125
118.1816,1,1544.769,784.243,1544.523,783.9778
118.1894,1,1544.769,784.243,1544.646,784.1104
118.201,1,1545.65,785.4064,1545.148,784.7584
118.2122,1,1545.65,785.4064,1545.399,785.0824
118.225,1,1545.65,785.4064,1545.525,785.2444
118.2361,1,1540.387,782.2048,1542.956,783.7246
118.2479,1,1540.387,782.2048,1541.671,782.9647
118.2601,1,1412.53,688.6172,1477.101,735.791
118.2701,1,1412.53,688.6172,1444.816,712.2041
118.2829,1,1412.53,688.6172,1428.673,700.4106
118.2914,1,1120.985,510.0674,1274.829,605.239
118.3041,1,1120.985,510.0674,1197.907,557.6532
118.3176,1,930.6074,399.8984,1064.257,478.7758
118.3244,1,930.6074,399.8984,997.4324,439.3371
118.3369,1,930.6074,399.8984,964.0199,419.6178
118.3485,1,841.4888,352.0429,902.7543,385.8303
118.3594,1,841.4888,352.0429,872.1216,368.9366
118.3686,1,841.4888,352.0429,856.8052,360.4897
118.3821,1,757.205,326.3012,807.0051,343.3954
118.394,1,757.205,326.3012,782.1051,334.8483
118.4017,1,757.205,326.3012,769.655,330.5748
118.4164,1,710.8773,316.2178,740.2662,323.3963
118.4264,1,710.8773,316.2178,725.5718,319.8071
118.4369,1,693.3175,308.1714,709.4446,313.9892
118.4507,1,693.3175,308.1714,701.3811,311.0803
118.4606,1,693.3175,308.1714,697.3493,309.6259
118.4708,1,674.626,328.9633,685.9877,319.2946
118.4837,1,674.626,328.9633,680.3069,324.1289
118.4921,1,674.626,328.9633,677.4664,326.5461
118.5056,1,662.4735,347.2707,669.97,336.9084
118.5167,1,662.4735,347.2707,666.2217,342.0895
118.5248,1,662.4735,347.2707,664.3477,344.6801
118.5382,1,656.318,357.2044,660.3328,350.9423
118.5512,1,656.318,357.2044,658.3254,354.0733
118.559,1,654.2596,362.6065,656.2925,358.3399
118.5682,1,654.2596,362.6065,655.276,360.4732
118.5833,1,654.2596,362.6065,654.7678,361.5399
118.5945,1,660.3343,368.4485,657.551,364.9942
118.6043,1,660.3343,368.4485,658.9426,366.7214
118.6165,1,660.3343,368.4485,659.6384,367.585
118.625,1,701.9371,385.72,680.7878,376.6525
118.6367,1,701.9371,385.72,691.3624,381.1862
118.6484,1,955.608,489.2267,823.4852,435.2065
118.6635,1,955.608,489.2267,889.5466,462.2166
118.6722,1,955.608,489.2267,922.5773,475.7217
118.6855,1,1280.495,622.2593,1101.536,548.9905
118.695,1,1280.495,622.2593,1191.016,585.6249
118.7049,1,1280.495,622.2593,1235.755,603.9421
118.7168,1,1450.053,689.6671,1342.904,646.8046
118.7257,1,1450.053,689.6671,1396.479,668.2358
118.7395,1,1521.316,716.4611,1458.897,692.3484
118.7496,1,1521.316,716.4611,1490.107,704.4048
118.7601,1,1521.316,716.4611,1505.711,710.4329
118.7754,1,1553.242,730.0302,1529.477,720.2316
118.7874,1,1553.242,730.0302,1541.36,725.1309
118.7982,1,1553.242,730.0302,1547.301,727.5805
118.8052,1,1567.814,740.2483,1557.558,733.9144
118.8174,1,1567.814,740.2483,1562.686,737.0814
118.8262,1,1567.814,740.2483,1565.25,738.6648
118.8386,1,1574.15,743.7028,1569.7,741.1838
118.8497,1,1574.15,743.7028,1571.925,742.4432
118.8607,1,1595.858,754.5053,1583.892,748.4742
118.8707,1,1595.858,754.5053,1589.875,751.4897
118.8877,1,1595.858,754.5053,1592.867,752.9976
118.9009,1,1609.896,762.2139,1601.381,757.6057
118.9069,1,1609.896,762.2139,1605.639,759.9098
118.9172,1,1609.896,762.2139,1607.768,761.0619
118.9274,1,1615.498,765.5598,1611.633,763.3109
118.9397,1,1615.498,765.5598,1613.565,764.4353
118.95,1,1615.498,765.5598,1614.531,764.9976
118.9615,1,1617.626,766.2656,1616.079,765.6316
118.9709,1,1617.626,766.2656,1616.853,765.9486
118.983,1,1618.474,766.3809,1617.664,766.1647
118.9938,1,1618.474,766.3809,1618.069,766.2728
119.0035,1,1618.474,766.3809,1618.272,766.3268
119.0156,1,1618.413,765.9069,1618.342,766.1169
119.0246,1,1618.413,765.9069,1618.377,766.0119
119.0365,1,1618.413,765.9069,1618.395,765.9594
119.0469,1,1618.149,764.5281,1618.272,765.2438
119.0581,1,1618.149,764.5281,1618.21,764.886
119.0687,1,1618.149,764.5281,1618.179,764.707
119.0807,1,1618.859,764.5738,1618.519,764.6404
119.0907,1,1618.859,764.5738,1618.689,764.6071
119.1037,1,1617.533,762.4309,1618.111,763.519
119.1165,1,1617.533,762.4309,1617.822,762.975
119.1246,1,1617.533,762.4309,1617.678,762.7029
119.1377,1,1615.884,761.3849,1616.781,762.0439
119.148,1,1615.884,761.3849,1616.332,761.7145
119.1593,1,1615.884,761.3849,1616.108,761.5497
119.1687,1,1614.598,760.14,1615.353,760.8448
119.1787,1,1614.598,760.14,1614.976,760.4924
119.1947,1,1613.756,759.3461,1614.366,759.9193
119.204,1,1613.756,759.3461,1614.061,759.6327
119.2175,1,1613.756,759.3461,1613.908,759.4894
119.2261,1,1612.671,758.3694,1613.29,758.9294
119.2387,1,1612.671,758.3694,1612.981,758.6494
119.2498,1,1612.671,758.3694,1612.826,758.5094
119.2615,1,1611.251,757.3827,1612.038,757.946
119.2709,1,1611.251,757.3827,1611.645,757.6644
119.2847,1,1609.902,755.8441,1610.773,756.7542
119.2965,1,1609.902,755.8441,1610.337,756.2991
119.3052,1,1609.902,755.8441,1610.12,756.0716
119.3187,1,1608.617,753.8598,1609.368,754.9657
119.3292,1,1608.617,753.8598,1608.993,754.4127
119.3428,1,1608.617,753.8598,1608.805,754.1362
119.3513,1,1606.995,751.1377,1607.9,752.637
119.3619,1,1606.995,751.1377,1607.448,751.8873
119.3717,1,1606.995,751.1377,1607.222,751.5125
119.3855,1,1604.676,748.2428,1605.949,749.8777
119.3959,1,1604.676,748.2428,1605.312,749.0602
119.406,1,1603.346,745.1234,1604.329,747.0918
119.42,1,1603.346,745.1234,1603.837,746.1076
119.4282,1,1603.346,745.1234,1603.592,745.6155
119.441,1,1602.074,742.3716,1602.833,743.9935
119.454,1,1602.074,742.3716,1602.453,743.1826
119.4608,1,1602.074,742.3716,1602.264,742.7771
119.4752,1,1600.386,740.7775,1601.325,741.7773
119.486,1,1600.386,740.7775,1600.856,741.2773
119.5006,1,1598.382,738.3239,1599.619,739.8007
119.5068,1,1598.382,738.3239,1599,739.0623
119.5208,1,1598.382,738.3239,1598.691,738.6931
119.5299,1,1596.11,736.449,1597.401,737.571
119.5418,1,1596.11,736.449,1596.756,737.01
119.5521,1,1596.11,736.449,1596.433,736.7295
119.564,1,1594.003,734.712,1595.218,735.7208
119.5774,1,1594.003,734.712,1594.611,735.2164
119.5956,1,1591.583,733.574,1593.097,734.3952
119.6035,1,1591.583,733.574,1592.34,733.9846
119.6119,1,1591.583,733.574,1591.961,733.7793
119.6215,1,1589.167,731.9688,1590.564,732.874
119.632,1,1589.167,731.9688,1589.866,732.4214
119.643,1,1589.167,731.9688,1589.517,732.1951
119.6572,1,1586.627,730.3159,1588.072,731.2555
119.6649,1,1586.627,730.3159,1587.35,730.7856
119.6764,1,1583.783,728.334,1585.567,729.5598
119.6881,1,1583.783,728.334,1584.675,728.9469
119.6984,1,1583.783,728.334,1584.229,728.6404
119.7053,1,1581.286,725.7886,1582.757,727.2145
119.7199,1,1581.286,725.7886,1582.022,726.5016
119.7268,1,1581.286,725.7886,1581.654,726.1451
119.7391,1,1578.657,722.5973,1580.156,724.3712
119.7534,1,1578.657,722.5973,1579.406,723.4843
119.7599,1,1578.657,722.5973,1579.032,723.0408
119.7705,1,1575.739,720.4022,1577.385,721.7215
119.7835,1,1575.739,720.4022,1576.562,721.0619
119.7939,1,1575.739,720.4022,1576.15,720.7321
119.8041,1,1572.487,718.1917,1574.318,719.4619
119.8137,1,1572.487,718.1917,1573.403,718.8268
119.8235,1,1572.487,718.1917,1572.945,718.5093
119.8378,1,1568.375,714.8387,1570.66,716.674
119.8451,1,1568.375,714.8387,1569.517,715.7563
119.8573,1,1565.138,711.6693,1567.328,713.7128
119.8677,1,1565.138,711.6693,1566.233,712.691
119.8787,1,1565.138,711.6693,1565.686,712.1802
119.892,1,1563.115,708.7444,1564.4,710.4623
119.9025,1,1563.115,708.7444,1563.758,709.6034
119.9116,1,1563.115,708.7444,1563.437,709.174
119.9244,1,1561.237,705.3245,1562.337,707.2493
119.9356,1,1561.237,705.3245,1561.787,706.2869
119.9458,1,1561.237,705.3245,1561.512,705.8057
119.958,1,1558.998,702.4804,1560.255,704.1431
119.9681,1,1558.998,702.4804,1559.626,703.3118
119.9792,1,1556.361,698.4711,1557.994,700.8915
119.9893,1,1556.361,698.4711,1557.177,699.6813
120.002,1,1556.361,698.4711,1556.769,699.0762
120.0146,1,1553.62,695.149,1555.195,697.1125
120.0224,1,1553.62,695.149,1554.407,696.1307
120.0362,1,1553.62,695.149,1554.013,695.6399
120.0437,1,1551.044,692.3746,1552.529,694.0073
120.0562,1,1551.044,692.3746,1551.787,693.1909
120.0674,1,1551.044,692.3746,1551.416,692.7828
120.0808,1,1548.36,689.7136,1549.888,691.2482
120.09,1,1548.36,689.7136,1549.124,690.4808
120.1049,1,1545.992,687.232,1547.558,688.8564
120.1132,1,1545.992,687.232,1546.775,688.0442
120.1234,1,1545.992,687.232,1546.384,687.6381
120.1367,1,1543.871,684.287,1545.128,685.9625
120.147,1,1543.871,684.287,1544.5,685.1248
120.1574,1,1543.871,684.287,1544.185,684.7059
120.1671,1,1541.403,681.3909,1542.794,683.0484
120.1795,1,1541.403,681.3909,1542.099,682.2196
120.1895,1,1540.169,678.5026,1541.134,680.3611
120.2011,1,1540.169,678.5026,1540.652,679.4318
120.2103,1,1540.169,678.5026,1540.41,678.9672
120.2218,1,1538.936,676.0032,1539.673,677.4852
120.2309,1,1538.936,676.0032,1539.305,676.7441
120.2431,1,1538.936,676.0032,1539.12,676.3737
120.2521,1,1536.364,672.3162,1537.742,674.3449
120.2671,1,1536.364,672.3162,1537.053,673.3306
120.2762,1,1536.364,672.3162,1536.708,672.8234
120.287,1,1532.713,668.8638,1534.711,670.8436
120.296,1,1532.713,668.8638,1533.712,669.8536
120.3068,1,1532.713,668.8638,1533.212,669.3587
120.3193,1,1529.081,665.6438,1531.147,667.5012
120.3279,1,1529.081,665.6438,1530.114,666.5725
120.3426,1,1526.047,662.8846,1528.08,664.7285
120.3508,1,1526.047,662.8846,1527.063,663.8065
120.362,1,1526.047,662.8846,1526.555,663.3456
120.3747,1,1523.571,659.7036,1525.063,661.5246
120.384,1,1523.571,659.7036,1524.317,660.6141
120.3988,1,1523.571,659.7036,1523.944,660.1589
120.407,1,1521.15,656.7863,1522.547,658.4726
120.42,1,1521.15,656.7863,1521.848,657.6295
120.4286,1,1521.15,656.7863,1521.499,657.2079
120.4408,1,1517.835,653.251,1519.667,655.2295
120.4518,1,1517.835,653.251,1518.751,654.2402
120.4622,1,1514.797,650.2999,1516.774,652.2701
120.4742,1,1514.797,650.2999,1515.786,651.285
120.4853,1,1514.797,650.2999,1515.291,650.7925
120.4946,1,1512.771,648.1147,1514.031,649.4536
120.5065,1,1512.771,648.1147,1513.401,648.7842
120.5185,1,1512.771,648.1147,1513.086,648.4495
120.5286,1,1510.842,646.6108,1511.964,647.5302
120.5403,1,1510.842,646.6108,1511.403,647.0704
120.5538,1,1508.906,645.596,1510.154,646.3333
120.5647,1,1508.906,645.596,1509.53,645.9646
120.5792,1,1508.906,645.596,1509.218,645.7803
120.5874,1,1506.933,643.7328,1508.075,644.7566
120.6038,1,1506.933,643.7328,1507.504,644.2448
120.6103,1,1506.933,643.7328,1507.219,643.9888
120.6229,1,1504.655,641.3808,1505.937,642.6848
120.6355,1,1504.655,641.3808,1505.296,642.0328
120.6438,1,1502.637,640.1248,1503.967,641.0788
120.6549,1,1502.637,640.1248,1503.302,640.6018
120.6642,1,1502.637,640.1248,1502.969,640.3633
120.6771,1,1500.553,638.6947,1501.761,639.529
120.6864,1,1500.553,638.6947,1501.157,639.1118
120.6992,1,1500.553,638.6947,1500.855,638.9033
120.7098,1,1499.269,637.6702,1500.062,638.2867
120.7207,1,1499.269,637.6702,1499.666,637.9785
120.7334,1,1498.102,636.2407,1498.884,637.1096
120.7434,1,1498.102,636.2407,1498.493,636.6752
120.7535,1,1498.102,636.2407,1498.298,636.4579
120.7667,1,1497.348,634.1838,1497.823,635.3209
120.7764,1,1497.348,634.1838,1497.586,634.7524
120.7869,1,1497.348,634.1838,1497.467,634.4681
120.8014,1,1496.33,633.4868,1496.898,633.9774
120.8122,1,1496.33,633.4868,1496.614,633.7321
120.823,1,1496.33,633.4868,1496.472,633.6094
120.8359,1,1495.822,633.2599,1496.147,633.4346
120.8456,1,1495.822,633.2599,1495.985,633.3473
120.8598,1,1494.805,633.0999,1495.395,633.2236
120.867,1,1494.805,633.0999,1495.1,633.1617
120.878,1,1494.805,633.0999,1494.952,633.1308
120.8917,1,1493.811,632.7082,1494.382,632.9195
120.9007,1,1493.811,632.7082,1494.096,632.8138
120.9114,1,1493.811,632.7082,1493.954,632.761
120.9215,1,1493.143,631.9342,1493.548,632.3476
120.9339,1,1493.143,631.9342,1493.346,632.1409
120.9436,1,1493.143,631.9342,1493.244,632.0375
120.9558,1,1492.427,631.2946,1492.836,631.666
120.9667,1,1492.427,631.2946,1492.631,631.4803
120.9791,1,1491.748,630.7215,1492.19,631.1009
120.9866,1,1491.748,630.7215,1491.969,630.9112
121.0008,1,1491.748,630.7215,1491.859,630.8163
121.0064,1,1489.166,628.7964,1490.512,629.8064
121.018,1,1489.166,628.7964,1489.839,629.3014
121.0305,1,1489.166,628.7964,1489.502,629.0489
121.0404,1,1486.991,626.7836,1488.247,627.9163
121.0518,1,1486.991,626.7836,1487.619,627.3499
121.0653,1,1484.272,624.2346,1485.946,625.7922
121.0759,1,1484.272,624.2346,1485.109,625.0134
121.0863,1,1484.272,624.2346,1484.69,624.624
121.0995,1,1481.379,621.126,1483.035,622.875
121.1088,1,1481.379,621.126,1482.207,622.0005
121.1209,1,1481.379,621.126,1481.793,621.5632
121.1304,1,1478.565,618.8456,1480.179,620.2045
121.1426,1,1478.565,618.8456,1479.372,619.525
121.1563,1,1475.261,616.4045,1477.316,617.9648
121.1625,1,1475.261,616.4045,1476.289,617.1847
121.1742,1,1475.261,616.4045,1475.775,616.7946
121.1849,1,1475.261,616.4045,1475.518,616.5996
121.1965,1,1472.303,613.2054,1473.91,614.9025
121.2066,1,1472.303,613.2054,1473.107,614.054
121.2197,1,1470.184,609.718,1471.645,611.886
121.2292,1,1470.184,609.718,1470.915,610.802
121.2419,1,1470.184,609.718,1470.549,610.26
121.2522,1,1467.404,606.726,1468.977,608.493
121.2614,1,1467.404,606.726,1468.19,607.6095
121.2719,1,1467.404,606.726,1467.797,607.1677
121.2837,1,1464.877,603.3396,1466.337,605.2537
121.2943,1,1464.877,603.3396,1465.607,604.2966
121.3036,1,1464.877,603.3396,1465.242,603.8181
121.3168,1,1462.706,601.9092,1463.974,602.8636
121.3273,1,1462.706,601.9092,1463.34,602.3864
121.3374,1,1460.371,601.7309,1461.855,602.0587
121.3469,1,1460.371,601.7309,1461.113,601.8948
121.363,1,1460.371,601.7309,1460.742,601.8129
121.3712,1,1458.663,601.3381,1459.702,601.5755
121.3848,1,1458.663,601.3381,1459.182,601.4568
121.3943,1,1458.663,601.3381,1458.922,601.3975
121.4048,1,1457.136,600.7506,1458.029,601.074
121.4159,1,1457.136,600.7506,1457.582,600.9124
121.4282,1,1455.5,599.8896,1456.541,600.401
121.4406,1,1455.5,599.8896,1456.02,600.1453
121.4487,1,1455.5,599.8896,1455.76,600.0175
121.461,1,1454.519,599.3977,1455.14,599.7076
121.4715,1,1454.519,599.3977,1454.829,599.5526
121.4868,1,1454.519,599.3977,1454.674,599.4752
121.4946,1,1453.213,599.1285,1453.944,599.3018
121.5064,1,1453.213,599.1285,1453.578,599.2151
121.5203,1,1451.74,598.7312,1452.659,598.9731
121.5299,1,1451.74,598.7312,1452.199,598.8522
121.5423,1,1451.74,598.7312,1451.97,598.7917
121.5557,1,1450.074,598.6744,1451.022,598.733
121.5677,1,1450.074,598.6744,1450.548,598.7037
121.5753,1,1450.074,598.6744,1450.311,598.6891
121.5877,1,1448.478,598.4845,1449.395,598.5868
121.6004,1,1448.478,598.4845,1448.937,598.5356
121.6081,1,1448.478,598.4845,1448.708,598.5101
121.6217,1,1447.337,598.4869,1448.022,598.4985
121.6337,1,1447.337,598.4869,1447.68,598.4927
121.6423,1,1446.132,598.4708,1446.906,598.4818
121.6575,1,1446.132,598.4708,1446.519,598.4763
121.6658,1,1446.132,598.4708,1446.325,598.4736
121.677,1,1444.892,598.6768,1445.609,598.5752
121.6881,1,1444.892,598.6768,1445.25,598.626
121.7036,1,1444.147,599.0909,1444.698,598.8584
121.7094,1,1444.147,599.0909,1444.423,598.9746
121.7233,1,1444.147,599.0909,1444.285,599.0327
121.7362,1,1443.145,599.1479,1443.715,599.0903
121.7438,1,1443.145,599.1479,1443.43,599.1191
121.7556,1,1443.145,599.1479,1443.287,599.1335
121.7681,1,1442.382,599.6982,1442.835,599.4159
121.7793,1,1442.382,599.6982,1442.609,599.5571
121.7896,1,1441.171,600.9449,1441.89,600.251
121.8012,1,1441.171,600.9449,1441.53,600.598
121.8116,1,1441.171,600.9449,1441.351,600.7715
121.8236,1,1439.897,602.8082,1440.624,601.7899
121.8348,1,1439.897,602.8082,1440.26,602.2991
121.8443,1,1439.897,602.8082,1440.079,602.5536
121.8598,1,1420.779,598.054,1430.429,600.3038
121.8682,1,1420.779,598.054,1425.604,599.179
121.8794,1,1420.779,598.054,1423.191,598.6165
121.8946,1,1299.731,541.8328,1361.461,570.2246
121.9012,1,1299.731,541.8328,1330.596,556.0287
121.9119,1,1132.397,443.0968,1231.497,499.5627
121.9239,1,1132.397,443.0968,1181.947,471.3298
121.9375,1,1132.397,443.0968,1157.172,457.2133
121.9485,1,1025.327,373.4424,1091.25,415.3278
121.9611,1,1025.327,373.4424,1058.288,394.3851
121.9709,1,1025.327,373.4424,1041.808,383.9138
121.9841,1,969.7347,339.8991,1005.771,361.9064
121.9954,1,969.7347,339.8991,987.7529,350.9028
122.0045,1,942.4504,320.3978,965.1017,335.6503
122.0174,1,942.4504,320.3978,953.776,328.024
122.0275,1,942.4504,320.3978,948.1132,324.2109
122.0387,1,927.2827,307.7307,937.6979,315.9708
122.0496,1,927.2827,307.7307,932.4902,311.8508
122.0619,1,919.6356,300.6495,926.0629,306.2502
122.0698,1,919.6356,300.6495,922.8492,303.4498
122.0832,1,919.6356,300.6495,921.2424,302.0497
122.0975,1,915.6439,297.7942,918.4431,299.9219
122.1049,1,915.6439,297.7942,917.0435,298.858
122.1184,1,915.6439,297.7942,916.3436,298.3261
122.1297,1,912.9244,297.9671,914.634,298.1466
122.1401,1,912.9244,297.9671,913.7792,298.0568
122.1509,1,912.9244,297.9671,913.3518,298.012
122.1618,1,846.1696,340.2455,879.7607,319.1288
122.1699,1,846.1696,340.2455,862.9651,329.6871
122.1834,1,670.5398,455.0984,766.7524,392.3928
122.1944,1,670.5398,455.0984,718.6461,423.7456
122.2048,1,670.5398,455.0984,694.593,439.422
122.2173,1,508.5041,565.4476,601.5485,502.4348
122.2271,1,508.5041,565.4476,555.0263,533.9412
122.2384,1,508.5041,565.4476,531.7652,549.6945
122.2486,1,422.575,622.5378,477.1701,586.1161
122.2615,1,422.575,622.5378,449.8726,604.3269
122.2702,1,422.575,622.5378,436.2238,613.4324
122.2817,1,381.0753,647.6196,408.6495,630.526
122.2897,1,381.0753,647.6196,394.8624,639.0728
122.3017,1,381.0753,647.6196,387.9689,643.3462
122.31,1,358.9466,664.1633,373.4577,653.7548
122.3252,1,358.9466,664.1633,366.2021,658.959
122.3356,1,348.6238,672.8425,357.413,665.9008
122.3444,1,348.6238,672.8425,353.0184,669.3716
122.3594,1,348.6238,672.8425,350.8211,671.1071
122.3715,1,341.5749,678.5282,346.198,674.8176
122.3841,1,341.5749,678.5282,343.8864,676.6729
122.3936,1,341.5749,678.5282,342.7307,677.6006
122.4037,1,370.0243,680.2484,356.3774,678.9244
122.4173,1,370.0243,680.2484,363.2009,679.5864
122.4259,1,479.0899,694.0033,421.1454,686.7949
122.4389,1,479.0899,694.0033,450.1176,690.399
122.4496,1,479.0899,694.0033,464.6038,692.2012
122.4593,1,648.1548,722.2743,556.3793,707.2377
122.4686,1,648.1548,722.2743,602.267,714.756
122.4799,1,648.1548,722.2743,625.2109,718.5151
122.4922,1,790.0258,745.4911,707.6183,732.0032
122.5037,1,790.0258,745.4911,748.822,738.7472
122.5113,1,790.0258,745.4911,769.4239,742.1191
122.5256,1,878.802,757.3536,824.1129,749.7363
122.5357,1,878.802,757.3536,851.4575,753.5449
122.5442,1,878.802,757.3536,865.1298,755.4492
122.5578,1,929.4696,765.7665,897.2997,760.6078
122.5663,1,929.4696,765.7665,913.3846,763.1871
122.5776,1,958.5716,769.1819,935.9781,766.1845
122.5884,1,958.5716,769.1819,947.2749,767.6832
122.6007,1,958.5716,769.1819,952.9232,768.4326
122.6118,1,956.2642,728.7109,954.5937,748.5717
122.6238,1,956.2642,728.7109,955.429,738.6413
122.6357,1,956.2642,728.7109,955.8466,733.6761
122.6452,1,940.2555,590.8694,948.051,662.2728
122.6569,1,940.2555,590.8694,944.1533,626.5711
122.667,1,925.0847,420.7488,934.619,523.6599
122.6797,1,925.0847,420.7488,929.8519,472.2043
122.6891,1,925.0847,420.7488,927.4683,446.4766
122.7023,1,914.293,317.7325,920.8806,382.1045
122.7119,1,914.293,317.7325,917.5868,349.9185
122.7221,1,914.293,317.7325,915.9399,333.8254
122.7322,1,907.7325,266.3757,911.8362,300.1006
122.7451,1,907.7325,266.3757,909.7844,283.2382
122.7585,1,907.3175,241.5962,908.5509,262.4172
122.7684,1,907.3175,241.5962,907.9342,252.0067
122.7794,1,907.3175,241.5962,907.6259,246.8014
122.7967,1,906.3222,228.1471,906.974,237.4743
122.8056,1,906.3222,228.1471,906.6481,232.8107
122.817,1,906.9556,221.2618,906.8018,227.0363
122.8272,1,906.9556,221.2618,906.8787,224.149
122.839,1,906.9556,221.2618,906.9171,222.7054
122.8507,1,968.457,270.8077,937.687,246.7566
122.8617,1,968.457,270.8077,953.072,258.7822
122.872,1,968.457,270.8077,960.7645,264.795
122.885,1,1121.282,409.493,1041.023,337.144
122.8954,1,1121.282,409.493,1081.153,373.3185
122.9043,1,1121.282,409.493,1101.217,391.4057
122.9169,1,1335.449,582.5873,1218.333,486.9965
122.9249,1,1335.449,582.5873,1276.891,534.7919
122.9371,1,1335.449,582.5873,1306.17,558.6896
122.9481,1,1459.703,683.0513,1382.937,620.8705
122.9576,1,1459.703,683.0513,1421.32,651.9609
122.9696,1,1516.537,720.3746,1468.928,686.1677
122.9806,1,1516.537,720.3746,1492.733,703.2711
122.9891,1,1516.537,720.3746,1504.635,711.8229
123.0017,1,1545.716,741.7492,1525.176,726.786
123.0107,1,1545.716,741.7492,1535.446,734.2676
123.0216,1,1545.716,741.7492,1540.581,738.0084
123.0338,1,1557.465,750.839,1549.023,744.4237
123.0438,1,1557.465,750.839,1553.244,747.6313
123.0564,1,1557.465,750.839,1555.354,749.2352
123.0663,1,1565.651,755.1082,1560.502,752.1717
123.0802,1,1565.651,755.1082,1563.077,753.64
123.0882,1,1565.651,755.1082,1564.364,754.3741
123.1005,1,1570.299,758.153,1567.331,756.2635
123.1121,1,1570.299,758.153,1568.815,757.2083
123.1233,1,1571.468,760.1182,1570.142,758.6632
123.1339,1,1571.468,760.1182,1570.805,759.3907
123.1442,1,1571.468,760.1182,1571.137,759.7544
123.1562,1,1573.831,760.037,1572.484,759.8958
123.1657,1,1573.831,760.037,1573.157,759.9664
123.1773,1,1573.831,760.037,1573.494,760.0017
123.1877,1,1576.16,758.9598,1574.827,759.4807
123.2002,1,1576.16,758.9598,1575.493,759.2202
123.2101,1,1577.219,758.6844,1576.356,758.9523
123.2225,1,1577.219,758.6844,1576.788,758.8184
123.2352,1,1577.219,758.6844,1577.003,758.7514
123.243,1,1577.466,759.9021,1577.234,759.3268
123.2551,1,1577.466,759.9021,1577.35,759.6144
123.2669,1,1577.466,759.9021,1577.408,759.7583
123.2809,1,1557.939,759.408,1567.673,759.5831
123.2892,1,1557.939,759.408,1562.806,759.4955
123.3012,1,1437.884,764.1514,1500.345,761.8235
123.3119,1,1437.884,764.1514,1469.115,762.9874
123.3219,1,1437.884,764.1514,1453.5,763.5695
123.3341,1,1113.825,770.0201,1283.662,766.7948
123.3436,1,1113.825,770.0201,1198.743,768.4075
123.3553,1,1113.825,770.0201,1156.284,769.2137
123.3651,1,843.8105,770.3773,1000.047,769.7955
123.3794,1,843.8105,770.3773,921.929,770.0864
123.3863,1,843.8105,770.3773,882.8698,770.2319
123.3994,1,709.73,772.506,796.2999,771.3689
123.4115,1,709.73,772.506,753.015,771.9374
123.4216,1,650.5267,770.6992,701.7709,771.3184
123.4336,1,650.5267,770.6992,676.1488,771.0088
123.4428,1,650.5267,770.6992,663.3378,770.854
123.4542,1,622.4069,773.6745,642.8723,772.2643
123.4672,1,622.4069,773.6745,632.6396,772.9694
123.4758,1,622.4069,773.6745,627.5232,773.3219
123.485,1,607.8036,775.288,617.6635,774.3049
123.4971,1,607.8036,775.288,612.7335,774.7964
123.5072,1,607.8036,775.288,610.2686,775.0422
123.52,1,600.2892,777.1402,605.2789,776.0912
123.5283,1,600.2892,777.1402,602.7841,776.6157
123.54,1,600.2892,777.1402,601.5366,776.8779
123.5521,1,607.3536,778.9321,604.4451,777.905
123.5632,1,607.3536,778.9321,605.8994,778.4186
123.577,1,676.0848,780.7197,640.9921,779.5691
123.5855,1,676.0848,780.7197,658.5385,780.1444
123.5995,1,676.0848,780.7197,667.3116,780.432
123.6107,1,907.7437,778.7738,787.5277,779.6029
123.6221,1,907.7437,778.7738,847.6357,779.1884
123.6343,1,1240.104,772.7753,1043.87,775.9818
123.6443,1,1240.104,772.7753,1141.987,774.3785
123.6574,1,1240.104,772.7753,1191.046,773.5769
123.6686,1,1429.103,767.3656,1310.074,770.4713
123.6793,1,1429.103,767.3656,1369.588,768.9185
123.6871,1,1429.103,767.3656,1399.345,768.142
123.7035,1,1516.175,762.3886,1457.76,765.2653
123.7136,1,1516.175,762.3886,1486.968,763.827
123.7196,1,1516.175,762.3886,1501.571,763.1078
123.7354,1,1559.56,760.8043,1530.566,761.9561
123.744,1,1559.56,760.8043,1545.063,761.3801
123.7543,1,1577.313,761.3029,1561.188,761.3416
123.7664,1,1577.313,761.3029,1569.251,761.3223
123.776,1,1577.313,761.3029,1573.282,761.3126
123.7851,1,1583.522,763.543,1578.402,762.4279
123.7961,1,1583.522,763.543,1580.962,762.9855
123.8076,1,1583.522,763.543,1582.242,763.2643
123.8196,1,1586.56,765.4376,1584.401,764.351
123.8272,1,1586.56,765.4376,1585.481,764.8943
123.8434,1,1589.587,764.3099,1587.534,764.6021
123.8516,1,1589.587,764.3099,1588.561,764.4559
123.8627,1,1589.587,764.3099,1589.074,764.3829
123.8722,1,1589.587,764.3099,1589.331,764.3464
123.885,1,1590.569,761.4362,1589.95,762.8913
123.8948,1,1590.569,761.4362,1590.26,762.1637
123.9064,1,1591.276,758.6656,1590.768,760.4147
123.9172,1,1591.276,758.6656,1591.022,759.5402
123.9255,1,1591.276,758.6656,1591.149,759.1029
123.9396,1,1589.858,756.4708,1590.503,757.7869
123.9487,1,1589.858,756.4708,1590.181,757.1288
123.9603,1,1589.858,756.4708,1590.019,756.7998
123.9716,1,1588.619,754.7199,1589.319,755.7599
123.9839,1,1588.619,754.7199,1588.969,755.2399
123.9915,1,1588.619,754.7199,1588.794,754.9799
124.0037,1,1587.677,753.5645,1588.235,754.2722
124.0117,1,1587.677,753.5645,1587.956,753.9183
124.0255,1,1587.481,752.3875,1587.719,753.1529
124.0348,1,1587.481,752.3875,1587.6,752.7701
124.0445,1,1587.481,752.3875,1587.54,752.5788
124.0563,1,1581.937,747.5071,1584.739,750.043
124.0659,1,1581.937,747.5071,1583.338,748.775
124.0796,1,1581.937,747.5071,1582.637,748.1411
124.0875,1,1464.354,638.8781,1523.496,693.5095
124.1009,1,1464.354,638.8781,1493.925,666.1938
124.1108,1,1464.354,638.8781,1479.139,652.5359
124.1226,1,1218.571,423.183,1348.855,537.8594
124.1342,1,1218.571,423.183,1283.713,480.5212
124.1435,1,1218.571,423.183,1251.142,451.8521
124.1565,1,1071.91,296.9279,1161.526,374.39
124.1682,1,1071.91,296.9279,1116.718,335.6589
124.1789,1,1008.462,238.8365,1062.59,287.2477
124.1884,1,1008.462,238.8365,1035.526,263.0421
124.2028,1,1008.462,238.8365,1021.994,250.9393
124.2122,1,979.2479,219.6577,1000.621,235.2985
124.2237,1,979.2479,219.6577,989.9343,227.4781
124.2393,1,965.9215,210.2591,977.9279,218.8686
124.2488,1,965.9215,210.2591,971.9247,214.5638
124.2597,1,965.9215,210.2591,968.9231,212.4115
124.2707,1,961.4694,207.7019,965.1963,210.0567
124.2819,1,961.4694,207.7019,963.3329,208.8793
124.2919,1,961.4694,207.7019,962.4011,208.2906
124.3061,1,976.1083,205.7386,969.2547,207.0146
124.3166,1,976.1083,205.7386,972.6815,206.3766
124.3269,1,976.1083,205.7386,974.3949,206.0576
124.3404,1,991.9392,210.0848,983.1671,208.0712
124.3505,1,991.9392,210.0848,987.5531,209.078
124.3623,1,1026.236,227.6653,1006.895,218.3716
124.3767,1,1026.236,227.6653,1016.565,223.0185
124.3828,1,1026.236,227.6653,1021.401,225.3419
124.392,1,1089.627,276.9163,1055.514,251.1291
124.4074,1,1089.627,276.9163,1072.57,264.0227
124.4174,1,1089.627,276.9163,1081.098,270.4695
124.4266,1,1263.122,421.1319,1172.11,345.8007
124.4396,1,1263.122,421.1319,1217.616,383.4663
124.45,1,1402.65,538.7439,1310.133,461.1051
124.46,1,1402.65,538.7439,1356.391,499.9245
124.4705,1,1402.65,538.7439,1379.521,519.3342
124.4818,1,1469.747,601.7772,1424.634,560.5557
124.4943,1,1469.747,601.7772,1447.19,581.1665
124.5024,1,1469.747,601.7772,1458.469,591.4719
124.5154,1,1498.634,629.797,1478.551,610.6344
124.527,1,1498.634,629.797,1488.593,620.2157
124.5389,1,1498.634,629.797,1493.614,625.0063
124.5465,1,1510.113,642.778,1501.863,633.8922
124.5599,1,1510.113,642.778,1505.988,638.3351
124.5695,1,1514.229,651.2263,1510.108,644.7807
124.5817,1,1514.229,651.2263,1512.168,648.0035
124.5909,1,1514.229,651.2263,1513.198,649.6149
124.6029,1,1521.987,668.1876,1517.593,658.9012
124.6142,1,1521.987,668.1876,1519.79,663.5444
124.6246,1,1521.987,668.1876,1520.888,665.866
124.6374,1,1526.986,675.3641,1523.937,670.6151
124.6478,1,1526.986,675.3641,1525.461,672.9896
124.6608,1,1528.423,678.7997,1526.942,675.8947
124.6721,1,1528.423,678.7997,1527.682,677.3472
124.6822,1,1528.423,678.7997,1528.053,678.0735
124.6942,1,1528.562,679.5538,1528.307,678.8137
124.7036,1,1528.562,679.5538,1528.435,679.1837
124.7161,1,1528.562,679.5538,1528.498,679.3688
124.7254,1,1529.195,681.5031,1528.846,680.4359
124.7379,1,1529.195,681.5031,1529.021,680.9695
124.748,1,1529.195,681.5031,1529.108,681.2363
124.7579,1,1528.953,682.9547,1529.03,682.0955
124.7691,1,1528.953,682.9547,1528.991,682.525
124.7798,1,1528.953,682.9547,1528.972,682.7399
124.7895,1,1528.789,682.6017,1528.88,682.6708
124.803,1,1528.789,682.6017,1528.835,682.6362
124.818,1,1527.679,683.0859,1528.257,682.8611
124.8243,1,1527.679,683.0859,1527.968,682.9735
124.8373,1,1527.679,683.0859,1527.824,683.0297
124.8477,1,1526.72,684.0017,1527.272,683.5157
124.859,1,1526.72,684.0017,1526.996,683.7587
124.8683,1,1526.72,684.0017,1526.858,683.8802
124.8802,1,1526.354,684.3284,1526.606,684.1043
124.8905,1,1526.354,684.3284,1526.48,684.2163
124.9038,1,1525.685,685.0487,1526.082,684.6325
124.9156,1,1525.685,685.0487,1525.884,684.8406
124.9247,1,1525.685,685.0487,1525.784,684.9446
124.9369,1,1524.716,685.4786,1525.25,685.2117
124.9476,1,1524.716,685.4786,1524.983,685.3452
124.9582,1,1524.716,685.4786,1524.849,685.4119
124.9691,1,1524.11,685.8176,1524.48,685.6147
124.9814,1,1524.11,685.8176,1524.295,685.7162
124.9915,1,1523.637,686.1398,1523.966,685.928
125.004,1,1523.637,686.1398,1523.801,686.0339
125.0153,1,1523.637,686.1398,1523.719,686.0868
125.0246,1,1523.144,686.3181,1523.431,686.2025
125.0372,1,1523.144,686.3181,1523.288,686.2603
125.0478,1,1523.144,686.3181,1523.216,686.2892
125.0578,1,1522.636,685.8732,1522.926,686.0812
125.0684,1,1522.636,685.8732,1522.781,685.9772
125.08,1,1522.636,685.8732,1522.708,685.9252
125.0895,1,1522.42,685.6058,1522.564,685.7655
125.1013,1,1522.42,685.6058,1522.492,685.6857
125.111,1,1522.42,685.6058,1522.456,685.6458
125.1231,1,1521.609,685.4541,1522.032,685.5499
125.1349,1,1521.609,685.4541,1521.821,685.502
125.1444,1,1520.679,685.0251,1521.25,685.2635
125.1565,1,1520.679,685.0251,1520.965,685.1443
125.167,1,1520.679,685.0251,1520.822,685.0847
125.1791,1,1519.612,684.7538,1520.217,684.9193
125.1877,1,1519.612,684.7538,1519.915,684.8365
125.1983,1,1519.612,684.7538,1519.763,684.7952
125.2091,1,1518.664,684.238,1519.214,684.5166
125.2212,1,1518.664,684.238,1518.939,684.3773
125.2312,1,1518.664,684.238,1518.802,684.3077
125.2461,1,1517.903,683.5214,1518.352,683.9146
125.2553,1,1517.903,683.5214,1518.128,683.718
125.2668,1,1517,682.8786,1517.564,683.2983
125.2785,1,1517,682.8786,1517.282,683.0884
125.2889,1,1517,682.8786,1517.141,682.9835
125.3039,1,1516.077,682.4446,1516.609,682.7141
125.3133,1,1516.077,682.4446,1516.343,682.5793
125.3223,1,1516.077,682.4446,1516.21,682.512
125.336,1,1514.887,681.754,1515.549,682.133
125.3455,1,1514.887,681.754,1515.218,681.9435
125.3568,1,1513.817,681.2217,1514.518,681.5826
125.367,1,1513.817,681.2217,1514.167,681.4022
125.3794,1,1513.817,681.2217,1513.992,681.312
125.3886,1,1512.288,680.1226,1513.14,680.7173
125.4009,1,1512.288,680.1226,1512.714,680.4199
125.4106,1,1512.288,680.1226,1512.501,680.2712
125.4226,1,1510.58,679.5552,1511.541,679.9132
125.4301,1,1510.58,679.5552,1511.061,679.7342
125.4441,1,1510.58,679.5552,1510.821,679.6447
125.4543,1,1508.883,678.7057,1509.852,679.1752
125.4629,1,1508.883,678.7057,1509.367,678.9404
125.4758,1,1507.097,677.8495,1508.232,678.395
125.4855,1,1507.097,677.8495,1507.665,678.1222
125.4963,1,1507.097,677.8495,1507.381,677.9858
125.5068,1,1506.135,677.3777,1506.758,677.6818
125.5198,1,1506.135,677.3777,1506.447,677.5298
125.5275,1,1506.135,677.3777,1506.291,677.4537
125.541,1,1504.835,676.8407,1505.563,677.1472
125.5505,1,1504.835,676.8407,1505.199,676.994
125.5655,1,1504.835,676.8407,1505.017,676.9174
125.5739,1,1503.159,675.9028,1504.088,676.41
125.5845,1,1503.159,675.9028,1503.624,676.1564
125.5965,1,1501.611,675.428,1502.617,675.7922
125.6054,1,1501.611,675.428,1502.114,675.6101
125.6167,1,1501.611,675.428,1501.863,675.519
125.6258,1,1501.611,675.428,1501.737,675.4735
125.6403,1,1499.735,675.0541,1500.736,675.2638
125.6506,1,1499.735,675.0541,1500.235,675.1589
125.6635,1,1498.393,674.4502,1499.314,674.8046
125.6763,1,1498.393,674.4502,1498.853,674.6274
125.685,1,1498.393,674.4502,1498.623,674.5388
125.6959,1,1497.028,674.1748,1497.825,674.3568
125.7064,1,1497.028,674.1748,1497.427,674.2658
125.7177,1,1495.654,673.6299,1496.54,673.9479
125.7273,1,1495.654,673.6299,1496.097,673.7889
125.7401,1,1495.654,673.6299,1495.876,673.7095
125.7491,1,1494.347,673.1665,1495.111,673.438
125.7607,1,1494.347,673.1665,1494.729,673.3022
125.7738,1,1494.347,673.1665,1494.538,673.2344
125.7819,1,1493.164,672.6495,1493.851,672.9419
125.7941,1,1493.164,672.6495,1493.507,672.7957
125.8042,1,1493.164,672.6495,1493.336,672.7225
125.8154,1,1491.623,672.2988,1492.479,672.5107
125.8275,1,1491.623,672.2988,1492.051,672.4048
125.8369,1,1491.623,672.2988,1491.837,672.3518
125.8462,1,1490.394,671.7712,1491.115,672.0615
125.8636,1,1490.394,671.7712,1490.754,671.9164
125.8708,1,1488.834,671.168,1489.794,671.5422
125.8817,1,1488.834,671.168,1489.314,671.3551
125.891,1,1488.834,671.168,1489.074,671.2615
125.9044,1,1487.473,670.1616,1488.274,670.7115
125.9138,1,1487.473,670.1616,1487.874,670.4366
125.923,1,1487.473,670.1616,1487.674,670.2991
125.9374,1,1485.631,669.0927,1486.652,669.6959
125.9445,1,1485.631,669.0927,1486.141,669.3943
125.9573,1,1485.631,669.0927,1485.886,669.2435
125.9686,1,1483.275,666.9235,1484.581,668.0835
125.9783,1,1483.275,666.9235,1483.928,667.5035
125.9892,1,1482.103,664.9221,1483.016,666.2128
126.0033,1,1482.103,664.9221,1482.559,665.5674
126.0118,1,1482.103,664.9221,1482.331,665.2448
126.0236,1,1480.652,663.4392,1481.492,664.342
126.0371,1,1480.652,663.4392,1481.072,663.8906
126.0463,1,1480.652,663.4392,1480.862,663.6649
126.0585,1,1478.78,660.6198,1479.821,662.1423
126.0685,1,1478.78,660.6198,1479.301,661.3811
126.0791,1,1478.78,660.6198,1479.04,661.0005
126.0921,1,1476.119,657.6852,1477.58,659.3429
126.1034,1,1476.119,657.6852,1476.849,658.514
126.1096,1,1476.119,657.6852,1476.484,658.0996
126.1268,1,1473.755,655.0622,1475.119,656.5809
126.1363,1,1473.755,655.0622,1474.437,655.8215
126.1459,1,1471.761,652.5906,1473.099,654.2061
126.1573,1,1471.761,652.5906,1472.43,653.3983
126.1697,1,1471.761,652.5906,1472.095,652.9944
126.1794,1,1469.841,650.3552,1470.968,651.6748
126.19,1,1469.841,650.3552,1470.404,651.015
126.2047,1,1468.399,649.1829,1469.402,650.099
126.2142,1,1468.399,649.1829,1468.9,649.641
126.2231,1,1468.399,649.1829,1468.65,649.412
126.2371,1,1466.901,647.866,1467.776,648.639
126.2441,1,1466.901,647.866,1467.338,648.2524
126.2558,1,1466.901,647.866,1467.12,648.0592
126.2681,1,1464.858,646.8535,1465.989,647.4563
126.277,1,1464.858,646.8535,1465.423,647.1549
126.2876,1,1464.858,646.8535,1465.141,647.0042
126.3083,1,1463.491,646.3145,1464.316,646.6593
126.3167,1,1463.491,646.3145,1463.903,646.4869
126.3262,1,1462.733,645.5005,1463.318,645.9937
126.3344,1,1462.733,645.5005,1463.025,645.7471
126.3434,1,1462.733,645.5005,1462.879,645.6238
126.3558,1,1461.414,644.5443,1462.146,645.0841
126.3674,1,1461.414,644.5443,1461.78,644.8142
126.3776,1,1461.414,644.5443,1461.597,644.6793
126.3874,1,1458.05,644.2379,1459.823,644.4586
126.4007,1,1458.05,644.2379,1458.937,644.3482
126.4091,1,1458.05,644.2379,1458.493,644.293
126.4224,1,1385.543,646.8766,1422.018,645.5848
126.4315,1,1385.543,646.8766,1403.781,646.2307
126.4428,1,1090.861,655.6539,1247.321,650.9423
126.4542,1,1090.861,655.6539,1169.091,653.2981
126.465,1,1090.861,655.6539,1129.976,654.476
126.472,1,788.9937,667.1121,959.4847,660.7941
126.4856,1,788.9937,667.1121,874.2393,663.9531
126.4974,1,788.9937,667.1121,831.6165,665.5326
126.5063,1,633.1152,678.1151,732.3658,671.8239
126.5198,1,633.1152,678.1151,682.7405,674.9695
126.5301,1,633.1152,678.1151,657.9279,676.5422
126.5415,1,566.2896,681.316,612.1087,678.9291
126.5513,1,566.2896,681.316,589.1991,680.1226
126.5641,1,534.808,681.3169,562.0035,680.7197
126.5717,1,534.808,681.3169,548.4058,681.0183
126.5847,1,534.808,681.3169,541.6069,681.1676
126.5963,1,521.0532,681.64,531.3301,681.4038
126.6044,1,521.0532,681.64,526.1917,681.5219
126.6154,1,521.0532,681.64,523.6224,681.5809
126.6273,1,514.1602,681.4677,518.8914,681.5243
126.6368,1,514.1602,681.4677,516.5258,681.496
126.6461,1,514.1602,681.4677,515.343,681.4818
126.6614,1,508.7437,682.8652,512.0433,682.1735
126.6715,1,508.7437,682.8652,510.3935,682.5194
126.6824,1,508.7437,682.8652,509.5686,682.6923
126.6948,1,567.4284,683.9003,538.4985,683.2963
126.704,1,567.4284,683.9003,552.9635,683.5983
126.7171,1,664.0782,683.3802,608.5209,683.4893
126.728,1,664.0782,683.3802,636.2996,683.4348
126.739,1,664.0782,683.3802,650.1888,683.4075
126.7469,1,950.6711,681.8817,800.4299,682.6445
126.7605,1,950.6711,681.8817,875.5505,682.2631
126.7707,1,950.6711,681.8817,913.1108,682.0724
126.7813,1,1174.796,680.0771,1043.953,681.0748
126.7899,1,1174.796,680.0771,1109.375,680.5759
126.8015,1,1174.796,680.0771,1142.085,680.3265
126.8122,1,1294.063,680.5845,1218.074,680.4555
126.8265,1,1294.063,680.5845,1256.068,680.52
126.8369,1,1352.338,685.8819,1304.203,683.2009
126.8465,1,1352.338,685.8819,1328.271,684.5414
126.8625,1,1352.338,685.8819,1340.304,685.2117
126.87,1,1380.401,684.7708,1360.353,684.9912
126.8822,1,1380.401,684.7708,1370.377,684.881
126.8936,1,1380.401,684.7708,1375.389,684.8259
126.9044,1,1395.133,685.2291,1385.261,685.0275
126.9142,1,1395.133,685.2291,1390.197,685.1283
126.9247,1,1395.133,685.2291,1392.665,685.1787
126.9395,1,1400.6,685.9939,1396.633,685.5863
126.9485,1,1400.6,685.9939,1398.616,685.7901
126.9621,1,1399.67,689.3694,1399.143,687.5798
126.9709,1,1399.67,689.3694,1399.407,688.4746
126.9804,1,1399.67,689.3694,1399.538,688.922
126.9937,1,1389.963,705.7707,1394.751,697.3463
127.0019,1,1389.963,705.7707,1392.357,701.5585
127.0136,1,1389.963,705.7707,1391.16,703.6646
127.0235,1,1383.947,717.7656,1387.553,710.7151
127.035,1,1383.947,717.7656,1385.75,714.2404
127.0436,1,1383.947,717.7656,1384.848,716.0029
127.0557,1,1380.751,725.6581,1382.8,720.8306
127.0674,1,1380.751,725.6581,1381.775,723.2444
127.0758,1,1380.751,725.6581,1381.263,724.4513
127.0889,1,1379.053,731.34,1380.158,727.8956
127.1002,1,1379.053,731.34,1379.605,729.6178
127.1092,1,1377.678,736.2177,1378.642,732.9177
127.122,1,1377.678,736.2177,1378.16,734.5677
127.1323,1,1377.678,736.2177,1377.919,735.3927
127.1436,1,1377.314,740.1465,1377.616,737.7697
127.1562,1,1377.314,740.1465,1377.465,738.9581
127.1643,1,1377.314,740.1465,1377.389,739.5524
127.177,1,1377.735,742.5324,1377.562,741.0424
127.1887,1,1377.735,742.5324,1377.648,741.7874
127.2019,1,1378.241,745.3797,1377.945,743.5835
127.2101,1,1378.241,745.3797,1378.093,744.4816
127.2222,1,1378.241,745.3797,1378.167,744.9307
127.2352,1,1378.888,747.7885,1378.527,746.3596
127.2439,1,1378.888,747.7885,1378.708,747.074
127.2565,1,1358.505,737.2755,1368.606,742.1747
127.2664,1,1358.505,737.2755,1363.555,739.7251
127.2771,1,1358.505,737.2755,1361.03,738.5002
127.2892,1,1165.375,614.9943,1263.202,676.7473
127.3008,1,1165.375,614.9943,1214.288,645.8708
127.3088,1,1165.375,614.9943,1189.831,630.4326
127.3226,1,901.3539,443.1868,1045.593,536.8097
127.3317,1,901.3539,443.1868,973.4733,489.9983
127.3424,1,901.3539,443.1868,937.4136,466.5925
127.355,1,758.6128,352.0247,848.0132,409.3086
127.3668,1,758.6128,352.0247,803.313,380.6666
127.3767,1,758.6128,352.0247,780.9629,366.3456
127.3874,1,695.001,312.5335,737.9819,339.4396
127.4,1,695.001,312.5335,716.4915,325.9866
127.4087,1,672.6246,299.5107,694.558,312.7486
127.4213,1,672.6246,299.5107,683.5913,306.1296
127.4338,1,672.6246,299.5107,678.108,302.8201
127.4435,1,679.2695,314.9915,678.6887,308.9058
127.4581,1,679.2695,314.9915,678.9791,311.9487
127.4671,1,679.2695,314.9915,679.1243,313.4701
127.4785,1,683.1388,327.862,681.1316,320.666
127.4901,1,683.1388,327.862,682.1352,324.264
127.5028,1,685.4371,337.8577,683.7861,331.0608
127.5171,1,685.4371,337.8577,684.6116,334.4592
127.5255,1,685.4371,337.8577,685.0244,336.1584
127.5379,1,684.9749,343.2539,684.9996,339.7062
127.5492,1,684.9749,343.2539,684.9873,341.48
127.5575,1,684.9749,343.2539,684.9811,342.367
127.5695,1,692.7684,350.2542,688.8748,346.3106
127.5833,1,692.7684,350.2542,690.8215,348.2824
127.5923,1,718.9741,367.3517,704.8978,357.817
127.6027,1,718.9741,367.3517,711.936,362.5844
127.6107,1,718.9741,367.3517,715.4551,364.968
127.6247,1,910.7462,481.5308,813.1006,423.2494
127.6353,1,910.7462,481.5308,861.9233,452.3901
127.6452,1,910.7462,481.5308,886.3347,466.9604
127.6597,1,1196.189,643.7534,1041.262,555.3569
127.6661,1,1196.189,643.7534,1118.725,599.5552
127.6796,1,1196.189,643.7534,1157.457,621.6543
127.692,1,1356.237,733.3485,1256.847,677.5014
127.7021,1,1356.237,733.3485,1306.542,705.4249
127.7116,1,1424.775,770.9019,1365.658,738.1635
127.7257,1,1424.775,770.9019,1395.217,754.5327
127.7358,1,1424.775,770.9019,1409.996,762.7173
127.747,1,1455.025,786.5223,1432.51,774.6198
127.7617,1,1455.025,786.5223,1443.768,780.571
127.7713,1,1468.021,794.0975,1455.895,787.3343
127.7834,1,1468.021,794.0975,1461.958,790.7159
127.7913,1,1468.021,794.0975,1464.99,792.4067
127.8046,1,1475.208,799.403,1470.099,795.9048
127.8138,1,1475.208,799.403,1472.653,797.6539
127.8239,1,1475.208,799.403,1473.931,798.5284
127.8368,1,1470.613,805.4846,1472.272,802.0065
127.8471,1,1470.613,805.4846,1471.442,803.7456
127.8583,1,1470.613,805.4846,1471.028,804.6151
127.8699,1,1461.97,806.7819,1466.499,805.6985
127.8822,1,1461.97,806.7819,1464.234,806.2402
127.8937,1,1458.307,807.538,1461.271,806.8891
127.9035,1,1458.307,807.538,1459.789,807.2135
127.9153,1,1458.307,807.538,1459.048,807.3757
127.9261,1,1455.662,808.9756,1457.355,808.1757
127.9395,1,1455.662,808.9756,1456.509,808.5756
127.9516,1,1455.662,808.9756,1456.085,808.7756
127.9598,1,1454.623,810.1637,1455.354,809.4697
127.9699,1,1454.623,810.1637,1454.988,809.8167
127.9804,1,1454.623,810.1637,1454.805,809.9902
127.9907,1,1454.349,810.6905,1454.577,810.3403
128.0038,1,1454.349,810.6905,1454.463,810.5154
128.012,1,1454.349,810.6905,1454.406,810.6029
128.0429,1,1454.215,811.3275,1454.311,810.9652
128.0566,1,1453.47,811.3893,1453.891,811.1772
128.0644,1,1453.47,811.3893,1453.68,811.2833
128.0707,1,1453.47,811.3893,1453.575,811.3363
128.0865,1,1453.638,811.0272,1453.607,811.1818
128.096,1,1453.638,811.0272,1453.622,811.1045
128.1063,1,1453.089,810.3785,1453.356,810.7415
128.1186,1,1453.089,810.3785,1453.223,810.5601
128.1277,1,1453.089,810.3785,1453.156,810.4693
128.1409,1,1452.28,809.8354,1452.718,810.1523
128.151,1,1452.28,809.8354,1452.499,809.9939
128.1624,1,1452.28,809.8354,1452.389,809.9147
128.1713,1,1450.707,808.8454,1451.548,809.38
128.1842,1,1450.707,808.8454,1451.127,809.1127
128.1949,1,1449.372,808.0317,1450.25,808.5722
128.2046,1,1449.372,808.0317,1449.811,808.302
128.2186,1,1449.372,808.0317,1449.591,808.1669
128.2264,1,1446.795,806.7246,1448.193,807.4457
128.2386,1,1446.795,806.7246,1447.494,807.0852
128.248,1,1446.795,806.7246,1447.145,806.9049
128.2614,1,1443.222,804.5942,1445.183,805.7496
128.2709,1,1443.222,804.5942,1444.203,805.1719
128.2834,1,1443.222,804.5942,1443.712,804.8831
128.2944,1,1439.328,802.0951,1441.52,803.4891
128.3047,1,1439.328,802.0951,1440.424,802.7921
128.3176,1,1435.241,800.0408,1437.833,801.4164
128.3273,1,1435.241,800.0408,1436.537,800.7286
128.3378,1,1435.241,800.0408,1435.889,800.3847
128.3474,1,1430.946,797.9342,1433.418,799.1594
128.3587,1,1430.946,797.9342,1432.182,798.5468
128.3687,1,1430.946,797.9342,1431.564,798.2405
128.3816,1,1425.847,795.5961,1428.705,796.9183
128.3909,1,1425.847,795.5961,1427.276,796.2572
128.4033,1,1425.847,795.5961,1426.561,795.9266
128.4121,1,1421.891,793.7789,1424.226,794.8528
128.4244,1,1421.891,793.7789,1423.059,794.3159
128.4358,1,1418.151,792.2521,1420.605,793.2839
128.4476,1,1418.151,792.2521,1419.378,792.768
128.4577,1,1418.151,792.2521,1418.764,792.51
128.4719,1,1414.849,790.7528,1416.806,791.6314
128.486,1,1414.849,790.7528,1415.828,791.1921
128.494,1,1414.849,790.7528,1415.338,790.9725
128.5044,1,1411.572,789.7442,1413.455,790.3583
128.5173,1,1411.572,789.7442,1412.514,790.0513
128.5255,1,1411.572,789.7442,1412.043,789.8977
128.539,1,1408.525,788.3361,1410.284,789.1169
128.55,1,1408.525,788.3361,1409.405,788.7264
128.562,1,1405.701,787.4332,1407.553,788.0798
128.5736,1,1405.701,787.4332,1406.627,787.7565
128.5853,1,1405.701,787.4332,1406.164,787.5948
128.5954,1,1403.403,786.2117,1404.784,786.9033
128.6053,1,1403.403,786.2117,1404.093,786.5575
128.6183,1,1400.756,785.1793,1402.425,785.8684
128.6273,1,1400.756,785.1793,1401.591,785.5239
128.6394,1,1400.756,785.1793,1401.173,785.3516
128.6499,1,1398.572,784.596,1399.873,784.9738
128.6602,1,1398.572,784.596,1399.223,784.7849
128.671,1,1398.572,784.596,1398.897,784.6904
128.6845,1,1396.544,783.8962,1397.721,784.2933
128.6922,1,1396.544,783.8962,1397.133,784.0948
128.7042,1,1396.544,783.8962,1396.839,783.9955
128.7151,1,1394.026,783.3124,1395.432,783.6539
128.7238,1,1394.026,783.3124,1394.729,783.4832
128.7378,1,1391.623,782.7904,1393.176,783.1368
128.7463,1,1391.623,782.7904,1392.4,782.9636
128.7592,1,1391.623,782.7904,1392.011,782.877
128.7705,1,1389.631,780.9381,1390.821,781.9076
128.7836,1,1389.631,780.9381,1390.226,781.4229
128.7917,1,1389.631,780.9381,1389.929,781.1805
128.8056,1,1386.999,776.4398,1388.464,778.8102
128.8197,1,1386.999,776.4398,1387.731,777.625
128.8282,1,1384.013,772.5954,1385.872,775.1102
128.8403,1,1384.013,772.5954,1384.943,773.8528
128.8508,1,1384.013,772.5954,1384.478,773.2241
128.8627,1,1381.118,767.7925,1382.798,770.5083
128.8738,1,1381.118,767.7925,1381.958,769.1504
128.8888,1,1347.424,744.576,1364.691,756.8632
128.8965,1,1347.424,744.576,1356.057,750.7196
128.9074,1,1347.424,744.576,1351.741,747.6478
128.9198,1,1140.521,603.5698,1246.131,675.6088
128.9285,1,1140.521,603.5698,1193.326,639.5892
128.9425,1,1140.521,603.5698,1166.923,621.5795
128.9543,1,716.6031,327.6229,941.7633,474.6012
128.962,1,716.6031,327.6229,829.1832,401.1121
128.9777,1,716.6031,327.6229,772.8932,364.3675
128.9882,1,431.0254,148.235,601.9593,256.3013
129.0007,1,431.0254,148.235,516.4924,202.2681
129.0092,1,431.0254,148.235,473.7589,175.2516
129.0219,1,331.0081,88.5844,402.3835,131.918
129.0318,1,331.0081,88.5844,366.6958,110.2512
129.0445,1,293.0182,65.50784,329.857,87.87952
129.0562,1,293.0182,65.50784,311.4376,76.69368
129.0688,1,293.0182,65.50784,302.2279,71.10075
129.0798,1,278.9059,60.65824,290.5669,65.8795
129.0896,1,278.9059,60.65824,284.7364,63.26887
129.1015,1,270.1691,57.6326,277.4528,60.45073
129.1119,1,270.1691,57.6326,273.8109,59.04166
129.1248,1,270.1691,57.6326,271.99,58.33713
129.1349,1,264.4207,57.50239,268.2054,57.91976
129.1438,1,264.4207,57.50239,266.313,57.71107
129.1563,1,264.4207,57.50239,265.3669,57.60673
129.1653,1,260.8048,55.66566,263.0858,56.6362
129.1784,1,260.8048,55.66566,261.9453,56.15093
129.1893,1,260.8048,55.66566,261.3751,55.90829
129.2112,1,263.5879,51.07354,262.4815,53.49091
129.2226,1,272.0688,29.83564,267.2751,41.66328
129.232,1,272.0688,29.83564,269.672,35.74946
129.2392,1,272.0688,29.83564,270.8704,32.79255
129.2498,1,272.0688,29.83564,271.4696,31.31409
129.2602,1,278.1143,15.2264,274.7919,23.27024
129.2739,1,278.1143,15.2264,276.4531,19.24832
129.2811,1,281.678,7.285923,279.0656,13.26712
129.2936,1,281.678,7.285923,280.3718,10.27652
129.3036,1,281.678,7.285923,281.0249,8.781222
129.3139,1,284.6207,2.730233,282.8228,5.755728
129.3227,1,284.6207,2.730233,283.7217,4.24298
129.3358,1,284.6207,2.730233,284.1712,3.486607
129.3461,1,319.7425,29.92747,301.9568,16.70704
129.3592,1,319.7425,29.92747,310.8497,23.31725
129.3667,1,319.7425,29.92747,315.2961,26.62236
129.3803,1,585.3687,243.643,450.3324,135.1327
129.3902,1,585.3687,243.643,517.8505,189.3878
129.4025,1,964.7328,506.6544,741.2916,348.0211
129.4139,1,964.7328,506.6544,853.0122,427.3378
129.4237,1,964.7328,506.6544,908.8725,466.9961
129.438,1,1145.393,630.4459,1027.133,548.721
129.449,1,1145.393,630.4459,1086.263,589.5834
129.46,1,1145.393,630.4459,1115.828,610.0146
129.4715,1,1209.189,674.8622,1162.509,642.4384
129.4839,1,1209.189,674.8622,1185.849,658.6503
129.492,1,1209.189,674.8622,1197.519,666.7562
129.5058,1,1231.713,690.472,1214.616,678.6141
129.5174,1,1231.713,690.472,1223.164,684.5431
129.5263,1,1239.6,696.7628,1231.382,690.653
129.5381,1,1239.6,696.7628,1235.491,693.7079
129.5482,1,1239.6,696.7628,1237.545,695.2354
129.5631,1,1254.66,713.9736,1246.103,704.6045
129.5712,1,1254.66,713.9736,1250.381,709.2891
129.5827,1,1254.66,713.9736,1252.52,711.6313
129.5942,1,1264.445,725.4308,1258.482,718.5311
129.6026,1,1264.445,725.4308,1261.464,721.981
129.612,1,1264.445,725.4308,1262.954,723.7059
129.625,1,1267.565,728.24,1265.26,725.9729
129.6367,1,1267.565,728.24,1266.412,727.1064
129.6454,1,1269.314,729.491,1267.863,728.2987
129.6705,1,1269.314,729.491,1268.589,728.8949
129.6829,1,1270.092,730.5347,1269.34,729.7148
129.6887,1,1270.092,730.5347,1269.716,730.1248
129.7004,1,1270.092,730.5347,1269.904,730.3297
129.7101,1,1270.111,730.3935,1270.007,730.3616
129.7234,1,1270.111,730.3935,1270.059,730.3776
129.7361,1,1270.484,729.8479,1270.272,730.1127
129.7436,1,1270.484,729.8479,1270.378,729.9803
129.756,1,1270.484,729.8479,1270.431,729.9141
129.7672,1,1270.969,728.4286,1270.7,729.1714
129.778,1,1270.969,728.4286,1270.835,728.8
129.7877,1,1270.969,728.4286,1270.902,728.6144
129.7996,1,1271.255,727.7689,1271.078,728.1917
129.8079,1,1271.255,727.7689,1271.167,727.9802
129.8214,1,1271.255,727.7689,1271.211,727.8745
129.8291,1,1271.452,727.08,1271.331,727.4772
129.8403,1,1271.452,727.08,1271.392,727.2786
129.849,1,1271.452,727.08,1271.422,727.1793
129.8632,1,1272.171,726.6581,1271.796,726.9187
129.8746,1,1272.171,726.6581,1271.983,726.7885
129.8825,1,1272.171,726.6581,1272.077,726.7233
129.8957,1,1272.38,726.5608,1272.228,726.642
129.9052,1,1272.38,726.5608,1272.304,726.6014
129.9191,1,1272.078,726.3403,1272.191,726.4708
129.9286,1,1272.078,726.3403,1272.135,726.4055
129.9404,1,1272.078,726.3403,1272.107,726.3729
129.9503,1,1272.246,726.1238,1272.177,726.2484
129.9618,1,1272.246,726.1238,1272.211,726.186
129.9715,1,1272.246,726.1238,1272.229,726.1549
129.9839,1,1272.394,726.0021,1272.311,726.0785
129.9964,1,1272.394,726.0021,1272.353,726.0403
130.0057,1,1272.394,726.0021,1272.373,726.0212
130.0155,1,1272.604,725.7301,1272.489,725.8756
130.0285,1,1272.604,725.7301,1272.546,725.8029
130.0381,1,1272.602,725.0588,1272.574,725.4308
130.0475,1,1272.602,725.0588,1272.588,725.2449
130.0618,1,1272.602,725.0588,1272.595,725.1519
130.0695,1,1272.389,724.3403,1272.492,724.7461
130.0809,1,1272.389,724.3403,1272.44,724.5432
130.0913,1,1272.389,724.3403,1272.415,724.4418
130.1047,1,1272.116,723.7474,1272.265,724.0946
130.1144,1,1272.116,723.7474,1272.191,723.921
130.124,1,1272.116,723.7474,1272.153,723.8342
130.1379,1,1271.712,723.2632,1271.933,723.5487
130.1474,1,1271.712,723.2632,1271.822,723.4059
130.1601,1,1271.102,722.5389,1271.462,722.9724
130.1721,1,1271.102,722.5389,1271.282,722.7557
130.1818,1,1271.102,722.5389,1271.192,722.6473
130.1954,1,1270.119,721.8701,1270.656,722.2587
130.2029,1,1270.119,721.8701,1270.387,722.0643
130.2139,1,1270.119,721.8701,1270.253,721.9672
130.2268,1,1268.573,720.5888,1269.413,721.278
130.2373,1,1268.573,720.5888,1268.993,720.9333
130.246,1,1268.573,720.5888,1268.783,720.7611
130.2595,1,1266.601,719.0078,1267.692,719.8845
130.2683,1,1266.601,719.0078,1267.146,719.4462
130.2801,1,1264.265,716.999,1265.705,718.2226
130.2968,1,1264.265,716.999,1264.985,717.6108
130.3026,1,1264.265,716.999,1264.625,717.3049
130.3098,1,1261.518,715.313,1263.071,716.309
130.3246,1,1261.518,715.313,1262.295,715.811
130.3357,1,1261.518,715.313,1261.906,715.562
130.3444,1,1258.946,712.8782,1260.426,714.2201
130.3566,1,1258.946,712.8782,1259.686,713.5491
130.3658,1,1258.946,712.8782,1259.316,713.2136
130.3809,1,1256.036,710.4937,1257.676,711.8536
130.3942,1,1256.036,710.4937,1256.856,711.1737
130.4006,1,1252.916,709.0097,1254.886,710.0917
130.4093,1,1252.916,709.0097,1253.901,709.5507
130.4232,1,1252.916,709.0097,1253.409,709.2802
130.4367,1,1250.617,707.6747,1252.013,708.4774
130.4439,1,1250.617,707.6747,1251.315,708.076
130.4576,1,1250.617,707.6747,1250.966,707.8754
130.4683,1,1248.51,707.4418,1249.738,707.6586
130.4816,1,1248.51,707.4418,1249.124,707.5502
130.4889,1,1245.927,708.4333,1247.526,707.9917
130.5047,1,1245.927,708.4333,1246.727,708.2125
130.5109,1,1245.927,708.4333,1246.327,708.3229
130.5238,1,1241.649,707.7703,1243.988,708.0466
130.5379,1,1241.649,707.7703,1242.819,707.9084
130.5535,1,1236.545,704.9121,1239.682,706.4103
130.5618,1,1236.545,704.9121,1238.114,705.6612
130.5718,1,1236.545,704.9121,1237.329,705.2866
130.5853,1,1231.49,700.9502,1234.409,703.1184
130.5954,1,1231.49,700.9502,1232.949,702.0343
130.6031,1,1231.49,700.9502,1232.219,701.4922
130.6197,1,1223.122,695.3196,1227.671,698.4059
130.6277,1,1223.122,695.3196,1225.397,696.8627
130.6381,1,1223.122,695.3196,1224.26,696.0912
130.652,1,1215.223,686.8284,1219.741,691.4598
130.6617,1,1215.223,686.8284,1217.482,689.144
130.6722,1,1159.299,663.0071,1188.391,676.0756
130.6864,1,1159.299,663.0071,1173.845,669.5413
130.6988,1,1159.299,663.0071,1166.572,666.2742
130.7098,1,1159.299,663.0071,1162.936,664.6406
130.7233,1,1159.299,663.0071,1161.117,663.8239
130.7308,1,732.9151,352.3279,947.0162,508.0759
130.7442,1,732.9151,352.3279,839.9657,430.2019
130.7553,1,732.9151,352.3279,786.4404,391.2649
130.7655,1,512.7567,179.4317,649.5985,285.3483
130.776,1,512.7567,179.4317,581.1776,232.39
130.7868,1,512.7567,179.4317,546.9672,205.9109
130.8008,1,432.16,75.49139,489.5636,140.7011
130.81,1,432.16,75.49139,460.8618,108.0963
130.8221,1,428.4611,34.63808,444.6615,71.36717
130.8303,1,428.4611,34.63808,436.5613,53.00262
130.8446,1,428.4611,34.63808,432.5112,43.82035
130.8549,1,441.5623,23.44516,437.0367,33.63276
130.8654,1,441.5623,23.44516,439.2995,28.53896
130.8757,1,441.5623,23.44516,440.4309,25.99206
130.8856,1,453.554,18.38078,446.9924,22.18642
130.8967,1,453.554,18.38078,450.2732,20.2836
130.9067,1,453.554,18.38078,451.9136,19.33219
130.9213,1,466.4513,12.66263,459.1824,15.99741
130.9298,1,466.4513,12.66263,462.8168,14.33002
130.9427,1,466.4513,12.66263,464.634,13.49632
130.9557,1,478.1553,5.317515,471.3947,9.406918
130.965,1,478.1553,5.317515,474.775,7.362216
130.9759,1,492.9765,-3.234332,483.8757,2.063942
130.9887,1,492.9765,-3.234332,488.4261,-0.5851952
130.9985,1,492.9765,-3.234332,490.7013,-1.909764
131.0074,1,507.9178,-8.28137,499.3096,-5.095567
131.0248,1,507.9178,-8.28137,503.6137,-6.688468
131.0401,1,516.5595,-6.512891,510.0866,-6.60068
131.0542,1,516.5595,-6.512891,513.3231,-6.556786
131.0616,1,528.4537,-4.931279,520.8884,-5.744032
131.0746,1,528.4537,-4.931279,524.671,-5.337656
131.0847,1,528.4537,-4.931279,526.5624,-5.134468
131.0961,1,545.9492,-1.424863,536.2558,-3.279665
131.1105,1,545.9492,-1.424863,541.1025,-2.352264
131.1194,1,545.9492,-1.424863,543.5259,-1.888563
131.1321,1,545.9492,-1.424863,544.7375,-1.656713
131.1454,1,545.9492,-1.424863,545.3434,-1.540788
131.1568,1,545.9492,-1.424863,545.6463,-1.482825
131.1665,1,545.9492,-1.424863,545.7977,-1.453844
131.1798,1,545.9492,-1.424863,545.8735,-1.439353
131.1915,1,545.9492,-1.424863,545.9114,-1.432108
131.2042,1,545.9492,-1.424863,545.9303,-1.428485
131.216,1,900.712,114.681,723.3212,56.62625
131.2269,1,900.712,114.681,812.0166,85.65362
131.237,1,900.712,114.681,856.3643,100.1673
131.2552,1,971.8829,198.4909,914.1236,149.3291
131.2633,1,971.8829,198.4909,943.0032,173.91
131.2734,1,971.8829,198.4909,957.4431,186.2004
131.2875,1,1014.893,260.021,986.1682,223.1107
131.2958,1,1014.893,260.021,1000.531,241.5659
131.308,1,1046.665,304.5194,1023.598,273.0426
131.3185,1,1046.665,304.5194,1035.131,288.781
131.3273,1,1046.665,304.5194,1040.898,296.6502
131.3401,1,1075.403,329.2374,1058.15,312.9438
131.3503,1,1075.403,329.2374,1066.777,321.0906
131.3622,1,1075.403,329.2374,1071.09,325.164
131.3745,1,1092.133,331.1045,1081.611,328.1342
131.3839,1,1092.133,331.1045,1086.872,329.6194
131.3973,1,1076.336,329.6714,1081.604,329.6454
131.4075,1,1076.336,329.6714,1078.97,329.6584
131.4258,1,1076.336,329.6714,1077.653,329.6649
131.4337,1,1074.318,324.5963,1075.985,327.1306
131.4444,1,1074.318,324.5963,1075.151,325.8635
131.4564,1,1074.318,324.5963,1074.735,325.2299
131.4648,1,1077.287,321.9447,1076.011,323.5873
131.4772,1,1077.287,321.9447,1076.649,322.766
131.4885,1,1079.062,319.054,1077.855,320.91
131.5,1,1079.062,319.054,1078.458,319.982
131.5108,1,1079.062,319.054,1078.76,319.5179
131.5233,1,1076.871,315.9371,1077.816,317.7275
131.5366,1,1076.871,315.9371,1077.343,316.8323
131.5506,1,1076.01,313.2834,1076.677,315.0579
131.5577,1,1076.01,313.2834,1076.343,314.1707
131.5703,1,1076.01,313.2834,1076.177,313.7271
131.5855,1,1073.146,310.5754,1074.661,312.1512
131.5954,1,1073.146,310.5754,1073.903,311.3633
131.6051,1,1073.146,310.5754,1073.524,310.9693
131.6168,1,1070.258,307.7357,1071.891,309.3525
131.6264,1,1070.258,307.7357,1071.074,308.5441
131.6372,1,1070.258,307.7357,1070.666,308.1399
131.6492,1,1066.544,305.1597,1068.605,306.6498
131.6598,1,1066.544,305.1597,1067.575,305.9047
131.67,1,1051.95,301.0095,1059.762,303.4571
131.6838,1,1051.95,301.0095,1055.856,302.2333
131.6946,1,1051.95,301.0095,1053.903,301.6214
131.7102,1,1027.711,294.1005,1040.807,297.8609
131.7211,1,1027.711,294.1005,1034.259,295.9807
131.7283,1,1028.293,258.5484,1031.276,277.2646
131.7376,1,1028.293,258.5484,1029.784,267.9065
131.7517,1,1028.293,258.5484,1029.039,263.2275
131.7626,1,1026.724,165.4808,1027.881,214.3542
131.7741,1,1026.724,165.4808,1027.303,189.9175
131.7866,1,1026.724,165.4808,1027.013,177.6992
131.8009,1,1004.023,100.1168,1015.518,138.908
131.8094,1,1004.023,100.1168,1009.771,119.5124
131.8192,1,1004.133,75.03728,1006.952,97.27484
131.8274,1,1004.133,75.03728,1005.542,86.15607
131.841,1,1004.133,75.03728,1004.837,80.59668
131.8508,1,1003.839,60.10775,1004.338,70.35222
131.8625,1,1003.839,60.10775,1004.089,65.22999
131.8763,1,1003.839,60.10775,1003.964,62.66887
131.8849,1,1040.263,54.56213,1022.114,58.6155
131.8978,1,1040.263,54.56213,1031.188,56.58882
131.907,1,1040.263,54.56213,1035.726,55.57548
131.9266,1,1081.996,50.33859,1058.861,52.95703
131.9355,1,1081.996,50.33859,1070.428,51.64781
131.9433,1,1161.175,37.65703,1115.802,44.65242
131.9553,1,1161.175,37.65703,1138.489,41.15472
131.9634,1,1161.175,37.65703,1149.832,39.40588
131.9708,1,1161.175,37.65703,1155.503,38.53145
131.9959,1,1233.862,24.12927,1194.682,31.33036
132.0041,1,1297.576,15.60502,1246.129,23.46769
132.0158,1,1297.576,15.60502,1271.853,19.53636
132.0247,1,1297.576,15.60502,1284.714,17.57069
132.0381,1,1346.208,10.60929,1315.461,14.08999
132.0484,1,1346.208,10.60929,1330.835,12.34964
132.0575,1,1346.208,10.60929,1338.521,11.47947
132.0682,1,1384.37,5.961773,1361.446,8.720619
132.0822,1,1384.37,5.961773,1372.908,7.341196
132.0947,1,1391.121,4.594021,1382.014,5.967608
132.1046,1,1391.121,4.594021,1386.568,5.280815
132.1159,1,1391.121,4.594021,1388.844,4.937418
132.1291,1,1309.519,13.82985,1349.182,9.383632
132.1431,1,1309.519,13.82985,1329.351,11.60674
132.1539,1,1035.152,46.13085,1182.251,28.86879
132.1662,1,1035.152,46.13085,1108.702,37.49982
132.1783,1,1035.152,46.13085,1071.927,41.81533
132.1862,1,743.3209,57.60312,907.6239,49.70923
132.201,1,743.3209,57.60312,825.4724,53.65617
132.2101,1,589.9797,51.58189,707.7261,52.61903
132.2238,1,589.9797,51.58189,648.8529,52.10046
132.2343,1,589.9797,51.58189,619.4163,51.84118
132.2441,1,537.4397,64.23197,578.428,58.03658
132.2573,1,537.4397,64.23197,557.9338,61.13427
132.2673,1,537.4397,64.23197,547.6868,62.68312
132.2806,1,486.8069,111.8273,517.2468,87.25523
132.2906,1,486.8069,111.8273,502.0269,99.54128
132.3022,1,486.8069,111.8273,494.4169,105.6843
132.3111,1,417.9865,129.8173,456.2017,117.7508
132.325,1,417.9865,129.8173,437.0941,123.784
132.3352,1,394.0706,136.2925,415.5823,130.0383
132.3452,1,394.0706,136.2925,404.8265,133.1654
132.3582,1,394.0706,136.2925,399.4485,134.729
132.3669,1,375.9664,115.4976,387.7075,125.1133
132.3795,1,375.9664,115.4976,381.8369,120.3054
132.3898,1,375.9664,115.4976,378.9017,117.9015
132.4015,1,364.8377,97.32841,371.8697,107.615
132.4112,1,364.8377,97.32841,368.3537,102.4717
132.4239,1,349.7397,95.44954,359.0467,98.96061
132.4335,1,349.7397,95.44954,354.3932,97.20508
132.4457,1,349.7397,95.44954,352.0664,96.32731
132.4578,1,335.7259,80.67119,343.8962,88.49925
132.4673,1,335.7259,80.67119,339.811,84.58522
132.4789,1,335.7259,80.67119,337.7685,82.6282
132.4886,1,300.7652,96.06789,319.2668,89.34805
132.4998,1,300.7652,96.06789,310.016,92.70796
132.5091,1,300.7652,96.06789,305.3906,94.38792
132.5206,1,288.9921,91.66148,297.1914,93.0247
132.531,1,288.9921,91.66148,293.0917,92.34309
132.5456,1,296.1571,76.15963,294.6245,84.25136
132.5556,1,296.1571,76.15963,295.3908,80.20549
132.5651,1,296.1571,76.15963,295.774,78.18256
132.5788,1,293.7781,55.46519,294.7761,66.82388
132.5905,1,293.7781,55.46519,294.2771,61.14454
132.5994,1,293.7781,55.46519,294.0276,58.30486
132.6104,1,306.0315,56.94607,300.0295,57.62547
132.6212,1,306.0315,56.94607,303.0305,57.28577
132.6309,1,306.0315,56.94607,304.531,57.11592
132.6438,1,490.5548,37.24177,397.5429,47.17884
132.6541,1,490.5548,37.24177,444.0488,42.2103
132.6771,1,496.304,26.97275,470.1764,34.59153
132.683,1,496.304,26.97275,483.2402,30.78214
132.6942,1,496.304,26.97275,489.7721,28.87744
132.7029,1,489.8329,19.98744,489.8025,24.43244
132.7184,1,489.8329,19.98744,489.8177,22.20994
132.7274,1,477.8194,18.73502,483.8185,20.47248
132.7405,1,477.8194,18.73502,480.819,19.60375
132.7496,1,477.8194,18.73502,479.3192,19.16939
132.7612,1,477.8194,18.73502,478.5693,18.95221
132.7697,1,477.8194,18.73502,478.1943,18.84361
132.7829,1,477.8194,18.73502,478.0068,18.78932
132.8156,1,477.8194,18.73502,477.9131,18.76217
132.822,1,477.8194,18.73502,477.8662,18.7486
132.8304,1,477.8194,18.73502,477.8428,18.74181
132.8445,1,477.8194,18.73502,477.8311,18.73842
132.8561,1,477.8194,18.73502,477.8252,18.73672
132.8647,1,477.8194,18.73502,477.8223,18.73587
132.8763,1,477.8194,18.73502,477.8208,18.73545
132.8886,1,477.8194,18.73502,477.8201,18.73524
132.8979,1,477.8194,18.73502,477.8197,18.73513
132.9087,1,1380.336,-108.6835,929.0779,-44.97418
132.92,1,1380.336,-108.6835,1154.707,-76.82883
132.9305,1,1380.336,-108.6835,1267.521,-92.75616
132.9431,1,1530.548,-171.6113,1399.035,-132.1837
132.952,1,1530.548,-171.6113,1464.792,-151.8975
132.965,1,1530.548,-171.6113,1497.67,-161.7544
132.9758,1,758.4805,-42.65004,1128.075,-102.2022
132.9846,1,758.4805,-42.65004,943.2778,-72.42613
132.9969,1,758.4805,-42.65004,850.8792,-57.53809
133.0081,1,525.2666,36.5085,688.0729,-10.5148
133.0209,1,525.2666,36.5085,606.6697,12.99685
133.0304,1,401.1591,55.14504,503.9144,34.07095
133.0423,1,401.1591,55.14504,452.5367,44.60799
133.0519,1,401.1591,55.14504,426.8479,49.87652
133.0646,1,258.5684,63.42201,342.7081,56.64927
133.0761,1,258.5684,63.42201,300.6382,60.03564
133.0852,1,258.5684,63.42201,279.6033,61.72882
133.0978,1,307.6505,-11.04715,293.6269,25.34084
133.1081,1,307.6505,-11.04715,300.6387,7.146846
133.1199,1,70.29523,66.33876,185.4669,36.7428
133.1294,1,70.29523,66.33876,127.8811,51.54078
133.1428,1,70.29523,66.33876,99.08816,58.93977
133.1511,1,62.10656,73.44087,80.59736,66.19032
133.1629,1,62.10656,73.44087,71.35196,69.8156
133.1744,1,62.10656,73.44087,66.72926,71.62823
133.1832,1,47.94324,84.3644,57.33625,77.99632
133.1951,1,47.94324,84.3644,52.63975,81.18036
133.2057,1,47.94324,84.3644,50.2915,82.77238
133.2178,1,16.14039,83.45826,33.21594,83.11533
133.226,1,16.14039,83.45826,24.67817,83.28679
133.237,1,16.14039,83.45826,20.40928,83.37253
133.2467,1,13.22564,99.29058,16.81746,91.33156
133.2579,1,13.22564,99.29058,15.02155,95.31107
133.2676,1,13.22564,99.29058,14.12359,97.30083
133.2803,1,9.980463,147.1368,12.05203,122.2188
133.2902,1,9.980463,147.1368,11.01624,134.6778
133.3007,1,268.0476,75.00058,139.5319,104.8392
133.3107,1,268.0476,75.00058,203.7898,89.91989
133.3236,1,268.0476,75.00058,235.9187,82.46024
133.332,1,469.4895,96.31275,352.7041,89.38649
133.3464,1,469.4895,96.31275,411.0968,92.84962
133.3575,1,469.4895,96.31275,440.2932,94.58119
133.3665,1,988.6053,98.55396,714.4492,96.56758
133.378,1,988.6053,98.55396,851.5272,97.56078
133.3889,1,988.6053,98.55396,920.0663,98.05737
133.4003,1,1276.655,118.1646,1098.361,108.111
133.4105,1,1276.655,118.1646,1187.508,113.1378
133.4219,1,1393.285,134.3846,1290.397,123.7612
133.4312,1,1393.285,134.3846,1341.841,129.0729
133.4439,1,1393.285,134.3846,1367.563,131.7288
133.4553,1,1430.816,137.1695,1399.19,134.4491
133.4643,1,1430.816,137.1695,1415.003,135.8093
133.4765,1,1430.816,137.1695,1422.91,136.4894
133.4848,1,1441.845,139.8448,1432.377,138.1671
133.4966,1,1441.845,139.8448,1437.111,139.006
133.509,1,1441.845,139.8448,1439.478,139.4254
133.5197,1,1459.559,135.9999,1449.518,137.7126
133.53,1,1459.559,135.9999,1454.539,136.8563
133.5433,1,1486.454,130.037,1470.496,133.4466
133.5518,1,1486.454,130.037,1478.475,131.7418
133.5644,1,1486.454,130.037,1482.464,130.8894
133.577,1,1548.048,109.024,1515.256,119.9567
133.5851,1,1548.048,109.024,1531.652,114.4903
133.597,1,1548.048,109.024,1539.85,111.7572
133.6084,1,1567.305,96.34503,1553.577,104.0511
133.6187,1,1567.305,96.34503,1560.441,100.1981
133.6293,1,1567.305,96.34503,1563.873,98.27155
133.6424,1,1580.566,81.47431,1572.219,89.87292
133.6513,1,1580.566,81.47431,1576.393,85.67361
133.6639,1,1593.945,69.12643,1585.169,77.40002
133.6749,1,1593.945,69.12643,1589.557,73.26323
133.684,1,1593.945,69.12643,1591.751,71.19483
133.6964,1,1599.391,64.92131,1595.571,68.05807
133.7061,1,1599.391,64.9213