time,is_recent,pos_x,pos_y,filtered_pos_x,filtered_pos_y
0.01450539,1,1131.162,263.5476,565.5809,131.7738
0.06316757,1,1131.162,263.5476,848.3714,197.6607
0.0737915,1,1131.162,263.5476,989.7666,230.6041
0.08557701,1,1131.162,263.5476,1060.464,247.0759
0.09215546,1,1131.162,263.5476,1095.813,255.3117
0.1030865,1,1321.589,426.9558,1208.701,341.1338
0.1167984,1,1321.589,426.9558,1265.145,384.0448
0.1247978,1,1411.385,551.2336,1338.265,467.6392
0.1342125,1,1411.385,551.2336,1374.825,509.4364
0.145752,1,1411.385,551.2336,1393.105,530.335
0.1633644,1,1471.893,667.1492,1432.499,598.7421
0.173399,1,1471.893,667.1492,1452.196,632.9457
0.1853333,1,1547.979,582.0996,1500.088,607.5226
0.1969318,1,1547.979,582.0996,1524.033,594.8112
0.209177,1,1547.979,582.0996,1536.006,588.4554
0.2190189,1,1547.979,582.0996,1541.993,585.2775
0.231945,1,1547.979,582.0996,1544.986,583.6885
0.2437992,1,1547.979,582.0996,1546.483,582.894
0.2536545,1,1547.979,582.0996,1547.231,582.4968
0.2634869,1,1547.979,582.0996,1547.605,582.2982
0.2742138,1,1547.979,582.0996,1547.792,582.1989
0.286541,1,1547.979,582.0996,1547.886,582.1493
0.2971249,1,1547.979,582.0996,1547.932,582.1245
0.3094463,1,1547.979,582.0996,1547.956,582.1121
0.3184757,1,1547.979,582.0996,1547.968,582.1058
0.3316612,1,1547.979,582.0996,1547.973,582.1027
0.344429,1,1547.979,582.0996,1547.976,582.1012
0.3538589,1,1547.979,582.0996,1547.978,582.1004
0.3667946,1,1547.979,582.0996,1547.979,582.1
0.3759804,1,1547.979,582.0996,1547.979,582.0998
0.3850594,1,1547.979,582.0996,1547.979,582.0997
0.3954067,1,1547.979,582.0996,1547.979,582.0997
0.4076233,1,1547.979,582.0996,1547.979,582.0996
0.4181061,1,1547.979,582.0996,1547.979,582.0996
0.4317074,1,1547.979,582.0996,1547.979,582.0996
0.4433804,1,1547.979,582.0996,1547.979,582.0996
0.4536171,1,1547.979,582.0996,1547.979,582.0996
0.4675198,1,1916.752,923.9514,1732.366,753.0255
0.47365,1,1916.752,923.9514,1824.559,838.4885
0.4875202,1,1929.115,946.5656,1876.837,892.527
0.4949665,1,1929.115,946.5656,1902.976,919.5463
0.5075035,1,1929.115,946.5656,1916.046,933.0559
0.5191784,1,1902.503,907.0829,1909.275,920.0694
0.5310535,1,1902.503,907.0829,1905.889,913.5762
0.5409031,1,1902.503,907.0829,1904.196,910.3295
0.5543194,1,1885.757,828.9857,1894.977,869.6576
0.5661201,1,1885.757,828.9857,1890.367,849.3217
0.5740337,1,1885.757,828.9857,1888.062,839.1537
0.5871983,1,1689.302,711.7346,1788.682,775.4442
0.5961876,1,1689.302,711.7346,1738.992,743.5894
0.6095352,1,1765.207,619.2194,1752.099,681.4044
0.6294804,1,1765.207,619.2194,1758.653,650.3119
0.6352711,1,1765.207,619.2194,1761.93,634.7656
0.6463909,1,1765.207,619.2194,1763.568,626.9926
0.6551609,1,1765.207,619.2194,1764.387,623.106
0.6667347,1,1765.207,619.2194,1764.797,621.1627
0.6771259,1,1765.207,619.2194,1765.002,620.191
0.6904278,1,1765.207,619.2194,1765.104,619.7052
0.698534,1,1765.207,619.2194,1765.156,619.4623
0.7130032,1,1765.207,619.2194,1765.181,619.3408
0.7235928,1,1765.207,619.2194,1765.194,619.2802
0.7318211,1,1765.207,619.2194,1765.2,619.2498
0.7443237,1,1765.207,619.2194,1765.203,619.2346
0.7542114,1,1765.207,619.2194,1765.205,619.2271
0.7656078,1,1765.207,619.2194,1765.206,619.2233
0.7748432,1,1765.207,619.2194,1765.206,619.2213
0.7871895,1,1765.207,619.2194,1765.207,619.2203
0.7958622,1,1765.207,619.2194,1765.207,619.2198
0.818121,1,1765.207,619.2194,1765.207,619.2196
0.8289509,1,1765.207,619.2194,1765.207,619.2195
0.8392315,1,1765.207,619.2194,1765.207,619.2195
0.8522415,1,1765.207,619.2194,1765.207,619.2195
0.8649178,1,1765.207,619.2194,1765.207,619.2195
0.8764858,1,1765.207,619.2194,1765.207,619.2195
0.888567,1,1765.207,619.2194,1765.207,619.2195
0.8990593,1,1765.207,619.2194,1765.207,619.2195
0.9107704,1,1765.207,619.2194,1765.207,619.2195
0.9210072,1,1765.207,619.2194,1765.207,619.2195
0.9323616,1,1765.207,619.2194,1765.207,619.2195
0.945713,1,1875.862,557.3018,1820.534,588.2606
0.9560795,1,1875.862,557.3018,1848.198,572.7813
0.9681149,1,1875.862,557.3018,1862.03,565.0415
0.9783802,1,1875.862,557.3018,1868.946,561.1716
0.9899044,1,1875.862,557.3018,1872.404,559.2367
1.000023,1,1875.862,557.3018,1874.133,558.2693
1.010981,1,1875.862,557.3018,1874.997,557.7855
1.021126,1,1875.862,557.3018,1875.429,557.5437
1.033001,1,1803.96,575.5564,1839.695,566.55
1.044601,1,1803.96,575.5564,1821.828,571.0532
1.053726,1,1803.96,575.5564,1812.894,573.3048
1.066509,1,1805.603,587.4415,1809.249,580.3732
1.076189,1,1805.603,587.4415,1807.426,583.9073
1.087618,1,1805.603,587.4415,1806.514,585.6744
1.09856,1,1838.63,623.5674,1822.573,604.621
1.110884,1,1838.63,623.5674,1830.602,614.0942
1.119164,1,1838.63,623.5674,1834.616,618.8308
1.131275,1,1838.63,623.5674,1836.623,621.1991
1.141319,1,1838.63,623.5674,1837.627,622.3833
1.152946,1,2042.671,770.9778,1940.149,696.6805
1.164186,1,2042.671,770.9778,1991.41,733.8292
1.173,1,2042.671,770.9778,2017.04,752.4034
1.184963,1,2042.671,770.9778,2029.855,761.6906
1.195333,1,2042.671,770.9778,2036.263,766.3342
1.206017,1,2042.671,770.9778,2039.467,768.656
1.216032,1,1929.711,991.6439,1984.589,880.1499
1.228498,1,1929.711,991.6439,1957.15,935.8969
1.238651,1,1929.711,991.6439,1943.431,963.7704
1.249166,1,1929.711,991.6439,1936.571,977.7072
1.259365,1,1929.711,991.6439,1933.141,984.6755
1.269682,1,1929.711,991.6439,1931.426,988.1597
1.280497,1,1929.711,991.6439,1930.569,989.9017
1.29215,1,1929.711,991.6439,1930.14,990.7728
1.304085,1,1929.711,991.6439,1929.926,991.2084
1.314688,1,1929.711,991.6439,1929.818,991.4261
1.32674,1,1929.711,991.6439,1929.765,991.535
1.336172,1,1929.711,991.6439,1929.738,991.5895
1.347189,1,1929.711,991.6439,1929.725,991.6167
1.35655,1,1929.711,991.6439,1929.718,991.6302
1.369083,1,1929.711,991.6439,1929.715,991.6371
1.379551,1,1929.711,991.6439,1929.713,991.6405
1.390404,1,1929.711,991.6439,1929.712,991.6422
1.401201,1,1929.711,991.6439,1929.712,991.6431
1.413658,1,1929.711,991.6439,1929.711,991.6434
1.423655,1,1929.711,991.6439,1929.711,991.6437
1.434738,1,1929.711,991.6439,1929.711,991.6438
1.446478,1,1929.711,991.6439,1929.711,991.6438
1.456156,1,1929.711,991.6439,1929.711,991.6438
1.467369,1,1929.711,991.6439,1929.711,991.6438
1.477873,1,1929.711,991.6439,1929.711,991.6438
1.489494,1,1929.711,991.6439,1929.711,991.6438
1.499632,1,1929.711,991.6439,1929.711,991.6438
1.511538,1,1929.711,991.6439,1929.711,991.6438
1.520807,1,1929.711,991.6439,1929.711,991.6438
1.534821,1,1929.711,991.6439,1929.711,991.6438
1.545712,1,1929.711,991.6439,1929.711,991.6438
1.554529,1,1929.711,991.6439,1929.711,991.6438
1.567028,1,1929.711,991.6439,1929.711,991.6438
1.578102,1,1929.711,991.6439,1929.711,991.6438
1.589027,1,1929.711,991.6439,1929.711,991.6438
1.59844,1,1929.711,991.6439,1929.711,991.6438
1.610386,1,1929.711,991.6439,1929.711,991.6438
1.620661,1,1929.711,991.6439,1929.711,991.6438
1.632776,1,1929.711,991.6439,1929.711,991.6438
1.644958,1,1929.711,991.6439,1929.711,991.6438
1.654325,1,1929.711,991.6439,1929.711,991.6438
1.666311,1,1929.711,991.6439,1929.711,991.6438
1.676609,1,1929.711,991.6439,1929.711,991.6438
1.687311,1,1929.711,991.6439,1929.711,991.6438
1.699028,1,1929.711,991.6439,1929.711,991.6438
1.711243,1,1929.711,991.6439,1929.711,991.6438
1.719641,1,1929.711,991.6439,1929.711,991.6438
1.732819,1,1929.711,991.6439,1929.711,991.6438
1.74481,1,1929.711,991.6439,1929.711,991.6438
1.7537,1,1929.711,991.6439,1929.711,991.6438
1.766451,1,1929.711,991.6439,1929.711,991.6438
1.776865,1,1929.711,991.6439,1929.711,991.6438
1.787146,1,1929.711,991.6439,1929.711,991.6438
1.79702,1,1929.711,991.6439,1929.711,991.6438
1.810884,1,1929.711,991.6439,1929.711,991.6438
1.819893,1,1929.711,991.6439,1929.711,991.6438
1.832373,1,1929.711,991.6439,1929.711,991.6438
1.842884,1,1929.711,991.6439,1929.711,991.6438
1.852463,1,1929.711,991.6439,1929.711,991.6438
1.864601,1,1929.711,991.6439,1929.711,991.6438
1.876568,1,1929.711,991.6439,1929.711,991.6438
1.885471,1,1929.711,991.6439,1929.711,991.6438
1.896406,1,1929.711,991.6439,1929.711,991.6438
1.90797,1,1929.711,991.6439,1929.711,991.6438
1.918131,1,1929.711,991.6439,1929.711,991.6438
1.930256,1,1929.711,991.6439,1929.711,991.6438
1.938892,1,1929.711,991.6439,1929.711,991.6438
1.953077,1,1929.711,991.6439,1929.711,991.6438
1.963682,1,1929.711,991.6439,1929.711,991.6438
1.972343,1,1929.711,991.6439,1929.711,991.6438
1.985912,1,1929.711,991.6439,1929.711,991.6438
1.995703,1,1929.711,991.6439,1929.711,991.6438
2.006428,1,1929.711,991.6439,1929.711,991.6438
2.017122,1,1929.711,991.6439,1929.711,991.6438
2.030554,1,1929.711,991.6439,1929.711,991.6438
2.038982,1,1929.711,991.6439,1929.711,991.6438
2.051111,1,1929.711,991.6439,1929.711,991.6438
2.062967,1,1929.711,991.6439,1929.711,991.6438
2.072189,1,1929.711,991.6439,1929.711,991.6438
2.083769,1,1929.711,991.6439,1929.711,991.6438
2.094305,1,1929.711,991.6439,1929.711,991.6438
2.10693,1,1929.711,991.6439,1929.711,991.6438
2.11643,1,1929.711,991.6439,1929.711,991.6438
2.128826,1,1700.108,1059.276,1814.91,1025.46
2.138313,1,1700.108,1059.276,1757.509,1042.368
2.15148,1,1689.376,1173.139,1723.443,1107.753
2.161549,1,1689.376,1173.139,1706.409,1140.446
2.172876,1,1689.376,1173.139,1697.893,1156.793
2.184298,1,1665.902,1181.843,1681.897,1169.318
2.193899,1,1665.902,1181.843,1673.9,1175.58
2.204441,1,1665.902,1181.843,1669.901,1178.712
2.217546,1,1635.529,1163.688,1652.715,1171.2
2.228493,1,1635.529,1163.688,1644.122,1167.444
2.236835,1,1635.529,1163.688,1639.825,1165.566
2.249662,1,1601.733,1119.197,1620.779,1142.382
2.259413,1,1601.733,1119.197,1611.256,1130.79
2.269625,1,1601.733,1119.197,1606.494,1124.993
2.280441,1,1560.251,1058.383,1583.373,1091.688
2.292528,1,1560.251,1058.383,1571.812,1075.035
2.301615,1,1515.832,996.7705,1543.822,1035.903
2.313486,1,1515.832,996.7705,1529.827,1016.337
2.325697,1,1515.832,996.7705,1522.83,1006.554
2.335588,1,1478.253,943.1382,1500.541,974.8459
2.347765,1,1478.253,943.1382,1489.397,958.9921
2.358494,1,1478.253,943.1382,1483.825,951.0651
2.368986,1,1449.031,898.0482,1466.428,924.5566
2.378954,1,1449.031,898.0482,1457.729,911.3024
2.389971,1,1449.031,898.0482,1453.38,904.6753
2.399872,1,1425.562,860.2336,1439.471,882.4545
2.412374,1,1425.562,860.2336,1432.516,871.3441
2.421034,1,1425.562,860.2336,1429.039,865.7888
2.432507,1,1409.102,834.4623,1419.07,850.1256
2.444242,1,1409.102,834.4623,1414.086,842.2939
2.453098,1,1396.677,816.0212,1405.381,829.1576
2.464722,1,1396.677,816.0212,1401.029,822.5894
2.475775,1,1396.677,816.0212,1398.853,819.3053
2.486832,1,1386.477,802.3295,1392.665,810.8174
2.496258,1,1386.477,802.3295,1389.571,806.5735
2.50901,1,1386.477,802.3295,1388.024,804.4515
2.517954,1,1378.067,789.5383,1383.045,796.9949
2.530487,1,1378.067,789.5383,1380.556,793.2666
2.54089,1,1378.067,789.5383,1379.312,791.4025
2.553003,1,1370.568,781.4412,1374.94,786.4218
2.563904,1,1370.568,781.4412,1372.754,783.9315
2.573463,1,1364.004,773.0585,1368.379,778.495
2.5863,1,1364.004,773.0585,1366.191,775.7767
2.596704,1,1364.004,773.0585,1365.098,774.4176
2.608273,1,1358.112,764.5333,1361.605,769.4755
2.619078,1,1358.112,764.5333,1359.858,767.0044
2.631092,1,1358.112,764.5333,1358.985,765.7689
2.640223,1,1352.186,759.7801,1355.586,762.7745
2.65122,1,1352.186,759.7801,1353.886,761.2773
2.663248,1,1352.186,759.7801,1353.036,760.5287
2.671846,1,1346.986,753.7531,1350.011,757.1409
2.684198,1,1346.986,753.7531,1348.499,755.447
2.696075,1,1342.209,748.3007,1345.354,751.8738
2.706121,1,1342.209,748.3007,1343.781,750.0873
2.716745,1,1342.209,748.3007,1342.995,749.194
2.729216,1,1338.877,744.0593,1340.936,746.6266
2.738535,1,1338.877,744.0593,1339.907,745.343
2.749565,1,1338.877,744.0593,1339.392,744.7012
2.76034,1,1335.422,739.8636,1337.407,742.2824
2.770721,1,1335.422,739.8636,1336.415,741.073
2.782879,1,1335.422,739.8636,1335.918,740.4683
2.79365,1,1332.043,736.9568,1333.981,738.7126
2.803843,1,1332.043,736.9568,1333.012,737.8347
2.814331,1,1332.043,736.9568,1332.528,737.3958
2.826458,1,1329.982,733.8414,1331.255,735.6185
2.835001,1,1329.982,733.8414,1330.618,734.73
2.849091,1,1327.822,730.7863,1329.22,732.7581
2.859726,1,1327.822,730.7863,1328.521,731.7722
2.871187,1,1327.822,730.7863,1328.171,731.2792
2.881502,1,1325.114,726.9359,1326.643,729.1075
2.893303,1,1325.114,726.9359,1325.878,728.0217
2.902719,1,1325.114,726.9359,1325.496,727.4788
2.91267,1,1321.733,722.0695,1323.615,724.7742
2.92411,1,1321.733,722.0695,1322.674,723.4218
2.934839,1,1321.733,722.0695,1322.203,722.7456
2.947729,1,1317.081,712.7164,1319.642,717.731
2.957193,1,1317.081,712.7164,1318.362,715.2236
2.969296,1,1313.352,703.593,1315.857,709.4083
2.979137,1,1313.352,703.593,1314.604,706.5006
2.991257,1,1313.352,703.593,1313.978,705.0468
3.001331,1,1309.212,694.6978,1311.595,699.8723
3.013296,1,1309.212,694.6978,1310.403,697.285
3.02751,1,1304.798,686.0598,1307.601,691.6724
3.035868,1,1304.798,686.0598,1306.199,688.8661
3.048306,1,1304.798,686.0598,1305.499,687.463
3.057276,1,1301.433,679.0203,1303.466,683.2416
3.06937,1,1301.433,679.0203,1302.449,681.1309
3.079664,1,1301.433,679.0203,1301.941,680.0756
3.091112,1,1298.411,673.6005,1300.176,676.838
3.100861,1,1298.411,673.6005,1299.293,675.2192
3.11344,1,1298.411,673.6005,1298.852,674.4099
3.123598,1,1295.022,668.5776,1296.937,671.4938
3.13376,1,1295.022,668.5776,1295.979,670.0356
3.157354,1,1293.068,665.2747,1294.524,667.6552
3.164223,1,1293.068,665.2747,1293.796,666.4649
3.169855,1,1293.068,665.2747,1293.432,665.8698
3.183933,1,1291.547,662.8785,1292.489,664.3741
3.193626,1,1291.547,662.8785,1292.018,663.6263
3.203636,1,1291.547,662.8785,1291.783,663.2524
3.213175,1,1289.713,659.0023,1290.748,661.1274
3.223993,1,1289.713,659.0023,1290.23,660.0648
3.234034,1,1289.713,659.0023,1289.971,659.5336
3.24704,1,1288.668,656.2761,1289.32,657.9048
3.256462,1,1288.668,656.2761,1288.994,657.0905
3.266512,1,1288.668,656.2761,1288.831,656.6833
3.276575,1,1287.522,655.5358,1288.176,656.1095
3.289108,1,1287.522,655.5358,1287.849,655.8226
3.298807,1,1286.446,653.8403,1287.148,654.8315
3.311712,1,1286.446,653.8403,1286.797,654.3359
3.319242,1,1286.446,653.8403,1286.622,654.0881
3.331917,1,1285.157,652.2813,1285.889,653.1847
3.340708,1,1285.157,652.2813,1285.523,652.733
3.354221,1,1285.157,652.2813,1285.34,652.5072
3.364897,1,1284.564,651.7405,1284.952,652.1238
3.374149,1,1284.564,651.7405,1284.758,651.9321
3.38723,1,1284.564,651.7405,1284.661,651.8363
3.397627,1,1283.331,649.2325,1283.996,650.5344
3.407545,1,1283.331,649.2325,1283.663,649.8834
3.417875,1,1283.331,649.2325,1283.497,649.558
3.429129,1,1282.027,646.467,1282.762,648.0125
3.438341,1,1282.027,646.467,1282.394,647.2397
3.451132,1,1279.913,639.3255,1281.154,643.2826
3.460678,1,1279.913,639.3255,1280.533,641.3041
3.472473,1,1279.913,639.3255,1280.223,640.3148
3.485527,1,1278.012,635.5435,1279.118,637.9292
3.494534,1,1278.012,635.5435,1278.565,636.7363
3.505543,1,1278.012,635.5435,1278.289,636.1399
3.51553,1,1277.471,634.9113,1277.88,635.5256
3.528276,1,1277.471,634.9113,1277.676,635.2184
3.537096,1,1277.471,634.9113,1277.573,635.0648
3.549507,1,1276.739,633.4937,1277.156,634.2793
3.561543,1,1276.739,633.4937,1276.948,633.8865
3.570644,1,1275.463,631.0566,1276.205,632.4716
3.580282,1,1275.463,631.0566,1275.834,631.7641
3.591095,1,1275.463,631.0566,1275.648,631.4104
3.600977,1,1274.175,628.1866,1274.912,629.7985
3.614063,1,1274.175,628.1866,1274.543,628.9926
3.623676,1,1274.175,628.1866,1274.359,628.5896
3.635313,1,1270.617,618.1638,1272.488,623.3767
3.647566,1,1270.617,618.1638,1271.552,620.7703
3.656322,1,1270.617,618.1638,1271.084,619.467
3.66848,1,1265.409,601.3623,1268.247,610.4147
3.678894,1,1265.409,601.3623,1266.828,605.8885
3.689846,1,1263.375,591.2873,1265.101,598.5879
3.698997,1,1263.375,591.2873,1264.238,594.9376
3.711786,1,1263.375,591.2873,1263.806,593.1124
3.724823,1,1259.596,580.3598,1261.701,586.7361
3.733316,1,1259.596,580.3598,1260.649,583.548
3.745256,1,1259.596,580.3598,1260.122,581.9539
3.754042,1,1257.533,572.8692,1258.828,577.4115
3.766069,1,1257.533,572.8692,1258.18,575.1404
3.776163,1,1257.533,572.8692,1257.856,574.0048
3.786688,1,1258.626,571.7595,1258.241,572.8821
3.797903,1,1258.626,571.7595,1258.433,572.3208
3.8097,1,1258.626,571.7595,1258.53,572.0402
3.816748,1,1258.811,570.3684,1258.67,571.2043
3.831205,1,1258.811,570.3684,1258.74,570.7864
3.840088,1,1259.022,567.9442,1258.881,569.3652
3.851706,1,1259.022,567.9442,1258.951,568.6547
3.863985,1,1259.022,567.9442,1258.987,568.2994
3.872686,1,1258.705,572.933,1258.846,570.6162
3.884836,1,1258.705,572.933,1258.775,571.7747
3.895216,1,1258.705,572.933,1258.74,572.3539
3.906208,1,1258.489,576.5505,1258.615,574.4522
3.916842,1,1258.489,576.5505,1258.552,575.5013
3.930134,1,1258.489,576.5505,1258.521,576.0259
3.94101,1,1258.953,579.9097,1258.737,577.9678
3.95384,1,1258.953,579.9097,1258.845,578.9388
3.96496,1,1259.243,585.9488,1259.044,582.4438
3.976055,1,1259.243,585.9488,1259.143,584.1963
3.987,1,1259.243,585.9488,1259.193,585.0725
3.996508,1,1259.57,594.5729,1259.382,589.8228
4.008173,1,1259.57,594.5729,1259.476,592.1979
4.019114,1,1259.57,594.5729,1259.523,593.3854
4.031799,1,1256.863,600.7613,1258.193,597.0734
4.044489,1,1256.863,600.7613,1257.528,598.9174
4.05283,1,1256.863,600.7613,1257.196,599.8394
4.065752,1,1254.552,605.1843,1255.874,602.5118
4.075714,1,1254.552,605.1843,1255.213,603.848
4.087164,1,1252.548,608.5815,1253.881,606.2148
4.096704,1,1252.548,608.5815,1253.214,607.3982
4.109558,1,1252.548,608.5815,1252.881,607.9899
4.119053,1,1251.373,610.793,1252.127,609.3915
4.13162,1,1251.373,610.793,1251.75,610.0923
4.140678,1,1251.373,610.793,1251.562,610.4426
4.153643,1,1249.851,612.9352,1250.706,611.6889
4.164482,1,1249.851,612.9352,1250.279,612.312
4.174486,1,1248.386,615.3112,1249.332,613.8116
4.18544,1,1248.386,615.3112,1248.859,614.5614
4.197205,1,1248.386,615.3112,1248.623,614.9363
4.209099,1,1246.172,616.1075,1247.397,615.5219
4.218416,1,1246.172,616.1075,1246.785,615.8147
4.229946,1,1246.172,616.1075,1246.478,615.9611
4.240211,1,1244.74,616.8906,1245.609,616.4258
4.250685,1,1244.74,616.8906,1245.175,616.6582
4.263197,1,1244.74,616.8906,1244.957,616.7744
4.27216,1,1243.508,618.1863,1244.233,617.4803
4.294384,1,1243.508,618.1863,1243.871,617.8333
4.300331,1,1241.976,619.7637,1242.924,618.7985
4.311375,1,1241.976,619.7637,1242.45,619.2811
4.320343,1,1241.976,619.7637,1242.213,619.5225
4.332943,1,1240.19,620.9492,1241.202,620.2358
4.344034,1,1240.19,620.9492,1240.696,620.5925
4.354021,1,1240.19,620.9492,1240.443,620.7709
4.365976,1,1238.365,621.2534,1239.404,621.0121
4.377897,1,1238.365,621.2534,1238.885,621.1328
4.388662,1,1236.36,621.7449,1237.622,621.4388
4.399435,1,1236.36,621.7449,1236.991,621.5919
4.410789,1,1236.36,621.7449,1236.676,621.6683
4.420507,1,1234.31,621.988,1235.493,621.8281
4.432819,1,1234.31,621.988,1234.901,621.9081
4.444899,1,1234.31,621.988,1234.606,621.948
4.454044,1,1232.729,621.1959,1233.667,621.5719
4.467678,1,1232.729,621.1959,1233.198,621.3839
4.478352,1,1231.369,619.8802,1232.284,620.6321
4.491331,1,1231.369,619.8802,1231.827,620.2562
4.500414,1,1231.369,619.8802,1231.598,620.0682
4.513062,1,1229.674,618.4888,1230.636,619.2785
4.523302,1,1229.674,618.4888,1230.155,618.8837
4.533064,1,1229.674,618.4888,1229.914,618.6862
4.546448,1,1227.75,617.1318,1228.832,617.909
4.556,1,1227.75,617.1318,1228.291,617.5204
4.569231,1,1225.59,615.5239,1226.941,616.5221
4.578836,1,1225.59,615.5239,1226.266,616.0229
4.589439,1,1225.59,615.5239,1225.928,615.7734
4.600031,1,1221.508,612.1809,1223.718,613.9772
4.611759,1,1221.508,612.1809,1222.613,613.079
4.620628,1,1221.508,612.1809,1222.061,612.63
4.632177,1,1216.539,607.3625,1219.3,609.9962
4.640903,1,1216.539,607.3625,1217.919,608.6793
4.652805,1,1216.539,607.3625,1217.229,608.0209
4.664465,1,1212.195,603.5097,1214.712,605.7653
4.674189,1,1212.195,603.5097,1213.454,604.6375
4.684988,1,1212.195,603.5097,1212.825,604.0736
4.695543,1,1207.611,598.7189,1210.218,601.3962
4.707958,1,1207.611,598.7189,1208.914,600.0576
4.718157,1,1202.338,594.2949,1205.626,597.1762
4.733053,1,1202.338,594.2949,1203.982,595.7355
4.743498,1,1202.338,594.2949,1203.16,595.0152
4.754139,1,1198.518,589.1217,1200.839,592.0685
4.766047,1,1198.518,589.1217,1199.679,590.5951
4.77449,1,1198.518,589.1217,1199.098,589.8584
4.789022,1,1194.116,585.3542,1196.607,587.6063
4.797218,1,1194.116,585.3542,1195.362,586.4802
4.807613,1,1194.116,585.3542,1194.739,585.9172
4.817598,1,1190.497,582.0695,1192.618,583.9933
4.831556,1,1190.497,582.0695,1191.558,583.0314
4.839996,1,1187.332,579.1277,1189.445,581.0796
4.853001,1,1187.332,579.1277,1188.389,580.1036
4.864967,1,1187.332,579.1277,1187.86,579.6157
4.873878,1,1185.016,576.5889,1186.438,578.1023
4.885704,1,1185.016,576.5889,1185.727,577.3456
4.896084,1,1185.016,576.5889,1185.372,576.9673
4.909163,1,1183.178,574.0062,1184.275,575.4867
4.917446,1,1183.178,574.0062,1183.726,574.7465
4.929028,1,1183.178,574.0062,1183.452,574.3763
4.939051,1,1181.711,572.6861,1182.581,573.5313
4.951069,1,1181.711,572.6861,1182.146,573.1086
4.961445,1,1183.216,575.4204,1182.681,574.2645
4.973015,1,1183.216,575.4204,1182.949,574.8425
4.984947,1,1183.216,575.4204,1183.083,575.1315
4.995193,1,1184.804,577.4175,1183.943,576.2745
5.007376,1,1184.804,577.4175,1184.374,576.8461
5.026657,1,1185.839,578.6962,1185.106,577.7711
5.031984,1,1185.839,578.6962,1185.473,578.2336
5.041779,1,1185.839,578.6962,1185.656,578.465
5.052414,1,1187.68,580.5902,1186.668,579.5276
5.063726,1,1187.68,580.5902,1187.174,580.0589
5.075125,1,1187.68,580.5902,1187.427,580.3246
5.08728,1,1190.545,583.9803,1188.986,582.1525
5.09741,1,1190.545,583.9803,1189.765,583.0664
5.108007,1,1190.545,583.9803,1190.155,583.5233
5.118599,1,1194.315,588.8788,1192.235,586.201
5.130026,1,1194.315,588.8788,1193.275,587.5399
5.13961,1,1194.315,588.8788,1193.795,588.2094
5.151709,1,1198.072,593.843,1195.933,591.0262
5.163483,1,1198.072,593.843,1197.003,592.4346
5.173275,1,1202.121,599.3819,1199.562,595.9082
5.184898,1,1202.121,599.3819,1200.841,597.645
5.195276,1,1202.121,599.3819,1201.481,598.5134
5.207523,1,1206.334,605.0491,1203.907,601.7813
5.216782,1,1206.334,605.0491,1205.121,603.4152
5.228947,1,1206.334,605.0491,1205.728,604.2322
5.238499,1,1209.755,610.571,1207.741,607.4016
5.250893,1,1209.755,610.571,1208.749,608.9863
5.261766,1,1214.221,615.8826,1211.485,612.4344
5.273138,1,1214.221,615.8826,1212.853,614.1585
5.283281,1,1214.221,615.8826,1213.537,615.0205
5.293955,1,1218.13,621.8856,1215.833,618.453
5.304144,1,1218.13,621.8856,1216.982,620.1693
5.314222,1,1218.13,621.8856,1217.556,621.0275
5.327314,1,1221.568,626.759,1219.562,623.8932
5.336525,1,1221.568,626.759,1220.565,625.326
5.348341,1,1221.568,626.759,1221.066,626.0425
5.359686,1,1224.312,630.1741,1222.689,628.1083
5.369165,1,1224.312,630.1741,1223.5,629.1412
5.383215,1,1227.119,633.556,1225.31,631.3486
5.391155,1,1227.119,633.556,1226.214,632.4523
5.403753,1,1227.119,633.556,1226.667,633.0042
5.414896,1,1229.717,636.685,1228.192,634.8446
5.426346,1,1229.717,636.685,1228.954,635.7648
5.436281,1,1229.717,636.685,1229.336,636.2249
5.450058,1,1231.955,640.3078,1230.645,638.2664
5.459547,1,1231.955,640.3078,1231.3,639.2871
5.470709,1,1231.955,640.3078,1231.627,639.7975
5.481831,1,1233.845,643.8145,1232.736,641.806
5.494242,1,1233.845,643.8145,1233.291,642.8103
5.505232,1,1235.716,646.542,1234.503,644.6761
5.515806,1,1235.716,646.542,1235.109,645.6091
5.527653,1,1235.716,646.542,1235.412,646.0756
5.537045,1,1237.622,648.8504,1236.517,647.463
5.549137,1,1237.622,648.8504,1237.07,648.1567
5.558661,1,1237.622,648.8504,1237.346,648.5035
5.570501,1,1239.368,650.9713,1238.357,649.7374
5.580173,1,1239.368,650.9713,1238.863,650.3544
5.591574,1,1239.368,650.9713,1239.115,650.6628
5.603706,1,1241.043,653.332,1240.079,651.9974
5.613674,1,1241.043,653.332,1240.561,652.6647
5.626432,1,1242.619,654.9711,1241.59,653.8179
5.635565,1,1242.619,654.9711,1242.104,654.3945
5.648535,1,1242.619,654.9711,1242.362,654.6829
5.657721,1,1246.711,657.1603,1244.536,655.9216
5.669767,1,1246.711,657.1603,1245.624,656.5409
5.681124,1,1246.711,657.1603,1246.167,656.8506
5.692083,1,1251.399,659.2508,1248.783,658.0507
5.701794,1,1251.399,659.2508,1250.091,658.6508
5.713696,1,1251.399,659.2508,1250.745,658.9508
5.723507,1,1255.313,661.3576,1253.029,660.1542
5.733475,1,1255.313,661.3576,1254.171,660.7559
5.745724,1,1258.874,664.0873,1256.523,662.4216
5.754307,1,1258.874,664.0873,1257.698,663.2544
5.767483,1,1258.874,664.0873,1258.286,663.6708
5.778204,1,1261.979,666.4471,1260.133,665.059
5.789125,1,1261.979,666.4471,1261.056,665.7531
5.798582,1,1261.979,666.4471,1261.517,666.1001
5.810667,1,1265.077,669.0778,1263.297,667.589
5.819811,1,1265.077,669.0778,1264.187,668.3334
5.833372,1,1265.077,669.0778,1264.632,668.7056
5.845434,1,1267.9,671.5309,1266.266,670.1182
5.855547,1,1267.9,671.5309,1267.083,670.8246
5.867922,1,1270.561,673.996,1268.822,672.4103
5.878023,1,1270.561,673.996,1269.691,673.2031
5.88982,1,1270.561,673.996,1270.126,673.5995
5.899202,1,1272.595,676.4255,1271.361,675.0126
5.91221,1,1272.595,676.4255,1271.978,675.7191
5.920084,1,1272.595,676.4255,1272.287,676.0723
5.933126,1,1274.113,677.9029,1273.2,676.9875
5.943974,1,1274.113,677.9029,1273.656,677.4452
5.953598,1,1274.113,677.9029,1273.885,677.6741
5.966175,1,1275.286,679.1152,1274.585,678.3947
5.976952,1,1275.286,679.1152,1274.936,678.7549
5.98889,1,1276.744,680.4427,1275.84,679.5989
5.998663,1,1276.744,680.4427,1276.292,680.0208
6.011171,1,1276.744,680.4427,1276.518,680.2318
6.020491,1,1277.87,681.1974,1277.194,680.7146
6.032875,1,1277.87,681.1974,1277.532,680.9561
6.043987,1,1277.87,681.1974,1277.701,681.0768
6.054136,1,1278.735,681.4449,1278.218,681.2609
6.066721,1,1278.735,681.4449,1278.476,681.3529
6.076023,1,1278.735,681.4449,1278.605,681.3989
6.08642,1,1279.536,681.8743,1279.071,681.6366
6.096067,1,1279.536,681.8743,1279.303,681.7554
6.106894,1,1279.536,681.8743,1279.42,681.8148
6.118078,1,1280.673,682.3395,1280.047,682.0771
6.132685,1,1280.673,682.3395,1280.36,682.2083
6.140793,1,1281.412,682.7651,1280.886,682.4867
6.152369,1,1281.412,682.7651,1281.149,682.6259
6.163519,1,1281.412,682.7651,1281.281,682.6954
6.174067,1,1282.377,683.6957,1281.829,683.1956
6.186655,1,1282.377,683.6957,1282.103,683.4456
6.197268,1,1282.377,683.6957,1282.24,683.5707
6.208839,1,1283.83,684.3403,1283.035,683.9555
6.218786,1,1283.83,684.3403,1283.433,684.1479
6.231037,1,1284.913,684.6041,1284.173,684.376
6.239962,1,1284.913,684.6041,1284.543,684.4901
6.252003,1,1284.913,684.6041,1284.728,684.5471
6.263323,1,1286.198,685.2997,1285.463,684.9234
6.272947,1,1286.198,685.2997,1285.831,685.1116
6.285284,1,1286.198,685.2997,1286.014,685.2056
6.297695,1,1287.443,686.723,1286.729,685.9643
6.310366,1,1287.443,686.723,1287.086,686.3436
6.32217,1,1288.614,688.5681,1287.85,687.4559
6.33223,1,1288.614,688.5681,1288.232,688.012
6.341442,1,1288.614,688.5681,1288.423,688.29
6.353973,1,1290.371,691.5085,1289.397,689.8993
6.366297,1,1290.371,691.5085,1289.884,690.7039
6.37443,1,1290.371,691.5085,1290.128,691.1062
6.386419,1,1292.17,694.1228,1291.149,692.6145
6.39723,1,1292.17,694.1228,1291.659,693.3687
6.408487,1,1292.17,694.1228,1291.915,693.7457
6.419359,1,1294.554,697.55,1293.234,695.6478
6.43111,1,1294.554,697.55,1293.894,696.5989
6.440149,1,1296.639,701.8838,1295.267,699.2413
6.453485,1,1296.639,701.8838,1295.953,700.5626
6.463768,1,1296.639,701.8838,1296.296,701.2231
6.473404,1,1298.247,706.3273,1297.271,703.7753
6.4856,1,1298.247,706.3273,1297.759,705.0513
6.497112,1,1298.247,706.3273,1298.003,705.6893
6.509563,1,1300.496,709.295,1299.249,707.4922
6.520662,1,1300.496,709.295,1299.873,708.3936
6.532858,1,1302.549,710.8383,1301.211,709.616
6.544683,1,1302.549,710.8383,1301.88,710.2272
6.553831,1,1302.549,710.8383,1302.215,710.5327
6.565844,1,1304.646,713.1084,1303.43,711.8206
6.577436,1,1304.646,713.1084,1304.038,712.4645
6.588291,1,1304.646,713.1084,1304.342,712.7864
6.598862,1,1307.168,715.5693,1305.755,714.1779
6.611355,1,1307.168,715.5693,1306.461,714.8735
6.620304,1,1307.168,715.5693,1306.814,715.2214
6.632359,1,1309.784,717.746,1308.299,716.4837
6.642778,1,1309.784,717.746,1309.041,717.1149
6.653028,1,1311.832,719.3905,1310.437,718.2527
6.66535,1,1311.832,719.3905,1311.134,718.8216
6.674206,1,1311.832,719.3905,1311.483,719.1061
6.686325,1,1313.908,721.1013,1312.695,720.1036
6.697573,1,1313.908,721.1013,1313.302,720.6024
6.70846,1,1313.908,721.1013,1313.604,720.8518
6.717337,1,1315.995,722.3496,1314.8,721.6007
6.729952,1,1315.995,722.3496,1315.397,721.9752
6.738678,1,1315.995,722.3496,1315.696,722.1624
6.751978,1,1318.006,723.6334,1316.851,722.8979
6.763393,1,1318.006,723.6334,1317.428,723.2656
6.77091,1,1318.006,723.6334,1317.717,723.4495
6.784485,1,1323.513,727.5799,1320.615,725.5147
6.795296,1,1323.513,727.5799,1322.064,726.5473
6.807148,1,1331.245,733.8502,1326.654,730.1987
6.816641,1,1331.245,733.8502,1328.949,732.0245
6.843472,1,1338.833,740.4879,1333.891,736.2562
6.853117,1,1338.833,740.4879,1336.362,738.372
6.859842,1,1338.833,740.4879,1337.597,739.4299
6.870964,1,1345.469,745.8875,1341.533,742.6587
6.88364,1,1345.469,745.8875,1343.501,744.2731
6.894453,1,1351.976,750.5533,1347.739,747.4132
6.905468,1,1351.976,750.5533,1349.858,748.9833
6.914873,1,1351.976,750.5533,1350.917,749.7683
6.92771,1,1358.051,755.3722,1354.484,752.5703
6.936708,1,1358.051,755.3722,1356.268,753.9712
6.949404,1,1358.051,755.3722,1357.159,754.6717
6.961325,1,1363.805,759.2617,1360.482,756.9667
6.97262,1,1363.805,759.2617,1362.144,758.1142
6.983015,1,1363.805,759.2617,1362.974,758.688
6.993753,1,1366.767,761.9403,1364.87,760.3141
7.005484,1,1366.767,761.9403,1365.819,761.1272
7.015432,1,1369.084,763.7528,1367.451,762.44
7.028105,1,1369.084,763.7528,1368.268,763.0964
7.036036,1,1369.084,763.7528,1368.676,763.4246
7.049532,1,1371.4,765.7481,1370.038,764.5864
7.060537,1,1371.4,765.7481,1370.719,765.1672
7.074602,1,1374.024,767.2896,1372.372,766.2284
7.084421,1,1374.024,767.2896,1373.198,766.759
7.095087,1,1374.024,767.2896,1373.611,767.0243
7.105608,1,1376.175,768.6445,1374.893,767.8344
7.116137,1,1376.175,768.6445,1375.534,768.2394
7.12908,1,1376.175,768.6445,1375.854,768.4419
7.137602,1,1378.107,769.8995,1376.981,769.1707
7.149729,1,1378.107,769.8995,1377.544,769.535
7.159063,1,1378.107,769.8995,1377.826,769.7173
7.171602,1,1380.325,771.5295,1379.076,770.6234
7.183855,1,1380.325,771.5295,1379.7,771.0765
7.193029,1,1380.325,771.5295,1380.013,771.303
7.204504,1,1382.361,773.1479,1381.187,772.2255
7.215757,1,1382.361,773.1479,1381.774,772.6866
7.228502,1,1384.094,774.749,1382.934,773.7178
7.23646,1,1384.094,774.749,1383.514,774.2334
7.248796,1,1384.094,774.749,1383.804,774.4912
7.257589,1,1385.571,776.59,1384.687,775.5406
7.269381,1,1385.571,776.59,1385.129,776.0653
7.280054,1,1385.571,776.59,1385.35,776.3276
7.29101,1,1386.939,778.1143,1386.144,777.2209
7.300451,1,1386.939,778.1143,1386.542,777.6676
7.313578,1,1386.939,778.1143,1386.74,777.891
7.325056,1,1388.361,779.5308,1387.55,778.7109
7.334215,1,1388.361,779.5308,1387.956,779.1208
7.346666,1,1389.792,780.7332,1388.874,779.927
7.357218,1,1389.792,780.7332,1389.333,780.3301
7.368944,1,1389.792,780.7332,1389.562,780.5316
7.379908,1,1390.723,781.9496,1390.142,781.2406
7.391146,1,1390.723,781.9496,1390.433,781.5951
7.401316,1,1390.723,781.9496,1390.578,781.7723
7.413683,1,1391.788,783.2119,1391.183,782.4921
7.423281,1,1391.788,783.2119,1391.486,782.8521
7.433245,1,1391.788,783.2119,1391.637,783.032
7.445414,1,1392.651,784.3602,1392.144,783.696
7.45505,1,1392.651,784.3602,1392.397,784.0281
7.467539,1,1393.789,785.3563,1393.093,784.6921
7.476114,1,1393.789,785.3563,1393.441,785.0242
7.489046,1,1393.789,785.3563,1393.615,785.1902
7.498186,1,1394.966,786.2508,1394.291,785.7205
7.509836,1,1394.966,786.2508,1394.628,785.9856
7.520166,1,1394.966,786.2508,1394.797,786.1182
7.532206,1,1395.321,786.738,1395.059,786.4281
7.541571,1,1395.321,786.738,1395.19,786.583
7.555742,1,1395.321,786.738,1395.255,786.6605
7.566046,1,1396.161,787.2393,1395.708,786.9499
7.57498,1,1396.161,787.2393,1395.934,787.0946
7.588896,1,1397.044,787.9525,1396.489,787.5236
7.599031,1,1397.044,787.9525,1396.767,787.738
7.609186,1,1397.044,787.9525,1396.906,787.8452
7.619474,1,1397.993,788.6241,1397.449,788.2347
7.631559,1,1397.993,788.6241,1397.721,788.4294
7.641462,1,1397.993,788.6241,1397.857,788.5268
7.654566,1,1399.115,789.3323,1398.486,788.9296
7.665018,1,1399.115,789.3323,1398.801,789.1309
7.67362,1,1399.115,789.3323,1398.958,789.2316
7.686426,1,1400.209,790.1844,1399.584,789.708
7.697451,1,1400.209,790.1844,1399.896,789.9462
7.708342,1,1401.521,791.1075,1400.709,790.5269
7.717997,1,1401.521,791.1075,1401.115,790.8171
7.730177,1,1401.521,791.1075,1401.318,790.9623
7.739141,1,1402.537,792.1252,1401.927,791.5437
7.753019,1,1402.537,792.1252,1402.232,791.8345
7.764086,1,1402.537,792.1252,1402.384,791.9799
7.773569,1,1403.839,793.2876,1403.112,792.6337
7.786451,1,1403.839,793.2876,1403.476,792.9607
7.796099,1,1403.839,793.2876,1403.657,793.1241
7.807966,1,1406.062,795.6016,1404.859,794.3629
7.818922,1,1406.062,795.6016,1405.46,794.9822
7.83103,1,1408.737,798.4766,1407.099,796.7294
7.842108,1,1408.737,798.4766,1407.918,797.603
7.854429,1,1408.737,798.4766,1408.327,798.0398
7.866095,1,1411.804,801.4081,1410.066,799.724
7.875521,1,1411.804,801.4081,1410.935,800.566
7.88529,1,1411.804,801.4081,1411.369,800.9871
7.895197,1,1414.842,804.7609,1413.106,802.874
7.906466,1,1414.842,804.7609,1413.974,803.8174
7.917322,1,1414.842,804.7609,1414.408,804.2891
7.93059,1,1417.125,807.8351,1415.766,806.0621
7.940718,1,1417.125,807.8351,1416.445,806.9486
7.953859,1,1419.475,811.4501,1417.96,809.1993
7.965136,1,1419.475,811.4501,1418.718,810.3247
7.9741,1,1419.475,811.4501,1419.096,810.8875
7.986662,1,1422.444,814.682,1420.77,812.7847
7.99724,1,1422.444,814.682,1421.607,813.7334
8.009043,1,1422.444,814.682,1422.025,814.2077
8.019312,1,1425.833,817.5884,1423.929,815.8981
8.032629,1,1425.833,817.5884,1424.881,816.7433
8.068892,1,1428.855,820.492,1426.868,818.6177
8.074972,1,1431.912,822.9927,1429.39,820.8052
8.080446,1,1431.912,822.9927,1430.651,821.8989
8.092962,1,1431.912,822.9927,1431.282,822.4458
8.103113,1,1434.548,824.4287,1432.915,823.4373
8.113291,1,1434.548,824.4287,1433.731,823.933
8.123632,1,1434.548,824.4287,1434.14,824.1808
8.134027,1,1436.601,826.2561,1435.37,825.2185
8.146193,1,1436.601,826.2561,1435.986,825.7373
8.156118,1,1436.601,826.2561,1436.293,825.9967
8.167364,1,1439.444,828.0886,1437.869,827.0427
8.177088,1,1439.444,828.0886,1438.656,827.5657
8.188116,1,1439.444,828.0886,1439.05,827.8271
8.197897,1,1441.801,830.958,1440.426,829.3926
8.209993,1,1441.801,830.958,1441.113,830.1753
8.219206,1,1441.801,830.958,1441.457,830.5667
8.23152,1,1442.793,834.1553,1442.125,832.361
8.24378,1,1442.793,834.1553,1442.459,833.2582
8.263643,1,1444.983,836.6698,1443.721,834.964
8.268942,1,1444.983,836.6698,1444.352,835.8169
8.279043,1,1444.983,836.6698,1444.667,836.2433
8.290419,1,1446.296,839.284,1445.482,837.7637
8.301161,1,1446.296,839.284,1445.889,838.5238
8.313768,1,1448.054,841.5593,1446.971,840.0416
8.324335,1,1448.054,841.5593,1447.513,840.8004
8.334963,1,1448.054,841.5593,1447.783,841.1799
8.348043,1,1450.394,844.0305,1449.089,842.6052
8.356417,1,1450.394,844.0305,1449.741,843.3179
8.36904,1,1450.394,844.0305,1450.068,843.6742
8.378389,1,1452.157,845.1249,1451.112,844.3995
8.390314,1,1452.157,845.1249,1451.635,844.7622
8.400862,1,1452.157,845.1249,1451.896,844.9436
8.411856,1,1453.404,845.6451,1452.65,845.2943
8.421534,1,1453.404,845.6451,1453.027,845.4697
8.432505,1,1453.404,845.6451,1453.216,845.5574
8.440458,1,1454.604,845.6904,1453.91,845.6239
8.453272,1,1454.604,845.6904,1454.257,845.6572
8.465147,1,1457.837,843.9527,1456.047,844.8049
8.47407,1,1457.837,843.9527,1456.942,844.3788
8.487005,1,1457.837,843.9527,1457.39,844.1658
8.498129,1,1461.25,840.584,1459.32,842.3749
8.513453,1,1461.25,840.584,1460.285,841.4794
8.520342,1,1461.25,840.584,1460.767,841.0317
8.533342,1,1465.055,837.0413,1462.911,839.0365
8.545591,1,1465.055,837.0413,1463.983,838.0389
8.553381,1,1465.055,837.0413,1464.519,837.54
8.566008,1,1469.032,833.1893,1466.775,835.3647
8.574518,1,1469.032,833.1893,1467.904,834.277
8.588022,1,1473.164,830.0001,1470.534,832.1385
8.59693,1,1473.164,830.0001,1471.849,831.0693
8.608622,1,1473.164,830.0001,1472.506,830.5347
8.618265,1,1477.057,826.9468,1474.781,828.7407
8.630346,1,1477.057,826.9468,1475.919,827.8438
8.640036,1,1477.057,826.9468,1476.488,827.3953
8.652803,1,1481.127,824.902,1478.807,826.1486
8.665651,1,1481.127,824.902,1479.967,825.5253
8.675676,1,1484.547,824.2018,1482.257,824.8635
8.685812,1,1484.547,824.2018,1483.402,824.5327
8.69562,1,1484.547,824.2018,1483.975,824.3672
8.707537,1,1487.162,822.7133,1485.568,823.5402
8.717455,1,1487.162,822.7133,1486.365,823.1267
8.730673,1,1487.162,822.7133,1486.763,822.92
8.739519,1,1489.144,820.8551,1487.954,821.8876
8.752039,1,1489.144,820.8551,1488.549,821.3713
8.761656,1,1489.144,820.8551,1488.847,821.1132
8.773188,1,1490.163,818.5828,1489.505,819.848
8.784128,1,1490.163,818.5828,1489.834,819.2155
8.794531,1,1490.163,818.5828,1489.999,818.8992
8.805502,1,1491.254,817.0153,1490.626,817.9573
8.814344,1,1491.254,817.0153,1490.94,817.4863
8.830004,1,1492.093,815.3537,1491.517,816.42
8.837259,1,1492.093,815.3537,1491.805,815.8868
8.849615,1,1492.093,815.3537,1491.949,815.6202
8.864023,1,1493.132,813.6859,1492.54,814.6531
8.870279,1,1493.132,813.6859,1492.836,814.1695
8.884333,1,1493.132,813.6859,1492.984,813.9277
8.895086,1,1493.949,812.2999,1493.467,813.1138
8.905474,1,1493.949,812.2999,1493.708,812.7068
8.915483,1,1493.949,812.2999,1493.829,812.5033
8.927889,1,1494.625,810.9384,1494.227,811.7208
8.936529,1,1494.625,810.9384,1494.426,811.3296
8.949022,1,1497.014,809.1987,1495.72,810.2642
8.957891,1,1497.014,809.1987,1496.367,809.7314
8.970556,1,1497.014,809.1987,1496.691,809.4651
8.981497,1,1500.147,807.4272,1498.419,808.4462
8.99159,1,1500.147,807.4272,1499.283,807.9367
9.00131,1,1500.147,807.4272,1499.715,807.682
9.014055,1,1502.666,806.5084,1501.19,807.0952
9.023623,1,1502.666,806.5084,1501.928,806.8018
9.035242,1,1502.666,806.5084,1502.297,806.6552
9.048071,1,1504.672,805.398,1503.484,806.0266
9.05998,1,1504.672,805.398,1504.078,805.7123
9.070471,1,1506.875,803.6931,1505.477,804.7027
9.081068,1,1506.875,803.6931,1506.176,804.1979
9.096071,1,1506.875,803.6931,1506.525,803.9455
9.104113,1,1509.183,802.3734,1507.854,803.1594
9.113974,1,1509.183,802.3734,1508.519,802.7664
9.127924,1,1509.183,802.3734,1508.851,802.5699
9.136728,1,1510.987,801.5373,1509.919,802.0536
9.14945,1,1510.987,801.5373,1510.453,801.7954
9.157431,1,1510.987,801.5373,1510.72,801.6664
9.170527,1,1512.186,800.9089,1511.453,801.2876
9.181009,1,1512.186,800.9089,1511.819,801.0983
9.194582,1,1513.683,799.5067,1512.751,800.3025
9.20476,1,1513.683,799.5067,1513.217,799.9046
9.215483,1,1513.683,799.5067,1513.45,799.7057
9.227869,1,1515.362,798.238,1514.406,798.9719
9.236551,1,1515.362,798.238,1514.884,798.605
9.247694,1,1515.362,798.238,1515.123,798.4215
9.257517,1,1517.564,797.1376,1516.344,797.7795
9.269785,1,1517.564,797.1376,1516.954,797.4586
9.280008,1,1519.743,796.0186,1518.349,796.7386
9.291365,1,1519.743,796.0186,1519.046,796.3786
9.301363,1,1519.743,796.0186,1519.395,796.1986
9.31394,1,1521.421,795.0099,1520.408,795.6042
9.323874,1,1521.421,795.0099,1520.914,795.3071
9.333483,1,1521.421,795.0099,1521.168,795.1586
9.347727,1,1523.073,793.6848,1522.12,794.4216
9.355951,1,1523.073,793.6848,1522.597,794.0532
9.369066,1,1523.073,793.6848,1522.835,793.869
9.379839,1,1524.622,792.3002,1523.729,793.0846
9.390226,1,1524.622,792.3002,1524.176,792.6924
9.400373,1,1526.178,790.6796,1525.177,791.686
9.412546,1,1526.178,790.6796,1525.677,791.1829
9.421259,1,1526.178,790.6796,1525.927,790.9313
9.433523,1,1527.961,789.6291,1526.944,790.2802
9.445185,1,1527.961,789.6291,1527.452,789.9546
9.454058,1,1527.961,789.6291,1527.707,789.7919
9.484053,1,1529.921,788.6157,1528.814,789.2038
9.492109,1,1531.828,787.9009,1530.321,788.5524
9.497469,1,1531.828,787.9009,1531.074,788.2266
9.510099,1,1531.828,787.9009,1531.451,788.0637
9.519194,1,1531.828,787.9009,1531.64,787.9823
9.531366,1,1533.621,787.0576,1532.63,787.5199
9.542963,1,1533.621,787.0576,1533.126,787.2887
9.552839,1,1535.271,786.0388,1534.198,786.6637
9.565104,1,1535.271,786.0388,1534.735,786.3512
9.577391,1,1535.271,786.0388,1535.003,786.1949
9.588793,1,1540.236,783.8429,1537.62,785.0189
9.599195,1,1540.236,783.8429,1538.928,784.4309
9.611261,1,1545.044,781.6409,1541.986,783.0359
9.620329,1,1545.044,781.6409,1543.515,782.3384
9.632551,1,1545.044,781.6409,1544.279,781.9896
9.643984,1,1550.28,779.2494,1547.28,780.6195
9.652147,1,1550.28,779.2494,1548.78,779.9344
9.664701,1,1550.28,779.2494,1549.53,779.5919
9.675402,1,1555.42,776.9402,1552.475,778.2661
9.687037,1,1555.42,776.9402,1553.947,777.6031
9.696486,1,1555.42,776.9402,1554.684,777.2717
9.708281,1,1560.191,775.314,1557.437,776.2928
9.718222,1,1560.191,775.314,1558.814,775.8035
9.730215,1,1560.191,775.314,1559.502,775.5587
9.739462,1,1564.571,774.2352,1562.037,774.897
9.752123,1,1564.571,774.2352,1563.304,774.5661
9.763304,1,1568.385,773.5778,1565.844,774.072
9.772364,1,1568.385,773.5778,1567.114,773.8249
9.78385,1,1568.385,773.5778,1567.749,773.7014
9.794195,1,1571.837,772.6312,1569.793,773.1663
9.80599,1,1571.837,772.6312,1570.815,772.8987
9.813749,1,1571.837,772.6312,1571.326,772.7649
9.825937,1,1575.301,771.2764,1573.314,772.0206
9.835978,1,1575.301,771.2764,1574.307,771.6486
9.848806,1,1575.301,771.2764,1574.804,771.4625
9.861231,1,1578.736,769.8326,1576.77,770.6476
9.872564,1,1578.736,769.8326,1577.753,770.2401
9.883963,1,1581.803,768.7286,1579.778,769.4844
9.893526,1,1581.803,768.7286,1580.791,769.1064
9.90449,1,1581.803,768.7286,1581.297,768.9175
9.912973,1,1581.803,768.7286,1581.55,768.823
9.92388,1,1584.5,767.9532,1583.025,768.3881
9.934099,1,1584.5,767.9532,1583.763,768.1707
9.947317,1,1587.799,766.9733,1585.781,767.572
9.961081,1,1587.799,766.9733,1586.79,767.2726
9.976141,1,1590.557,765.9118,1588.674,766.5922
9.98171,1,1590.557,765.9118,1589.616,766.252
9.99225,1,1590.557,765.9118,1590.087,766.0819
10.00375,1,1590.557,765.9118,1590.322,765.9968
10.0141,1,1593.106,764.637,1591.714,765.3169
10.02463,1,1593.106,764.637,1592.41,764.9769
10.03596,1,1595.592,763.9103,1594.001,764.4436
10.04885,1,1595.592,763.9103,1594.797,764.1769
10.05742,1,1595.592,763.9103,1595.195,764.0436
10.07068,1,1597.593,763.5137,1596.394,763.7787
10.08071,1,1597.593,763.5137,1596.994,763.6462
10.09104,1,1597.593,763.5137,1597.293,763.58
10.10374,1,1599.607,763.1244,1598.45,763.3522
10.11753,1,1599.607,763.1244,1599.029,763.2383
10.13047,1,1601.241,762.3162,1600.135,762.7772
10.13742,1,1601.241,762.3162,1600.688,762.5467
10.14887,1,1601.241,762.3162,1600.965,762.4314
10.16101,1,1602.714,761.3194,1601.839,761.8754
10.17023,1,1602.714,761.3194,1602.277,761.5974
10.18109,1,1602.714,761.3194,1602.495,761.4584
10.19542,1,1603.679,760.6354,1603.087,761.0469
10.2041,1,1603.679,760.6354,1603.383,760.8412
10.21345,1,1603.679,760.6354,1603.531,760.7383
10.22706,1,1599.755,760.5898,1601.643,760.6641
10.2367,1,1599.755,760.5898,1600.699,760.627
10.24861,1,1595.839,761.0472,1598.269,760.8371
10.25682,1,1595.839,761.0472,1597.054,760.9421
10.2697,1,1595.839,761.0472,1596.446,760.9947
10.28056,1,1590.878,761.469,1593.662,761.2318
10.2913,1,1590.878,761.469,1592.27,761.3504
10.30358,1,1590.878,761.469,1591.574,761.4097
10.31366,1,1584.939,762.0371,1588.257,761.7234
10.32464,1,1584.939,762.0371,1586.598,761.8802
10.33453,1,1584.939,762.0371,1585.769,761.9587
10.34746,1,1578.723,762.2384,1582.246,762.0985
10.35701,1,1578.723,762.2384,1580.484,762.1685
10.36979,1,1573.436,763.1786,1576.96,762.6736
10.37972,1,1573.436,763.1786,1575.198,762.9261
10.39157,1,1573.436,763.1786,1574.317,763.0524
10.40148,1,1568.629,763.9551,1571.473,763.5037
10.4139,1,1568.629,763.9551,1570.051,763.7294
10.42546,1,1568.629,763.9551,1569.34,763.8422
10.43547,1,1564.78,764.8314,1567.06,764.3368
10.44705,1,1564.78,764.8314,1565.92,764.5841
10.45604,1,1564.78,764.8314,1565.35,764.7078
10.46836,1,1563.015,767.8941,1564.182,766.3009
10.47943,1,1563.015,767.8941,1563.599,767.0975
10.49277,1,1562.479,771.6448,1563.039,769.3712
10.50345,1,1562.479,771.6448,1562.759,770.5081
10.51356,1,1562.479,771.6448,1562.619,771.0764
10.52952,1,1561.543,775.3961,1562.081,773.2362
10.53617,1,1561.543,775.3961,1561.812,774.3162
10.54924,1,1561.133,778.7358,1561.472,776.526
10.56047,1,1561.133,778.7358,1561.303,777.6309
10.57105,1,1561.133,778.7358,1561.218,778.1833
10.5813,1,1560.805,781.7748,1561.011,779.9791
10.59525,1,1560.805,781.7748,1560.908,780.877
10.60568,1,1560.805,781.7748,1560.857,781.3259
10.61955,1,1560.478,783.9733,1560.668,782.6495
10.63157,1,1560.478,783.9733,1560.573,783.3114
10.64503,1,1560.805,786.2346,1560.689,784.7729
10.65319,1,1560.805,786.2346,1560.747,785.5038
10.66546,1,1560.805,786.2346,1560.776,785.8691
10.6775,1,1561.628,788.3352,1561.202,787.1022
10.6897,1,1561.628,788.3352,1561.415,787.7187
10.69839,1,1561.628,788.3352,1561.521,788.027
10.7112,1,1562.35,790.1575,1561.936,789.0922
10.72017,1,1562.35,790.1575,1562.143,789.6249
10.73353,1,1562.865,792.1526,1562.504,790.8887
10.74499,1,1562.865,792.1526,1562.684,791.5206
10.7536,1,1562.865,792.1526,1562.775,791.8366
10.76373,1,1563.817,794.1796,1563.296,793.0081
10.77276,1,1563.817,794.1796,1563.556,793.5939
10.78541,1,1563.817,794.1796,1563.687,793.8867
10.79653,1,1564.644,795.6108,1564.165,794.7488
10.80723,1,1564.644,795.6108,1564.405,795.1798
10.81751,1,1564.644,795.6108,1564.524,795.3953
10.83159,1,1565.468,791.6489,1564.996,793.5221
10.84051,1,1565.468,791.6489,1565.232,792.5855
10.8522,1,1565.468,791.6489,1565.35,792.1172
10.86424,1,1565.468,791.6489,1565.409,791.8831
10.88662,1,1565.468,791.6489,1565.438,791.766
10.89218,1,1565.468,791.6489,1565.453,791.7075
10.89826,1,1565.468,791.6489,1565.461,791.6782
10.91208,1,1613.286,697.6798,1589.373,744.679
10.92056,1,1613.286,697.6798,1601.33,721.1794
10.93252,1,1613.286,697.6798,1607.308,709.4296
10.94425,1,1612.494,701.4841,1609.901,705.4569
10.95394,1,1612.494,701.4841,1611.197,703.4705
10.96655,1,1612.494,701.4841,1611.845,702.4773
10.97815,1,1612.355,715.88,1612.1,709.1786
10.98901,1,1612.355,715.88,1612.227,712.5293
11.00002,1,1612.355,715.88,1612.291,714.2047
11.01388,1,1610.318,741.4611,1611.305,727.8329
11.02413,1,1610.318,741.4611,1610.812,734.647
11.0342,1,1608.719,765.7754,1609.765,750.2112
11.04663,1,1608.719,765.7754,1609.242,757.9933
11.05641,1,1608.719,765.7754,1608.98,761.8843
11.06859,1,1608.953,785.7772,1608.967,773.8307
11.07904,1,1608.953,785.7772,1608.96,779.804
11.09003,1,1608.953,785.7772,1608.956,782.7905
11.09937,1,1609.119,799.6,1609.038,791.1953
11.11134,1,1609.119,799.6,1609.079,795.3976
11.12192,1,1609.119,799.6,1609.099,797.4988
11.13425,1,1610.146,809.5172,1609.623,803.508
11.1457,1,1610.146,809.5172,1609.885,806.5126
11.15512,1,1611.848,816.0662,1610.866,811.2894
11.16726,1,1611.848,816.0662,1611.357,813.6777
11.17827,1,1611.848,816.0662,1611.603,814.8719
11.18912,1,1613.2,821.7276,1612.402,818.2998
11.1976,1,1613.2,821.7276,1612.801,820.0137
11.21012,1,1613.2,821.7276,1613.001,820.8706
11.21969,1,1614.836,826.2458,1613.918,823.5582
11.23188,1,1614.836,826.2458,1614.377,824.902
11.24014,1,1614.836,826.2458,1614.606,825.5739
11.25367,1,1616.868,829.7606,1615.737,827.6672
11.2647,1,1616.868,829.7606,1616.302,828.7139
11.27814,1,1618.177,831.8989,1617.24,830.3064
11.29027,1,1618.177,831.8989,1617.708,831.1027
11.29859,1,1618.177,831.8989,1617.943,831.5007
11.31213,1,1619.584,833.8005,1618.763,832.6506
11.32107,1,1619.584,833.8005,1619.174,833.2256
11.33374,1,1620.85,834.1035,1620.012,833.6646
11.34698,1,1620.85,834.1035,1620.431,833.884
11.3555,1,1620.85,834.1035,1620.64,833.9938
11.36733,1,1621.734,834.4991,1621.188,834.2465
11.37785,1,1621.734,834.4991,1621.461,834.3728
11.3884,1,1621.734,834.4991,1621.598,834.4359
11.39849,1,1622.775,834.8335,1622.186,834.6347
11.41116,1,1622.775,834.8335,1622.481,834.7341
11.41982,1,1622.775,834.8335,1622.628,834.7838
11.43276,1,1620.307,832.6409,1621.467,833.7124
11.44475,1,1620.307,832.6409,1620.887,833.1766
11.45432,1,1618.442,831.0433,1619.665,832.11
11.46609,1,1618.442,831.0433,1619.053,831.5767
11.47768,1,1618.442,831.0433,1618.748,831.3099
11.49002,1,1616.728,829.4238,1617.738,830.3668
11.49957,1,1616.728,829.4238,1617.233,829.8953
11.51278,1,1616.728,829.4238,1616.98,829.6595
11.52028,1,1614.153,827.1489,1615.567,828.4042
11.53264,1,1614.153,827.1489,1614.86,827.7765
11.54392,1,1614.153,827.1489,1614.506,827.4626
11.55386,1,1611.266,824.8005,1612.886,826.1316
11.56647,1,1611.266,824.8005,1612.076,825.4661
11.57781,1,1607.765,822.4675,1609.921,823.9668
11.58847,1,1607.765,822.4675,1608.843,823.2172
11.59983,1,1607.765,822.4675,1608.304,822.8423
11.61466,1,1604.086,820.1141,1606.195,821.4782
11.62585,1,1604.086,820.1141,1605.141,820.7961
11.63519,1,1604.086,820.1141,1604.614,820.4551
11.64726,1,1600.58,817.8195,1602.597,819.1373
11.65675,1,1600.58,817.8195,1601.589,818.4784
11.66865,1,1596.657,815.2497,1599.123,816.864
11.67945,1,1596.657,815.2497,1597.89,816.0569
11.69025,1,1596.657,815.2497,1597.273,815.6533
11.70025,1,1592.894,812.8514,1595.084,814.2524
11.71263,1,1592.894,812.8514,1593.989,813.5519
11.72379,1,1592.894,812.8514,1593.442,813.2017
11.73263,1,1589.297,810.5385,1591.369,811.8701
11.74445,1,1589.297,810.5385,1590.333,811.2042
11.75295,1,1589.297,810.5385,1589.815,810.8713
11.76772,1,1586.21,808.9066,1588.012,809.889
11.77749,1,1586.21,808.9066,1587.111,809.3978
11.79088,1,1583.425,807.6966,1585.268,808.5472
11.7997,1,1583.425,807.6966,1584.346,808.1219
11.81175,1,1583.425,807.6966,1583.886,807.9093
11.82171,1,1581.327,806.121,1582.606,807.0151
11.83177,1,1581.327,806.121,1581.967,806.5681
11.84319,1,1581.327,806.121,1581.647,806.3446
11.85279,1,1579.52,805.1912,1580.583,805.7679
11.86477,1,1579.52,805.1912,1580.052,805.4795
11.8733,1,1579.52,805.1912,1579.786,805.3353
11.88677,1,1577.68,804.5538,1578.733,804.9446
11.89718,1,1577.68,804.5538,1578.207,804.7491
11.90994,1,1575.586,803.4451,1576.896,804.0971
11.91955,1,1575.586,803.4451,1576.241,803.7711
11.93046,1,1575.586,803.4451,1575.914,803.6081
11.94003,1,1573.761,802.3437,1574.838,802.9759
11.95263,1,1573.761,802.3437,1574.3,802.6598
11.98096,1,1572.114,801.6388,1573.207,802.1493
11.98857,1,1572.114,801.6388,1572.661,801.894
11.99387,1,1572.114,801.6388,1572.387,801.7664
12.00435,1,1570.722,800.8523,1571.555,801.3093
12.0152,1,1570.722,800.8523,1571.139,801.0808
12.02713,1,1570.722,800.8523,1570.931,800.9666
12.03644,1,1569.261,800.4788,1570.096,800.7227
12.04848,1,1569.261,800.4788,1569.678,800.6007
12.0563,1,1569.261,800.4788,1569.469,800.5398
12.06848,1,1568.117,800.0793,1568.793,800.3096
12.08083,1,1568.117,800.0793,1568.455,800.1945
12.09385,1,1567.436,799.8503,1567.946,800.0224
12.10362,1,1567.436,799.8503,1567.691,799.9364
12.11368,1,1567.436,799.8503,1567.563,799.8934
12.12442,1,1566.359,799.6683,1566.961,799.7808
12.1346,1,1566.359,799.6683,1566.66,799.7245
12.14654,1,1566.359,799.6683,1566.51,799.6964
12.1555,1,1565.226,799.2427,1565.868,799.4695
12.1694,1,1565.226,799.2427,1565.547,799.3561
12.17956,1,1564.115,798.8734,1564.831,799.1147
12.19416,1,1564.115,798.8734,1564.473,798.994
12.2036,1,1564.115,798.8734,1564.294,798.9337
12.2137,1,1563.252,798.5964,1563.773,798.7651
12.22698,1,1563.252,798.5964,1563.513,798.6808
12.23675,1,1563.252,798.5964,1563.382,798.6386
12.24721,1,1562.422,798.2807,1562.902,798.4597
12.25618,1,1562.422,798.2807,1562.662,798.3702
12.26759,1,1562.422,798.2807,1562.542,798.3254
12.27924,1,1561.684,798.2194,1562.113,798.2724
12.29233,1,1561.684,798.2194,1561.898,798.2458
12.30007,1,1560.715,797.9697,1561.307,798.1078
12.31309,1,1560.715,797.9697,1561.011,798.0387
12.32357,1,1560.715,797.9697,1560.863,798.0042
12.33383,1,1559.456,797.3113,1560.16,797.6577
12.34664,1,1559.456,797.3113,1559.808,797.4845
12.35702,1,1559.456,797.3113,1559.632,797.3979
12.36913,1,1558.357,796.4314,1558.994,796.9147
12.38349,1,1558.357,796.4314,1558.676,796.673
12.39308,1,1557.437,795.8783,1558.056,796.2756
12.40461,1,1557.437,795.8783,1557.747,796.077
12.41532,1,1557.437,795.8783,1557.592,795.9777
12.42722,1,1556.289,795.031,1556.94,795.5043
12.43654,1,1556.289,795.031,1556.615,795.2677
12.44805,1,1556.289,795.031,1556.452,795.1494
12.45932,1,1555.297,794.4151,1555.875,794.7822
12.47055,1,1555.297,794.4151,1555.586,794.5986
12.48044,1,1555.297,794.4151,1555.441,794.5068
12.49295,1,1553.909,793.6081,1554.675,794.0575
12.50162,1,1553.909,793.6081,1554.292,793.8328
12.51328,1,1552.206,792.7446,1553.249,793.2887
12.52392,1,1552.206,792.7446,1552.728,793.0166
12.53393,1,1552.206,792.7446,1552.467,792.8806
12.54785,1,1550.356,791.4778,1551.411,792.1792
12.55583,1,1550.356,791.4778,1550.883,791.8285
12.56769,1,1550.356,791.4778,1550.619,791.6532
12.5782,1,1548.607,789.897,1549.613,790.7751
12.58933,1,1548.607,789.897,1549.11,790.3361
12.59922,1,1548.607,789.897,1548.859,790.1166
12.61048,1,1546.759,789.0059,1547.809,789.5612
12.62179,1,1546.759,789.0059,1547.284,789.2836
12.63305,1,1544.499,787.885,1545.891,788.5843
12.64459,1,1544.499,787.885,1545.195,788.2346
12.65401,1,1544.499,787.885,1544.847,788.0598
12.66669,1,1541.938,786.5156,1543.393,787.2877
12.67722,1,1541.938,786.5156,1542.666,786.9016
12.68843,1,1541.938,786.5156,1542.302,786.7086
12.70128,1,1539.276,785.2334,1540.789,785.971
12.71374,1,1539.276,785.2334,1540.033,785.6022
12.72345,1,1536.635,783.3123,1538.334,784.4572
12.73516,1,1536.635,783.3123,1537.485,783.8848
12.74709,1,1536.635,783.3123,1537.06,783.5985
12.75842,1,1533.708,781.0867,1535.384,782.3427
12.77299,1,1533.708,781.0867,1534.546,781.7147
12.78514,1,1530.693,779.3143,1532.619,780.5145
12.79323,1,1530.693,779.3143,1531.656,779.9144
12.80365,1,1530.693,779.3143,1531.174,779.6144
12.81399,1,1527.985,777.3803,1529.58,778.4973
12.82662,1,1527.985,777.3803,1528.782,777.9388
12.83579,1,1527.985,777.3803,1528.384,777.6595
12.84853,1,1524.826,775.0009,1526.604,776.3302
12.85856,1,1524.826,775.0009,1525.715,775.6655
12.87353,1,1524.826,775.0009,1525.27,775.3333
12.88502,1,1521.417,772.5764,1523.344,773.9548
12.89187,1,1521.417,772.5764,1522.38,773.2656
12.9012,1,1521.417,772.5764,1521.899,772.921
12.91355,1,1518.217,770.8353,1520.058,771.8782
12.92433,1,1518.217,770.8353,1519.138,771.3567
12.93382,1,1518.217,770.8353,1518.677,771.0959
12.9466,1,1515.147,769.1681,1516.912,770.132
12.9563,1,1515.147,769.1681,1516.03,769.65
12.96853,1,1512.479,767.6591,1514.254,768.6545
12.97864,1,1512.479,767.6591,1513.367,768.1569
12.98972,1,1512.479,767.6591,1512.923,767.908
12.99788,1,1510.297,766.6542,1511.61,767.2811
13.011,1,1510.297,766.6542,1510.954,766.9677
13.04002,1,1507.649,765.3109,1509.301,766.1393
13.04796,1,1507.649,765.3109,1508.475,765.7251
13.05397,1,1507.649,765.3109,1508.062,765.5179
13.06647,1,1505.705,763.9608,1506.884,764.7394
13.07594,1,1505.705,763.9608,1506.294,764.3501
13.08755,1,1503.634,762.4946,1504.964,763.4224
13.09647,1,1503.634,762.4946,1504.299,762.9585
13.10733,1,1503.634,762.4946,1503.967,762.7266
13.1176,1,1501.901,761.1392,1502.934,761.9329
13.13042,1,1501.901,761.1392,1502.417,761.536
13.14172,1,1501.901,761.1392,1502.159,761.3376
13.1527,1,1499.25,759.6799,1500.705,760.5087
13.16343,1,1499.25,759.6799,1499.978,760.0943
13.17233,1,1499.25,759.6799,1499.614,759.8871
13.18465,1,1496.787,758.3493,1498.2,759.1182
13.19475,1,1496.787,758.3493,1497.494,758.7338
13.20736,1,1494.358,756.8635,1495.926,757.7986
13.21633,1,1494.358,756.8635,1495.142,757.3311
13.22855,1,1494.358,756.8635,1494.75,757.0973
13.24366,1,1490.459,755.172,1492.605,756.1346
13.25306,1,1490.459,755.172,1491.532,755.6533
13.26546,1,1431.261,753.3922,1461.397,754.5227
13.27547,1,1431.261,753.3922,1446.329,753.9574
13.28571,1,1431.261,753.3922,1438.795,753.6748
13.2969,1,1232.081,749.8184,1335.438,751.7466
13.30937,1,1232.081,749.8184,1283.76,750.7825
13.31809,1,1232.081,749.8184,1257.92,750.3004
13.33026,1,1028.318,738.8996,1143.119,744.6
13.34022,1,1028.318,738.8996,1085.718,741.7498
13.3503,1,1028.318,738.8996,1057.018,740.3247
13.36075,1,910.533,731.8768,983.7754,736.1007
13.37218,1,910.533,731.8768,947.1542,733.9888
13.38329,1,910.533,731.8768,928.8436,732.9327
13.3963,1,851.1847,729.7775,890.0142,731.3551
13.40767,1,851.1847,729.7775,870.5994,730.5663
13.41847,1,819.3034,728.6897,844.9514,729.628
13.43194,1,819.3034,728.6897,832.1274,729.1588
13.43954,1,819.3034,728.6897,825.7155,728.9243
13.45253,1,803.9129,726.5569,814.8142,727.7406
13.46337,1,803.9129,726.5569,809.3635,727.1488
13.47197,1,803.9129,726.5569,806.6382,726.8529
13.48361,1,833.3985,725.6402,820.0183,726.2466
13.495,1,833.3985,725.6402,826.7084,725.9434
13.50606,1,833.3985,725.6402,830.0535,725.7917
13.51666,1,896.4595,722.4426,863.2565,724.1172
13.53089,1,896.4595,722.4426,879.858,723.2799
13.53991,1,980.3495,717.6754,930.1038,720.4777
13.553,1,980.3495,717.6754,955.2267,719.0765
13.56678,1,980.3495,717.6754,967.7881,718.376
13.58064,1,1127.563,710.8297,1047.676,714.6028
13.58888,1,1127.563,710.8297,1087.619,712.7163
13.59844,1,1127.563,710.8297,1107.591,711.773
13.6099,1,1246.883,704.85,1177.237,708.3115
13.61854,1,1246.883,704.85,1212.06,706.5807
13.63093,1,1323.437,701.3029,1267.749,703.9418
13.63968,1,1323.437,701.3029,1295.593,702.6223
13.65176,1,1323.437,701.3029,1309.515,701.9626
13.66332,1,1366.729,699.8904,1338.122,700.9265
13.6714,1,1366.729,699.8904,1352.425,700.4084
13.68402,1,1366.729,699.8904,1359.577,700.1494
13.70015,1,1390.499,697.2609,1375.038,698.7052
13.71578,1,1390.499,697.2609,1382.769,697.983
13.72336,1,1404.531,696.2617,1393.65,697.1223
13.73374,1,1404.531,696.2617,1399.09,696.692
13.74659,1,1404.531,696.2617,1401.81,696.4768
13.7532,1,1411.488,694.4177,1406.649,695.4473
13.76464,1,1411.488,694.4177,1409.068,694.9325
13.77386,1,1411.488,694.4177,1410.278,694.6751
13.78654,1,1415.146,693.0794,1412.712,693.8773
13.7967,1,1415.146,693.0794,1413.929,693.4783
13.80868,1,1415.146,693.0794,1414.537,693.2789
13.81867,1,1418.55,690.7672,1416.544,692.0231
13.83157,1,1418.55,690.7672,1417.547,691.3951
13.84014,1,1418.55,690.7672,1418.048,691.0812
13.85278,1,1421.71,688.2347,1419.879,689.658
13.8653,1,1421.71,688.2347,1420.795,688.9463
13.87291,1,1422.801,685.5126,1421.798,687.2294
13.88526,1,1422.801,685.5126,1422.3,686.371
13.89572,1,1422.801,685.5126,1422.55,685.9418
13.90648,1,1423.811,683.6366,1423.181,684.7892
13.91693,1,1423.811,683.6366,1423.496,684.2129
13.92975,1,1423.811,683.6366,1423.654,683.9247
13.93815,1,1424.37,682.2216,1424.012,683.0731
13.95056,1,1424.37,682.2216,1424.191,682.6473
13.96158,1,1424.37,682.2216,1424.281,682.4344
13.97212,1,1425.252,681.2739,1424.767,681.8541
13.98309,1,1425.252,681.2739,1425.01,681.564
13.99316,1,1425.398,680.2911,1425.204,680.9276
14.00545,1,1425.398,680.2911,1425.301,680.6094
14.01518,1,1425.398,680.2911,1425.35,680.4503
14.02772,1,1425.748,679.4868,1425.549,679.9685
14.03641,1,1425.748,679.4868,1425.648,679.7277
14.04818,1,1425.748,679.4868,1425.698,679.6072
14.05813,1,1425.902,678.8249,1425.8,679.2161
14.06724,1,1425.902,678.8249,1425.851,679.0205
14.07866,1,1425.902,678.8249,1425.877,678.9227
14.09083,1,1425.599,678.5717,1425.738,678.7472
14.10079,1,1425.599,678.5717,1425.668,678.6594
14.11514,1,1425.255,678.2824,1425.461,678.4709
14.12633,1,1425.255,678.2824,1425.358,678.3767
14.13507,1,1425.255,678.2824,1425.306,678.3296
14.14752,1,1424.92,677.8553,1425.113,678.0924
14.15893,1,1424.92,677.8553,1425.016,677.9739
14.16743,1,1424.92,677.8553,1424.968,677.9146
14.17774,1,1424.713,677.3546,1424.84,677.6346
14.18876,1,1424.713,677.3546,1424.776,677.4946
14.19923,1,1424.713,677.3546,1424.745,677.4246
14.21203,1,1424.342,677.0948,1424.543,677.2597
14.22075,1,1424.342,677.0948,1424.443,677.1772
14.23282,1,1424.342,677.0948,1424.392,677.136
14.24365,1,1423.952,676.8014,1424.172,676.9687
14.2532,1,1423.952,676.8014,1424.062,676.885
14.2671,1,1423.435,676.4827,1423.749,676.6838
14.27659,1,1423.435,676.4827,1423.592,676.5833
14.28698,1,1423.435,676.4827,1423.513,676.533
14.29755,1,1422.199,675.7827,1422.856,676.1578
14.31103,1,1422.199,675.7827,1422.528,675.9702
14.31968,1,1422.199,675.7827,1422.364,675.8765
14.33224,1,1420.35,674.5009,1421.357,675.1887
14.34324,1,1420.35,674.5009,1420.854,674.8447
14.3531,1,1420.35,674.5009,1420.602,674.6728
14.36447,1,1418.488,673.1694,1419.545,673.9211
14.37634,1,1418.488,673.1694,1419.017,673.5452
14.38706,1,1416.894,672.0362,1417.955,672.7907
14.39694,1,1416.894,672.0362,1417.424,672.4135
14.40953,1,1416.894,672.0362,1417.159,672.2249
14.41862,1,1415.458,671.1654,1416.309,671.6951
14.43078,1,1415.458,671.1654,1415.883,671.4303
14.43939,1,1415.458,671.1654,1415.671,671.2979
14.45184,1,1414.098,669.7688,1414.885,670.5333
14.46339,1,1414.098,669.7688,1414.491,670.1511
14.47291,1,1414.098,669.7688,1414.295,669.96
14.48388,1,1412.649,668.737,1413.472,669.3485
14.49401,1,1412.649,668.737,1413.06,669.0427
14.50508,1,1412.649,668.737,1412.854,668.8899
14.51658,1,1410.843,667.6185,1411.849,668.2542
14.52865,1,1410.843,667.6185,1411.346,667.9363
14.54392,1,1408.938,667.4384,1410.142,667.6874
14.55501,1,1408.938,667.4384,1409.54,667.5629
14.5643,1,1408.938,667.4384,1409.239,667.5006
14.57133,1,1407.657,666.9514,1408.448,667.226
14.5832,1,1407.657,666.9514,1408.052,667.0887
14.59404,1,1407.657,666.9514,1407.854,667.0201
14.60487,1,1406.602,666.9178,1407.228,666.9689
14.63207,1,1405.494,666.5041,1406.361,666.7365
14.63954,1,1405.494,666.5041,1405.928,666.6203
14.64787,1,1405.494,666.5041,1405.711,666.5622
14.65515,1,1405.494,666.5041,1405.603,666.5331
14.66697,1,1404.626,666.2984,1405.114,666.4158
14.67767,1,1404.626,666.2984,1404.87,666.3571
14.68826,1,1403.363,666.3764,1404.116,666.3667
14.69898,1,1403.363,666.3764,1403.74,666.3716
14.71152,1,1403.363,666.3764,1403.551,666.374
14.72462,1,1402.49,666.2187,1403.02,666.2964
14.73195,1,1402.49,666.2187,1402.755,666.2576
14.74422,1,1402.49,666.2187,1402.622,666.2382
14.75365,1,1401.833,666.4074,1402.228,666.3228
14.76631,1,1401.833,666.4074,1402.031,666.3651
14.77702,1,1401.833,666.4074,1401.932,666.3862
14.78838,1,1401.103,666.4139,1401.517,666.4
14.7973,1,1401.103,666.4139,1401.31,666.407
14.8115,1,1401.111,670.5665,1401.21,668.4867
14.82152,1,1401.111,670.5665,1401.161,669.5266
14.83321,1,1401.111,670.5665,1401.136,670.0465
14.84498,1,1403.722,687.4963,1402.429,678.7714
14.85301,1,1403.722,687.4963,1403.075,683.1338
14.86511,1,1403.722,687.4963,1403.398,685.3151
14.87538,1,1407.622,711.2359,1405.51,698.2755
14.88698,1,1407.622,711.2359,1406.566,704.7557
14.89741,1,1407.622,711.2359,1407.094,707.9958
14.9096,1,1412.267,732.0801,1409.681,720.038
14.91722,1,1412.267,732.0801,1410.974,726.059
14.92873,1,1416.069,749.2941,1413.522,737.6766
14.94007,1,1416.069,749.2941,1414.796,743.4854
14.95149,1,1416.069,749.2941,1415.432,746.3898
14.96166,1,1417.688,762.5859,1416.56,754.4879
14.9739,1,1417.688,762.5859,1417.124,758.5369
14.98454,1,1417.688,762.5859,1417.406,760.5614
14.99568,1,1419.513,772.0079,1418.46,766.2847
15.00689,1,1419.513,772.0079,1418.986,769.1463
15.01767,1,1419.513,772.0079,1419.25,770.5771
15.02996,1,1420.452,779.4923,1419.851,775.0347
15.03889,1,1420.452,779.4923,1420.151,777.2635
15.05132,1,1421.833,784.2725,1420.992,780.7681
15.06293,1,1421.833,784.2725,1421.413,782.5203
15.07288,1,1421.833,784.2725,1421.623,783.3964
15.08517,1,1426.902,789.4313,1424.262,786.4138
15.09602,1,1426.902,789.4313,1425.582,787.9226
15.10886,1,1426.902,789.4313,1426.242,788.677
15.11862,1,1432.725,795.5884,1429.484,792.1327
15.13105,1,1432.725,795.5884,1431.104,793.8605
15.14092,1,1437.005,799.859,1434.055,796.8597
15.15322,1,1437.005,799.859,1435.53,798.3594
15.16419,1,1437.005,799.859,1436.268,799.1092
15.17467,1,1440.36,802.8365,1438.314,800.9728
15.18509,1,1440.36,802.8365,1439.337,801.9047
15.19619,1,1440.36,802.8365,1439.848,802.3706
15.20785,1,1442.553,804.5967,1441.201,803.4836
15.21733,1,1442.553,804.5967,1441.877,804.0402
15.23031,1,1444.294,806.5142,1443.085,805.2772
15.24005,1,1444.294,806.5142,1443.69,805.8958
15.25189,1,1444.294,806.5142,1443.992,806.205
15.2648,1,1445.714,807.6718,1444.853,806.9384
15.27521,1,1445.714,807.6718,1445.283,807.3051
15.28547,1,1445.714,807.6718,1445.499,807.4884
15.29572,1,1447.01,808.5459,1446.254,808.0172
15.30764,1,1447.01,808.5459,1446.632,808.2815
15.31735,1,1447.01,808.5459,1446.821,808.4137
15.32963,1,1447.871,809.226,1447.346,808.8198
15.33869,1,1447.871,809.226,1447.608,809.0229
15.35097,1,1448.785,809.9271,1448.197,809.475
15.3639,1,1448.785,809.9271,1448.491,809.701
15.37731,1,1448.785,809.9271,1448.638,809.8141
15.38629,1,1449.58,810.6499,1449.109,810.232
15.39759,1,1449.58,810.6499,1449.345,810.4409
15.40753,1,1449.58,810.6499,1449.462,810.5454
15.41852,1,1450.643,811.6643,1450.053,811.1049
15.43128,1,1450.643,811.6643,1450.348,811.3846
15.4457,1,1451.378,812.6047,1450.863,811.9946
15.45226,1,1451.378,812.6047,1451.12,812.2997
15.46392,1,1451.378,812.6047,1451.249,812.4522
15.47232,1,1451.892,813.0536,1451.57,812.7529
15.48789,1,1451.892,813.0536,1451.731,812.9033
15.4969,1,1451.892,813.0536,1451.811,812.9784
15.51201,1,1452.544,813.8375,1452.178,813.408
15.5191,1,1452.544,813.8375,1452.361,813.6227
15.53182,1,1452.544,813.8375,1452.453,813.7301
15.54372,1,1452.792,814.2924,1452.622,814.0112
15.55187,1,1452.792,814.2924,1452.707,814.1518
15.5644,1,1453.411,814.7407,1453.059,814.4463
15.57288,1,1453.411,814.7407,1453.235,814.5935
15.58522,1,1453.411,814.7407,1453.323,814.6671
15.59565,1,1454.024,815.0869,1453.674,814.877
15.60744,1,1454.024,815.0869,1453.849,814.9819
15.61685,1,1454.024,815.0869,1453.936,815.0344
15.62923,1,1454.904,815.7089,1454.42,815.3716
15.63803,1,1454.904,815.7089,1454.662,815.5403
15.65097,1,1454.904,815.7089,1454.783,815.6246
15.66152,1,1458.564,817.8153,1456.674,816.72
15.67249,1,1458.564,817.8153,1457.619,817.2676
15.68373,1,1463.795,820.3035,1460.707,818.7855
15.69481,1,1463.795,820.3035,1462.251,819.5445
15.70582,1,1463.795,820.3035,1463.023,819.924
15.71565,1,1468.377,823.5293,1465.7,821.7266
15.7283,1,1468.377,823.5293,1467.039,822.6279
15.73794,1,1468.377,823.5293,1467.708,823.0786
15.74951,1,1474.466,826.8633,1471.087,824.9709
15.7589,1,1474.466,826.8633,1472.777,825.9171
15.7703,1,1474.466,826.8633,1473.622,826.3903
15.78094,1,1479.599,830.0062,1476.61,828.1982
15.79333,1,1479.599,830.0062,1478.105,829.1022
15.80323,1,1479.599,830.0062,1478.852,829.5542
15.81318,1,1483.809,833.1024,1481.33,831.3282
15.82528,1,1483.809,833.1024,1482.57,832.2153
15.83432,1,1483.809,833.1024,1483.189,832.6588
15.84623,1,1483.456,832.563,1483.323,832.611
15.85506,1,1483.456,832.563,1483.389,832.587
15.86743,1,1482.126,831.1531,1482.758,831.8701
15.87795,1,1482.126,831.1531,1482.442,831.5116
15.88881,1,1482.126,831.1531,1482.284,831.3323
15.899,1,1480.995,830.412,1481.639,830.8722
15.91192,1,1480.995,830.412,1481.317,830.6421
15.92319,1,1480.995,830.412,1481.156,830.527
15.93239,1,1480.302,830.0872,1480.729,830.3071
15.94458,1,1480.302,830.0872,1480.515,830.1971
15.9545,1,1480.302,830.0872,1480.409,830.1422
15.96649,1,1479.762,829.736,1480.085,829.9391
15.97662,1,1479.762,829.736,1479.924,829.8375
15.98505,1,1479.762,829.736,1479.843,829.7867
15.99584,1,1479.339,829.3369,1479.591,829.5618
16.00727,1,1479.339,829.3369,1479.465,829.4493
16.0164,1,1478.979,828.9857,1479.222,829.2175
16.0281,1,1478.979,828.9857,1479.1,829.1016
16.03843,1,1478.979,828.9857,1479.039,829.0436
16.051,1,1478.483,828.3033,1478.761,828.6735
16.06069,1,1478.483,828.3033,1478.622,828.4884
16.07208,1,1478.483,828.3033,1478.553,828.3959
16.08317,1,1477.896,827.6805,1478.224,828.0382
16.0937,1,1477.896,827.6805,1478.06,827.8594
16.104,1,1477.896,827.6805,1477.978,827.7699
16.11435,1,1476.974,827.1927,1477.476,827.4813
16.12776,1,1476.974,827.1927,1477.225,827.337
16.13492,1,1476.974,827.1927,1477.1,827.2649
16.14742,1,1475.808,826.8427,1476.454,827.0538
16.15737,1,1475.808,826.8427,1476.131,826.9482
16.16968,1,1474.864,826.0584,1475.497,826.5033
16.17982,1,1474.864,826.0584,1475.181,826.2809
16.19647,1,1474.864,826.0584,1475.022,826.1697
16.20403,1,1473.715,825.2344,1474.369,825.702
16.21442,1,1473.715,825.2344,1474.042,825.4683
16.22913,1,1472.245,824.2099,1473.143,824.8391
16.23651,1,1472.245,824.2099,1472.694,824.5245
16.25034,1,1472.245,824.2099,1472.469,824.3672
16.26174,1,1470.529,822.8665,1471.499,823.6168
16.27308,1,1470.529,822.8665,1471.014,823.2417
16.28465,1,1470.529,822.8665,1470.771,823.0541
16.29535,1,1469.108,821.5615,1469.94,822.3077
16.30791,1,1469.108,821.5615,1469.524,821.9346
16.31693,1,1469.108,821.5615,1469.316,821.748
16.32883,1,1467.632,820.252,1468.474,821
16.33766,1,1467.632,820.252,1468.053,820.626
16.35063,1,1466.073,819.2619,1467.063,819.944
16.36024,1,1466.073,819.2619,1466.568,819.6029
16.37103,1,1466.073,819.2619,1466.321,819.4324
16.3814,1,1464.746,818.0464,1465.533,818.7394
16.39584,1,1464.746,818.0464,1465.14,818.3929
16.40575,1,1464.746,818.0464,1464.943,818.2197
16.4142,1,1463.633,816.862,1464.288,817.5409
16.42851,1,1463.633,816.862,1463.96,817.2014
16.43546,1,1463.633,816.862,1463.796,817.0317
16.44722,1,1462.824,816.1368,1463.31,816.5842
16.45558,1,1462.824,816.1368,1463.067,816.3605
16.46828,1,1462.824,816.1368,1462.946,816.2487
16.47884,1,1461.912,815.8491,1462.429,816.0489
16.49051,1,1461.912,815.8491,1462.171,815.949
16.50143,1,1460.544,815.2684,1461.358,815.6087
16.51379,1,1460.544,815.2684,1460.951,815.4386
16.52722,1,1460.544,815.2684,1460.748,815.3535
16.53554,1,1458.526,814.7767,1459.637,815.0651
16.54749,1,1458.526,814.7767,1459.082,814.9209
16.55789,1,1458.526,814.7767,1458.804,814.8488
16.56924,1,1456.161,812.9954,1457.482,813.9221
16.57995,1,1456.161,812.9954,1456.822,813.4587
16.59276,1,1454.215,810.4949,1455.518,811.9768
16.60303,1,1454.215,810.4949,1454.867,811.2358
16.6141,1,1454.215,810.4949,1454.541,810.8654
16.62701,1,1452.051,807.745,1453.296,809.3052
16.63513,1,1452.051,807.745,1452.674,808.5251
16.64761,1,1452.051,807.745,1452.363,808.135
16.65779,1,1450.032,805.3972,1451.198,806.7661
16.66811,1,1450.032,805.3972,1450.615,806.0817
16.67843,1,1450.032,805.3972,1450.324,805.7394
16.6898,1,1447.665,803.333,1448.994,804.5362
16.69954,1,1447.665,803.333,1448.33,803.9346
16.71203,1,1445.527,801.8975,1446.928,802.916
16.7202,1,1445.527,801.8975,1446.228,802.4067
16.73054,1,1445.527,801.8975,1445.877,802.1521
16.7455,1,1443.736,799.5905,1444.807,800.8713
16.75249,1,1443.736,799.5905,1444.272,800.2308
16.76475,1,1443.736,799.5905,1444.004,799.9106
16.77653,1,1441.24,797.6536,1442.622,798.7821
16.78715,1,1441.24,797.6536,1441.931,798.2179
16.79744,1,1441.24,797.6536,1441.585,797.9358
16.81013,1,1439.285,795.4037,1440.435,796.6698
16.81873,1,1439.285,795.4037,1439.86,796.0367
16.8306,1,1439.285,795.4037,1439.573,795.7202
16.83992,1,1437.109,792.4496,1438.341,794.085
16.85317,1,1437.109,792.4496,1437.725,793.2673
16.8655,1,1434.751,789.2702,1436.238,791.2688
16.8766,1,1434.751,789.2702,1435.494,790.2695
16.8879,1,1434.751,789.2702,1435.123,789.7699
16.89815,1,1432.572,787.1968,1433.847,788.4834
16.91055,1,1432.572,787.1968,1433.21,787.8401
16.91954,1,1432.572,787.1968,1432.891,787.5184
16.93065,1,1430.928,785.7012,1431.91,786.6098
16.9391,1,1430.928,785.7012,1431.419,786.1555
16.95126,1,1430.928,785.7012,1431.174,785.9283
16.96176,1,1429.491,784.1233,1430.332,785.0258
16.97461,1,1429.491,784.1233,1429.911,784.5746
16.98577,1,1427.489,782.3766,1428.7,783.4756
16.99584,1,1427.489,782.3766,1428.095,782.9261
17.00714,1,1427.489,782.3766,1427.792,782.6514
17.01829,1,1425.636,780.4151,1426.714,781.5332
17.03024,1,1425.636,780.4151,1426.175,780.9741
17.03918,1,1425.636,780.4151,1425.905,780.6946
17.05181,1,1423.71,778.9764,1424.808,779.8354
17.06341,1,1423.71,778.9764,1424.259,779.4059
17.07217,1,1423.71,778.9764,1423.985,779.1912
17.08492,1,1420.776,776.6447,1422.38,777.918
17.09505,1,1420.776,776.6447,1421.578,777.2814
17.10671,1,1417.569,773.5722,1419.574,775.4268
17.11649,1,1417.569,773.5722,1418.571,774.4995
17.12926,1,1417.569,773.5722,1418.07,774.0359
17.13758,1,1414.905,770.0173,1416.487,772.0266
17.15141,1,1414.905,770.0173,1415.696,771.022
17.16176,1,1414.905,770.0173,1415.3,770.5197
17.17319,1,1412.014,766.1599,1413.657,768.3397
17.18469,1,1412.014,766.1599,1412.836,767.2498
17.19491,1,1409.408,763.1173,1411.122,765.1835
17.20578,1,1409.408,763.1173,1410.265,764.1504
17.21621,1,1409.408,763.1173,1409.837,763.6339
17.22873,1,1407.023,760.3815,1408.43,762.0077
17.23799,1,1407.023,760.3815,1407.727,761.1946
17.25047,1,1407.023,760.3815,1407.375,760.788
17.2618,1,1402.726,757.9168,1405.051,759.3524
17.27282,1,1402.726,757.9168,1403.889,758.6346
17.28414,1,1402.726,757.9168,1403.307,758.2758
17.29483,1,1398.767,755.8341,1401.037,757.0549
17.30705,1,1398.767,755.8341,1399.902,756.4445
17.31708,1,1395.095,753.4744,1397.498,754.9595
17.32927,1,1395.095,753.4744,1396.297,754.2169
17.33879,1,1395.095,753.4744,1395.696,753.8456
17.35106,1,1391.634,751.4781,1393.665,752.6619
17.36159,1,1391.634,751.4781,1392.649,752.0699
17.37238,1,1391.634,751.4781,1392.141,751.774
17.38521,1,1388.672,750.2975,1390.407,751.0358
17.39593,1,1388.672,750.2975,1389.54,750.6666
17.4064,1,1385.59,748.7473,1387.565,749.7069
17.41669,1,1385.59,748.7473,1386.577,749.2271
17.42875,1,1385.59,748.7473,1386.083,748.9872
17.43926,1,1383.421,747.1777,1384.752,748.0824
17.45134,1,1383.421,747.1777,1384.086,747.63
17.46155,1,1383.421,747.1777,1383.753,747.4038
17.47448,1,1381.269,745.3194,1382.511,746.3616
17.48633,1,1381.269,745.3194,1381.89,745.8405
17.4973,1,1379.445,743.1381,1380.667,744.4893
17.50982,1,1379.445,743.1381,1380.056,743.8137
17.51869,1,1379.445,743.1381,1379.751,743.476
17.53222,1,1377.138,740.9993,1378.444,742.2377
17.54353,1,1377.138,740.9993,1377.791,741.6185
17.5522,1,1377.138,740.9993,1377.465,741.309
17.56632,1,1377.315,739.2787,1377.39,740.2938
17.57553,1,1377.315,739.2787,1377.352,739.7863
17.58745,1,1377.333,736.6108,1377.343,738.1985
17.59737,1,1377.333,736.6108,1377.338,737.4047
17.61048,1,1377.333,736.6108,1377.335,737.0078
17.61979,1,1377.397,733.9987,1377.366,735.5032
17.63106,1,1377.397,733.9987,1377.382,734.751
17.64314,1,1377.397,733.9987,1377.389,734.3749
17.6524,1,1376.645,731.9381,1377.017,733.1565
17.66356,1,1376.645,731.9381,1376.831,732.5473
17.67217,1,1376.645,731.9381,1376.738,732.2427
17.68486,1,1375.672,729.8385,1376.205,731.0406
17.6951,1,1375.672,729.8385,1375.939,730.4396
17.70603,1,1375.672,729.8385,1375.806,730.139
17.71435,1,1374.875,727.7435,1375.34,728.9413
17.72962,1,1374.875,727.7435,1375.107,728.3424
17.73634,1,1374.875,727.7435,1374.991,728.043
17.74877,1,1374.009,725.2315,1374.5,726.6372
17.75904,1,1374.009,725.2315,1374.254,725.9343
17.76983,1,1372.604,722.7095,1373.429,724.3219
17.77947,1,1372.604,722.7095,1373.016,723.5157
17.79033,1,1372.604,722.7095,1372.81,723.1125
17.79981,1,1371.26,720.8555,1372.035,721.984
17.81243,1,1371.26,720.8555,1371.647,721.4197
17.825,1,1371.26,720.8555,1371.453,721.1376
17.83432,1,1369.676,719.5125,1370.565,720.325
17.84657,1,1369.676,719.5125,1370.121,719.9187
17.85698,1,1369.676,719.5125,1369.898,719.7156
17.86867,1,1368.505,717.7523,1369.202,718.7339
17.87876,1,1368.505,717.7523,1368.854,718.243
17.8907,1,1367.204,716.4209,1368.029,717.332
17.90146,1,1367.204,716.4209,1367.616,716.8765
17.91419,1,1367.204,716.4209,1367.41,716.6487
17.92428,1,1365.718,714.8138,1366.564,715.7312
17.93433,1,1365.718,714.8138,1366.141,715.2725
17.94628,1,1365.718,714.8138,1365.93,715.0431
17.95548,1,1363.877,713.0661,1364.903,714.0546
17.96647,1,1363.877,713.0661,1364.39,713.5603
17.97765,1,1363.877,713.0661,1364.133,713.3132
17.98854,1,1362.553,711.7882,1363.343,712.5507
17.9981,1,1362.553,711.7882,1362.948,712.1694
18.01129,1,1361.247,710.9651,1362.097,711.5673
18.02082,1,1361.247,710.9651,1361.672,711.2662
18.03258,1,1361.247,710.9651,1361.459,711.1157
18.04489,1,1359.751,709.9304,1360.605,710.5231
18.05358,1,1359.751,709.9304,1360.178,710.2267
18.06545,1,1359.751,709.9304,1359.964,710.0786
18.07658,1,1357.691,709.3773,1358.828,709.728
18.08712,1,1357.691,709.3773,1358.259,709.5526
18.09766,1,1357.691,709.3773,1357.975,709.465
18.1095,1,1355.825,708.7203,1356.9,709.0927
18.11852,1,1355.825,708.7203,1356.363,708.9065
18.1303,1,1353.96,707.2634,1355.161,708.085
18.13905,1,1353.96,707.2634,1354.56,707.6742
18.15149,1,1353.96,707.2634,1354.26,707.4688
18.16601,1,1352.267,706.0118,1353.263,706.7404
18.17655,1,1352.267,706.0118,1352.765,706.3761
18.18951,1,1352.267,706.0118,1352.516,706.194
18.19663,1,1350.457,704.7053,1351.487,705.4496
18.20691,1,1350.457,704.7053,1350.972,705.0774
18.21661,1,1350.457,704.7053,1350.714,704.8914
18.22976,1,1348.665,703.4185,1349.689,704.1549
18.23971,1,1348.665,703.4185,1349.177,703.7867
18.25002,1,1348.665,703.4185,1348.921,703.6025
18.26021,1,1347.34,702.5417,1348.131,703.0721
18.2722,1,1347.34,702.5417,1347.736,702.8069
18.28171,1,1345.817,701.9262,1346.776,702.3666
18.29566,1,1345.817,701.9262,1346.297,702.1464
18.30918,1,1345.817,701.9262,1346.057,702.0363
18.31845,1,1344.586,701.8772,1345.322,701.9567
18.333,1,1344.586,701.8772,1344.954,701.917
18.34649,1,1343.162,701.2996,1344.058,701.6083
18.35335,1,1343.162,701.2996,1343.61,701.4539
18.36384,1,1343.162,701.2996,1343.386,701.3767
18.3729,1,1341.568,700.8858,1342.477,701.1312
18.38674,1,1341.568,700.8858,1342.023,701.0085
18.39833,1,1341.568,700.8858,1341.796,700.9471
18.40752,1,1340.353,700.3408,1341.074,700.644
18.41836,1,1340.353,700.3408,1340.714,700.4924
18.43094,1,1340.353,700.3408,1340.533,700.4166
18.44798,1,1338.987,699.6813,1339.76,700.049
18.45611,1,1338.987,699.6813,1339.374,699.8651
18.46722,1,1334.865,699.9262,1337.119,699.8956
18.47737,1,1334.865,699.9262,1335.992,699.9109
18.48841,1,1334.865,699.9262,1335.428,699.9186
18.49883,1,1329.214,699.8929,1332.321,699.9058
18.51166,1,1329.214,699.8929,1330.768,699.8994
18.52094,1,1329.214,699.8929,1329.991,699.8961
18.53263,1,1323.99,700.4789,1326.99,700.1875
18.54481,1,1323.99,700.4789,1325.49,700.3333
18.55204,1,1323.99,700.4789,1324.74,700.4061
18.56571,1,1319.19,700.8206,1321.965,700.6134
18.57737,1,1319.19,700.8206,1320.577,700.717
18.58787,1,1315.133,700.9905,1317.855,700.8538
18.59844,1,1315.133,700.9905,1316.494,700.9221
18.61181,1,1315.133,700.9905,1315.814,700.9563
18.6187,1,1292.616,710.6431,1304.215,705.7997
18.63107,1,1292.616,710.6431,1298.415,708.2214
18.63964,1,1292.616,710.6431,1295.516,709.4323
18.65214,1,1168.787,749.5057,1232.151,729.469
18.66352,1,1168.787,749.5057,1200.469,739.4874
18.67492,1,990.3622,797.5494,1095.416,768.5184
18.68582,1,990.3622,797.5494,1042.889,783.0339
18.69585,1,990.3622,797.5494,1016.626,790.2916
18.70717,1,878.6727,827.121,947.6492,808.7063
18.71668,1,878.6727,827.121,913.1609,817.9136
18.72854,1,878.6727,827.121,895.9169,822.5173
18.73822,1,820.0994,843.0262,858.0081,832.7718
18.75043,1,820.0994,843.0262,839.0537,837.899
18.76164,1,820.0994,843.0262,829.5765,840.4626
18.77367,1,788.9747,852.7471,809.2756,846.6049
18.78568,1,788.9747,852.7471,799.1251,849.676
18.79484,1,790.0344,859.3796,794.5798,854.5278
18.80662,1,790.0344,859.3796,792.3071,856.9537
18.81686,1,790.0344,859.3796,791.1708,858.1666
18.82901,1,795.1335,862.8952,793.1522,860.5309
18.83984,1,795.1335,862.8952,794.1428,861.713
18.85119,1,795.1335,862.8952,794.6382,862.3041
18.86334,1,797.7873,864.3808,796.2128,863.3424
18.87223,1,797.7873,864.3808,797,863.8616
18.88463,1,797.7873,864.3808,797.3937,864.1212
18.89535,1,805.7603,866.4401,801.577,865.2806
18.90656,1,805.7603,866.4401,803.6687,865.8604
18.91686,1,841.6484,865.3722,822.6586,865.6163
18.92843,1,841.6484,865.3722,832.1534,865.4943
18.93913,1,841.6484,865.3722,836.9009,865.4332
18.95224,1,913.8173,855.9979,875.3591,860.7156
18.96402,1,913.8173,855.9979,894.5881,858.3568
18.97389,1,913.8173,855.9979,904.2027,857.1774
18.98647,1,1036.19,839.243,970.1963,848.2102
18.99628,1,1036.19,839.243,1003.193,843.7266
19.00797,1,1139.802,826.3223,1071.497,835.0244
19.0175,1,1139.802,826.3223,1105.65,830.6733
19.03009,1,1139.802,826.3223,1122.726,828.4978
19.04047,1,1207.183,816.9141,1164.954,822.7059
19.05216,1,1207.183,816.9141,1186.069,819.81
19.06174,1,1207.183,816.9141,1196.626,818.3621
19.07364,1,1248.097,812.0086,1222.362,815.1853
19.08668,1,1248.097,812.0086,1235.229,813.5969
19.09665,1,1248.097,812.0086,1241.663,812.8027
19.10849,1,1273.324,809.7366,1257.494,811.2697
19.1181,1,1273.324,809.7366,1265.409,810.5031
19.13058,1,1297.341,800.5341,1281.375,805.5186
19.13928,1,1297.341,800.5341,1289.358,803.0264
19.15156,1,1297.341,800.5341,1293.349,801.7803
19.16402,1,1318.847,788.9928,1306.098,795.3865
19.17458,1,1318.847,788.9928,1312.473,792.1897
19.18794,1,1331.415,781.8656,1321.944,787.0276
19.19656,1,1331.415,781.8656,1326.68,784.4467
19.20669,1,1331.415,781.8656,1329.048,783.1561
19.21756,1,1340.061,777.3343,1334.554,780.2452
19.231,1,1340.061,777.3343,1337.308,778.7898
19.2408,1,1340.061,777.3343,1338.685,778.062
19.25375,1,1345.866,774.7155,1342.276,776.3887
19.2685,1,1345.866,774.7155,1344.071,775.5521
19.28048,1,1350.263,773.0456,1347.167,774.2988
19.28843,1,1350.263,773.0456,1348.715,773.6722
19.29846,1,1350.263,773.0456,1349.489,773.3589
19.30966,1,1353.38,771.4775,1351.434,772.4182
19.32022,1,1353.38,771.4775,1352.407,771.9479
19.33246,1,1353.38,771.4775,1352.893,771.7127
19.34094,1,1356.157,770.8569,1354.525,771.2848
19.35301,1,1356.157,770.8569,1355.341,771.0708
19.36814,1,1356.157,770.8569,1355.749,770.9639
19.37766,1,1358.834,770.9963,1357.292,770.9801
19.38944,1,1358.834,770.9963,1358.063,770.9882
19.39771,1,1358.834,770.9963,1358.448,770.9923
19.40804,1,1361.469,770.891,1359.959,770.9417
19.41932,1,1361.469,770.891,1360.714,770.9163
19.43252,1,1363.17,770.5408,1361.942,770.7285
19.44108,1,1363.17,770.5408,1362.556,770.6346
19.45333,1,1363.17,770.5408,1362.863,770.5877
19.46452,1,1364.898,770.608,1363.88,770.5978
19.47351,1,1364.898,770.608,1364.389,770.6029
19.48607,1,1364.898,770.608,1364.643,770.6055
19.49689,1,1366.282,771.2817,1365.463,770.9436
19.50816,1,1366.282,771.2817,1365.872,771.1127
19.51694,1,1366.282,771.2817,1366.077,771.1971
19.53001,1,1367.711,771.9243,1366.894,771.5607
19.53977,1,1367.711,771.9243,1367.302,771.7424
19.55055,1,1369.039,772.7761,1368.17,772.2593
19.5609,1,1369.039,772.7761,1368.604,772.5177
19.57233,1,1369.039,772.7761,1368.822,772.6469
19.58316,1,1370.362,773.9604,1369.592,773.3036
19.59352,1,1370.362,773.9604,1369.977,773.632
19.60604,1,1370.362,773.9604,1370.17,773.7961
19.6165,1,1371.849,774.8582,1371.01,774.3271
19.62752,1,1371.849,774.8582,1371.429,774.5927
19.63705,1,1371.849,774.8582,1371.639,774.7255
19.64964,1,1373.978,775.6458,1372.809,775.1857
19.65956,1,1373.978,775.6458,1373.393,775.4158
19.67055,1,1373.978,775.6458,1373.686,775.5308
19.68107,1,1376.159,776.9866,1374.922,776.2587
19.69415,1,1376.159,776.9866,1375.541,776.6226
19.70148,1,1378.432,779.1302,1376.986,777.8765
19.7138,1,1378.432,779.1302,1377.709,778.5034
19.72139,1,1378.432,779.1302,1378.071,778.8168
19.73374,1,1381.443,781.4251,1379.757,780.121
19.74516,1,1381.443,781.4251,1380.6,780.7731
19.75493,1,1381.443,781.4251,1381.022,781.0991
19.7675,1,1384.633,783.9325,1382.828,782.5158
19.77938,1,1384.633,783.9325,1383.73,783.2241
19.78921,1,1384.633,783.9325,1384.182,783.5783
19.79835,1,1387.938,786.392,1386.06,784.9851
19.81091,1,1387.938,786.392,1386.999,785.6885
19.81977,1,1387.938,786.392,1387.468,786.0403
19.83183,1,1391.088,789.0938,1389.278,787.567
19.83974,1,1391.088,789.0938,1390.183,788.3304
19.85291,1,1394.614,791.4979,1392.398,789.9142
19.86396,1,1394.614,791.4979,1393.506,790.7061
19.87375,1,1394.614,791.4979,1394.06,791.102
19.88796,1,1398.277,794.6646,1396.168,792.8833
19.8992,1,1398.277,794.6646,1397.223,793.7739
19.91168,1,1398.277,794.6646,1397.75,794.2192
19.92133,1,1401.239,797.6498,1399.494,795.9346
19.93342,1,1401.239,797.6498,1400.367,796.7922
19.94563,1,1403.926,800.4465,1402.146,798.6194
19.95367,1,1403.926,800.4465,1403.036,799.533
19.96605,1,1403.926,800.4465,1403.481,799.9897
19.97699,1,1406.551,803.0773,1405.016,801.5336
19.98787,1,1406.551,803.0773,1405.784,802.3054
19.99827,1,1406.551,803.0773,1406.167,802.6914
20.01079,1,1409.266,806.0015,1407.717,804.3464
20.02331,1,1409.266,806.0015,1408.491,805.174
20.03185,1,1409.266,806.0015,1408.879,805.5877
20.04577,1,1412.124,808.8004,1410.501,807.194
20.05369,1,1412.124,808.8004,1411.313,807.9972
20.06608,1,1414.397,810.9966,1412.855,809.4969
20.07389,1,1414.397,810.9966,1413.626,810.2467
20.08624,1,1414.397,810.9966,1414.011,810.6216
20.09642,1,1417.149,812.8988,1415.58,811.7603
20.10699,1,1417.149,812.8988,1416.365,812.3295
20.11773,1,1417.149,812.8988,1416.757,812.6141
20.13061,1,1419.708,814.9354,1418.232,813.7748
20.13925,1,1419.708,814.9354,1418.97,814.3551
20.15196,1,1419.708,814.9354,1419.339,814.6453
20.16298,1,1422.404,816.6501,1420.871,815.6477
20.17131,1,1422.404,816.6501,1421.638,816.1489
20.18427,1,1424.622,818.6506,1423.13,817.3998
20.19429,1,1424.622,818.6506,1423.876,818.0251
20.20471,1,1424.622,818.6506,1424.249,818.3379
20.21521,1,1427.122,821.1448,1425.686,819.7413
20.22719,1,1427.122,821.1448,1426.404,820.4431
20.23646,1,1427.122,821.1448,1426.763,820.7939
20.24915,1,1429.563,823.3602,1428.163,822.0771
20.25953,1,1429.563,823.3602,1428.863,822.7186
20.26995,1,1429.563,823.3602,1429.213,823.0394
20.28092,1,1431.776,825.6778,1430.495,824.3586
20.2914,1,1431.776,825.6778,1431.135,825.0182
20.3016,1,1431.776,825.6778,1431.456,825.348
20.31352,1,1434.252,827.6849,1432.854,826.5165
20.32391,1,1434.252,827.6849,1433.553,827.1007
20.33192,1,1434.252,827.6849,1433.903,827.3928
20.34501,1,1436.428,828.8358,1435.165,828.1143
20.35296,1,1436.428,828.8358,1435.796,828.4751
20.36571,1,1438.896,830.0906,1437.346,829.2828
20.37526,1,1438.896,830.0906,1438.121,829.6867
20.38847,1,1438.896,830.0906,1438.509,829.8887
20.39795,1,1440.365,831.1212,1439.437,830.5049
20.41204,1,1440.365,831.1212,1439.901,830.813
20.41879,1,1440.365,831.1212,1440.133,830.967
20.43126,1,1440.032,829.5961,1440.082,830.2816
20.44049,1,1440.032,829.5961,1440.057,829.9388
20.453,1,1440.032,829.5961,1440.045,829.7675
20.46379,1,1439.675,827.987,1439.86,828.8772
20.47305,1,1439.675,827.987,1439.767,828.4321
20.48654,1,1439.521,827.1608,1439.644,827.7964
20.49709,1,1439.521,827.1608,1439.582,827.4786
20.50759,1,1439.521,827.1608,1439.552,827.3197
20.51794,1,1439.237,826.4125,1439.394,826.8661
20.53078,1,1439.237,826.4125,1439.316,826.6393
20.54041,1,1439.237,826.4125,1439.276,826.5259
20.55348,1,1438.991,825.8934,1439.134,826.2097
20.5641,1,1438.991,825.8934,1439.062,826.0515
20.57551,1,1438.991,825.8934,1439.027,825.9725
20.58675,1,1438.671,825.0673,1438.849,825.5199
20.59562,1,1438.671,825.0673,1438.76,825.2936
20.60786,1,1438.301,824.3494,1438.531,824.8215
20.6163,1,1438.301,824.3494,1438.416,824.5854
20.62778,1,1438.301,824.3494,1438.359,824.4674
20.63694,1,1438.301,824.3494,1438.33,824.4084
20.64985,1,1437.781,823.7579,1438.055,824.0831
20.66056,1,1437.781,823.7579,1437.918,823.9205
20.67117,1,1435.852,822.0668,1436.885,822.9937
20.68175,1,1435.852,822.0668,1436.368,822.5303
20.69517,1,1435.852,822.0668,1436.11,822.2986
20.7038,1,1433.134,819.9478,1434.622,821.1232
20.71422,1,1433.134,819.9478,1433.878,820.5355
20.72758,1,1433.134,819.9478,1433.506,820.2417
20.73707,1,1429.711,817.387,1431.608,818.8143
20.74875,1,1429.711,817.387,1430.66,818.1006
20.76092,1,1426.347,814.6526,1428.503,816.3766
20.76985,1,1426.347,814.6526,1427.425,815.5146
20.78061,1,1426.347,814.6526,1426.886,815.0836
20.79616,1,1422.552,811.7833,1424.719,813.4335
20.8042,1,1422.552,811.7833,1423.635,812.6084
20.8145,1,1422.552,811.7833,1423.094,812.1958
20.82957,1,1419.368,809.2266,1421.231,810.7112
20.83639,1,1419.368,809.2266,1420.299,809.9689
20.84809,1,1419.368,809.2266,1419.833,809.5977
20.85703,1,1416.472,805.924,1418.153,807.7609
20.87033,1,1416.472,805.924,1417.313,806.8424
20.88079,1,1413.21,803.3013,1415.261,805.0718
20.89236,1,1413.21,803.3013,1414.236,804.1865
20.90321,1,1413.21,803.3013,1413.723,803.7439
20.91364,1,1410.778,800.2617,1412.251,802.0028
20.92624,1,1410.778,800.2617,1411.514,801.1322
20.93519,1,1410.778,800.2617,1411.146,800.6969
20.94881,1,1408.278,797.8255,1409.712,799.2612
20.95693,1,1408.278,797.8255,1408.995,798.5433
20.97,1,1406.476,796.2928,1407.735,797.4181
20.98044,1,1406.476,796.2928,1407.106,796.8555
20.99138,1,1406.476,796.2928,1406.791,796.5741
21.00146,1,1404.168,794.5237,1405.479,795.5489
21.01394,1,1404.168,794.5237,1404.824,795.0363
21.0244,1,1404.168,794.5237,1404.496,794.78
21.03538,1,1401.892,792.2092,1403.194,793.4946
21.04787,1,1401.892,792.2092,1402.543,792.8519
21.05657,1,1401.892,792.2092,1402.217,792.5306
21.06917,1,1399.781,790.1111,1400.999,791.3208
21.07872,1,1399.781,790.1111,1400.39,790.7159
21.09157,1,1398.054,788.6083,1399.222,789.6621
21.1,1,1398.054,788.6083,1398.638,789.1353
21.11186,1,1398.054,788.6083,1398.346,788.8718
21.11986,1,1398.054,788.6083,1398.2,788.7401
21.13315,1,1396.239,786.6972,1397.219,787.7186
21.14616,1,1396.239,786.6972,1396.729,787.2079
21.15442,1,1393.174,785.4988,1394.952,786.3534
21.16688,1,1393.174,785.4988,1394.063,785.9261
21.17808,1,1393.174,785.4988,1393.619,785.7125
21.19061,1,1391.029,784.0816,1392.324,784.8971
21.19992,1,1391.029,784.0816,1391.676,784.4894
21.21218,1,1389.398,782.4847,1390.537,783.4871
21.22175,1,1389.398,782.4847,1389.968,782.9859
21.23417,1,1389.398,782.4847,1389.683,782.7354
21.24503,1,1388.187,781.2401,1388.935,781.9877
21.25433,1,1388.187,781.2401,1388.561,781.6139
21.26752,1,1388.187,781.2401,1388.374,781.427
21.27661,1,1386.537,779.6682,1387.455,780.5476
21.2871,1,1386.537,779.6682,1386.996,780.1079
21.29843,1,1386.537,779.6682,1386.766,779.8881
21.31,1,1384.334,778.0562,1385.55,778.9722
21.31859,1,1384.334,778.0562,1384.942,778.5142
21.33134,1,1384.334,778.0562,1384.638,778.2852
21.34131,1,1382.07,777.3708,1383.354,777.828
21.35202,1,1382.07,777.3708,1382.712,777.5994
21.3639,1,1379.723,776.4196,1381.218,777.0095
21.37189,1,1379.723,776.4196,1380.47,776.7146
21.38112,1,1379.723,776.4196,1380.097,776.5671
21.39552,1,1377.58,774.9549,1378.838,775.761
21.40339,1,1377.58,774.9549,1378.209,775.3579
21.41409,1,1377.58,774.9549,1377.895,775.1564
21.42495,1,1375.047,773.3818,1376.471,774.2691
21.43503,1,1375.047,773.3818,1375.759,773.8254
21.44736,1,1375.047,773.3818,1375.403,773.6036
21.45682,1,1372.712,771.9894,1374.058,772.7965
21.46955,1,1372.712,771.9894,1373.385,772.3929
21.47973,1,1372.712,771.9894,1373.049,772.1912
21.49103,1,1370.538,770.9948,1371.793,771.593
21.5009,1,1370.538,770.9948,1371.166,771.2938
21.51308,1,1370.538,770.9948,1370.852,771.1443
21.52414,1,1368.437,770.0007,1369.644,770.5725
21.53425,1,1368.437,770.0007,1369.04,770.2866
21.54736,1,1366.286,768.7276,1367.663,769.5071
21.55691,1,1366.286,768.7276,1366.974,769.1173
21.56939,1,1366.286,768.7276,1366.63,768.9225
21.58026,1,1364.507,767.5648,1365.569,768.2437
21.59309,1,1364.507,767.5648,1365.038,767.9042
21.60316,1,1364.507,767.5648,1364.773,767.7345
21.61228,1,1362.775,766.4225,1363.774,767.0785
21.62421,1,1362.775,766.4225,1363.274,766.7505
21.63606,1,1360.766,765.0803,1362.02,765.9154
21.6479,1,1360.766,765.0803,1361.393,765.4978
21.65705,1,1360.766,765.0803,1361.08,765.2891
21.6695,1,1358.294,764.1653,1359.687,764.7272
21.68011,1,1358.294,764.1653,1358.991,764.4462
21.69361,1,1358.294,764.1653,1358.643,764.3058
21.70352,1,1356.214,762.9855,1357.428,763.6456
21.71317,1,1356.214,762.9855,1356.821,763.3156
21.72562,1,1354.526,761.728,1355.674,762.5218
21.73469,1,1354.526,761.728,1355.1,762.1249
21.7466,1,1354.526,761.728,1354.813,761.9265
21.75595,1,1352.868,760.4105,1353.84,761.1685
21.76727,1,1352.868,760.4105,1353.354,760.7895
21.77792,1,1352.868,760.4105,1353.111,760.6
21.78921,1,1350.687,759.4991,1351.899,760.0496
21.79755,1,1350.687,759.4991,1351.293,759.7744
21.80794,1,1350.687,759.4991,1350.99,759.6367
21.81789,1,1348.711,758.61,1349.85,759.1234
21.83048,1,1348.711,758.61,1349.281,758.8667
21.8414,1,1348.711,758.61,1348.996,758.7384
21.85205,1,1346.4,757.741,1347.698,758.2397
21.86376,1,1346.4,757.741,1347.049,757.9904
21.87453,1,1346.4,757.741,1346.725,757.8657
21.88618,1,1344.918,754.5806,1345.821,756.2231
21.89635,1,1344.918,754.5806,1345.37,755.4019
21.90776,1,1343.616,751.4688,1344.493,753.4353
21.9176,1,1343.616,751.4688,1344.055,752.452
21.92997,1,1343.616,751.4688,1343.835,751.9604
21.9395,1,1342.484,748.9307,1343.16,750.4456
21.9518,1,1342.484,748.9307,1342.822,749.6881
21.96281,1,1342.484,748.9307,1342.653,749.3094
21.97236,1,1341.102,746.785,1341.877,748.0472
21.98591,1,1341.102,746.785,1341.49,747.4161
21.99544,1,1341.102,746.785,1341.296,747.1006
22.0062,1,1339.894,745.2761,1340.595,746.1884
22.01715,1,1339.894,745.2761,1340.244,745.7322
22.02939,1,1338.482,743.7479,1339.363,744.7401
22.04025,1,1338.482,743.7479,1338.922,744.244
22.05322,1,1338.482,743.7479,1338.702,743.996
22.06614,1,1336.852,742.2706,1337.777,743.1333
22.07282,1,1336.852,742.2706,1337.314,742.7019
22.08347,1,1336.852,742.2706,1337.083,742.4862
22.0945,1,1334.93,741.0442,1336.006,741.7652
22.10567,1,1334.93,741.0442,1335.468,741.4047
22.11636,1,1334.93,741.0442,1335.199,741.2244
22.13249,1,1333.675,738.7438,1334.437,739.9841
22.14044,1,1333.675,738.7438,1334.056,739.364
22.15188,1,1332.243,736.357,1333.149,737.8605
22.16276,1,1332.243,736.357,1332.696,737.1088
22.17265,1,1332.243,736.357,1332.469,736.7329
22.18526,1,1330.602,733.8434,1331.536,735.2882
22.19571,1,1330.602,733.8434,1331.069,734.5658
22.20683,1,1330.602,733.8434,1330.835,734.2046
22.21679,1,1328.591,731.6326,1329.713,732.9186
22.22829,1,1328.591,731.6326,1329.152,732.2756
22.23695,1,1328.591,731.6326,1328.872,731.9541
22.24988,1,1325.763,728.4417,1327.317,730.1979
22.26083,1,1325.763,728.4417,1326.54,729.3198
22.27209,1,1323.195,726.3289,1324.868,727.8243
22.28462,1,1323.195,726.3289,1324.031,727.0767
22.29454,1,1323.195,726.3289,1323.613,726.7028
22.3065,1,1320.568,723.9344,1322.091,725.3186
22.3164,1,1320.568,723.9344,1321.329,724.6265
22.32918,1,1318.319,722.3326,1319.824,723.4796
22.33946,1,1318.319,722.3326,1319.072,722.9061
22.35067,1,1318.319,722.3326,1318.696,722.6194
22.36153,1,1316.243,720.6362,1317.469,721.6278
22.3747,1,1316.243,720.6362,1316.856,721.132
22.38435,1,1316.243,720.6362,1316.55,720.884
22.39478,1,1311.945,716.8123,1314.247,718.8481
22.40607,1,1311.945,716.8123,1313.096,717.8302
22.41656,1,1311.945,716.8123,1312.52,717.3212
22.42907,1,1242.316,656.199,1277.418,686.7601
22.43883,1,1242.316,656.199,1259.867,671.4796
22.45082,1,1120.678,536.4291,1190.272,603.9543
22.4614,1,1120.678,536.4291,1155.475,570.1918
22.47351,1,1120.678,536.4291,1138.076,553.3104
22.48347,1,1039.401,453.5103,1088.739,503.4104
22.49235,1,1039.401,453.5103,1064.07,478.4604
22.50479,1,1039.401,453.5103,1051.736,465.9854
22.51509,1,997.1168,412.7425,1024.426,439.3639
22.52602,1,997.1168,412.7425,1010.771,426.0532
22.53645,1,997.1168,412.7425,1003.944,419.3979
22.54825,1,977.7892,390.2672,990.8667,404.8325
22.55826,1,977.7892,390.2672,984.328,397.5499
22.56997,1,977.7892,390.2672,981.0586,393.9085
22.58067,1,967.194,378.21,974.1263,386.0593
22.59117,1,967.194,378.21,970.6602,382.1346
22.60312,1,975.1523,376.8691,972.9063,379.5019
22.61351,1,975.1523,376.8691,974.0293,378.1855
22.6249,1,975.1523,376.8691,974.5908,377.5273
22.634,1,985.7368,389.6331,980.1638,383.5803
22.6465,1,985.7368,389.6331,982.9503,386.6067
22.65544,1,985.7368,389.6331,984.3436,388.1199
22.66714,1,995.6871,397.1916,990.0154,392.6558
22.67778,1,995.6871,397.1916,992.8513,394.9237
22.69022,1,995.6871,397.1916,994.2692,396.0576
22.70159,1,1010.236,410.2215,1002.252,403.1395
22.71264,1,1010.236,410.2215,1006.244,406.6805
22.72331,1,1037.49,438.8297,1021.867,422.7551
22.73216,1,1037.49,438.8297,1029.679,430.7924
22.74613,1,1037.49,438.8297,1033.584,434.811
22.75385,1,1097.189,487.8084,1065.387,461.3097
22.76679,1,1097.189,487.8084,1081.288,474.5591
22.77769,1,1097.189,487.8084,1089.238,481.1837
22.7892,1,1164.15,545.8267,1126.694,513.5052
22.79606,1,1164.15,545.8267,1145.422,529.6659
22.80998,1,1164.15,545.8267,1154.786,537.7463
22.8215,1,1203.498,585.6671,1179.142,561.7067
22.83542,1,1203.498,585.6671,1191.32,573.6869
22.84555,1,1225.576,608.0562,1208.448,590.8715
22.85565,1,1225.576,608.0562,1217.012,599.4639
22.86675,1,1225.576,608.0562,1221.294,603.76
22.87975,1,1238.834,618.0925,1230.064,610.9263
22.89013,1,1238.834,618.0925,1234.449,614.5094
22.90031,1,1238.834,618.0925,1236.642,616.301
22.91197,1,1245.574,625.2585,1241.108,620.7798
22.92397,1,1245.574,625.2585,1243.341,623.0192
22.93353,1,1249.716,629.5852,1246.528,626.3022
22.94592,1,1249.716,629.5852,1248.122,627.9437
22.95512,1,1249.716,629.5852,1248.919,628.7645
22.96793,1,1251.693,631.994,1250.306,630.3792
22.97774,1,1251.693,631.994,1250.999,631.1866
22.98887,1,1251.693,631.994,1251.346,631.5903
22.99863,1,1252.312,634.0654,1251.829,632.8279
23.01163,1,1252.312,634.0654,1252.07,633.4467
23.02061,1,1252.312,634.0654,1252.191,633.756
23.03289,1,1252.552,634.2313,1252.372,633.9937
23.042,1,1252.552,634.2313,1252.462,634.1124
23.05342,1,1252.552,634.2313,1252.507,634.1719
23.06631,1,1252.748,634.7263,1252.628,634.4491
23.07469,1,1252.748,634.7263,1252.688,634.5877
23.08576,1,1253.081,634.4515,1252.885,634.5196
23.09711,1,1253.081,634.4515,1252.983,634.4855
23.10769,1,1253.081,634.4515,1253.032,634.4685
23.11942,1,1252.81,634.0969,1252.921,634.2827
23.13154,1,1252.81,634.0969,1252.865,634.1898
23.14118,1,1252.81,634.0969,1252.838,634.1433
23.15301,1,1252.573,633.8956,1252.705,634.0195
23.16373,1,1252.573,633.8956,1252.639,633.9575
23.17361,1,1252.573,633.8956,1252.606,633.9266
23.18616,1,1251.979,633.7121,1252.292,633.8193
23.19629,1,1251.979,633.7121,1252.136,633.7657
23.20782,1,1251.315,633.0522,1251.726,633.4089
23.21935,1,1251.315,633.0522,1251.521,633.2306
23.23088,1,1251.315,633.0522,1251.418,633.1414
23.23952,1,1250.901,632.4542,1251.159,632.7977
23.25051,1,1250.901,632.4542,1251.03,632.626
23.26086,1,1250.901,632.4542,1250.965,632.54
23.27263,1,1250.485,632.1782,1250.725,632.3591
23.28356,1,1250.485,632.1782,1250.605,632.2687
23.29449,1,1250.485,632.1782,1250.545,632.2234
23.30589,1,1250.059,631.932,1250.302,632.0777
23.31727,1,1250.059,631.932,1250.18,632.0049
23.3292,1,1249.518,631.5275,1249.849,631.7662
23.33742,1,1249.518,631.5275,1249.684,631.6469
23.35013,1,1249.518,631.5275,1249.601,631.5872
23.36152,1,1248.834,631.0742,1249.218,631.3307
23.37198,1,1248.834,631.0742,1249.026,631.2024
23.38157,1,1248.834,631.0742,1248.93,631.1383
23.3927,1,1247.944,630.5704,1248.437,630.8544
23.40478,1,1247.944,630.5704,1248.19,630.7124
23.41558,1,1247.944,630.5704,1248.067,630.6414
23.42769,1,1246.596,629.7168,1247.331,630.1791
23.43791,1,1246.596,629.7168,1246.963,629.9479
23.45092,1,1244.418,627.7653,1245.691,628.8566
23.46104,1,1244.418,627.7653,1245.054,628.311
23.47252,1,1244.418,627.7653,1244.736,628.0381
23.48336,1,1242.077,624.9012,1243.406,626.4697
23.49506,1,1242.077,624.9012,1242.742,625.6854
23.50803,1,1238.76,621.0967,1240.751,623.3911
23.51689,1,1238.76,621.0967,1239.755,622.2439
23.5306,1,1238.76,621.0967,1239.257,621.6703
23.5402,1,1235.558,617.7482,1237.408,619.7092
23.55174,1,1235.558,617.7482,1236.483,618.7288
23.56309,1,1235.558,617.7482,1236.021,618.2385
23.57164,1,1232.087,615.3434,1234.054,616.791
23.58635,1,1232.087,615.3434,1233.071,616.0671
23.59609,1,1232.087,615.3434,1232.579,615.7053
23.6071,1,1229.15,612.3488,1230.864,614.027
23.61703,1,1229.15,612.3488,1230.007,613.1879
23.62951,1,1225.825,610.2792,1227.916,611.7335
23.63779,1,1225.825,610.2792,1226.871,611.0063
23.65022,1,1225.825,610.2792,1226.348,610.6428
23.66353,1,1222.939,608.2706,1224.643,609.4567
23.67217,1,1222.939,608.2706,1223.791,608.8636
23.6846,1,1222.939,608.2706,1223.365,608.5671
23.69585,1,1220.991,606.8906,1222.178,607.7289
23.70693,1,1220.991,606.8906,1221.584,607.3098
23.7169,1,1220.991,606.8906,1221.288,607.1002
23.72958,1,1219.187,606.1021,1220.238,606.6011
23.73723,1,1219.187,606.1021,1219.712,606.3516
23.74893,1,1216.891,604.7922,1218.302,605.5719
23.75987,1,1216.891,604.7922,1217.597,605.1821
23.77183,1,1216.891,604.7922,1217.244,604.9872
23.7833,1,1214.583,602.4974,1215.913,603.7423
23.79484,1,1214.583,602.4974,1215.248,603.1199
23.80522,1,1214.583,602.4974,1214.915,602.8086
23.81724,1,1212.7,600.5834,1213.808,601.696
23.83159,1,1212.7,600.5834,1213.254,601.1396
23.84055,1,1211.438,599.4838,1212.346,600.3118
23.85177,1,1211.438,599.4838,1211.892,599.8978
23.86376,1,1211.438,599.4838,1211.665,599.6908
23.87309,1,1210.448,599.2018,1211.056,599.4463
23.88606,1,1210.448,599.2018,1210.752,599.324
23.89623,1,1210.448,599.2018,1210.6,599.2629
23.90917,1,1209.591,598.8951,1210.095,599.079
23.92154,1,1209.591,598.8951,1209.843,598.9871
23.93295,1,1210.785,599.6566,1210.314,599.3218
23.94337,1,1210.785,599.6566,1210.55,599.4893
23.95406,1,1210.785,599.6566,1210.667,599.5729
23.96622,1,1212.076,600.3809,1211.372,599.9769
23.97447,1,1212.076,600.3809,1211.724,600.179
23.98737,1,1212.076,600.3809,1211.9,600.2799
23.99864,1,1212.814,600.66,1212.357,600.47
24.00966,1,1212.814,600.66,1212.585,600.5649
24.02052,1,1212.814,600.66,1212.7,600.6124
24.03495,1,1213.73,601.1198,1213.215,600.8661
24.04755,1,1213.73,601.1198,1213.472,600.9929
24.05665,1,1215.116,601.9369,1214.294,601.4649
24.06978,1,1215.116,601.9369,1214.705,601.7009
24.08038,1,1215.116,601.9369,1214.911,601.8189
24.0916,1,1216.894,603.0341,1215.902,602.4265
24.10092,1,1216.894,603.0341,1216.398,602.7303
24.11451,1,1220.958,605.2821,1218.678,604.0062
24.12835,1,1220.958,605.2821,1219.818,604.6442
24.13573,1,1220.958,605.2821,1220.388,604.9631
24.14735,1,1234.992,614.9135,1227.69,609.9384
24.1576,1,1234.992,614.9135,1231.341,612.4259
24.16901,1,1234.992,614.9135,1233.166,613.6697
24.1804,1,1252.987,627.4351,1243.076,620.5524
24.1911,1,1252.987,627.4351,1248.031,623.9938
24.20135,1,1252.987,627.4351,1250.509,625.7145
24.21354,1,1270.648,639.3539,1260.578,632.5342
24.22334,1,1270.648,639.3539,1265.613,635.9441
24.23504,1,1285.55,649.6288,1275.582,642.7865
24.2477,1,1285.55,649.6288,1280.566,646.2076
24.2582,1,1285.55,649.6288,1283.058,647.9182
24.26996,1,1297.852,658.2114,1290.455,653.0648
24.28042,1,1297.852,658.2114,1294.154,655.6381
24.29248,1,1297.852,658.2114,1296.003,656.9247
24.30417,1,1308.086,665.2689,1302.045,661.0968
24.31361,1,1308.086,665.2689,1305.065,663.1829
24.32634,1,1315.451,670.3053,1310.258,666.7441
24.33517,1,1315.451,670.3053,1312.854,668.5247
24.34775,1,1315.451,670.3053,1314.153,669.415
24.35761,1,1320.923,674.5161,1317.538,671.9655
24.37053,1,1320.923,674.5161,1319.23,673.2408
24.38033,1,1320.923,674.5161,1320.077,673.8784
24.3921,1,1325.88,678.7197,1322.979,676.2991
24.40178,1,1325.88,678.7197,1324.429,677.5094
24.41411,1,1329.606,682.8835,1327.018,680.1965
24.42477,1,1329.606,682.8835,1328.312,681.54
24.4339,1,1329.606,682.8835,1328.959,682.2118
24.44583,1,1333.335,686.144,1331.147,684.1779
24.45407,1,1333.335,686.144,1332.241,685.1609
24.46933,1,1333.335,686.144,1332.788,685.6525
24.47815,1,1337.312,688.404,1335.05,687.0282
24.48859,1,1337.312,688.404,1336.181,687.7161
24.49914,1,1337.312,688.404,1336.746,688.0601
24.5115,1,1340.692,690.4725,1338.719,689.2663
24.52907,1,1340.692,690.4725,1339.705,689.8694
24.53435,1,1343.583,692.3896,1341.644,691.1295
24.54413,1,1343.583,692.3896,1342.614,691.7596
24.55437,1,1343.583,692.3896,1343.099,692.0746
24.56714,1,1345.717,693.9567,1344.408,693.0156
24.57819,1,1345.717,693.9567,1345.062,693.4861
24.58961,1,1345.717,693.9567,1345.389,693.7214
24.59913,1,1347.808,696.1013,1346.599,694.9114
24.61186,1,1347.808,696.1013,1347.203,695.5063
24.62192,1,1347.808,696.1013,1347.506,695.8038
24.63357,1,1334.167,693.8801,1340.836,694.842
24.64481,1,1334.167,693.8801,1337.501,694.3611
24.65339,1,1334.167,693.8801,1335.834,694.1206
24.66685,1,1243.96,674.3278,1289.897,684.2242
24.67682,1,1243.96,674.3278,1266.929,679.276
24.68794,1,1072.552,634.9786,1169.74,657.1273
24.69769,1,1072.552,634.9786,1121.146,646.053
24.70854,1,1072.552,634.9786,1096.849,640.5158
24.71969,1,943.5294,602.7591,1020.189,621.6375
24.73141,1,943.5294,602.7591,981.8594,612.1982
24.74099,1,943.5294,602.7591,962.6943,607.4786
24.7531,1,868.1078,584.6554,915.4011,596.067
24.76436,1,868.1078,584.6554,891.7545,590.3612
24.77462,1,868.1078,584.6554,879.9312,587.5083
24.7862,1,826.5443,574.9343,853.2377,581.2213
24.79608,1,826.5443,574.9343,839.891,578.0778
24.8081,1,805.8181,567.7486,822.8545,572.9132
24.81767,1,805.8181,567.7486,814.3363,570.3309
24.82944,1,805.8181,567.7486,810.0771,569.0398
24.8384,1,870.9792,592.2711,840.5282,580.6555
24.85104,1,870.9792,592.2711,855.7537,586.4633
24.8616,1,870.9792,592.2711,863.3665,589.3672
24.87401,1,929.7529,608.7315,896.5597,599.0493
24.88471,1,929.7529,608.7315,913.1563,603.8904
24.89543,1,929.7529,608.7315,921.4546,606.3109
24.90647,1,1061.699,643.1962,991.5768,624.7535
24.91665,1,1061.699,643.1962,1026.638,633.9749
24.92969,1,1192.671,678.4933,1109.654,656.2341
24.9395,1,1192.671,678.4933,1151.162,667.3636
24.95155,1,1192.671,678.4933,1171.917,672.9285
24.96508,1,1280.884,702.0025,1226.4,687.4655
24.97368,1,1280.884,702.0025,1253.642,694.734
24.98538,1,1280.884,702.0025,1267.263,698.3683
24.99558,1,1332.606,713.9152,1299.935,706.1417
25.0091,1,1332.606,713.9152,1316.27,710.0284
25.01864,1,1358.904,723.3103,1337.587,716.6694
25.03241,1,1358.904,723.3103,1348.245,719.9899
25.04227,1,1358.904,723.3103,1353.574,721.6501
25.05739,1,1376.035,729.3516,1364.804,725.5009
25.06911,1,1376.035,729.3516,1370.419,727.4262
25.08003,1,1387.637,731.9556,1379.028,729.6909
25.09136,1,1387.637,731.9556,1383.333,730.8232
25.10104,1,1387.637,731.9556,1385.485,731.3894
25.11493,1,1394.224,733.4545,1389.854,732.4219
25.12541,1,1394.224,733.4545,1392.04,732.9382
25.13461,1,1394.224,733.4545,1393.132,733.1964
25.1477,1,1399.321,734.6227,1396.227,733.9095
25.15585,1,1399.321,734.6227,1397.774,734.2661
25.16962,1,1403.142,736.415,1400.458,735.3406
25.17951,1,1403.142,736.415,1401.8,735.8778
25.19059,1,1403.142,736.415,1402.471,736.1464
25.19973,1,1406.123,737.9697,1404.297,737.0581
25.21388,1,1406.123,737.9697,1405.21,737.5139
25.22321,1,1406.123,737.9697,1405.667,737.7418
25.23333,1,1409.492,739.0721,1407.579,738.407
25.24727,1,1409.492,739.0721,1408.536,738.7395
25.25691,1,1409.492,739.0721,1409.014,738.9058
25.2687,1,1411.891,740.0599,1410.452,739.4828
25.27957,1,1411.891,740.0599,1411.171,739.7714
25.29053,1,1414.265,741.0903,1412.718,740.4308
25.30016,1,1414.265,741.0903,1413.491,740.7606
25.31309,1,1414.265,741.0903,1413.878,740.9255
25.32357,1,1416.455,742.4742,1415.167,741.6998
25.33269,1,1416.455,742.4742,1415.811,742.087
25.34319,1,1416.455,742.4742,1416.133,742.2806
25.35351,1,1418.202,744.03,1417.167,743.1553
25.36632,1,1418.202,744.03,1417.685,743.5927
25.37483,1,1418.202,744.03,1417.943,743.8113
25.38851,1,1420.172,745.9433,1419.057,744.8773
25.39721,1,1420.172,745.9433,1419.615,745.4103
25.41226,1,1422.357,747.6196,1420.986,746.5149
25.41936,1,1422.357,747.6196,1421.672,747.0673
25.43358,1,1422.357,747.6196,1422.014,747.3434
25.44336,1,1424.254,749.1147,1423.134,748.229
25.45485,1,1424.254,749.1147,1423.694,748.6719
25.46595,1,1424.254,749.1147,1423.974,748.8933
25.47538,1,1425.989,750.8983,1424.982,749.8958
25.48786,1,1425.989,750.8983,1425.485,750.3971
25.49898,1,1425.989,750.8983,1425.737,750.6477
25.51112,1,1427.8,753.2126,1426.769,751.9302
25.5209,1,1427.8,753.2126,1427.285,752.5714
25.53277,1,1429.483,755.7875,1428.384,754.1794
25.54409,1,1429.483,755.7875,1428.933,754.9835
25.55335,1,1429.483,755.7875,1429.208,755.3855
25.56564,1,1431.516,758.0669,1430.362,756.7262
25.57434,1,1431.516,758.0669,1430.939,757.3965
25.58672,1,1431.516,758.0669,1431.228,757.7317
25.59621,1,1436.814,761.1163,1434.021,759.424
25.60786,1,1436.814,761.1163,1435.418,760.2701
25.61836,1,1436.814,761.1163,1436.116,760.6932
25.62995,1,1443.334,764.9464,1439.725,762.8198
25.64002,1,1443.334,764.9464,1441.53,763.8831
25.65058,1,1443.334,764.9464,1442.432,764.4148
25.66071,1,1449.634,769.329,1446.033,766.8719
25.67241,1,1449.634,769.329,1447.834,768.1005
25.68495,1,1454.684,774.4138,1451.259,771.2571
25.69554,1,1454.684,774.4138,1452.972,772.8354
25.70867,1,1454.684,774.4138,1453.828,773.6246
25.71845,1,1459.989,778.4954,1456.908,776.0601
25.72976,1,1459.989,778.4954,1458.448,777.2777
25.7394,1,1459.989,778.4954,1459.219,777.8866
25.75107,1,1465.529,782.8196,1462.374,780.3531
25.76183,1,1465.529,782.8196,1463.951,781.5864
25.77038,1,1465.529,782.8196,1464.74,782.203
25.78145,1,1470.52,787.2618,1467.63,784.7324
25.7916,1,1470.52,787.2618,1469.075,785.9971
25.80369,1,1474.832,791.8721,1471.954,788.9346
25.81328,1,1474.832,791.8721,1473.393,790.4033
25.82504,1,1474.832,791.8721,1474.113,791.1377
25.83624,1,1478.871,795.9788,1476.492,793.5582
25.84931,1,1478.871,795.9788,1477.682,794.7686
25.85754,1,1478.871,795.9788,1478.276,795.3737
25.87066,1,1482.174,800.4936,1480.225,797.9336
25.88155,1,1482.174,800.4936,1481.2,799.2136
25.89413,1,1485.599,804.9424,1483.399,802.078
25.90382,1,1485.599,804.9424,1484.499,803.5103
25.91384,1,1485.599,804.9424,1485.049,804.2263
25.92571,1,1489.365,808.2897,1487.207,806.2581
25.93434,1,1489.365,808.2897,1488.286,807.2739
25.94647,1,1489.365,808.2897,1488.825,807.7819
25.95687,1,1492.894,811.3544,1490.86,809.5681
25.96906,1,1492.894,811.3544,1491.877,810.4612
25.97972,1,1492.894,811.3544,1492.386,810.9078
25.99035,1,1495.955,814.1069,1494.17,812.5074
26.00062,1,1495.955,814.1069,1495.063,813.3071
26.01303,1,1495.955,814.1069,1495.509,813.707
26.02373,1,1498.37,816.8751,1496.939,815.291
26.03455,1,1498.37,816.8751,1497.655,816.083
26.05759,1,1500.462,819.0433,1499.059,817.5632
26.06393,1,1500.462,819.0433,1499.76,818.3032
26.07137,1,1500.462,819.0433,1500.111,818.6733
26.08156,1,1502.714,821.0392,1501.413,819.8562
26.09345,1,1502.714,821.0392,1502.063,820.4477
26.10279,1,1502.714,821.0392,1502.389,820.7434
26.11353,1,1504.932,823.7549,1503.661,822.2491
26.12556,1,1504.932,823.7549,1504.296,823.002
26.13586,1,1507.58,826.7845,1505.938,824.8933
26.1489,1,1507.58,826.7845,1506.759,825.8389
26.15911,1,1507.58,826.7845,1507.169,826.3118
26.17066,1,1509.925,829.7672,1508.547,828.0394
26.18065,1,1509.925,829.7672,1509.236,828.9033
26.19299,1,1509.925,829.7672,1509.581,829.3352
26.20093,1,1514.276,832.7022,1511.928,831.0187
26.21263,1,1514.276,832.7022,1513.102,831.8605
26.22174,1,1514.276,832.7022,1513.689,832.2814
26.235,1,1518.259,836.5388,1515.974,834.4101
26.24656,1,1518.259,836.5388,1517.117,835.4745
26.25633,1,1522.609,840.4898,1519.863,837.9822
26.26873,1,1522.609,840.4898,1521.236,839.236
26.27937,1,1522.609,840.4898,1521.923,839.8629
26.29114,1,1526.055,843.5256,1523.989,841.6943
26.30089,1,1526.055,843.5256,1525.022,842.61
26.3137,1,1526.055,843.5256,1525.538,843.0678
26.32394,1,1529.104,847.1663,1527.321,845.1171
26.33432,1,1529.104,847.1663,1528.213,846.1417
26.34678,1,1529.104,847.1663,1528.658,846.6541
26.3552,1,1531.326,849.4447,1529.992,848.0494
26.36726,1,1531.326,849.4447,1530.659,848.7471
26.37691,1,1532.203,851.3167,1531.431,850.0319
26.38783,1,1532.203,851.3167,1531.817,850.6743
26.39883,1,1532.203,851.3167,1532.01,850.9955
26.41146,1,1533.61,851.9998,1532.81,851.4977
26.42078,1,1533.61,851.9998,1533.21,851.7488
26.4345,1,1533.61,851.9998,1533.41,851.8743
26.44555,1,1533.014,852.658,1533.212,852.2661
26.45511,1,1533.014,852.658,1533.113,852.462
26.46755,1,1531.731,851.6574,1532.422,852.0597
26.4775,1,1531.731,851.6574,1532.077,851.8585
26.49004,1,1531.731,851.6574,1531.904,851.7579
26.49933,1,1529.94,850.5261,1530.922,851.142
26.51152,1,1529.94,850.5261,1530.431,850.8341
26.52116,1,1529.94,850.5261,1530.186,850.6801
26.53326,1,1529.099,849.8105,1529.642,850.2453
26.54364,1,1529.099,849.8105,1529.37,850.0279
26.55247,1,1529.099,849.8105,1529.234,849.9192
26.56466,1,1528.076,848.8773,1528.655,849.3983
26.57412,1,1528.076,848.8773,1528.366,849.1378
26.587,1,1528.076,848.8773,1528.221,849.0076
26.59716,1,1526.683,847.3405,1527.452,848.174
26.60751,1,1526.683,847.3405,1527.068,847.7572
26.61781,1,1526.683,847.3405,1526.875,847.5488
26.62993,1,1525.106,845.4129,1525.991,846.4808
26.6391,1,1525.106,845.4129,1525.549,845.9469
26.65158,1,1523.536,843.3194,1524.542,844.6332
26.66344,1,1523.536,843.3194,1524.039,843.9763
26.67341,1,1523.536,843.3194,1523.788,843.6478
26.68505,1,1521.35,841.8257,1522.569,842.7368
26.69569,1,1521.35,841.8257,1521.96,842.2813
26.7066,1,1521.35,841.8257,1521.655,842.0535
26.71727,1,1519.179,839.9528,1520.417,841.0032
26.73064,1,1519.179,839.9528,1519.798,840.478
26.74109,1,1517.329,838.5262,1518.563,839.5021
26.7534,1,1517.329,838.5262,1517.946,839.0142
26.76404,1,1517.329,838.5262,1517.637,838.7701
26.77516,1,1515.575,836.6161,1516.606,837.6931
26.7858,1,1515.575,836.6161,1516.091,837.1546
26.79576,1,1515.575,836.6161,1515.833,836.8854
26.80767,1,1513.901,835.3328,1514.867,836.1091
26.81843,1,1513.901,835.3328,1514.384,835.7209
26.83085,1,1512.012,833.7474,1513.198,834.7341
26.83917,1,1512.012,833.7474,1512.605,834.2407
26.85105,1,1512.012,833.7474,1512.309,833.994
26.86367,1,1510.019,831.5683,1511.164,832.7811
26.87171,1,1510.019,831.5683,1510.591,832.1747
26.88405,1,1510.019,831.5683,1510.305,831.8715
26.89469,1,1508.044,829.4194,1509.174,830.6454
26.90592,1,1508.044,829.4194,1508.609,830.0323
26.91458,1,1508.044,829.4194,1508.326,829.7258
26.92527,1,1505.984,827.7897,1507.155,828.7578
26.93564,1,1505.984,827.7897,1506.57,828.2738
26.94953,1,1505.984,827.7897,1506.277,828.0317
26.96049,1,1504.185,826.3508,1505.231,827.1913
26.96978,1,1504.185,826.3508,1504.708,826.7711
26.98002,1,1504.185,826.3508,1504.446,826.5609
26.99256,1,1501.926,825.1495,1503.186,825.8552
27.00366,1,1501.926,825.1495,1502.556,825.5024
27.01345,1,1500.282,824.3055,1501.419,824.9039
27.02569,1,1500.282,824.3055,1500.851,824.6047
27.0362,1,1500.282,824.3055,1500.567,824.4551
27.04734,1,1499.425,823.7211,1499.996,824.0881
27.05588,1,1499.425,823.7211,1499.71,823.9046
27.07368,1,1498.309,822.8724,1499.01,823.3885
27.07957,1,1498.309,822.8724,1498.66,823.1305
27.09117,1,1498.309,822.8724,1498.484,823.0015
27.1015,1,1498.309,822.8724,1498.397,822.937
27.11723,1,1495.352,820.6986,1496.874,821.8177
27.12988,1,1495.352,820.6986,1496.113,821.2582
27.13713,1,1490.706,817.2167,1493.41,819.2374
27.15228,1,1490.706,817.2167,1492.058,818.2271
27.16159,1,1490.706,817.2167,1491.382,817.7219
27.17445,1,1485.542,813.7781,1488.462,815.75
27.18184,1,1485.542,813.7781,1487.002,814.764
27.19571,1,1479.525,810.5557,1483.263,812.6599
27.20484,1,1479.525,810.5557,1481.394,811.6078
27.21555,1,1479.525,810.5557,1480.46,811.0818
27.22831,1,1475.152,807.6627,1477.806,809.3722
27.23676,1,1475.152,807.6627,1476.479,808.5175
27.24961,1,1475.152,807.6627,1475.815,808.0901
27.26132,1,1471.6,804.7469,1473.708,806.4185
27.27096,1,1471.6,804.7469,1472.654,805.5828
27.28045,1,1471.6,804.7469,1472.127,805.1649
27.29107,1,1466.431,802.2617,1469.279,803.7133
27.30145,1,1466.431,802.2617,1467.855,802.9874
27.31398,1,1463.339,800.7056,1465.597,801.8466
27.32384,1,1463.339,800.7056,1464.468,801.2761
27.33344,1,1463.339,800.7056,1463.903,800.9908
27.3462,1,1460.744,799.5095,1462.323,800.2501
27.3545,1,1460.744,799.5095,1461.533,799.8798
27.36657,1,1460.744,799.5095,1461.138,799.6946
27.37811,1,1457.883,798.7883,1459.511,799.2415
27.39215,1,1457.883,798.7883,1458.697,799.0149
27.40022,1,1457.883,798.7883,1458.29,798.9016
27.41334,1,1455.783,797.7534,1457.036,798.3275
27.42409,1,1455.783,797.7534,1456.41,798.0404
27.4338,1,1455.783,797.7534,1456.096,797.8969
27.44623,1,1454.224,796.4907,1455.16,797.1938
27.45503,1,1454.224,796.4907,1454.692,796.8423
27.46764,1,1427.517,761.1899,1441.104,779.0161
27.47875,1,1427.517,761.1899,1434.311,770.103
27.49046,1,1427.517,761.1899,1430.914,765.6465
27.50095,1,1371.369,626.5327,1401.142,696.0896
27.51255,1,1371.369,626.5327,1386.255,661.3112
27.52179,1,1371.369,626.5327,1378.812,643.9219
27.53392,1,1332.353,499.9722,1355.583,571.947
27.54524,1,1332.353,499.9722,1343.968,535.9596
27.55392,1,1332.353,499.9722,1338.161,517.9659
27.5667,1,1310.667,429.1608,1324.414,473.5634
27.57603,1,1310.667,429.1608,1317.54,451.3621
27.58874,1,1299.232,399.7547,1308.386,425.5584
27.59935,1,1299.232,399.7547,1303.809,412.6566
27.61092,1,1299.232,399.7547,1301.521,406.2056
27.62038,1,1294.263,384.0058,1297.892,395.1057
27.63288,1,1294.263,384.0058,1296.077,389.5558
27.64627,1,1278.235,377.5047,1287.156,383.5302
27.65341,1,1278.235,377.5047,1282.695,380.5175
27.66477,1,1278.235,377.5047,1280.465,379.0111
27.67401,1,1278.235,377.5047,1279.35,378.2579
27.68591,1,1266.262,374.1613,1272.806,376.2096
27.69701,1,1266.262,374.1613,1269.534,375.1855
27.70968,1,1261.122,373.1407,1265.328,374.1631
27.71797,1,1261.122,373.1407,1263.225,373.6519
27.73055,1,1261.122,373.1407,1262.173,373.3963
27.74425,1,1256.162,373.6465,1259.167,373.5214
27.75046,1,1256.162,373.6465,1257.665,373.584
27.76454,1,1256.162,373.6465,1256.913,373.6153
27.77394,1,1263.785,385.8492,1260.349,379.7322
27.7838,1,1263.785,385.8492,1262.067,382.7907
27.79399,1,1263.785,385.8492,1262.926,384.32
27.80594,1,1274.5,413.9179,1268.713,399.119
27.81586,1,1274.5,413.9179,1271.607,406.5184
27.827,1,1303.654,508.1822,1287.63,457.3503
27.83603,1,1303.654,508.1822,1295.642,482.7663
27.84852,1,1303.654,508.1822,1299.648,495.4742
27.8615,1,1330.462,599.4655,1315.055,547.4698
27.87301,1,1330.462,599.4655,1322.759,573.4677
27.87955,1,1330.462,599.4655,1326.61,586.4666
27.89196,1,1346.822,658.9512,1336.716,622.7089
27.90439,1,1346.822,658.9512,1341.769,640.83
27.9149,1,1346.822,658.9512,1344.296,649.8906
27.92935,1,1352.891,691.057,1348.593,670.4738
27.93751,1,1352.891,691.057,1350.742,680.7654
27.9495,1,1355.37,705.7714,1353.056,693.2684
27.95737,1,1355.37,705.7714,1354.213,699.5199
27.97084,1,1355.37,705.7714,1354.792,702.6456
27.98073,1,1362.086,714.2585,1358.439,708.4521
27.99114,1,1362.086,714.2585,1360.262,711.3553
28.00147,1,1362.086,714.2585,1361.174,712.8069
28.0146,1,1367.291,717.4233,1364.233,715.1151
28.02327,1,1367.291,717.4233,1365.762,716.2692
28.03407,1,1367.291,717.4233,1366.527,716.8463
28.04703,1,1370.711,721.3441,1368.619,719.0952
28.05533,1,1370.711,721.3441,1369.665,720.2197
28.06729,1,1370.711,721.3441,1370.188,720.7819
28.0781,1,1371.264,721.8096,1370.726,721.2958
28.0913,1,1371.264,721.8096,1370.995,721.5527
28.10039,1,1372.032,722.3953,1371.513,721.974
28.11193,1,1372.032,722.3953,1371.773,722.1846
28.12135,1,1372.032,722.3953,1371.902,722.2899
28.13426,1,1371.625,722.3765,1371.763,722.3332
28.14559,1,1371.625,722.3765,1371.694,722.3549
28.15663,1,1371.625,722.3765,1371.659,722.3657
28.16847,1,1371.667,721.7178,1371.663,722.0417
28.17914,1,1371.667,721.7178,1371.665,721.8798
28.19095,1,1372.259,721.193,1371.962,721.5364
28.20086,1,1372.259,721.193,1372.11,721.3647
28.21398,1,1372.259,721.193,1372.185,721.2788
28.22423,1,1371.594,720.6642,1371.889,720.9716
28.23429,1,1371.594,720.6642,1371.742,720.8179
28.24628,1,1371.594,720.6642,1371.668,720.7411
28.25455,1,1372.074,720.6432,1371.871,720.6921
28.26673,1,1372.074,720.6432,1371.973,720.6677
28.27786,1,1372.074,720.6432,1372.024,720.6555
28.28842,1,1371.768,720.3656,1371.896,720.5106
28.29854,1,1371.768,720.3656,1371.832,720.4381
28.31104,1,1371.768,720.3656,1371.8,720.4019
28.32046,1,1370.524,720.3488,1371.162,720.3753
28.3344,1,1370.524,720.3488,1370.843,720.3621
28.34375,1,1370.132,720.1983,1370.488,720.2802
28.35288,1,1370.132,720.1983,1370.31,720.2393
28.36521,1,1370.132,720.1983,1370.221,720.2188
28.37669,1,1369.085,720.2609,1369.653,720.2399
28.38711,1,1369.085,720.2609,1369.369,720.2504
28.39656,1,1369.085,720.2609,1369.227,720.2556
28.40798,1,1368.424,720.2499,1368.825,720.2527
28.41831,1,1368.424,720.2499,1368.624,720.2513
28.43115,1,1368.062,720.0095,1368.343,720.1304
28.44018,1,1368.062,720.0095,1368.202,720.0699
28.45437,1,1368.062,720.0095,1368.132,720.0397
28.46531,1,1367.233,720.1355,1367.682,720.0876
28.47358,1,1367.233,720.1355,1367.457,720.1116
28.48693,1,1367.233,720.1355,1367.345,720.1235
28.49681,1,1366.219,720.537,1366.782,720.3303
28.50765,1,1366.219,720.537,1366.5,720.4336
28.51859,1,1366.219,720.537,1366.359,720.4853
28.53081,1,1365.181,720.7508,1365.77,720.618
28.54044,1,1365.181,720.7508,1365.475,720.6844
28.55313,1,1364.326,721.2661,1364.901,720.9752
28.56392,1,1364.326,721.2661,1364.614,721.1206
28.57247,1,1364.326,721.2661,1364.47,721.1934
28.58613,1,1363.429,720.6174,1363.95,720.9054
28.59645,1,1363.429,720.6174,1363.689,720.7614
28.60723,1,1363.429,720.6174,1363.559,720.6895
28.61796,1,1363.122,719.625,1363.341,720.1572
28.63129,1,1363.122,719.625,1363.231,719.8911
28.64,1,1363.122,719.625,1363.177,719.7581
28.65247,1,1362.389,719.1054,1362.783,719.4318
28.66485,1,1362.389,719.1054,1362.586,719.2686
28.67303,1,1361.715,718.6887,1362.15,718.9786
28.68621,1,1361.715,718.6887,1361.932,718.8337
28.69635,1,1361.715,718.6887,1361.823,718.7612
28.70762,1,1361.191,717.9487,1361.507,718.355
28.71677,1,1361.191,717.9487,1361.349,718.1519
28.73003,1,1361.191,717.9487,1361.27,718.0503
28.73965,1,1360.627,717.3047,1360.949,717.6775
28.75206,1,1360.627,717.3047,1360.788,717.4911
28.76408,1,1360.368,717.1891,1360.578,717.3401
28.77382,1,1360.368,717.1891,1360.473,717.2646
28.78681,1,1360.368,717.1891,1360.421,717.2268
28.79646,1,1359.806,717.1525,1360.114,717.1897
28.80984,1,1359.806,717.1525,1359.96,717.1711
28.81989,1,1359.806,717.1525,1359.883,717.1619
28.83285,1,1358.479,717.0276,1359.181,717.0947
28.84383,1,1358.479,717.0276,1358.83,717.0612
28.85224,1,1358.479,717.0276,1358.655,717.0444
28.86641,1,1357.266,716.9911,1357.96,717.0178
28.87676,1,1357.266,716.9911,1357.613,717.0045
28.88904,1,1355.79,716.8571,1356.701,716.9308
28.89942,1,1355.79,716.8571,1356.246,716.8939
28.91157,1,1355.79,716.8571,1356.018,716.8755
28.92042,1,1354.299,716.1974,1355.158,716.5364
28.93305,1,1354.299,716.1974,1354.729,716.3669
28.9448,1,1352.698,715.7303,1353.714,716.0486
28.95305,1,1352.698,715.7303,1353.206,715.8894
28.96565,1,1352.698,715.7303,1352.952,715.8098
28.97764,1,1350.984,715.0014,1351.968,715.4056
28.98779,1,1350.984,715.0014,1351.476,715.2035
28.99721,1,1350.984,715.0014,1351.23,715.1024
29.01107,1,1349.401,714.6165,1350.315,714.8595
29.02048,1,1349.401,714.6165,1349.858,714.738
29.03194,1,1349.401,714.6165,1349.629,714.6772
29.04355,1,1347.398,713.8878,1348.514,714.2825
29.05278,1,1347.398,713.8878,1347.956,714.0851
29.06462,1,1347.398,713.8878,1347.677,713.9865
29.07542,1,1345.348,713.2198,1346.512,713.6031
29.08862,1,1345.348,713.2198,1345.93,713.4115
29.09823,1,1343.469,712.7861,1344.7,713.0988
29.10842,1,1343.469,712.7861,1344.084,712.9425
29.11832,1,1343.469,712.7861,1343.777,712.8643
29.13167,1,1341.686,712.2156,1342.731,712.54
29.14003,1,1341.686,712.2156,1342.208,712.3778
29.15322,1,1341.686,712.2156,1341.947,712.2968
29.16516,1,1339.908,711.3953,1340.928,711.8461
29.17337,1,1339.908,711.3953,1340.418,711.6207
29.18775,1,1337.938,710.5834,1339.178,711.1021
29.19732,1,1337.938,710.5834,1338.558,710.8427
29.20987,1,1337.938,710.5834,1338.248,710.713
29.2218,1,1335.838,709.5812,1337.043,710.1471
29.23399,1,1335.838,709.5812,1336.44,709.8641
29.24507,1,1335.838,709.5812,1336.139,709.7227
29.25358,1,1333.465,708.2465,1334.802,708.9846
29.26663,1,1333.465,708.2465,1334.134,708.6155
29.27756,1,1331.078,707.0915,1332.606,707.8535
29.28918,1,1331.078,707.0915,1331.842,707.4725
29.30041,1,1331.078,707.0915,1331.46,707.282
29.31322,1,1328.628,706.3641,1330.044,706.8231
29.32537,1,1328.628,706.3641,1329.336,706.5936
29.33288,1,1328.628,706.3641,1328.982,706.4789
29.34685,1,1326.443,704.8445,1327.713,705.6617
29.3555,1,1326.443,704.8445,1327.078,705.2532
29.36849,1,1324.481,703.4514,1325.78,704.3523
29.37966,1,1324.481,703.4514,1325.13,703.9019
29.39047,1,1324.481,703.4514,1324.806,703.6766
29.40146,1,1322.334,701.5848,1323.57,702.6307
29.41363,1,1322.334,701.5848,1322.952,702.1078
29.42365,1,1322.334,701.5848,1322.643,701.8463
29.43455,1,1320.105,699.9713,1321.374,700.9088
29.44757,1,1320.105,699.9713,1320.74,700.4401
29.45594,1,1320.105,699.9713,1320.422,700.2057
29.46928,1,1317.992,697.643,1319.207,698.9243
29.47977,1,1317.992,697.643,1318.6,698.2837
29.49194,1,1316.043,695.5756,1317.321,696.9297
29.50102,1,1316.043,695.5756,1316.682,696.2527
29.51351,1,1316.043,695.5756,1316.363,695.9142
29.52349,1,1313.831,694.0494,1315.097,694.9818
29.5352,1,1313.831,694.0494,1314.464,694.5156
29.55005,1,1311.78,692.4401,1313.122,693.4778
29.56504,1,1311.78,692.4401,1312.451,692.959
29.572,1,1311.78,692.4401,1312.115,692.6995
29.58154,1,1309.815,690.8455,1310.965,691.7725
29.59532,1,1309.815,690.8455,1310.39,691.309
29.60369,1,1309.815,690.8455,1310.103,691.0772
29.61399,1,1307.636,689.4278,1308.869,690.2525
29.62873,1,1307.636,689.4278,1308.252,689.8401
29.64387,1,1305.718,688.1324,1306.985,688.9863
29.6499,1,1305.718,688.1324,1306.352,688.5594
29.65731,1,1305.718,688.1324,1306.035,688.3459
29.6701,1,1303.753,687.8387,1304.894,688.0923
29.68028,1,1303.753,687.8387,1304.324,687.9655
29.69168,1,1303.753,687.8387,1304.038,687.9021
29.70358,1,1301.945,687.0416,1302.991,687.4719
29.71449,1,1301.945,687.0416,1302.468,687.2567
29.72737,1,1301.945,687.0416,1302.206,687.1492
29.73637,1,1300.769,686.2775,1301.487,686.7134
29.74853,1,1300.769,686.2775,1301.128,686.4955
29.75709,1,1300.769,686.2775,1300.948,686.3865
29.77012,1,1304.446,686.3583,1302.697,686.3724
29.78008,1,1304.446,686.3583,1303.572,686.3654
29.79143,1,1318.705,688.5287,1311.138,687.447
29.80325,1,1318.705,688.5287,1314.922,687.9879
29.81318,1,1318.705,688.5287,1316.813,688.2583
29.82636,1,1348.119,693.8619,1332.466,691.0601
29.83409,1,1348.119,693.8619,1340.293,692.4609
29.84704,1,1348.119,693.8619,1344.206,693.1614
29.85643,1,1381.464,700.1882,1362.835,696.6748
29.86963,1,1381.464,700.1882,1372.15,698.4315
29.87969,1,1381.464,700.1882,1376.807,699.3099
29.89065,1,1412.332,707.7162,1394.57,703.5131
29.90158,1,1412.332,707.7162,1403.451,705.6146
29.91554,1,1436.723,713.5191,1420.087,709.5669
29.92719,1,1436.723,713.5191,1428.405,711.543
29.93624,1,1436.723,713.5191,1432.564,712.531
29.94876,1,1453.927,717.9681,1443.245,715.2495
29.95987,1,1453.927,717.9681,1448.586,716.6088
29.97036,1,1453.927,717.9681,1451.256,717.2885
29.98142,1,1467.672,721.6379,1459.464,719.4631
29.99303,1,1467.672,721.6379,1463.568,720.5505
30.00128,1,1478.531,724.9593,1471.049,722.7549
30.01367,1,1478.531,724.9593,1474.79,723.8571
30.02516,1,1478.531,724.9593,1476.661,724.4082
30.03449,1,1490.481,728.3785,1483.571,726.3934
30.04851,1,1490.481,728.3785,1487.026,727.386
30.05763,1,1490.481,728.3785,1488.754,727.8823
30.06921,1,1500.303,731.6334,1494.529,729.7578
30.09222,1,1500.303,731.6334,1497.416,730.6956
30.09756,1,1508.633,734.9382,1503.025,732.8169
30.10432,1,1508.633,734.9382,1505.829,733.8776
30.11433,1,1508.633,734.9382,1507.231,734.4079
30.12723,1,1514.511,737.7687,1510.871,736.0883
30.13543,1,1514.511,737.7687,1512.691,736.9285
30.147,1,1514.511,737.7687,1513.601,737.3486
30.15786,1,1519.638,740.3964,1516.619,738.8726
30.17047,1,1519.638,740.3964,1518.129,739.6345
30.18062,1,1519.638,740.3964,1518.884,740.0155
30.19066,1,1523.466,742.4589,1521.175,741.2372
30.2013,1,1523.466,742.4589,1522.32,741.848
30.21865,1,1526.588,743.2416,1524.454,742.5448
30.22804,1,1526.588,743.2416,1525.521,742.8932
30.23676,1,1526.588,743.2416,1526.054,743.0674
30.24985,1,1517.362,739.5017,1521.708,741.2845
30.26419,1,1517.362,739.5017,1519.535,740.3931
30.27422,1,1449.314,700.3317,1484.425,720.3624
30.28448,1,1449.314,700.3317,1466.87,710.347
30.29333,1,1449.314,700.3317,1458.092,705.3394
30.30492,1,1257.107,550.4567,1357.599,627.898
30.3148,1,1257.107,550.4567,1307.353,589.1774
30.3278,1,1257.107,550.4567,1282.23,569.817
30.3373,1,1112.826,426.8205,1197.528,498.3188
30.34987,1,1112.826,426.8205,1155.177,462.5696
30.35973,1,1112.826,426.8205,1134.001,444.6951
30.37078,1,1039.372,366.5688,1086.686,405.6319
30.38132,1,1039.372,366.5688,1063.029,386.1003
30.39404,1,1039.372,366.5688,1051.2,376.3346
30.40132,1,1004.928,339.2884,1028.064,357.8115
30.4158,1,1004.928,339.2884,1016.496,348.5499
30.42421,1,1004.928,339.2884,1010.712,343.9192
30.43495,1,989.933,326.0821,1000.323,335.0006
30.44744,1,989.933,326.0821,995.1278,330.5414
30.45679,1,984.8223,319.2124,989.9751,324.8769
30.46823,1,984.8223,319.2124,987.3987,322.0446
30.4782,1,984.8223,319.2124,986.1105,320.6285
30.4913,1,989.088,313.978,987.5992,317.3033
30.49957,1,989.088,313.978,988.3436,315.6406
30.51246,1,989.088,313.978,988.7158,314.8093
30.5209,1,1068.348,295.352,1028.532,305.0806
30.53258,1,1068.348,295.352,1048.44,300.2163
30.54413,1,1068.348,295.352,1058.394,297.7841
30.55351,1,1139.068,280.612,1098.731,289.1981
30.566,1,1139.068,280.612,1118.9,284.905
30.57743,1,1187.162,270.9472,1153.031,277.9261
30.58747,1,1187.162,270.9472,1170.097,274.4366
30.59724,1,1187.162,270.9472,1178.629,272.6919
30.61003,1,1219.295,263.2655,1198.962,267.9787
30.61952,1,1219.295,263.2655,1209.128,265.6221
30.63101,1,1219.295,263.2655,1214.212,264.4438
30.64351,1,1242.031,258.9414,1228.122,261.6926
30.65286,1,1242.031,258.9414,1235.077,260.317
30.66546,1,1242.031,258.9414,1238.554,259.6292
30.67597,1,1257.135,257.9995,1247.844,258.8143
30.68693,1,1257.135,257.9995,1252.49,258.4069
30.69753,1,1266.228,255.8305,1259.359,257.1187
30.7104,1,1266.228,255.8305,1262.794,256.4746
30.71927,1,1266.228,255.8305,1264.511,256.1525
30.73107,1,1272.959,255.1833,1268.735,255.6679
30.75829,1,1279.032,248.8647,1273.884,252.2663
30.76538,1,1279.032,248.8647,1276.458,250.5655
30.77273,1,1279.032,248.8647,1277.745,249.7151
30.78138,1,1279.032,248.8647,1278.389,249.2899
30.79369,1,1283.864,244.1013,1281.126,246.6956
30.8034,1,1283.864,244.1013,1282.495,245.3985
30.81389,1,1283.864,244.1013,1283.179,244.7499
30.82602,1,1287.326,240.8275,1285.253,242.7887
30.83519,1,1287.326,240.8275,1286.289,241.8081
30.85202,1,1289.083,237.1943,1287.686,239.5012
30.85995,1,1289.083,237.1943,1288.385,238.3478
30.87602,1,1289.083,237.1943,1288.734,237.7711
30.88811,1,1290.476,236.285,1289.605,237.028
30.89569,1,1290.476,236.285,1290.041,236.6565
30.90377,1,1290.476,236.285,1290.259,236.4708
30.91424,1,1292.651,233.6162,1291.455,235.0435
30.92737,1,1292.651,233.6162,1292.053,234.3299
30.93706,1,1292.651,233.6162,1292.352,233.9731
30.94931,1,1293.482,231.4061,1292.917,232.6896
30.96133,1,1293.482,231.4061,1293.199,232.0479
30.97834,1,1294.477,229.9421,1293.838,230.995
30.98513,1,1294.477,229.9421,1294.157,230.4686
30.99408,1,1294.477,229.9421,1294.317,230.2054
31.00446,1,1295.15,227.6442,1294.733,228.9248
31.01563,1,1295.15,227.6442,1294.942,228.2845
31.02769,1,1295.15,227.6442,1295.046,227.9643
31.04405,1,1295.732,225.8112,1295.389,226.8878
31.05132,1,1295.732,225.8112,1295.561,226.3495
31.06319,1,1295.275,223.8185,1295.418,225.084
31.07271,1,1295.275,223.8185,1295.346,224.4512
31.08582,1,1295.275,223.8185,1295.311,224.1349
31.097,1,1295.369,221.8898,1295.34,223.0123
31.10833,1,1295.369,221.8898,1295.354,222.451
31.11843,1,1295.369,221.8898,1295.362,222.1704
31.13159,1,1300.76,229.1192,1298.061,225.6448
31.14082,1,1300.76,229.1192,1299.411,227.382
31.15238,1,1353.959,345.1912,1326.685,286.2866
31.16349,1,1353.959,345.1912,1340.322,315.7389
31.17227,1,1353.959,345.1912,1347.141,330.465
31.1875,1,1435.731,531.4946,1391.436,430.9798
31.19818,1,1435.731,531.4946,1413.583,481.2372
31.21065,1,1484.012,639.4439,1448.798,560.3406
31.2192,1,1484.012,639.4439,1466.405,599.8922
31.23073,1,1484.012,639.4439,1475.208,619.6681
31.23968,1,1484.012,639.4439,1479.61,629.556
31.25228,1,1507.022,685.8158,1493.316,657.6859
31.2631,1,1507.022,685.8158,1500.169,671.7509
31.27136,1,1516.904,708.2211,1508.537,689.986
31.28408,1,1516.904,708.2211,1512.721,699.1035
31.29429,1,1516.904,708.2211,1514.813,703.6623
31.30636,1,1523.206,723.0703,1519.009,713.3663
31.3162,1,1523.206,723.0703,1521.108,718.2183
31.32745,1,1523.206,723.0703,1522.157,720.6443
31.33644,1,1548.509,751.8356,1535.333,736.24
31.34956,1,1548.509,751.8356,1541.921,744.0378
31.36001,1,1548.509,751.8356,1545.215,747.9368
31.3722,1,1587.258,783.2224,1566.236,765.5796
31.38343,1,1587.258,783.2224,1576.747,774.401
31.39417,1,1612.472,803.2404,1594.609,788.8207
31.40651,1,1612.472,803.2404,1603.541,796.0305
31.41664,1,1612.472,803.2404,1608.006,799.6355
31.42755,1,1622.893,820.1397,1615.45,809.8876
31.43695,1,1622.893,820.1397,1619.172,815.0137
31.45012,1,1622.893,820.1397,1621.032,817.5767
31.46013,1,1634.914,826.7989,1627.973,822.1877
31.47264,1,1634.914,826.7989,1631.444,824.4933
31.48335,1,1642.267,831.4417,1636.856,827.9675
31.49385,1,1642.267,831.4417,1639.562,829.7046
31.50543,1,1642.267,831.4417,1640.915,830.5731
31.51509,1,1646.735,835.2039,1643.825,832.8885
31.52814,1,1646.735,835.2039,1645.28,834.0461
31.53743,1,1646.735,835.2039,1646.007,834.625
31.54983,1,1647.625,837.2338,1646.816,835.9294
31.55843,1,1647.625,837.2338,1647.22,836.5815
31.56951,1,1647.625,837.2338,1647.423,836.9077
31.58008,1,1647.807,838.4456,1647.615,837.6766
31.59133,1,1647.807,838.4456,1647.711,838.0611
31.60149,1,1647.807,838.4456,1647.759,838.2533
31.61311,1,1646.965,839.1895,1647.362,838.7214
31.62182,1,1646.965,839.1895,1647.164,838.9554
31.63486,1,1642.81,840.1917,1644.987,839.5736
31.65814,1,1642.81,840.1917,1643.898,839.8827
31.66503,1,1641.105,841.3747,1642.501,840.6287
31.67631,1,1641.105,841.3747,1641.803,841.0017
31.68649,1,1641.105,841.3747,1641.454,841.1882
31.69791,1,1640.513,842.5106,1640.984,841.8494
31.71038,1,1640.513,842.5106,1640.748,842.1799
31.71862,1,1640.513,842.5106,1640.631,842.3452
31.73053,1,1639.538,843.4115,1640.084,842.8784
31.74144,1,1639.538,843.4115,1639.811,843.1449
31.75274,1,1639.538,843.4115,1639.674,843.2782
31.7649,1,1637.868,843.4767,1638.771,843.3774
31.77554,1,1637.868,843.4767,1638.319,843.4271
31.78734,1,1635.823,841.7445,1637.071,842.5858
31.79648,1,1635.823,841.7445,1636.447,842.1652
31.80942,1,1635.823,841.7445,1636.135,841.9548
31.81656,1,1634.825,840.038,1635.48,840.9964
31.83066,1,1634.825,840.038,1635.153,840.5172
31.83897,1,1634.825,840.038,1634.989,840.2776
31.85118,1,1633.432,838.2702,1634.21,839.2739
31.86176,1,1633.432,838.2702,1633.821,838.7721
31.87604,1,1631.884,834.6148,1632.853,836.6935
31.88719,1,1631.884,834.6148,1632.368,835.6542
31.89812,1,1631.884,834.6148,1632.126,835.1345
31.91036,1,1628.489,831.3691,1630.307,833.2518
31.91972,1,1628.489,831.3691,1629.398,832.3104
31.93113,1,1628.489,831.3691,1628.943,831.8397
31.94444,1,1626.343,829.1801,1627.643,830.5099
31.95249,1,1626.343,829.1801,1626.993,829.845
31.96516,1,1626.343,829.1801,1626.668,829.5125
31.97576,1,1624.164,826.2689,1625.416,827.8907
31.98632,1,1624.164,826.2689,1624.79,827.0798
31.99687,1,1621.908,823.3726,1623.349,825.2262
32.00796,1,1621.908,823.3726,1622.628,824.2994
32.01692,1,1621.908,823.3726,1622.268,823.8359
32.02949,1,1619.23,820.8347,1620.749,822.3353
32.03812,1,1619.23,820.8347,1619.99,821.585
32.05253,1,1619.23,820.8347,1619.61,821.2098
32.06133,1,1616.981,817.3723,1618.295,819.2911
32.07229,1,1616.981,817.3723,1617.638,818.3317
32.08363,1,1616.981,817.3723,1617.31,817.852
32.09477,1,1615.081,814.3311,1616.196,816.0916
32.105,1,1615.081,814.3311,1615.638,815.2113
32.11608,1,1615.081,814.3311,1615.36,814.7712
32.12838,1,1613.604,811.5872,1614.482,813.1792
32.1389,1,1613.604,811.5872,1614.043,812.3832
32.15129,1,1611.147,811.3026,1612.595,811.8429
32.16121,1,1611.147,811.3026,1611.871,811.5728
32.17316,1,1611.147,811.3026,1611.509,811.4376
32.18178,1,1609.23,810.9935,1610.369,811.2156
32.19532,1,1609.23,810.9935,1609.8,811.1046
32.20538,1,1609.23,810.9935,1609.515,811.0491
32.21638,1,1607.801,809.4215,1608.658,810.2353
32.22874,1,1607.801,809.4215,1608.229,809.8284
32.23849,1,1606.13,807.6909,1607.18,808.7596
32.25098,1,1606.13,807.6909,1606.655,808.2252
32.2611,1,1606.13,807.6909,1606.393,807.958
32.27245,1,1604.945,806.6449,1605.669,807.3015
32.28471,1,1604.945,806.6449,1605.307,806.9731
32.29476,1,1604.945,806.6449,1605.126,806.809
32.30692,1,1603.807,805.0279,1604.466,805.9185
32.31645,1,1603.807,805.0279,1604.136,805.4731
32.3297,1,1602.579,803.7145,1603.358,804.5938
32.33904,1,1602.579,803.7145,1602.968,804.1542
32.35228,1,1602.579,803.7145,1602.773,803.9343
32.36375,1,1601.59,802.2605,1602.182,803.0974
32.37302,1,1601.59,802.2605,1601.886,802.679
32.38528,1,1601.59,802.2605,1601.738,802.4697
32.39613,1,1600.676,800.9179,1601.207,801.6938
32.40971,1,1600.676,800.9179,1600.941,801.3059
32.41802,1,1600.676,800.9179,1600.809,801.1119
32.43176,1,1599.25,799.3157,1600.029,800.2138
32.44157,1,1599.25,799.3157,1599.64,799.7648
32.45205,1,1597.654,796.9421,1598.647,798.3534
32.46159,1,1597.654,796.9421,1598.15,797.6477
32.47411,1,1597.654,796.9421,1597.902,797.2949
32.48541,1,1595.921,794.7123,1596.911,796.0036
32.49535,1,1595.921,794.7123,1596.416,795.3579
32.5075,1,1595.921,794.7123,1596.168,795.0351
32.51701,1,1594.299,791.9395,1595.234,793.4873
32.52915,1,1594.299,791.9395,1594.766,792.7134
32.53802,1,1594.299,791.9395,1594.532,792.3264
32.54784,1,1592.213,788.9522,1593.373,790.6393
32.55648,1,1592.213,788.9522,1592.793,789.7958
32.57814,1,1589.681,785.5397,1591.237,787.6677
32.585,1,1589.681,785.5397,1590.459,786.6038
32.59554,1,1589.681,785.5397,1590.07,786.0718
32.60738,1,1587.04,782.321,1588.555,784.1964
32.61712,1,1587.04,782.321,1587.798,783.2587
32.62943,1,1587.04,782.321,1587.419,782.7899
32.63999,1,1584.252,779.0402,1585.835,780.915
32.65038,1,1584.252,779.0402,1585.043,779.9776
32.66053,1,1581.413,775.4626,1583.228,777.7201
32.67126,1,1581.413,775.4626,1582.321,776.5914
32.68297,1,1581.413,775.4626,1581.867,776.027
32.6944,1,1579.098,772.2181,1580.482,774.1226
32.70553,1,1579.098,772.2181,1579.79,773.1703
32.71531,1,1579.098,772.2181,1579.444,772.6942
32.72916,1,1576.995,768.8532,1578.219,770.7737
32.73784,1,1576.995,768.8532,1577.607,769.8135
32.75122,1,1574.344,766.2778,1575.975,768.0457
32.76147,1,1574.344,766.2778,1575.16,767.1617
32.77206,1,1574.344,766.2778,1574.752,766.7198
32.78345,1,1571.725,763.8929,1573.239,765.3063
32.79371,1,1571.725,763.8929,1572.482,764.5996
32.80453,1,1571.725,763.8929,1572.104,764.2462
32.81526,1,1569.669,762.0415,1570.886,763.1439
32.82787,1,1569.669,762.0415,1570.278,762.5927
32.83658,1,1569.669,762.0415,1569.973,762.3171
32.84888,1,1567.049,760.4808,1568.511,761.3989
32.85906,1,1567.049,760.4808,1567.78,760.9398
32.87114,1,1567.049,760.4808,1567.415,760.7103
32.87884,1,1564.661,759.049,1566.038,759.8796
32.88975,1,1564.661,759.049,1565.349,759.4643
32.8996,1,1564.661,759.049,1565.005,759.2566
32.9126,1,1563.063,757.6057,1564.034,758.4312
32.92515,1,1563.063,757.6057,1563.548,758.0184
32.93459,1,1561.069,755.9716,1562.309,756.995
32.94727,1,1561.069,755.9716,1561.689,756.4833
32.95753,1,1561.069,755.9716,1561.379,756.2274
32.97014,1,1559.005,754.3803,1560.192,755.3038
32.98085,1,1559.005,754.3803,1559.598,754.842
32.9927,1,1559.005,754.3803,1559.302,754.6112
33.00327,1,1556.853,753.4457,1558.077,754.0284
33.01375,1,1556.853,753.4457,1557.465,753.7371
33.02632,1,1554.741,751.8915,1556.103,752.8143
33.03657,1,1554.741,751.8915,1555.422,752.3529
33.04796,1,1554.741,751.8915,1555.082,752.1222
33.05959,1,1552.73,750.1472,1553.906,751.1347
33.07071,1,1552.73,750.1472,1553.318,750.641
33.07981,1,1552.73,750.1472,1553.024,750.3941
33.09269,1,1550.263,748.596,1551.644,749.4951
33.10323,1,1550.263,748.596,1550.954,749.0455
33.1138,1,1547.902,745.2275,1549.428,747.1365
33.12642,1,1547.902,745.2275,1548.665,746.182
33.13512,1,1547.902,745.2275,1548.283,745.7048
33.14793,1,1545.13,740.2765,1546.707,742.9906
33.15831,1,1545.13,740.2765,1545.918,741.6335
33.16881,1,1545.13,740.2765,1545.524,740.955
33.17867,1,1542.128,734.9067,1543.826,737.9308
33.18997,1,1542.128,734.9067,1542.977,736.4188
33.19823,1,1542.128,734.9067,1542.552,735.6627
33.21067,1,1538.533,730.4919,1540.542,733.0773
33.22061,1,1538.533,730.4919,1539.538,731.7847
33.23255,1,1538.533,730.4919,1539.035,731.1383
33.24471,1,1535.302,727.2025,1537.169,729.1704
33.25344,1,1535.302,727.2025,1536.235,728.1865
33.26686,1,1532.622,724.5741,1534.429,726.3802
33.27747,1,1532.622,724.5741,1533.525,725.4772
33.28909,1,1532.622,724.5741,1533.073,725.0256
33.29918,1,1529.852,721.3718,1531.463,723.1987
33.31214,1,1529.852,721.3718,1530.657,722.2853
33.32032,1,1529.852,721.3718,1530.254,721.8286
33.33315,1,1526.997,718.6075,1528.626,720.218
33.34483,1,1526.997,718.6075,1527.812,719.4128
33.35374,1,1526.997,718.6075,1527.404,719.0101
33.36651,1,1524.513,716.0709,1525.959,717.5405
33.3763,1,1524.513,716.0709,1525.236,716.8057
33.38769,1,1521.771,714.7495,1523.503,715.7776
33.39716,1,1521.771,714.7495,1522.637,715.2635
33.40688,1,1521.771,714.7495,1522.204,715.0065
33.4183,1,1519.383,712.7054,1520.793,713.856
33.42957,1,1519.383,712.7054,1520.088,713.2807
33.44064,1,1519.383,712.7054,1519.735,712.993
33.4511,1,1516.894,710.072,1518.315,711.5325
33.46056,1,1516.894,710.072,1517.604,710.8022
33.47189,1,1516.894,710.072,1517.249,710.4371
33.48338,1,1514.504,707.8958,1515.877,709.1664
33.4932,1,1514.504,707.8958,1515.19,708.5311
33.50499,1,1514.504,707.8958,1514.847,708.2134
33.51528,1,1512.26,705.8093,1513.553,707.0114
33.52867,1,1512.26,705.8093,1512.907,706.4103
33.53822,1,1510.396,703.7831,1511.651,705.0967
33.55048,1,1510.396,703.7831,1511.023,704.4399
33.56124,1,1510.396,703.7831,1510.709,704.1115
33.57298,1,1508.339,701.7177,1509.524,702.9146
33.58446,1,1508.339,701.7177,1508.932,702.3161
33.5936,1,1508.339,701.7177,1508.635,702.0168
33.60479,1,1506.422,699.9278,1507.529,700.9723
33.61465,1,1506.422,699.9278,1506.975,700.4501
33.62794,1,1503.801,697.749,1505.388,699.0995
33.63556,1,1503.801,697.749,1504.594,698.4243
33.64769,1,1503.801,697.749,1504.198,698.0867
33.65627,1,1503.801,697.749,1503.999,697.9178
33.66859,1,1502.039,695.6682,1503.019,696.793
33.67992,1,1502.039,695.6682,1502.529,696.2306
33.6908,1,1500.415,694.4113,1501.472,695.3209
33.7006,1,1500.415,694.4113,1500.944,694.8661
33.71339,1,1500.415,694.4113,1500.679,694.6387
33.7244,1,1498.606,692.4517,1499.643,693.5452
33.73219,1,1498.606,692.4517,1499.124,692.9984
33.74538,1,1498.606,692.4517,1498.865,692.7251
33.75323,1,1497.348,690.5609,1498.107,691.643
33.76657,1,1497.348,690.5609,1497.727,691.1019
33.77818,1,1496.547,689.1649,1497.137,690.1334
33.78938,1,1496.547,689.1649,1496.842,689.6492
33.79883,1,1496.547,689.1649,1496.695,689.407
33.81157,1,1495.214,687.9295,1495.954,688.6683
33.81931,1,1495.214,687.9295,1495.584,688.2989
33.83233,1,1495.214,687.9295,1495.399,688.1142
33.8461,1,1494.09,686.6088,1494.745,687.3615
33.85287,1,1494.09,686.6088,1494.417,686.9852
33.86614,1,1494.09,686.6088,1494.254,686.797
33.87652,1,1492.704,685.8768,1493.479,686.3369
33.88879,1,1492.704,685.8768,1493.091,686.1069
33.89912,1,1491.163,685.0682,1492.127,685.5875
33.91331,1,1491.163,685.0682,1491.645,685.3279
33.92182,1,1491.163,685.0682,1491.404,685.198
33.9341,1,1489.902,684.1851,1490.653,684.6915
33.94734,1,1489.902,684.1851,1490.277,684.4384
33.95678,1,1489.902,684.1851,1490.09,684.3118
33.96992,1,1488.252,683.7236,1489.171,684.0177
33.97951,1,1488.252,683.7236,1488.712,683.8707
33.99124,1,1486.777,683.1417,1487.744,683.5062
34.00156,1,1486.777,683.1417,1487.261,683.3239
34.01522,1,1486.777,683.1417,1487.019,683.2328
34.02612,1,1486.422,681.5422,1486.72,682.3875
34.03465,1,1486.422,681.5422,1486.571,681.9648
34.04722,1,1486.422,681.5422,1486.496,681.7535
34.05586,1,1485.773,679.3196,1486.135,680.5366
34.06731,1,1485.773,679.3196,1485.954,679.9281
34.07825,1,1485.773,679.3196,1485.863,679.6238
34.08939,1,1484.829,676.83,1485.346,678.2269
34.09906,1,1484.829,676.83,1485.088,677.5284
34.1116,1,1483.793,674.2346,1484.441,675.8815
34.11994,1,1483.793,674.2346,1484.117,675.0581
34.13299,1,1483.793,674.2346,1483.955,674.6464
34.14462,1,1482.514,672.6466,1483.235,673.6465
34.15569,1,1482.514,672.6466,1482.874,673.1465
34.16557,1,1482.514,672.6466,1482.694,672.8966
34.17608,1,1481.62,670.4849,1482.157,671.6907
34.18813,1,1481.62,670.4849,1481.889,671.0878
34.19875,1,1481.62,670.4849,1481.754,670.7863
34.21105,1,1480.896,668.6542,1481.325,669.7203
34.2198,1,1480.896,668.6542,1481.111,669.1873
34.23251,1,1479.274,667.0109,1480.192,668.0991
34.24425,1,1479.274,667.0109,1479.733,667.5551
34.25232,1,1479.274,667.0109,1479.503,667.283
34.2649,1,1477.254,665.6901,1478.379,666.4865
34.27895,1,1477.254,665.6901,1477.816,666.0883
34.28732,1,1477.254,665.6901,1477.535,665.8892
34.29894,1,1475.604,664.5009,1476.57,665.1951
34.31179,1,1475.604,664.5009,1476.087,664.848
34.32019,1,1475.604,664.5009,1475.846,664.6744
34.33195,1,1474.293,663.1021,1475.069,663.8882
34.34531,1,1474.293,663.1021,1474.681,663.4951
34.35429,1,1472.656,661.5546,1473.669,662.5249
34.36564,1,1472.656,661.5546,1473.162,662.0398
34.37696,1,1472.656,661.5546,1472.909,661.7972
34.38742,1,1470.62,660.2684,1471.765,661.0328
34.39792,1,1470.62,660.2684,1471.192,660.6506
34.41145,1,1470.62,660.2684,1470.906,660.4595
34.41993,1,1468.718,659.3528,1469.812,659.9062
34.43276,1,1468.718,659.3528,1469.265,659.6295
34.4454,1,1466.974,658.6511,1468.119,659.1403
34.45319,1,1466.974,658.6511,1467.546,658.8958
34.46631,1,1466.974,658.6511,1467.26,658.7734
34.47663,1,1465.374,657.1283,1466.317,657.9509
34.48715,1,1465.374,657.1283,1465.845,657.5396
34.49754,1,1465.374,657.1283,1465.609,657.3339
34.50972,1,1463.413,655.5775,1464.511,656.4557
34.51846,1,1463.413,655.5775,1463.962,656.0166
34.53072,1,1463.413,655.5775,1463.688,655.7971
34.54105,1,1461.325,654.0251,1462.506,654.9111
34.55253,1,1461.325,654.0251,1461.916,654.4681
34.56303,1,1461.325,654.0251,1461.62,654.2466
34.5732,1,1459.306,653.4103,1460.463,653.8285
34.58411,1,1459.306,653.4103,1459.884,653.6194
34.59401,1,1457.593,652.4938,1458.739,653.0566
34.60483,1,1457.593,652.4938,1458.166,652.7753
34.61576,1,1457.593,652.4938,1457.879,652.6345
34.6278,1,1455.851,651.2352,1456.865,651.9348
34.63627,1,1455.851,651.2352,1456.358,651.585
34.64857,1,1455.851,651.2352,1456.105,651.41
34.65869,1,1453.445,650.0098,1454.775,650.7099
34.66973,1,1453.445,650.0098,1454.11,650.3599
34.68452,1,1450.953,648.4768,1452.531,649.4183
34.6954,1,1450.953,648.4768,1451.742,648.9476
34.70676,1,1450.953,648.4768,1451.347,648.7122
34.71629,1,1448.208,647.6625,1449.777,648.1873
34.72866,1,1448.208,647.6625,1448.992,647.9249
34.73827,1,1448.208,647.6625,1448.6,647.7937
34.75031,1,1445.91,647.1299,1447.255,647.4618
34.76082,1,1445.91,647.1299,1446.582,647.2958
34.77258,1,1445.91,647.1299,1446.246,647.2129
34.7831,1,1443.741,646.1441,1444.994,646.6785
34.79395,1,1443.741,646.1441,1444.367,646.4113
34.80442,1,1443.741,646.1441,1444.054,646.2777
34.81615,1,1441.861,645.0059,1442.958,645.6418
34.82815,1,1441.861,645.0059,1442.41,645.3239
34.83851,1,1440.143,644.2249,1441.276,644.7744
34.8503,1,1440.143,644.2249,1440.71,644.4996
34.86045,1,1440.143,644.2249,1440.426,644.3623
34.88814,1,1438.181,643.2278,1439.304,643.795
34.89443,1,1438.181,643.2278,1438.743,643.5115
34.90347,1,1436.084,642.3267,1437.413,642.9191
34.91768,1,1436.084,642.3267,1436.749,642.6229
34.93069,1,1433.959,641.1554,1435.354,641.8892
34.93678,1,1433.959,641.1554,1434.656,641.5223
34.9492,1,1433.959,641.1554,1434.307,641.3389
34.95979,1,1431.853,640.3537,1433.08,640.8463
34.97154,1,1431.853,640.3537,1432.466,640.6
34.98109,1,1431.853,640.3537,1432.159,640.4768
34.99496,1,1429.872,639.2871,1431.016,639.882
35.00307,1,1429.872,639.2871,1430.444,639.5845
35.01315,1,1429.872,639.2871,1430.158,639.4358
35.02836,1,1427.888,638.1489,1429.023,638.7924
35.03556,1,1427.888,638.1489,1428.455,638.4706
35.04868,1,1425.506,637.0407,1426.981,637.7556
35.06181,1,1425.506,637.0407,1426.243,637.3982
35.07696,1,1423.727,636.2371,1424.985,636.8176
35.08364,1,1423.727,636.2371,1424.356,636.5273
35.0952,1,1423.727,636.2371,1424.041,636.3822
35.10558,1,1423.727,636.2371,1423.884,636.3097
35.11479,1,1422.231,635.6023,1423.058,635.956
35.12785,1,1422.231,635.6023,1422.645,635.7792
35.13464,1,1422.231,635.6023,1422.438,635.6907
35.14687,1,1420.745,635.7964,1421.591,635.7435
35.15651,1,1420.745,635.7964,1421.168,635.77
35.17032,1,1419.288,636.3043,1420.228,636.0371
35.17892,1,1419.288,636.3043,1419.758,636.1707
35.18981,1,1419.288,636.3043,1419.523,636.2374
35.20518,1,1418.543,637.3646,1419.033,636.801
35.21326,1,1418.543,637.3646,1418.788,637.0828
35.22578,1,1418.543,637.3646,1418.666,637.2236
35.2354,1,1417.911,637.7898,1418.289,637.5067
35.24718,1,1417.911,637.7898,1418.1,637.6483
35.25624,1,1417.911,637.7898,1418.006,637.719
35.26892,1,1416.929,638.2299,1417.468,637.9744
35.27959,1,1416.929,638.2299,1417.198,638.1022
35.2916,1,1416.737,640.4227,1416.968,639.2625
35.30096,1,1416.737,640.4227,1416.853,639.8425
35.31325,1,1416.737,640.4227,1416.795,640.1326
35.32411,1,1417.752,646.7678,1417.274,643.4502
35.33435,1,1417.752,646.7678,1417.513,645.109
35.34671,1,1417.752,646.7678,1417.633,645.9384
35.35519,1,1419.628,655.6483,1418.63,650.7933
35.36729,1,1419.628,655.6483,1419.129,653.2208
35.37798,1,1419.628,655.6483,1419.378,654.4346
35.39046,1,1421.599,664.6887,1420.489,659.5616
35.39962,1,1421.599,664.6887,1421.044,662.1252
35.41187,1,1423.581,673.3253,1422.312,667.7252
35.42078,1,1423.581,673.3253,1422.946,670.5253
35.43127,1,1423.581,673.3253,1423.263,671.9253
35.44307,1,1426.044,679.3322,1424.654,675.6288
35.4532,1,1426.044,679.3322,1425.349,677.4805
35.46408,1,1426.044,679.3322,1425.696,678.4064
35.4726,1,1427.656,684.6554,1426.676,681.5309
35.48666,1,1427.656,684.6554,1427.166,683.0931
35.4973,1,1427.656,684.6554,1427.411,683.8743
35.50878,1,1428.962,688.4051,1428.187,686.1396
35.51897,1,1428.962,688.4051,1428.574,687.2723
35.53144,1,1430.736,692.1842,1429.655,689.7283
35.54381,1,1430.736,692.1842,1430.195,690.9562
35.55092,1,1430.736,692.1842,1430.466,691.5702
35.5636,1,1432.263,694.9683,1431.364,693.2692
35.57226,1,1432.263,694.9683,1431.814,694.1188
35.58479,1,1432.263,694.9683,1432.038,694.5435
35.59959,1,1433.587,697.0756,1432.813,695.8096
35.61131,1,1433.587,697.0756,1433.2,696.4426
35.62035,1,1433.587,697.0756,1433.394,696.7592
35.63109,1,1435.108,698.908,1434.251,697.8336
35.63937,1,1435.108,698.908,1434.68,698.3708
35.65225,1,1436.239,701.4861,1435.459,699.9285
35.66328,1,1436.239,701.4861,1435.849,700.7073
35.67326,1,1436.239,701.4861,1436.044,701.0967
35.68442,1,1437.314,703.7839,1436.679,702.4403
35.69568,1,1437.314,703.7839,1436.996,703.1121
35.70718,1,1437.314,703.7839,1437.155,703.448
35.71543,1,1438.657,705.4051,1437.906,704.4265
35.72837,1,1438.657,705.4051,1438.282,704.9158
35.73794,1,1438.657,705.4051,1438.469,705.1604
35.75064,1,1439.759,706.8493,1439.114,706.0049
35.76011,1,1439.759,706.8493,1439.436,706.4271
35.77251,1,1440.526,708.2617,1439.981,707.3444
35.78427,1,1440.526,708.2617,1440.253,707.803
35.79422,1,1440.526,708.2617,1440.39,708.0323
35.80566,1,1441.595,709.8845,1440.992,708.9584
35.82476,1,1441.595,709.8845,1441.294,709.4215
35.83343,1,1442.811,711.577,1442.052,710.4993
35.84595,1,1442.811,711.577,1442.432,711.0381
35.8528,1,1442.811,711.577,1442.621,711.3075
35.86367,1,1444.45,713.3732,1443.536,712.3403
35.8736,1,1444.45,713.3732,1443.993,712.8568
35.88692,1,1444.45,713.3732,1444.221,713.115
35.89764,1,1446.263,715.0644,1445.242,714.0897
35.91158,1,1446.263,715.0644,1445.752,714.577
35.91985,1,1446.263,715.0644,1446.008,714.8207
35.93336,1,1447.27,716.3234,1446.639,715.572
35.94387,1,1447.27,716.3234,1446.955,715.9477
35.95274,1,1448.74,718.0118,1447.848,716.9797
35.96646,1,1448.74,718.0118,1448.294,717.4958
35.97672,1,1448.74,718.0118,1448.517,717.7538
35.9901,1,1450.184,719.3406,1449.351,718.5472
35.99916,1,1450.184,719.3406,1449.768,718.9438
36.01141,1,1450.184,719.3406,1449.976,719.1422
36.02038,1,1451.723,720.9363,1450.85,720.0392
36.03323,1,1451.723,720.9363,1451.286,720.4878
36.04533,1,1450.749,721.7451,1451.017,721.1165
36.05412,1,1450.749,721.7451,1450.883,721.4308
36.06651,1,1450.749,721.7451,1450.816,721.5879
36.07727,1,1414.596,709.6585,1432.706,715.6232
36.08953,1,1414.596,709.6585,1423.651,712.6409
36.11023,1,1234.248,654.17,1328.949,683.4054
36.11605,1,1234.248,654.17,1281.599,668.7877
36.12798,1,1234.248,654.17,1257.923,661.4789
36.13625,1,1048.064,597.0943,1152.994,629.2866
36.1507,1,1048.064,597.0943,1100.529,613.1904
36.16008,1,1048.064,597.0943,1074.296,605.1423
36.17184,1,936.7734,561.6262,1005.535,583.3843
36.18029,1,936.7734,561.6262,971.1542,572.5052
36.19134,1,936.7734,561.6262,953.9638,567.0657
36.20174,1,881.389,544.2333,917.6764,555.6495
36.21406,1,881.389,544.2333,899.5327,549.9414
36.22385,1,881.389,544.2333,890.4609,547.0874
36.2355,1,854.0697,534.3857,872.2653,540.7366
36.24714,1,854.0697,534.3857,863.1675,537.5612
36.25599,1,831.7375,532.786,847.4525,535.1736
36.26766,1,831.7375,532.786,839.595,533.9798
36.27872,1,831.7375,532.786,835.6663,533.3829
36.29153,1,819.0757,535.0732,827.371,534.2281
36.30067,1,819.0757,535.0732,823.2233,534.6506
36.31349,1,819.0757,535.0732,821.1495,534.8619
36.32475,1,828.2935,538.0693,824.7216,536.4656
36.33384,1,828.2935,538.0693,826.5076,537.2675
36.34562,1,875.5156,556.3392,851.0116,546.8033
36.35565,1,875.5156,556.3392,863.2635,551.5713
36.38377,1,1008.792,599.3731,936.0277,575.4722
36.39115,1,1008.792,599.3731,972.4098,587.4226
36.39707,1,1008.792,599.3731,990.6008,593.3978
36.40673,1,1214.959,665.4712,1102.78,629.4345
36.41761,1,1214.959,665.4712,1158.87,647.4529
36.43114,1,1214.959,665.4712,1186.914,656.462
36.44895,1,1352.63,709.2256,1269.772,682.8438
36.45424,1,1352.63,709.2256,1311.201,696.0347
36.46574,1,1352.63,709.2256,1331.915,702.6301
36.47594,1,1427.107,732.6617,1379.511,717.6459
36.48642,1,1427.107,732.6617,1403.309,725.1538
36.49641,1,1427.107,732.6617,1415.208,728.9078
36.50912,1,1465.395,744.741,1440.302,736.8243
36.51807,1,1465.395,744.741,1452.848,740.7827
36.52961,1,1483.922,749.448,1468.385,745.1154
36.54134,1,1483.922,749.448,1476.154,747.2817
36.55428,1,1483.922,749.448,1480.038,748.3649
36.56852,1,1495.695,753.2627,1487.867,750.8138
36.5738,1,1495.695,753.2627,1491.781,752.0382
36.58649,1,1495.695,753.2627,1493.738,752.6505
36.60078,1,1504.505,761.5317,1499.121,757.0911
36.61437,1,1504.505,761.5317,1501.813,759.3114
36.62012,1,1510.783,768.9011,1506.298,764.1062
36.63012,1,1510.783,768.9011,1508.541,766.5037
36.63898,1,1510.783,768.9011,1509.662,767.7024
36.65203,1,1517.347,772.1832,1513.504,769.9428
36.66312,1,1517.347,772.1832,1515.426,771.063
36.6731,1,1517.347,772.1832,1516.386,771.6231
36.68544,1,1521.897,775.1987,1519.142,773.4109
36.69543,1,1521.897,775.1987,1520.519,774.3048
36.70699,1,1521.897,775.1987,1521.208,774.7518
36.71605,1,1525.634,776.5153,1523.421,775.6335
36.72826,1,1525.634,776.5153,1524.528,776.0745
36.73766,1,1525.634,776.5153,1525.081,776.2949
36.76502,1,1528.52,777.5186,1526.8,776.9067
36.77115,1,1530.31,778.6429,1528.555,777.7748
36.77982,1,1530.31,778.6429,1529.432,778.2089
36.7933,1,1530.31,778.6429,1529.871,778.4259
36.80038,1,1531.786,780.0004,1530.829,779.2131
36.8129,1,1531.786,780.0004,1531.308,779.6068
36.8216,1,1531.786,780.0004,1531.547,779.8036
36.83312,1,1533.799,781.7542,1532.673,780.7789
36.84519,1,1533.799,781.7542,1533.236,781.2665
36.85476,1,1533.799,781.7542,1533.518,781.5103
36.86737,1,1535.452,783.5023,1534.485,782.5063
36.87717,1,1535.452,783.5023,1534.969,783.0043
36.88763,1,1535.452,783.5023,1535.211,783.2533
36.89834,1,1537.157,785.2396,1536.184,784.2465
36.91064,1,1537.157,785.2396,1536.67,784.743
36.91909,1,1537.157,785.2396,1536.913,784.9913
36.9313,1,1540.238,788.1077,1538.576,786.5495
36.94352,1,1540.238,788.1077,1539.407,787.3286
36.95184,1,1545.393,793.7425,1542.4,790.5355
36.96555,1,1545.393,793.7425,1543.896,792.139
36.97567,1,1545.393,793.7425,1544.645,792.9408
36.986,1,1550.879,799.73,1547.762,796.3354
36.99618,1,1550.879,799.73,1549.32,798.0327
37.00729,1,1550.879,799.73,1550.1,798.8813
37.01926,1,1555.016,805.4549,1552.558,802.1681
37.03036,1,1555.016,805.4549,1553.787,803.8115
37.03899,1,1555.016,805.4549,1554.401,804.6332
37.05227,1,1559.469,810.9831,1556.935,807.8081
37.06409,1,1559.469,810.9831,1558.202,809.3956
37.07375,1,1563.713,816.5938,1560.958,812.9948
37.08553,1,1563.713,816.5938,1562.335,814.7943
37.09595,1,1563.713,816.5938,1563.024,815.6941
37.10854,1,1568.615,822.163,1565.82,818.9286
37.11791,1,1568.615,822.163,1567.218,820.5458
37.12986,1,1568.615,822.163,1567.916,821.3544
37.13867,1,1572.145,827.6038,1570.031,824.4791
37.15263,1,1572.145,827.6038,1571.088,826.0414
37.1632,1,1576.158,832.5638,1573.623,829.3026
37.17246,1,1576.158,832.5638,1574.891,830.9332
37.18468,1,1576.158,832.5638,1575.524,831.7485
37.1992,1,1580.371,838.0089,1577.948,834.8787
37.21112,1,1580.371,838.0089,1579.16,836.4437
37.22015,1,1580.371,838.0089,1579.766,837.2263
37.23328,1,1584.277,842.4021,1582.021,839.8142
37.24493,1,1584.277,842.4021,1583.149,841.1082
37.25378,1,1588.09,846.5974,1585.619,843.8528
37.2654,1,1588.09,846.5974,1586.855,845.2251
37.275,1,1588.09,846.5974,1587.472,845.9113
37.28568,1,1591.58,851.1339,1589.526,848.5226
37.29603,1,1591.58,851.1339,1590.553,849.8282
37.30724,1,1591.58,851.1339,1591.066,850.4811
37.31772,1,1596.007,854.9463,1593.537,852.7137
37.33105,1,1596.007,854.9463,1594.772,853.83
37.33904,1,1596.007,854.9463,1595.389,854.3881
37.35072,1,1599.777,858.952,1597.583,856.67
37.36157,1,1599.777,858.952,1598.68,857.811
37.37249,1,1599.777,858.952,1599.228,858.3815
37.38471,1,1602.861,862.5799,1601.045,860.4807
37.39464,1,1602.861,862.5799,1601.953,861.5303
37.40604,1,1606.189,865.7773,1604.071,863.6538
37.41708,1,1606.189,865.7773,1605.13,864.7156
37.42971,1,1606.189,865.7773,1605.659,865.2465
37.43843,1,1608.962,869.2749,1607.31,867.2607
37.45057,1,1608.962,869.2749,1608.136,868.2678
37.46515,1,1607.324,865.7181,1607.73,866.9929
37.47511,1,1607.324,865.7181,1607.527,866.3555
37.48493,1,1607.324,865.7181,1607.426,866.0367
37.49496,1,1605.564,862.6144,1606.495,864.3256
37.5059,1,1605.564,862.6144,1606.029,863.47
37.51569,1,1605.564,862.6144,1605.797,863.0422
37.52905,1,1604.282,860.8683,1605.039,861.9553
37.53892,1,1604.282,860.8683,1604.661,861.4119
37.56647,1,1602.901,858.295,1603.781,859.8534
37.57315,1,1602.901,858.295,1603.341,859.0742
37.5792,1,1602.901,858.295,1603.121,858.6846
37.59086,1,1600.459,854.4744,1601.79,856.5795
37.60114,1,1600.459,854.4744,1601.125,855.5269
37.61349,1,1600.459,854.4744,1600.792,855.0006
37.62349,1,1597.48,849.6261,1599.136,852.3134
37.63412,1,1597.48,849.6261,1598.308,850.9697
37.64705,1,1593.959,844.6213,1596.133,847.7955
37.65599,1,1593.959,844.6213,1595.046,846.2084
37.66908,1,1593.959,844.6213,1594.503,845.4148
37.68039,1,1590.616,839.1541,1592.559,842.2844
37.69318,1,1590.616,839.1541,1591.588,840.7192
37.70284,1,1590.616,839.1541,1591.102,839.9366
37.7138,1,1586.932,834.4987,1589.017,837.2177
37.72436,1,1586.932,834.4987,1587.974,835.8582
37.73438,1,1586.932,834.4987,1587.453,835.1784
37.7473,1,1584.112,830.6058,1585.783,832.8921
37.75639,1,1584.112,830.6058,1584.948,831.7489
37.76933,1,1579.864,824.7601,1582.406,828.2545
37.7799,1,1579.864,824.7601,1581.135,826.5073
37.79018,1,1579.864,824.7601,1580.5,825.6337
37.80145,1,1575.853,818.7778,1578.176,822.2057
37.81406,1,1575.853,818.7778,1577.015,820.4918
37.82383,1,1575.853,818.7778,1576.434,819.6348
37.83418,1,1571.72,812.9009,1574.077,816.2678
37.847,1,1571.72,812.9009,1572.898,814.5844
37.85606,1,1567.461,808.6776,1570.18,811.631
37.86832,1,1567.461,808.6776,1568.821,810.1543
37.87931,1,1567.461,808.6776,1568.141,809.416
37.89118,1,1563.955,805.2573,1566.048,807.3366
37.90118,1,1563.955,805.2573,1565.001,806.2969
37.91338,1,1563.955,805.2573,1564.478,805.7771
37.9249,1,1560.926,801.8344,1562.702,803.8057
37.93516,1,1560.926,801.8344,1561.814,802.8201
37.94741,1,1558.625,798.8683,1560.22,800.8442
37.9569,1,1558.625,798.8683,1559.422,799.8563
37.9686,1,1558.625,798.8683,1559.024,799.3623
37.97919,1,1556.665,796.7513,1557.844,798.0568
37.99092,1,1556.665,796.7513,1557.254,797.4041
38.00314,1,1556.665,796.7513,1556.959,797.0776
38.01498,1,1554.768,794.939,1555.864,796.0083
38.02773,1,1554.768,794.939,1555.316,795.4736
38.03598,1,1554.768,794.939,1555.042,795.2063
38.04964,1,1551.594,793.812,1553.318,794.5092
38.05995,1,1551.594,793.812,1552.456,794.1605
38.0713,1,1549.027,792.0811,1550.742,793.1208
38.08004,1,1549.027,792.0811,1549.885,792.601
38.09134,1,1549.027,792.0811,1549.456,792.341
38.10167,1,1547.016,790.3391,1548.236,791.34
38.11383,1,1547.016,790.3391,1547.626,790.8395
38.12376,1,1547.016,790.3391,1547.321,790.5893
38.13481,1,1545.658,789.45,1546.49,790.0197
38.14748,1,1545.658,789.45,1546.073,789.7349
38.15742,1,1545.658,789.45,1545.865,789.5924
38.17068,1,1543.564,788.6135,1544.715,789.103
38.18056,1,1543.564,788.6135,1544.14,788.8583
38.19178,1,1541.271,787.3697,1542.705,788.114
38.20158,1,1541.271,787.3697,1541.988,787.7418
38.21394,1,1541.271,787.3697,1541.63,787.5558
38.22518,1,1539.042,784.8032,1540.336,786.1794
38.2346,1,1539.042,784.8032,1539.688,785.4913
38.24726,1,1539.042,784.8032,1539.365,785.1472
38.25593,1,1536.908,781.5762,1538.137,783.3617
38.26862,1,1536.908,781.5762,1537.523,782.4689
38.27876,1,1536.908,781.5762,1537.216,782.0226
38.29093,1,1534.782,779.0143,1535.999,780.5184
38.30141,1,1534.782,779.0143,1535.39,779.7664
38.31386,1,1532.914,776.5612,1534.152,778.1638
38.32414,1,1532.914,776.5612,1533.533,777.3625
38.33474,1,1532.914,776.5612,1533.224,776.9619
38.34726,1,1530.558,774.2987,1531.891,775.6303
38.35495,1,1530.558,774.2987,1531.224,774.9645
38.36858,1,1530.558,774.2987,1530.891,774.6316
38.37882,1,1528.169,771.8773,1529.53,773.2544
38.39108,1,1528.169,771.8773,1528.849,772.5658
38.40086,1,1525.964,769.3817,1527.407,770.9738
38.41547,1,1525.964,769.3817,1526.685,770.1777
38.42464,1,1525.964,769.3817,1526.325,769.7797
38.43445,1,1523.506,766.451,1524.916,768.1154
38.44646,1,1523.506,766.451,1524.211,767.2832
38.45592,1,1523.506,766.451,1523.859,766.8671
38.46755,1,1521.265,763.9594,1522.562,765.4133
38.47758,1,1521.265,763.9594,1521.913,764.6863
38.48927,1,1521.265,763.9594,1521.589,764.3229
38.49957,1,1518.876,761.5065,1520.233,762.9147
38.51186,1,1518.876,761.5065,1519.554,762.2106
38.52082,1,1518.876,761.5065,1519.215,761.8585
38.53204,1,1516.465,759.8116,1517.84,760.8351
38.54408,1,1516.465,759.8116,1517.152,760.3234
38.55347,1,1514.108,758.1725,1515.63,759.2479
38.56666,1,1514.108,758.1725,1514.869,758.7102
38.5776,1,1514.108,758.1725,1514.489,758.4413
38.58673,1,1512.052,756.6437,1513.271,757.5425
38.59837,1,1512.052,756.6437,1512.661,757.0931
38.60848,1,1512.052,756.6437,1512.357,756.8684
38.61831,1,1509.995,754.8615,1511.176,755.8649
38.63051,1,1509.995,754.8615,1510.585,755.3632
38.63899,1,1509.995,754.8615,1510.29,755.1123
38.66028,1,1507.889,753.6619,1509.09,754.3871
38.66663,1,1507.889,753.6619,1508.49,754.0245
38.67654,1,1506.499,752.1721,1507.494,753.0983
38.68774,1,1506.499,752.1721,1506.996,752.6352
38.69842,1,1506.499,752.1721,1506.748,752.4037
38.71106,1,1505.302,751.118,1506.025,751.7609
38.72086,1,1505.302,751.118,1505.664,751.4395
38.7322,1,1505.302,751.118,1505.483,751.2787
38.74442,1,1504.119,750.6845,1504.801,750.9816
38.75307,1,1504.119,750.6845,1504.46,750.833
38.76495,1,1502.653,750.0129,1503.557,750.423
38.77319,1,1502.653,750.0129,1503.105,750.218
38.78707,1,1502.653,750.0129,1502.879,750.1155
38.79789,1,1501.527,749.5507,1502.203,749.8331
38.81119,1,1501.527,749.5507,1501.865,749.6919
38.81801,1,1501.527,749.5507,1501.696,749.6213
38.83071,1,1500.306,749.1813,1501.001,749.4013
38.84045,1,1500.306,749.1813,1500.654,749.2913
38.8528,1,1500.306,749.1813,1500.48,749.2363
38.86452,1,1499.441,748.4739,1499.961,748.8551
38.87267,1,1499.441,748.4739,1499.701,748.6645
38.8856,1,1498.973,746.0746,1499.337,747.3695
38.8963,1,1498.973,746.0746,1499.155,746.722
38.90709,1,1498.973,746.0746,1499.064,746.3983
38.9174,1,1498.635,743.0807,1498.849,744.7395
38.93021,1,1498.635,743.0807,1498.742,743.9101
38.93984,1,1498.635,743.0807,1498.688,743.4954
38.95187,1,1498.263,740.5352,1498.476,742.0153
38.96316,1,1498.263,740.5352,1498.369,741.2752
38.97169,1,1498.263,740.5352,1498.316,740.9052
38.9843,1,1497.023,738.0991,1497.669,739.5021
38.99525,1,1497.023,738.0991,1497.346,738.8007
39.00624,1,1495.589,735.5374,1496.468,737.1691
39.01656,1,1495.589,735.5374,1496.029,736.3533
39.0296,1,1495.589,735.5374,1495.809,735.9453
39.03947,1,1494.136,733.1656,1494.972,734.5554
39.05032,1,1494.136,733.1656,1494.554,733.8605
39.06137,1,1494.136,733.1656,1494.345,733.5131
39.07107,1,1492.722,731.2053,1493.533,732.3591
39.08184,1,1492.722,731.2053,1493.127,731.7822
39.09357,1,1492.722,731.2053,1492.925,731.4938
39.10377,1,1491.396,729.3048,1492.16,730.3993
39.11451,1,1491.396,729.3048,1491.778,729.8521
39.12729,1,1490.189,727.8953,1490.984,728.8737
39.13729,1,1490.189,727.8953,1490.586,728.3845
39.14906,1,1490.189,727.8953,1490.388,728.1399
39.15925,1,1488.954,726.2704,1489.671,727.2051
39.17056,1,1488.954,726.2704,1489.313,726.7378
39.18115,1,1488.954,726.2704,1489.134,726.5041
39.19276,1,1487.628,724.2593,1488.381,725.3817
39.20319,1,1487.628,724.2593,1488.004,724.8206
39.21315,1,1487.628,724.2593,1487.816,724.5399
39.22483,1,1486.464,722.5941,1487.14,723.567
39.23469,1,1486.464,722.5941,1486.802,723.0806
39.24745,1,1484.994,720.8452,1485.898,721.9629
39.25638,1,1484.994,720.8452,1485.446,721.4041
39.26976,1,1484.994,720.8452,1485.22,721.1246
39.27995,1,1483.247,719.3563,1484.234,720.2405
39.29125,1,1483.247,719.3563,1483.741,719.7983
39.30085,1,1483.247,719.3563,1483.494,719.5773
39.31448,1,1481.857,717.6042,1482.676,718.5908
39.32455,1,1481.857,717.6042,1482.266,718.0975
39.33427,1,1481.857,717.6042,1482.062,717.8509
39.34697,1,1480.423,715.9427,1481.242,716.8969
39.3558,1,1480.423,715.9427,1480.833,716.4198
39.369,1,1478.322,713.9541,1479.578,715.187
39.37843,1,1478.322,713.9541,1478.95,714.5706
39.39012,1,1478.322,713.9541,1478.636,714.2623
39.39982,1,1476.006,711.3693,1477.321,712.8158
39.41217,1,1476.006,711.3693,1476.664,712.0925
39.42162,1,1476.006,711.3693,1476.335,711.731
39.43587,1,1473.579,709.233,1474.957,710.482
39.4484,1,1473.579,709.233,1474.268,709.8575
39.45669,1,1473.579,709.233,1473.924,709.5453
39.46944,1,1471.268,706.3145,1472.596,707.9299
39.48022,1,1471.268,706.3145,1471.932,707.1222
39.49313,1,1469.937,703.9028,1470.934,705.5125
39.50529,1,1469.937,703.9028,1470.436,704.7076
39.5146,1,1469.937,703.9028,1470.187,704.3052
39.52802,1,1467.927,702.1964,1469.057,703.2509
39.53744,1,1467.927,702.1964,1468.491,702.7236
39.5472,1,1467.927,702.1964,1468.209,702.46
39.56068,1,1464.949,699.767,1466.579,701.1135
39.57042,1,1464.949,699.767,1465.764,700.4403
39.58076,1,1461.451,696.3353,1463.607,698.3878
39.59351,1,1461.451,696.3353,1462.529,697.3616
39.60155,1,1461.451,696.3353,1461.99,696.8484
39.61313,1,1458.756,693.2231,1460.373,695.0358
39.62183,1,1458.756,693.2231,1459.564,694.1294
39.63475,1,1458.756,693.2231,1459.16,693.6763
39.64883,1,1455.669,690.2286,1457.415,691.9524
39.65693,1,1455.669,690.2286,1456.542,691.0905
39.66946,1,1453.033,687.2693,1454.787,689.1799
39.6796,1,1453.033,687.2693,1453.91,688.2246
39.69107,1,1453.033,687.2693,1453.472,687.7469
39.70043,1,1450.372,684.6853,1451.922,686.2161
39.71319,1,1450.372,684.6853,1451.147,685.4507
39.72476,1,1450.372,684.6853,1450.76,685.068
39.73539,1,1447.746,682.3683,1449.253,683.7181
39.74751,1,1447.746,682.3683,1448.5,683.0432
39.75728,1,1447.746,682.3683,1448.123,682.7058
39.76987,1,1445.091,680.3677,1446.607,681.5367
39.78018,1,1445.091,680.3677,1445.849,680.9522
39.79153,1,1443.03,678.4359,1444.439,679.694
39.80161,1,1443.03,678.4359,1443.734,679.0649
39.81517,1,1443.03,678.4359,1443.382,678.7504
39.82526,1,1441.251,676.818,1442.317,677.7842
39.83479,1,1441.251,676.818,1441.784,677.3011
39.84715,1,1441.251,676.818,1441.518,677.0596
39.8572,1,1440.204,676.1357,1440.861,676.5977
39.86889,1,1440.204,676.1357,1440.532,676.3667
39.87937,1,1440.204,676.1357,1440.368,676.2512
39.89,1,1438.965,675.3458,1439.667,675.7985
39.90084,1,1438.965,675.3458,1439.316,675.5721
39.91275,1,1437.571,673.9276,1438.444,674.7499
39.92146,1,1437.571,673.9276,1438.007,674.3387
39.93299,1,1437.571,673.9276,1437.789,674.1332
39.94716,1,1436.044,672.2809,1436.916,673.207
39.95654,1,1436.044,672.2809,1436.48,672.744
39.96807,1,1436.044,672.2809,1436.262,672.5125
39.97865,1,1434.231,670.4436,1435.246,671.478
39.99045,1,1434.231,670.4436,1434.739,670.9608
40.0007,1,1431.792,669.1218,1433.265,670.0413
40.0136,1,1431.792,669.1218,1432.529,669.5815
40.02438,1,1431.792,669.1218,1432.16,669.3517
40.03365,1,1429.718,667.5912,1430.939,668.4714
40.04575,1,1429.718,667.5912,1430.329,668.0313
40.05504,1,1429.718,667.5912,1430.024,667.8113
40.06725,1,1428.113,665.5627,1429.068,666.687
40.07762,1,1428.113,665.5627,1428.591,666.1249
40.08929,1,1428.113,665.5627,1428.352,665.8438
40.09984,1,1426.227,663.9915,1427.289,664.9177
40.11132,1,1426.227,663.9915,1426.758,664.4546
40.11955,1,1426.227,663.9915,1426.493,664.223
40.13191,1,1424.682,662.309,1425.588,663.266
40.14317,1,1424.682,662.309,1425.135,662.7875
40.1527,1,1422.626,660.7234,1423.88,661.7554
40.16474,1,1422.626,660.7234,1423.253,661.2394
40.1741,1,1422.626,660.7234,1422.94,660.9814
40.18655,1,1420.71,659.4707,1421.825,660.2261
40.19752,1,1420.71,659.4707,1421.267,659.8484
40.20985,1,1420.71,659.4707,1420.989,659.6595
40.22346,1,1419.165,657.8555,1420.077,658.7576
40.22979,1,1419.165,657.8555,1419.621,658.3065
40.23856,1,1419.165,657.8555,1419.393,658.0811
40.25186,1,1417.262,656.7139,1418.327,657.3975
40.26351,1,1417.262,656.7139,1417.795,657.0557
40.27249,1,1417.262,656.7139,1417.528,656.8848
40.28602,1,1415.641,655.2613,1416.585,656.073
40.2964,1,1415.641,655.2613,1416.113,655.6671
40.30995,1,1414.197,654.4596,1415.155,655.0634
40.32378,1,1414.197,654.4596,1414.676,654.7615
40.32997,1,1414.197,654.4596,1414.437,654.6105
40.34021,1,1413.134,653.8685,1413.785,654.2395
40.35243,1,1413.134,653.8685,1413.46,654.054
40.36343,1,1411.857,653.2421,1412.658,653.648
40.37363,1,1411.857,653.2421,1412.257,653.4451
40.38476,1,1411.857,653.2421,1412.057,653.3436
40.39523,1,1410.585,652.6979,1411.321,653.0208
40.40637,1,1410.585,652.6979,1410.953,652.8593
40.41649,1,1410.585,652.6979,1410.769,652.7786
40.43027,1,1409.411,652.4286,1410.09,652.6036
40.437,1,1409.411,652.4286,1409.751,652.5161
40.45008,1,1409.411,652.4286,1409.581,652.4724
40.46076,1,1408.211,651.766,1408.896,652.1192
40.47103,1,1408.211,651.766,1408.553,651.9426
40.48108,1,1408.211,651.766,1408.382,651.8543
40.49216,1,1407.551,652.6063,1407.967,652.2303
40.50178,1,1407.551,652.6063,1407.759,652.4183
40.51481,1,1407.421,655.0538,1407.59,653.736
40.52458,1,1407.421,655.0538,1407.505,654.3949
40.53445,1,1407.421,655.0538,1407.463,654.7244
40.54784,1,1407.516,658.7762,1407.49,656.7503
40.5568,1,1407.516,658.7762,1407.503,657.7633
40.57018,1,1407.516,658.7762,1407.51,658.2698
40.57964,1,1407.732,663.7866,1407.621,661.0282
40.58994,1,1407.732,663.7866,1407.676,662.4073
40.60095,1,1407.732,663.7866,1407.704,663.0969
40.61514,1,1407.46,669.7692,1407.582,666.4331
40.62419,1,1407.46,669.7692,1407.521,668.1012
40.63403,1,1407.46,669.7692,1407.49,668.9352
40.64671,1,1407.139,675.6576,1407.315,672.2964
40.65594,1,1407.139,675.6576,1407.227,673.977
40.66891,1,1407.403,680.1878,1407.315,677.0824
40.67969,1,1407.403,680.1878,1407.359,678.6351
40.69157,1,1407.403,680.1878,1407.381,679.4115
40.70056,1,1407.581,685.092,1407.481,682.2518
40.71375,1,1407.581,685.092,1407.531,683.6719
40.72639,1,1407.83,688.8792,1407.681,686.2755
40.73778,1,1407.83,688.8792,1407.755,687.5773
40.74744,1,1407.83,688.8792,1407.793,688.2283
40.75742,1,1409.072,691.806,1408.432,690.0172
40.7775,1,1409.072,691.806,1408.752,690.9116
40.78642,1,1409.494,694.6688,1409.123,692.7902
40.81185,1,1409.494,694.6688,1409.309,693.7295
40.82017,1,1410.653,697.1505,1409.981,695.4399
40.82954,1,1410.653,697.1505,1410.317,696.2952
40.83895,1,1410.653,697.1505,1410.485,696.7228
40.85225,1,1412.457,698.9916,1411.471,697.8572
40.86366,1,1412.457,698.9916,1411.964,698.4244
40.87225,1,1412.457,698.9916,1412.21,698.708
40.88463,1,1413.906,700.8577,1413.058,699.7828
40.89685,1,1413.906,700.8577,1413.482,700.3203
40.90571,1,1413.906,700.8577,1413.694,700.589
40.91508,1,1414.594,702.7926,1414.144,701.6908
40.92859,1,1414.594,702.7926,1414.369,702.2417
40.9363,1,1414.594,702.7926,1414.481,702.5172
40.95111,1,1415.792,704.5262,1415.136,703.5217
40.96365,1,1415.792,704.5262,1415.464,704.0239
40.96969,1,1416.599,706.5389,1416.031,705.2814
40.98127,1,1416.599,706.5389,1416.315,705.9102
40.99601,1,1416.599,706.5389,1416.457,706.2245
41.00414,1,1376.418,721.8292,1396.437,714.0269
41.01484,1,1376.418,721.8292,1386.427,717.928
41.03039,1,1196.818,769.9816,1291.623,743.9548
41.03718,1,1196.818,769.9816,1244.22,756.9681
41.05006,1,1196.818,769.9816,1220.519,763.4749
41.06089,1,1001.691,818.6064,1111.105,791.0406
41.07236,1,1001.691,818.6064,1056.398,804.8235
41.08344,1,1001.691,818.6064,1029.044,811.715
41.0938,1,888.7197,849.3712,958.8821,830.5431
41.10547,1,888.7197,849.3712,923.8009,839.9572
41.1171,1,888.7197,849.3712,906.2603,844.6642
41.13016,1,831.7125,863.9882,868.9865,854.3262
41.13846,1,831.7125,863.9882,850.3495,859.1572
41.15114,1,802.3274,872.0207,826.3384,865.5889
41.16164,1,802.3274,872.0207,814.3329,868.8048
41.17223,1,802.3274,872.0207,808.3301,870.4127
41.18444,1,786.5773,876.4384,797.4537,873.4255
41.19473,1,786.5773,876.4384,792.0155,874.932
41.20528,1,786.5773,876.4384,789.2964,875.6852
41.21506,1,795.0938,883.1866,792.1951,879.4359
41.23927,1,795.0938,883.1866,793.6444,881.3113
41.24522,1,806.1742,887.18,799.9093,884.2456
41.2508,1,806.1742,887.18,803.0417,885.7128
41.26434,1,806.1742,887.18,804.608,886.4464
41.27504,1,831.5916,888.6667,818.0997,887.5565
41.28577,1,831.5916,888.6667,824.8456,888.1116
41.29575,1,831.5916,888.6667,828.2186,888.3892
41.30667,1,871.3497,885.7354,849.7842,887.0623
41.31668,1,871.3497,885.7354,860.5669,886.3988
41.32976,1,871.3497,885.7354,865.9583,886.0671
41.33833,1,974.049,871.4789,920.0037,878.773
41.35116,1,974.049,871.4789,947.0264,875.126
41.36418,1,1142.272,845.3885,1044.649,860.2572
41.37215,1,1142.272,845.3885,1093.461,852.8229
41.38409,1,1142.272,845.3885,1117.867,849.1057
41.39491,1,1268.71,825.1267,1193.289,837.1162
41.40739,1,1268.71,825.1267,1231,831.1215
41.41716,1,1268.71,825.1267,1249.855,828.1241
41.43168,1,1344.763,812.3184,1297.309,820.2212
41.43745,1,1344.763,812.3184,1321.036,816.2698
41.45225,1,1387.19,806.2083,1354.113,811.239
41.46355,1,1387.19,806.2083,1370.652,808.7236
41.47312,1,1387.19,806.2083,1378.921,807.4659
41.48603,1,1411.173,802.4877,1395.047,804.9768
41.49593,1,1411.173,802.4877,1403.11,803.7322
41.50934,1,1411.173,802.4877,1407.141,803.11
41.51832,1,1439.393,798.902,1423.267,801.006
41.53114,1,1439.393,798.902,1431.33,799.954
41.54057,1,1439.393,798.902,1435.362,799.428
41.55386,1,1466.432,792.0574,1450.897,795.7427
41.56879,1,1466.432,792.0574,1458.664,793.9
41.58624,1,1482.1,788.2902,1470.382,791.0951
41.59241,1,1482.1,788.2902,1476.241,789.6926
41.59936,1,1482.1,788.2902,1479.17,788.9915
41.6125,1,1493.264,787.4774,1486.217,788.2344
41.62073,1,1493.264,787.4774,1489.741,787.8558
41.63441,1,1501.241,787.5682,1495.491,787.712
41.64506,1,1501.241,787.5682,1498.366,787.6401
41.65356,1,1501.241,787.5682,1499.804,787.6042
41.66731,1,1507.37,787.9691,1503.587,787.7866
41.67977,1,1507.37,787.9691,1505.479,787.8779
41.6892,1,1507.37,787.9691,1506.424,787.9235
41.69923,1,1512.643,788.7392,1509.533,788.3313
41.7121,1,1512.643,788.7392,1511.088,788.5353
41.72043,1,1512.643,788.7392,1511.865,788.6372
41.73252,1,1516.934,789.7013,1514.4,789.1693
41.74452,1,1516.934,789.7013,1515.667,789.4353
41.75315,1,1520.814,791.3835,1518.241,790.4094
41.76594,1,1520.814,791.3835,1519.527,790.8965
41.77631,1,1520.814,791.3835,1520.171,791.14
41.78863,1,1523.691,792.7675,1521.931,791.9537
41.79881,1,1523.691,792.7675,1522.811,792.3606
41.81034,1,1523.691,792.7675,1523.251,792.5641
41.81908,1,1526.383,794.0538,1524.817,793.309
41.83228,1,1526.383,794.0538,1525.6,793.6814
41.84061,1,1526.383,794.0538,1525.991,793.8676
41.85309,1,1528.524,795.0511,1527.258,794.4594
41.86456,1,1528.524,795.0511,1527.891,794.7552
41.87318,1,1528.524,795.0511,1528.208,794.9032
41.88688,1,1530.9,796.5336,1529.554,795.7184
41.8968,1,1530.9,796.5336,1530.227,796.126
41.90854,1,1532.994,797.5218,1531.61,796.8239
41.91853,1,1532.994,797.5218,1532.302,797.1729
41.93078,1,1532.994,797.5218,1532.648,797.3473
41.94016,1,1534.985,799.273,1533.816,798.3102
41.95348,1,1534.985,799.273,1534.401,798.7916
41.96184,1,1534.985,799.273,1534.693,799.0323
41.97481,1,1536.942,801.685,1535.817,800.3586
41.98547,1,1536.942,801.685,1536.379,801.0219
41.99551,1,1539.343,803.6382,1537.861,802.33
42.00754,1,1539.343,803.6382,1538.602,802.9841
42.01725,1,1539.343,803.6382,1538.973,803.3112
42.02969,1,1540.961,805.5623,1539.967,804.4368
42.03798,1,1540.961,805.5623,1540.464,804.9995
42.05025,1,1540.961,805.5623,1540.713,805.2809
42.0614,1,1542.8,808.0856,1541.756,806.6832
42.0724,1,1542.8,808.0856,1542.278,807.3844
42.08611,1,1545.087,810.4399,1543.682,808.9121
42.09531,1,1545.087,810.4399,1544.385,809.676
42.10707,1,1545.087,810.4399,1544.736,810.058
42.11706,1,1547.368,812.3627,1546.052,811.2103
42.12945,1,1547.368,812.3627,1546.71,811.7865
42.13844,1,1547.368,812.3627,1547.039,812.0746
42.15308,1,1549.516,814.23,1548.277,813.1523
42.16384,1,1549.516,814.23,1548.896,813.6912
42.17305,1,1549.516,814.23,1549.206,813.9606
42.18456,1,1551.616,816.8339,1550.411,815.3972
42.19434,1,1551.616,816.8339,1551.014,816.1155
42.20638,1,1553.766,819.0285,1552.39,817.572
42.21753,1,1553.766,819.0285,1553.078,818.3003
42.23064,1,1553.766,819.0285,1553.422,818.6644
42.24068,1,1555.492,819.9013,1554.457,819.2828
42.25244,1,1555.492,819.9013,1554.974,819.592
42.26448,1,1555.492,819.9013,1555.233,819.7467
42.27367,1,1557.373,820.9947,1556.303,820.3707
42.285,1,1557.373,820.9947,1556.838,820.6827
42.29559,1,1557.373,820.9947,1557.106,820.8387
42.30693,1,1558.738,822.071,1557.922,821.4549
42.31631,1,1558.738,822.071,1558.33,821.7629
42.3288,1,1560.863,825.3307,1559.596,823.5468
42.33816,1,1560.863,825.3307,1560.23,824.4387
42.35077,1,1560.863,825.3307,1560.546,824.8847
42.36327,1,1563.253,828.6068,1561.9,826.7457
42.37292,1,1563.253,828.6068,1562.577,827.6763
42.38526,1,1563.253,828.6068,1562.915,828.1415
42.39658,1,1565.852,831.4546,1564.383,829.798
42.40908,1,1565.852,831.4546,1565.118,830.6263
42.4177,1,1568.272,834.5839,1566.695,832.6051
42.43024,1,1568.272,834.5839,1567.484,833.5945
42.43982,1,1568.272,834.5839,1567.878,834.0892
42.45221,1,1571.573,838.2072,1569.725,836.1482
42.46412,1,1571.573,838.2072,1570.649,837.1777
42.4733,1,1571.573,838.2072,1571.111,837.6925
42.48468,1,1574.833,841.3668,1572.972,839.5297
42.49601,1,1574.833,841.3668,1573.903,840.4482
42.50791,1,1578.067,844.9205,1575.985,842.6844
42.51851,1,1578.067,844.9205,1577.026,843.8025
42.53052,1,1578.067,844.9205,1577.546,844.3615
42.54391,1,1581.304,848.8149,1579.425,846.5882
42.55242,1,1581.304,848.8149,1580.365,847.7015
42.56631,1,1581.304,848.8149,1580.834,848.2582
42.57727,1,1583.523,853.7789,1582.178,851.0186
42.58776,1,1583.523,853.7789,1582.851,852.3987
42.5976,1,1583.523,853.7789,1583.187,853.0887
42.61007,1,1586.896,857.7232,1585.041,855.406
42.61823,1,1586.896,857.7232,1585.968,856.5646
42.63176,1,1589.484,861.1819,1587.726,858.8732
42.64164,1,1589.484,861.1819,1588.605,860.0276
42.65201,1,1589.484,861.1819,1589.044,860.6047
42.6632,1,1590.746,866.0811,1589.895,863.3429
42.67239,1,1590.746,866.0811,1590.321,864.712
42.68475,1,1590.746,866.0811,1590.533,865.3965
42.69412,1,1593.546,868.952,1592.04,867.1743
42.70623,1,1593.546,868.952,1592.793,868.0631
42.71411,1,1593.546,868.952,1593.17,868.5076
42.72759,1,1594.168,870.2584,1593.669,869.3829
42.73476,1,1594.168,870.2584,1593.918,869.8207
42.7477,1,1594.168,870.2584,1594.043,870.0396
42.75932,1,1591.518,868.9869,1592.781,869.5132
42.7736,1,1591.518,868.9869,1592.15,869.25
42.78119,1,1589.997,868.0871,1591.073,868.6686
42.79455,1,1589.997,868.0871,1590.535,868.3778
42.80457,1,1589.997,868.0871,1590.266,868.2324
42.82626,1,1588.633,867.488,1589.45,867.8602
42.83171,1,1588.633,867.488,1589.041,867.6741
42.84414,1,1587.725,866.9793,1588.383,867.3267
42.85376,1,1587.725,866.9793,1588.054,867.153
42.8667,1,1587.725,866.9793,1587.89,867.0662
42.87663,1,1587.235,866.5743,1587.562,866.8203
42.88754,1,1587.235,866.5743,1587.399,866.6973
42.89724,1,1587.235,866.5743,1587.317,866.6358
42.90975,1,1586.67,866.2024,1586.994,866.4191
42.91897,1,1586.67,866.2024,1586.832,866.3107
42.92982,1,1586.67,866.2024,1586.751,866.2566
42.93962,1,1586.014,865.7355,1586.383,865.996
42.95366,1,1586.014,865.7355,1586.198,865.8657
42.96433,1,1585.33,864.9705,1585.764,865.4181
42.97288,1,1585.33,864.9705,1585.547,865.1943
42.98447,1,1585.33,864.9705,1585.438,865.0824
42.99564,1,1584.343,864.0827,1584.891,864.5825
43.00669,1,1584.343,864.0827,1584.617,864.3326
43.01663,1,1584.343,864.0827,1584.48,864.2076
43.02943,1,1582.845,862.7051,1583.663,863.4564
43.0396,1,1582.845,862.7051,1583.254,863.0808
43.05064,1,1582.845,862.7051,1583.05,862.8929
43.06037,1,1580.857,860.9953,1581.953,861.9441
43.07223,1,1580.857,860.9953,1581.405,861.4697
43.09927,1,1578.687,858.92,1580.046,860.1949
43.10573,1,1578.687,858.92,1579.366,859.5575
43.11221,1,1578.687,858.92,1579.026,859.2388
43.12181,1,1576.214,856.8216,1577.62,858.0302
43.13434,1,1576.214,856.8216,1576.917,857.4259
43.14622,1,1573.53,854.6125,1575.223,856.0192
43.15497,1,1573.53,854.6125,1574.376,855.3158
43.16761,1,1573.53,854.6125,1573.953,854.9641
43.17833,1,1570.337,852.0671,1572.145,853.5156
43.18826,1,1570.337,852.0671,1571.241,852.7914
43.19849,1,1570.337,852.0671,1570.789,852.4292
43.21089,1,1566.686,849.1199,1568.737,850.7745
43.22103,1,1566.686,849.1199,1567.711,849.9473
43.23261,1,1566.686,849.1199,1567.198,849.5336
43.24522,1,1563.507,846.1092,1565.353,847.8214
43.25315,1,1563.507,846.1092,1564.43,846.9653
43.26624,1,1560.409,843.3751,1562.419,845.1702
43.27547,1,1560.409,843.3751,1561.414,844.2727
43.2862,1,1560.409,843.3751,1560.911,843.8239
43.29755,1,1557.318,841.222,1559.115,842.5229
43.30942,1,1557.318,841.222,1558.216,841.8725
43.31773,1,1557.318,841.222,1557.767,841.5472
43.32995,1,1554.527,839.0688,1556.147,840.308
43.33936,1,1554.527,839.0688,1555.337,839.6884
43.35178,1,1554.527,839.0688,1554.932,839.3785
43.36387,1,1552.063,837.1917,1553.498,838.2852
43.37208,1,1552.063,837.1917,1552.781,837.7384
43.38494,1,1549.756,835.6699,1551.268,836.7041
43.39593,1,1549.756,835.6699,1550.512,836.187
43.40738,1,1549.756,835.6699,1550.134,835.9285
43.4173,1,1547.364,834.2221,1548.749,835.0753
43.43065,1,1547.364,834.2221,1548.056,834.6487
43.44637,1,1545.208,833.1478,1546.632,833.8983
43.45594,1,1545.208,833.1478,1545.92,833.5231
43.46825,1,1545.208,833.1478,1545.564,833.3354
43.47628,1,1543.012,831.6989,1544.288,832.5172
43.48725,1,1543.012,831.6989,1543.65,832.108
43.49663,1,1543.012,831.6989,1543.331,831.9034
43.51109,1,1540.589,830.2524,1541.96,831.0779
43.51945,1,1540.589,830.2524,1541.275,830.6652
43.53105,1,1540.589,830.2524,1540.932,830.4587
43.54326,1,1538.037,828.3969,1539.485,829.4279
43.55345,1,1538.037,828.3969,1538.761,828.9124
43.56564,1,1535.531,826.981,1537.146,827.9467
43.57628,1,1535.531,826.981,1536.338,827.4638
43.59088,1,1535.531,826.981,1535.935,827.2224
43.60117,1,1532.953,825.2733,1534.444,826.2478
43.61056,1,1532.953,825.2733,1533.698,825.7605
43.61842,1,1532.953,825.2733,1533.325,825.5168
43.63082,1,1531.304,823.5217,1532.315,824.5193
43.63943,1,1531.304,823.5217,1531.809,824.0205
43.65213,1,1531.304,823.5217,1531.557,823.7711
43.66354,1,1529.387,822.1992,1530.472,822.9851
43.67329,1,1529.387,822.1992,1529.93,822.5922
43.68505,1,1529.387,822.1992,1529.658,822.3956
43.69567,1,1527.194,821.4161,1528.426,821.9059
43.70697,1,1527.194,821.4161,1527.81,821.661
43.71769,1,1525.676,820.5518,1526.743,821.1064
43.72965,1,1525.676,820.5518,1526.21,820.8291
43.73917,1,1525.676,820.5518,1525.943,820.6904
43.75117,1,1531.043,820.4052,1528.493,820.5479
43.7616,1,1531.043,820.4052,1529.768,820.4766
43.77519,1,1531.043,820.4052,1530.405,820.4409
43.78755,1,1538.196,820.0479,1534.301,820.2444
43.79781,1,1538.196,820.0479,1536.248,820.1461
43.81025,1,1546.649,819.7527,1541.449,819.9494
43.81891,1,1546.649,819.7527,1544.049,819.8511
43.83059,1,1546.649,819.7527,1545.349,819.8019
43.84104,1,1556.964,820.151,1551.157,819.9764
43.85157,1,1556.964,820.151,1554.061,820.0637
43.86314,1,1556.964,820.151,1555.513,820.1074
43.87188,1,1566.796,820.2272,1561.154,820.1673
43.88527,1,1566.796,820.2272,1563.975,820.1973
43.89436,1,1566.796,820.2272,1565.385,820.2123
43.90594,1,1575.674,820.673,1570.53,820.4426
43.91525,1,1575.674,820.673,1573.102,820.5578
43.92738,1,1575.674,820.673,1574.388,820.6154
43.93587,1,1583.171,820.6619,1578.779,820.6386
43.94831,1,1583.171,820.6619,1580.975,820.6503
43.9593,1,1589.788,821.0767,1585.382,820.8635
43.9705,1,1589.788,821.0767,1587.585,820.9701
43.98109,1,1589.788,821.0767,1588.687,821.0234
43.99302,1,1595.903,821.178,1592.295,821.1007
44.00166,1,1595.903,821.178,1594.099,821.1394
44.01429,1,1595.903,821.178,1595.001,821.1587
44.0237,1,1601.077,821.5976,1598.039,821.3782
44.03409,1,1601.077,821.5976,1599.558,821.4879
44.04722,1,1601.077,821.5976,1600.317,821.5427
44.05615,1,1605.006,821.5638,1602.661,821.5532
44.06833,1,1605.006,821.5638,1603.833,821.5585
44.07895,1,1605.006,821.5638,1604.42,821.5612
44.09178,1,1609.009,821.9554,1606.714,821.7583
44.09982,1,1609.009,821.9554,1607.862,821.8569
44.11241,1,1612.723,822.3673,1610.292,822.1121
44.12435,1,1612.723,822.3673,1611.508,822.2397
44.13309,1,1612.723,822.3673,1612.115,822.3035
44.14587,1,1615.53,823.1041,1613.823,822.7037
44.15529,1,1615.53,823.1041,1614.676,822.9039
44.16754,1,1615.53,823.1041,1615.103,823.004
44.17784,1,1617.991,823.8388,1616.547,823.4214
44.18868,1,1617.991,823.8388,1617.269,823.6301
44.19884,1,1617.991,823.8388,1617.63,823.7345
44.21059,1,1620.262,824.2678,1618.946,824.0011
44.21959,1,1620.262,824.2678,1619.604,824.1344
44.23119,1,1622.038,824.223,1620.821,824.1787
44.2435,1,1622.038,824.223,1621.429,824.2008
44.25291,1,1622.038,824.223,1621.734,824.2119
44.26647,1,1623.751,824.5,1622.742,824.356
44.2774,1,1623.751,824.5,1623.247,824.428
44.28786,1,1623.751,824.5,1623.499,824.464
44.29867,1,1625.327,824.9789,1624.413,824.7214
44.31123,1,1625.327,824.9789,1624.87,824.8502
44.32066,1,1625.327,824.9789,1625.098,824.9146
44.33311,1,1626.286,825.2891,1625.692,825.1018
44.34453,1,1626.286,825.2891,1625.989,825.1954
44.354,1,1627.122,825.6829,1626.555,825.4392
44.36584,1,1627.122,825.6829,1626.839,825.561
44.37701,1,1627.122,825.6829,1626.98,825.6219
44.38908,1,1628.029,826.2237,1627.505,825.9229
44.3998,1,1628.029,826.2237,1627.767,826.0732
44.41316,1,1628.837,826.4633,1628.302,826.2683
44.4233,1,1628.837,826.4633,1628.569,826.3658
44.43331,1,1628.837,826.4633,1628.703,826.4146
44.44606,1,1629.744,826.9376,1629.224,826.6761
44.45602,1,1629.744,826.9376,1629.484,826.8069
44.46749,1,1629.744,826.9376,1629.614,826.8723
44.47752,1,1630.575,827.52,1630.095,827.1961
44.48901,1,1630.575,827.52,1630.335,827.358
44.50053,1,1630.575,827.52,1630.455,827.439
44.51274,1,1631.533,828.1676,1630.994,827.8033
44.52144,1,1631.533,828.1676,1631.264,827.9855
44.53383,1,1632.19,828.8032,1631.727,828.3943
44.54488,1,1632.19,828.8032,1631.958,828.5988
44.55458,1,1632.19,828.8032,1632.074,828.701
44.56708,1,1632.707,829.2319,1632.391,828.9664
44.57755,1,1632.707,829.2319,1632.549,829.0992
44.59858,1,1606.788,809.411,1619.669,819.2551
44.6071,1,1606.788,809.411,1613.229,814.3331
44.6134,1,1606.788,809.411,1610.009,811.8721
44.62344,1,1416.481,653.7569,1513.245,732.8145
44.63155,1,1416.481,653.7569,1464.863,693.2856
44.64352,1,1416.481,653.7569,1440.672,673.5212
44.6521,1,1416.481,653.7569,1428.577,663.639
44.66524,1,1211.959,473.9829,1320.268,568.811
44.67589,1,1211.959,473.9829,1266.113,521.397
44.68626,1,1111.428,382.4833,1188.771,451.9402
44.69708,1,1111.428,382.4833,1150.099,417.2117
44.71029,1,1111.428,382.4833,1130.764,399.8475
44.72186,1,1067.174,341.6327,1098.969,370.7401
44.73141,1,1067.174,341.6327,1083.071,356.1864
44.73994,1,1067.174,341.6327,1075.123,348.9095
44.75517,1,1049.261,326.8739,1062.192,337.8917
44.76561,1,1049.261,326.8739,1055.726,332.3828
44.77732,1,1042.124,321.2611,1048.925,326.822
44.78782,1,1042.124,321.2611,1045.525,324.0415
44.79797,1,1042.124,321.2611,1043.824,322.6513
44.81149,1,1038.205,318.4493,1041.015,320.5503
44.81976,1,1038.205,318.4493,1039.61,319.4998
44.83269,1,1038.205,318.4493,1038.907,318.9745
44.84497,1,1052.574,334.4316,1045.74,326.7031
44.85227,1,1052.574,334.4316,1049.157,330.5674
44.86528,1,1087.939,374.3303,1068.548,352.4488
44.87699,1,1087.939,374.3303,1078.243,363.3895
44.88677,1,1087.939,374.3303,1083.091,368.8599
44.89778,1,1244.035,517.5502,1163.563,443.205
44.91098,1,1244.035,517.5502,1203.799,480.3776
44.91901,1,1244.035,517.5502,1223.917,498.9639
44.93123,1,1421.001,675.0375,1322.459,587.0007
44.94415,1,1421.001,675.0375,1371.73,631.0192
44.95027,1,1421.001,675.0375,1396.365,653.0283
44.96139,1,1511.384,756.8085,1453.875,704.9185
44.97205,1,1511.384,756.8085,1482.629,730.8635
44.98297,1,1511.384,756.8085,1497.006,743.8361
44.99725,1,1553.666,795.2881,1525.336,769.5621
45.00645,1,1553.666,795.2881,1539.501,782.425
45.01688,1,1574.069,814.0077,1556.785,798.2164
45.0305,1,1574.069,814.0077,1565.427,806.1121
45.04156,1,1574.069,814.0077,1569.748,810.0599
45.05344,1,1584.571,822.5386,1577.16,816.2993
45.06343,1,1584.571,822.5386,1580.866,819.4189
45.07377,1,1584.571,822.5386,1582.719,820.9788
45.08694,1,1597.949,821.9556,1590.334,821.4672
45.09697,1,1597.949,821.9556,1594.142,821.7114
45.10907,1,1612.391,817.0947,1603.266,819.4031
45.11753,1,1612.391,817.0947,1607.828,818.2489
45.13036,1,1612.391,817.0947,1610.11,817.6718
45.13868,1,1619.686,811.519,1614.898,814.5954
45.15038,1,1619.686,811.519,1617.292,813.0572
45.16342,1,1619.686,811.519,1618.489,812.2881
45.17358,1,1622.945,808.0717,1620.717,810.1799
45.18295,1,1622.945,808.0717,1621.831,809.1257
45.1945,1,1622.945,808.0717,1622.388,808.5987
45.2063,1,1625.093,805.937,1623.741,807.2678
45.21727,1,1625.093,805.937,1624.417,806.6024
45.22899,1,1625.491,804.2416,1624.954,805.422
45.23806,1,1625.491,804.2416,1625.222,804.8318
45.24947,1,1625.491,804.2416,1625.357,804.5367
45.25962,1,1625.444,802.2468,1625.4,803.3917
45.27114,1,1625.444,802.2468,1625.422,802.8193
45.28088,1,1625.444,802.2468,1625.433,802.5331
45.29306,1,1625.085,800.35,1625.259,801.4415
45.30293,1,1625.085,800.35,1625.172,800.8958
45.31465,1,1625.085,800.35,1625.128,800.6229
45.3287,1,1625.241,799.254,1625.185,799.9385
45.33575,1,1625.241,799.254,1625.213,799.5963
45.34959,1,1625.341,798.3738,1625.277,798.985
45.35895,1,1625.341,798.3738,1625.309,798.6794
45.36974,1,1625.341,798.3738,1625.325,798.5266
45.37984,1,1625.263,797.8911,1625.294,798.2089
45.39217,1,1625.263,797.8911,1625.279,798.0499
45.40293,1,1625.263,797.8911,1625.271,797.9705
45.41349,1,1624.916,797.4857,1625.093,797.7281
45.42643,1,1624.916,797.4857,1625.005,797.6069
45.43518,1,1624.916,797.4857,1624.96,797.5463
45.44689,1,1624.641,797.2037,1624.801,797.375
45.45727,1,1624.641,797.2037,1624.721,797.2893
45.46903,1,1624.407,797.0397,1624.564,797.1645
45.48077,1,1624.407,797.0397,1624.486,797.1021
45.49325,1,1624.407,797.0397,1624.446,797.0709
45.50313,1,1624,796.7762,1624.223,796.9236
45.51218,1,1624,796.7762,1624.112,796.8499
45.52348,1,1624,796.7762,1624.056,796.8131
45.53358,1,1623.4,796.4189,1623.728,796.616
45.54601,1,1623.4,796.4189,1623.564,796.5175
45.55501,1,1623.4,796.4189,1623.482,796.4682
45.56649,1,1622.867,796.1299,1623.174,796.2991
45.57703,1,1622.867,796.1299,1623.021,796.2145
45.58805,1,1622.867,796.1299,1622.944,796.1722
45.61372,1,1620.765,795.4877,1621.854,795.83
45.62009,1,1619.266,794.7195,1620.56,795.2748
45.63117,1,1619.266,794.7195,1619.913,794.9972
45.63884,1,1619.266,794.7195,1619.589,794.8584
45.65096,1,1617.97,793.913,1618.78,794.3857
45.66309,1,1617.97,793.913,1618.375,794.1493
45.67126,1,1617.97,793.913,1618.173,794.0311
45.6845,1,1616.523,792.835,1617.348,793.433
45.69454,1,1616.523,792.835,1616.936,793.134
45.70547,1,1616.523,792.835,1616.729,792.9845
45.71647,1,1614.803,791.6555,1615.766,792.3199
45.72993,1,1614.803,791.6555,1615.284,791.9877
45.73804,1,1614.803,791.6555,1615.043,791.8215
45.75302,1,1612.434,790.492,1613.739,791.1567
45.76181,1,1612.434,790.492,1613.086,790.8243
45.77242,1,1610.138,789.0312,1611.612,789.9277
45.7832,1,1610.138,789.0312,1610.875,789.4795
45.79385,1,1610.138,789.0312,1610.507,789.2554
45.8043,1,1607.926,787.8943,1609.217,788.5748
45.81403,1,1607.926,787.8943,1608.572,788.2346
45.82665,1,1607.926,787.8943,1608.249,788.0645
45.83765,1,1605.975,786.6693,1607.112,787.3668
45.84996,1,1605.975,786.6693,1606.544,787.0181
45.85992,1,1605.975,786.6693,1606.26,786.8436
45.87073,1,1603.997,785.1626,1605.128,786.0031
45.88151,1,1603.997,785.1626,1604.563,785.5829
45.89439,1,1602.203,783.9089,1603.383,784.7459
45.90406,1,1602.203,783.9089,1602.793,784.3274
45.91512,1,1602.203,783.9089,1602.498,784.1182
45.92715,1,1600.753,782.7346,1601.626,783.4264
45.936,1,1600.753,782.7346,1601.189,783.0805
45.94851,1,1600.753,782.7346,1600.971,782.9076
45.95875,1,1599.08,781.1517,1600.026,782.0297
45.97114,1,1599.08,781.1517,1599.553,781.5907
45.97946,1,1599.08,781.1517,1599.316,781.3712
45.99186,1,1597.509,779.3604,1598.413,780.3658
46.00352,1,1597.509,779.3604,1597.961,779.863
46.01495,1,1596.104,777.8878,1597.032,778.8754
46.0275,1,1596.104,777.8878,1596.568,778.3816
46.0353,1,1596.104,777.8878,1596.336,778.1346
46.04675,1,1594.683,776.0621,1595.51,777.0984
46.05657,1,1594.683,776.0621,1595.096,776.5803
46.06818,1,1594.683,776.0621,1594.89,776.3212
46.07868,1,1593.097,774.4672,1593.993,775.3942
46.09055,1,1593.097,774.4672,1593.545,774.9307
46.10064,1,1593.097,774.4672,1593.321,774.699
46.11378,1,1591.198,772.5026,1592.26,773.6008
46.12276,1,1591.198,772.5026,1591.729,773.0518
46.13364,1,1589.185,770.7833,1590.457,771.9175
46.14605,1,1589.185,770.7833,1589.821,771.3503
46.15573,1,1589.185,770.7833,1589.503,771.0668
46.1674,1,1586.831,769.3735,1588.167,770.2202
46.17731,1,1586.831,769.3735,1587.499,769.7969
46.18855,1,1586.831,769.3735,1587.165,769.5852
46.19925,1,1584.158,767.4992,1585.662,768.5422
46.21252,1,1584.158,767.4992,1584.91,768.0208
46.21996,1,1584.158,767.4992,1584.534,767.76
46.23235,1,1581.775,765.0334,1583.155,766.3967
46.24414,1,1581.775,765.0334,1582.465,765.7151
46.25311,1,1581.775,765.0334,1582.12,765.3743
46.26759,1,1578.64,762.3896,1580.38,763.882
46.27708,1,1578.64,762.3896,1579.51,763.1358
46.28793,1,1577.417,757.8332,1578.464,760.4845
46.29949,1,1577.417,757.8332,1577.94,759.1588
46.31349,1,1577.417,757.8332,1577.679,758.496
46.32375,1,1576.595,755.0821,1577.137,756.7891
46.34102,1,1576.595,755.0821,1576.866,755.9355
46.35237,1,1574.157,751.9745,1575.512,753.9551
46.36392,1,1574.157,751.9745,1574.834,752.9648
46.37251,1,1574.157,751.9745,1574.496,752.4697
46.3839,1,1571.102,749.4318,1572.799,750.9508
46.39476,1,1571.102,749.4318,1571.95,750.1913
46.40675,1,1568.472,746.0369,1570.211,748.1141
46.41688,1,1568.472,746.0369,1569.342,747.0754
46.43001,1,1568.472,746.0369,1568.907,746.5562
46.43806,1,1565.703,742.7449,1567.305,744.6505
46.45024,1,1565.703,742.7449,1566.504,743.6978
46.46046,1,1565.703,742.7449,1566.104,743.2213
46.4709,1,1563.328,739.8663,1564.716,741.5438
46.48117,1,1563.328,739.8663,1564.022,740.7051
46.49361,1,1563.328,739.8663,1563.675,740.2857
46.50372,1,1560.648,737.0886,1562.162,738.6871
46.51416,1,1560.648,737.0886,1561.405,737.8878
46.52716,1,1558.352,734.5552,1559.878,736.2216
46.53683,1,1558.352,734.5552,1559.115,735.3884
46.54865,1,1558.352,734.5552,1558.733,734.9718
46.55831,1,1556.249,732.4014,1557.491,733.6866
46.56921,1,1556.249,732.4014,1556.87,733.0439
46.58092,1,1556.249,732.4014,1556.56,732.7227
46.59351,1,1554.802,730.2317,1555.681,731.4772
46.60323,1,1554.802,730.2317,1555.242,730.8544
46.61325,1,1554.802,730.2317,1555.022,730.5431
46.62417,1,1553.77,729.2788,1554.396,729.9109
46.63462,1,1553.77,729.2788,1554.083,729.5948
46.6476,1,1552.856,727.9012,1553.469,728.748
46.66327,1,1552.856,727.9012,1553.163,728.3246
46.6725,1,1552.856,727.9012,1553.01,728.1129
46.6848,1,1550.846,725.9566,1551.928,727.0348
46.69366,1,1550.846,725.9566,1551.387,726.4957
46.70387,1,1550.846,725.9566,1551.117,726.2262
46.7142,1,1549.052,724.5888,1550.084,725.4075
46.72649,1,1549.052,724.5888,1549.568,724.9982
46.73548,1,1549.052,724.5888,1549.31,724.7935
46.747,1,1547.198,723.9668,1548.254,724.3801
46.75629,1,1547.198,723.9668,1547.726,724.1735
46.76878,1,1545.179,722.846,1546.452,723.5098
46.77864,1,1545.179,722.846,1545.816,723.1779
46.79191,1,1545.179,722.846,1545.498,723.012
46.80016,1,1542.557,719.1688,1544.027,721.0903
46.81619,1,1542.557,719.1688,1543.292,720.1295
46.8306,1,1537.114,713.1443,1540.203,716.637
46.83808,1,1537.114,713.1443,1538.659,714.8906
46.84673,1,1537.114,713.1443,1537.886,714.0175
46.85531,1,1537.114,713.1443,1537.5,713.5809
46.86753,1,1484.684,648.9625,1511.092,681.2717
46.87858,1,1484.684,648.9625,1497.888,665.1171
46.88988,1,1394.543,512.0695,1446.216,588.5933
46.90147,1,1394.543,512.0695,1420.38,550.3314
46.91328,1,1394.543,512.0695,1407.461,531.2004
46.92161,1,1339.167,414.591,1373.314,472.8957
46.93398,1,1339.167,414.591,1356.24,443.7433
46.94695,1,1339.167,414.591,1347.704,429.1672
46.95562,1,1306.244,367.069,1326.974,398.1181
46.96848,1,1306.244,367.069,1316.609,382.5935
46.97961,1,1295.298,340.8508,1305.954,361.7222
46.99284,1,1295.298,340.8508,1300.626,351.2865
47.00388,1,1295.298,340.8508,1297.962,346.0687
47.01316,1,1287.958,327.9366,1292.96,337.0027
47.02567,1,1287.958,327.9366,1290.459,332.4697
47.03435,1,1287.958,327.9366,1289.208,330.2032
47.0481,1,1285.821,337.4346,1287.515,333.8189
47.05831,1,1285.821,337.4346,1286.668,335.6268
47.07024,1,1287.486,347.0653,1287.077,341.3461
47.07965,1,1287.486,347.0653,1287.281,344.2057
47.09079,1,1287.486,347.0653,1287.384,345.6355
47.10168,1,1288.134,352.4436,1287.759,349.0396
47.11424,1,1288.134,352.4436,1287.946,350.7416
47.12668,1,1288.134,352.4436,1288.04,351.5926
47.135,1,1287.065,357.7308,1287.552,354.6617
47.14755,1,1287.065,357.7308,1287.309,356.1962
47.15659,1,1287.065,357.7308,1287.187,356.9635
47.16833,1,1286.026,360.3661,1286.606,358.6648
47.17831,1,1286.026,360.3661,1286.316,359.5154
47.18956,1,1286.026,360.3661,1286.171,359.9408
47.19953,1,1290.993,365.4611,1288.582,362.7009
47.21169,1,1290.993,365.4611,1289.788,364.081
47.22329,1,1310.832,397.2815,1300.31,380.6812
47.23199,1,1310.832,397.2815,1305.571,388.9814
47.24739,1,1310.832,397.2815,1308.202,393.1314
47.2545,1,1369.665,500.9707,1338.933,447.0511
47.26648,1,1369.665,500.9707,1354.299,474.0109
47.28134,1,1419.488,593.1709,1386.894,533.5909
47.29594,1,1419.488,593.1709,1403.191,563.3809
47.30167,1,1419.488,593.1709,1411.34,578.2759
47.31255,1,1448.731,646.8272,1430.036,612.5515
47.32066,1,1448.731,646.8272,1439.384,629.6893
47.3335,1,1448.731,646.8272,1444.057,638.2583
47.34517,1,1464.395,676.3917,1454.226,657.325
47.35355,1,1464.395,676.3917,1459.311,666.8584
47.36568,1,1464.395,676.3917,1461.853,671.6251
47.37993,1,1475.918,692.9922,1468.885,682.3086
47.38992,1,1475.918,692.9922,1472.401,687.6504
47.40432,1,1482.163,701.5101,1477.282,694.5803
47.41495,1,1482.163,701.5101,1479.722,698.0452
47.42955,1,1482.163,701.5101,1480.943,699.7776
47.44344,1,1495.845,741.3552,1488.394,720.5664
47.45014,1,1495.845,741.3552,1492.12,730.9608
47.46127,1,1495.845,741.3552,1493.982,736.158
47.47293,1,1509.017,786.5338,1501.5,761.3459
47.48307,1,1509.017,786.5338,1505.259,773.9398
47.49335,1,1519.029,813.3624,1512.144,793.6511
47.5043,1,1519.029,813.3624,1515.587,803.5067
47.51444,1,1519.029,813.3624,1517.308,808.4346
47.52705,1,1523.618,828.0123,1520.463,818.2234
47.53588,1,1523.618,828.0123,1522.04,823.1178
47.5491,1,1523.618,828.0123,1522.829,825.5651
47.55908,1,1524.286,839.0195,1523.558,832.2923
47.56766,1,1524.286,839.0195,1523.922,835.6559
47.57883,1,1524.286,839.0195,1524.104,837.3377
47.58997,1,1525.863,847.2866,1524.984,842.3121
47.60337,1,1525.863,847.2866,1525.423,844.7993
47.61183,1,1525.863,847.2866,1525.643,846.043
47.62495,1,1527.956,850.3461,1526.8,848.1946
47.63506,1,1527.956,850.3461,1527.378,849.2704
47.64728,1,1530.479,851.9395,1528.928,850.605
47.65556,1,1530.479,851.9395,1529.704,851.2722
47.66814,1,1530.479,851.9395,1530.091,851.6058
47.67924,1,1524.93,847.7703,1527.511,849.6881
47.68996,1,1524.93,847.7703,1526.22,848.7292
47.69983,1,1524.93,847.7703,1525.575,848.2498
47.71313,1,1519.613,844.3437,1522.594,846.2968
47.72413,1,1519.613,844.3437,1521.104,845.3202
47.73448,1,1515.778,842.3238,1518.441,843.822
47.74713,1,1515.778,842.3238,1517.11,843.0729
47.75642,1,1515.778,842.3238,1516.444,842.6984
47.76868,1,1512.979,840.6247,1514.712,841.6615
47.77853,1,1512.979,840.6247,1513.845,841.1431
47.78931,1,1512.979,840.6247,1513.412,840.8839
47.79939,1,1510.974,839.3842,1512.193,840.134
47.81171,1,1510.974,839.3842,1511.584,839.7591
47.82005,1,1510.974,839.3842,1511.279,839.5717
47.83253,1,1508.777,838.663,1510.028,839.1173
47.84442,1,1508.777,838.663,1509.403,838.8901
47.8542,1,1508.777,838.663,1509.09,838.7766
47.86738,1,1506.588,837.6011,1507.839,838.1888
47.87703,1,1506.588,837.6011,1507.214,837.895
47.8893,1,1504.109,836.2544,1505.661,837.0747
47.89936,1,1504.109,836.2544,1504.885,836.6646
47.91173,1,1504.109,836.2544,1504.497,836.4595
47.9212,1,1501.268,835.2199,1502.883,835.8397
47.93296,1,1501.268,835.2199,1502.075,835.5298
47.94405,1,1501.268,835.2199,1501.672,835.3749
47.95214,1,1498.201,833.8838,1499.936,834.6293
47.96528,1,1498.201,833.8838,1499.069,834.2566
47.97606,1,1495.478,832.537,1497.273,833.3969
47.98532,1,1495.478,832.537,1496.376,832.9669
47.99521,1,1495.478,832.537,1495.927,832.752
48.00688,1,1492.534,830.6908,1494.23,831.7214
48.01755,1,1492.534,830.6908,1493.382,831.2061
48.02964,1,1492.534,830.6908,1492.958,830.9484
48.0508,1,1489.531,829.2111,1491.245,830.0797
48.05737,1,1489.531,829.2111,1490.388,829.6454
48.0647,1,1489.531,829.2111,1489.96,829.4282
48.07545,1,1486.867,828.0082,1488.414,828.7183
48.08637,1,1486.867,828.0082,1487.641,828.3633
48.09598,1,1486.867,828.0082,1487.254,828.1858
48.10649,1,1484.005,826.1656,1485.629,827.1757
48.11711,1,1484.005,826.1656,1484.817,826.6707
48.12891,1,1481.174,824.9327,1482.996,825.8016
48.13746,1,1481.174,824.9327,1482.085,825.3672
48.14951,1,1481.174,824.9327,1481.63,825.1499
48.16056,1,1478.585,823.351,1480.108,824.2505
48.17329,1,1478.585,823.351,1479.346,823.8008
48.18327,1,1478.585,823.351,1478.966,823.5759
48.19514,1,1476.09,821.6874,1477.528,822.6317
48.2063,1,1476.09,821.6874,1476.809,822.1595
48.21647,1,1476.09,821.6874,1476.45,821.9235
48.22764,1,1473.495,819.9324,1474.972,820.9279
48.23722,1,1473.495,819.9324,1474.234,820.4302
48.25037,1,1470.865,818.0234,1472.549,819.2268
48.26059,1,1470.865,818.0234,1471.707,818.6251
48.27104,1,1470.865,818.0234,1471.286,818.3242
48.28087,1,1467.997,817.1594,1469.642,817.7418
48.29585,1,1467.997,817.1594,1468.82,817.4506
48.30362,1,1467.997,817.1594,1468.408,817.3049
48.31316,1,1465.471,815.3463,1466.94,816.3256
48.32387,1,1465.471,815.3463,1466.205,815.8359
48.33457,1,1465.471,815.3463,1465.838,815.5911
48.34708,1,1463.142,813.8791,1464.49,814.7351
48.35612,1,1463.142,813.8791,1463.816,814.3071
48.36954,1,1461.229,812.9838,1462.522,813.6455
48.37962,1,1461.229,812.9838,1461.875,813.3147
48.39124,1,1461.229,812.9838,1461.552,813.1493
48.40602,1,1459.506,811.9873,1460.529,812.5683
48.41375,1,1459.506,811.9873,1460.018,812.2778
48.42416,1,1459.506,811.9873,1459.762,812.1326
48.43563,1,1457.174,811.0212,1458.468,811.5769
48.44875,1,1457.174,811.0212,1457.821,811.2991
48.45692,1,1457.174,811.0212,1457.498,811.1602
48.47089,1,1455.385,810.2743,1456.442,810.7172
48.48034,1,1455.385,810.2743,1455.913,810.4957
48.49096,1,1453.889,809.5847,1454.901,810.0402
48.50074,1,1453.889,809.5847,1454.395,809.8125
48.51443,1,1453.889,809.5847,1454.142,809.6986
48.52382,1,1452.576,809.0735,1453.359,809.386
48.53429,1,1452.576,809.0735,1452.968,809.2297
48.54832,1,1452.576,809.0735,1452.772,809.1516
48.55647,1,1451.295,808.5972,1452.033,808.8744
48.56927,1,1451.295,808.5972,1451.664,808.7358
48.58006,1,1451.295,808.5972,1451.479,808.6665
48.59037,1,1449.702,808.3037,1450.591,808.4851
48.60091,1,1449.702,808.3037,1450.146,808.3944
48.61329,1,1447.943,808.0092,1449.045,808.2018
48.6235,1,1447.943,808.0092,1448.494,808.1055
48.6338,1,1447.943,808.0092,1448.218,808.0574
48.64671,1,1446.385,807.0973,1447.302,807.5773
48.65537,1,1446.385,807.0973,1446.843,807.3373
48.6684,1,1446.385,807.0973,1446.614,807.2173
48.67966,1,1444.572,806.1638,1445.593,806.6906
48.69128,1,1444.572,806.1638,1445.082,806.4271
48.70083,1,1444.572,806.1638,1444.827,806.2954
48.7144,1,1442.426,805.1777,1443.626,805.7366
48.72327,1,1442.426,805.1777,1443.026,805.4572
48.73395,1,1440.89,802.8913,1441.958,804.1742
48.7477,1,1440.89,802.8913,1441.424,803.5327
48.75565,1,1440.89,802.8913,1441.157,803.212
48.76869,1,1438.807,800.2435,1439.982,801.7278
48.77938,1,1438.807,800.2435,1439.394,800.9856
48.79353,1,1436.942,798.1215,1438.168,799.5536
48.80306,1,1436.942,798.1215,1437.555,798.8375
48.81361,1,1436.942,798.1215,1437.249,798.4795
48.82645,1,1435.068,795.6898,1436.158,797.0847
48.83633,1,1435.068,795.6898,1435.613,796.3872
48.84687,1,1435.068,795.6898,1435.341,796.0385
48.85653,1,1432.693,793.4498,1434.017,794.7441
48.86911,1,1432.693,793.4498,1433.355,794.097
48.88985,1,1430.249,792.0755,1431.802,793.0862
48.89507,1,1430.249,792.0755,1431.025,792.5809
48.90516,1,1430.249,792.0755,1430.637,792.3282
48.91527,1,1427.953,790.1967,1429.295,791.2625
48.94201,1,1427.953,790.1967,1428.624,790.7296
48.94952,1,1425.253,788.6431,1426.939,789.6863
48.95622,1,1425.253,788.6431,1426.096,789.1647
48.9663,1,1425.253,788.6431,1425.674,788.9039
48.97626,1,1423.156,787.3489,1424.415,788.1263
48.98675,1,1423.156,787.3489,1423.785,787.7376
48.99696,1,1423.156,787.3489,1423.471,787.5432
49.01003,1,1421.207,786.5201,1422.339,787.0316
49.02042,1,1421.207,786.5201,1421.773,786.7759
49.03165,1,1421.207,786.5201,1421.49,786.6479
49.04042,1,1419.219,785.0051,1420.354,785.8265
49.05416,1,1419.219,785.0051,1419.787,785.4158
49.06551,1,1416.563,783.725,1418.175,784.5704
49.07368,1,1416.563,783.725,1417.369,784.1477
49.08683,1,1416.563,783.725,1416.966,783.9364
49.09711,1,1413.698,782.4037,1415.332,783.17
49.10744,1,1413.698,782.4037,1414.515,782.7869
49.11685,1,1413.698,782.4037,1414.106,782.5953
49.1293,1,1411.297,780.0439,1412.702,781.3196
49.13869,1,1411.297,780.0439,1411.999,780.6818
49.1512,1,1411.297,780.0439,1411.648,780.3629
49.16334,1,1409.731,778.183,1410.689,779.2729
49.17261,1,1409.731,778.183,1410.21,778.728
49.18598,1,1407.619,776.3701,1408.915,777.5491
49.19527,1,1407.619,776.3701,1408.267,776.9596
49.20625,1,1407.619,776.3701,1407.943,776.6649
49.2159,1,1405.265,774.6632,1406.604,775.6641
49.22816,1,1405.265,774.6632,1405.935,775.1636
49.23795,1,1405.265,774.6632,1405.6,774.9135
49.24916,1,1402.303,773.3323,1403.952,774.1229
49.26023,1,1402.303,773.3323,1403.127,773.7277
49.27033,1,1402.303,773.3323,1402.715,773.53
49.2818,1,1399.412,771.7403,1401.064,772.6351
49.29462,1,1399.412,771.7403,1400.238,772.1877
49.30468,1,1399.412,771.7403,1399.825,771.964
49.31464,1,1396.64,770.0416,1398.233,771.0028
49.32684,1,1396.64,770.0416,1397.437,770.5222
49.33642,1,1393.776,768.189,1395.606,769.3556
49.3496,1,1393.776,768.189,1394.691,768.7723
49.36043,1,1393.776,768.189,1394.233,768.4807
49.37254,1,1391.162,766.2858,1392.698,767.3833
49.38308,1,1391.162,766.2858,1391.93,766.8346
49.39385,1,1391.162,766.2858,1391.546,766.5602
49.40446,1,1388.891,764.2463,1390.219,765.4032
49.4147,1,1388.891,764.2463,1389.555,764.8247
49.42971,1,1386.065,760.0413,1387.81,762.433
49.43682,1,1386.065,760.0413,1386.938,761.2372
49.44979,1,1386.065,760.0413,1386.502,760.6393
49.45989,1,1382.471,754.014,1384.486,757.3267
49.4706,1,1382.471,754.014,1383.479,755.6703
49.48103,1,1382.471,754.014,1382.975,754.8422
49.49596,1,1378.457,748.6915,1380.716,751.7668
49.50468,1,1378.457,748.6915,1379.587,750.2291
49.5157,1,1378.457,748.6915,1379.022,749.4603
49.5291,1,1374.808,744.0621,1376.915,746.7612
49.53979,1,1374.808,744.0621,1375.861,745.4116
49.54999,1,1370.494,740.9799,1373.178,743.1957
49.55947,1,1370.494,740.9799,1371.836,742.0878
49.57106,1,1370.494,740.9799,1371.165,741.5338
49.58049,1,1366.846,737.0143,1369.005,739.274
49.59249,1,1366.846,737.0143,1367.926,738.1442
49.60407,1,1366.846,737.0143,1367.386,737.5792
49.61456,1,1363.498,734.0916,1365.442,735.8354
49.62857,1,1363.498,734.0916,1364.47,734.9635
49.63655,1,1363.498,734.0916,1363.984,734.5276
49.64886,1,1360.268,731.4448,1362.126,732.9862
49.65715,1,1360.268,731.4448,1361.197,732.2155
49.67056,1,1358.001,730.1044,1359.599,731.16
49.67987,1,1358.001,730.1044,1358.8,730.6322
49.6947,1,1358.001,730.1044,1358.4,730.3683
49.70308,1,1355.49,729.2059,1356.945,729.7871
49.71412,1,1355.49,729.2059,1356.218,729.4965
49.72701,1,1355.49,729.2059,1355.854,729.3512
49.73613,1,1353.537,728.7275,1354.695,729.0394
49.74823,1,1353.537,728.7275,1354.116,728.8834
49.75903,1,1351.712,728.2274,1352.914,728.5554
49.77022,1,1351.712,728.2274,1352.313,728.3914
49.78157,1,1351.712,728.2274,1352.013,728.3094
49.79348,1,1349.839,727.711,1350.926,728.0103
49.80054,1,1349.839,727.711,1350.382,727.8606
49.81276,1,1349.839,727.711,1350.111,727.7858
49.82143,1,1348.162,726.901,1349.136,727.3434
49.83327,1,1348.162,726.901,1348.649,727.1222
49.84539,1,1348.162,726.901,1348.406,727.0116
49.85502,1,1346.096,725.7522,1347.251,726.3819
49.86594,1,1346.096,725.7522,1346.673,726.067
49.87688,1,1346.096,725.7522,1346.385,725.9096
49.8875,1,1344.516,724.5948,1345.451,725.2522
49.90974,1,1342.738,723.3574,1344.094,724.3048
49.91576,1,1342.738,723.3574,1343.416,723.8311
49.9263,1,1342.738,723.3574,1343.077,723.5942
49.93532,1,1342.738,723.3574,1342.907,723.4758
49.94847,1,1341.104,722.5448,1342.006,723.0103
49.9586,1,1341.104,722.5448,1341.555,722.7776
49.97005,1,1339.428,721.8721,1340.491,722.3248
49.98131,1,1339.428,721.8721,1339.959,722.0985
49.99409,1,1339.428,721.8721,1339.694,721.9854
50.00109,1,1337.369,720.8922,1338.531,721.4387
50.01425,1,1337.369,720.8922,1337.95,721.1654
50.02413,1,1337.369,720.8922,1337.66,721.0288
50.03398,1,1334.934,720.0811,1336.297,720.5549
50.04805,1,1334.934,720.0811,1335.616,720.318
50.05637,1,1334.934,720.0811,1335.275,720.1996
50.0694,1,1333.146,718.9911,1334.211,719.5953
50.08002,1,1333.146,718.9911,1333.678,719.2932
50.0903,1,1333.146,718.9911,1333.412,719.1422
50.10043,1,1331.141,717.6674,1332.276,718.4048
50.11382,1,1331.141,717.6674,1331.708,718.0361
50.12162,1,1329.137,716.9224,1330.423,717.4792
50.13396,1,1329.137,716.9224,1329.78,717.2008
50.14622,1,1329.137,716.9224,1329.458,717.0616
50.15437,1,1327.309,716.0212,1328.384,716.5414
50.16703,1,1327.309,716.0212,1327.846,716.2813
50.17847,1,1327.309,716.0212,1327.578,716.1512
50.18899,1,1325.409,715.0895,1326.493,715.6204
50.19937,1,1325.409,715.0895,1325.951,715.355
50.21098,1,1325.409,715.0895,1325.68,715.2223
50.2233,1,1323.911,714.088,1324.796,714.6552
50.23311,1,1323.911,714.088,1324.354,714.3716
50.24615,1,1322.773,713.0544,1323.563,713.713
50.25539,1,1322.773,713.0544,1323.168,713.3837
50.26792,1,1322.773,713.0544,1322.971,713.2191
50.27815,1,1320.987,711.9479,1321.979,712.5835
50.28913,1,1320.987,711.9479,1321.483,712.2657
50.29915,1,1320.987,711.9479,1321.235,712.1068
50.31125,1,1319.271,711.0682,1320.253,711.5875
50.31991,1,1319.271,711.0682,1319.762,711.3279
50.33185,1,1319.271,711.0682,1319.516,711.1981
50.34466,1,1317.807,710.2754,1318.662,710.7367
50.35197,1,1317.807,710.2754,1318.235,710.506
50.36623,1,1316.182,709.4633,1317.208,709.9846
50.37665,1,1316.182,709.4633,1316.695,709.7239
50.38874,1,1316.182,709.4633,1316.439,709.5936
50.39912,1,1314.277,708.8719,1315.358,709.2328
50.41286,1,1314.277,708.8719,1314.817,709.0524
50.42415,1,1312.821,708.1407,1313.819,708.5966
50.433,1,1312.821,708.1407,1313.32,708.3687
50.44556,1,1312.821,708.1407,1313.07,708.2546
50.4548,1,1311.413,707.5286,1312.241,707.8916
50.4667,1,1311.413,707.5286,1311.827,707.7101
50.47681,1,1311.413,707.5286,1311.62,707.6193
50.48774,1,1310.132,706.9713,1310.876,707.2953
50.4976,1,1310.132,706.9713,1310.504,707.1333
50.50938,1,1310.132,706.9713,1310.318,707.0522
50.51853,1,1308.91,706.5492,1309.614,706.8007
50.5306,1,1308.91,706.5492,1309.262,706.6749
50.54009,1,1308.91,706.5492,1309.086,706.6121
50.553,1,1307.586,706.1028,1308.336,706.3574
50.56536,1,1307.586,706.1028,1307.961,706.2301
50.57555,1,1306.082,705.3102,1307.022,705.7701
50.5863,1,1306.082,705.3102,1306.552,705.5402
50.59629,1,1306.082,705.3102,1306.317,705.4252
50.60734,1,1303.402,704.124,1304.86,704.7746
50.61749,1,1303.402,704.124,1304.131,704.4493
50.63013,1,1303.402,704.124,1303.767,704.2867
50.64504,1,1300.467,701.9467,1302.117,703.1167
50.65642,1,1300.467,701.9467,1301.292,702.5317
50.66499,1,1297.115,699.4477,1299.203,700.9897
50.67296,1,1297.115,699.4477,1298.159,700.2187
50.69949,1,1293.51,697.045,1295.834,698.6318
50.70898,1,1293.51,697.045,1294.672,697.8384
50.71763,1,1293.51,697.045,1294.091,697.4418
50.72948,1,1290.378,695.4724,1292.235,696.457
50.73788,1,1290.378,695.4724,1291.307,695.9647
50.74889,1,1290.378,695.4724,1290.843,695.7185
50.75943,1,1288.121,693.8102,1289.482,694.7643
50.77071,1,1288.121,693.8102,1288.801,694.2872
50.78054,1,1288.121,693.8102,1288.461,694.0487
50.7907,1,1284.937,692.7559,1286.699,693.4023
50.80108,1,1284.937,692.7559,1285.818,693.0791
50.81381,1,1284.937,692.7559,1285.377,692.9175
50.82445,1,1282.506,691.5341,1283.942,692.2258
50.83526,1,1282.506,691.5341,1283.224,691.8799
50.84816,1,1280.897,691.4406,1282.061,691.6603
50.85674,1,1280.897,691.4406,1281.479,691.5504
50.86922,1,1280.897,691.4406,1281.188,691.4955
50.87958,1,1286.592,692.1348,1283.89,691.8151
50.89218,1,1286.592,692.1348,1285.241,691.975
50.90292,1,1286.592,692.1348,1285.917,692.0549
50.91249,1,1295.598,692.7123,1290.757,692.3835
50.92471,1,1295.598,692.7123,1293.177,692.5479
50.93356,1,1295.598,692.7123,1294.388,692.6301
50.94717,1,1310.441,693.6567,1302.415,693.1434
50.9553,1,1310.441,693.6567,1306.428,693.4001
50.96836,1,1308.283,696.551,1307.356,694.9755
50.97961,1,1308.283,696.551,1307.82,695.7632
50.99107,1,1308.283,696.551,1308.052,696.1571
51.00075,1,1253.414,705.3789,1280.733,700.768
51.01262,1,1253.414,705.3789,1267.073,703.0735
51.0271,1,1035.629,729.15,1151.351,716.1118
51.03677,1,1035.629,729.15,1093.49,722.6309
51.04631,1,1035.629,729.15,1064.559,725.8904
51.05371,1,1035.629,729.15,1050.094,727.5203
51.06699,1,814.463,747.2799,932.2785,737.4001
51.07755,1,814.463,747.2799,873.3707,742.34
51.08932,1,687.4604,759.5834,780.4155,750.9617
51.10527,1,687.4604,759.5834,733.938,755.2726
51.11436,1,687.4604,759.5834,710.6992,757.428
51.12402,1,621.2991,761.0162,665.9991,759.2221
51.13512,1,621.2991,761.0162,643.6491,760.1191
51.14862,1,589.8187,764.764,616.7339,762.4415
51.15913,1,589.8187,764.764,603.2762,763.6028
51.16949,1,589.8187,764.764,596.5475,764.1833
51.1807,1,574.3428,768.465,585.4451,766.3242
51.19091,1,574.3428,768.465,579.8939,767.3945
51.20073,1,574.3428,768.465,577.1183,767.9297
51.21376,1,567.5818,761.8176,572.3501,764.8737
51.22422,1,567.5818,761.8176,569.9659,763.3456
51.23624,1,567.5818,761.8176,568.7739,762.5815
51.24703,1,600.7263,658.5699,584.7501,710.5757
51.25751,1,600.7263,658.5699,592.7382,684.5728
51.26971,1,671.8729,489.9124,632.3055,587.2426
51.27945,1,671.8729,489.9124,652.0892,538.5775
51.29309,1,671.8729,489.9124,661.9811,514.245
51.31831,1,728.979,361.0513,695.48,437.6482
51.32523,1,728.979,361.0513,712.2295,399.3497
51.33135,1,758.7917,294.3776,735.5106,346.8637
51.34412,1,758.7917,294.3776,747.1512,320.6207
51.35297,1,758.7917,294.3776,752.9714,307.4991
51.36498,1,774.1243,262.1351,763.5479,284.8171
51.37356,1,774.1243,262.1351,768.8361,273.4761
51.38687,1,774.1243,262.1351,771.4802,267.8056
51.39697,1,782.8449,246.1482,777.1626,256.9769
51.40854,1,782.8449,246.1482,780.0038,251.5625
51.4201,1,831.4682,272.7959,805.736,262.1792
51.43185,1,831.4682,272.7959,818.6021,267.4875
51.44096,1,831.4682,272.7959,825.0352,270.1417
51.45325,1,873.1677,303.8954,849.1014,287.0186
51.46442,1,873.1677,303.8954,861.1346,295.457
51.4739,1,873.1677,303.8954,867.1511,299.6762
51.48725,1,897.5056,321.3651,882.3284,310.5206
51.49667,1,897.5056,321.3651,889.917,315.9428
51.50787,1,897.5056,321.3651,893.7113,318.6539
51.51891,1,915.1003,333.0569,904.4058,325.8554
51.53043,1,915.1003,333.0569,909.7531,329.4561
51.53963,1,915.1003,333.0569,912.4267,331.2565
51.55302,1,928.2419,342.9714,920.3344,337.114
51.56445,1,928.2419,342.9714,924.2881,340.0427
51.57276,1,939.7418,351.3705,932.015,345.7066
51.58595,1,939.7418,351.3705,935.8784,348.5386
51.59551,1,939.7418,351.3705,937.8101,349.9546
51.60742,1,993.5089,373.7901,965.6594,361.8723
51.6176,1,993.5089,373.7901,979.5841,367.8312
51.62998,1,993.5089,373.7901,986.5465,370.8106
51.63898,1,1116.827,444.1493,1051.687,407.48
51.65325,1,1116.827,444.1493,1084.257,425.8146
51.67019,1,1248.54,560.5996,1166.398,493.2071
51.6769,1,1248.54,560.5996,1207.469,526.9034
51.68955,1,1248.54,560.5996,1228.004,543.7515
51.69743,1,1325.581,639.5303,1276.793,591.6409
51.71104,1,1325.581,639.5303,1301.187,615.5856
51.72025,1,1325.581,639.5303,1313.384,627.558
51.73279,1,1366.681,682.7036,1340.032,655.1308
51.74451,1,1366.681,682.7036,1353.356,668.9172
51.75462,1,1389.643,704.2052,1371.5,686.5612
51.76664,1,1389.643,704.2052,1380.571,695.3832
51.77729,1,1389.643,704.2052,1385.107,699.7942
51.79037,1,1399.795,715.7289,1392.451,707.7616
51.79778,1,1399.795,715.7289,1396.123,711.7452
51.81304,1,1436.646,729.0442,1416.385,720.3947
51.82702,1,1436.646,729.0442,1426.516,724.7195
51.83321,1,1436.646,729.0442,1431.581,726.8818
51.84763,1,1482.798,745.3847,1457.19,736.1333
51.85985,1,1482.798,745.3847,1469.994,740.759
51.8675,1,1482.798,745.3847,1476.396,743.0719
51.87671,1,1510.907,756.9327,1493.651,750.0023
51.88776,1,1510.907,756.9327,1502.279,753.4675
51.89754,1,1510.907,756.9327,1506.593,755.2001
51.91063,1,1525.848,762.0519,1516.22,758.626
51.91829,1,1525.848,762.0519,1521.034,760.339
51.93279,1,1525.848,762.0519,1523.441,761.1954
51.94003,1,1534.901,766.4545,1529.171,763.825
51.95281,1,1534.901,766.4545,1532.036,765.1397
51.96508,1,1541.552,769.8498,1536.794,767.4948
51.9729,1,1541.552,769.8498,1539.173,768.6722
51.98632,1,1541.552,769.8498,1540.363,769.261
51.99525,1,1546.531,773.2787,1543.447,771.2698
52.00591,1,1546.531,773.2787,1544.989,772.2743
52.01635,1,1546.531,773.2787,1545.76,772.7765
52.02902,1,1550.74,775.2643,1548.25,774.0204
52.03861,1,1550.74,775.2643,1549.495,774.6423
52.05139,1,1550.74,775.2643,1550.117,774.9534
52.07323,1,1553.586,777.815,1551.852,776.3842
52.07893,1,1553.586,777.815,1552.719,777.0996
52.0894,1,1555.324,780.2971,1554.021,778.6984
52.09916,1,1555.324,780.2971,1554.672,779.4977
52.11172,1,1555.324,780.2971,1554.998,779.8975
52.12035,1,1557.608,782.4311,1556.303,781.1643
52.1307,1,1557.608,782.4311,1556.956,781.7977
52.13956,1,1557.608,782.4311,1557.282,782.1144
52.15166,1,1564.111,786.4537,1560.696,784.2841
52.16319,1,1564.111,786.4537,1562.403,785.3689
52.17307,1,1564.111,786.4537,1563.257,785.9113
52.18518,1,1571.895,791.8895,1567.576,788.9004
52.19663,1,1571.895,791.8895,1569.735,790.3949
52.20789,1,1577.944,798.657,1573.839,794.526
52.21819,1,1577.944,798.657,1575.892,796.5916
52.22969,1,1577.944,798.657,1576.918,797.6243
52.23972,1,1583.806,803.5741,1580.362,800.5992
52.25207,1,1583.806,803.5741,1582.084,802.0867
52.26265,1,1583.806,803.5741,1582.945,802.8304
52.27377,1,1587.461,808.7073,1585.203,805.7689
52.2864,1,1587.461,808.7073,1586.332,807.2381
52.29662,1,1591.751,812.2429,1589.042,809.7405
52.3104,1,1591.751,812.2429,1590.396,810.9917
52.31892,1,1591.751,812.2429,1591.074,811.6173
52.3314,1,1595.395,815.4445,1593.234,813.5309
52.34329,1,1595.395,815.4445,1594.315,814.4877
52.35284,1,1595.395,815.4445,1594.855,814.9661
52.36497,1,1599.722,818.7493,1597.289,816.8577
52.3746,1,1599.722,818.7493,1598.505,817.8035
52.3856,1,1599.722,818.7493,1599.114,818.2764
52.39762,1,1603.661,821.722,1601.388,819.9991
52.40955,1,1603.661,821.722,1602.524,820.8606
52.41964,1,1606.048,824.0796,1604.286,822.4701
52.4325,1,1606.048,824.0796,1605.167,823.2748
52.44315,1,1606.048,824.0796,1605.608,823.6772
52.45213,1,1608.021,826.097,1606.815,824.8871
52.46465,1,1608.021,826.097,1607.418,825.4921
52.47682,1,1608.021,826.097,1607.72,825.7946
52.48634,1,1610.221,828.2258,1608.97,827.0101
52.49615,1,1610.221,828.2258,1609.596,827.6179
52.50954,1,1611.983,829.9557,1610.789,828.7868
52.51846,1,1611.983,829.9557,1611.386,829.3712
52.53091,1,1611.983,829.9557,1611.685,829.6635
52.54471,1,1613.25,831.5951,1612.467,830.6293
52.55126,1,1613.25,831.5951,1612.858,831.1122
52.56437,1,1613.25,831.5951,1613.054,831.3536
52.57198,1,1615.057,833.3041,1614.055,832.3289
52.58601,1,1615.057,833.3041,1614.556,832.8165
52.59534,1,1615.057,833.3041,1614.806,833.0603
52.60604,1,1616.841,835.6412,1615.824,834.3507
52.61668,1,1616.841,835.6412,1616.332,834.996
52.62874,1,1618.724,837.2357,1617.528,836.1158
52.63696,1,1618.724,837.2357,1618.126,836.6758
52.6494,1,1618.724,837.2357,1618.425,836.9557
52.66079,1,1620.516,838.5313,1619.47,837.7435
52.67097,1,1620.516,838.5313,1619.993,838.1374
52.68174,1,1620.516,838.5313,1620.254,838.3344
52.6941,1,1621.831,840.1689,1621.043,839.2516
52.70376,1,1621.831,840.1689,1621.437,839.7102
52.71497,1,1621.831,840.1689,1621.634,839.9396
52.72755,1,1623.065,841.4023,1622.349,840.671
52.73715,1,1623.065,841.4023,1622.707,841.0366
52.75884,1,1623.461,842.5347,1623.084,841.7856
52.76587,1,1623.461,842.5347,1623.273,842.1602
52.77586,1,1623.461,842.5347,1623.367,842.3474
52.78653,1,1624.203,843.5491,1623.785,842.9482
52.79706,1,1624.203,843.5491,1623.994,843.2487
52.80927,1,1624.203,843.5491,1624.098,843.3989
52.81741,1,1624.356,844.2388,1624.227,843.8188
52.82995,1,1624.356,844.2388,1624.291,844.0288
52.83894,1,1624.356,844.2388,1624.323,844.1338
52.85081,1,1624.373,844.8079,1624.348,844.4708
52.86115,1,1624.373,844.8079,1624.361,844.6394
52.87225,1,1624.208,845.1976,1624.285,844.9185
52.88177,1,1624.208,845.1976,1624.247,845.058
52.89381,1,1624.208,845.1976,1624.228,845.1278
52.90522,1,1624.262,845.2922,1624.245,845.21
52.91603,1,1624.262,845.2922,1624.254,845.2511
52.93199,1,1624.084,845.5006,1624.169,845.3759
52.93833,1,1624.084,845.5006,1624.126,845.4382
52.95042,1,1624.084,845.5006,1624.105,845.4694
52.96114,1,1623.954,845.5856,1624.03,845.5275
52.97286,1,1623.954,845.5856,1623.992,845.5565
52.98521,1,1623.954,845.5856,1623.973,845.571
52.99396,1,1623.587,845.888,1623.78,845.7295
53.00596,1,1623.587,845.888,1623.683,845.8087
53.01589,1,1623.587,845.888,1623.635,845.8484
53.02818,1,1623.497,845.9545,1623.566,845.9014
53.03732,1,1623.497,845.9545,1623.532,845.928
53.04845,1,1623.497,845.9545,1623.515,845.9412
53.05906,1,1623.288,845.8947,1623.401,845.918
53.06973,1,1623.288,845.8947,1623.345,845.9063
53.08022,1,1623.288,845.8947,1623.316,845.9005
53.09333,1,1623.099,845.7962,1623.208,845.8484
53.1015,1,1623.099,845.7962,1623.153,845.8223
53.11442,1,1622.855,845.7919,1623.004,845.8071
53.12663,1,1622.855,845.7919,1622.93,845.7994
53.13496,1,1622.855,845.7919,1622.892,845.7957
53.14622,1,1622.689,844.9655,1622.791,845.3806
53.15569,1,1622.689,844.9655,1622.74,845.173
53.168,1,1622.689,844.9655,1622.715,845.0692
53.17852,1,1622.159,843.3172,1622.437,844.1932
53.19109,1,1622.159,843.3172,1622.298,843.7552
53.20102,1,1622.159,843.3172,1622.229,843.5363
53.21386,1,1621.38,840.8574,1621.804,842.1968
53.22382,1,1621.38,840.8574,1621.592,841.5271
53.23434,1,1620.49,838.3144,1621.041,839.9208
53.24638,1,1620.49,838.3144,1620.765,839.1176
53.25561,1,1620.49,838.3144,1620.628,838.7159
53.26694,1,1619.519,835.535,1620.073,837.1255
53.27669,1,1619.519,835.535,1619.796,836.3303
53.28846,1,1619.519,835.535,1619.658,835.9326
53.29855,1,1618.757,832.7577,1619.208,834.3452
53.31067,1,1618.757,832.7577,1618.982,833.5514
53.32006,1,1618.757,832.7577,1618.87,833.1545
53.33194,1,1617.761,829.8946,1618.315,831.5245
53.34444,1,1617.761,829.8946,1618.038,830.7096
53.3547,1,1616.607,827.4875,1617.323,829.0986
53.3652,1,1616.607,827.4875,1616.965,828.2931
53.37592,1,1616.607,827.4875,1616.786,827.8903
53.38593,1,1615.992,825.3275,1616.389,826.6089
53.3974,1,1615.992,825.3275,1616.191,825.9682
53.40971,1,1615.992,825.3275,1616.091,825.6478
53.41928,1,1614.444,823.5524,1615.268,824.6001
53.43039,1,1614.444,823.5524,1614.856,824.0762
53.43951,1,1614.444,823.5524,1614.65,823.8143
53.45157,1,1613.597,821.5122,1614.124,822.6633
53.46435,1,1613.597,821.5122,1613.86,822.0878
53.47192,1,1613.597,821.5122,1613.729,821.8
53.48505,1,1612.234,820.3566,1612.981,821.0782
53.49526,1,1612.234,820.3566,1612.608,820.7174
53.50678,1,1610.873,819.5648,1611.74,820.1411
53.51723,1,1610.873,819.5648,1611.307,819.853
53.52959,1,1610.873,819.5648,1611.09,819.7089
53.53915,1,1610.153,819.1063,1610.622,819.4076
53.55077,1,1610.153,819.1063,1610.387,819.257
53.56155,1,1610.153,819.1063,1610.27,819.1816
53.5724,1,1609.464,818.6055,1609.867,818.8936
53.58346,1,1609.464,818.6055,1609.666,818.7495
53.59387,1,1609.464,818.6055,1609.565,818.6775
53.60451,1,1608.589,818.2856,1609.077,818.4816
53.61457,1,1608.589,818.2856,1608.833,818.3836
53.62714,1,1607.976,817.8701,1608.404,818.1268
53.63564,1,1607.976,817.8701,1608.19,817.9984
53.64814,1,1607.976,817.8701,1608.083,817.9342
53.65932,1,1607.029,817.1718,1607.556,817.553
53.67046,1,1607.029,817.1718,1607.293,817.3624
53.68121,1,1607.029,817.1718,1607.161,817.2671
53.69516,1,1605.935,816.6531,1606.548,816.9601
53.70566,1,1605.935,816.6531,1606.241,816.8066
53.71526,1,1605.935,816.6531,1606.088,816.7299
53.72722,1,1604.767,815.8956,1605.427,816.3127
53.73595,1,1604.767,815.8956,1605.097,816.1042
53.74915,1,1603.663,814.6718,1604.38,815.388
53.75991,1,1603.663,814.6718,1604.022,815.0299
53.77091,1,1603.663,814.6718,1603.843,814.8508
53.78105,1,1602.129,812.9056,1602.986,813.8782
53.79324,1,1602.129,812.9056,1602.557,813.3918
53.80145,1,1602.129,812.9056,1602.343,813.1487
53.81371,1,1600.664,811.6973,1601.504,812.423
53.82383,1,1600.664,811.6973,1601.084,812.0602
53.83205,1,1600.664,811.6973,1600.874,811.8788
53.84447,1,1599.503,810.568,1600.189,811.2234
53.85344,1,1599.503,810.568,1599.846,810.8957
53.86646,1,1599.503,810.568,1599.675,810.7318
53.8769,1,1598.437,809.4739,1599.056,810.1028
53.88792,1,1598.437,809.4739,1598.746,809.7883
53.89951,1,1597.464,808.0468,1598.105,808.9176
53.91168,1,1597.464,808.0468,1597.784,808.4822
53.91997,1,1597.464,808.0468,1597.624,808.2645
53.93253,1,1595.938,806.3884,1596.781,807.3265
53.94569,1,1595.938,806.3884,1596.359,806.8574
53.95477,1,1595.938,806.3884,1596.148,806.6229
53.96713,1,1594.31,805.3151,1595.229,805.969
53.97783,1,1594.31,805.3151,1594.77,805.6421
53.98983,1,1590.739,800.6418,1592.754,803.142
53.99916,1,1590.739,800.6418,1591.746,801.8919
54.01161,1,1590.739,800.6418,1591.242,801.2668
54.02028,1,1586.461,794.2784,1588.852,797.7726
54.03307,1,1586.461,794.2784,1587.657,796.0255
54.04453,1,1586.461,794.2784,1587.059,795.152
54.05336,1,1581.94,788.2742,1584.5,791.7131
54.06656,1,1581.94,788.2742,1583.22,789.9937
54.07746,1,1581.94,788.2742,1582.58,789.1339
54.08904,1,1577.934,783.2488,1580.257,786.1914
54.09809,1,1577.934,783.2488,1579.095,784.7201
54.10838,1,1574.424,778.3569,1576.76,781.5385
54.11886,1,1574.424,778.3569,1575.592,779.9476
54.13052,1,1574.424,778.3569,1575.008,779.1522
54.13867,1,1571.416,773.255,1573.212,776.2036
54.15866,1,1571.416,773.255,1572.314,774.7293
54.17821,1,1568.163,768.5151,1570.239,771.6222
54.19012,1,1568.163,768.5151,1569.201,770.0686
54.19958,1,1565.278,764.7375,1567.24,767.4031
54.20934,1,1565.278,764.7375,1566.259,766.0703
54.21876,1,1565.278,764.7375,1565.769,765.4039
54.2303,1,1562.735,761.4718,1564.252,763.4379
54.25272,1,1562.735,761.4718,1563.493,762.4548
54.26188,1,1560.261,758.7375,1561.877,760.5962
54.26978,1,1560.261,758.7375,1561.069,759.6669
54.2806,1,1560.261,758.7375,1560.666,759.2021
54.2934,1,1558.62,756.7568,1559.643,757.9795
54.30184,1,1558.62,756.7568,1559.131,757.3682
54.31364,1,1558.62,756.7568,1558.876,757.0625
54.32447,1,1556.772,754.5546,1557.824,755.8085
54.3344,1,1556.772,754.5546,1557.298,755.1815
54.34682,1,1556.772,754.5546,1557.035,754.868
54.35626,1,1555.446,752.0734,1556.24,753.4707
54.36749,1,1555.446,752.0734,1555.843,752.772
54.37757,1,1555.446,752.0734,1555.644,752.4227
54.38763,1,1553.828,750.5104,1554.736,751.4666
54.39937,1,1553.828,750.5104,1554.282,750.9885
54.42123,1,1552.638,748.6759,1553.46,749.8322
54.42789,1,1552.638,748.6759,1553.049,749.254
54.43437,1,1552.638,748.6759,1552.843,748.965
54.44624,1,1550.815,746.4306,1551.829,747.6978
54.45629,1,1550.815,746.4306,1551.322,747.0642
54.46618,1,1550.815,746.4306,1551.069,746.7474
54.47727,1,1548.883,744.4492,1549.976,745.5983
54.48864,1,1548.883,744.4492,1549.429,745.0237
54.49815,1,1548.883,744.4492,1549.156,744.7365
54.51205,1,1547.139,741.474,1548.147,743.1052
54.52147,1,1547.139,741.474,1547.643,742.2896
54.53386,1,1545.293,739.0695,1546.468,740.6796
54.54518,1,1545.293,739.0695,1545.881,739.8745
54.55375,1,1545.293,739.0695,1545.587,739.472
54.56755,1,1543.27,737.3568,1544.428,738.4144
54.57864,1,1543.27,737.3568,1543.849,737.8856
54.59834,1,1541.118,735.5327,1542.484,736.7091
54.60713,1,1541.118,735.5327,1541.801,736.1208
54.61501,1,1541.118,735.5327,1541.459,735.8268
54.63121,1,1538.772,735.0587,1540.116,735.4427
54.63791,1,1538.772,735.0587,1539.444,735.2507
54.65051,1,1538.772,735.0587,1539.108,735.1547
54.66162,1,1537.102,734.1169,1538.105,734.6357
54.67284,1,1537.102,734.1169,1537.604,734.3763
54.68167,1,1537.102,734.1169,1537.353,734.2466
54.69538,1,1535.558,732.7029,1536.455,733.4747
54.70465,1,1535.558,732.7029,1536.007,733.0888
54.71603,1,1533.763,731.4672,1534.885,732.278
54.72847,1,1533.763,731.4672,1534.324,731.8726
54.73644,1,1533.763,731.4672,1534.044,731.6699
54.7494,1,1532.174,730.2615,1533.109,730.9657
54.75939,1,1532.174,730.2615,1532.641,730.6136
54.77101,1,1532.174,730.2615,1532.407,730.4376
54.78053,1,1530.99,728.91,1531.699,729.6738
54.79372,1,1530.99,728.91,1531.345,729.2919
54.81367,1,1529.974,727.5897,1530.66,728.4408
54.81963,1,1529.974,727.5897,1530.317,728.0153
54.82947,1,1529.974,727.5897,1530.146,727.8025
54.83858,1,1528.061,726.1815,1529.103,726.992
54.84988,1,1528.061,726.1815,1528.582,726.5868
54.86309,1,1526.23,725.0956,1527.406,725.8412
54.8713,1,1526.23,725.0956,1526.818,725.4684
54.88329,1,1526.23,725.0956,1526.524,725.282
54.89465,1,1525.355,723.8444,1525.94,724.5632
54.9053,1,1525.355,723.8444,1525.647,724.2039
54.91633,1,1525.355,723.8444,1525.501,724.0242
54.92828,1,1524.511,722.5717,1525.006,723.298
54.93698,1,1524.511,722.5717,1524.759,722.9348
54.94939,1,1524.511,722.5717,1524.635,722.7533
54.95932,1,1523.126,721.4395,1523.881,722.0964
54.96976,1,1523.126,721.4395,1523.504,721.7679
54.98016,1,1523.126,721.4395,1523.315,721.6037
54.99318,1,1521.818,720.9271,1522.567,721.2654
55.00386,1,1521.818,720.9271,1522.193,721.0963
55.0134,1,1521.818,720.9271,1522.006,721.0117
55.02442,1,1520.217,720.131,1521.111,720.5714
55.03416,1,1520.217,720.131,1520.664,720.3512
55.0474,1,1517.931,717.8354,1519.298,719.0933
55.05554,1,1517.931,717.8354,1518.615,718.4644
55.06763,1,1517.931,717.8354,1518.273,718.1499
55.0784,1,1472.949,649.6796,1495.611,683.9148
55.09006,1,1472.949,649.6796,1484.28,666.7972
55.10007,1,1472.949,649.6796,1478.615,658.2384
55.11301,1,1378.82,467.9911,1428.717,563.1147
55.12149,1,1378.82,467.9911,1403.769,515.5529
55.13361,1,1378.82,467.9911,1391.294,491.772
55.1451,1,1316.889,343.357,1354.091,417.5645
55.15353,1,1316.889,343.357,1335.49,380.4608
55.16662,1,1287.325,279.4918,1311.407,329.9763
55.17686,1,1287.325,279.4918,1299.366,304.734
55.18764,1,1287.325,279.4918,1293.346,292.1129
55.19789,1,1276.047,251.267,1284.697,271.69
55.21124,1,1276.047,251.267,1280.372,261.4785
55.21812,1,1276.047,251.267,1278.209,256.3727
55.22997,1,1268.982,237.8198,1273.596,247.0963
55.24016,1,1268.982,237.8198,1271.289,242.4581
55.26163,1,1271.78,232.5656,1271.535,237.5118
55.2686,1,1271.78,232.5656,1271.657,235.0387
55.27782,1,1271.78,232.5656,1271.719,233.8022
55.29009,1,1284.754,237.5551,1278.237,235.6786
55.29983,1,1284.754,237.5551,1281.495,236.6169
55.3134,1,1284.754,237.5551,1283.125,237.086
55.3217,1,1298.824,251.0901,1290.975,244.0881
55.33411,1,1298.824,251.0901,1294.9,247.5891
55.34528,1,1298.824,251.0901,1296.862,249.3396
55.35466,1,1311.943,279.6935,1304.403,264.5166
55.36645,1,1311.943,279.6935,1308.173,272.105
55.37585,1,1311.943,279.6935,1310.058,275.8993
55.38677,1,1343.456,365.5948,1326.757,320.7471
55.39707,1,1343.456,365.5948,1335.107,343.171
55.40993,1,1377.256,465.8366,1356.181,404.5038
55.41998,1,1377.256,465.8366,1366.719,435.1702
55.43227,1,1377.256,465.8366,1371.987,450.5034
55.44485,1,1400.108,532.7185,1386.048,491.611
55.45296,1,1400.108,532.7185,1393.078,512.1647
55.46581,1,1400.108,532.7185,1396.593,522.4417
55.47604,1,1413.443,570.6782,1405.018,546.5599
55.48643,1,1413.443,570.6782,1409.23,558.6191
55.49635,1,1413.443,570.6782,1411.336,564.6487
55.5066,1,1420.802,590.4604,1416.069,577.5546
55.51788,1,1420.802,590.4604,1418.436,584.0074
55.53059,1,1423.006,599.3851,1420.721,591.6963
55.54449,1,1423.006,599.3851,1421.864,595.5406
55.55145,1,1423.006,599.3851,1422.435,597.4629
55.56422,1,1425.145,605.5388,1423.79,601.5009
55.57229,1,1425.145,605.5388,1424.467,603.5198
55.58492,1,1425.145,605.5388,1424.806,604.5293
55.59519,1,1432.852,609.3891,1428.829,606.9592
55.60626,1,1432.852,609.3891,1430.84,608.1742
55.61607,1,1432.852,609.3891,1431.846,608.7816
55.62742,1,1438.686,611.4364,1435.266,610.109
55.63634,1,1438.686,611.4364,1436.976,610.7727
55.64755,1,1438.686,611.4364,1437.831,611.1046
55.65833,1,1441.699,612.9044,1439.765,612.0045
55.67084,1,1441.699,612.9044,1440.732,612.4545
55.68019,1,1443.521,613.1883,1442.126,612.8214
55.69314,1,1443.521,613.1883,1442.824,613.0049
55.70335,1,1443.521,613.1883,1443.172,613.0966
55.71504,1,1445.518,613.7708,1444.345,613.4337
55.72709,1,1445.518,613.7708,1444.931,613.6022
55.73741,1,1445.518,613.7708,1445.224,613.6865
55.74892,1,1446.606,614.7526,1445.915,614.2195
55.75885,1,1446.606,614.7526,1446.26,614.486
55.77077,1,1447.164,615.9191,1446.712,615.2025
55.78295,1,1447.164,615.9191,1446.938,615.5608
55.79283,1,1447.164,615.9191,1447.051,615.7399
55.80394,1,1447.362,616.1526,1447.207,615.9463
55.81474,1,1447.362,616.1526,1447.284,616.0494
55.82722,1,1447.362,616.1526,1447.323,616.101
55.8371,1,1447.278,616.0084,1447.3,616.0547
55.8499,1,1447.278,616.0084,1447.289,616.0315
55.86069,1,1447.058,615.8503,1447.173,615.9409
55.87138,1,1447.058,615.8503,1447.116,615.8956
55.88121,1,1447.058,615.8503,1447.087,615.873
55.89365,1,1446.651,616.1975,1446.869,616.0353
55.90366,1,1446.651,616.1975,1446.76,616.1164
55.91321,1,1446.651,616.1975,1446.706,616.157
55.92825,1,1446.326,616.108,1446.516,616.1324
55.93621,1,1446.326,616.108,1446.421,616.1202
55.95178,1,1446.062,615.8997,1446.241,616.0099
55.95907,1,1446.062,615.8997,1446.152,615.9548
55.97066,1,1446.062,615.8997,1446.107,615.9272
55.98551,1,1445.666,615.805,1445.886,615.8661
55.99788,1,1445.666,615.805,1445.776,615.8356
56.00698,1,1445.666,615.805,1445.721,615.8203
56.01484,1,1445.42,615.6702,1445.571,615.7452
56.02846,1,1445.42,615.6702,1445.495,615.7078
56.03786,1,1445.42,615.6702,1445.458,615.689
56.05032,1,1445.15,615.4928,1445.304,615.5909
56.06335,1,1445.15,615.4928,1445.227,615.5419
56.07596,1,1444.687,615.4012,1444.957,615.4716
56.08557,1,1444.687,615.4012,1444.822,615.4364
56.09445,1,1444.687,615.4012,1444.754,615.4188
56.106,1,1444.187,615.1006,1444.471,615.2597
56.11752,1,1444.187,615.1006,1444.329,615.1802
56.13188,1,1443.98,615.1155,1444.154,615.1478
56.13992,1,1443.98,615.1155,1444.067,615.1317
56.15283,1,1443.98,615.1155,1444.023,615.1237
56.16425,1,1443.563,614.9581,1443.793,615.0409
56.1762,1,1443.563,614.9581,1443.678,614.9995
56.18905,1,1443.563,614.9581,1443.62,614.9788
56.19817,1,1442.925,614.3652,1443.273,614.672
56.21149,1,1442.925,614.3652,1443.099,614.5186
56.21986,1,1442.925,614.3652,1443.012,614.4419
56.23263,1,1442.17,614.1591,1442.591,614.3005
56.24535,1,1442.17,614.1591,1442.381,614.2297
56.25406,1,1441.253,613.6661,1441.817,613.9479
56.2673,1,1441.253,613.6661,1441.535,613.807
56.27766,1,1441.253,613.6661,1441.394,613.7366
56.28887,1,1440.17,612.7441,1440.782,613.2404
56.29923,1,1440.17,612.7441,1440.476,612.9922
56.31265,1,1440.17,612.7441,1440.323,612.8682
56.32184,1,1438.831,612.0303,1439.577,612.4492
56.33566,1,1438.831,612.0303,1439.204,612.2397
56.34731,1,1437.418,610.9949,1438.311,611.6173
56.3568,1,1437.418,610.9949,1437.864,611.3061
56.36959,1,1437.418,610.9949,1437.641,611.1505
56.37933,1,1435.804,610.1793,1436.722,610.6649
56.39133,1,1435.804,610.1793,1436.263,610.4221
56.40052,1,1435.804,610.1793,1436.034,610.3007
56.41393,1,1433.839,609.5544,1434.936,609.9276
56.42283,1,1433.839,609.5544,1434.388,609.741
56.43407,1,1431.96,608.9453,1433.174,609.3431
56.44794,1,1431.96,608.9453,1432.567,609.1442
56.45469,1,1431.96,608.9453,1432.263,609.0447
56.46763,1,1430.392,607.8143,1431.328,608.4294
56.4791,1,1430.392,607.8143,1430.86,608.1218
56.48973,1,1430.392,607.8143,1430.626,607.968
56.49934,1,1428.72,606.8208,1429.673,607.3944
56.51132,1,1428.72,606.8208,1429.197,607.1076
56.5204,1,1428.72,606.8208,1428.958,606.9642
56.54147,1,1426.99,605.7167,1427.974,606.3405
56.54802,1,1426.99,605.7167,1427.482,606.0286
56.55743,1,1424.906,605.0444,1426.194,605.5365
56.56919,1,1424.906,605.0444,1425.55,605.2905
56.57957,1,1424.906,605.0444,1425.228,605.1675
56.59019,1,1423.43,604.8269,1424.329,604.9972
56.6007,1,1423.43,604.8269,1423.88,604.912
56.61272,1,1423.43,604.8269,1423.655,604.8695
56.62337,1,1421.706,606.5901,1422.681,605.7299
56.63351,1,1421.706,606.5901,1422.193,606.16
56.64714,1,1420.07,608.6891,1421.132,607.4246
56.65651,1,1420.07,608.6891,1420.601,608.0568
56.66866,1,1420.07,608.6891,1420.335,608.3729
56.67894,1,1418.155,610.5731,1419.245,609.473
56.69018,1,1418.155,610.5731,1418.7,610.0231
56.70043,1,1418.155,610.5731,1418.427,610.2981
56.71243,1,1415.947,613.0931,1417.187,611.6956
56.72301,1,1415.947,613.0931,1416.567,612.3944
56.73432,1,1415.947,613.0931,1416.257,612.7438
56.74543,1,1413.372,615.8818,1414.815,614.3128
56.7551,1,1413.372,615.8818,1414.093,615.0973
56.76665,1,1411.189,617.8426,1412.641,616.47
56.77737,1,1411.189,617.8426,1411.915,617.1563
56.78791,1,1411.189,617.8426,1411.552,617.4994
56.79893,1,1408.927,620.3176,1410.24,618.9084
56.81283,1,1408.927,620.3176,1409.583,619.613
56.82131,1,1408.927,620.3176,1409.255,619.9653
56.83343,1,1406.754,622.5233,1408.005,621.2443
56.84501,1,1406.754,622.5233,1407.38,621.8838
56.8532,1,1406.754,622.5233,1407.067,622.2036
56.86633,1,1404.361,624.5389,1405.714,623.3712
56.87675,1,1404.361,624.5389,1405.038,623.9551
56.88777,1,1402.087,627.4056,1403.563,625.6803
56.89817,1,1402.087,627.4056,1402.825,626.543
56.91029,1,1402.087,627.4056,1402.456,626.9742
56.91884,1,1400.025,628.9593,1401.241,627.9668
56.93017,1,1400.025,628.9593,1400.633,628.463
56.95763,1,1398.495,630.696,1399.564,629.5795
56.97022,1,1398.495,630.696,1399.029,630.1378
56.97655,1,1398.495,630.696,1398.762,630.4169
56.98526,1,1396.324,632.1555,1397.543,631.2863
56.99561,1,1396.324,632.1555,1396.933,631.7209
57.00735,1,1396.324,632.1555,1396.628,631.9382
57.01788,1,1394.378,634.0581,1395.503,632.9982
57.02941,1,1394.378,634.0581,1394.941,633.5281
57.03977,1,1393.086,636.1558,1394.013,634.842
57.05128,1,1393.086,636.1558,1393.55,635.4989
57.06017,1,1393.086,636.1558,1393.318,635.8274
57.07219,1,1391.078,638.8311,1392.198,637.3292
57.0842,1,1391.078,638.8311,1391.637,638.0802
57.09496,1,1391.078,638.8311,1391.357,638.4557
57.10661,1,1389.425,642.3116,1390.391,640.3837
57.11692,1,1389.425,642.3116,1389.908,641.3477
57.12858,1,1389.425,642.3116,1389.666,641.8297
57.13703,1,1387.431,645.4286,1388.549,643.6292
57.14835,1,1387.431,645.4286,1387.99,644.5289
57.15974,1,1385.513,648.1254,1386.751,646.3271
57.17209,1,1385.513,648.1254,1386.132,647.2263
57.18136,1,1385.513,648.1254,1385.823,647.6759
57.19572,1,1383.336,651.5075,1384.579,649.5917
57.2048,1,1383.336,651.5075,1383.958,650.5496
57.21555,1,1383.336,651.5075,1383.647,651.0286
57.22754,1,1381.062,654.1517,1382.355,652.5901
57.23685,1,1381.062,654.1517,1381.708,653.371
57.24837,1,1381.062,654.1517,1381.385,653.7614
57.25918,1,1379.132,657.1364,1380.259,655.4489
57.27005,1,1379.132,657.1364,1379.695,656.2926
57.27951,1,1379.132,657.1364,1379.414,656.7145
57.29006,1,1376.825,659.4998,1378.119,658.1072
57.30085,1,1376.825,659.4998,1377.472,658.8035
57.31352,1,1374.991,661.7384,1376.231,660.2709
57.32676,1,1374.991,661.7384,1375.611,661.0046
57.33527,1,1374.991,661.7384,1375.301,661.3715
57.34724,1,1373.571,663.9095,1374.436,662.6405
57.35574,1,1373.571,663.9095,1374.003,663.275
57.36866,1,1373.571,663.9095,1373.787,663.5923
57.37914,1,1371.96,665.3452,1372.873,664.4688
57.39046,1,1371.96,665.3452,1372.417,664.907
57.40053,1,1371.96,665.3452,1372.188,665.1261
57.41314,1,1370.883,666.9299,1371.535,666.028
57.42326,1,1370.883,666.9299,1371.209,666.4789
57.43398,1,1369.419,668.3243,1370.314,667.4016
57.44827,1,1369.419,668.3243,1369.867,667.863
57.45555,1,1369.419,668.3243,1369.643,668.0936
57.4674,1,1365.069,670.1805,1367.356,669.1371
57.47781,1,1365.069,670.1805,1366.212,669.6588
57.49004,1,1365.069,670.1805,1365.641,669.9197
57.50058,1,1360.79,672.0493,1363.215,670.9845
57.51329,1,1360.79,672.0493,1362.003,671.5169
57.52303,1,1356.531,673.8546,1359.267,672.6858
57.53509,1,1356.531,673.8546,1357.899,673.2702
57.54696,1,1356.531,673.8546,1357.215,673.5624
57.55662,1,1352.344,675.238,1354.78,674.4002
57.57115,1,1352.344,675.238,1353.562,674.8191
57.58017,1,1352.344,675.238,1352.953,675.0286
57.59068,1,1349.042,676.8868,1350.997,675.9576
57.6018,1,1349.042,676.8868,1350.019,676.4222
57.61389,1,1345.749,678.0872,1347.884,677.2547
57.62434,1,1345.749,678.0872,1346.816,677.6709
57.63489,1,1345.749,678.0872,1346.282,677.879
57.64671,1,1342.973,679.6061,1344.628,678.7426
57.65555,1,1342.973,679.6061,1343.801,679.1743
57.66831,1,1342.973,679.6061,1343.387,679.3903
57.67948,1,1339.875,681.1379,1341.631,680.2641
57.69139,1,1339.875,681.1379,1340.753,680.701
57.7018,1,1339.875,681.1379,1340.314,680.9195
57.7151,1,1337.471,681.9893,1338.893,681.4543
57.72574,1,1337.471,681.9893,1338.182,681.7218
57.7352,1,1335.386,683.1619,1336.784,682.4419
57.74762,1,1335.386,683.1619,1336.085,682.8019
57.75816,1,1335.386,683.1619,1335.736,682.9819
57.76729,1,1333.327,685.192,1334.531,684.087
57.77805,1,1333.327,685.192,1333.929,684.6395
57.7905,1,1333.327,685.192,1333.628,684.9158
57.80043,1,1331.243,687.5648,1332.436,686.2402
57.81224,1,1331.243,687.5648,1331.84,686.9025
57.82123,1,1331.243,687.5648,1331.542,687.2336
57.83428,1,1329.51,689.7162,1330.526,688.475
57.84552,1,1329.51,689.7162,1330.018,689.0956
57.85514,1,1327.466,692.6981,1328.742,690.8969
57.8662,1,1327.466,692.6981,1328.104,691.7975
57.87792,1,1327.466,692.6981,1327.785,692.2478
57.88972,1,1325.256,695.1539,1326.52,693.7008
57.89986,1,1325.256,695.1539,1325.888,694.4274
57.91241,1,1325.256,695.1539,1325.572,694.7906
57.92398,1,1323.381,697.6727,1324.477,696.2317
57.93331,1,1323.381,697.6727,1323.929,696.9521
57.94577,1,1321.796,704.341,1322.863,700.6466
57.95512,1,1321.796,704.341,1322.329,702.4938
57.96584,1,1321.796,704.341,1322.063,703.4174
57.98943,1,1320.284,711.022,1321.174,707.2197
57.99514,1,1320.284,711.022,1320.729,709.1208
58.0022,1,1320.284,711.022,1320.507,710.0714
58.01337,1,1318.94,717.7206,1319.723,713.896
58.02502,1,1318.94,717.7206,1319.332,715.8083
58.0335,1,1318.94,717.7206,1319.136,716.7645
58.04616,1,1317.959,723.7173,1318.547,720.241
58.05531,1,1317.959,723.7173,1318.253,721.9791
58.0678,1,1316.505,729.9331,1317.379,725.9561
58.07906,1,1316.505,729.9331,1316.942,727.9446
58.08835,1,1316.505,729.9331,1316.723,728.9388
58.09927,1,1315.235,735.2939,1315.979,732.1164
58.11256,1,1315.235,735.2939,1315.607,733.7052
58.12065,1,1315.235,735.2939,1315.421,734.4996
58.134,1,1314.145,739.1158,1314.783,736.8077
58.14638,1,1314.145,739.1158,1314.464,737.9617
58.15434,1,1314.145,739.1158,1314.305,738.5388
58.16759,1,1312.468,740.785,1313.386,739.6619
58.17741,1,1312.468,740.785,1312.927,740.2234
58.18835,1,1310.12,741.5639,1311.524,740.8937
58.19913,1,1310.12,741.5639,1310.822,741.2288
58.21103,1,1310.12,741.5639,1310.471,741.3964
58.21933,1,1307.964,741.5294,1309.218,741.4629
58.23267,1,1307.964,741.5294,1308.591,741.4961
58.24522,1,1307.964,741.5294,1308.278,741.5127
58.25526,1,1305.948,741.2579,1307.113,741.3853
58.26736,1,1305.948,741.2579,1306.531,741.3217
58.27705,1,1303.843,741.3663,1305.187,741.344
58.28757,1,1303.843,741.3663,1304.515,741.3552
58.2977,1,1303.843,741.3663,1304.178,741.3607
58.31074,1,1301.98,741.7064,1303.079,741.5336
58.31924,1,1301.98,741.7064,1302.53,741.62
58.33157,1,1301.98,741.7064,1302.255,741.6632
58.34373,1,1300.915,742.3181,1301.585,741.9906
58.35216,1,1300.915,742.3181,1301.25,742.1543
58.3653,1,1300.915,742.3181,1301.083,742.2362
58.3772,1,1299.303,742.8834,1300.193,742.5598
58.38743,1,1299.303,742.8834,1299.748,742.7216
58.39901,1,1298.028,743.2213,1298.888,742.9714
58.41102,1,1298.028,743.2213,1298.458,743.0963
58.41972,1,1298.028,743.2213,1298.243,743.1588
58.43153,1,1296.277,743.6098,1297.26,743.3843
58.44324,1,1296.277,743.6098,1296.768,743.4971
58.45193,1,1296.277,743.6098,1296.523,743.5535
58.46432,1,1294.541,744.1367,1295.532,743.8451
58.47575,1,1294.541,744.1367,1295.037,743.9909
58.48627,1,1294.541,744.1367,1294.789,744.0638
58.49626,1,1292.79,745.0052,1293.789,744.5345
58.50961,1,1292.79,745.0052,1293.29,744.7699
58.51984,1,1290.797,745.9816,1292.043,745.3757
58.53115,1,1290.797,745.9816,1291.42,745.6787
58.54324,1,1290.797,745.9816,1291.109,745.8302
58.55211,1,1288.612,746.8966,1289.86,746.3634
58.56583,1,1288.612,746.8966,1289.236,746.63
58.57579,1,1288.612,746.8966,1288.924,746.7633
58.58663,1,1286.921,747.8466,1287.923,747.3049
58.59605,1,1286.921,747.8466,1287.422,747.5758
58.60686,1,1286.921,747.8466,1287.172,747.7112
58.61695,1,1285.075,748.4726,1286.124,748.0919
58.62915,1,1285.075,748.4726,1285.599,748.2822
58.63837,1,1285.075,748.4726,1285.337,748.3774
58.64835,1,1283.477,749.6251,1284.407,749.0013
58.65672,1,1283.477,749.6251,1283.942,749.3132
58.66948,1,1282.129,750.8268,1283.036,750.0701
58.6807,1,1282.129,750.8268,1282.583,750.4485
58.69107,1,1282.129,750.8268,1282.356,750.6377
58.70126,1,1280.403,752.1758,1281.379,751.4067
58.71303,1,1280.403,752.1758,1280.891,751.7913
58.72314,1,1280.403,752.1758,1280.647,751.9835
58.7334,1,1278.929,753.8223,1279.788,752.903
58.74632,1,1278.929,753.8223,1279.358,753.3627
58.7552,1,1278.929,753.8223,1279.144,753.5925
58.76738,1,1277.552,755.3226,1278.348,754.4575
58.77868,1,1277.552,755.3226,1277.95,754.89
58.78951,1,1277.552,755.3226,1277.75,755.1063
58.80026,1,1275.753,756.3205,1276.752,755.7134
58.81355,1,1275.753,756.3205,1276.252,756.017
58.82368,1,1273.585,757.6047,1274.919,756.8109
58.83336,1,1273.585,757.6047,1274.252,757.2078
58.84454,1,1273.585,757.6047,1273.918,757.4063
58.85345,1,1271.752,758.9846,1272.835,758.1954
58.86735,1,1271.752,758.9846,1272.294,758.59
58.87743,1,1271.752,758.9846,1272.023,758.7874
58.88931,1,1270.428,760.3247,1271.226,759.556
58.89976,1,1270.428,760.3247,1270.827,759.9404
58.911,1,1270.428,760.3247,1270.628,760.1326
58.9194,1,1269.033,761.2055,1269.83,760.6691
58.93123,1,1269.033,761.2055,1269.432,760.9373
58.94325,1,1266.466,762.8124,1267.949,761.8748
58.95013,1,1266.466,762.8124,1267.208,762.3436
58.96365,1,1266.466,762.8124,1266.837,762.578
58.97221,1,1263.158,765.2102,1264.997,763.8941
58.98397,1,1263.158,765.2102,1264.078,764.5521
58.99439,1,1263.158,765.2102,1263.618,764.8812
59.00574,1,1260.096,766.9628,1261.857,765.922
59.01753,1,1260.096,766.9628,1260.976,766.4424
59.03003,1,1260.096,766.9628,1260.536,766.7026
59.03836,1,1256.713,769.3558,1258.624,768.0292
59.05175,1,1256.713,769.3558,1257.668,768.6925
59.06127,1,1256.713,769.3558,1257.19,769.0242
59.07243,1,1253.316,771.6259,1255.253,770.3251
59.08427,1,1253.316,771.6259,1254.285,770.9755
59.09452,1,1250.122,773.3778,1252.204,772.1766
59.10695,1,1250.122,773.3778,1251.163,772.7772
59.117,1,1250.122,773.3778,1250.643,773.0775
59.12962,1,1247.16,775.029,1248.901,774.0532
59.14535,1,1247.16,775.029,1248.031,774.5411
59.15736,1,1244.499,777.0345,1246.265,775.7878
59.1654,1,1244.499,777.0345,1245.382,776.4111
59.17277,1,1244.499,777.0345,1244.94,776.7228
59.18595,1,1241.475,778.53,1243.208,777.6264
59.19561,1,1241.475,778.53,1242.342,778.0782
59.20851,1,1241.475,778.53,1241.908,778.3041
59.21779,1,1239.137,780.437,1240.523,779.3705
59.2299,1,1239.137,780.437,1239.83,779.9037
59.24341,1,1237.279,782.0994,1238.555,781.0016
59.25646,1,1237.279,782.0994,1237.917,781.5505
59.26535,1,1237.279,782.0994,1237.598,781.825
59.27362,1,1235.171,784.2366,1236.384,783.0308
59.28683,1,1235.171,784.2366,1235.778,783.6337
59.29679,1,1235.171,784.2366,1235.474,783.9351
59.30708,1,1232.998,786.2499,1234.236,785.0925
59.31741,1,1232.998,786.2499,1233.617,785.6712
59.32969,1,1232.998,786.2499,1233.308,785.9606
59.33956,1,1230.998,789.5421,1232.153,787.7513
59.35196,1,1230.998,789.5421,1231.575,788.6467
59.36353,1,1207.883,786.749,1219.729,787.6979
59.37302,1,1207.883,786.749,1213.806,787.2234
59.38447,1,1207.883,786.749,1210.845,786.9862
59.3949,1,1082.82,741.8203,1146.832,764.4033
59.40529,1,1082.82,741.8203,1114.826,753.1118
59.41591,1,1082.82,741.8203,1098.823,747.4661
59.42885,1,845.9003,630.0825,972.3616,688.7743
59.43834,1,845.9003,630.0825,909.131,659.4283
59.45034,1,845.9003,630.0825,877.5156,644.7554
59.46145,1,672.587,538.8402,775.0513,591.7978
59.47253,1,672.587,538.8402,723.8192,565.319
59.4851,1,588.176,495.1926,655.9976,530.2558
59.49644,1,588.176,495.1926,622.0868,512.7242
59.50748,1,588.176,495.1926,605.1314,503.9584
59.51729,1,550.2317,478.753,577.6815,491.3557
59.52944,1,550.2317,478.753,563.9566,485.0544
59.53794,1,550.2317,478.753,557.0941,481.9037
59.54996,1,533.5432,470.4038,545.3186,476.1537
59.56059,1,533.5432,470.4038,539.4309,473.2788
59.57104,1,533.5432,470.4038,536.4871,471.8413
59.58142,1,524.3352,465.4306,530.4111,468.636
59.5938,1,524.3352,465.4306,527.3732,467.0333
59.60355,1,524.3352,465.4306,525.8542,466.232
59.61451,1,518.1576,466.151,522.0059,466.1915
59.6284,1,518.1576,466.151,520.0817,466.1713
59.63538,1,518.1576,466.151,519.1196,466.1611
59.64884,1,514.3126,469.7075,516.7161,467.9343
59.65802,1,514.3126,469.7075,515.5143,468.8209
59.6703,1,512.8962,470.7066,514.2053,469.7638
59.68021,1,512.8962,470.7066,513.5508,470.2352
59.69131,1,512.8962,470.7066,513.2235,470.4709
59.7013,1,512.9905,471.301,513.1071,470.8859
59.71626,1,512.9905,471.301,513.0488,471.0934
59.72744,1,512.1396,471.8113,512.5942,471.4524
59.73719,1,512.1396,471.8113,512.3669,471.6319
59.74902,1,512.1396,471.8113,512.2533,471.7216
59.75938,1,512.6393,472.8039,512.4463,472.2628
59.76964,1,512.6393,472.8039,512.5428,472.5333
59.77974,1,512.6393,472.8039,512.5911,472.6686
59.79327,1,512.6693,472.4221,512.6301,472.5453
59.80157,1,512.6693,472.4221,512.6497,472.4837
59.81351,1,512.6693,472.4221,512.6594,472.4529
59.82347,1,510.8327,481.8031,511.746,477.128
59.83335,1,510.8327,481.8031,511.2894,479.4656
59.84718,1,501.3967,549.0121,506.343,514.2388
59.85606,1,501.3967,549.0121,503.8699,531.6255
59.86703,1,501.3967,549.0121,502.6333,540.3188
59.87749,1,501.3967,549.0121,502.015,544.6654
59.88811,1,484.0158,664.033,493.0154,604.3492
59.90933,1,473.4191,746.6446,483.2173,675.4969
59.91729,1,473.4191,746.6446,478.3182,711.0707
59.92775,1,473.4191,746.6446,475.8687,728.8577
59.93646,1,473.4191,746.6446,474.6439,737.7511
59.94923,1,463.6022,793.3262,469.123,765.5386
59.96,1,463.6022,793.3262,466.3626,779.4324
59.97031,1,458.8507,817.8591,462.6067,798.6458
59.98019,1,458.8507,817.8591,460.7287,808.2524
59.99355,1,458.8507,817.8591,459.7897,813.0558
60.00203,1,457.9461,831.6885,458.8679,822.3722
60.01331,1,457.9461,831.6885,458.407,827.0304
60.02312,1,457.9461,831.6885,458.1766,829.3595
60.03412,1,459.0605,839.5839,458.6185,834.4717
60.04585,1,459.0605,839.5839,458.8395,837.0278
60.05466,1,459.0605,839.5839,458.95,838.3058
60.06759,1,525.4628,817.8226,492.2064,828.0642
60.07772,1,525.4628,817.8226,508.8346,822.9434
60.08909,1,525.4628,817.8226,517.1487,820.3831
60.09935,1,619.3926,786.486,568.2706,803.4345
60.11029,1,619.3926,786.486,593.8316,794.9602
60.11912,1,619.3926,786.486,606.6121,790.7231
60.13137,1,716.1012,755.9167,661.3566,773.3199
60.1401,1,716.1012,755.9167,688.7289,764.6183
60.15356,1,791.8663,731.2971,740.2976,747.9576
60.16421,1,791.8663,731.2971,766.082,739.6273
60.17342,1,791.8663,731.2971,778.9741,735.4622
60.18882,1,841.9233,716.4023,810.4487,725.9323
60.19765,1,841.9233,716.4023,826.186,721.1672
60.20806,1,841.9233,716.4023,834.0547,718.7848
60.21914,1,874.1558,707.1213,854.1052,712.953
60.2308,1,874.1558,707.1213,864.1305,710.0371
60.24086,1,971.4513,726.3535,917.7909,718.1953
60.25259,1,971.4513,726.3535,944.6211,722.2744
60.26411,1,971.4513,726.3535,958.0362,724.314
60.27275,1,1100.737,775.3195,1029.387,749.8167
60.28606,1,1100.737,775.3195,1065.062,762.5681
60.29565,1,1100.737,775.3195,1082.9,768.9438
60.30738,1,1181.406,804.3782,1132.153,786.661
60.31767,1,1181.406,804.3782,1156.779,795.5197
60.33039,1,1181.406,804.3782,1169.092,799.949
60.33865,1,1224.046,819.5333,1196.569,809.7411
60.35022,1,1224.046,819.5333,1210.308,814.6372
60.36078,1,1248.804,826.483,1229.556,820.5601
60.37331,1,1248.804,826.483,1239.18,823.5216
60.38455,1,1248.804,826.483,1243.992,825.0023
60.39506,1,1261.188,831.6009,1252.59,828.3016
60.40748,1,1261.188,831.6009,1256.889,829.9513
60.41709,1,1261.188,831.6009,1259.039,830.7761
60.4295,1,1268.943,834.02,1263.991,832.3981
60.43919,1,1268.943,834.02,1266.467,833.209
60.45165,1,1268.943,834.02,1267.705,833.6145
60.46363,1,1330.884,818.7401,1299.295,826.1773
60.47481,1,1330.884,818.7401,1315.089,822.4587
60.48632,1,1409.503,803.6268,1362.296,813.0427
60.49585,1,1409.503,803.6268,1385.9,808.3347
60.50681,1,1409.503,803.6268,1397.701,805.9807
60.5191,1,1458.114,793.5297,1427.908,799.7552
60.53115,1,1458.114,793.5297,1443.011,796.6425
60.54408,1,1490.075,787.7043,1466.543,792.1734
60.55136,1,1490.075,787.7043,1478.309,789.9388
60.56301,1,1490.075,787.7043,1484.192,788.8216
60.57207,1,1490.075,787.7043,1487.133,788.2629
60.58455,1,1510.27,785.4568,1498.701,786.8599
60.59512,1,1510.27,785.4568,1504.485,786.1583
60.61254,1,1522.586,785.0191,1513.536,785.5887
60.62418,1,1522.586,785.0191,1518.061,785.304
60.63299,1,1529.46,785.0422,1523.76,785.1731
60.64552,1,1529.46,785.0422,1526.61,785.1077
60.65341,1,1529.46,785.0422,1528.035,785.075
60.66398,1,1534.463,784.3978,1531.249,784.7363
60.67641,1,1534.463,784.3978,1532.856,784.567
60.6852,1,1534.463,784.3978,1533.66,784.4824
60.69605,1,1535.158,782.0793,1534.409,783.2809
60.70672,1,1535.158,782.0793,1534.783,782.6801
60.71809,1,1535.158,782.0793,1534.97,782.3796
60.73011,1,1478.886,744.6808,1506.928,763.5302
60.73927,1,1478.886,744.6808,1492.907,754.1055
60.75105,1,1478.886,744.6808,1485.896,749.3931
60.76488,1,1273.016,577.2846,1379.456,663.3389
60.77253,1,1273.016,577.2846,1326.236,620.3118
60.78469,1,1082.725,409.182,1204.48,514.7469
60.79473,1,1082.725,409.182,1143.603,461.9645
60.80598,1,1082.725,409.182,1113.164,435.5732
60.81792,1,994.1552,326.5374,1053.659,381.0553
60.82993,1,994.1552,326.5374,1023.907,353.7963
60.83903,1,994.1552,326.5374,1009.031,340.1669
60.85269,1,901.83,377.7591,955.4307,358.963
60.86147,1,901.83,377.7591,928.6304,368.361
60.87171,1,901.83,377.7591,915.2302,373.0601
60.88387,1,843.8499,483.3551,879.54,428.2076
60.89389,1,843.8499,483.3551,861.6949,455.7813
60.90498,1,818.1736,548.4489,839.9343,502.1151
60.91794,1,818.1736,548.4489,829.054,525.282
60.92931,1,818.1736,548.4489,823.6138,536.8654
60.93981,1,803.8389,586.5006,813.7263,561.683
60.95149,1,803.8389,586.5006,808.7826,574.0918
60.96156,1,803.8389,586.5006,806.3107,580.2962
60.97295,1,794.203,611.299,800.2568,595.7976
60.98476,1,794.203,611.299,797.2299,603.5483
60.9948,1,794.203,611.299,795.7164,607.4236
61.00533,1,791.0454,630.0583,793.3809,618.741
61.01592,1,791.0454,630.0583,792.2131,624.3997
61.02868,1,794.7826,649.3885,793.4979,636.894
61.03848,1,794.7826,649.3885,794.1403,643.1412
61.05096,1,794.7826,649.3885,794.4614,646.2649
61.06147,1,797.2305,663.6887,795.8459,654.9768
61.0732,1,797.2305,663.6887,796.5382,659.3328
61.08386,1,797.2305,663.6887,796.8844,661.5107
61.09425,1,798.7356,673.608,797.81,667.5594
61.10629,1,798.7356,673.608,798.2728,670.5837
61.11632,1,798.7356,673.608,798.5042,672.0959
61.1302,1,802.9112,685.861,800.7077,678.9784
61.13829,1,802.9112,685.861,801.8094,682.4197
61.1516,1,807.2952,696.9608,804.5524,689.6902
61.1629,1,807.2952,696.9608,805.9238,693.3256
61.17146,1,807.2952,696.9608,806.6095,695.1432
61.18431,1,810.3765,704.2474,808.493,699.6953
61.20518,1,810.3765,704.2474,809.4347,701.9714
61.21053,1,812.3959,708.0245,810.9153,704.9979
61.21671,1,812.3959,708.0245,811.6556,706.5112
61.22919,1,812.3959,708.0245,812.0258,707.2678
61.2391,1,814.4007,710.7804,813.2133,709.0241
61.25152,1,814.4007,710.7804,813.807,709.9022
61.26371,1,814.4007,710.7804,814.1039,710.3413
61.27215,1,815.4448,713.8561,814.7743,712.0988
61.2852,1,815.4448,713.8561,815.1095,712.9774
61.29633,1,815.4448,713.8561,815.2771,713.4167
61.31111,1,816.3506,716.394,815.8138,714.9054
61.31827,1,816.3506,716.394,816.0822,715.6497
61.33054,1,817.249,719.0299,816.6656,717.3398
61.33904,1,817.249,719.0299,816.9573,718.1849
61.35182,1,817.249,719.0299,817.1031,718.6074
61.36377,1,817.5439,721.0295,817.3235,719.8185
61.38556,1,817.5439,721.0295,817.4337,720.424
61.39085,1,817.8118,723.1758,817.6227,721.7999
61.39833,1,817.8118,723.1758,817.7173,722.4878
61.41202,1,817.8118,723.1758,817.7645,722.8318
61.41875,1,817.9581,725.5175,817.8613,724.1747
61.43176,1,817.9581,725.5175,817.9097,724.8461
61.44353,1,817.9581,725.5175,817.934,725.1818
61.45225,1,817.8582,727.2249,817.8961,726.2034
61.46407,1,817.8582,727.2249,817.8772,726.7141
61.47456,1,817.8582,727.2249,817.8677,726.9695
61.48684,1,818.194,728.8007,818.0308,727.8851
61.49651,1,818.194,728.8007,818.1124,728.3429
61.5065,1,818.194,728.8007,818.1532,728.5718
61.51867,1,818.3856,730.2368,818.2694,729.4043
61.53084,1,818.3856,730.2368,818.3275,729.8206
61.54112,1,818.4819,731.8867,818.4047,730.8536
61.55278,1,818.4819,731.8867,818.4434,731.3701
61.56449,1,818.4819,731.8867,818.4626,731.6284
61.5731,1,818.8358,733.1483,818.6492,732.3883
61.58556,1,818.8358,733.1483,818.7426,732.7683
61.59675,1,818.8358,733.1483,818.7892,732.9583
61.60755,1,819.8366,734.1556,819.3129,733.5569
61.61861,1,819.8366,734.1556,819.5747,733.8562
61.63039,1,862.3744,739.7306,840.9745,736.7934
61.63895,1,862.3744,739.7306,851.6744,738.262
61.65367,1,862.3744,739.7306,857.0244,738.9963
61.66481,1,1072.96,767.8752,964.9921,753.4358
61.67512,1,1072.96,767.8752,1018.976,760.6555
61.68591,1,1072.96,767.8752,1045.968,764.2654
61.69652,1,1331.706,805.1561,1188.837,784.7107
61.70987,1,1331.706,805.1561,1260.271,794.9333
61.71868,1,1331.706,805.1561,1295.989,800.0447
61.73045,1,1476.565,829.3644,1386.277,814.7046
61.74016,1,1476.565,829.3644,1431.421,822.0345
61.75187,1,1548.433,840.9941,1489.927,831.5143
61.76134,1,1548.433,840.9941,1519.18,836.2542
61.77232,1,1548.433,840.9941,1533.807,838.6241
61.78358,1,1584.115,847.5949,1558.961,843.1095
61.79496,1,1584.115,847.5949,1571.538,845.3522
61.8089,1,1584.115,847.5949,1577.826,846.4735
61.82003,1,1601.147,852.5927,1589.487,849.5331
61.82952,1,1601.147,852.5927,1595.317,851.0629
61.83804,1,1601.147,852.5927,1598.232,851.8278
61.84923,1,1610.264,855.3193,1604.248,853.5735
61.85978,1,1610.264,855.3193,1607.256,854.4464
61.87115,1,1610.264,855.3193,1608.76,854.8829
61.88543,1,1613.57,857.3684,1611.165,856.1256
61.89581,1,1613.57,857.3684,1612.368,856.747
61.90607,1,1616.335,857.6022,1614.351,857.1746
61.91327,1,1616.335,857.6022,1615.343,857.3884
61.92337,1,1616.335,857.6022,1615.839,857.4952
61.93343,1,1617.096,857.5175,1616.467,857.5063
61.94633,1,1617.096,857.5175,1616.782,857.5119
61.95499,1,1617.096,857.5175,1616.939,857.5146
61.96822,1,1617.218,858.0635,1617.078,857.7891
61.97907,1,1617.218,858.0635,1617.148,857.9263
62.00781,1,1618.372,851.1243,1617.76,854.5253
62.01384,1,1618.372,851.1243,1618.066,852.8248
62.02039,1,1618.372,851.1243,1618.219,851.9745
62.03288,1,1618.995,844.2134,1618.607,848.0939
62.04515,1,1618.995,844.2134,1618.801,846.1537
62.05393,1,1618.17,838.8011,1618.486,842.4774
62.06738,1,1618.17,838.8011,1618.328,840.6393
62.07877,1,1618.17,838.8011,1618.249,839.7202
62.08997,1,1617.629,833.4688,1617.939,836.5945
62.10027,1,1617.629,833.4688,1617.784,835.0316
62.11423,1,1616.36,828.8566,1617.072,831.9441
62.12445,1,1616.36,828.8566,1616.716,830.4003
62.13613,1,1616.36,828.8566,1616.538,829.6284
62.14871,1,1615.19,824.1076,1615.864,826.868
62.15958,1,1615.19,824.1076,1615.527,825.4878
62.17059,1,1615.19,824.1076,1615.359,824.7977
62.1814,1,1613.938,820.0495,1614.649,822.4236
62.19362,1,1613.938,820.0495,1614.294,821.2366
62.20487,1,1612.361,815.8134,1613.327,818.525
62.2141,1,1612.361,815.8134,1612.844,817.1692
62.22794,1,1612.361,815.8134,1612.602,816.4913
62.2345,1,1610.245,813.2053,1611.424,814.8483
62.24737,1,1610.245,813.2053,1610.834,814.0267
62.25633,1,1610.245,813.2053,1610.54,813.616
62.26852,1,1609,809.4471,1609.77,811.5316
62.27956,1,1609,809.4471,1609.385,810.4894
62.29153,1,1609,809.4471,1609.193,809.9683
62.30389,1,1607.516,805.5515,1608.354,807.7599
62.31469,1,1607.516,805.5515,1607.935,806.6556
62.32742,1,1605.223,801.1953,1606.579,803.9255
62.33676,1,1605.223,801.1953,1605.901,802.5604
62.34785,1,1605.223,801.1953,1605.562,801.8779
62.35686,1,1603.052,797.4199,1604.307,799.6489
62.36934,1,1603.052,797.4199,1603.68,798.5344
62.37949,1,1603.052,797.4199,1603.366,797.9771
62.39348,1,1600.894,794.3358,1602.13,796.1564
62.40157,1,1600.894,794.3358,1601.512,795.2461
62.41414,1,1600.894,794.3358,1601.203,794.7909
62.42396,1,1598.332,791.234,1599.767,793.0125
62.43427,1,1598.332,791.234,1599.05,792.1232
62.44643,1,1596.08,789.0039,1597.565,790.5636
62.45804,1,1596.08,789.0039,1596.822,789.7838
62.46948,1,1596.08,789.0039,1596.451,789.3938
62.47873,1,1594.397,787.2471,1595.424,788.3204
62.48985,1,1594.397,787.2471,1594.911,787.7838
62.50021,1,1594.397,787.2471,1594.654,787.5154
62.5116,1,1592.717,785.8903,1593.685,786.7028
62.52085,1,1592.717,785.8903,1593.201,786.2965
62.53163,1,1592.717,785.8903,1592.959,786.0934
62.55338,1,1591.276,785.2164,1592.117,785.6549
62.55899,1,1591.276,785.2164,1591.697,785.4357
62.56733,1,1589.46,784.2428,1590.578,784.8392
62.57745,1,1589.46,784.2428,1590.019,784.541
62.58858,1,1589.46,784.2428,1589.74,784.3919
62.59832,1,1587.203,783.5994,1588.471,783.9956
62.61066,1,1587.203,783.5994,1587.837,783.7975
62.62017,1,1587.203,783.5994,1587.52,783.6984
62.63173,1,1585.885,782.7419,1586.702,783.2202
62.64005,1,1585.885,782.7419,1586.293,782.981
62.65256,1,1585.885,782.7419,1586.089,782.8615
62.66451,1,1584.932,782.3545,1585.511,782.608
62.67334,1,1584.932,782.3545,1585.221,782.4812
62.68459,1,1584.932,782.3545,1585.077,782.4178
62.69477,1,1583.656,781.7067,1584.366,782.0623
62.70511,1,1583.656,781.7067,1584.011,781.8845
62.7152,1,1583.656,781.7067,1583.833,781.7957
62.7276,1,1582.349,781.3378,1583.091,781.5668
62.73603,1,1582.349,781.3378,1582.72,781.4523
62.74849,1,1580.968,780.1869,1581.844,780.8196
62.7593,1,1580.968,780.1869,1581.406,780.5032
62.7711,1,1580.968,780.1869,1581.187,780.3451
62.78359,1,1579.522,779.3339,1580.354,779.8395
62.7942,1,1579.522,779.3339,1579.938,779.5867
62.8055,1,1579.522,779.3339,1579.73,779.4603
62.81555,1,1578.204,778.3384,1578.967,778.8993
62.82832,1,1578.204,778.3384,1578.585,778.6188
62.83739,1,1578.204,778.3384,1578.394,778.4786
62.85008,1,1576.689,776.7358,1577.542,777.6072
62.86057,1,1576.689,776.7358,1577.115,777.1715
62.87177,1,1575.426,775.6029,1576.271,776.3872
62.88301,1,1575.426,775.6029,1575.849,775.9951
62.89369,1,1575.426,775.6029,1575.637,775.799
62.90649,1,1573.851,773.5543,1574.744,774.6766
62.91647,1,1573.851,773.5543,1574.298,774.1155
62.92913,1,1572.533,772.0452,1573.415,773.0803
62.93848,1,1572.533,772.0452,1572.974,772.5627
62.95,1,1572.533,772.0452,1572.754,772.304
62.95959,1,1570.844,770.3523,1571.799,771.3281
62.9708,1,1570.844,770.3523,1571.322,770.8402
62.98085,1,1570.844,770.3523,1571.083,770.5963
62.99349,1,1568.333,768.7307,1569.708,769.6635
63.00157,1,1568.333,768.7307,1569.02,769.197
63.01398,1,1568.333,768.7307,1568.677,768.9639
63.02431,1,1566.096,766.4189,1567.386,767.6914
63.03424,1,1566.096,766.4189,1566.741,767.0552
63.04627,1,1566.096,766.4189,1566.419,766.7371
63.05608,1,1564.389,764.0895,1565.404,765.4133
63.06612,1,1564.389,764.0895,1564.896,764.7515
63.07651,1,1564.389,764.0895,1564.643,764.4205
63.08741,1,1562.409,762.0627,1563.526,763.2416
63.09793,1,1562.409,762.0627,1562.967,762.6521
63.11212,1,1560.106,759.2594,1561.537,760.9557
63.11864,1,1560.106,759.2594,1560.822,760.1075
63.13116,1,1560.106,759.2594,1560.464,759.6835
63.14043,1,1558.091,757.5672,1559.278,758.6254
63.15275,1,1558.091,757.5672,1558.684,758.0963
63.165,1,1558.091,757.5672,1558.388,757.8318
63.17745,1,1556.081,755.4991,1557.234,756.6655
63.18664,1,1556.081,755.4991,1556.657,756.0823
63.19613,1,1556.081,755.4991,1556.369,755.7907
63.20708,1,1553.815,753.4473,1555.092,754.619
63.21675,1,1553.815,753.4473,1554.454,754.0332
63.22953,1,1553.815,753.4473,1554.134,753.7402
63.2392,1,1551.477,751.7263,1552.805,752.7333
63.25082,1,1551.477,751.7263,1552.141,752.2298
63.26136,1,1544.963,747.1273,1548.552,749.6786
63.27238,1,1544.963,747.1273,1546.757,748.403
63.28407,1,1544.963,747.1273,1545.86,747.7651
63.29466,1,1540.236,741.1835,1543.048,744.4743
63.30633,1,1540.236,741.1835,1541.642,742.8289
63.31746,1,1540.236,741.1835,1540.939,742.0062
63.32899,1,1537.445,735.3976,1539.192,738.7019
63.33881,1,1537.445,735.3976,1538.318,737.0498
63.3511,1,1537.445,735.3976,1537.881,736.2238
63.36086,1,1534.961,731.559,1536.421,733.8914
63.3724,1,1534.961,731.559,1535.691,732.7252
63.38412,1,1532.827,727.7313,1534.259,730.2283
63.39497,1,1532.827,727.7313,1533.543,728.9797
63.40569,1,1532.827,727.7313,1533.185,728.3555
63.41523,1,1530.164,726.1287,1531.675,727.2421
63.4277,1,1530.164,726.1287,1530.919,726.6854
63.43558,1,1530.164,726.1287,1530.542,726.407
63.44744,1,1528.002,724.7488,1529.272,725.5779
63.45844,1,1528.002,724.7488,1528.637,725.1633
63.47005,1,1528.002,724.7488,1528.319,724.9561
63.4798,1,1526.677,722.7823,1527.498,723.8691
63.49288,1,1526.677,722.7823,1527.088,723.3257
63.50409,1,1525.187,721.7363,1526.137,722.531
63.51355,1,1525.187,721.7363,1525.662,722.1337
63.52641,1,1525.187,721.7363,1525.424,721.935
63.53511,1,1523.401,720.8564,1524.413,721.3957
63.54739,1,1523.401,720.8564,1523.907,721.126
63.55859,1,1523.401,720.8564,1523.654,720.9912
63.56859,1,1521.586,719.7925,1522.62,720.3918
63.57909,1,1521.586,719.7925,1522.103,720.0922
63.59031,1,1521.586,719.7925,1521.844,719.9423
63.60126,1,1519.97,718.6285,1520.907,719.2854
63.61436,1,1519.97,718.6285,1520.439,718.957
63.62311,1,1519.97,718.6285,1520.204,718.7927
63.63332,1,1518.689,717.5087,1519.447,718.1507
63.64658,1,1518.689,717.5087,1519.068,717.8297
63.65505,1,1516.506,716.0623,1517.787,716.946
63.66782,1,1516.506,716.0623,1517.146,716.5042
63.67834,1,1516.506,716.0623,1516.826,716.2832
63.68999,1,1514.841,715.1261,1515.833,715.7047
63.69893,1,1514.841,715.1261,1515.337,715.4154
63.71188,1,1514.841,715.1261,1515.089,715.2708
63.72134,1,1512.857,714.1313,1513.973,714.701
63.73334,1,1512.857,714.1313,1513.415,714.4161
63.74477,1,1511.232,712.8974,1512.324,713.6567
63.75341,1,1511.232,712.8974,1511.778,713.2771
63.76585,1,1511.232,712.8974,1511.505,713.0873
63.77735,1,1509.55,711.1162,1510.527,712.1017
63.78616,1,1509.55,711.1162,1510.039,711.609
63.79654,1,1509.55,711.1162,1509.794,711.3626
63.8084,1,1507.809,709.4158,1508.802,710.3892
63.81767,1,1507.809,709.4158,1508.306,709.9025
63.8308,1,1507.809,709.4158,1508.057,709.6591
63.84069,1,1505.635,707.2722,1506.846,708.4657
63.853,1,1505.635,707.2722,1506.241,707.869
63.86403,1,1505.635,707.2722,1505.938,707.5706
63.87363,1,1503.535,704.9872,1504.736,706.2789
63.88499,1,1503.535,704.9872,1504.135,705.6331
63.89517,1,1503.535,704.9872,1503.835,705.3102
63.90644,1,1501.398,702.6918,1502.616,704.001
63.91612,1,1501.398,702.6918,1502.007,703.3464
63.92984,1,1499.128,700.4937,1500.568,701.92
63.93845,1,1499.128,700.4937,1499.848,701.2069
63.95073,1,1499.128,700.4937,1499.488,700.8503
63.96074,1,1496.543,698.2355,1498.015,699.543
63.97279,1,1496.543,698.2355,1497.279,698.8893
63.98389,1,1496.543,698.2355,1496.911,698.5624
63.99414,1,1494.283,696.5975,1495.597,697.58
64.00585,1,1494.283,696.5975,1494.94,697.0887
64.01538,1,1494.283,696.5975,1494.611,696.8431
64.02469,1,1492.496,695.1189,1493.554,695.981
64.03526,1,1492.496,695.1189,1493.025,695.5499
64.04827,1,1490.692,693.7043,1491.859,694.6271
64.05724,1,1490.692,693.7043,1491.275,694.1656
64.06987,1,1490.692,693.7043,1490.984,693.9349
64.07968,1,1488.734,692.6617,1489.859,693.2983
64.0907,1,1488.734,692.6617,1489.297,692.98
64.10139,1,1488.734,692.6617,1489.016,692.8209
64.11465,1,1486.763,690.92,1487.889,691.8705
64.12558,1,1486.763,690.92,1487.326,691.3953
64.13467,1,1486.763,690.92,1487.045,691.1576
64.14742,1,1485.052,689.5624,1486.048,690.36
64.1562,1,1485.052,689.5624,1485.55,689.9612
64.16904,1,1483.37,688.7534,1484.46,689.3573
64.17912,1,1483.37,688.7534,1483.915,689.0553
64.19054,1,1483.37,688.7534,1483.642,688.9043
64.20137,1,1482.171,688.0365,1482.906,688.4704
64.21342,1,1482.171,688.0365,1482.539,688.2534
64.22363,1,1482.171,688.0365,1482.355,688.145
64.23332,1,1480.333,687.0809,1481.344,687.6129
64.24609,1,1480.333,687.0809,1480.839,687.3469
64.25509,1,1480.333,687.0809,1480.586,687.2139
64.26598,1,1478.513,685.5026,1479.55,686.3582
64.27818,1,1478.513,685.5026,1479.031,685.9304
64.28743,1,1478.513,685.5026,1478.772,685.7165
64.29766,1,1477.067,684.1672,1477.92,684.9419
64.31068,1,1477.067,684.1672,1477.493,684.5546
64.31974,1,1475.953,682.7083,1476.723,683.6314
64.33272,1,1475.953,682.7083,1476.338,683.1698
64.34508,1,1475.953,682.7083,1476.146,682.939
64.35383,1,1474.339,681.2949,1475.242,682.1169
64.36507,1,1474.339,681.2949,1474.791,681.7059
64.37494,1,1474.339,681.2949,1474.565,681.5004
64.3858,1,1472.429,679.746,1473.497,680.6232
64.39608,1,1472.429,679.746,1472.963,680.1846
64.41049,1,1470.101,677.9218,1471.532,679.0532
64.41982,1,1470.101,677.9218,1470.816,678.4875
64.43139,1,1470.101,677.9218,1470.459,678.2047
64.44483,1,1467.995,676.1537,1469.227,677.1792
64.45226,1,1467.995,676.1537,1468.611,676.6664
64.46465,1,1467.995,676.1537,1468.303,676.41
64.47322,1,1465.723,675.1787,1467.013,675.7944
64.4861,1,1465.723,675.1787,1466.368,675.4866
64.49693,1,1465.723,675.1787,1466.045,675.3326
64.50791,1,1463.138,673.8534,1464.591,674.593
64.51846,1,1463.138,673.8534,1463.865,674.2232
64.53144,1,1460.676,672.6852,1462.27,673.4542
64.53968,1,1460.676,672.6852,1461.473,673.0697
64.55033,1,1460.676,672.6852,1461.075,672.8774
64.56117,1,1457.819,671.4206,1459.447,672.149
64.57309,1,1457.819,671.4206,1458.633,671.7848
64.58352,1,1457.819,671.4206,1458.226,671.6027
64.59221,1,1455.682,670.0775,1456.954,670.8401
64.60595,1,1455.682,670.0775,1456.318,670.4588
64.61645,1,1455.682,670.0775,1456,670.2682
64.63457,1,1453.688,668.6107,1454.844,669.4395
64.64445,1,1453.688,668.6107,1454.266,669.025
64.65559,1,1451.143,667.1371,1452.704,668.0811
64.66801,1,1451.143,667.1371,1451.923,667.6091
64.67533,1,1451.143,667.1371,1451.533,667.3732
64.68742,1,1448.407,666.0344,1449.97,666.7037
64.69865,1,1448.407,666.0344,1449.188,666.369
64.71249,1,1446.208,665.1167,1447.698,665.7429
64.72405,1,1446.208,665.1167,1446.953,665.4298
64.73308,1,1446.208,665.1167,1446.581,665.2733
64.74538,1,1444.133,663.627,1445.357,664.4501
64.75453,1,1444.133,663.627,1444.745,664.0385
64.76609,1,1444.133,663.627,1444.439,663.8328
64.77727,1,1441.707,661.8139,1443.073,662.8234
64.78832,1,1441.707,661.8139,1442.39,662.3186
64.79739,1,1441.707,661.8139,1442.049,662.0663
64.8105,1,1439.317,660.616,1440.683,661.3411
64.82054,1,1439.317,660.616,1440,660.9785
64.83301,1,1437.753,660.0162,1438.876,660.4973
64.84449,1,1437.753,660.0162,1438.315,660.2567
64.85488,1,1437.753,660.0162,1438.034,660.1365
64.86646,1,1436.124,659.749,1437.079,659.9427
64.87488,1,1436.124,659.749,1436.601,659.8458
64.88705,1,1436.124,659.749,1436.362,659.7974
64.89754,1,1434.973,660.0341,1435.667,659.9158
64.90891,1,1434.973,660.0341,1435.32,659.975
64.91862,1,1434.973,660.0341,1435.146,660.0045
64.9324,1,1434.228,664.5274,1434.687,662.266
64.94159,1,1434.228,664.5274,1434.457,663.3967
64.95541,1,1433.479,675.2653,1433.968,669.331
64.967,1,1433.479,675.2653,1433.724,672.2981
64.979,1,1433.479,675.2653,1433.602,673.7817
64.98902,1,1433.367,690.0928,1433.484,681.9373
64.99926,1,1433.367,690.0928,1433.425,686.015
65.0107,1,1433.367,690.0928,1433.396,688.0539
65.02084,1,1433.673,703.2711,1433.534,695.6625
65.03236,1,1433.673,703.2711,1433.604,699.4668
65.04168,1,1433.673,703.2711,1433.638,701.369
65.05544,1,1433.433,715.0228,1433.536,708.1959
65.06593,1,1433.433,715.0228,1433.484,711.6094
65.07507,1,1432.494,724.6706,1432.989,718.14
65.08773,1,1432.494,724.6706,1432.742,721.4053
65.09718,1,1432.494,724.6706,1432.618,723.038
65.10793,1,1432.735,731.4449,1432.677,727.2415
65.1179,1,1432.735,731.4449,1432.706,729.3432
65.13085,1,1432.735,731.4449,1432.72,730.394
65.13981,1,1433.133,737.2309,1432.927,733.8125
65.15065,1,1433.133,737.2309,1433.03,735.5217
65.16354,1,1433.133,737.2309,1433.081,736.3763
65.174,1,1432.231,741.6511,1432.656,739.0137
65.18497,1,1432.231,741.6511,1432.443,740.3324
65.19597,1,1389.763,728.533,1411.103,734.4327
65.20683,1,1389.763,728.533,1400.433,731.4828
65.21909,1,1389.763,728.533,1395.098,730.0079
65.23066,1,1229.08,659.376,1312.089,694.6919
65.23988,1,1229.08,659.376,1270.585,677.0339
65.25279,1,1229.08,659.376,1249.832,668.205
65.26566,1,1027.089,559.8566,1138.46,614.0308
65.27415,1,1027.089,559.8566,1082.775,586.9437
65.28751,1,906.1216,499.781,994.4481,543.3624
65.29784,1,906.1216,499.781,950.2848,521.5717
65.31089,1,906.1216,499.781,928.2032,510.6764
65.32098,1,846.9976,465.8498,887.6004,488.2631
65.33239,1,846.9976,465.8498,867.299,477.0565
65.34177,1,846.9976,465.8498,857.1483,471.4531
65.35164,1,816.8284,451.983,836.9884,461.718
65.36311,1,816.8284,451.983,826.9084,456.8505
65.37132,1,816.8284,451.983,821.8684,454.4167
65.38436,1,802.0195,446.6197,811.944,450.5182
65.39457,1,802.0195,446.6197,806.9818,448.5689
65.40573,1,802.0195,446.6197,804.5006,447.5943
65.41511,1,794.5115,443.1646,799.5061,445.3795
65.42804,1,794.5115,443.1646,797.0088,444.272
65.43568,1,794.5115,443.1646,795.7601,443.7183
65.44942,1,790.976,441.6693,793.368,442.6938
65.46056,1,790.976,441.6693,792.172,442.1816
65.47215,1,789.0306,441.8096,790.6013,441.9956
65.48362,1,789.0306,441.8096,789.8159,441.9026
65.49525,1,789.0306,441.8096,789.4232,441.8561
65.5059,1,787.4265,441.5052,788.4248,441.6807
65.51537,1,787.4265,441.5052,787.9257,441.593
65.52878,1,785.8394,441.6203,786.8826,441.6066
65.53632,1,785.8394,441.6203,786.361,441.6135
65.54983,1,785.8394,441.6203,786.1002,441.6169
65.56532,1,789.2345,450.6339,787.6674,446.1254
65.57145,1,789.2345,450.6339,788.4509,448.3796
65.58088,1,789.2345,450.6339,788.8427,449.5068
65.59148,1,789.0883,488.5221,788.9655,469.0145
65.60091,1,789.0883,488.5221,789.0269,478.7683
65.61459,1,789.0883,488.5221,789.0576,483.6452
65.62637,1,790.2255,572.6565,789.6415,528.1509
65.634,1,790.2255,572.6565,789.9335,550.4037
65.64667,1,790.2255,572.6565,790.0795,561.5301
65.65611,1,794.3641,651.5876,792.2218,606.5588
65.66846,1,794.3641,651.5876,793.293,629.0732
65.67921,1,874.871,706.2609,834.082,667.6671
65.69134,1,874.871,706.2609,854.4764,686.964
65.70035,1,874.871,706.2609,864.6737,696.6124
65.71237,1,1082.382,734.0455,973.5276,715.329
65.72118,1,1082.382,734.0455,1027.955,724.6873
65.73406,1,1082.382,734.0455,1055.168,729.3664
65.74512,1,1270.062,752.5569,1162.615,740.9617
65.75428,1,1270.062,752.5569,1216.338,746.7593
65.76653,1,1270.062,752.5569,1243.2,749.6581
65.77715,1,1373.601,763.324,1308.401,756.4911
65.78957,1,1373.601,763.324,1341.001,759.9076
65.79992,1,1428.111,772.3531,1384.556,766.1304
65.81306,1,1428.111,772.3531,1406.333,769.2418
65.82143,1,1428.111,772.3531,1417.222,770.7975
65.83373,1,1456.436,776.4996,1436.829,773.6486
65.84595,1,1456.436,776.4996,1446.633,775.0741
65.85465,1,1456.436,776.4996,1451.534,775.7869
65.86797,1,1472.17,779.8035,1461.852,777.7952
65.87794,1,1472.17,779.8035,1467.011,778.7993
65.89067,1,1481.454,780.5172,1474.232,779.6582
65.90106,1,1481.454,780.5172,1477.843,780.0876
65.91308,1,1481.454,780.5172,1479.648,780.3024
65.92424,1,1491.197,788.7802,1485.423,784.5413
65.93536,1,1491.197,788.7802,1488.31,786.6607
65.94721,1,1491.197,788.7802,1489.754,787.7205
65.9565,1,1499.024,798.0793,1494.389,792.8999
65.96912,1,1499.024,798.0793,1496.707,795.4896
65.97947,1,1499.024,798.0793,1497.866,796.7844
65.99153,1,1504.116,803.5875,1500.991,800.186
66.00083,1,1504.116,803.5875,1502.554,801.8867
66.01374,1,1507.094,808.0485,1504.824,804.9676
66.02409,1,1507.094,808.0485,1505.959,806.5081
66.03332,1,1507.094,808.0485,1506.526,807.2783
66.04631,1,1509.069,810.9821,1507.798,809.1301
66.0559,1,1509.069,810.9821,1508.433,810.0561
66.06844,1,1509.069,810.9821,1508.751,810.519
66.0784,1,1511.166,812.239,1509.958,811.379
66.08915,1,1511.166,812.239,1510.562,811.809
66.0995,1,1511.166,812.239,1510.864,812.024
66.11168,1,1513.247,814.3057,1512.055,813.1649
66.12034,1,1513.247,814.3057,1512.651,813.7352
66.13214,1,1514.767,816.9471,1513.709,815.3412
66.14583,1,1514.767,816.9471,1514.238,816.1442
66.15351,1,1514.767,816.9471,1514.503,816.5457
66.16521,1,1516.71,819.3859,1515.606,817.9658
66.17268,1,1516.71,819.3859,1516.158,818.6759
66.18572,1,1516.71,819.3859,1516.434,819.0309
66.19638,1,1520.748,824.2119,1518.591,821.6213
66.2094,1,1520.748,824.2119,1519.669,822.9166
66.2178,1,1520.748,824.2119,1520.208,823.5642
66.23058,1,1524.997,830.0118,1522.603,826.788
66.24065,1,1524.997,830.0118,1523.8,828.3999
66.25396,1,1529.12,834.9131,1526.46,831.6565
66.26558,1,1529.12,834.9131,1527.79,833.2848
66.27391,1,1529.12,834.9131,1528.455,834.0989
66.28752,1,1531.879,838.4428,1530.167,836.2709
66.29617,1,1531.879,838.4428,1531.023,837.3568
66.30698,1,1531.879,838.4428,1531.451,837.8998
66.31686,1,1533.918,842.2379,1532.684,840.0688
66.33012,1,1533.918,842.2379,1533.301,841.1534
66.33979,1,1533.918,842.2379,1533.609,841.6957
66.35265,1,1536.07,845.2079,1534.84,843.4518
66.36423,1,1536.07,845.2079,1535.455,844.3298
66.37473,1,1538.128,847.672,1536.792,846.0009
66.38628,1,1538.128,847.672,1537.46,846.8364
66.39615,1,1538.128,847.672,1537.794,847.2542
66.4079,1,1539.821,849.8367,1538.808,848.5455
66.41749,1,1539.821,849.8367,1539.315,849.1911
66.43064,1,1539.821,849.8367,1539.568,849.5139
66.44063,1,1541.116,851.2493,1540.342,850.3816
66.45251,1,1541.116,851.2493,1540.729,850.8154
66.46348,1,1538.882,850.3466,1539.805,850.581
66.47236,1,1538.882,850.3466,1539.344,850.4637
66.4852,1,1538.882,850.3466,1539.113,850.4052
66.495,1,1536.086,848.0889,1537.599,849.2471
66.50668,1,1536.086,848.0889,1536.843,848.668
66.51569,1,1536.086,848.0889,1536.464,848.3784
66.52908,1,1534.509,846.7523,1535.487,847.5654
66.53746,1,1534.509,846.7523,1534.998,847.1588
66.55029,1,1534.509,846.7523,1534.753,846.9556
66.56419,1,1532.765,845.1572,1533.759,846.0564
66.57182,1,1532.765,845.1572,1533.262,845.6068
66.5852,1,1530.248,842.7758,1531.755,844.1913
66.59557,1,1530.248,842.7758,1531.002,843.4835
66.60595,1,1530.248,842.7758,1530.625,843.1296
66.61688,1,1527.413,840.3346,1529.019,841.7321
66.62971,1,1527.413,840.3346,1528.216,841.0333
66.63808,1,1527.413,840.3346,1527.815,840.684
66.64962,1,1524.4,837.9279,1526.107,839.3059
66.66065,1,1524.4,837.9279,1525.254,838.6169
66.67157,1,1524.4,837.9279,1524.827,838.2725
66.68421,1,1521.209,835.4744,1523.018,836.8734
66.69462,1,1521.209,835.4744,1522.114,836.174
66.7062,1,1517.973,832.429,1520.043,834.3015
66.71542,1,1517.973,832.429,1519.008,833.3652
66.72988,1,1517.973,832.429,1518.49,832.8971
66.73804,1,1514.418,830.2255,1516.454,831.5613
66.75026,1,1514.418,830.2255,1515.436,830.8934
66.76123,1,1514.418,830.2255,1514.927,830.5594
66.77201,1,1511.085,827.8906,1513.006,829.225
66.78336,1,1511.085,827.8906,1512.046,828.5579
66.79433,1,1511.085,827.8906,1511.566,828.2242
66.8105,1,1508.586,825.986,1510.076,827.1051
66.81967,1,1508.586,825.986,1509.331,826.5455
66.83198,1,1506.864,823.8853,1508.098,825.2154
66.84508,1,1506.864,823.8853,1507.481,824.5503
66.85246,1,1506.864,823.8853,1507.173,824.2178
66.86521,1,1505.521,822.5649,1506.347,823.3914
66.87392,1,1505.521,822.5649,1505.934,822.9781
66.88548,1,1505.521,822.5649,1505.727,822.7715
66.89672,1,1504.111,821.3257,1504.919,822.0486
66.90721,1,1504.111,821.3257,1504.515,821.6871
66.91743,1,1502.239,820.0242,1503.377,820.8557
66.93187,1,1502.239,820.0242,1502.808,820.4399
66.94157,1,1502.239,820.0242,1502.523,820.2321
66.9523,1,1500.562,818.3713,1501.542,819.3017
66.96352,1,1500.562,818.3713,1501.052,818.8365
66.97311,1,1500.562,818.3713,1500.807,818.6039
66.9859,1,1498.818,816.3127,1499.813,817.4583
66.99594,1,1498.818,816.3127,1499.315,816.8855
67.00799,1,1470.672,802.1561,1484.994,809.5208
67.01841,1,1470.672,802.1561,1477.833,805.8384
67.02965,1,1470.672,802.1561,1474.252,803.9972
67.03954,1,1304.887,741.5515,1389.57,772.7744
67.05161,1,1304.887,741.5515,1347.229,757.163
67.06181,1,1304.887,741.5515,1326.058,749.3572
67.07342,1,1064.748,658.6392,1195.403,703.9982
67.08435,1,1064.748,658.6392,1130.075,681.3187
67.09642,1,1064.748,658.6392,1097.412,669.979
67.10711,1,925.1417,610.7766,1011.277,640.3778
67.11726,1,925.1417,610.7766,968.2092,625.5772
67.12984,1,857.6737,586.1282,912.9415,605.8527
67.13851,1,857.6737,586.1282,885.3076,595.9905
67.15115,1,857.6737,586.1282,871.4907,591.0593
67.16476,1,826.8193,575.5699,849.155,583.3146
67.17545,1,826.8193,575.5699,837.9871,579.4423
67.18638,1,826.8193,575.5699,832.4032,577.5061
67.19562,1,813.2339,571.0219,822.8186,574.264
67.20654,1,813.2339,571.0219,818.0262,572.6429
67.21637,1,813.2339,571.0219,815.6301,571.8324
67.22975,1,838.0382,570.8929,826.8342,571.3627
67.23875,1,838.0382,570.8929,832.4362,571.1278
67.25049,1,867.5817,576.7838,850.0089,573.9558
67.26077,1,867.5817,576.7838,858.7953,575.3698
67.27138,1,867.5817,576.7838,863.1885,576.0768
67.28323,1,904.0654,590.3325,883.627,583.2047
67.29362,1,904.0654,590.3325,893.8462,586.7686
67.30537,1,904.0654,590.3325,898.9558,588.5505
67.31631,1,977.1986,617.6227,938.0772,603.0866
67.32774,1,977.1986,617.6227,957.6379,610.3546
67.33748,1,977.1986,617.6227,967.4183,613.9886
67.34775,1,1095.305,659.1161,1031.361,636.5524
67.35634,1,1095.305,659.1161,1063.333,647.8342
67.36905,1,1095.305,659.1161,1079.319,653.4752
67.38298,1,1190.693,691.9975,1135.006,672.7363
67.38981,1,1190.693,691.9975,1162.85,682.3669
67.40176,1,1249.272,711.9166,1206.061,697.1418
67.41462,1,1249.272,711.9166,1227.667,704.5292
67.42575,1,1249.272,711.9166,1238.469,708.2229
67.43567,1,1283.167,723.2926,1260.818,715.7578
67.4511,1,1283.167,723.2926,1271.992,719.5251
67.46474,1,1331.194,731.7892,1301.593,725.6572
67.47112,1,1331.194,731.7892,1316.393,728.7233
67.48119,1,1331.194,731.7892,1323.793,730.2562
67.49158,1,1363.586,736.5132,1343.69,733.3848
67.50345,1,1363.586,736.5132,1353.638,734.949
67.51386,1,1363.586,736.5132,1358.612,735.7311
67.52827,1,1381.44,739.9225,1370.026,737.8268
67.53868,1,1381.44,739.9225,1375.733,738.8746
67.55215,1,1392.166,740.2973,1383.949,739.5859
67.55852,1,1392.166,740.2973,1388.058,739.9417
67.56964,1,1392.166,740.2973,1390.112,740.1195
67.57904,1,1392.166,740.2973,1391.139,740.2084
67.60015,1,1398.877,740.0544,1395.008,740.1314
67.60667,1,1398.877,740.0544,1396.943,740.0929
67.61715,1,1402.368,740.3424,1399.656,740.2177
67.62915,1,1402.368,740.3424,1401.012,740.28
67.63852,1,1402.368,740.3424,1401.69,740.3112
67.64935,1,1403.759,739.7302,1402.725,740.0208
67.65932,1,1403.759,739.7302,1403.242,739.8755
67.67085,1,1403.759,739.7302,1403.501,739.8029
67.683,1,1404.401,739.0273,1403.951,739.415
67.69353,1,1404.401,739.0273,1404.176,739.2212
67.70376,1,1404.956,739.0989,1404.566,739.16
67.71383,1,1404.956,739.0989,1404.761,739.1295
67.72525,1,1404.956,739.0989,1404.858,739.1141
67.73475,1,1405.319,738.9547,1405.089,739.0344
67.74856,1,1405.319,738.9547,1405.204,738.9946
67.75643,1,1405.319,738.9547,1405.262,738.9746
67.76985,1,1405.77,738.4663,1405.516,738.7205
67.78016,1,1405.77,738.4663,1405.643,738.5934
67.79058,1,1405.77,738.4663,1405.707,738.5298
67.80066,1,1405.746,738.6636,1405.726,738.5967
67.81363,1,1405.746,738.6636,1405.736,738.6302
67.82404,1,1405.584,738.5597,1405.66,738.595
67.83575,1,1405.584,738.5597,1405.622,738.5773
67.84695,1,1405.584,738.5597,1405.603,738.5685
67.85558,1,1405.421,738.3486,1405.512,738.4585
67.86852,1,1405.421,738.3486,1405.467,738.4036
67.87814,1,1405.421,738.3486,1405.444,738.3761
67.88854,1,1404.941,738.2193,1405.192,738.2977
67.89812,1,1404.941,738.2193,1405.066,738.2585
67.91162,1,1404.941,738.2193,1405.003,738.2389
67.91957,1,1404.581,738.0002,1404.792,738.1196
67.93139,1,1404.581,738.0002,1404.687,738.0599
67.94057,1,1404.581,738.0002,1404.634,738.0301
67.96235,1,1404.153,737.8194,1404.393,737.9247
67.96859,1,1404.153,737.8194,1404.273,737.8721
67.97846,1,1403.674,737.5676,1403.973,737.7198
67.99024,1,1403.674,737.5676,1403.823,737.6437
68.00125,1,1403.674,737.5676,1403.749,737.6056
68.01257,1,1403.058,737.2322,1403.403,737.4189
68.02173,1,1403.058,737.2322,1403.231,737.3256
68.0344,1,1402.261,736.9787,1402.746,737.1521
68.04573,1,1402.261,736.9787,1402.503,737.0654
68.05396,1,1402.261,736.9787,1402.382,737.0221
68.06564,1,1401.505,736.6224,1401.944,736.8223
68.07575,1,1401.505,736.6224,1401.724,736.7223
68.08574,1,1401.505,736.6224,1401.615,736.6724
68.09589,1,1400.562,736.1794,1401.088,736.4259
68.10622,1,1400.562,736.1794,1400.825,736.3026
68.11663,1,1400.562,736.1794,1400.694,736.241
68.12991,1,1399.452,735.5748,1400.073,735.9079
68.13751,1,1399.452,735.5748,1399.763,735.7413
68.15041,1,1399.452,735.5748,1399.607,735.6581
68.16529,1,1398.309,734.9689,1398.958,735.3135
68.17214,1,1398.309,734.9689,1398.634,735.1412
68.18563,1,1397.382,734.2983,1398.008,734.7197
68.19649,1,1397.382,734.2983,1397.695,734.509
68.20783,1,1397.382,734.2983,1397.539,734.4037
68.21886,1,1396.436,733.7684,1396.988,734.0861
68.23213,1,1396.436,733.7684,1396.712,733.9272
68.2449,1,1396.436,733.7684,1396.574,733.8478
68.25224,1,1395.108,733.2075,1395.841,733.5276
68.26515,1,1395.108,733.2075,1395.474,733.3676
68.27644,1,1393.351,732.8911,1394.413,733.1293
68.28578,1,1393.351,732.8911,1393.882,733.0103
68.29543,1,1393.351,732.8911,1393.617,732.9507
68.30693,1,1392.159,732.4982,1392.888,732.7245
68.31799,1,1392.159,732.4982,1392.523,732.6113
68.3297,1,1392.159,732.4982,1392.341,732.5548
68.33891,1,1391.129,730.5388,1391.735,731.5468
68.3507,1,1391.129,730.5388,1391.432,731.0427
68.36498,1,1391.129,730.5388,1391.281,730.7908
68.37355,1,1390.005,727.8631,1390.643,729.3269
68.38496,1,1390.005,727.8631,1390.324,728.595
68.39594,1,1390.005,727.8631,1390.164,728.229
68.40813,1,1388.795,725.1685,1389.48,726.6987
68.41866,1,1388.795,725.1685,1389.138,725.9336
68.43203,1,1387.319,722.5337,1388.229,724.2336
68.44379,1,1387.319,722.5337,1387.774,723.3837
68.45271,1,1387.319,722.5337,1387.547,722.9587
68.46636,1,1385.677,719.1839,1386.612,721.0713
68.47632,1,1385.677,719.1839,1386.144,720.1276
68.48769,1,1384.213,716.4293,1385.178,718.2784
68.49736,1,1384.213,716.4293,1384.696,717.3539
68.50962,1,1384.213,716.4293,1384.454,716.8916
68.51878,1,1382.775,712.9339,1383.615,714.9127
68.53029,1,1382.775,712.9339,1383.195,713.9233
68.53954,1,1382.775,712.9339,1382.985,713.4286
68.55317,1,1381.075,710.4313,1382.03,711.9299
68.56407,1,1381.075,710.4313,1381.552,711.1807
68.57455,1,1381.075,710.4313,1381.314,710.806
68.58511,1,1379.365,707.5423,1380.34,709.1742
68.59559,1,1379.365,707.5423,1379.853,708.3583
68.60703,1,1379.365,707.5423,1379.609,707.9503
68.61465,1,1377.981,704.9398,1378.795,706.4451
68.62734,1,1377.981,704.9398,1378.388,705.6924
68.63627,1,1377.981,704.9398,1378.185,705.316
68.64944,1,1376.217,701.9479,1377.201,703.632
68.65929,1,1376.217,701.9479,1376.709,702.7899
68.67084,1,1374.984,699.6507,1375.846,701.2203
68.68323,1,1374.984,699.6507,1375.415,700.4355
68.69285,1,1374.984,699.6507,1375.199,700.0431
68.70357,1,1372.729,697.6661,1373.964,698.8546
68.71391,1,1372.729,697.6661,1373.347,698.2604
68.72673,1,1372.729,697.6661,1373.038,697.9633
68.73537,1,1371.507,695.692,1372.273,696.8276
68.74895,1,1371.507,695.692,1371.89,696.2598
68.76076,1,1369.373,693.6969,1370.631,694.9784
68.77076,1,1369.373,693.6969,1370.002,694.3376
68.78126,1,1369.373,693.6969,1369.688,694.0173
68.79292,1,1366.896,691.8769,1368.292,692.9471
68.80491,1,1366.896,691.8769,1367.594,692.412
68.81579,1,1366.896,691.8769,1367.245,692.1444
68.82883,1,1365.065,689.7626,1366.155,690.9535
68.83698,1,1365.065,689.7626,1365.61,690.358
68.84864,1,1365.065,689.7626,1365.338,690.0603
68.86086,1,1362.733,688.0491,1364.035,689.0547
68.87029,1,1362.733,688.0491,1363.384,688.5519
68.88077,1,1360.599,686.3198,1361.992,687.4358
68.89439,1,1360.599,686.3198,1361.295,686.8778
68.90396,1,1360.599,686.3198,1360.947,686.5988
68.91348,1,1358.608,684.263,1359.778,685.4309
68.92664,1,1358.608,684.263,1359.193,684.8469
68.93631,1,1358.608,684.263,1358.9,684.5549
68.9493,1,1355.694,681.6702,1357.297,683.1125
68.95943,1,1355.694,681.6702,1356.496,682.3914
68.97087,1,1353.424,679.1382,1354.96,680.7648
68.98181,1,1353.424,679.1382,1354.192,679.9515
68.99384,1,1353.424,679.1382,1353.808,679.5449
69.00397,1,1351.074,677.933,1352.441,678.739
69.01444,1,1351.074,677.933,1351.758,678.3359
69.02735,1,1351.074,677.933,1351.416,678.1345
69.036,1,1348.872,676.215,1350.144,677.1747
69.04844,1,1348.872,676.215,1349.508,676.6948
69.05873,1,1348.872,676.215,1349.19,676.4549
69.07136,1,1346.258,674.1977,1347.724,675.3263
69.08079,1,1346.258,674.1977,1346.991,674.762
69.09342,1,1343.292,671.9494,1345.142,673.3557
69.10314,1,1343.292,671.9494,1344.217,672.6526
69.11593,1,1343.292,671.9494,1343.754,672.301
69.12766,1,1340.879,670.3681,1342.317,671.3346
69.13596,1,1340.879,670.3681,1341.598,670.8513
69.14893,1,1340.879,670.3681,1341.239,670.6097
69.1587,1,1338.124,668.4068,1339.681,669.5083
69.16891,1,1338.124,668.4068,1338.903,668.9575
69.18015,1,1338.124,668.4068,1338.513,668.6821
69.19348,1,1335.568,666.198,1337.04,667.4401
69.20172,1,1335.568,666.198,1336.304,666.819
69.21452,1,1333.425,664.4891,1334.865,665.6541
69.22431,1,1333.425,664.4891,1334.145,665.0715
69.23222,1,1333.425,664.4891,1333.785,664.7803
69.24454,1,1331.208,663.2507,1332.496,664.0155
69.25465,1,1331.208,663.2507,1331.852,663.6331
69.26736,1,1331.208,663.2507,1331.53,663.4419
69.27741,1,1329.421,662.4065,1330.475,662.9242
69.28972,1,1329.421,662.4065,1329.948,662.6653
69.30013,1,1329.421,662.4065,1329.684,662.5359
69.31528,1,1327.776,661.7401,1328.73,662.138
69.32916,1,1327.776,661.7401,1328.253,661.9391
69.33507,1,1326.183,661.128,1327.218,661.5336
69.3475,1,1326.183,661.128,1326.701,661.3308
69.35773,1,1326.183,661.128,1326.442,661.2294
69.36987,1,1324.688,660.5721,1325.565,660.9008
69.37953,1,1324.688,660.5721,1325.127,660.7365
69.38973,1,1324.688,660.5721,1324.908,660.6543
69.40092,1,1323.381,660.3296,1324.145,660.4919
69.41496,1,1323.381,660.3296,1323.763,660.4108
69.4236,1,1323.381,660.3296,1323.572,660.3702
69.4351,1,1322.336,660.0159,1322.954,660.193
69.44726,1,1322.336,660.0159,1322.645,660.1044
69.45628,1,1321.257,660.2471,1321.951,660.1758
69.47215,1,1321.257,660.2471,1321.604,660.2114
69.48383,1,1321.257,660.2471,1321.431,660.2292
69.48992,1,1319.941,660.0168,1320.686,660.123
69.4994,1,1319.941,660.0168,1320.313,660.0699
69.51237,1,1319.941,660.0168,1320.127,660.0433
69.52066,1,1318.755,660.1151,1319.441,660.0792
69.53453,1,1318.755,660.1151,1319.098,660.0972
69.54721,1,1321.506,660.6149,1320.302,660.3561
69.55774,1,1321.506,660.6149,1320.904,660.4855
69.56879,1,1321.506,660.6149,1321.205,660.5502
69.58004,1,1339.676,662.4514,1330.441,661.5007
69.59101,1,1339.676,662.4514,1335.058,661.9761
69.60076,1,1339.676,662.4514,1337.367,662.2137
69.61407,1,1376.923,666.7588,1357.145,664.4863
69.62361,1,1376.923,666.7588,1367.034,665.6226
69.63478,1,1414.72,670.2572,1390.877,667.9399
69.6468,1,1414.72,670.2572,1402.799,669.0985
69.65631,1,1414.72,670.2572,1408.76,669.6779
69.66936,1,1447.812,672.7537,1428.286,671.2158
69.67882,1,1447.812,672.7537,1438.049,671.9847
69.69057,1,1447.812,672.7537,1442.93,672.3693
69.70107,1,1472.756,675.0247,1457.843,673.697
69.71262,1,1472.756,675.0247,1465.3,674.3608
69.72372,1,1472.756,675.0247,1469.028,674.6927
69.73292,1,1489.501,679.1351,1479.265,676.9139
69.74522,1,1489.501,679.1351,1484.383,678.0245
69.75665,1,1463.237,662.5841,1473.81,670.3043
69.76761,1,1463.237,662.5841,1468.524,666.4442
69.77781,1,1463.237,662.5841,1465.881,664.5142
69.79076,1,1354.414,597.7083,1410.147,631.1112
69.80002,1,1354.414,597.7083,1382.281,614.4098
69.81227,1,1354.414,597.7083,1368.347,606.0591
69.8252,1,1174.278,490.5818,1271.313,548.3204
69.83376,1,1174.278,490.5818,1222.795,519.4511
69.84525,1,1174.278,490.5818,1198.537,505.0164
69.85429,1,1053.668,414.6011,1126.103,459.8088
69.86757,1,1053.668,414.6011,1089.885,437.205
69.87829,1,989.9901,374.81,1039.938,406.0075
69.88933,1,989.9901,374.81,1014.964,390.4088
69.89854,1,989.9901,374.81,1002.477,382.6094
69.91177,1,960.3144,354.6951,981.3956,368.6522
69.92177,1,960.3144,354.6951,970.855,361.6736
69.93394,1,960.3144,354.6951,965.5847,358.1844
69.94529,1,944.504,345.5608,955.0444,351.8726
69.95545,1,944.504,345.5608,949.7742,348.7167
69.96535,1,944.504,345.5608,947.1391,347.1387
69.97636,1,981.7548,368.9223,964.4469,358.0305
69.98771,1,981.7548,368.9223,973.1008,363.4764
69.99788,1,1033.493,409.0954,1003.297,386.2859
70.01273,1,1033.493,409.0954,1018.395,397.6907
70.02353,1,1033.493,409.0954,1025.944,403.393
70.03406,1,1194.892,528.5287,1110.418,465.9609
70.04584,1,1194.892,528.5287,1152.655,497.2448
70.05579,1,1194.892,528.5287,1173.774,512.8868
70.06617,1,1350.644,644.3364,1262.209,578.6116
70.07742,1,1350.644,644.3364,1306.426,611.474
70.08923,1,1436.005,707.3621,1371.216,659.418
70.09934,1,1436.005,707.3621,1403.61,683.39
70.11221,1,1436.005,707.3621,1419.808,695.376
70.12057,1,1479.729,737.4368,1449.768,716.4064
70.13392,1,1479.729,737.4368,1464.749,726.9216
70.14469,1,1479.729,737.4368,1472.239,732.1792
70.15428,1,1499.714,751.2808,1485.977,741.73
70.1664,1,1499.714,751.2808,1492.845,746.5054
70.17731,1,1499.714,751.2808,1496.28,748.8931
70.18769,1,1509.726,758.468,1503.003,753.6805
70.19745,1,1509.726,758.468,1506.365,756.0742
70.21177,1,1514.14,761.9693,1510.252,759.0217
70.22072,1,1514.14,761.9693,1512.196,760.4955
70.23151,1,1514.14,761.9693,1513.168,761.2324
70.24406,1,1517.729,765.2645,1515.448,763.2484
70.25426,1,1517.729,765.2645,1516.589,764.2565
70.26646,1,1517.729,765.2645,1517.159,764.7605
70.27681,1,1520.199,766.8605,1518.679,765.8105
70.28954,1,1520.199,766.8605,1519.439,766.3354
70.29781,1,1520.199,766.8605,1519.819,766.598
70.31062,1,1521.52,768.0299,1520.67,767.314
70.31937,1,1521.52,768.0299,1521.095,767.6719
70.33132,1,1522.589,767.9501,1521.842,767.811
70.3418,1,1522.589,767.9501,1522.216,767.8806
70.35313,1,1522.589,767.9501,1522.403,767.9153
70.36501,1,1523.084,767.6092,1522.743,767.7622
70.37592,1,1523.084,767.6092,1522.913,767.6857
70.38627,1,1523.084,767.6092,1522.999,767.6475
70.39658,1,1523.837,768.0223,1523.417,767.8349
70.40827,1,1523.837,768.0223,1523.627,767.9286
70.41727,1,1523.837,768.0223,1523.732,767.9755
70.43034,1,1524.944,768.7635,1524.338,768.3695
70.43889,1,1524.944,768.7635,1524.641,768.5665
70.45081,1,1525.713,769.5646,1525.177,769.0656
70.46059,1,1525.713,769.5646,1525.445,769.3151
70.47147,1,1525.713,769.5646,1525.579,769.4398
70.48001,1,1525.713,769.5646,1525.646,769.5022
70.49304,1,1526.399,770.1959,1526.023,769.849
70.50381,1,1526.399,770.1959,1526.211,770.0225
70.51331,1,1527.328,770.6582,1526.77,770.3403
70.52393,1,1527.328,770.6582,1527.049,770.4993
70.53472,1,1527.328,770.6582,1527.188,770.5787
70.54932,1,1527.924,771.261,1527.556,770.9199
70.55665,1,1527.924,771.261,1527.74,771.0905
70.56952,1,1527.924,771.261,1527.832,771.1757
70.57951,1,1528.872,772.2137,1528.352,771.6947
70.59011,1,1528.872,772.2137,1528.612,771.9542
70.59982,1,1528.872,772.2137,1528.742,772.084
70.61236,1,1529.792,773.5612,1529.267,772.8226
70.62337,1,1529.792,773.5612,1529.529,773.1919
70.63326,1,1530.302,775.0079,1529.916,774.0999
70.64544,1,1530.302,775.0079,1530.109,774.554
70.65542,1,1530.302,775.0079,1530.205,774.7809
70.66991,1,1531.193,776.3057,1530.699,775.5433
70.67857,1,1531.193,776.3057,1530.946,775.9246
70.68928,1,1531.193,776.3057,1531.07,776.1151
70.69997,1,1532.212,777.657,1531.641,776.886
70.7127,1,1532.212,777.657,1531.927,777.2715
70.72439,1,1533.156,779.0081,1532.542,778.1398
70.73602,1,1533.156,779.0081,1532.849,778.574
70.74738,1,1533.156,779.0081,1533.003,778.791
70.75693,1,1533.985,780.5695,1533.494,779.6802
70.76878,1,1533.985,780.5695,1533.739,780.1249
70.77931,1,1533.985,780.5695,1533.862,780.3472
70.7906,1,1534.477,782.2593,1534.169,781.3032
70.80153,1,1534.477,782.2593,1534.323,781.7813
70.81385,1,1535.354,783.9467,1534.839,782.864
70.82522,1,1535.354,783.9467,1535.096,783.4054
70.83366,1,1535.354,783.9467,1535.225,783.676
70.84615,1,1537.097,786.1882,1536.161,784.9321
70.85609,1,1537.097,786.1882,1536.629,785.5602
70.87141,1,1537.097,786.1882,1536.863,785.8741
70.88384,1,1538.767,788.8685,1537.815,787.3713
70.8912,1,1538.767,788.8685,1538.292,788.1199
70.89992,1,1538.767,788.8685,1538.53,788.4941
70.91267,1,1540.64,791.4422,1539.585,789.9681
70.92275,1,1540.64,791.4422,1540.113,790.7052
70.93289,1,1540.64,791.4422,1540.376,791.0737
70.95103,1,1542.683,793.4426,1541.53,792.2582
70.9591,1,1542.683,793.4426,1542.106,792.8503
70.96995,1,1543.64,794.7549,1542.873,793.8026
70.98014,1,1543.64,794.7549,1543.257,794.2788
70.99276,1,1543.64,794.7549,1543.448,794.5168
71.00124,1,1544.301,795.9956,1543.875,795.2562
71.01482,1,1544.301,795.9956,1544.088,795.6259
71.02655,1,1544.679,796.7507,1544.383,796.1884
71.0359,1,1544.679,796.7507,1544.531,796.4695
71.04625,1,1544.679,796.7507,1544.605,796.6101
71.05546,1,1545.407,797.3579,1545.006,796.984
71.06672,1,1545.407,797.3579,1545.207,797.171
71.07742,1,1545.407,797.3579,1545.307,797.2644
71.09019,1,1550.92,795.1026,1548.113,796.1835
71.10349,1,1550.92,795.1026,1549.516,795.6431
71.11424,1,1550.92,795.1026,1550.218,795.3728
71.12518,1,1558.525,792.0832,1554.372,793.728
71.13447,1,1558.525,792.0832,1556.448,792.9056
71.14697,1,1567.097,788.8201,1561.773,790.8629
71.15487,1,1567.097,788.8201,1564.435,789.8414
71.16805,1,1567.097,788.8201,1565.766,789.3307
71.17857,1,1574.915,784.9734,1570.34,787.1521
71.18938,1,1574.915,784.9734,1572.627,786.0627
71.19906,1,1574.915,784.9734,1573.771,785.5181
71.21172,1,1581.505,780.9449,1577.638,783.2315
71.22118,1,1581.505,780.9449,1579.572,782.0883
71.23317,1,1581.505,780.9449,1580.538,781.5166
71.24556,1,1587.926,776.8045,1584.232,779.1605
71.25459,1,1587.926,776.8045,1586.079,777.9825
71.2662,1,1587.926,776.8045,1587.003,777.3936
71.27675,1,1592.639,772.5886,1589.821,774.9911
71.28754,1,1592.639,772.5886,1591.23,773.7898
71.29714,1,1580.329,750.1739,1585.78,761.9818
71.3092,1,1580.329,750.1739,1583.054,756.0779
71.31797,1,1580.329,750.1739,1581.692,753.1259
71.32999,1,1476.05,577.9659,1528.871,665.5459
71.33885,1,1476.05,577.9659,1502.46,621.7559
71.3487,1,1476.05,577.9659,1489.255,599.8608
71.35984,1,1356.052,367.6922,1422.653,483.7765
71.37411,1,1356.052,367.6922,1389.353,425.7344
71.38429,1,1356.052,367.6922,1372.702,396.7133
71.3959,1,1298.093,261.3789,1335.398,329.0461
71.40634,1,1298.093,261.3789,1316.745,295.2125
71.41624,1,1298.093,261.3789,1307.419,278.2957
71.42927,1,1270.46,216.771,1288.94,247.5333
71.43736,1,1270.46,216.771,1279.7,232.1521
71.44999,1,1261.068,200.0196,1270.384,216.0858
71.46002,1,1261.068,200.0196,1265.726,208.0527
71.4704,1,1261.068,200.0196,1263.397,204.0361
71.4808,1,1254.834,190.9631,1259.115,197.4996
71.49508,1,1254.834,190.9631,1256.975,194.2314
71.5039,1,1254.834,190.9631,1255.905,192.5972
71.51447,1,1259.133,191.3793,1257.519,191.9883
71.52688,1,1259.133,191.3793,1258.326,191.6838
71.53625,1,1259.133,191.3793,1258.73,191.5315
71.54874,1,1262.89,191.1824,1260.81,191.357
71.55837,1,1262.89,191.1824,1261.85,191.2697
71.57121,1,1281.974,204.2118,1271.912,197.7408
71.58127,1,1281.974,204.2118,1276.943,200.9763
71.59412,1,1281.974,204.2118,1279.459,202.5941
71.60464,1,1300.883,231.6579,1290.171,217.126
71.61449,1,1300.883,231.6579,1295.527,224.392
71.62777,1,1300.883,231.6579,1298.205,228.025
71.636,1,1366.496,333.9619,1332.351,280.9934
71.64919,1,1366.496,333.9619,1349.424,307.4777
71.661,1,1450.421,480.6497,1399.922,394.0637
71.67072,1,1450.421,480.6497,1425.172,437.3567
71.68112,1,1450.421,480.6497,1437.797,459.0032
71.69411,1,1503.121,573.264,1470.459,516.1336
71.70359,1,1503.121,573.264,1486.79,544.6989
71.71313,1,1503.121,573.264,1494.956,558.9814
71.72429,1,1533.444,620.2694,1514.2,589.6254
71.73518,1,1533.444,620.2694,1523.822,604.9474
71.74895,1,1533.444,620.2694,1528.633,612.6084
71.75957,1,1545.563,646.1879,1537.098,629.3982
71.77193,1,1545.563,646.1879,1541.331,637.7931
71.78324,1,1550.417,660.4483,1545.874,649.1207
71.7968,1,1550.417,660.4483,1548.145,654.7845
71.80708,1,1550.417,660.4483,1549.281,657.6165
71.81672,1,1559.401,671.1559,1554.341,664.3862
71.82975,1,1559.401,671.1559,1556.871,667.771
71.8381,1,1559.401,671.1559,1558.136,669.4634
71.85255,1,1573.925,687.6882,1566.031,678.5758
71.86184,1,1573.925,687.6882,1569.978,683.132
71.87565,1,1581.793,695.8932,1575.886,689.5126
71.88532,1,1581.793,695.8932,1578.84,692.7029
71.89487,1,1581.793,695.8932,1580.317,694.298
71.90623,1,1584.91,701.6498,1582.613,697.9739
71.91618,1,1584.91,701.6498,1583.762,699.8119
71.9296,1,1584.91,701.6498,1584.336,700.7308
71.94539,1,1587.205,704.5445,1585.771,702.6377
71.95328,1,1587.205,704.5445,1586.488,703.5911
71.97031,1,1587.919,707.1579,1587.203,705.3745
71.97737,1,1587.919,707.1579,1587.561,706.2662
71.98746,1,1587.919,707.1579,1587.74,706.712
71.99761,1,1587.427,707.7358,1587.583,707.2239
72.01044,1,1587.427,707.7358,1587.505,707.4799
72.01931,1,1587.427,707.7358,1587.466,707.6078
72.0322,1,1586.835,707.2491,1587.15,707.4285
72.04416,1,1586.835,707.2491,1586.993,707.3387
72.052,1,1586.613,706.7233,1586.803,707.031
72.06474,1,1586.613,706.7233,1586.708,706.8772
72.07566,1,1586.613,706.7233,1586.66,706.8003
72.0865,1,1585.998,706.0447,1586.329,706.4225
72.09711,1,1585.998,706.0447,1586.164,706.2336
72.11213,1,1585.998,706.0447,1586.081,706.1392
72.12006,1,1585.401,705.5433,1585.741,705.8412
72.1318,1,1585.401,705.5433,1585.571,705.6923
72.14339,1,1584.987,705.0663,1585.279,705.3793
72.15228,1,1584.987,705.0663,1585.133,705.2228
72.16638,1,1584.987,705.0663,1585.06,705.1445
72.17976,1,1584.403,704.3652,1584.731,704.7549
72.19293,1,1584.403,704.3652,1584.567,704.5601
72.20351,1,1583.968,704.0234,1584.268,704.2917
72.21319,1,1583.968,704.0234,1584.118,704.1576
72.22377,1,1583.968,704.0234,1584.043,704.0905
72.23337,1,1583.691,703.6293,1583.867,703.8599
72.24515,1,1583.691,703.6293,1583.779,703.7446
72.25492,1,1583.691,703.6293,1583.735,703.687
72.2662,1,1583.448,703.2109,1583.592,703.449
72.27567,1,1583.448,703.2109,1583.52,703.33
72.28668,1,1583.448,703.2109,1583.484,703.2704
72.29712,1,1583.081,702.55,1583.282,702.9102
72.31135,1,1583.081,702.55,1583.182,702.7301
72.31967,1,1583.081,702.55,1583.131,702.6401
72.3322,1,1582.538,701.749,1582.834,702.1945
72.34459,1,1582.538,701.749,1582.686,701.9717
72.35281,1,1582.538,701.749,1582.612,701.8604
72.36451,1,1581.462,700.2594,1582.037,701.0599
72.37531,1,1581.462,700.2594,1581.749,700.6597
72.38448,1,1580.28,698.3799,1581.014,699.5198
72.39504,1,1580.28,698.3799,1580.647,698.9498
72.40568,1,1580.28,698.3799,1580.463,698.6649
72.41727,1,1578.771,696.8899,1579.617,697.7773
72.42979,1,1578.771,696.8899,1579.194,697.3336
72.43791,1,1578.771,696.8899,1578.982,697.1118
72.45202,1,1577.133,695.6726,1578.058,696.3922
72.46146,1,1577.133,695.6726,1577.595,696.0324
72.47119,1,1577.133,695.6726,1577.364,695.8525
72.48168,1,1575.64,693.9892,1576.502,694.9209
72.49373,1,1575.64,693.9892,1576.071,694.4551
72.50365,1,1575.64,693.9892,1575.855,694.2222
72.51353,1,1574.079,692.8167,1574.967,693.5194
72.52462,1,1574.079,692.8167,1574.523,693.1681
72.5385,1,1572.455,691.9058,1573.489,692.537
72.54971,1,1572.455,691.9058,1572.972,692.2214
72.55936,1,1572.455,691.9058,1572.714,692.0636
72.57113,1,1571.055,691.2838,1571.884,691.6737
72.58141,1,1571.055,691.2838,1571.469,691.4788
72.59519,1,1571.055,691.2838,1571.262,691.3812
72.60371,1,1569.846,690.8087,1570.554,691.095
72.61452,1,1569.846,690.8087,1570.2,690.9518
72.62878,1,1568.18,689.6027,1569.19,690.2772
72.63573,1,1568.18,689.6027,1568.685,689.9399
72.64739,1,1568.18,689.6027,1568.432,689.7713
72.65652,1,1566.732,686.6479,1567.582,688.2096
72.66998,1,1566.732,686.6479,1567.157,687.4288
72.67974,1,1566.732,686.6479,1566.944,687.0383
72.6927,1,1565.242,682.2432,1566.093,684.6407
72.69994,1,1565.242,682.2432,1565.667,683.442
72.71436,1,1565.242,682.2432,1565.455,682.8425
72.72543,1,1562.962,677.5774,1564.208,680.21
72.73499,1,1562.962,677.5774,1563.585,678.8937
72.74778,1,1560.575,673.2213,1562.08,676.0575
72.75781,1,1560.575,673.2213,1561.327,674.6394
72.77081,1,1560.575,673.2213,1560.951,673.9304
72.78334,1,1558.333,669.6368,1559.642,671.7836
72.79459,1,1558.333,669.6368,1558.987,670.7102
72.80676,1,1558.333,669.6368,1558.66,670.1735
72.81587,1,1556.026,665.4089,1557.343,667.7913
72.82738,1,1556.026,665.4089,1556.685,666.6001
72.83699,1,1556.026,665.4089,1556.355,666.0045
72.84961,1,1553.609,661.9327,1554.982,663.9686
72.85934,1,1553.609,661.9327,1554.296,662.9507
72.8711,1,1551.483,657.7601,1552.889,660.3554
72.8802,1,1551.483,657.7601,1552.186,659.0577
72.89287,1,1551.483,657.7601,1551.835,658.4089
72.9,1,1549.165,654.8522,1550.5,656.6306
72.92514,1,1549.165,654.8522,1549.832,655.7413
72.93063,1,1547.181,651.8412,1548.507,653.7913
72.93996,1,1547.181,651.8412,1547.844,652.8163
72.95248,1,1547.181,651.8412,1547.513,652.3287
72.964,1,1545.28,649.4519,1546.396,650.8903
72.975,1,1545.28,649.4519,1545.838,650.1711
72.98673,1,1545.28,649.4519,1545.559,649.8115
72.99759,1,1544.245,646.824,1544.902,648.3177
73.00948,1,1544.245,646.824,1544.574,647.5709
73.01858,1,1542.519,644.757,1543.546,646.1639
73.03123,1,1542.519,644.757,1543.033,645.4604
73.04166,1,1542.519,644.757,1542.776,645.1087
73.05212,1,1540.951,641.98,1541.864,643.5444
73.06319,1,1540.951,641.98,1541.407,642.7622
73.07377,1,1540.951,641.98,1541.179,642.3711
73.08522,1,1539.577,639.2952,1540.378,640.8331
73.09468,1,1539.577,639.2952,1539.978,640.0641
73.1051,1,1539.577,639.2952,1539.778,639.6797
73.11607,1,1537.968,637.0703,1538.873,638.375
73.13058,1,1537.968,637.0703,1538.42,637.7227
73.13872,1,1537.968,637.0703,1538.194,637.3965
73.15176,1,1536.82,634.5594,1537.507,635.9779
73.16328,1,1536.82,634.5594,1537.164,635.2687
73.17297,1,1535.502,631.894,1536.333,633.5813
73.18607,1,1535.502,631.894,1535.917,632.7377
73.19602,1,1535.502,631.894,1535.709,632.3158
73.20803,1,1534.096,629.7,1534.903,631.0079
73.21906,1,1534.096,629.7,1534.5,630.354
73.23222,1,1532.609,628.1732,1533.554,629.2636
73.24066,1,1532.609,628.1732,1533.082,628.7184
73.25297,1,1532.609,628.1732,1532.846,628.4458
73.26402,1,1531.202,626.3832,1532.024,627.4145
73.27198,1,1531.202,626.3832,1531.613,626.8988
73.28732,1,1531.202,626.3832,1531.407,626.641
73.29621,1,1529.845,625.0703,1530.626,625.8556
73.30637,1,1529.845,625.0703,1530.236,625.4629
73.31865,1,1529.845,625.0703,1530.041,625.2666
73.33102,1,1528.766,623.7675,1529.403,624.5171
73.34528,1,1528.766,623.7675,1529.085,624.1423
73.35235,1,1526.348,621.681,1527.716,622.9116
73.36404,1,1526.348,621.681,1527.032,622.2963
73.37226,1,1526.348,621.681,1526.69,621.9886
73.3848,1,1524.208,619.7516,1525.449,620.8701
73.39477,1,1524.208,619.7516,1524.828,620.3109
73.40597,1,1524.208,619.7516,1524.518,620.0313
73.41643,1,1522.104,618.3141,1523.311,619.1727
73.4298,1,1522.104,618.3141,1522.708,618.7434
73.44033,1,1522.104,618.3141,1522.406,618.5287
73.45251,1,1520.205,616.3493,1521.305,617.439
73.46431,1,1520.205,616.3493,1520.755,616.8942
73.48645,1,1518.093,614.4615,1519.424,615.6779
73.4921,1,1518.093,614.4615,1518.759,615.0697
73.4996,1,1518.093,614.4615,1518.426,614.7656
73.51341,1,1515.726,612.9766,1517.076,613.8711
73.52366,1,1515.726,612.9766,1516.401,613.4238
73.53211,1,1513.928,611.5241,1515.165,612.474
73.5443,1,1513.928,611.5241,1514.546,611.999
73.57596,1,1512.226,609.4999,1513.386,610.7495
73.58556,1,1512.226,609.4999,1512.806,610.1248
73.5929,1,1510.525,608.0076,1511.666,609.0662
73.60167,1,1510.525,608.0076,1511.095,608.5369
73.61382,1,1510.525,608.0076,1510.81,608.2722
73.62458,1,1508.749,607.0264,1509.78,607.6493
73.63416,1,1508.749,607.0264,1509.264,607.3378
73.64627,1,1508.749,607.0264,1509.006,607.1821
73.65514,1,1507.258,606.2679,1508.132,606.725
73.66687,1,1507.258,606.2679,1507.695,606.4965
73.67759,1,1507.258,606.2679,1507.477,606.3822
73.68835,1,1506.019,605.7492,1506.748,606.0657
73.69946,1,1506.019,605.7492,1506.384,605.9075
73.71128,1,1506.019,605.7492,1506.201,605.8284
73.71935,1,1504.656,605.6093,1505.429,605.7188
73.7324,1,1504.656,605.6093,1505.042,605.6641
73.74334,1,1504.656,605.6093,1504.849,605.6367
73.7517,1,1503.387,605.7613,1504.118,605.699
73.7648,1,1503.387,605.7613,1503.753,605.7301
73.77294,1,1503.387,605.7613,1503.57,605.7457
73.78527,1,1502.155,606.2395,1502.862,605.9926
73.79752,1,1502.155,606.2395,1502.508,606.1161
73.8105,1,1500.947,607.0727,1501.728,606.5944
73.8186,1,1500.947,607.0727,1501.338,606.8335
73.83118,1,1500.947,607.0727,1501.142,606.9531
73.84588,1,1499.993,607.8884,1500.568,607.4208
73.85626,1,1499.993,607.8884,1500.28,607.6545
73.86948,1,1499.022,608.768,1499.651,608.2113
73.87812,1,1499.022,608.768,1499.337,608.4896
73.88795,1,1499.022,608.768,1499.18,608.6288
73.89873,1,1498.007,609.3953,1498.593,609.0121
73.91061,1,1498.007,609.3953,1498.3,609.2037
73.9216,1,1498.007,609.3953,1498.154,609.2996
73.93317,1,1497.117,610.0157,1497.635,609.6576
73.94475,1,1497.117,610.0157,1497.376,609.8367
73.95343,1,1497.117,610.0157,1497.247,609.9261
73.96646,1,1496.014,610.4628,1496.63,610.1945
73.97987,1,1496.014,610.4628,1496.322,610.3286
73.99348,1,1494.419,611.2153,1495.371,610.772
74.00337,1,1494.419,611.2153,1494.895,610.9937
74.01184,1,1494.419,611.2153,1494.657,611.1045
74.02141,1,1492.787,612.5607,1493.722,611.8326
74.03657,1,1492.787,612.5607,1493.254,612.1967
74.05262,1,1491.38,614.2415,1492.317,613.2191
74.05997,1,1491.38,614.2415,1491.849,613.7303
74.07114,1,1491.38,614.2415,1491.615,613.986
74.08147,1,1489.559,615.9233,1490.587,614.9547
74.09502,1,1489.559,615.9233,1490.073,615.439
74.10487,1,1489.559,615.9233,1489.816,615.6812
74.11608,1,1488.464,617.8358,1489.14,616.7584
74.12933,1,1488.464,617.8358,1488.802,617.2971
74.13786,1,1487.327,619.7806,1488.065,618.5389
74.1506,1,1487.327,619.7806,1487.696,619.1598
74.16167,1,1487.327,619.7806,1487.512,619.4702
74.17744,1,1485.947,621.5804,1486.729,620.5253
74.18428,1,1485.947,621.5804,1486.338,621.0529
74.19489,1,1485.947,621.5804,1486.143,621.3167
74.20595,1,1485.134,623.4039,1485.638,622.3603
74.21606,1,1485.134,623.4039,1485.386,622.8821
74.22919,1,1484.482,624.5705,1484.934,623.7263
74.23732,1,1484.482,624.5705,1484.708,624.1484
74.25006,1,1484.482,624.5705,1484.595,624.3595
74.26146,1,1485.114,625.1733,1484.855,624.7664
74.27237,1,1485.114,625.1733,1484.984,624.9698
74.28127,1,1485.114,625.1733,1485.049,625.0715
74.29556,1,1486.016,626.2285,1485.533,625.65
74.30389,1,1486.016,626.2285,1485.775,625.9392
74.31339,1,1486.016,626.2285,1485.896,626.0839
74.32544,1,1496.566,642.16,1491.231,634.1219
74.33504,1,1496.566,642.16,1493.898,638.141
74.34769,1,1515.48,668.9041,1504.689,653.5226
74.35611,1,1515.48,668.9041,1510.084,661.2134
74.37007,1,1515.48,668.9041,1512.782,665.0587
74.3797,1,1532.529,694.9299,1522.656,679.9943
74.39237,1,1532.529,694.9299,1527.592,687.4622
74.40161,1,1532.529,694.9299,1530.061,691.196
74.41461,1,1545.64,713.3281,1537.85,702.2621
74.43113,1,1545.64,713.3281,1541.745,707.795
74.43686,1,1545.64,713.3281,1543.693,710.5615
74.44966,1,1555.679,726.9019,1549.686,718.7317
74.45935,1,1555.679,726.9019,1552.682,722.8168
74.47091,1,1561.336,737.0648,1557.009,729.9408
74.48058,1,1561.336,737.0648,1559.172,733.5028
74.49324,1,1561.336,737.0648,1560.254,735.2838
74.50378,1,1565.599,744.8799,1562.927,740.0819
74.51548,1,1565.599,744.8799,1564.263,742.481
74.52751,1,1565.599,744.8799,1564.931,743.6804
74.53672,1,1568.671,749.4836,1566.801,746.582
74.54891,1,1568.671,749.4836,1567.736,748.0328
74.55921,1,1571.675,753.242,1569.705,750.6375
74.57052,1,1571.675,753.242,1570.69,751.9397
74.58115,1,1571.675,753.242,1571.182,752.5908
74.59454,1,1575.172,756.9214,1573.177,754.7561
74.60516,1,1575.172,756.9214,1574.175,755.8387
74.61537,1,1575.172,756.9214,1574.674,756.3801
74.62817,1,1578.499,759.4227,1576.586,757.9014
74.63788,1,1578.499,759.4227,1577.543,758.662
74.64982,1,1580.953,761.1042,1579.248,759.8831
74.65929,1,1580.953,761.1042,1580.101,760.4937
74.66977,1,1580.953,761.1042,1580.527,760.799
74.68015,1,1572.381,757.4199,1576.454,759.1094
74.69518,1,1572.381,757.4199,1574.417,758.2646
74.70117,1,1572.381,757.4199,1573.399,757.8423
74.71397,1,1513.65,722.6114,1543.525,740.2268
74.72459,1,1513.65,722.6114,1528.588,731.4191
74.73503,1,1513.65,722.6114,1521.119,727.0153
74.74763,1,1320.01,586.4379,1420.564,656.7266
74.75826,1,1320.01,586.4379,1370.287,621.5823
74.76886,1,1320.01,586.4379,1345.149,604.0101
74.77879,1,1159.265,470.1381,1252.207,537.0741
74.79052,1,1159.265,470.1381,1205.736,503.6061
74.80115,1,1079.055,410.1648,1142.395,456.8854
74.81292,1,1079.055,410.1648,1110.725,433.5251
74.82311,1,1079.055,410.1648,1094.89,421.8449
74.83376,1,1042.455,381.0465,1068.672,401.4457
74.8473,1,1042.455,381.0465,1055.564,391.2462
74.85768,1,1042.455,381.0465,1049.01,386.1464
74.86911,1,1025.771,365.9292,1037.39,376.0378
74.87946,1,1025.771,365.9292,1031.58,370.9835
74.89138,1,1018.881,359.9445,1025.23,365.464
74.90056,1,1018.881,359.9445,1022.056,362.7042
74.91315,1,1018.881,359.9445,1020.468,361.3243
74.92358,1,1059.735,400.5574,1040.102,380.9409
74.93263,1,1059.735,400.5574,1049.918,390.7491
74.94536,1,1059.735,400.5574,1054.827,395.6533
74.95443,1,1109.1,439.2361,1081.964,417.4447
74.96618,1,1109.1,439.2361,1095.532,428.3404
74.97697,1,1109.1,439.2361,1102.316,433.7883
74.98975,1,1285.732,560.8278,1194.024,497.308
74.99987,1,1285.732,560.8278,1239.878,529.0679
75.01211,1,1285.732,560.8278,1262.805,544.9478
75.0211,1,1447.823,673.7575,1355.314,609.3527
75.03332,1,1447.823,673.7575,1401.568,641.5551
75.04636,1,1538.301,737.8207,1469.935,689.6879
75.05625,1,1538.301,737.8207,1504.118,713.7543
75.0692,1,1538.301,737.8207,1521.209,725.7875
75.0789,1,1583.69,771.5604,1552.45,748.674
75.0899,1,1583.69,771.5604,1568.07,760.1172
75.0999,1,1583.69,771.5604,1575.88,765.8387
75.11352,1,1605.609,788.0716,1590.745,776.9552
75.12341,1,1605.609,788.0716,1598.177,782.5134
75.1338,1,1619.071,796.8989,1608.624,789.7062
75.14627,1,1619.071,796.8989,1613.847,793.3025
75.15541,1,1619.071,796.8989,1616.459,795.1007
75.16725,1,1624.907,800.6531,1620.683,797.877
75.17831,1,1624.907,800.6531,1622.795,799.265
75.19006,1,1624.907,800.6531,1623.851,799.9591
75.19916,1,1628.718,802.811,1626.285,801.3851
75.21137,1,1628.718,802.811,1627.501,802.098
75.22103,1,1628.718,802.811,1628.11,802.4545
75.2346,1,1631.559,806.2189,1629.834,804.3367
75.24557,1,1631.559,806.2189,1630.696,805.2778
75.25522,1,1633.325,808.182,1632.011,806.7299
75.26839,1,1633.325,808.182,1632.668,807.4559
75.27849,1,1633.325,808.182,1632.997,807.819
75.28992,1,1636.185,808.9253,1634.591,808.3721
75.30051,1,1636.185,808.9253,1635.388,808.6487
75.31181,1,1636.185,808.9253,1635.787,808.787
75.32123,1,1639.011,810.1007,1637.399,809.4438
75.33324,1,1639.011,810.1007,1638.205,809.7723
75.34463,1,1641.164,811.9273,1639.685,810.8498
75.35327,1,1641.164,811.9273,1640.424,811.3885
75.36507,1,1641.164,811.9273,1640.794,811.658
75.37595,1,1642.506,812.8704,1641.65,812.2642
75.38735,1,1642.506,812.8704,1642.078,812.5673
75.39977,1,1642.506,812.8704,1642.292,812.7189
75.41126,1,1643.541,814.3451,1642.917,813.532
75.41988,1,1643.541,814.3451,1643.229,813.9385
75.4323,1,1643.541,814.3451,1643.385,814.1418
75.44365,1,1644.987,815.511,1644.186,814.8264
75.45244,1,1644.987,815.511,1644.586,815.1687
75.46401,1,1644.987,815.511,1644.786,815.3398
75.47231,1,1646.632,817.3794,1645.709,816.3596
75.48414,1,1646.632,817.3794,1646.171,816.8695
75.4959,1,1648.33,819.4954,1647.25,818.1824
75.50696,1,1648.33,819.4954,1647.79,818.8389
75.51677,1,1648.33,819.4954,1648.06,819.1671
75.52926,1,1649.176,820.9152,1648.618,820.0411
75.53786,1,1649.176,820.9152,1648.897,820.4781
75.55035,1,1649.176,820.9152,1649.036,820.6967
75.56134,1,1650.127,822.7583,1649.582,821.7275
75.57281,1,1650.127,822.7583,1649.854,822.2429
75.58524,1,1650.127,822.7583,1649.991,822.5006
75.59426,1,1650.292,824.6597,1650.141,823.5801
75.60503,1,1650.292,824.6597,1650.217,824.1199
75.61513,1,1650.292,824.6597,1650.254,824.3898
75.62771,1,1650.978,826.7154,1650.616,825.5526
75.63897,1,1650.978,826.7154,1650.797,826.134
75.64972,1,1651.263,828.3707,1651.03,827.2523
75.66034,1,1651.263,828.3707,1651.147,827.8115
75.67355,1,1651.263,828.3707,1651.205,828.0911
75.68369,1,1651.24,830.5277,1651.222,829.3094
75.69351,1,1651.24,830.5277,1651.231,829.9186
75.70452,1,1651.24,830.5277,1651.235,830.2231
75.71507,1,1649.159,833.6262,1650.197,831.9247
75.72844,1,1649.159,833.6262,1649.678,832.7754
75.73855,1,1646.227,836.8553,1647.953,834.8153
75.74989,1,1646.227,836.8553,1647.09,835.8353
75.75963,1,1646.227,836.8553,1646.659,836.3453
75.77171,1,1643.034,840.2196,1644.846,838.2825
75.78296,1,1643.034,840.2196,1643.94,839.251
75.79528,1,1643.034,840.2196,1643.487,839.7354
75.80589,1,1639.882,843.6055,1641.684,841.6704
75.81591,1,1639.882,843.6055,1640.783,842.6379
75.82914,1,1637.024,847.1064,1638.904,844.8722
75.8377,1,1637.024,847.1064,1637.964,845.9893
75.8504,1,1637.024,847.1064,1637.494,846.5479
75.86112,1,1634.292,850.8884,1635.893,848.7181
75.87151,1,1634.292,850.8884,1635.092,849.8032
75.88148,1,1634.292,850.8884,1634.692,850.3458
75.89326,1,1631.186,853.7452,1632.939,852.0455
75.9041,1,1631.186,853.7452,1632.063,852.8954
75.9138,1,1631.186,853.7452,1631.624,853.3203
75.92663,1,1628.576,856.1661,1630.1,854.7432
75.93599,1,1628.576,856.1661,1629.338,855.4546
75.94737,1,1628.576,856.1661,1628.957,855.8103
75.95782,1,1626.244,858.9587,1627.6,857.3845
75.96652,1,1626.244,858.9587,1626.922,858.1716
75.97739,1,1626.244,858.9587,1626.583,858.5652
75.99113,1,1623.869,860.7753,1625.226,859.6702
75.9989,1,1623.869,860.7753,1624.547,860.2228
76.01194,1,1622.548,862.3989,1623.548,861.3108
76.02077,1,1622.548,862.3989,1623.048,861.8549
76.03485,1,1622.548,862.3989,1622.798,862.1268
76.04939,1,1621.555,863.5371,1622.177,862.832
76.05738,1,1621.555,863.5371,1621.866,863.1846
76.06532,1,1621.555,863.5371,1621.711,863.3608
76.07661,1,1620.834,863.5699,1621.272,863.4654
76.0892,1,1620.834,863.5699,1621.053,863.5177
76.09841,1,1620.834,863.5699,1620.944,863.5438
76.11849,1,1618.282,861.7458,1619.613,862.6448
76.13402,1,1616.044,859.6287,1617.828,861.1368
76.14877,1,1616.044,859.6287,1616.936,860.3828
76.15467,1,1616.044,859.6287,1616.49,860.0057
76.16478,1,1614.603,857.4659,1615.547,858.7358
76.17607,1,1614.603,857.4659,1615.075,858.1008
76.18677,1,1614.603,857.4659,1614.839,857.7833
76.19643,1,1613.052,855.2405,1613.946,856.5119
76.21027,1,1613.052,855.2405,1613.499,855.8762
76.21832,1,1613.052,855.2405,1613.275,855.5583
76.23056,1,1611.304,853.1727,1612.29,854.3655
76.24137,1,1611.304,853.1727,1611.797,853.7692
76.25278,1,1609.118,850.8584,1610.457,852.3138
76.2643,1,1609.118,850.8584,1609.787,851.5861
76.27621,1,1609.118,850.8584,1609.453,851.2222
76.28729,1,1606.773,848.3977,1608.113,849.8099
76.29755,1,1606.773,848.3977,1607.443,849.1038
76.31118,1,1604.047,846.1809,1605.745,847.6423
76.31898,1,1604.047,846.1809,1604.896,846.9116
76.33186,1,1604.047,846.1809,1604.472,846.5463
76.34386,1,1601.711,843.5941,1603.091,845.0702
76.35166,1,1601.711,843.5941,1602.401,844.3322
76.36607,1,1601.711,843.5941,1602.056,843.9631
76.37559,1,1599.609,841.8187,1600.832,842.8909
76.38628,1,1599.609,841.8187,1600.22,842.3547
76.39742,1,1599.609,841.8187,1599.915,842.0867
76.40936,1,1597.189,840.3546,1598.552,841.2206
76.41814,1,1597.189,840.3546,1597.871,840.7876
76.43105,1,1597.189,840.3546,1597.53,840.571
76.44135,1,1589.255,837.6838,1593.392,839.1274
76.45142,1,1589.255,837.6838,1591.323,838.4056
76.46444,1,1487.613,825.3758,1539.469,831.8907
76.47514,1,1487.613,825.3758,1513.541,828.6333
76.48457,1,1487.613,825.3758,1500.577,827.0045
76.49529,1,1227.688,792.9007,1364.133,809.9526
76.50754,1,1227.688,792.9007,1295.91,801.4266
76.51816,1,1227.688,792.9007,1261.799,797.1637
76.53049,1,1028.867,769.4106,1145.333,783.2872
76.53961,1,1028.867,769.4106,1087.1,776.3489
76.55102,1,1028.867,769.4106,1057.984,772.8798
76.56348,1,926.2584,758.3512,992.1211,765.6155
76.57461,1,926.2584,758.3512,959.1897,761.9833
76.58405,1,877.986,752.3292,918.5879,757.1563
76.59397,1,877.986,752.3292,898.287,754.7427
76.60551,1,877.986,752.3292,888.1365,753.536
76.61625,1,853.4299,746.9957,870.7832,750.2659
76.62873,1,853.4299,746.9957,862.1066,748.6307
76.63763,1,853.4299,746.9957,857.7682,747.8132
76.6509,1,840.4871,743.4941,849.1277,745.6537
76.66093,1,840.4871,743.4941,844.8074,744.5739
76.67149,1,840.4871,743.4941,842.6472,744.0341
76.68369,1,863.7781,742.675,853.2126,743.3546
76.69377,1,863.7781,742.675,858.4954,743.0148
76.70554,1,892.8748,745.3132,875.6851,744.1639
76.71574,1,892.8748,745.3132,884.2799,744.7385
76.72972,1,892.8748,745.3132,888.5774,745.0259
76.73964,1,927.1633,747.368,907.8704,746.197
76.75327,1,927.1633,747.368,917.5168,746.7825
76.76365,1,927.1633,747.368,922.3401,747.0753
76.77402,1,1038.643,758.7109,980.4917,752.8931
76.78629,1,1038.643,758.7109,1009.568,755.802
76.79512,1,1220.319,778.2082,1114.943,767.0051
76.80561,1,1220.319,778.2082,1167.631,772.6067
76.81719,1,1220.319,778.2082,1193.975,775.4075
76.82935,1,1352.031,789.1605,1273.003,782.284
76.83844,1,1352.031,789.1605,1312.517,785.7223
76.85116,1,1352.031,789.1605,1332.274,787.4414
76.86382,1,1427.447,795.3541,1379.861,791.3978
76.87739,1,1427.447,795.3541,1403.654,793.376
76.88497,1,1427.447,795.3541,1415.55,794.3651
76.89517,1,1467.698,799.408,1441.624,796.8865
76.90981,1,1467.698,799.408,1454.661,798.1473
76.92143,1,1489.956,801.3396,1472.308,799.7434
76.9303,1,1489.956,801.3396,1481.132,800.5415
76.93731,1,1489.956,801.3396,1485.544,800.9406
76.95047,1,1501.808,800.6447,1493.676,800.7926
76.96297,1,1501.808,800.6447,1497.742,800.7186
76.97253,1,1501.808,800.6447,1499.775,800.6816
76.98463,1,1508.207,799.7177,1503.991,800.1996
76.99623,1,1508.207,799.7177,1506.099,799.9586
77.00953,1,1511.461,798.8989,1508.78,799.4288
77.01767,1,1511.461,798.8989,1510.121,799.1638
77.02957,1,1511.461,798.8989,1510.791,799.0314
77.03935,1,1514.489,793.231,1512.64,796.1312
77.0503,1,1514.489,793.231,1513.564,794.6812
77.06298,1,1514.489,793.231,1514.027,793.9561
77.07681,1,1517.011,787.784,1515.519,790.87
77.0844,1,1517.011,787.784,1516.265,789.327
77.09325,1,1517.011,787.784,1516.638,788.5555
77.10398,1,1518.713,785.1329,1517.675,786.8442
77.11421,1,1518.713,785.1329,1518.194,785.9885
77.12697,1,1518.895,782.1929,1518.544,784.0907
77.13504,1,1518.895,782.1929,1518.719,783.1418
77.14857,1,1518.895,782.1929,1518.807,782.6674
77.15627,1,1518.895,782.1929,1518.851,782.4302
77.16846,1,1519.385,779.6514,1519.118,781.0408
77.17823,1,1519.385,779.6514,1519.251,780.3461
77.18935,1,1519.446,777.4518,1519.349,778.8989
77.19914,1,1519.446,777.4518,1519.397,778.1754
77.21127,1,1519.446,777.4518,1519.422,777.8136
77.21999,1,1519.577,776.1516,1519.499,776.9825
77.23254,1,1519.577,776.1516,1519.538,776.567
77.24423,1,1519.577,776.1516,1519.557,776.3593
77.25481,1,1519.055,774.4899,1519.306,775.4246
77.26717,1,1519.055,774.4899,1519.181,774.9572
77.27899,1,1518.306,773.5662,1518.744,774.2617
77.2914,1,1518.306,773.5662,1518.525,773.9139
77.30033,1,1518.306,773.5662,1518.416,773.7401
77.31253,1,1517.688,772.9458,1518.052,773.3429
77.32336,1,1517.688,772.9458,1517.87,773.1443
77.33479,1,1517.688,772.9458,1517.779,773.045
77.34662,1,1517.5,772.2318,1517.64,772.6384
77.35622,1,1517.5,772.2318,1517.57,772.4351
77.36824,1,1516.863,771.4405,1517.216,771.9377
77.37808,1,1516.863,771.4405,1517.04,771.6891
77.38963,1,1516.863,771.4405,1516.951,771.5648
77.39978,1,1516.138,770.3096,1516.545,770.9372
77.41254,1,1516.138,770.3096,1516.341,770.6234
77.42014,1,1516.138,770.3096,1516.24,770.4665
77.43189,1,1515.101,768.8483,1515.67,769.6573
77.44318,1,1515.101,768.8483,1515.385,769.2528
77.45187,1,1515.101,768.8483,1515.243,769.0505
77.46368,1,1513.97,766.8738,1514.606,767.9622
77.47337,1,1513.97,766.8738,1514.288,767.418
77.48489,1,1513.97,766.8738,1514.129,767.1459
77.49515,1,1512.554,765.1901,1513.342,766.168
77.50745,1,1512.554,765.1901,1512.948,765.6791
77.51653,1,1512.554,765.1901,1512.751,765.4346
77.52951,1,1510.738,763.2148,1511.744,764.3247
77.53743,1,1510.738,763.2148,1511.241,763.7698
77.54969,1,1508.487,761.5272,1509.864,762.6485
77.55994,1,1508.487,761.5272,1509.176,762.0879
77.57293,1,1508.487,761.5272,1508.831,761.8076
77.58131,1,1506.208,760.1617,1507.52,760.9846
77.5948,1,1506.208,760.1617,1506.864,760.5731
77.60603,1,1506.208,760.1617,1506.536,760.3674
77.61617,1,1503.751,758.912,1505.144,759.6398
77.62819,1,1503.751,758.912,1504.448,759.2759
77.63673,1,1503.751,758.912,1504.099,759.094
77.64954,1,1501.484,757.8276,1502.792,758.4608
77.66087,1,1501.484,757.8276,1502.138,758.1442
77.67249,1,1499.082,756.4225,1500.61,757.2833
77.68565,1,1499.082,756.4225,1499.846,756.8529
77.69437,1,1499.082,756.4225,1499.464,756.6377
77.70528,1,1496.319,755.4715,1497.891,756.0546
77.71571,1,1496.319,755.4715,1497.105,755.7631
77.72855,1,1496.319,755.4715,1496.712,755.6173
77.7374,1,1493.658,754.4322,1495.185,755.0248
77.74925,1,1493.658,754.4322,1494.422,754.7285
77.7606,1,1493.658,754.4322,1494.04,754.5803
77.77106,1,1490.858,753.4346,1492.449,754.0074
77.78319,1,1490.858,753.4346,1491.653,753.7211
77.79371,1,1488.383,752.3403,1490.018,753.0306
77.80475,1,1488.383,752.3403,1489.2,752.6854
77.81415,1,1488.383,752.3403,1488.791,752.5128
77.82722,1,1486.114,751.7963,1487.452,752.1545
77.83611,1,1486.114,751.7963,1486.783,751.9755
77.84782,1,1486.114,751.7963,1486.448,751.8859
77.85775,1,1484.27,750.5067,1485.359,751.1963
77.86902,1,1484.27,750.5067,1484.814,750.8515
77.88039,1,1484.27,750.5067,1484.542,750.6791
77.8908,1,1482.196,749.3793,1483.369,750.0292
77.89976,1,1482.196,749.3793,1482.782,749.7042
77.91206,1,1479.665,748.3872,1481.224,749.0457
77.9239,1,1479.665,748.3872,1480.444,748.7164
77.93283,1,1479.665,748.3872,1480.055,748.5518
77.94694,1,1477.388,747.1371,1478.722,747.8445
77.95579,1,1477.388,747.1371,1478.055,747.4908
77.96848,1,1477.388,747.1371,1477.722,747.314
77.97854,1,1475.137,745.5397,1476.43,746.4269
77.99005,1,1475.137,745.5397,1475.783,745.9833
77.99968,1,1475.137,745.5397,1475.46,745.7615
78.01168,1,1472.762,743.3126,1474.111,744.537
78.0206,1,1472.762,743.3126,1473.437,743.9248
78.0325,1,1472.762,743.3126,1473.099,743.6187
78.04533,1,1469.84,742.0542,1471.47,742.8364
78.05362,1,1469.84,742.0542,1470.655,742.4453
78.06865,1,1467.375,740.7185,1469.015,741.5819
78.07743,1,1467.375,740.7185,1468.195,741.1502
78.08801,1,1467.375,740.7185,1467.785,740.9343
78.09782,1,1464.986,739.0412,1466.385,739.9878
78.11176,1,1464.986,739.0412,1465.686,739.5145
78.1206,1,1464.986,739.0412,1465.336,739.2778
78.13254,1,1462.363,738.2002,1463.849,738.739
78.14594,1,1462.363,738.2002,1463.106,738.4696
78.1539,1,1460.491,737.7809,1461.798,738.1252
78.16573,1,1460.491,737.7809,1461.145,737.9531
78.17617,1,1460.491,737.7809,1460.818,737.8669
78.18716,1,1458.355,737.1618,1459.586,737.5144
78.19749,1,1458.355,737.1618,1458.971,737.3381
78.20889,1,1458.355,737.1618,1458.663,737.25
78.21765,1,1455.907,736.3155,1457.285,736.7827
78.23069,1,1455.907,736.3155,1456.596,736.5491
78.24409,1,1455.907,736.3155,1456.252,736.4323
78.25276,1,1453.528,735.3936,1454.89,735.913
78.26498,1,1453.528,735.3936,1454.209,735.6533
78.27584,1,1451.181,734.4326,1452.695,735.043
78.28618,1,1451.181,734.4326,1451.938,734.7378
78.2963,1,1451.181,734.4326,1451.559,734.5852
78.31117,1,1449.379,732.7936,1450.469,733.6894
78.31809,1,1449.379,732.7936,1449.924,733.2415
78.33115,1,1449.379,732.7936,1449.651,733.0175
78.33943,1,1447.483,731.7885,1448.567,732.403
78.35252,1,1447.483,731.7885,1448.025,732.0957
78.36617,1,1445.855,730.7863,1446.94,731.441
78.37701,1,1445.855,730.7863,1446.397,731.1136
78.38773,1,1445.855,730.7863,1446.126,730.95
78.39877,1,1444.124,729.6906,1445.125,730.3203
78.41112,1,1444.124,729.6906,1444.624,730.0054
78.41929,1,1444.124,729.6906,1444.374,729.848
78.43163,1,1442.426,728.1331,1443.4,728.9905
78.44301,1,1442.426,728.1331,1442.913,728.5618
78.45222,1,1442.426,728.1331,1442.67,728.3475
78.46463,1,1439.827,725.1862,1441.248,726.7668
78.47512,1,1439.827,725.1862,1440.538,725.9765
78.48515,1,1439.827,725.1862,1440.182,725.5813
78.49628,1,1436.905,721.4312,1438.543,723.5062
78.50868,1,1436.905,721.4312,1437.724,722.4688
78.51899,1,1433.431,718.0021,1435.578,720.2354
78.5306,1,1433.431,718.0021,1434.504,719.1188
78.54441,1,1433.431,718.0021,1433.968,718.5604
78.55135,1,1429.866,713.9232,1431.917,716.2418
78.56412,1,1429.866,713.9232,1430.891,715.0825
78.57567,1,1429.866,713.9232,1430.378,714.5028
78.58676,1,1425.896,710.0873,1428.137,712.295
78.59792,1,1425.896,710.0873,1427.017,711.1912
78.61049,1,1422.618,707.5819,1424.817,709.3865
78.61866,1,1422.618,707.5819,1423.718,708.4843
78.63078,1,1422.618,707.5819,1423.168,708.0331
78.64413,1,1419.155,704.8594,1421.161,706.4463
78.65334,1,1419.155,704.8594,1420.158,705.6528
78.66589,1,1419.155,704.8594,1419.656,705.2561
78.67756,1,1416.908,702.6866,1418.282,703.9714
78.68707,1,1416.908,702.6866,1417.595,703.329
78.69684,1,1416.908,702.6866,1417.252,703.0078
78.71134,1,1414.899,700.0966,1416.075,701.5522
78.71807,1,1414.899,700.0966,1415.487,700.8245
78.73109,1,1412.29,698.3654,1413.889,699.595
78.74001,1,1412.29,698.3654,1413.089,698.9802
78.75601,1,1412.29,698.3654,1412.69,698.6729
78.76926,1,1410.192,696.7318,1411.441,697.7023
78.77999,1,1410.192,696.7318,1410.817,697.217
78.7924,1,1408.019,695.6552,1409.418,696.4362
78.79837,1,1408.019,695.6552,1408.719,696.0457
78.80807,1,1408.019,695.6552,1408.369,695.8505
78.81837,1,1408.019,695.6552,1408.194,695.7528
78.83047,1,1406.481,694.8606,1407.338,695.3067
78.83973,1,1406.481,694.8606,1406.909,695.0836
78.85225,1,1405.163,694.2355,1406.036,694.6595
78.86358,1,1405.163,694.2355,1405.6,694.4475
78.87276,1,1405.163,694.2355,1405.382,694.3416
78.8869,1,1404.146,694.0944,1404.764,694.218
78.89659,1,1404.146,694.0944,1404.455,694.1561
78.90671,1,1404.146,694.0944,1404.301,694.1252
78.91875,1,1402.976,694.1224,1403.638,694.1238
78.93144,1,1402.976,694.1224,1403.307,694.123
78.94575,1,1401.883,694.0327,1402.595,694.0779
78.95285,1,1401.883,694.0327,1402.239,694.0553
78.96542,1,1401.883,694.0327,1402.061,694.0439
78.97375,1,1402.241,695.4184,1402.151,694.7312
78.98778,1,1402.241,695.4184,1402.196,695.0748
78.9966,1,1402.241,695.4184,1402.219,695.2466
79.00719,1,1408.757,701.4249,1405.488,698.3358
79.01735,1,1408.757,701.4249,1407.122,699.8804
79.02967,1,1425.75,716.0574,1416.436,707.9689
79.03853,1,1425.75,716.0574,1421.093,712.0132
79.05103,1,1425.75,716.0574,1423.421,714.0353
79.06358,1,1445.017,733.4769,1434.219,723.7561
79.07238,1,1445.017,733.4769,1439.618,728.6165
79.08412,1,1445.017,733.4769,1442.317,731.0468
79.09454,1,1463.044,749.0358,1452.681,740.0413
79.10702,1,1463.044,749.0358,1457.862,744.5385
79.11744,1,1463.044,749.0358,1460.453,746.7871
79.13012,1,1475.443,763.0325,1467.948,754.9098
79.13971,1,1475.443,763.0325,1471.696,758.9712
79.15395,1,1485.803,772.8489,1478.75,765.91
79.16355,1,1485.803,772.8489,1482.276,769.3795
79.17229,1,1485.803,772.8489,1484.04,771.1141
79.18509,1,1492.552,779.6368,1488.296,775.3755
79.1955,1,1492.552,779.6368,1490.424,777.5062
79.20762,1,1492.552,779.6368,1491.488,778.5715
79.21896,1,1497.476,785.4763,1494.482,782.0239
79.23222,1,1497.476,785.4763,1495.979,783.7501
79.24374,1,1470.083,787.6887,1483.031,785.7194
79.25446,1,1470.083,787.6887,1476.557,786.7041
79.26399,1,1470.083,787.6887,1473.32,787.1964
79.27201,1,1353.154,781.1547,1413.237,784.1755
79.2865,1,1353.154,781.1547,1383.195,782.6651
79.2956,1,1353.154,781.1547,1368.174,781.9099
79.30645,1,1115.697,747.1827,1241.936,764.5463
79.31773,1,1115.697,747.1827,1178.817,755.8645
79.32993,1,1115.697,747.1827,1147.257,751.5236
79.33828,1,929.4087,717.692,1038.333,734.6078
79.35169,1,929.4087,717.692,983.8707,726.1499
79.36113,1,929.4087,717.692,956.6397,721.9209
79.37349,1,827.2314,705.1191,891.9355,713.52
79.38496,1,827.2314,705.1191,859.5835,709.3196
79.39736,1,777.3636,697.3525,818.4735,703.3361
79.40826,1,777.3636,697.3525,797.9186,700.3443
79.4175,1,777.3636,697.3525,787.6411,698.8484
79.43002,1,751.5021,695.1033,769.5716,696.9758
79.43821,1,751.5021,695.1033,760.5369,696.0396
79.45165,1,751.5021,695.1033,756.0195,695.5714
79.46306,1,735.5461,695.6522,745.7828,695.6118
79.47206,1,735.5461,695.6522,740.6645,695.632
79.4844,1,746.9032,696.649,743.7838,696.1405
79.49468,1,746.9032,696.649,745.3435,696.3948
79.50778,1,746.9032,696.649,746.1234,696.5219
79.51814,1,811.9895,706.5512,779.0564,701.5366
79.5311,1,811.9895,706.5512,795.5229,704.0439
79.53953,1,811.9895,706.5512,803.7562,705.2975
79.55277,1,886.0134,716.3131,844.8848,710.8053
79.56335,1,886.0134,716.3131,865.4491,713.5592
79.57179,1,886.0134,716.3131,875.7313,714.9362
79.58532,1,1020.277,731.186,948.0043,723.0611
79.59575,1,1020.277,731.186,984.1407,727.1235
79.60761,1,1073.678,658.8185,1028.909,692.9711
79.61639,1,1073.678,658.8185,1051.294,675.8948
79.62947,1,1073.678,658.8185,1062.486,667.3567
79.63934,1,1081.808,530.6664,1072.147,599.0116
79.65151,1,1081.808,530.6664,1076.977,564.839
79.66326,1,1081.808,530.6664,1079.393,547.7527
79.67202,1,1085.661,430.7981,1082.527,489.2754
79.6852,1,1085.661,430.7981,1084.094,460.0367
79.6944,1,1087.522,371.3641,1085.808,415.7004
79.70569,1,1087.522,371.3641,1086.665,393.5322
79.71522,1,1087.522,371.3641,1087.094,382.4482
79.72867,1,1060.145,349.7277,1073.619,366.0879
79.7384,1,1060.145,349.7277,1066.882,357.9078
79.7494,1,1060.145,349.7277,1063.514,353.8177
79.76014,1,1033.927,342.4947,1048.72,348.1562
79.77122,1,1033.927,342.4947,1041.323,345.3254
79.78339,1,1033.927,342.4947,1037.625,343.91
79.79316,1,1018.981,339.1119,1028.303,341.511
79.8064,1,1018.981,339.1119,1023.642,340.3115
79.81544,1,1007.809,342.9162,1015.725,341.6138
79.82773,1,1007.809,342.9162,1011.767,342.265
79.8364,1,1007.809,342.9162,1009.788,342.5906
79.84874,1,1002.804,348.684,1006.296,345.6373
79.85742,1,1002.804,348.684,1004.55,347.1607
79.86871,1,1002.804,348.684,1003.677,347.9224
79.87976,1,1000.476,352.6112,1002.076,350.2668
79.89067,1,1000.476,352.6112,1001.276,351.439
79.9037,1,1000.476,352.6112,1000.876,352.0251
79.91651,1,998.2687,355.7402,999.5725,353.8827
79.92539,1,998.2687,355.7402,998.9206,354.8114
79.93413,1,998.2687,355.7402,998.5946,355.2758
79.94762,1,1012.821,368.2871,1005.708,361.7814
79.957,1,1012.821,368.2871,1009.264,365.0343
79.96925,1,1146.457,473.3368,1077.861,419.1855
79.98148,1,1146.457,473.3368,1112.159,446.2612
79.99101,1,1146.457,473.3368,1129.308,459.799
80.00591,1,1316.916,604.5436,1223.112,532.1713
80.02093,1,1316.916,604.5436,1270.014,568.3574
80.03964,1,1412.781,681.3022,1341.397,624.8298
80.04576,1,1412.781,681.3022,1377.089,653.066
80.05138,1,1412.781,681.3022,1394.935,667.1841
80.06341,1,1458.595,716.5822,1426.765,691.8831
80.07281,1,1458.595,716.5822,1442.68,704.2327
80.0847,1,1458.595,716.5822,1450.637,710.4074
80.09402,1,1482.65,733.2841,1466.644,721.8457
80.10587,1,1482.65,733.2841,1474.647,727.5649
80.1143,1,1482.65,733.2841,1478.648,730.4244
80.12785,1,1493.965,741.1414,1486.307,735.783
80.13776,1,1493.965,741.1414,1490.136,738.4622
80.14842,1,1501.301,743.9351,1495.718,741.1986
80.15703,1,1501.301,743.9351,1498.51,742.5668
80.16878,1,1501.301,743.9351,1499.905,743.251
80.18151,1,1505.421,746.1464,1502.663,744.6987
80.191,1,1505.421,746.1464,1504.042,745.4225
80.20164,1,1505.421,746.1464,1504.732,745.7844
80.21437,1,1508.208,749.4724,1506.47,747.6284
80.22781,1,1508.208,749.4724,1507.339,748.5504
80.23493,1,1508.208,749.4724,1507.773,749.0114
80.24803,1,1515.145,764.4623,1511.459,756.7368
80.2558,1,1515.145,764.4623,1513.302,760.5995
80.26808,1,1515.145,764.4623,1514.223,762.5309
80.27866,1,1520.089,777.7357,1517.156,770.1333
80.2903,1,1520.089,777.7357,1518.622,773.9344
80.29956,1,1524.095,788.1198,1521.359,781.0271
80.31248,1,1524.095,788.1198,1522.727,784.5734
80.3231,1,1524.095,788.1198,1523.411,786.3466
80.33354,1,1526.65,792.9977,1525.03,789.6721
80.34747,1,1526.65,792.9977,1525.84,791.3349
80.35541,1,1526.65,792.9977,1526.245,792.1663
80.36929,1,1528.716,797.3323,1527.481,794.7493
80.37904,1,1528.716,797.3323,1528.099,796.0408
80.38956,1,1529.767,801.2258,1528.933,798.6333
80.40083,1,1529.767,801.2258,1529.35,799.9296
80.4129,1,1529.767,801.2258,1529.559,800.5777
80.42349,1,1531.925,804.436,1530.742,802.5068
80.43336,1,1531.925,804.436,1531.333,803.4714
80.44629,1,1531.925,804.436,1531.629,803.9537
80.45605,1,1532.065,806.5301,1531.847,805.2419
80.4667,1,1532.065,806.5301,1531.956,805.886
80.47726,1,1532.065,806.5301,1532.011,806.208
80.48769,1,1528.252,806.0414,1530.131,806.1247
80.49845,1,1528.252,806.0414,1529.191,806.083
80.51038,1,1525.613,804.6595,1527.402,805.3713
80.519,1,1525.613,804.6595,1526.508,805.0154
80.53104,1,1525.613,804.6595,1526.061,804.8375
80.54328,1,1523.917,803.6345,1524.989,804.236
80.55264,1,1523.917,803.6345,1524.453,803.9352
80.56463,1,1523.917,803.6345,1524.185,803.7849
80.57542,1,1522.616,802.8577,1523.401,803.3213
80.58588,1,1522.616,802.8577,1523.008,803.0895
80.59621,1,1522.616,802.8577,1522.812,802.9736
80.61028,1,1521.41,802.1913,1522.111,802.5824
80.61852,1,1521.41,802.1913,1521.761,802.3868
80.631,1,1520.357,801.6791,1521.059,802.033
80.64287,1,1520.357,801.6791,1520.708,801.856
80.65229,1,1520.357,801.6791,1520.532,801.7676
80.66439,1,1519.199,800.7463,1519.866,801.257
80.67507,1,1519.199,800.7463,1519.532,801.0016
80.68735,1,1519.199,800.7463,1519.366,800.874
80.69923,1,1517.881,799.8217,1518.624,800.3478
80.71057,1,1517.881,799.8217,1518.252,800.0847
80.71927,1,1517.881,799.8217,1518.067,799.9532
80.73106,1,1516.25,798.6344,1517.158,799.2938
80.74165,1,1516.25,798.6344,1516.704,798.9641
80.75314,1,1514.261,797.252,1515.483,798.108
80.76395,1,1514.261,797.252,1514.872,797.68
80.77515,1,1514.261,797.252,1514.566,797.4659
80.78709,1,1512.264,795.8735,1513.415,796.6697
80.79953,1,1512.264,795.8735,1512.84,796.2716
80.81188,1,1512.264,795.8735,1512.552,796.0725
80.82136,1,1510.281,794.587,1511.417,795.3297
80.83375,1,1510.281,794.587,1510.849,794.9584
80.84545,1,1507.665,792.8465,1509.257,793.9025
80.85506,1,1507.665,792.8465,1508.461,793.3745
80.86771,1,1507.665,792.8465,1508.063,793.1105
80.87834,1,1505.029,790.462,1506.546,791.7863
80.88777,1,1505.029,790.462,1505.788,791.1241
80.89735,1,1505.029,790.462,1505.408,790.7931
80.91062,1,1502.193,788.2162,1503.801,789.5046
80.91998,1,1502.193,788.2162,1502.997,788.8604
80.93231,1,1502.193,788.2162,1502.594,788.5383
80.94378,1,1498.74,785.8348,1500.667,787.1865
80.95261,1,1498.74,785.8348,1499.703,786.5106
80.96601,1,1495.451,784.1697,1497.577,785.3402
80.97634,1,1495.451,784.1697,1496.514,784.755
80.98727,1,1495.451,784.1697,1495.983,784.4624
80.99827,1,1492.768,782.6547,1494.375,783.5585
81.00974,1,1492.768,782.6547,1493.572,783.1066
81.01824,1,1492.768,782.6547,1493.17,782.8806
81.03242,1,1490.208,780.6404,1491.689,781.7605
81.04313,1,1490.208,780.6404,1490.949,781.2004
81.05029,1,1490.208,780.6404,1490.578,780.9204
81.06419,1,1488.008,778.4869,1489.293,779.7037
81.07297,1,1488.008,778.4869,1488.65,779.0953
81.08632,1,1485.172,775.527,1486.911,777.3112
81.09674,1,1485.172,775.527,1486.041,776.4191
81.10756,1,1485.172,775.527,1485.607,775.973
81.11745,1,1482.264,773.0504,1483.935,774.5117
81.13132,1,1482.264,773.0504,1483.099,773.7811
81.14308,1,1482.264,773.0504,1482.682,773.4158
81.15008,1,1479.086,770.4856,1480.884,771.9507
81.16218,1,1479.086,770.4856,1479.985,771.2181
81.17313,1,1479.086,770.4856,1479.535,770.8519
81.1843,1,1477.035,768.9512,1478.285,769.9015
81.19418,1,1477.035,768.9512,1477.66,769.4263
81.20438,1,1474.678,766.2736,1476.169,767.85
81.21486,1,1474.678,766.2736,1475.423,767.0618
81.22799,1,1474.678,766.2736,1475.051,766.6677
81.23658,1,1472.409,763.692,1473.73,765.1798
81.24944,1,1472.409,763.692,1473.069,764.4359
81.2603,1,1472.409,763.692,1472.739,764.064
81.27303,1,1469.646,761.5192,1471.193,762.7916
81.28343,1,1469.646,761.5192,1470.42,762.1554
81.29375,1,1469.646,761.5192,1470.033,761.8373
81.30556,1,1467.05,759.306,1468.542,760.5717
81.31469,1,1467.05,759.306,1467.796,759.9388
81.32887,1,1464.289,757.0471,1466.042,758.493
81.33605,1,1464.289,757.0471,1465.166,757.77
81.34928,1,1464.289,757.0471,1464.727,757.4086
81.3611,1,1461.357,754.7523,1463.042,756.0804
81.37025,1,1461.357,754.7523,1462.199,755.4164
81.38099,1,1461.357,754.7523,1461.778,755.0844
81.39415,1,1458.908,752.5713,1460.343,753.8278
81.40363,1,1458.908,752.5713,1459.625,753.1996
81.41411,1,1458.908,752.5713,1459.267,752.8854
81.42786,1,1457.135,750.4093,1458.201,751.6473
81.43458,1,1457.135,750.4093,1457.668,751.0283
81.44754,1,1455.006,748.1555,1456.337,749.5919
81.45524,1,1455.006,748.1555,1455.671,748.8737
81.46819,1,1455.006,748.1555,1455.339,748.5146
81.47977,1,1453.207,745.6653,1454.273,747.09
81.49023,1,1453.207,745.6653,1453.74,746.3776
81.50028,1,1453.207,745.6653,1453.474,746.0215
81.51316,1,1450.666,743.7202,1452.07,744.8708
81.5242,1,1450.666,743.7202,1451.368,744.2955
81.53304,1,1450.666,743.7202,1451.017,744.0078
81.54758,1,1448.394,741.3245,1449.706,742.6661
81.56548,1,1448.394,741.3245,1449.05,741.9953
81.5725,1,1445.674,739.116,1447.362,740.5557
81.58329,1,1445.674,739.116,1446.518,739.8358
81.59419,1,1445.674,739.116,1446.096,739.4759
81.60468,1,1443.175,737.2023,1444.636,738.3391
81.61807,1,1443.175,737.2023,1443.906,737.7707
81.63107,1,1441.665,735.8198,1442.785,736.7953
81.6409,1,1441.665,735.8198,1442.225,736.3076
81.65446,1,1441.665,735.8198,1441.945,736.0637
81.66574,1,1439.801,735.1152,1440.873,735.5895
81.67518,1,1439.801,735.1152,1440.337,735.3523
81.68786,1,1439.801,735.1152,1440.069,735.2338
81.69778,1,1437.943,734.3376,1439.006,734.7856
81.70893,1,1437.943,734.3376,1438.474,734.5616
81.71827,1,1436.389,733.2435,1437.432,733.9026
81.73219,1,1436.389,733.2435,1436.911,733.573
81.74142,1,1436.389,733.2435,1436.65,733.4082
81.75463,1,1434.644,732.3763,1435.647,732.8923
81.76595,1,1434.644,732.3763,1435.146,732.6343
81.77483,1,1434.644,732.3763,1434.895,732.5053
81.78798,1,1432.693,731.2087,1433.794,731.857
81.79795,1,1432.693,731.2087,1433.243,731.5328
81.81045,1,1430.646,730.26,1431.945,730.8964
81.81932,1,1430.646,730.26,1431.295,730.5782
81.83305,1,1430.646,730.26,1430.971,730.4191
81.84351,1,1428.63,729.4922,1429.8,729.9557
81.85286,1,1428.63,729.4922,1429.215,729.724
81.86519,1,1428.63,729.4922,1428.923,729.6082
81.87402,1,1426.925,728.5925,1427.924,729.1003
81.88539,1,1426.925,728.5925,1427.424,728.8464
81.89597,1,1426.925,728.5925,1427.175,728.7195
81.90682,1,1425.687,727.7368,1426.431,728.2281
81.9171,1,1425.687,727.7368,1426.059,727.9824
81.92899,1,1425.687,727.7368,1425.873,727.8596
81.93882,1,1424.25,726.7496,1425.061,727.3046
81.9505,1,1424.25,726.7496,1424.655,727.0271
81.96291,1,1423.081,726.0068,1423.868,726.517
81.97179,1,1423.081,726.0068,1423.474,726.2619
81.98449,1,1423.081,726.0068,1423.278,726.1344
81.99429,1,1422.689,724.2111,1422.983,725.1727
82.00661,1,1422.689,724.2111,1422.836,724.6919
82.01555,1,1422.689,724.2111,1422.762,724.4515
82.02789,1,1419.695,722.0561,1421.229,723.2538
82.03697,1,1419.695,722.0561,1420.462,722.6549
82.04961,1,1419.695,722.0561,1420.078,722.3555
82.05979,1,1416.469,720.4227,1418.274,721.3891
82.07005,1,1416.469,720.4227,1417.371,720.9059
82.08139,1,1413.053,718.9215,1415.212,719.9137
82.09476,1,1413.053,718.9215,1414.133,719.4176
82.10374,1,1413.053,718.9215,1413.593,719.1696
82.11421,1,1410.346,717.4174,1411.97,718.2935
82.1267,1,1410.346,717.4174,1411.158,717.8554
82.13544,1,1410.346,717.4174,1410.752,717.6364
82.14726,1,1407.829,716.3311,1409.291,716.9838
82.15736,1,1407.829,716.3311,1408.56,716.6575
82.16866,1,1407.829,716.3311,1408.195,716.4943
82.18406,1,1405.658,715.1847,1406.927,715.8395
82.19504,1,1405.658,715.1847,1406.292,715.5121
82.20738,1,1403.247,713.7855,1404.77,714.6488
82.21714,1,1403.247,713.7855,1404.009,714.2172
82.22642,1,1403.247,713.7855,1403.628,714.0013
82.23557,1,1401.39,712.933,1402.509,713.4672
82.24676,1,1401.39,712.933,1401.95,713.2001
82.25608,1,1401.39,712.933,1401.67,713.0665
82.26831,1,1399.83,711.9244,1400.75,712.4955
82.27874,1,1399.83,711.9244,1400.29,712.21
82.29131,1,1399.83,711.9244,1400.06,712.0671
82.30074,1,1398.011,710.8974,1399.035,711.4823
82.3131,1,1398.011,710.8974,1398.523,711.1898
82.32335,1,1396.433,710.0908,1397.478,710.6403
82.33496,1,1396.433,710.0908,1396.956,710.3656
82.34743,1,1396.433,710.0908,1396.695,710.2282
82.35683,1,1394.683,709.489,1395.689,709.8586
82.36946,1,1394.683,709.489,1395.186,709.6738
82.37932,1,1394.683,709.489,1394.934,709.5814
82.39082,1,1393.092,708.9188,1394.013,709.2501
82.40307,1,1393.092,708.9188,1393.552,709.0844
82.41359,1,1391.821,708.5474,1392.687,708.8159
82.42965,1,1391.821,708.5474,1392.254,708.6816
82.43642,1,1391.821,708.5474,1392.038,708.6145
82.4512,1,1390.45,707.7463,1391.244,708.1804
82.46159,1,1390.45,707.7463,1390.847,707.9634
82.4725,1,1390.45,707.7463,1390.648,707.8549
82.48371,1,1388.982,706.8294,1389.815,707.3422
82.49488,1,1388.982,706.8294,1389.399,707.0858
82.50648,1,1387.476,705.9731,1388.437,706.5295
82.51685,1,1387.476,705.9731,1387.957,706.2513
82.5292,1,1387.476,705.9731,1387.716,706.1122
82.5393,1,1386.422,703.7986,1387.069,704.9554
82.55241,1,1386.422,703.7986,1386.746,704.3771
82.56366,1,1386.422,703.7986,1386.584,704.0879
82.57209,1,1385.036,701.4544,1385.81,702.7711
82.5841,1,1385.036,701.4544,1385.423,702.1128
82.59545,1,1383.242,698.3385,1384.333,700.2256
82.60616,1,1383.242,698.3385,1383.787,699.2821
82.61563,1,1383.242,698.3385,1383.515,698.8103
82.62718,1,1381.527,695.6691,1382.521,697.2397
82.63918,1,1381.527,695.6691,1382.024,696.4545
82.65015,1,1381.527,695.6691,1381.775,696.0618
82.65881,1,1379.614,693.4449,1380.695,694.7534
82.67194,1,1379.614,693.4449,1380.154,694.0991
82.68179,1,1379.614,693.4449,1379.884,693.772
82.69299,1,1377.557,690.7726,1378.721,692.2723
82.7041,1,1377.557,690.7726,1378.139,691.5225
82.71473,1,1377.557,690.7726,1377.848,691.1475
82.72576,1,1375.013,687.7001,1376.43,689.4238
82.73631,1,1375.013,687.7001,1375.722,688.562
82.74842,1,1372.788,683.8956,1374.255,686.2288
82.75811,1,1372.788,683.8956,1373.522,685.0623
82.77078,1,1372.788,683.8956,1373.155,684.4789
82.78078,1,1370.294,681.1006,1371.725,682.7898
82.79325,1,1370.294,681.1006,1371.009,681.9452
82.80383,1,1370.294,681.1006,1370.652,681.5229
82.81347,1,1368.359,678.4732,1369.505,679.998
82.82528,1,1368.359,678.4732,1368.932,679.2356
82.83639,1,1366.638,675.8246,1367.785,677.5302
82.84837,1,1366.638,675.8246,1367.212,676.6774
82.85734,1,1366.638,675.8246,1366.925,676.251
82.86922,1,1364.534,673.4677,1365.729,674.8594
82.8795,1,1364.534,673.4677,1365.132,674.1636
82.89066,1,1364.534,673.4677,1364.833,673.8157
82.90018,1,1362.402,670.8174,1363.617,672.3165
82.91244,1,1362.402,670.8174,1363.01,671.567
82.92139,1,1362.402,670.8174,1362.706,671.1921
82.9337,1,1360.787,669.2786,1361.747,670.2354
82.94712,1,1360.787,669.2786,1361.267,669.757
82.96045,1,1358.961,667.4864,1360.114,668.6217
82.96957,1,1358.961,667.4864,1359.537,668.0541
82.97878,1,1358.961,667.4864,1359.249,667.7703
82.98957,1,1356.903,666.0317,1358.076,666.901
82.99921,1,1356.903,666.0317,1357.49,666.4663
83.0123,1,1356.903,666.0317,1357.197,666.249
83.0239,1,1355.226,664.4924,1356.211,665.3707
83.03339,1,1355.226,664.4924,1355.718,664.9316
83.046,1,1355.226,664.4924,1355.472,664.712
83.05766,1,1353.062,662.5134,1354.267,663.6127
83.06716,1,1353.062,662.5134,1353.665,663.0631
83.07894,1,1351.365,661.6292,1352.515,662.3462
83.09104,1,1351.365,661.6292,1351.94,661.9877
83.10153,1,1351.365,661.6292,1351.652,661.8085
83.11668,1,1349.315,660.8253,1350.483,661.3169
83.1242,1,1349.315,660.8253,1349.899,661.071
83.13436,1,1349.315,660.8253,1349.607,660.9481
83.14771,1,1347.409,660.0734,1348.508,660.5107
83.15621,1,1347.409,660.0734,1347.959,660.2921
83.16824,1,1346.07,659.7711,1347.014,660.0316
83.17956,1,1346.07,659.7711,1346.542,659.9014
83.18989,1,1346.07,659.7711,1346.306,659.8362
83.20325,1,1344.141,658.4954,1345.223,659.1658
83.21489,1,1344.141,658.4954,1344.682,658.8306
83.22519,1,1344.141,658.4954,1344.412,658.663
83.23532,1,1332.988,619.5745,1338.7,639.1187
83.24895,1,1332.988,619.5745,1335.844,629.3466
83.25815,1,1332.988,619.5745,1334.416,624.4605
83.27153,1,1313.695,537.881,1324.055,581.1708
83.28288,1,1313.695,537.881,1318.875,559.5259
83.29186,1,1298.652,475.5173,1308.763,517.5216
83.30453,1,1298.652,475.5173,1303.708,496.5195
83.31409,1,1298.652,475.5173,1301.18,486.0184
83.32685,1,1289.652,436.0518,1295.416,461.0351
83.33613,1,1289.652,436.0518,1292.534,448.5435
83.34948,1,1289.652,436.0518,1291.093,442.2976
83.36021,1,1285.897,413.9619,1288.495,428.1298
83.37148,1,1285.897,413.9619,1287.196,421.0459
83.38152,1,1279.824,401.3018,1283.51,411.1738
83.39193,1,1279.824,401.3018,1281.667,406.2378
83.40312,1,1279.824,401.3018,1280.746,403.7698
83.41341,1,1275.931,396.6754,1278.338,400.2226
83.42603,1,1275.931,396.6754,1277.134,398.449
83.43489,1,1275.931,396.6754,1276.532,397.5622
83.44657,1,1272.726,395.0419,1274.629,396.302
83.45698,1,1272.726,395.0419,1273.678,395.6719
83.46804,1,1272.726,395.0419,1273.202,395.3569
83.47941,1,1279.955,418.1357,1276.579,406.7463
83.49114,1,1279.955,418.1357,1278.267,412.441
83.50149,1,1291.534,462.2647,1284.9,437.3528
83.5134,1,1291.534,462.2647,1288.217,449.8088
83.52396,1,1291.534,462.2647,1289.875,456.0367
83.53353,1,1317.367,576.1439,1303.621,516.0903
83.54579,1,1317.367,576.1439,1310.494,546.1171
83.55581,1,1317.367,576.1439,1313.931,561.1305
83.56848,1,1338.163,667.7798,1326.047,614.4552
83.57927,1,1338.163,667.7798,1332.105,641.1176
83.59068,1,1338.163,667.7798,1335.134,654.4487
83.6013,1,1349.827,718.9343,1342.481,686.6915
83.6124,1,1349.827,718.9343,1346.154,702.8129
83.62302,1,1357.8,747.1541,1351.977,724.9835
83.63329,1,1357.8,747.1541,1354.888,736.0688
83.64632,1,1357.8,747.1541,1356.344,741.6115
83.65651,1,1360.998,760.4036,1358.671,751.0075
83.66811,1,1360.998,760.4036,1359.834,755.7056
83.68044,1,1360.998,760.4036,1360.416,758.0546
83.69363,1,1362.854,766.9531,1361.635,762.5038
83.70399,1,1362.854,766.9531,1362.245,764.7284
83.72621,1,1365.35,771.2498,1363.797,767.9891
83.73302,1,1365.35,771.2498,1364.573,769.6194
83.74626,1,1367.403,772.8997,1365.988,771.2595
83.75523,1,1367.403,772.8997,1366.696,772.0796
83.76795,1,1367.403,772.8997,1367.049,772.4896
83.77806,1,1368.934,774.7527,1367.992,773.6212
83.78883,1,1368.934,774.7527,1368.463,774.1869
83.8032,1,1369.522,775.6887,1368.992,774.9377
83.81321,1,1369.522,775.6887,1369.257,775.3132
83.82354,1,1369.522,775.6887,1369.389,775.501
83.83397,1,1370.496,775.9938,1369.943,775.7474
83.84613,1,1370.496,775.9938,1370.22,775.8706
83.85571,1,1370.496,775.9938,1370.358,775.9322
83.86785,1,1370.715,776.0989,1370.536,776.0156
83.87846,1,1370.715,776.0989,1370.625,776.0573
83.88855,1,1370.715,776.0989,1370.67,776.0781
83.89989,1,1371.361,776.474,1371.016,776.2761
83.91341,1,1371.361,776.474,1371.188,776.375
83.92493,1,1371.148,776.5084,1371.168,776.4417
83.93571,1,1371.148,776.5084,1371.158,776.4751
83.94889,1,1371.148,776.5084,1371.153,776.4918
83.95853,1,1371.258,776.4956,1371.205,776.4937
83.97047,1,1371.258,776.4956,1371.231,776.4946
83.98081,1,1371.258,776.4956,1371.245,776.4951
83.99249,1,1371.492,775.9117,1371.368,776.2034
84.00387,1,1371.492,775.9117,1371.43,776.0575
84.0142,1,1371.492,775.9117,1371.461,775.9846
84.02635,1,1371.814,775.9216,1371.637,775.9531
84.03349,1,1371.814,775.9216,1371.725,775.9374
84.04758,1,1372.309,776.3309,1372.017,776.1342
84.05618,1,1372.309,776.3309,1372.163,776.2325
84.0681,1,1372.309,776.3309,1372.236,776.2817
84.07837,1,1372.884,777.0338,1372.56,776.6578
84.09129,1,1372.884,777.0338,1372.722,776.8458
84.09937,1,1372.884,777.0338,1372.803,776.9398
84.11189,1,1373.581,778.5831,1373.192,777.7615
84.12065,1,1373.581,778.5831,1373.386,778.1723
84.13322,1,1373.581,778.5831,1373.484,778.3777
84.14503,1,1374.525,780.5214,1374.004,779.4495
84.15569,1,1374.525,780.5214,1374.265,779.9855
84.16782,1,1375.786,782.4676,1375.025,781.2266
84.17952,1,1375.786,782.4676,1375.406,781.847
84.1913,1,1375.786,782.4676,1375.596,782.1573
84.20133,1,1377.413,784.1906,1376.505,783.174
84.2135,1,1377.413,784.1906,1376.959,783.6823
84.22429,1,1377.413,784.1906,1377.186,783.9364
84.23394,1,1378.692,786.2142,1377.939,785.0753
84.24594,1,1378.692,786.2142,1378.315,785.6448
84.25539,1,1378.692,786.2142,1378.503,785.9295
84.26741,1,1380.354,788.5075,1379.429,787.2185
84.27853,1,1380.354,788.5075,1379.891,787.863
84.28984,1,1382.699,790.9527,1381.295,789.4078
84.2998,1,1382.699,790.9527,1381.997,790.1803
84.31212,1,1382.699,790.9527,1382.348,790.5665
84.32151,1,1385.507,794.2385,1383.928,792.4025
84.33512,1,1385.507,794.2385,1384.718,793.3206
84.34582,1,1385.507,794.2385,1385.112,793.7795
84.35503,1,1388.323,796.9163,1386.718,795.3479
84.36759,1,1388.323,796.9163,1387.521,796.1321
84.3783,1,1390.661,799.4046,1389.091,797.7683
84.38935,1,1390.661,799.4046,1389.876,798.5864
84.39927,1,1390.661,799.4046,1390.269,798.9955
84.41092,1,1392.724,801.4518,1391.496,800.2236
84.41924,1,1392.724,801.4518,1392.11,800.8378
84.43265,1,1392.724,801.4518,1392.417,801.1448
84.44557,1,1394.119,804.0604,1393.268,802.6026
84.45307,1,1394.119,804.0604,1393.694,803.3315
84.464,1,1394.119,804.0604,1393.906,803.696
84.47236,1,1396.965,808.792,1395.436,806.244
84.48546,1,1396.965,808.792,1396.2,807.518
84.49548,1,1396.965,808.792,1396.583,808.155
84.50626,1,1400.384,813.1946,1398.483,810.6748
84.5173,1,1400.384,813.1946,1399.434,811.9347
84.52943,1,1403.701,816.8797,1401.568,814.4072
84.53855,1,1403.701,816.8797,1402.635,815.6434
84.55013,1,1403.701,816.8797,1403.168,816.2616
84.56103,1,1407.16,820.7449,1405.164,818.5033
84.57178,1,1407.16,820.7449,1406.162,819.6241
84.5838,1,1407.16,820.7449,1406.661,820.1846
84.59354,1,1409.715,823.5189,1408.188,821.8517
84.60401,1,1409.715,823.5189,1408.951,822.6853
84.6152,1,1409.715,823.5189,1409.333,823.1021
84.62694,1,1412.24,825.5844,1410.786,824.3433
84.63621,1,1412.24,825.5844,1411.513,824.9638
84.64853,1,1414.489,827.7523,1413.001,826.358
84.65925,1,1414.489,827.7523,1413.745,827.0552
84.67122,1,1414.489,827.7523,1414.117,827.4037
84.6847,1,1416.536,830.7948,1415.327,829.0992
84.69386,1,1416.536,830.7948,1415.931,829.947
84.70507,1,1416.536,830.7948,1416.234,830.3709
84.714,1,1418.826,832.9054,1417.53,831.6382
84.72641,1,1418.826,832.9054,1418.178,832.2718
84.73573,1,1418.826,832.9054,1418.502,832.5886
84.74753,1,1420.502,834.6352,1419.502,833.6119
84.75623,1,1420.502,834.6352,1420.002,834.1235
84.76649,1,1420.502,834.6352,1420.252,834.3794
84.77739,1,1421.158,835.1739,1420.705,834.7766
84.78782,1,1421.158,835.1739,1420.931,834.9752
84.79925,1,1421.158,835.1739,1421.045,835.0746
84.81103,1,1422.055,835.8369,1421.55,835.4557
84.81992,1,1422.055,835.8369,1421.803,835.6462
84.8339,1,1422.364,836.7408,1422.083,836.1935
84.84596,1,1422.364,836.7408,1422.224,836.4672
84.85488,1,1422.364,836.7408,1422.294,836.604
84.86795,1,1421.46,835.4874,1421.877,836.0457
84.87832,1,1421.46,835.4874,1421.669,835.7666
84.88927,1,1421.46,835.4874,1421.564,835.627
84.90069,1,1420.667,834.2354,1421.115,834.9312
84.91283,1,1420.667,834.2354,1420.891,834.5833
84.92561,1,1420.213,833.5103,1420.552,834.0468
84.93392,1,1420.213,833.5103,1420.382,833.7786
84.94683,1,1420.213,833.5103,1420.298,833.6444
84.95757,1,1419.339,832.1062,1419.818,832.8753
84.97205,1,1419.339,832.1062,1419.578,832.4907
84.98358,1,1417.439,830.043,1418.509,831.2668
84.99546,1,1417.439,830.043,1417.974,830.6549
85.00568,1,1417.439,830.043,1417.707,830.3489
85.01691,1,1415.751,827.6059,1416.729,828.9774
85.03079,1,1415.751,827.6059,1416.24,828.2916
85.03956,1,1415.751,827.6059,1415.995,827.9487
85.05341,1,1414.161,825.1818,1415.078,826.5653
85.06583,1,1414.161,825.1818,1414.62,825.8735
85.07468,1,1412.237,822.2278,1413.428,824.0507
85.08783,1,1412.237,822.2278,1412.833,823.1393
85.09663,1,1412.237,822.2278,1412.535,822.6836
85.10777,1,1410.614,819.7621,1411.574,821.2229
85.11779,1,1410.614,819.7621,1411.094,820.4926
85.1312,1,1410.614,819.7621,1410.854,820.1273
85.13965,1,1409.001,818.1115,1409.928,819.1194
85.15359,1,1409.001,818.1115,1409.464,818.6154
85.16717,1,1407.559,816.521,1408.512,817.5682
85.17669,1,1407.559,816.521,1408.036,817.0446
85.18768,1,1407.559,816.521,1407.798,816.7828
85.19855,1,1405.807,815.0747,1406.802,815.9288
85.21086,1,1405.807,815.0747,1406.304,815.5017
85.21981,1,1405.807,815.0747,1406.056,815.2882
85.23241,1,1403.754,813.2604,1404.905,814.2743
85.24477,1,1403.754,813.2604,1404.329,813.7673
85.25323,1,1391.769,805.2397,1398.049,809.5035
85.26654,1,1391.769,805.2397,1394.909,807.3716
85.27758,1,1391.769,805.2397,1393.339,806.3057
85.2887,1,1375.215,793.4208,1384.277,799.8633
85.29999,1,1375.215,793.4208,1379.746,796.6421
85.3138,1,1359.409,781.6199,1369.577,789.131
85.32153,1,1359.409,781.6199,1364.493,785.3755
85.33426,1,1359.409,781.6199,1361.951,783.4977
85.34731,1,1345.876,771.8815,1353.913,777.6896
85.35532,1,1345.876,771.8815,1349.895,774.7855
85.36748,1,1345.876,771.8815,1347.885,773.3335
85.37855,1,1343.471,768.1969,1345.678,770.7652
85.38917,1,1343.471,768.1969,1344.575,769.4811
85.40052,1,1343.471,768.1969,1344.023,768.839
85.41363,1,1346.801,769.5878,1345.412,769.2134
85.42169,1,1346.801,769.5878,1346.107,769.4006
85.43548,1,1348.646,771.0338,1347.376,770.2172
85.44637,1,1348.646,771.0338,1348.011,770.6255
85.45461,1,1348.646,771.0338,1348.328,770.8297
85.46762,1,1349.293,771.8303,1348.811,771.33
85.47993,1,1349.293,771.8303,1349.052,771.5801
85.49136,1,1349.293,771.8303,1349.172,771.7052
85.50127,1,1349.38,771.8562,1349.276,771.7807
85.51392,1,1349.38,771.8562,1349.328,771.8185
85.524,1,1349.38,771.8562,1349.354,771.8373
85.53407,1,1349.46,772.5544,1349.407,772.1959
85.54622,1,1349.46,772.5544,1349.434,772.3752
85.55626,1,1349.228,772.7993,1349.331,772.5872
85.57639,1,1349.228,772.7993,1349.279,772.6932
85.58282,1,1349.228,772.7993,1349.254,772.7462
85.5888,1,1348.74,772.6029,1348.997,772.6746
85.59998,1,1348.74,772.6029,1348.868,772.6387
85.61264,1,1348.74,772.6029,1348.804,772.6208
85.62502,1,1348.384,772.1995,1348.594,772.4102
85.6339,1,1348.384,772.1995,1348.489,772.3048
85.64621,1,1347.535,771.9806,1348.012,772.1427
85.65446,1,1347.535,771.9806,1347.773,772.0616
85.66734,1,1347.535,771.9806,1347.654,772.0211
85.67741,1,1347.017,771.9703,1347.336,771.9957
85.68746,1,1347.017,771.9703,1347.177,771.983
85.69713,1,1347.017,771.9703,1347.097,771.9767
85.7086,1,1346.146,771.7704,1346.621,771.8735
85.71782,1,1346.146,771.7704,1346.383,771.822
85.73038,1,1346.146,771.7704,1346.264,771.7961
85.73969,1,1345.559,771.4124,1345.912,771.6042
85.75185,1,1345.559,771.4124,1345.736,771.5083
85.76464,1,1345.559,771.4124,1345.647,771.4603
85.77523,1,1344.82,771.0916,1345.234,771.276
85.78639,1,1344.82,771.0916,1345.027,771.1838
85.79753,1,1344.323,770.8107,1344.675,770.9973
85.81005,1,1344.323,770.8107,1344.499,770.9039
85.81977,1,1344.323,770.8107,1344.411,770.8573
85.83137,1,1343.518,770.7584,1343.964,770.8079
85.84167,1,1343.518,770.7584,1343.741,770.7831
85.85171,1,1343.518,770.7584,1343.63,770.7708
85.86398,1,1342.607,770.9493,1343.118,770.86
85.87308,1,1342.607,770.9493,1342.862,770.9047
85.88569,1,1342.607,770.9493,1342.734,770.927
85.89577,1,1341.9,770.6934,1342.317,770.8102
85.90742,1,1341.9,770.6934,1342.108,770.7518
85.91959,1,1341.175,770.5613,1341.641,770.6565
85.93,1,1341.175,770.5613,1341.408,770.6089
85.93892,1,1341.175,770.5613,1341.291,770.5851
85.95129,1,1340.395,770.4713,1340.843,770.5282
85.9722,1,1340.395,770.4713,1340.619,770.4998
85.97765,1,1340.395,770.4713,1340.507,770.4855
85.98662,1,1340.104,769.796,1340.305,770.1407
85.99667,1,1340.104,769.796,1340.205,769.9684
86.00732,1,1340.104,769.796,1340.154,769.8822
86.01928,1,1340.297,768.7657,1340.226,769.324
86.03098,1,1340.297,768.7657,1340.261,769.0448
86.04335,1,1340.412,767.7199,1340.337,768.3823
86.05306,1,1340.412,767.7199,1340.374,768.0511
86.06399,1,1340.412,767.7199,1340.393,767.8855
86.07502,1,1340.196,766.3356,1340.295,767.1105
86.08743,1,1340.196,766.3356,1340.245,766.723
86.09751,1,1340.196,766.3356,1340.221,766.5293
86.10976,1,1339.953,763.6752,1340.087,765.1023
86.11749,1,1339.953,763.6752,1340.02,764.3888
86.13204,1,1339.292,761.4139,1339.656,762.9014
86.14149,1,1339.292,761.4139,1339.474,762.1577
86.15202,1,1339.292,761.4139,1339.383,761.7858
86.16364,1,1338.419,758.54,1338.901,760.1629
86.17595,1,1338.419,758.54,1338.66,759.3514
86.18892,1,1338.419,758.54,1338.54,758.9457
86.19898,1,1337.37,755.5137,1337.955,757.2297
86.21062,1,1337.37,755.5137,1337.663,756.3717
86.2189,1,1337.37,755.5137,1337.516,755.9427
86.2322,1,1336.076,752.3747,1336.796,754.1587
86.2432,1,1336.076,752.3747,1336.436,753.2667
86.25162,1,1334.156,749.7519,1335.296,751.5093
86.26354,1,1334.156,749.7519,1334.726,750.6306
86.27287,1,1334.156,749.7519,1334.441,750.1913
86.28548,1,1331.192,747.6369,1332.817,748.9141
86.29552,1,1331.192,747.6369,1332.004,748.2755
86.30716,1,1331.192,747.6369,1331.598,747.9562
86.32903,1,1327.919,746.2137,1329.759,747.085
86.33448,1,1327.919,746.2137,1328.839,746.6493
86.34557,1,1325.123,744.91,1326.981,745.7797
86.35472,1,1325.123,744.91,1326.052,745.3448
86.36785,1,1325.123,744.91,1325.587,745.1274
86.37784,1,1322.451,742.8004,1324.019,743.9639
86.3894,1,1322.451,742.8004,1323.235,743.3821
86.4008,1,1322.451,742.8004,1322.843,743.0912
86.41278,1,1319.973,740.5013,1321.408,741.7963
86.42285,1,1319.973,740.5013,1320.69,741.1488
86.43311,1,1317.043,738.1776,1318.867,739.6632
86.44602,1,1317.043,738.1776,1317.955,738.9204
86.45464,1,1317.043,738.1776,1317.499,738.549
86.46683,1,1314.079,736.1133,1315.789,737.3311
86.47699,1,1314.079,736.1133,1314.934,736.7222
86.48823,1,1314.079,736.1133,1314.507,736.4177
86.49821,1,1311.691,733.6379,1313.099,735.0278
86.51152,1,1311.691,733.6379,1312.395,734.3329
86.52041,1,1311.691,733.6379,1312.043,733.9854
86.53322,1,1308.673,731.233,1310.358,732.6092
86.54527,1,1308.673,731.233,1309.515,731.9211
86.55484,1,1306.167,729.6057,1307.841,730.7634
86.56612,1,1306.167,729.6057,1307.004,730.1846
86.5774,1,1306.167,729.6057,1306.585,729.8951
86.58955,1,1304.305,727.8879,1305.445,728.8915
86.60007,1,1304.305,727.8879,1304.875,728.3896
86.61225,1,1302.451,726.501,1303.663,727.4453
86.61994,1,1302.451,726.501,1303.057,726.9731
86.63223,1,1302.451,726.501,1302.754,726.7371
86.64384,1,1300.337,724.4036,1301.545,725.5703
86.65299,1,1300.337,724.4036,1300.941,724.9869
86.66533,1,1300.337,724.4036,1300.639,724.6953
86.67594,1,1297.634,723.2421,1299.137,723.9687
86.68774,1,1297.634,723.2421,1298.385,723.6054
86.69659,1,1297.634,723.2421,1298.01,723.4238
86.7078,1,1295.01,722.2668,1296.51,722.8453
86.71689,1,1295.01,722.2668,1295.76,722.556
86.73022,1,1295.01,722.2668,1295.385,722.4114
86.73897,1,1292.906,721.2959,1294.146,721.8536
86.75178,1,1292.906,721.2959,1293.526,721.5748
86.76453,1,1290.695,720.2187,1292.111,720.8967
86.77293,1,1290.695,720.2187,1291.403,720.5577
86.7848,1,1290.695,720.2187,1291.049,720.3882
86.79567,1,1288.238,719.0341,1289.644,719.7111
86.80643,1,1288.238,719.0341,1288.941,719.3726
86.81698,1,1288.238,719.0341,1288.59,719.2033
86.82945,1,1285.944,717.4601,1287.267,718.3317
86.8373,1,1285.944,717.4601,1286.606,717.8959
86.8502,1,1285.944,717.4601,1286.275,717.678
86.86044,1,1283.598,716.062,1284.936,716.87
86.87061,1,1283.598,716.062,1284.267,716.466
86.88163,1,1283.598,716.062,1283.932,716.264
86.8943,1,1281.997,714.4812,1282.964,715.3726
86.90403,1,1281.997,714.4812,1282.48,714.9269
86.91495,1,1280.637,712.7819,1281.559,713.8544
86.925,1,1280.637,712.7819,1281.098,713.3181
86.93914,1,1280.637,712.7819,1280.868,713.05
86.95329,1,1279.016,710.8012,1279.942,711.9257
86.96399,1,1279.016,710.8012,1279.479,711.3634
86.97105,1,1279.016,710.8012,1279.248,711.0823
86.98475,1,1277.245,709.2365,1278.246,710.1594
86.99796,1,1277.245,709.2365,1277.746,709.698
87.00991,1,1276.177,708.0122,1276.961,708.8551
87.01994,1,1276.177,708.0122,1276.569,708.4337
87.02961,1,1276.177,708.0122,1276.373,708.2229
87.03867,1,1274.638,707.1725,1275.505,707.6977
87.05137,1,1274.638,707.1725,1275.072,707.4351
87.0605,1,1274.638,707.1725,1274.855,707.3038
87.07222,1,1271.747,705.4493,1273.301,706.3765
87.08404,1,1271.747,705.4493,1272.524,705.9129
87.09347,1,1271.747,705.4493,1272.135,705.6811
87.10492,1,1268.511,703.6453,1270.323,704.6632
87.11663,1,1268.511,703.6453,1269.417,704.1542
87.12728,1,1265.601,702.1711,1267.509,703.1627
87.13664,1,1265.601,702.1711,1266.555,702.6669
87.14947,1,1265.601,702.1711,1266.078,702.4189
87.1611,1,1263.442,700.8335,1264.76,701.6262
87.17223,1,1263.442,700.8335,1264.101,701.2299
87.17967,1,1263.442,700.8335,1263.771,701.0317
87.19153,1,1260.956,700.3824,1262.364,700.707
87.20143,1,1260.956,700.3824,1261.66,700.5447
87.21442,1,1260.956,700.3824,1261.308,700.4635
87.22418,1,1258.926,700.214,1260.117,700.3387
87.23424,1,1258.926,700.214,1259.521,700.2764
87.24716,1,1257.239,700.0018,1258.38,700.1391
87.25578,1,1257.239,700.0018,1257.81,700.0704
87.26797,1,1257.239,700.0018,1257.525,700.0361
87.27887,1,1259.74,701.4719,1258.632,700.754
87.29546,1,1259.74,701.4719,1259.186,701.1129
87.30634,1,1259.74,701.4719,1259.463,701.2924
87.31699,1,1264.102,703.3651,1261.782,702.3287
87.32912,1,1264.102,703.3651,1262.942,702.8469
87.33928,1,1274.743,708.3008,1268.843,705.5739
87.35227,1,1274.743,708.3008,1271.793,706.9374
87.36395,1,1274.743,708.3008,1273.268,707.6191
87.37283,1,1289.299,714.9344,1281.284,711.2768
87.38428,1,1289.299,714.9344,1285.292,713.1056
87.39442,1,1289.299,714.9344,1287.295,714.02
87.40708,1,1267.033,733.4083,1277.164,723.7141
87.41758,1,1267.033,733.4083,1272.098,728.5612
87.43059,1,1149.316,771.6705,1210.707,750.1158
87.44071,1,1149.316,771.6705,1180.012,760.8932
87.4535,1,1149.316,771.6705,1164.664,766.2819
87.46542,1,1010.177,810.6027,1087.421,788.4423
87.47512,1,1010.177,810.6027,1048.799,799.5225
87.48781,1,1010.177,810.6027,1029.488,805.0626
87.4986,1,913.331,838.1268,971.4095,821.5947
87.51009,1,913.331,838.1268,942.3702,829.8607
87.52045,1,855.7289,855.0139,899.0496,842.4373
87.5317,1,855.7289,855.0139,877.3892,848.7256
87.54179,1,855.7289,855.0139,866.5591,851.8698
87.5532,1,822.7803,865.0502,844.6697,858.46
87.56416,1,822.7803,865.0502,833.725,861.7551
87.57319,1,822.7803,865.0502,828.2526,863.4027
87.58513,1,812.3939,872.4919,820.3232,867.9473
87.59639,1,812.3939,872.4919,816.3586,870.2196
87.60767,1,812.3939,872.4919,814.3762,871.3557
87.61729,1,810.7814,879.9006,812.5788,875.6282
87.6288,1,810.7814,879.9006,811.6801,877.7644
87.63737,1,810.7814,879.9006,811.2307,878.8325
87.64965,1,809.2305,884.2387,810.2306,881.5356
87.65966,1,809.2305,884.2387,809.7305,882.8872
87.67169,1,808.6,886.0801,809.1653,884.4836
87.68121,1,808.6,886.0801,808.8826,885.2819
87.69222,1,808.6,886.0801,808.7413,885.681
87.70174,1,838.7659,887.1824,823.7536,886.4317
87.71457,1,838.7659,887.1824,831.2598,886.8071
87.72449,1,838.7659,887.1824,835.0128,886.9948
87.73434,1,911.2349,881.6394,873.1238,884.3171
87.74682,1,911.2349,881.6394,892.1793,882.9783
87.75649,1,911.2349,881.6394,901.7071,882.3088
87.7683,1,1045.299,867.4778,973.5031,874.8933
87.77909,1,1045.299,867.4778,1009.401,871.1855
87.79108,1,1165.65,854.6689,1087.526,862.9272
87.8007,1,1165.65,854.6689,1126.588,858.7981
87.81326,1,1165.65,854.6689,1146.119,856.7335
87.82188,1,1246.324,845.7204,1196.222,851.2269
87.83415,1,1246.324,845.7204,1221.273,848.4736
87.84523,1,1246.324,845.7204,1233.799,847.097
87.85511,1,1291.563,838.7922,1262.681,842.9446
87.86817,1,1291.563,838.7922,1277.122,840.8684
87.87988,1,1291.563,838.7922,1284.343,839.8303
87.8909,1,1318.293,836.4775,1301.318,838.1539
87.90105,1,1318.293,836.4775,1309.806,837.3157
87.91425,1,1334.684,833.4672,1322.245,835.3915
87.92832,1,1334.684,833.4672,1328.464,834.4293
87.93578,1,1334.684,833.4672,1331.574,833.9482
87.94907,1,1360.367,827.3989,1345.97,830.6736
87.95659,1,1360.367,827.3989,1353.169,829.0363
87.96888,1,1360.367,827.3989,1356.768,828.2175
87.9791,1,1384.398,821.728,1370.583,824.9728
87.98946,1,1384.398,821.728,1377.49,823.3503
87.99998,1,1384.398,821.728,1380.944,822.5392
88.01432,1,1400.341,816.7179,1390.642,819.6285
88.02154,1,1400.341,816.7179,1395.492,818.1732
88.03438,1,1410.795,813.8879,1403.143,816.0306
88.04665,1,1410.795,813.8879,1406.969,814.9592
88.05756,1,1410.795,813.8879,1408.882,814.4236
88.06726,1,1416.416,811.3293,1412.649,812.8765
88.07875,1,1416.416,811.3293,1414.533,812.1029
88.08995,1,1416.416,811.3293,1415.474,811.7161
88.10031,1,1420.579,808.9412,1418.027,810.3286
88.11092,1,1420.579,808.9412,1419.303,809.6349
88.12056,1,1420.579,808.9412,1419.941,809.288
88.13309,1,1423.485,807.6966,1421.713,808.4923
88.14536,1,1423.485,807.6966,1422.599,808.0945
88.15572,1,1426.693,806.9286,1424.646,807.5116
88.16695,1,1426.693,806.9286,1425.669,807.2201
88.1777,1,1426.693,806.9286,1426.181,807.0743
88.18909,1,1429.038,805.4847,1427.61,806.2795
88.19906,1,1429.038,805.4847,1428.324,805.8821
88.21114,1,1429.038,805.4847,1428.681,805.6835
88.2196,1,1430.927,804.7841,1429.804,805.2338
88.23341,1,1430.927,804.7841,1430.366,805.0089
88.24486,1,1432.988,804.3998,1431.677,804.7043
88.25255,1,1432.988,804.3998,1432.333,804.5521
88.26489,1,1432.988,804.3998,1432.66,804.476
88.27393,1,1434.351,804.5136,1433.506,804.4948
88.28724,1,1434.351,804.5136,1433.928,804.5042
88.29702,1,1434.351,804.5136,1434.14,804.5089
88.30862,1,1435.339,804.7538,1434.74,804.6313
88.31857,1,1435.339,804.7538,1435.04,804.6926
88.33097,1,1435.339,804.7538,1435.189,804.7231
88.34153,1,1436.726,804.6714,1435.958,804.6973
88.3524,1,1436.726,804.6714,1436.342,804.6843
88.36353,1,1436.726,804.6714,1436.534,804.6779
88.37315,1,1437.871,804.788,1437.203,804.7329
88.38581,1,1437.871,804.788,1437.537,804.7604
88.39753,1,1438.99,805.3525,1438.264,805.0565
88.40858,1,1438.99,805.3525,1438.627,805.2045
88.41821,1,1438.99,805.3525,1438.809,805.2786
88.4442,1,1440.092,805.8372,1439.45,805.5579
88.45076,1,1440.092,805.8372,1439.771,805.6975
88.46059,1,1441.396,806.8028,1440.584,806.2501
88.47073,1,1441.396,806.8028,1440.99,806.5265
88.48103,1,1441.396,806.8028,1441.193,806.6647
88.49182,1,1443.215,807.812,1442.204,807.2383
88.50443,1,1443.215,807.812,1442.709,807.5251
88.51492,1,1443.215,807.812,1442.962,807.6686
88.52728,1,1444.936,809.0896,1443.949,808.3791
88.53602,1,1444.936,809.0896,1444.442,808.7344
88.54892,1,1446.709,810.9894,1445.576,809.8619
88.55891,1,1446.709,810.9894,1446.142,810.4257
88.56942,1,1446.709,810.9894,1446.426,810.7075
88.58074,1,1448.486,813.0165,1447.456,811.8621
88.59283,1,1448.486,813.0165,1447.971,812.4393
88.60342,1,1448.486,813.0165,1448.229,812.7279
88.61273,1,1450.495,815.2092,1449.362,813.9685
88.62395,1,1450.495,815.2092,1449.928,814.5889
88.63312,1,1450.495,815.2092,1450.212,814.899
88.64578,1,1455.316,818.4648,1452.764,816.6819
88.65556,1,1455.316,818.4648,1454.04,817.5734
88.6674,1,1460.163,821.6823,1457.102,819.6278
88.67838,1,1460.163,821.6823,1458.632,820.655
88.68999,1,1460.163,821.6823,1459.397,821.1686
88.70043,1,1463.755,824.5767,1461.576,822.8727
88.71303,1,1463.755,824.5767,1462.666,823.7247
88.72137,1,1463.755,824.5767,1463.211,824.1506
88.73361,1,1466.328,826.6837,1464.77,825.4171
88.74404,1,1466.328,826.6837,1465.549,826.0504
88.75538,1,1466.328,826.6837,1465.938,826.3671
88.76718,1,1468.34,828.2108,1467.139,827.2889
88.77901,1,1468.34,828.2108,1467.74,827.7499
88.79047,1,1467.44,827.3034,1467.59,827.5266
88.79977,1,1467.44,827.3034,1467.515,827.415
88.81237,1,1467.44,827.3034,1467.477,827.3593
88.82763,1,1466.52,826.1255,1466.999,826.7424
88.83334,1,1466.52,826.1255,1466.759,826.434
88.84521,1,1466.52,826.1255,1466.64,826.2798
88.85568,1,1465.883,825.4326,1466.261,825.8562
88.86724,1,1465.883,825.4326,1466.072,825.6444
88.87708,1,1465.883,825.4326,1465.977,825.5385
88.88853,1,1465.508,824.9751,1465.742,825.2568
88.89957,1,1465.508,824.9751,1465.625,825.116
88.91098,1,1465.226,824.5807,1465.425,824.8484
88.9204,1,1465.226,824.5807,1465.326,824.7146
88.93179,1,1465.226,824.5807,1465.276,824.6477
88.94304,1,1464.891,824.21,1465.083,824.4288
88.952,1,1464.891,824.21,1464.987,824.3194
88.96307,1,1464.891,824.21,1464.939,824.2646
88.97211,1,1464.646,823.8191,1464.792,824.0419
88.98178,1,1464.646,823.8191,1464.719,823.9305
88.99333,1,1464.646,823.8191,1464.683,823.8748
89.00497,1,1464.288,823.1594,1464.485,823.5171
89.01574,1,1464.288,823.1594,1464.387,823.3383
89.02626,1,1464.288,823.1594,1464.337,823.2488
89.0369,1,1463.811,822.5558,1464.074,822.9023
89.04914,1,1463.811,822.5558,1463.943,822.729
89.05849,1,1463.811,822.5558,1463.877,822.6424
89.07021,1,1463.497,821.8007,1463.687,822.2216
89.07977,1,1463.497,821.8007,1463.592,822.0111
89.09322,1,1463.246,821.087,1463.419,821.5491
89.10375,1,1463.246,821.087,1463.333,821.318
89.11398,1,1463.246,821.087,1463.29,821.2025
89.12782,1,1462.67,820.1385,1462.98,820.6705
89.13631,1,1462.67,820.1385,1462.825,820.4045
89.14892,1,1462.67,820.1385,1462.747,820.2715
89.16084,1,1462.251,819.5301,1462.499,819.9008
89.17142,1,1462.251,819.5301,1462.375,819.7155
89.18152,1,1461.332,818.8792,1461.854,819.2974
89.19347,1,1461.332,818.8792,1461.593,819.0883
89.20383,1,1461.332,818.8792,1461.463,818.9838
89.21396,1,1460.287,818.1168,1460.875,818.5503
89.22488,1,1460.287,818.1168,1460.581,818.3336
89.23483,1,1460.287,818.1168,1460.434,818.2252
89.24699,1,1459.074,817.2094,1459.754,817.7173
89.25702,1,1459.074,817.2094,1459.414,817.4633
89.26934,1,1459.074,817.2094,1459.244,817.3363
89.28018,1,1457.503,815.7689,1458.374,816.5526
89.2914,1,1457.503,815.7689,1457.938,816.1608
89.30016,1,1457.503,815.7689,1457.721,815.9648
89.31257,1,1456.018,814.085,1456.869,815.0249
89.32162,1,1456.018,814.085,1456.443,814.5549
89.33334,1,1454.299,811.3979,1455.371,812.9764
89.34402,1,1454.299,811.3979,1454.835,812.1872
89.35406,1,1454.299,811.3979,1454.567,811.7926
89.36852,1,1452.159,808.4427,1453.363,810.1177
89.37896,1,1452.159,808.4427,1452.761,809.2802
89.40096,1,1450.147,806.0046,1451.454,807.6423
89.40919,1,1450.147,806.0046,1450.8,806.8235
89.41566,1,1450.147,806.0046,1450.473,806.4141
89.42948,1,1447.621,803.5114,1449.047,804.9627
89.43869,1,1447.621,803.5114,1448.334,804.2371
89.4504,1,1447.621,803.5114,1447.977,803.8742
89.46118,1,1445.412,801.2988,1446.695,802.5865
89.47263,1,1445.412,801.2988,1446.053,801.9426
89.48356,1,1443.103,798.7067,1444.578,800.3247
89.49216,1,1443.103,798.7067,1443.84,799.5157
89.50439,1,1443.103,798.7067,1443.471,799.1112
89.51462,1,1441.122,796.5565,1442.297,797.8339
89.52647,1,1441.122,796.5565,1441.709,797.1952
89.53751,1,1441.122,796.5565,1441.415,796.8759
89.54916,1,1439.056,794.5588,1440.236,795.7173
89.55812,1,1439.056,794.5588,1439.646,795.1381
89.5706,1,1439.056,794.5588,1439.351,794.8484
89.58118,1,1437.069,792.371,1438.21,793.6097
89.59178,1,1437.069,792.371,1437.639,792.9904
89.60184,1,1437.069,792.371,1437.354,792.6807
89.61413,1,1435.454,790.0923,1436.404,791.3865
89.62309,1,1435.454,790.0923,1435.929,790.7394
89.63399,1,1433.888,787.4349,1434.908,789.0872
89.64902,1,1433.888,787.4349,1434.398,788.261
89.65718,1,1433.888,787.4349,1434.143,787.8479
89.66879,1,1431.869,785.1027,1433.006,786.4753
89.68086,1,1431.869,785.1027,1432.437,785.7889
89.69342,1,1430.061,782.6445,1431.249,784.2167
89.70338,1,1430.061,782.6445,1430.655,783.4307
89.71441,1,1430.061,782.6445,1430.358,783.0376
89.72722,1,1428.643,780.3132,1429.501,781.6754
89.7355,1,1428.643,780.3132,1429.072,780.9943
89.74802,1,1428.643,780.3132,1428.858,780.6537
89.75982,1,1427.254,777.8856,1428.056,779.2697
89.77084,1,1427.254,777.8856,1427.655,778.5776
89.78165,1,1427.254,777.8856,1427.455,778.2316
89.79412,1,1425.594,775.4422,1426.524,776.8369
89.80418,1,1425.594,775.4422,1426.059,776.1395
89.81477,1,1424.32,773.9449,1425.19,775.0422
89.8264,1,1424.32,773.9449,1424.755,774.4935
89.83587,1,1424.32,773.9449,1424.538,774.2192
89.84753,1,1422.895,772.3868,1423.717,773.303
89.85629,1,1422.895,772.3868,1423.306,772.845
89.86803,1,1422.895,772.3868,1423.101,772.6159
89.87913,1,1421.106,771.5396,1422.104,772.0778
89.89162,1,1421.106,771.5396,1421.605,771.8087
89.90077,1,1421.106,771.5396,1421.356,771.6742
89.91399,1,1419.33,770.6898,1420.343,771.182
89.92395,1,1419.33,770.6898,1419.836,770.9359
89.93367,1,1419.33,770.6898,1419.583,770.8129
89.94578,1,1417.496,770.0203,1418.54,770.4166
89.95514,1,1417.496,770.0203,1418.018,770.2184
89.96769,1,1415.661,768.7696,1416.839,769.494
89.97932,1,1415.661,768.7696,1416.25,769.1318
89.99041,1,1415.661,768.7696,1415.956,768.9507
90.00004,1,1413.7,766.775,1414.828,767.8629
90.0258,1,1411.76,764.9275,1413.294,766.3951
90.03178,1,1411.76,764.9275,1412.527,765.6613
90.04,1,1411.76,764.9275,1412.143,765.2944
90.05052,1,1411.76,764.9275,1411.952,765.111
90.06279,1,1409.539,763.6792,1410.745,764.3951
90.07078,1,1409.539,763.6792,1410.142,764.0371
90.08155,1,1409.539,763.6792,1409.841,763.8582
90.09428,1,1407.555,762.5991,1408.698,763.2286
90.10669,1,1407.555,762.5991,1408.126,762.9139
90.11664,1,1405.719,761.5468,1406.923,762.2303
90.12919,1,1405.719,761.5468,1406.321,761.8885
90.13796,1,1405.719,761.5468,1406.02,761.7177
90.14894,1,1403.921,760.9514,1404.97,761.3345
90.15924,1,1403.921,760.9514,1404.446,761.1429
90.17154,1,1403.921,760.9514,1404.183,761.0472
90.18107,1,1400.921,758.5537,1402.552,759.8004
90.19434,1,1400.921,758.5537,1401.737,759.1771
90.20551,1,1400.921,758.5537,1401.329,758.8654
90.21554,1,1397.802,755.7155,1399.566,757.2904
90.22835,1,1397.802,755.7155,1398.684,756.5029
90.23956,1,1394.259,753.2484,1396.471,754.8756
90.25014,1,1394.259,753.2484,1395.365,754.062
90.25861,1,1394.259,753.2484,1394.812,753.6552
90.27333,1,1390.689,751.2913,1392.75,752.4733
90.28365,1,1390.689,751.2913,1391.719,751.8823
90.29611,1,1390.689,751.2913,1391.204,751.5868
90.30796,1,1388.294,749.3916,1389.749,750.4892
90.31649,1,1388.294,749.3916,1389.022,749.9404
90.3303,1,1386.37,747.5769,1387.696,748.7587
90.33985,1,1386.37,747.5769,1387.033,748.1678
90.35121,1,1386.37,747.5769,1386.702,747.8723
90.36355,1,1384.47,746.1752,1385.586,747.0237
90.37117,1,1384.47,746.1752,1385.028,746.5995
90.38461,1,1384.47,746.1752,1384.749,746.3873
90.39653,1,1382.508,745.0736,1383.629,745.7305
90.40693,1,1382.508,745.0736,1383.068,745.402
90.4157,1,1382.508,745.0736,1382.788,745.2378
90.42863,1,1381.045,743.4529,1381.916,744.3453
90.43846,1,1381.045,743.4529,1381.48,743.8992
90.45115,1,1379.334,742.1582,1380.407,743.0287
90.45921,1,1379.334,742.1582,1379.87,742.5934
90.47195,1,1379.334,742.1582,1379.602,742.3759
90.48161,1,1377.105,740.6086,1378.354,741.4922
90.49358,1,1377.105,740.6086,1377.729,741.0504
90.50785,1,1377.105,740.6086,1377.417,740.8295
90.51783,1,1374.797,739.3049,1376.107,740.0673
90.53042,1,1374.797,739.3049,1375.452,739.6861
90.5397,1,1372.1,737.7899,1373.776,738.738
90.55275,1,1372.1,737.7899,1372.938,738.264
90.56432,1,1372.1,737.7899,1372.519,738.027
90.57324,1,1370.481,736.3903,1371.5,737.2086
90.58449,1,1370.481,736.3903,1370.991,736.7994
90.59441,1,1370.481,736.3903,1370.736,736.5948
90.60561,1,1368.98,734.9719,1369.858,735.7834
90.61666,1,1368.98,734.9719,1369.419,735.3777
90.62922,1,1368.98,734.9719,1369.2,735.1748
90.63714,1,1367.157,733.6678,1368.178,734.4213
90.64931,1,1367.157,733.6678,1367.668,734.0446
90.65823,1,1367.157,733.6678,1367.412,733.8562
90.67182,1,1364.947,731.5904,1366.18,732.7233
90.6834,1,1364.947,731.5904,1365.564,732.1569
90.69379,1,1363.331,729.6515,1364.447,730.9042
90.70413,1,1363.331,729.6515,1363.889,730.2778
90.71552,1,1363.331,729.6515,1363.61,729.9647
90.72739,1,1361.577,728.5812,1362.593,729.2729
90.73656,1,1361.577,728.5812,1362.085,728.9271
90.75713,1,1360.005,727.0746,1361.045,728.0009
90.76388,1,1360.005,727.0746,1360.525,727.5377
90.77114,1,1360.005,727.0746,1360.265,727.3062
90.78286,1,1357.997,725.5811,1359.131,726.4436
90.79173,1,1357.997,725.5811,1358.564,726.0123
90.80506,1,1357.997,725.5811,1358.281,725.7967
90.81491,1,1355.677,724.1376,1356.979,724.9672
90.82589,1,1355.677,724.1376,1356.328,724.5524
90.83685,1,1355.677,724.1376,1356.002,724.345
90.84893,1,1353.769,722.3608,1354.886,723.3529
90.85701,1,1353.769,722.3608,1354.327,722.8569
90.87031,1,1353.769,722.3608,1354.048,722.6089
90.88127,1,1352.068,720.3622,1353.058,721.4855
90.89294,1,1352.068,720.3622,1352.563,720.9238
90.90488,1,1350.364,718.2029,1351.464,719.5634
90.91476,1,1350.364,718.2029,1350.914,718.8831
90.92619,1,1350.364,718.2029,1350.639,718.543
90.93884,1,1348.443,716.6813,1349.541,717.6121
90.95045,1,1348.443,716.6813,1348.992,717.1467
90.96502,1,1346.906,714.9614,1347.949,716.0541
90.9773,1,1346.906,714.9614,1347.427,715.5078
90.98432,1,1346.906,714.9614,1347.167,715.2346
90.9983,1,1345.27,713.7419,1346.219,714.4883
91.00842,1,1345.27,713.7419,1345.744,714.1151
91.0179,1,1345.27,713.7419,1345.507,713.9285
91.0306,1,1344.167,712.8523,1344.837,713.3904
91.04374,1,1344.167,712.8523,1344.502,713.1213
91.05445,1,1343.279,712.2567,1343.89,712.689
91.06313,1,1343.279,712.2567,1343.585,712.4729
91.07573,1,1343.279,712.2567,1343.432,712.3648
91.08715,1,1342.456,712.0046,1342.944,712.1847
91.09843,1,1342.456,712.0046,1342.7,712.0947
91.10957,1,1342.456,712.0046,1342.578,712.0497
91.11914,1,1341.806,711.6607,1342.192,711.8552
91.1318,1,1341.806,711.6607,1341.999,711.7579
91.13863,1,1341.806,711.6607,1341.903,711.7094
91.15065,1,1341.101,711.3758,1341.502,711.5426
91.1608,1,1341.101,711.3758,1341.301,711.4592
91.174,1,1338.953,711.0356,1340.127,711.2474
91.18367,1,1338.953,711.0356,1339.54,711.1415
91.19458,1,1338.953,711.0356,1339.246,711.0885
91.20609,1,1280.608,694.7791,1309.927,702.9338
91.21566,1,1280.608,694.7791,1295.268,698.8564
91.22861,1,1280.608,694.7791,1287.938,696.8177
91.23825,1,1099.623,639.9482,1193.781,668.383
91.24982,1,1099.623,639.9482,1146.702,654.1656
91.26125,1,1099.623,639.9482,1123.163,647.0569
91.27179,1,947.3948,597.1074,1035.279,622.0822
91.28305,1,947.3948,597.1074,991.3367,609.5948
91.29364,1,947.3948,597.1074,969.3657,603.3511
91.3066,1,861.4829,571.8503,915.4243,587.6007
91.31657,1,861.4829,571.8503,888.4536,579.7255
91.32973,1,814.8069,557.673,851.6302,568.6993
91.33842,1,814.8069,557.673,833.2186,563.1862
91.35023,1,814.8069,557.673,824.0127,560.4296
91.36057,1,792.3953,549.8831,808.204,555.1563
91.37156,1,792.3953,549.8831,800.2996,552.5197
91.38159,1,792.3953,549.8831,796.3474,551.2014
91.3953,1,790.975,552.7908,793.6613,551.9961
91.4052,1,790.975,552.7908,792.3181,552.3934
91.41618,1,790.832,557.1002,791.5751,554.7468
91.42856,1,790.832,557.1002,791.2035,555.9235
91.43845,1,790.832,557.1002,791.0177,556.5118
91.45176,1,792.0804,560.3735,791.5491,558.4427
91.46369,1,792.0804,560.3735,791.8148,559.4081
91.4716,1,792.0804,560.3735,791.9476,559.8908
91.4838,1,793.0376,562.7742,792.4926,561.3325
91.49442,1,793.0376,562.7742,792.7651,562.0533
91.50607,1,798.4674,564.2122,795.6163,563.1328
91.51628,1,798.4674,564.2122,797.0419,563.6725
91.52938,1,798.4674,564.2122,797.7546,563.9424
91.53893,1,828.0022,574.2091,812.8784,569.0757
91.55091,1,828.0022,574.2091,820.4403,571.6425
91.56129,1,828.0022,574.2091,824.2213,572.9258
91.57332,1,1023.002,634.5206,923.6116,603.7231
91.58386,1,1023.002,634.5206,973.3068,619.1218
91.59436,1,1023.002,634.5206,998.1544,626.8212
91.60506,1,1250.136,702.1395,1124.146,664.4803
91.61502,1,1250.136,702.1395,1187.141,683.3099
91.62805,1,1383.778,740.1093,1285.459,711.7096
91.63862,1,1383.778,740.1093,1334.619,725.9094
91.65321,1,1383.778,740.1093,1359.198,733.0093
91.66713,1,1451.276,758.6772,1405.237,745.8433
91.67803,1,1451.276,758.6772,1428.256,752.2603
91.6854,1,1451.276,758.6772,1439.766,755.4688
91.69514,1,1484.823,769.3765,1462.295,762.4226
91.70649,1,1484.823,769.3765,1473.559,765.8995
91.71754,1,1501.824,774.3207,1487.691,770.1101
91.73029,1,1501.824,774.3207,1494.758,772.2154
91.73926,1,1501.824,774.3207,1498.291,773.2681
91.7505,1,1510.1,776.0601,1504.195,774.6641
91.76311,1,1510.1,776.0601,1507.147,775.3621
91.77341,1,1510.1,776.0601,1508.624,775.7111
91.7818,1,1515.575,779.043,1512.099,777.3771
91.79565,1,1515.575,779.043,1513.837,778.2101
91.80816,1,1514.592,782.8694,1514.214,780.5397
91.81615,1,1514.592,782.8694,1514.403,781.7046
91.82785,1,1514.592,782.8694,1514.498,782.287
91.8372,1,1514.592,782.8694,1514.545,782.5782
91.8498,1,1514.946,789.4631,1514.745,786.0206
91.85994,1,1514.946,789.4631,1514.845,787.7419
91.87126,1,1516.968,793.6266,1515.906,790.6843
91.88291,1,1516.968,793.6266,1516.437,792.1555
91.89359,1,1516.968,793.6266,1516.702,792.8911
91.90485,1,1517.965,797.705,1517.334,795.298
91.91464,1,1517.965,797.705,1517.65,796.5015
91.92736,1,1517.965,797.705,1517.807,797.1032
91.93552,1,1519.193,800.6508,1518.5,798.877
91.94741,1,1519.193,800.6508,1518.847,799.7639
91.95802,1,1519.193,800.6508,1519.02,800.2073
91.97065,1,1520.079,803.8354,1519.549,802.0214
91.97923,1,1520.079,803.8354,1519.814,802.9283
91.98985,1,1521.088,807.1008,1520.451,805.0145
92.0015,1,1521.088,807.1008,1520.769,806.0576
92.01324,1,1521.088,807.1008,1520.929,806.5792
92.02397,1,1522.555,809.6743,1521.742,808.1268
92.03464,1,1522.555,809.6743,1522.148,808.9005
92.04677,1,1522.555,809.6743,1522.351,809.2874
92.05577,1,1523.81,812.4931,1523.081,810.8903
92.06791,1,1523.81,812.4931,1523.445,811.6917
92.07788,1,1523.81,812.4931,1523.628,812.0924
92.08917,1,1524.341,814.7661,1523.984,813.4293
92.09964,1,1524.341,814.7661,1524.163,814.0977
92.11364,1,1524.825,816.55,1524.494,815.3239
92.12336,1,1524.825,816.55,1524.659,815.937
92.13344,1,1524.825,816.55,1524.742,816.2435
92.14555,1,1526.028,817.9185,1525.385,817.081
92.15478,1,1526.028,817.9185,1525.707,817.4998
92.16702,1,1526.028,817.9185,1525.867,817.7091
92.17797,1,1527.276,819.3183,1526.572,818.5137
92.18996,1,1527.276,819.3183,1526.924,818.916
92.19972,1,1527.276,819.3183,1527.1,819.1172
92.21221,1,1528.413,821.2627,1527.756,820.1899
92.22139,1,1528.413,821.2627,1528.085,820.7263
92.23334,1,1529.547,823.2029,1528.816,821.9646
92.24448,1,1529.547,823.2029,1529.182,822.5837
92.25316,1,1529.547,823.2029,1529.365,822.8933
92.26624,1,1530.58,824.6953,1529.972,823.7943
92.2752,1,1530.58,824.6953,1530.276,824.2448
92.28638,1,1530.58,824.6953,1530.428,824.4701
92.29639,1,1532.093,827.072,1531.26,825.7711
92.30761,1,1532.093,827.072,1531.677,826.4215
92.31732,1,1532.093,827.072,1531.885,826.7468
92.32996,1,1533.672,829.2095,1532.778,827.9781
92.3398,1,1533.672,829.2095,1533.225,828.5938
92.35179,1,1533.672,829.2095,1533.448,828.9016
92.36381,1,1536.422,831.2627,1534.935,830.0822
92.37274,1,1536.422,831.2627,1535.678,830.6724
92.38603,1,1539.963,833.9921,1537.821,832.3323
92.39644,1,1539.963,833.9921,1538.892,833.1622
92.40744,1,1539.963,833.9921,1539.427,833.5771
92.4187,1,1542.795,837.143,1541.111,835.3601
92.42999,1,1542.795,837.143,1541.953,836.2516
92.43864,1,1542.795,837.143,1542.374,836.6973
92.45026,1,1545.093,840.1328,1543.733,838.415
92.46066,1,1545.093,840.1328,1544.413,839.2739
92.4723,1,1547.413,842.0868,1545.913,840.6804
92.48392,1,1547.413,842.0868,1546.663,841.3835
92.4938,1,1547.413,842.0868,1547.038,841.7352
92.50575,1,1548.744,843.9937,1547.891,842.8644
92.5163,1,1548.744,843.9937,1548.317,843.4291
92.52911,1,1548.744,843.9937,1548.53,843.7114
92.53973,1,1548.967,844.7295,1548.749,844.2205
92.54994,1,1548.967,844.7295,1548.858,844.475
92.561,1,1548.967,844.7295,1548.912,844.6022
92.5725,1,1548.408,842.8384,1548.66,843.7203
92.5835,1,1548.408,842.8384,1548.534,843.2794
92.59391,1,1547.685,841.2609,1548.11,842.2701
92.60603,1,1547.685,841.2609,1547.897,841.7655
92.61588,1,1547.685,841.2609,1547.791,841.5132
92.62754,1,1547.212,840.5103,1547.502,841.0117
92.63651,1,1547.212,840.5103,1547.357,840.761
92.64869,1,1547.212,840.5103,1547.285,840.6356
92.65864,1,1546.634,839.6663,1546.959,840.151
92.66781,1,1546.634,839.6663,1546.797,839.9087
92.67894,1,1546.634,839.6663,1546.716,839.7875
92.68999,1,1545.818,838.2238,1546.267,839.0056
92.70055,1,1545.818,838.2238,1546.043,838.6147
92.71368,1,1545.818,838.2238,1545.931,838.4192
92.72462,1,1544.417,836.5353,1545.174,837.4773
92.73396,1,1544.417,836.5353,1544.795,837.0063
92.7472,1,1542.994,834.8049,1543.895,835.9056
92.75518,1,1542.994,834.8049,1543.445,835.3553
92.76764,1,1542.994,834.8049,1543.219,835.0801
92.77731,1,1541.916,833.0072,1542.568,834.0436
92.7879,1,1541.916,833.0072,1542.242,833.5254
92.79782,1,1541.916,833.0072,1542.079,833.2663
92.81127,1,1540.833,831.3419,1541.456,832.3041
92.8189,1,1540.833,831.3419,1541.145,831.823
92.83037,1,1540.833,831.3419,1540.989,831.5825
92.83969,1,1539.26,829.1359,1540.125,830.3592
92.85385,1,1539.26,829.1359,1539.693,829.7476
92.8644,1,1539.26,829.1359,1539.477,829.4418
92.8741,1,1537.668,826.9296,1538.572,828.1857
92.88749,1,1537.668,826.9296,1538.12,827.5576
92.89796,1,1535.18,824.2228,1536.65,825.8903
92.91054,1,1535.18,824.2228,1535.915,825.0565
92.91963,1,1535.18,824.2228,1535.548,824.6396
92.93058,1,1533.106,821.3658,1534.327,823.0027
92.93958,1,1533.106,821.3658,1533.716,822.1843
92.95274,1,1533.106,821.3658,1533.411,821.7751
92.96397,1,1530.977,818.7005,1532.194,820.2378
92.97244,1,1530.977,818.7005,1531.585,819.4691
92.98531,1,1530.977,818.7005,1531.281,819.0848
92.99643,1,1529.545,815.5651,1530.413,817.325
93.00792,1,1529.545,815.5651,1529.979,816.4451
93.01686,1,1527.794,813.7462,1528.887,815.0956
93.0307,1,1527.794,813.7462,1528.341,814.4209
93.03889,1,1527.794,813.7462,1528.067,814.0836
93.05161,1,1526.896,812.5764,1527.482,813.33
93.06155,1,1526.896,812.5764,1527.189,812.9531
93.07194,1,1526.896,812.5764,1527.042,812.7648
93.08455,1,1525.393,811.2842,1526.218,812.0245
93.0949,1,1525.393,811.2842,1525.805,811.6544
93.10591,1,1525.393,811.2842,1525.599,811.4694
93.11662,1,1524.02,810.3171,1524.809,810.8932
93.12768,1,1524.02,810.3171,1524.415,810.6051
93.13744,1,1523.003,808.9727,1523.709,809.7889
93.14979,1,1523.003,808.9727,1523.356,809.3807
93.16015,1,1523.003,808.9727,1523.179,809.1767
93.17388,1,1522.293,807.8609,1522.736,808.5188
93.18385,1,1522.293,807.8609,1522.515,808.1898
93.19418,1,1522.293,807.8609,1522.404,808.0254
93.20651,1,1521.518,807.163,1521.961,807.5942
93.21632,1,1521.518,807.163,1521.74,807.3785
93.22997,1,1520.558,806.0595,1521.149,806.719
93.23814,1,1520.558,806.0595,1520.853,806.3893
93.24989,1,1520.558,806.0595,1520.705,806.2244
93.25992,1,1519.76,805.2224,1520.233,805.7234
93.27118,1,1519.76,805.2224,1519.997,805.4729
93.28126,1,1519.76,805.2224,1519.878,805.3477
93.2933,1,1518.915,804.1812,1519.396,804.7644
93.30165,1,1518.915,804.1812,1519.156,804.4728
93.31434,1,1518.915,804.1812,1519.035,804.327
93.32587,1,1517.891,803.3074,1518.463,803.8171
93.33577,1,1517.891,803.3074,1518.177,803.5623
93.34773,1,1517.891,803.3074,1518.034,803.4348
93.35847,1,1516.562,802.7086,1517.298,803.0717
93.36951,1,1516.562,802.7086,1516.93,802.8901
93.37998,1,1515.129,801.3683,1516.029,802.1292
93.39308,1,1515.129,801.3683,1515.579,801.7488
93.40165,1,1515.129,801.3683,1515.354,801.5585
93.41394,1,1513.415,799.0511,1514.385,800.3048
93.42352,1,1513.415,799.0511,1513.9,799.678
93.43351,1,1513.415,799.0511,1513.657,799.3645
93.4468,1,1511.192,797.5161,1512.425,798.4403
93.45584,1,1511.192,797.5161,1511.808,797.9782
93.46747,1,1511.192,797.5161,1511.5,797.7472
93.47813,1,1509.098,796.1093,1510.299,796.9282
93.48954,1,1509.098,796.1093,1509.698,796.5187
93.49818,1,1509.098,796.1093,1509.398,796.314
93.51074,1,1507.201,793.9683,1508.299,795.1411
93.51991,1,1507.201,793.9683,1507.75,794.5547
93.5326,1,1505.057,791.3441,1506.403,792.9494
93.54504,1,1505.057,791.3441,1505.73,792.1467
93.55544,1,1505.057,791.3441,1505.393,791.7454
93.56668,1,1502.403,787.8951,1503.898,789.8203
93.57742,1,1502.403,787.8951,1503.151,788.8577
93.58979,1,1502.403,787.8951,1502.777,788.3763
93.59966,1,1499.507,784.1829,1501.142,786.2796
93.61131,1,1499.507,784.1829,1500.324,785.2312
93.61994,1,1499.507,784.1829,1499.915,784.707
93.64306,1,1496.394,781.2753,1498.155,782.9912
93.64948,1,1496.394,781.2753,1497.274,782.1333
93.65667,1,1494.22,778.4748,1495.747,780.3041
93.66732,1,1494.22,778.4748,1494.984,779.3894
93.6771,1,1494.22,778.4748,1494.602,778.9321
93.68794,1,1491.939,775.8357,1493.27,777.3839
93.69915,1,1491.939,775.8357,1492.604,776.6098
93.71201,1,1490.158,773.3674,1491.381,774.9886
93.72091,1,1490.158,773.3674,1490.77,774.178
93.73345,1,1490.158,773.3674,1490.464,773.7727
93.74519,1,1488.384,770.8463,1489.424,772.3094
93.7526,1,1488.384,770.8463,1488.904,771.5779
93.76514,1,1488.384,770.8463,1488.644,771.212
93.77654,1,1486.163,769.0012,1487.403,770.1066
93.78902,1,1486.163,769.0012,1486.783,769.5538
93.79816,1,1486.163,769.0012,1486.473,769.2775
93.8096,1,1483.861,767.4788,1485.167,768.3781
93.81813,1,1483.861,767.4788,1484.514,767.9285
93.83091,1,1483.861,767.4788,1484.187,767.7036
93.84071,1,1482.666,766.0424,1483.427,766.873
93.85121,1,1482.666,766.0424,1483.047,766.4578
93.86185,1,1482.666,766.0424,1482.856,766.2501
93.87321,1,1480.34,764.2606,1481.598,765.2554
93.88483,1,1480.34,764.2606,1480.969,764.758
93.89669,1,1477.787,762.4668,1479.378,763.6124
93.91131,1,1477.787,762.4668,1478.582,763.0396
93.92174,1,1477.787,762.4668,1478.185,762.7532
93.93029,1,1475.488,760.1618,1476.836,761.4575
93.93996,1,1475.488,760.1618,1476.162,760.8097
93.95219,1,1475.488,760.1618,1475.825,760.4857
93.96638,1,1473.411,757.9886,1474.618,759.2372
93.97651,1,1473.411,757.9886,1474.014,758.6129
93.98768,1,1471.291,756.0938,1472.653,757.3533
93.99593,1,1471.291,756.0938,1471.972,756.7235
94.0072,1,1471.291,756.0938,1471.632,756.4086
94.01845,1,1469.246,753.4885,1470.439,754.9486
94.03824,1,1469.246,753.4885,1469.843,754.2186
94.04515,1,1467.307,750.1731,1468.575,752.1958
94.05582,1,1467.307,750.1731,1467.941,751.1844
94.06754,1,1467.307,750.1731,1467.624,750.6788
94.07794,1,1465.758,746.0228,1466.691,748.3508
94.08949,1,1465.758,746.0228,1466.224,747.1868
94.09926,1,1465.758,746.0228,1465.991,746.6049
94.11317,1,1464.208,743.2725,1465.099,744.9387
94.12169,1,1464.208,743.2725,1464.653,744.1056
94.13378,1,1464.208,743.2725,1464.43,743.6891
94.1453,1,1462.575,740.5545,1463.502,742.1218
94.15518,1,1462.575,740.5545,1463.039,741.3381
94.1675,1,1460.898,738.5321,1461.969,739.9351
94.1777,1,1460.898,738.5321,1461.433,739.2336
94.18801,1,1460.898,738.5321,1461.166,738.8829
94.19872,1,1416.515,721.2651,1438.84,730.074
94.21046,1,1416.515,721.2651,1427.677,725.6696
94.21874,1,1416.515,721.2651,1422.096,723.4673
94.23042,1,1227.823,667.7814,1324.96,695.6244
94.23987,1,1227.823,667.7814,1276.392,681.7029
94.25083,1,1227.823,667.7814,1252.108,674.7422
94.26179,1,1024.676,614.6659,1138.392,644.704
94.27306,1,1024.676,614.6659,1081.534,629.6849
94.2816,1,1024.676,614.6659,1053.105,622.1754
94.29404,1,911.1613,583.8344,982.1331,603.0049
94.30404,1,911.1613,583.8344,946.6472,593.4196
94.31504,1,851.3373,569.8965,898.9923,581.6581
94.32747,1,851.3373,569.8965,875.1648,575.7773
94.3364,1,851.3373,569.8965,863.2511,572.8369
94.34879,1,824.5499,561.0369,843.9005,566.9369
94.35709,1,824.5499,561.0369,834.2252,563.9869
94.36935,1,824.5499,561.0369,829.3876,562.512
94.38004,1,810.4898,556.2206,819.9387,559.3663
94.39048,1,810.4898,556.2206,815.2142,557.7935
94.40098,1,810.4898,556.2206,812.8521,557.0071
94.4144,1,841.4078,558.1021,827.1299,557.5546
94.42421,1,841.4078,558.1021,834.2688,557.8283
94.43405,1,841.4078,558.1021,837.8383,557.9652
94.44546,1,885.5466,568.5006,861.6924,563.2329
94.45531,1,885.5466,568.5006,873.6195,565.8668
94.46633,1,915.9509,575.8055,894.7852,570.8362
94.47632,1,915.9509,575.8055,905.368,573.3209
94.48802,1,915.9509,575.8055,910.6595,574.5632
94.49697,1,994.3197,594.9465,952.4896,584.7549
94.51122,1,994.3197,594.9465,973.4047,589.8507
94.51834,1,994.3197,594.9465,983.8622,592.3986
94.53265,1,1106.011,620.9019,1044.937,606.6503
94.54546,1,1106.011,620.9019,1075.474,613.7761
94.55341,1,1106.011,620.9019,1090.743,617.339
94.56576,1,1216.547,647.9666,1153.645,632.6528
94.57703,1,1216.547,647.9666,1185.096,640.3097
94.5876,1,1287.273,667.0409,1236.184,653.6753
94.59821,1,1287.273,667.0409,1261.729,660.3581
94.61124,1,1287.273,667.0409,1274.501,663.6995
94.61855,1,1328.059,678.1378,1301.28,670.9186
94.63124,1,1328.059,678.1378,1314.669,674.5282
94.64065,1,1328.059,678.1378,1321.364,676.333
94.65355,1,1350.836,683.3906,1336.1,679.8618
94.6683,1,1350.836,683.3906,1343.468,681.6262
94.67631,1,1350.836,683.3906,1347.152,682.5084
94.68588,1,1363.891,686.7417,1355.522,684.6251
94.69612,1,1363.891,686.7417,1359.707,685.6833
94.70653,1,1363.891,686.7417,1361.799,686.2125
94.71721,1,1371.914,688.9827,1366.856,687.5976
94.73402,1,1371.914,688.9827,1369.385,688.2902
94.74471,1,1377.968,690.9758,1373.676,689.633
94.75549,1,1377.968,690.9758,1375.822,690.3044
94.76498,1,1377.968,690.9758,1376.895,690.6401
94.77547,1,1380.801,693.1018,1378.848,691.871
94.78632,1,1380.801,693.1018,1379.824,692.4864
94.79608,1,1380.801,693.1018,1380.313,692.7941
94.80639,1,1382.657,694.076,1381.485,693.4351
94.81865,1,1382.657,694.076,1382.071,693.7555
94.83344,1,1384.034,694.8241,1383.052,694.2898
94.84049,1,1384.034,694.8241,1383.543,694.5569
94.85047,1,1384.034,694.8241,1383.789,694.6906
94.86141,1,1384.479,696.0052,1384.134,695.3479
94.87148,1,1384.479,696.0052,1384.306,695.6766
94.8844,1,1384.479,696.0052,1384.393,695.8409
94.89738,1,1384.567,697.0782,1384.48,696.4596
94.90594,1,1384.567,697.0782,1384.524,696.7689
94.91716,1,1384.567,697.0782,1384.545,696.9236
94.92908,1,1384.359,697.4156,1384.452,697.1696
94.93874,1,1384.359,697.4156,1384.406,697.2926
94.95054,1,1383.932,697.6586,1384.169,697.4756
94.96128,1,1383.932,697.6586,1384.051,697.5671
94.97199,1,1383.932,697.6586,1383.991,697.6128
94.98365,1,1383.469,697.6827,1383.73,697.6478
94.99429,1,1383.469,697.6827,1383.599,697.6653
95.00542,1,1383.469,697.6827,1383.534,697.674
95.01612,1,1383.182,698.1658,1383.358,697.9199
95.02867,1,1383.182,698.1658,1383.27,698.0428
95.03722,1,1383.182,698.1658,1383.226,698.1043
95.05348,1,1383.1,698.5334,1383.163,698.3188
95.06555,1,1383.1,698.5334,1383.132,698.4261
95.07199,1,1382.913,698.8514,1383.023,698.6388
95.08299,1,1382.913,698.8514,1382.968,698.7451
95.09718,1,1382.913,698.8514,1382.941,698.7982
95.1094,1,1382.805,698.9683,1382.873,698.8833
95.11829,1,1382.805,698.9683,1382.839,698.9258
95.13026,1,1382.805,698.9683,1382.822,698.947
95.14162,1,1382.598,699.2795,1382.71,699.1133
95.15277,1,1382.598,699.2795,1382.654,699.1964
95.16369,1,1382.371,699.6048,1382.512,699.4006
95.17328,1,1382.371,699.6048,1382.441,699.5027
95.18551,1,1382.371,699.6048,1382.406,699.5537
95.19798,1,1381.911,699.8154,1382.158,699.6846
95.20966,1,1381.911,699.8154,1382.034,699.75
95.21954,1,1381.911,699.8154,1381.972,699.7827
95.23051,1,1381.616,700.0521,1381.794,699.9174
95.24118,1,1381.616,700.0521,1381.705,699.9847
95.25262,1,1381.308,700.2245,1381.507,700.1046
95.26559,1,1381.308,700.2245,1381.407,700.1646
95.27577,1,1381.308,700.2245,1381.358,700.1946
95.28762,1,1380.23,700.6661,1380.794,700.4304
95.29746,1,1380.23,700.6661,1380.512,700.5482
95.30989,1,1380.23,700.6661,1380.371,700.6072
95.31953,1,1373.926,704.6352,1377.149,702.6212
95.33095,1,1373.926,704.6352,1375.537,703.6282
95.3415,1,1373.926,704.6352,1374.731,704.1317
95.3529,1,1361.986,712.3076,1368.359,708.2196
95.36529,1,1361.986,712.3076,1365.172,710.2635
95.37621,1,1349.345,719.8215,1357.259,715.0425
95.38712,1,1349.345,719.8215,1353.302,717.432
95.39709,1,1349.345,719.8215,1351.323,718.6267
95.40975,1,1338.021,726.5353,1344.672,722.581
95.41925,1,1338.021,726.5353,1341.347,724.5581
95.431,1,1338.021,726.5353,1339.684,725.5467
95.44296,1,1328.518,732.6392,1334.101,729.093
95.45235,1,1328.518,732.6392,1331.309,730.8661
95.46349,1,1321.765,737.3459,1326.537,734.106
95.47246,1,1321.765,737.3459,1324.151,735.726
95.48176,1,1321.765,737.3459,1322.958,736.5359
95.4949,1,1318.624,745.4798,1320.791,741.0078
95.51657,1,1318.624,745.4798,1319.708,743.2438
95.52526,1,1317.265,754.1614,1318.486,748.7026
95.53344,1,1317.265,754.1614,1317.875,751.432
95.54533,1,1317.265,754.1614,1317.57,752.7967
95.55351,1,1316.224,761.5857,1316.897,757.1912
95.56723,1,1316.224,761.5857,1316.56,759.3884
95.57781,1,1316.224,761.5857,1316.392,760.4871
95.58904,1,1315.347,767.8693,1315.869,764.1782
95.59968,1,1315.347,767.8693,1315.608,766.0238
95.61343,1,1315.347,767.8693,1315.478,766.9465
95.62119,1,1315.837,773.6771,1315.657,770.3118
95.6341,1,1315.837,773.6771,1315.747,771.9944
95.64522,1,1316.226,777.4816,1315.987,774.738
95.65382,1,1316.226,777.4816,1316.106,776.1099
95.6665,1,1316.226,777.4816,1316.166,776.7958
95.67716,1,1316.922,780.4788,1316.544,778.6373
95.68944,1,1316.922,780.4788,1316.733,779.5581
95.69924,1,1316.922,780.4788,1316.827,780.0184
95.71033,1,1318.163,783.3578,1317.495,781.6881
95.7198,1,1318.163,783.3578,1317.829,782.5229
95.73325,1,1318.163,783.3578,1317.996,782.9404
95.74452,1,1319.629,786.5689,1318.813,784.7546
95.7536,1,1319.629,786.5689,1319.22,785.6617
95.76567,1,1320.504,788.1776,1319.862,786.9197
95.77711,1,1320.504,788.1776,1320.183,787.5486
95.78768,1,1320.504,788.1776,1320.343,787.863
95.79667,1,1322.261,789.9758,1321.302,788.9194
95.80737,1,1322.261,789.9758,1321.782,789.4476
95.81805,1,1322.261,789.9758,1322.021,789.7117
95.8313,1,1324.026,791.3544,1323.024,790.5331
95.84026,1,1324.026,791.3544,1323.525,790.9437
95.85271,1,1324.026,791.3544,1323.776,791.149
95.86426,1,1325.703,792.4783,1324.739,791.8137
95.87399,1,1325.703,792.4783,1325.221,792.146
95.8868,1,1326.864,793.3019,1326.042,792.7239
95.89645,1,1326.864,793.3019,1326.453,793.0129
95.91184,1,1326.864,793.3019,1326.658,793.1574
95.92129,1,1328.09,794.7067,1327.374,793.9321
95.93239,1,1328.09,794.7067,1327.732,794.3194
95.94453,1,1328.09,794.7067,1327.911,794.5131
95.9544,1,1329.817,795.9031,1328.864,795.2081
95.9675,1,1329.817,795.9031,1329.34,795.5555
95.97783,1,1331.612,797.1012,1330.476,796.3284
95.98831,1,1331.612,797.1012,1331.044,796.7148
95.99768,1,1331.612,797.1012,1331.328,796.908
96.01017,1,1333.591,798.5568,1332.459,797.7324
96.01894,1,1333.591,798.5568,1333.025,798.1447
96.03112,1,1333.591,798.5568,1333.308,798.3507
96.0395,1,1335.384,800.2604,1334.346,799.3055
96.05099,1,1335.384,800.2604,1334.865,799.783
96.06126,1,1335.384,800.2604,1335.125,800.0217
96.07278,1,1336.669,802.6221,1335.897,801.3219
96.08466,1,1336.669,802.6221,1336.283,801.972
96.09672,1,1336.669,802.6221,1336.476,802.2971
96.10944,1,1337.833,804.7619,1337.154,803.5295
96.11885,1,1337.833,804.7619,1337.493,804.1458
96.13159,1,1339.426,807.0614,1338.46,805.6036
96.13931,1,1339.426,807.0614,1338.943,806.3325
96.15126,1,1339.426,807.0614,1339.184,806.697
96.16357,1,1341.558,809.4954,1340.371,808.0962
96.17216,1,1341.558,809.4954,1340.965,808.7958
96.18399,1,1341.558,809.4954,1341.261,809.1456
96.19424,1,1343.076,812.5814,1342.169,810.8635
96.20566,1,1343.076,812.5814,1342.622,811.7225
96.21556,1,1343.076,812.5814,1342.849,812.152
96.22901,1,1344.835,815.0028,1343.842,813.5774
96.23769,1,1344.835,815.0028,1344.338,814.2901
96.25395,1,1346.817,817.0604,1345.578,815.6752
96.26466,1,1346.817,817.0604,1346.197,816.3678
96.27413,1,1346.817,817.0604,1346.507,816.7141
96.28617,1,1348.874,819.2088,1347.691,817.9614
96.29624,1,1348.874,819.2088,1348.282,818.5851
96.30951,1,1351.322,821.8289,1349.802,820.207
96.31898,1,1351.322,821.8289,1350.562,821.0179
96.33121,1,1351.322,821.8289,1350.942,821.4235
96.34117,1,1353.829,824.4783,1352.386,822.9509
96.35458,1,1353.829,824.4783,1353.108,823.7146
96.36687,1,1353.829,824.4783,1353.469,824.0964
96.37633,1,1357.249,826.8983,1355.359,825.4974
96.38974,1,1357.249,826.8983,1356.304,826.1979
96.3998,1,1359.325,829.9756,1357.814,828.0868
96.41311,1,1359.325,829.9756,1358.57,829.0313
96.42313,1,1359.325,829.9756,1358.947,829.5034
96.43349,1,1360.829,833.2,1359.888,831.3517
96.44743,1,1360.829,833.2,1360.359,832.2758
96.45567,1,1360.829,833.2,1360.594,832.7379
96.46703,1,1363.367,836.441,1361.98,834.5895
96.47947,1,1363.367,836.441,1362.673,835.5153
96.48909,1,1363.367,836.441,1363.02,835.9781
96.49821,1,1365.953,838.9118,1364.486,837.4449
96.50916,1,1365.953,838.9118,1365.219,838.1783
96.51836,1,1365.953,838.9118,1365.586,838.545
96.53143,1,1367.091,842.1169,1366.339,840.3309
96.53986,1,1367.091,842.1169,1366.715,841.2239
96.55263,1,1365.917,841.638,1366.316,841.4309
96.56374,1,1365.917,841.638,1366.116,841.5344
96.57246,1,1365.917,841.638,1366.016,841.5862
96.58621,1,1365.173,839.9527,1365.595,840.7694
96.59631,1,1365.173,839.9527,1365.384,840.3611
96.60793,1,1365.173,839.9527,1365.279,840.1569
96.61772,1,1364.708,838.7406,1364.993,839.4487
96.63117,1,1364.708,838.7406,1364.851,839.0947
96.64051,1,1364.708,838.7406,1364.779,838.9176
96.65254,1,1364.501,837.9774,1364.64,838.4475
96.66433,1,1364.501,837.9774,1364.57,838.2124
96.67815,1,1364.288,837.1613,1364.429,837.6869
96.68958,1,1364.288,837.1613,1364.359,837.4241
96.6994,1,1364.288,837.1613,1364.324,837.2927
96.71165,1,1364.056,836.2297,1364.19,836.7612
96.7203,1,1364.056,836.2297,1364.123,836.4955
96.73222,1,1363.407,834.973,1363.765,835.7343
96.74358,1,1363.407,834.973,1363.586,835.3536
96.76909,1,1362.3,832.9265,1362.943,834.14
96.7749,1,1362.3,832.9265,1362.622,833.5332
96.78362,1,1362.3,832.9265,1362.461,833.2299
96.79468,1,1361.123,830.6504,1361.792,831.9401
96.80681,1,1361.123,830.6504,1361.458,831.2953
96.81732,1,1361.123,830.6504,1361.29,830.9728
96.82874,1,1360.298,828.4633,1360.794,829.7181
96.83835,1,1360.298,828.4633,1360.546,829.0907
96.85117,1,1360.298,828.4633,1360.422,828.777
96.8598,1,1358.788,826.3801,1359.605,827.5785
96.87228,1,1358.788,826.3801,1359.197,826.9792
96.88557,1,1357.209,823.5345,1358.203,825.2569
96.89591,1,1357.209,823.5345,1357.706,824.3958
96.90767,1,1357.209,823.5345,1357.458,823.9651
96.91751,1,1355.233,820.5129,1356.345,822.239
96.92917,1,1355.233,820.5129,1355.789,821.376
96.93881,1,1355.233,820.5129,1355.511,820.9445
96.95084,1,1353.435,817.9022,1354.473,819.4233
96.96187,1,1353.435,817.9022,1353.954,818.6627
96.97259,1,1353.435,817.9022,1353.695,818.2825
96.98322,1,1352.448,815.1027,1353.072,816.6926
96.99579,1,1352.448,815.1027,1352.76,815.8977
97.00616,1,1350.817,812.5475,1351.788,814.2226
97.01576,1,1350.817,812.5475,1351.302,813.385
97.02849,1,1350.817,812.5475,1351.06,812.9662
97.03847,1,1349.535,810.41,1350.297,811.6881
97.04992,1,1349.535,810.41,1349.916,811.0491
97.05946,1,1349.535,810.41,1349.725,810.7295
97.07141,1,1348.318,808.8126,1349.021,809.771
97.08323,1,1348.318,808.8126,1348.669,809.2917
97.0937,1,1348.318,808.8126,1348.493,809.0521
97.10568,1,1346.901,807.267,1347.697,808.1595
97.11554,1,1346.901,807.267,1347.299,807.7133
97.1263,1,1345.444,805.1546,1346.371,806.434
97.13837,1,1345.444,805.1546,1345.907,805.7943
97.14936,1,1345.444,805.1546,1345.676,805.4745
97.1581,1,1343.597,803.2455,1344.636,804.36
97.17099,1,1343.597,803.2455,1344.117,803.8027
97.18031,1,1343.597,803.2455,1343.857,803.5241
97.19113,1,1341.742,801.366,1342.799,802.4451
97.20103,1,1341.742,801.366,1342.271,801.9055
97.21317,1,1341.742,801.366,1342.006,801.6357
97.22334,1,1339.996,799.4616,1341.001,800.5487
97.23312,1,1339.996,799.4616,1340.499,800.0051
97.24561,1,1337.963,797.9258,1339.231,798.9655
97.25492,1,1337.963,797.9258,1338.597,798.4456
97.26594,1,1337.963,797.9258,1338.28,798.1857
97.27593,1,1335.901,796.0915,1337.091,797.1385
97.29068,1,1335.901,796.0915,1336.496,796.615
97.29955,1,1335.901,796.0915,1336.199,796.3533
97.31229,1,1334.086,794.183,1335.142,795.2681
97.32124,1,1334.086,794.183,1334.614,794.7256
97.33294,1,1334.086,794.183,1334.35,794.4543
97.34422,1,1331.937,792.213,1333.143,793.3336
97.35339,1,1331.937,792.213,1332.54,792.7733
97.36537,1,1331.937,792.213,1332.238,792.4932
97.37642,1,1329.59,790.8038,1330.914,791.6485
97.38692,1,1329.59,790.8038,1330.252,791.2262
97.398,1,1327.112,789.4146,1328.682,790.3204
97.40927,1,1327.112,789.4146,1327.897,789.8674
97.41805,1,1327.112,789.4146,1327.505,789.641
97.43053,1,1324.269,786.3615,1325.887,788.0012
97.44064,1,1324.269,786.3615,1325.078,787.1813
97.45303,1,1324.269,786.3615,1324.673,786.7714
97.46416,1,1320.895,782.7288,1322.784,784.7501
97.47289,1,1320.895,782.7288,1321.84,783.7394
97.48471,1,1320.895,782.7288,1321.367,783.2341
97.49596,1,1317.428,779.3343,1319.398,781.2842
97.50712,1,1317.428,779.3343,1318.413,780.3092
97.51701,1,1314.05,775.5383,1316.232,777.9238
97.52898,1,1314.05,775.5383,1315.141,776.7311
97.53844,1,1314.05,775.5383,1314.595,776.1347
97.55008,1,1309.8,771.6956,1312.198,773.9152
97.55871,1,1309.8,771.6956,1310.999,772.8054
97.57129,1,1309.8,771.6956,1310.399,772.2505
97.58073,1,1305.784,768.2888,1308.092,770.2697
97.59373,1,1305.784,768.2888,1306.938,769.2792
97.60317,1,1305.784,768.2888,1306.361,768.7841
97.61528,1,1302.023,765.1608,1304.192,766.9724
97.62717,1,1302.023,765.1608,1303.108,766.0666
97.63609,1,1302.023,765.1608,1302.565,765.6136
97.64796,1,1299.035,762.1156,1300.8,763.8646
97.65715,1,1299.035,762.1156,1299.917,762.9901
97.66941,1,1297.314,760.0482,1298.615,761.5192
97.67928,1,1297.314,760.0482,1297.965,760.7837
97.6904,1,1297.314,760.0482,1297.639,760.4159
97.70023,1,1295.74,758.4883,1296.689,759.4521
97.713,1,1295.74,758.4883,1296.215,758.9702
97.72298,1,1295.74,758.4883,1295.977,758.7292
97.7314,1,1294.145,757.0628,1295.061,757.896
97.74138,1,1294.145,757.0628,1294.603,757.4794
97.75446,1,1294.145,757.0628,1294.374,757.2711
97.76529,1,1292.677,755.3587,1293.525,756.3149
97.77417,1,1292.677,755.3587,1293.101,755.8368
97.78736,1,1292.677,755.3587,1292.889,755.5978
97.7989,1,1291.041,754.022,1291.965,754.8099
97.81197,1,1291.041,754.022,1291.503,754.416
97.82311,1,1289.344,753.2258,1290.423,753.8209
97.83183,1,1289.344,753.2258,1289.883,753.5233
97.84178,1,1289.344,753.2258,1289.614,753.3745
97.85549,1,1287.78,752.3839,1288.697,752.8792
97.86638,1,1287.78,752.3839,1288.238,752.6316
97.87483,1,1287.78,752.3839,1288.009,752.5078
97.88716,1,1286.247,750.8649,1287.128,751.6863
97.89667,1,1286.247,750.8649,1286.688,751.2756
97.90711,1,1286.247,750.8649,1286.467,751.0702
97.91711,1,1285.345,749.4804,1285.906,750.2753
97.92946,1,1285.345,749.4804,1285.626,749.8778
97.93781,1,1285.345,749.4804,1285.485,749.6791
97.94995,1,1283.678,748.2078,1284.582,748.9435
97.96044,1,1283.678,748.2078,1284.13,748.5757
97.97368,1,1281.959,746.7042,1283.044,747.6399
97.98354,1,1281.959,746.7042,1282.502,747.172
97.99409,1,1281.959,746.7042,1282.23,746.9381
98.0048,1,1279.956,745.3674,1281.093,746.1527
98.01485,1,1279.956,745.3674,1280.525,745.76
98.02684,1,1279.956,745.3674,1280.24,745.5637
98.03647,1,1278.375,743.3434,1279.308,744.4536
98.04893,1,1278.375,743.3434,1278.841,743.8986
98.05869,1,1278.375,743.3434,1278.608,743.621
98.06949,1,1276.114,741.6849,1277.361,742.653
98.08069,1,1276.114,741.6849,1276.738,742.1689
98.09226,1,1273.932,739.8336,1275.335,741.0013
98.10159,1,1273.932,739.8336,1274.633,740.4175
98.11442,1,1273.932,739.8336,1274.283,740.1255
98.12749,1,1271.766,737.7678,1273.024,738.9467
98.13412,1,1271.766,737.7678,1272.395,738.3572
98.14647,1,1271.766,737.7678,1272.081,738.0625
98.15515,1,1270.02,735.0481,1271.05,736.5553
98.16711,1,1270.02,735.0481,1270.535,735.8017
98.17768,1,1270.02,735.0481,1270.277,735.4249
98.18887,1,1268.103,732.1913,1269.19,733.8081
98.19995,1,1268.103,732.1913,1268.647,732.9998
98.21497,1,1265.632,729.6662,1267.139,731.333
98.22472,1,1265.632,729.6662,1266.386,730.4996
98.23562,1,1265.632,729.6662,1266.009,730.0829
98.2477,1,1263.78,727.1,1264.894,728.5914
98.2562,1,1263.78,727.1,1264.337,727.8457
98.26862,1,1263.78,727.1,1264.059,727.4729
98.28127,1,1262.213,725.251,1263.136,726.3619
98.29143,1,1262.213,725.251,1262.675,725.8065
98.30354,1,1260.186,723.1853,1261.43,724.4958
98.31417,1,1260.186,723.1853,1260.808,723.8406
98.32513,1,1260.186,723.1853,1260.497,723.5129
98.3365,1,1258.058,721.5233,1259.277,722.5181
98.34795,1,1258.058,721.5233,1258.668,722.0206
98.35736,1,1258.058,721.5233,1258.363,721.772
98.36929,1,1256.066,720.5369,1257.214,721.1544
98.37965,1,1256.066,720.5369,1256.64,720.8456
98.39123,1,1256.066,720.5369,1256.353,720.6913
98.40054,1,1254.148,719.6475,1255.25,720.1694
98.41215,1,1254.148,719.6475,1254.699,719.9084
98.42095,1,1254.148,719.6475,1254.424,719.778
98.43361,1,1251.735,718.5727,1253.079,719.1753
98.44464,1,1251.735,718.5727,1252.407,718.874
98.45265,1,1251.735,718.5727,1252.071,718.7234
98.46505,1,1249.016,717.7036,1250.543,718.2135
98.47367,1,1249.016,717.7036,1249.78,717.9586
98.48495,1,1246.527,716.3381,1248.153,717.1483
98.49528,1,1246.527,716.3381,1247.34,716.7432
98.50413,1,1246.527,716.3381,1246.934,716.5406
98.5141,1,1244.352,714.4405,1245.643,715.4906
98.52654,1,1244.352,714.4405,1244.998,714.9656
98.53617,1,1244.352,714.4405,1244.675,714.703
98.54985,1,1241.659,712.3696,1243.167,713.5363
98.55669,1,1241.659,712.3696,1242.413,712.953
98.56903,1,1241.659,712.3696,1242.036,712.6613
98.57854,1,1238.607,711.2627,1240.322,711.962
98.59033,1,1238.607,711.2627,1239.465,711.6124
98.60055,1,1238.607,711.2627,1239.036,711.4375
98.61288,1,1235.917,709.3576,1237.477,710.3976
98.6217,1,1235.917,709.3576,1236.697,709.8776
98.63361,1,1235.917,709.3576,1236.307,709.6176
98.64624,1,1233.046,707.6227,1234.676,708.6201
98.65547,1,1233.046,707.6227,1233.861,708.1214
98.66688,1,1230.522,705.5461,1232.191,706.8337
98.67712,1,1230.522,705.5461,1231.357,706.1899
98.68845,1,1230.522,705.5461,1230.939,705.868
98.69892,1,1228.401,703.0723,1229.67,704.4702
98.71017,1,1228.401,703.0723,1229.035,703.7712
98.71916,1,1228.401,703.0723,1228.718,703.4218
98.73165,1,1226.146,700.1462,1227.432,701.784
98.74371,1,1226.146,700.1462,1226.789,700.9651
98.75118,1,1226.146,700.1462,1226.468,700.5557
98.76181,1,1223.655,697.7667,1225.061,699.1612
98.77302,1,1223.655,697.7667,1224.358,698.464
98.7849,1,1223.655,697.7667,1224.007,698.1154
98.79487,1,1220.985,695.3658,1222.496,696.7406
98.8055,1,1220.985,695.3658,1221.74,696.0532
98.81597,1,1220.985,695.3658,1221.363,695.7095
98.82849,1,1218.051,693.2805,1219.707,694.495
98.8373,1,1218.051,693.2805,1218.879,693.8878
98.85005,1,1215.596,690.7934,1217.238,692.3406
98.85976,1,1215.596,690.7934,1216.417,691.567
98.87119,1,1215.596,690.7934,1216.007,691.1802
98.88103,1,1212.394,688.9777,1214.2,690.0789
98.89445,1,1212.394,688.9777,1213.297,689.5283
98.90115,1,1212.394,688.9777,1212.846,689.253
98.91405,1,1208.458,683.918,1210.652,686.5854
98.92328,1,1208.458,683.918,1209.555,685.2517
98.93373,1,1208.458,683.918,1209.006,684.5848
98.94639,1,1203.954,678.1461,1206.48,681.3655
98.95461,1,1203.954,678.1461,1205.217,679.7558
98.96658,1,1203.954,678.1461,1204.586,678.9509
98.97717,1,1200.392,672.2541,1202.489,675.6025
98.98824,1,1200.392,672.2541,1201.44,673.9283
98.9996,1,1196.059,666.6547,1198.75,670.2915
99.0116,1,1196.059,666.6547,1197.404,668.4731
99.0202,1,1196.059,666.6547,1196.731,667.5638
99.03297,1,1191.881,662.3467,1194.306,664.9553
99.04523,1,1191.881,662.3467,1193.094,663.651
99.05491,1,1191.881,662.3467,1192.487,662.9989
99.06756,1,1191.965,663.2487,1192.226,663.1238
99.07821,1,1191.965,663.2487,1192.096,663.1863
99.08961,1,1193.819,665.695,1192.958,664.4407
99.10007,1,1193.819,665.695,1193.388,665.0679
99.11317,1,1193.819,665.695,1193.604,665.3815
99.12375,1,1194.958,667.3303,1194.281,666.3559
99.13403,1,1194.958,667.3303,1194.619,666.8431
99.14618,1,1194.958,667.3303,1194.788,667.0867
99.15571,1,1195.658,668.324,1195.223,667.7053
99.16767,1,1195.658,668.324,1195.441,668.0146
99.17941,1,1196.033,668.7573,1195.737,668.386
99.19032,1,1196.033,668.7573,1195.885,668.5717
99.2009,1,1196.033,668.7573,1195.959,668.6644
99.21356,1,1196.403,669.1184,1196.181,668.8914
99.22407,1,1196.403,669.1184,1196.292,669.0049
99.23392,1,1196.403,669.1184,1196.347,669.0616
99.24637,1,1196.98,669.7845,1196.664,669.4231
99.256,1,1196.98,669.7845,1196.822,669.6038
99.26848,1,1196.98,669.7845,1196.901,669.6942
99.27953,1,1197.809,671.0093,1197.355,670.3518
99.29071,1,1197.809,671.0093,1197.582,670.6805
99.30171,1,1198.923,672.2719,1198.252,671.4762
99.31359,1,1198.923,672.2719,1198.587,671.874
99.32368,1,1198.923,672.2719,1198.755,672.073
99.33455,1,1200.119,673.6931,1199.437,672.8831
99.34787,1,1200.119,673.6931,1199.778,673.2881
99.35886,1,1200.119,673.6931,1199.949,673.4906
99.369,1,1201.332,675.5407,1200.641,674.5156
99.38045,1,1201.332,675.5407,1200.987,675.0282
99.39122,1,1203.152,677.4681,1202.069,676.2482
99.40023,1,1203.152,677.4681,1202.611,676.8582
99.41251,1,1203.152,677.4681,1202.882,677.1631
99.42125,1,1204.859,679.4132,1203.87,678.2881
99.43353,1,1204.859,679.4132,1204.365,678.8507
99.44518,1,1204.859,679.4132,1204.612,679.132
99.45543,1,1207.444,681.8282,1206.028,680.4801
99.46715,1,1207.444,681.8282,1206.736,681.1542
99.47815,1,1207.444,681.8282,1207.09,681.4912
99.48946,1,1209.218,684.3313,1208.154,682.9113
99.50105,1,1209.218,684.3313,1208.686,683.6213
99.51527,1,1211.683,687.3253,1210.184,685.4733
99.52412,1,1211.683,687.3253,1210.934,686.3993
99.53087,1,1211.683,687.3253,1211.308,686.8623
99.54425,1,1214.163,689.8168,1212.735,688.3395
99.55284,1,1214.163,689.8168,1213.449,689.0781
99.56708,1,1214.163,689.8168,1213.806,689.4474
99.57795,1,1215.703,692.7935,1214.754,691.1205
99.58836,1,1215.703,692.7935,1215.229,691.957
99.59834,1,1215.703,692.7935,1215.466,692.3752
99.61106,1,1217.619,695.0132,1216.542,693.6942
99.61953,1,1217.619,695.0132,1217.081,694.3537
99.63213,1,1219.311,697.0493,1218.196,695.7015
99.64713,1,1219.311,697.0493,1218.753,696.3754
99.65343,1,1219.311,697.0493,1219.032,696.7124
99.66508,1,1221.01,699.0904,1220.021,697.9014
99.67333,1,1221.01,699.0904,1220.516,698.4958
99.68597,1,1221.01,699.0904,1220.763,698.7931
99.69662,1,1222.646,700.7816,1221.704,699.7874
99.70725,1,1222.646,700.7816,1222.175,700.2845
99.71714,1,1222.646,700.7816,1222.41,700.5331
99.7295,1,1222.838,702.5413,1222.624,701.5372
99.73952,1,1222.838,702.5413,1222.731,702.0392
99.75146,1,1222.838,702.5413,1222.785,702.2902
99.76115,1,1187.808,722.7384,1205.296,712.5143
99.77396,1,1187.808,722.7384,1196.552,717.6263
99.78453,1,1093.915,768.6906,1145.234,743.1584
99.79456,1,1093.915,768.6906,1119.574,755.9246
99.80592,1,1093.915,768.6906,1106.745,762.3076
99.81626,1,1009.258,807.8231,1058.002,785.0654
99.82834,1,1009.258,807.8231,1033.63,796.4442
99.83801,1,1009.258,807.8231,1021.444,802.1337
99.85004,1,954.6849,835.6055,988.0646,818.8696
99.86001,1,954.6849,835.6055,971.3748,827.2375
99.8711,1,954.6849,835.6055,963.0298,831.4215
99.8817,1,921.2297,851.8265,942.1298,841.624
99.89494,1,921.2297,851.8265,931.6797,846.7253
99.90509,1,898.0433,860.243,914.8615,853.4841
99.91495,1,898.0433,860.243,906.4524,856.8635
99.92715,1,898.0433,860.243,902.2478,858.5532
99.93626,1,871.2793,866.39,886.7635,862.4716
99.94868,1,871.2793,866.39,879.0214,864.4308
99.96089,1,871.2793,866.39,875.1504,865.4104
99.97009,1,854.2964,870.6579,864.7234,868.0342
99.97915,1,854.2964,870.6579,859.5099,869.3461
99.98963,1,854.2964,870.6579,856.9032,870.002
99.99896,1,879.2397,869.7391,868.0715,869.8705
100.0129,1,879.2397,869.7391,873.6556,869.8048
100.0211,1,879.2397,869.7391,876.4477,869.772
100.0327,1,907.282,865.2994,891.8649,867.5357
100.0452,1,907.282,865.2994,899.5735,866.4176
100.0695,1,938.0705,857.0677,918.822,861.7427
100.076,1,938.0705,857.0677,928.4463,859.4052
100.0857,1,992.2307,842.9274,960.3385,851.1663
100.0978,1,992.2307,842.9274,976.2846,847.0469
100.1131,1,992.2307,842.9274,984.2577,844.9872
100.1216,1,1058.514,825.6055,1021.386,835.2964
100.1343,1,1058.514,825.6055,1039.95,830.4509
100.1445,1,1058.514,825.6055,1049.232,828.0282
100.1514,1,1127.53,800.3869,1088.381,814.2075
100.1643,1,1127.53,800.3869,1107.955,807.2972
100.1751,1,1127.53,800.3869,1117.742,803.842
100.1862,1,1178.903,779.5746,1148.323,791.7084
100.1972,1,1178.903,779.5746,1163.613,785.6415
100.2103,1,1212.89,765.584,1188.251,775.6128
100.2193,1,1212.89,765.584,1200.571,770.5984
100.2325,1,1212.89,765.584,1206.73,768.0912
100.2463,1,1233.518,756.5922,1220.124,762.3417
100.2523,1,1233.518,756.5922,1226.821,759.4669
100.2648,1,1233.518,756.5922,1230.17,758.0295
100.2736,1,1245.686,751.0715,1237.928,754.5505
100.2873,1,1245.686,751.0715,1241.807,752.811
100.2973,1,1254.689,747.2417,1248.248,750.0264
100.3086,1,1254.689,747.2417,1251.469,748.634
100.3182,1,1254.689,747.2417,1253.079,747.9379
100.3314,1,1266.033,745.5847,1259.556,746.7612
100.3443,1,1266.033,745.5847,1262.795,746.173
100.3514,1,1266.033,745.5847,1264.414,745.8788
100.364,1,1274.538,745.7544,1269.476,745.8166
100.3763,1,1274.538,745.7544,1272.007,745.7855
100.387,1,1279.837,746.3381,1275.922,746.0618
100.3978,1,1279.837,746.3381,1277.879,746.2
100.411,1,1279.837,746.3381,1278.858,746.269
100.4216,1,1283.366,746.7577,1281.112,746.5134
100.432,1,1283.366,746.7577,1282.239,746.6355
100.444,1,1283.366,746.7577,1282.802,746.6966
100.4534,1,1286.339,746.3599,1284.571,746.5283
100.4652,1,1286.339,746.3599,1285.455,746.4441
100.4771,1,1286.339,746.3599,1285.897,746.402
100.4871,1,1288.789,746.1183,1287.343,746.2601
100.4965,1,1288.789,746.1183,1288.066,746.1892
100.5095,1,1290.507,745.429,1289.286,745.8091
100.5194,1,1290.507,745.429,1289.897,745.619
100.531,1,1290.507,745.429,1290.202,745.524
100.5411,1,1291.506,745.5886,1290.854,745.5563
100.5524,1,1291.506,745.5886,1291.18,745.5724
100.565,1,1291.506,745.5886,1291.343,745.5804
100.5754,1,1292.773,746.15,1292.058,745.8652
100.5866,1,1292.773,746.15,1292.416,746.0076
100.5968,1,1292.773,746.15,1292.594,746.0787
100.6097,1,1294.333,746.5554,1293.464,746.317
100.6185,1,1294.333,746.5554,1293.899,746.4362
100.631,1,1295.532,747.6079,1294.715,747.022
100.6391,1,1295.532,747.6079,1295.123,747.3149
100.651,1,1295.532,747.6079,1295.327,747.4614
100.661,1,1296.632,748.6612,1295.979,748.0613
100.6728,1,1296.632,748.6612,1296.306,748.3612
100.6811,1,1296.632,748.6612,1296.469,748.5112
100.6937,1,1297.53,749.7896,1296.999,749.1504
100.704,1,1297.53,749.7896,1297.265,749.47
100.714,1,1297.53,749.7896,1297.397,749.6298
100.7272,1,1298.753,751.1078,1298.075,750.3688
100.7353,1,1298.753,751.1078,1298.414,750.7383
100.7476,1,1298.753,751.1078,1298.584,750.923
100.7573,1,1300.015,752.4031,1299.3,751.6631
100.7704,1,1300.015,752.4031,1299.657,752.0331
100.78,1,1301.205,753.9139,1300.431,752.9735
100.7934,1,1301.205,753.9139,1300.818,753.4437
100.8052,1,1301.205,753.9139,1301.012,753.6788
100.814,1,1302.285,755.639,1301.649,754.6589
100.8263,1,1302.285,755.639,1301.967,755.149
100.8363,1,1302.285,755.639,1302.126,755.394
100.8486,1,1303.459,757.2816,1302.792,756.3378
100.8591,1,1303.459,757.2816,1303.125,756.8097
100.8698,1,1303.459,757.2816,1303.292,757.0457
100.8809,1,1304.131,759.2385,1303.711,758.1421
100.8924,1,1304.131,759.2385,1303.921,758.6903
100.9031,1,1305.771,761.3682,1304.846,760.0292
100.914,1,1305.771,761.3682,1305.308,760.6987
100.9277,1,1305.771,761.3682,1305.54,761.0334
100.9371,1,1307.988,763.8198,1306.764,762.4266
100.9497,1,1307.988,763.8198,1307.376,763.1232
100.9593,1,1307.988,763.8198,1307.682,763.4716
100.97,1,1309.854,766.1591,1308.768,764.8153
100.9798,1,1309.854,766.1591,1309.311,765.4872
100.9907,1,1309.854,766.1591,1309.582,765.8231
100.9994,1,1311.543,768.7887,1310.563,767.3059
101.0124,1,1311.543,768.7887,1311.052,768.0473
101.0209,1,1311.543,768.7887,1311.298,768.418
101.035,1,1313.397,771.0767,1312.347,769.7473
101.0454,1,1313.397,771.0767,1312.872,770.412
101.054,1,1315.587,773.0988,1314.23,771.7554
101.066,1,1315.587,773.0988,1314.909,772.4271
101.078,1,1315.587,773.0988,1315.248,772.7629
101.0887,1,1317.12,775.35,1316.184,774.0565
101.0993,1,1317.12,775.35,1316.652,774.7032
101.1131,1,1319.174,777.5043,1317.913,776.1038
101.1211,1,1319.174,777.5043,1318.543,776.804
101.1342,1,1319.174,777.5043,1318.859,777.1542
101.145,1,1321.727,779.9836,1320.293,778.5689
101.1552,1,1321.727,779.9836,1321.01,779.2762
101.166,1,1321.727,779.9836,1321.368,779.6299
101.1768,1,1323.733,782.6014,1322.55,781.1157
101.1872,1,1323.733,782.6014,1323.141,781.8586
101.1973,1,1323.733,782.6014,1323.437,782.23
101.2109,1,1325.677,785.6605,1324.557,783.9452
101.2203,1,1325.677,785.6605,1325.117,784.8029
101.2325,1,1325.677,785.6605,1325.397,785.2317
101.2457,1,1327.696,788.4285,1326.546,786.8301
101.2544,1,1327.696,788.4285,1327.121,787.6293
101.2658,1,1329.89,791.8004,1328.505,789.7148
101.2776,1,1329.89,791.8004,1329.198,790.7576
101.2882,1,1329.89,791.8004,1329.544,791.2791
101.2983,1,1332.244,793.3781,1330.894,792.3286
101.3095,1,1332.244,793.3781,1331.569,792.8533
101.3186,1,1332.244,793.3781,1331.906,793.1157
101.3305,1,1334.222,795.1176,1333.064,794.1166
101.3416,1,1334.222,795.1176,1333.643,794.6171
101.3516,1,1334.222,795.1176,1333.932,794.8674
101.3637,1,1335.85,797.1455,1334.891,796.0065
101.3763,1,1335.85,797.1455,1335.37,796.576
101.3853,1,1337.718,798.6084,1336.544,797.5922
101.3952,1,1337.718,798.6084,1337.131,798.1003
101.4071,1,1337.718,798.6084,1337.425,798.3544
101.4152,1,1341.748,800.1654,1339.586,799.2599
101.4284,1,1341.748,800.1654,1340.667,799.7126
101.4361,1,1341.748,800.1654,1341.208,799.939
101.4482,1,1346.254,803.0074,1343.731,801.4733
101.46,1,1346.254,803.0074,1344.993,802.2404
101.4705,1,1346.254,803.0074,1345.624,802.6239
101.4803,1,1349.85,805.4614,1347.737,804.0427
101.4948,1,1349.85,805.4614,1348.793,804.7521
101.5018,1,1349.85,805.4614,1349.322,805.1068
101.5137,1,1352.969,806.8254,1351.145,805.9661
101.5244,1,1352.969,806.8254,1352.057,806.3958
101.534,1,1352.969,806.8254,1352.513,806.6106
101.5474,1,1355.567,808.0411,1354.04,807.3259
101.5575,1,1355.567,808.0411,1354.803,807.6835
101.5686,1,1358.169,809.6301,1356.486,808.6568
101.5791,1,1358.169,809.6301,1357.328,809.1434
101.5895,1,1358.169,809.6301,1357.749,809.3868
101.6002,1,1360.388,810.4689,1359.068,809.9279
101.6127,1,1360.388,810.4689,1359.728,810.1984
101.622,1,1360.388,810.4689,1360.058,810.3336
101.6335,1,1362.33,811.6645,1361.194,810.999
101.6447,1,1362.33,811.6645,1361.762,811.3318
101.654,1,1362.33,811.6645,1362.046,811.4982
101.6662,1,1363.993,812.7094,1363.02,812.1038
101.676,1,1363.993,812.7094,1363.507,812.4066
101.686,1,1365.335,813.484,1364.421,812.9453
101.696,1,1365.335,813.484,1364.878,813.2147
101.7097,1,1365.335,813.484,1365.106,813.3494
101.7184,1,1367.235,814.912,1366.17,814.1307
101.7304,1,1367.235,814.912,1366.703,814.5214
101.7387,1,1367.235,814.912,1366.969,814.7167
101.7513,1,1368.764,815.8221,1367.866,815.2694
101.7634,1,1368.764,815.8221,1368.315,815.5458
101.7718,1,1368.764,815.8221,1368.54,815.684
101.7857,1,1370.673,816.7673,1369.606,816.2256
101.7958,1,1370.673,816.7673,1370.139,816.4965
101.8072,1,1372.665,818.3212,1371.402,817.4088
101.8165,1,1372.665,818.3212,1372.034,817.865
101.8294,1,1372.665,818.3212,1372.35,818.0931
101.8379,1,1374.982,819.5447,1373.666,818.8189
101.8506,1,1374.982,819.5447,1374.324,819.1818
101.8607,1,1374.982,819.5447,1374.653,819.3632
101.8735,1,1377.527,820.9787,1376.09,820.171
101.8843,1,1377.527,820.9787,1376.809,820.5748
101.8951,1,1377.527,820.9787,1377.168,820.7767
101.9095,1,1379.49,822.2695,1378.329,821.5231
101.9179,1,1379.49,822.2695,1378.909,821.8962
101.9304,1,1381.361,823.9703,1380.135,822.9333
101.9407,1,1381.361,823.9703,1380.748,823.4518
101.9518,1,1381.361,823.9703,1381.055,823.7111
101.9618,1,1382.998,825.431,1382.026,824.571
101.9729,1,1382.998,825.431,1382.512,825.001
101.9843,1,1382.998,825.431,1382.755,825.2159
101.9941,1,1384.692,826.91,1383.723,826.063
102.0062,1,1384.692,826.91,1384.208,826.4865
102.0161,1,1384.692,826.91,1384.449,826.6982
102.0284,1,1385.902,828.1859,1385.176,827.4421
102.039,1,1385.902,828.1859,1385.539,827.814
102.0487,1,1386.928,829.2082,1386.233,828.5111
102.0593,1,1386.928,829.2082,1386.581,828.8596
102.07,1,1386.928,829.2082,1386.754,829.0339
102.0795,1,1387.612,830.3485,1387.183,829.6912
102.0899,1,1387.612,830.3485,1387.398,830.0199
102.1005,1,1387.612,830.3485,1387.505,830.1842
102.1133,1,1388.523,831.5015,1388.014,830.8429
102.1241,1,1388.523,831.5015,1388.269,831.1722
102.1347,1,1388.523,831.5015,1388.396,831.3369
102.1498,1,1389.502,832.384,1388.949,831.8605
102.159,1,1389.502,832.384,1389.226,832.1223
102.1696,1,1390.5,833.183,1389.863,832.6526
102.1794,1,1390.5,833.183,1390.181,832.9178
102.1899,1,1390.5,833.183,1390.341,833.0504
102.2035,1,1391.559,833.894,1390.95,833.4722
102.2128,1,1391.559,833.894,1391.255,833.6831
102.2246,1,1391.559,833.894,1391.407,833.7886
102.234,1,1391.522,833.517,1391.465,833.6528
102.2463,1,1391.522,833.517,1391.493,833.585
102.257,1,1391.522,833.517,1391.508,833.551
102.2705,1,1390.662,832.2248,1391.085,832.8879
102.2798,1,1390.662,832.2248,1390.873,832.5564
102.2928,1,1390.006,831.0961,1390.44,831.8262
102.3017,1,1390.006,831.0961,1390.223,831.4612
102.3127,1,1390.006,831.0961,1390.115,831.2786
102.3237,1,1388.751,829.2057,1389.433,830.2422
102.3336,1,1388.751,829.2057,1389.092,829.724
102.3455,1,1388.751,829.2057,1388.922,829.4648
102.3543,1,1387.396,827.6017,1388.159,828.5333
102.3675,1,1387.396,827.6017,1387.778,828.0675
102.3788,1,1387.396,827.6017,1387.587,827.8346
102.3911,1,1385.473,825.2782,1386.53,826.5564
102.4006,1,1385.473,825.2782,1386.002,825.9173
102.4133,1,1383.677,822.8651,1384.84,824.3912
102.4237,1,1383.677,822.8651,1384.258,823.6282
102.4326,1,1383.677,822.8651,1383.968,823.2466
102.4456,1,1382.292,820.0994,1383.13,821.673
102.4552,1,1382.292,820.0994,1382.711,820.8862
102.4683,1,1382.292,820.0994,1382.502,820.4928
102.4792,1,1381.141,817.9565,1381.821,819.2246
102.4924,1,1381.141,817.9565,1381.481,818.5906
102.5044,1,1379.569,816.0593,1380.525,817.325
102.5141,1,1379.569,816.0593,1380.047,816.6921
102.5262,1,1379.569,816.0593,1379.808,816.3757
102.5348,1,1378.193,814.8846,1379.001,815.6302
102.5473,1,1378.193,814.8846,1378.597,815.2574
102.5572,1,1378.193,814.8846,1378.395,815.071
102.5679,1,1376.762,813.3383,1377.579,814.2047
102.5779,1,1376.762,813.3383,1377.171,813.7715
102.5889,1,1376.762,813.3383,1376.967,813.5549
102.5973,1,1375.54,812.5187,1376.253,813.0369
102.6099,1,1375.54,812.5187,1375.897,812.7778
102.6199,1,1375.54,812.5187,1375.719,812.6483
102.6325,1,1374.556,811.8187,1375.137,812.2335
102.6417,1,1374.556,811.8187,1374.847,812.0261
102.6524,1,1373.246,811.8251,1374.046,811.9256
102.6641,1,1373.246,811.8251,1373.646,811.8754
102.6831,1,1370.767,810.1765,1372.206,811.0259
102.6897,1,1370.767,810.1765,1371.487,810.6012
102.6967,1,1370.767,810.1765,1371.127,810.3888
102.7097,1,1370.767,810.1765,1370.947,810.2826
102.7186,1,1367.442,807.308,1369.194,808.7953
102.7313,1,1367.442,807.308,1368.318,808.0516
102.7395,1,1367.442,807.308,1367.88,807.6798
102.7524,1,1364.867,804.914,1366.373,806.2969
102.7653,1,1364.867,804.914,1365.62,805.6055
102.777,1,1362.684,802.424,1364.152,804.0147
102.7874,1,1362.684,802.424,1363.418,803.2194
102.7982,1,1362.684,802.424,1363.051,802.8217
102.8094,1,1360.56,799.9828,1361.805,801.4022
102.8191,1,1360.56,799.9828,1361.183,800.6925
102.8316,1,1360.56,799.9828,1360.871,800.3376
102.8418,1,1357.724,798.121,1359.297,799.2293
102.8531,1,1357.724,798.121,1358.51,798.6752
102.8646,1,1355.163,796.5271,1356.837,797.6011
102.8765,1,1355.163,796.5271,1356,797.0641
102.8874,1,1355.163,796.5271,1355.581,796.7956
102.8975,1,1353.181,794.8474,1354.381,795.8215
102.9096,1,1353.181,794.8474,1353.781,795.3345
102.9183,1,1353.181,794.8474,1353.481,795.0909
102.9302,1,1351.025,793.395,1352.253,794.2429
102.941,1,1351.025,793.395,1351.639,793.819
102.9518,1,1351.025,793.395,1351.332,793.6069
102.9642,1,1348.885,791.4949,1350.109,792.5509
102.9728,1,1348.885,791.4949,1349.497,792.0229
102.9852,1,1346.45,789.5797,1347.973,790.8013
102.997,1,1346.45,789.5797,1347.211,790.1904
103.0067,1,1346.45,789.5797,1346.831,789.885
103.0157,1,1344.409,787.9927,1345.62,788.9388
103.0288,1,1344.409,787.9927,1345.014,788.4658
103.0386,1,1344.409,787.9927,1344.712,788.2292
103.051,1,1343.054,786.1699,1343.883,787.1996
103.0613,1,1343.054,786.1699,1343.468,786.6847
103.0714,1,1343.054,786.1699,1343.261,786.4272
103.0842,1,1341.236,784.7784,1342.249,785.6028
103.0939,1,1341.236,784.7784,1341.742,785.1907
103.1047,1,1341.236,784.7784,1341.489,784.9846
103.1153,1,1339.359,783.2598,1340.424,784.1222
103.1279,1,1339.359,783.2598,1339.892,783.691
103.1358,1,1339.359,783.2598,1339.625,783.4755
103.1489,1,1337.801,781.4755,1338.713,782.4755
103.1602,1,1337.801,781.4755,1338.257,781.9755
103.1713,1,1335.982,779.8099,1337.12,780.8927
103.1834,1,1335.982,779.8099,1336.551,780.3513
103.1961,1,1335.982,779.8099,1336.267,780.0806
103.2087,1,1334.089,778.2862,1335.178,779.1833
103.2173,1,1334.089,778.2862,1334.634,778.7347
103.2295,1,1332.252,776.606,1333.443,777.6703
103.2391,1,1332.252,776.606,1332.847,777.1382
103.2513,1,1332.252,776.606,1332.549,776.8721
103.2612,1,1330.578,774.4355,1331.564,775.6538
103.2719,1,1330.578,774.4355,1331.071,775.0447
103.2832,1,1330.578,774.4355,1330.824,774.7401
103.293,1,1328.824,772.4465,1329.824,773.5933
103.3058,1,1328.824,772.4465,1329.324,773.0199
103.3159,1,1328.824,772.4465,1329.074,772.7332
103.3287,1,1326.893,770.6597,1327.984,771.6964
103.3373,1,1326.893,770.6597,1327.439,771.178
103.3481,1,1325.235,768.213,1326.337,769.6956
103.3587,1,1325.235,768.213,1325.786,768.9543
103.3681,1,1325.235,768.213,1325.511,768.5836
103.3786,1,1323.17,766.1049,1324.34,767.3442
103.3889,1,1323.17,766.1049,1323.755,766.7246
103.3997,1,1323.17,766.1049,1323.463,766.4148
103.4127,1,1319.146,762.778,1321.304,764.5964
103.4207,1,1319.146,762.778,1320.225,763.6873
103.4332,1,1319.146,762.778,1319.686,763.2327
103.4445,1,1314.135,758.8434,1316.911,761.038
103.4536,1,1314.135,758.8434,1315.523,759.9407
103.4664,1,1314.135,758.8434,1314.829,759.392
103.4763,1,1309.24,754.3163,1312.034,756.8541
103.4872,1,1309.24,754.3163,1310.637,755.5852
103.4984,1,1304.254,750.7504,1307.445,753.1678
103.512,1,1304.254,750.7504,1305.85,751.9591
103.5213,1,1304.254,750.7504,1305.052,751.3547
103.5339,1,1299.385,747.4748,1302.218,749.4148
103.5448,1,1299.385,747.4748,1300.802,748.4448
103.5549,1,1299.385,747.4748,1300.093,747.9598
103.5662,1,1295.314,744.1194,1297.704,746.0397
103.576,1,1295.314,744.1194,1296.509,745.0796
103.587,1,1295.314,744.1194,1295.912,744.5995
103.5979,1,1292.252,741.3297,1294.082,742.9646
103.6104,1,1292.252,741.3297,1293.167,742.1472
103.6185,1,1292.252,741.3297,1292.71,741.7384
103.6306,1,1289.096,738.8984,1290.903,740.3184
103.6434,1,1289.096,738.8984,1289.999,739.6084
103.6517,1,1286.4,737.5498,1288.2,738.5791
103.6647,1,1286.4,737.5498,1287.3,738.0645
103.6745,1,1286.4,737.5498,1286.85,737.8071
103.6858,1,1283.356,736.3508,1285.103,737.079
103.696,1,1283.356,736.3508,1284.23,736.7148
103.7085,1,1283.356,736.3508,1283.793,736.5328
103.7166,1,1280.366,734.7061,1282.08,735.6194
103.7286,1,1280.366,734.7061,1281.223,735.1627
103.7374,1,1280.366,734.7061,1280.794,734.9344
103.7497,1,1278.482,733.102,1279.638,734.0182
103.7596,1,1278.482,733.102,1279.06,733.5601
103.7714,1,1276.994,731.3354,1278.027,732.4478
103.7797,1,1276.994,731.3354,1277.51,731.8916
103.7921,1,1276.994,731.3354,1277.252,731.6135
103.8003,1,1274.87,729.7813,1276.061,730.6974
103.8131,1,1274.87,729.7813,1275.466,730.2393
103.8239,1,1274.87,729.7813,1275.168,730.0103
103.8333,1,1272.622,728.6245,1273.895,729.3174
103.8457,1,1272.622,728.6245,1273.259,728.9709
103.8551,1,1272.622,728.6245,1272.94,728.7977
103.8701,1,1270.712,727.1854,1271.826,727.9916
103.8797,1,1270.712,727.1854,1271.269,727.5885
103.891,1,1270.712,727.1854,1270.99,727.387
103.9001,1,1268.786,725.8254,1269.888,726.6062
103.9131,1,1268.786,725.8254,1269.337,726.2158
103.9236,1,1267.031,724.5112,1268.184,725.3635
103.9345,1,1267.031,724.5112,1267.607,724.9374
103.9465,1,1267.031,724.5112,1267.319,724.7242
103.9551,1,1265.56,722.9714,1266.439,723.8478
103.968,1,1265.56,722.9714,1266,723.4097
103.9785,1,1265.56,722.9714,1265.78,723.1906
103.9882,1,1264.171,721.758,1264.975,722.4742
103.9986,1,1264.171,721.758,1264.573,722.1161
104.0112,1,1264.171,721.758,1264.372,721.937
104.024,1,1262.515,720.8271,1263.443,721.3821
104.0321,1,1262.515,720.8271,1262.979,721.1046
104.0449,1,1260.984,719.9445,1261.981,720.5245
104.0563,1,1260.984,719.9445,1261.483,720.2345
104.0672,1,1260.984,719.9445,1261.233,720.0895
104.0782,1,1259.813,719.3839,1260.523,719.7367
104.0897,1,1259.813,719.3839,1260.168,719.5603
104.0992,1,1259.813,719.3839,1259.99,719.472
104.1131,1,1258.788,718.3607,1259.389,718.9164
104.121,1,1258.788,718.3607,1259.088,718.6385
104.1337,1,1257.432,717.4606,1258.26,718.0496
104.1465,1,1257.432,717.4606,1257.846,717.7551
104.1548,1,1257.432,717.4606,1257.639,717.6079
104.1666,1,1256.15,716.5504,1256.894,717.0792
104.1779,1,1256.15,716.5504,1256.522,716.8148
104.1885,1,1256.15,716.5504,1256.336,716.6826
104.1992,1,1254.834,715.8585,1255.585,716.2706
104.2116,1,1254.834,715.8585,1255.209,716.0646
104.2209,1,1254.834,715.8585,1255.022,715.9615
104.2346,1,1253.25,714.9102,1254.136,715.4359
104.2455,1,1253.25,714.9102,1253.693,715.173
104.255,1,1251.352,713.9663,1252.522,714.5696
104.2676,1,1251.352,713.9663,1251.937,714.2679
104.2777,1,1251.352,713.9663,1251.645,714.1171
104.2895,1,1250.126,713.2322,1250.885,713.6747
104.2998,1,1250.126,713.2322,1250.506,713.4534
104.3133,1,1250.126,713.2322,1250.316,713.3428
104.3247,1,1248.641,712.5294,1249.478,712.9361
104.3356,1,1248.641,712.5294,1249.06,712.7328
104.3476,1,1247.153,711.1343,1248.106,711.9335
104.3591,1,1247.153,711.1343,1247.629,711.5339
104.3692,1,1247.153,711.1343,1247.391,711.3341
104.3793,1,1245.228,709.4869,1246.31,710.4105
104.3925,1,1245.228,709.4869,1245.769,709.9487
104.4013,1,1245.228,709.4869,1245.499,709.7178
104.4125,1,1243.218,708.37,1244.358,709.0439
104.4243,1,1243.218,708.37,1243.788,708.7069
104.4341,1,1243.218,708.37,1243.503,708.5385
104.4448,1,1241.811,707.5728,1242.657,708.0556
104.4539,1,1241.811,707.5728,1242.234,707.8142
104.4663,1,1240.473,705.978,1241.353,706.8961
104.4767,1,1240.473,705.978,1240.913,706.437
104.4891,1,1240.473,705.978,1240.693,706.2075
104.4995,1,1238.984,705.2656,1239.838,705.7366
104.5113,1,1238.984,705.2656,1239.411,705.5011
104.5218,1,1238.984,705.2656,1239.197,705.3833
104.532,1,1237.902,704.0338,1238.55,704.7085
104.5431,1,1237.902,704.0338,1238.226,704.3711
104.5523,1,1237.902,704.0338,1238.064,704.2024
104.5645,1,1236.445,702.9937,1237.254,703.598
104.5749,1,1236.445,702.9937,1236.849,703.2959
104.5861,1,1235.157,701.8946,1236.003,702.5952
104.5956,1,1235.157,701.8946,1235.58,702.2449
104.6073,1,1235.157,701.8946,1235.369,702.0697
104.6178,1,1233.682,700.6927,1234.525,701.3812
104.6309,1,1233.682,700.6927,1234.104,701.037
104.6393,1,1233.682,700.6927,1233.893,700.8649
104.6515,1,1232.358,699.019,1233.125,699.9419
104.6631,1,1232.358,699.019,1232.742,699.4805
104.6718,1,1232.358,699.019,1232.55,699.2498
104.6831,1,1231.306,697.5219,1231.928,698.3858
104.6947,1,1231.306,697.5219,1231.617,697.9539
104.7056,1,1231.306,697.5219,1231.462,697.7379
104.7165,1,1229.789,696.0112,1230.625,696.8745
104.7324,1,1229.789,696.0112,1230.207,696.4429
104.7454,1,1228.721,694.2405,1229.464,695.3417
104.7557,1,1228.721,694.2405,1229.093,694.7911
104.768,1,1227.012,692.442,1228.052,693.6166
104.7744,1,1227.012,692.442,1227.532,693.0293
104.7845,1,1227.012,692.442,1227.272,692.7357
104.7961,1,1227.012,692.442,1227.142,692.5889
104.8071,1,1225.753,690.7846,1226.448,691.6868
104.8171,1,1225.753,690.7846,1226.101,691.2357
104.8286,1,1224.704,688.3544,1225.402,689.795
104.8402,1,1224.704,688.3544,1225.053,689.0747
104.8504,1,1224.704,688.3544,1224.878,688.7146
104.862,1,1223.591,685.4984,1224.234,687.1064
104.8724,1,1223.591,685.4984,1223.913,686.3024
104.8836,1,1223.591,685.4984,1223.752,685.9004
104.895,1,1222.59,683.3712,1223.171,684.6357
104.9059,1,1222.59,683.3712,1222.88,684.0034
104.9158,1,1222.59,683.3712,1222.735,683.6873
104.9298,1,1221.689,682.2454,1222.212,682.9663
104.938,1,1221.689,682.2454,1221.951,682.6058
104.9511,1,1220.943,681.6167,1221.447,682.1113
104.961,1,1220.943,681.6167,1221.195,681.864
104.971,1,1220.943,681.6167,1221.069,681.7404
104.9818,1,1220.685,680.7032,1220.877,681.2218
104.9947,1,1220.685,680.7032,1220.781,680.9625
105.0037,1,1220.685,680.7032,1220.733,680.8329
105.014,1,1219.816,679.6318,1220.275,680.2324
105.0264,1,1219.816,679.6318,1220.045,679.9321
105.0357,1,1219.816,679.6318,1219.931,679.782
105.0482,1,1218.98,678.4276,1219.455,679.1048
105.0632,1,1218.98,678.4276,1219.218,678.7662
105.0733,1,1218.253,677.2975,1218.735,678.0319
105.0833,1,1218.253,677.2975,1218.494,677.6647
105.0928,1,1218.253,677.2975,1218.373,677.4811
105.1043,1,1217.935,676.0186,1218.154,676.7498
105.1167,1,1217.935,676.0186,1218.045,676.3842
105.1284,1,1217.935,676.0186,1217.99,676.2014
105.1376,1,1217.425,675.2786,1217.708,675.74
105.1495,1,1217.425,675.2786,1217.566,675.5093
105.1613,1,1216.985,674.7571,1217.276,675.1332
105.1728,1,1216.985,674.7571,1217.13,674.9452
105.1828,1,1216.985,674.7571,1217.058,674.8512
105.1927,1,1216.814,674.2103,1216.936,674.5308
105.2031,1,1216.814,674.2103,1216.875,674.3705
105.2142,1,1216.814,674.2103,1216.845,674.2904
105.2275,1,1217.491,673.7209,1217.168,674.0057
105.2372,1,1217.491,673.7209,1217.329,673.8633
105.2488,1,1217.491,673.7209,1217.41,673.7921
105.2616,1,1218.672,673.5976,1218.041,673.6948
105.2741,1,1218.672,673.5976,1218.356,673.6462
105.2867,1,1219.932,673.9006,1219.144,673.7734
105.295,1,1219.932,673.9006,1219.538,673.837
105.3065,1,1219.932,673.9006,1219.735,673.8688
105.3168,1,1221.043,674.0944,1220.389,673.9816
105.3298,1,1221.043,674.0944,1220.716,674.038
105.3379,1,1221.043,674.0944,1220.88,674.0662
105.3513,1,1222.014,674.1262,1221.447,674.0962
105.3631,1,1222.014,674.1262,1221.73,674.1112
105.3728,1,1224.393,659.0015,1223.062,666.5564
105.3849,1,1224.393,659.0015,1223.728,662.7789
105.3963,1,1224.393,659.0015,1224.061,660.8903
105.4094,1,1240.7,504.2496,1232.38,582.5699
105.4178,1,1240.7,504.2496,1236.54,543.4098
105.4304,1,1240.7,504.2496,1238.62,523.8297
105.4401,1,1262.01,315.4308,1250.315,419.6303
105.4513,1,1262.01,315.4308,1256.162,367.5306
105.4612,1,1262.01,315.4308,1259.086,341.4807
105.4734,1,1274.807,217.7021,1266.947,279.5914
105.4844,1,1274.807,217.7021,1270.877,248.6467
105.4945,1,1280.033,172.4373,1275.455,210.542
105.5059,1,1280.033,172.4373,1277.744,191.4897
105.5171,1,1280.033,172.4373,1278.889,181.9635
105.5284,1,1282.33,155.149,1280.609,168.5563
105.537,1,1282.33,155.149,1281.47,161.8527
105.5492,1,1282.33,155.149,1281.9,158.5009
105.5587,1,1275.875,157.9814,1278.888,158.2411
105.5698,1,1275.875,157.9814,1277.382,158.1113
105.578,1,1275.875,157.9814,1276.628,158.0463
105.5896,1,1272.134,166.9863,1274.381,162.5163
105.5993,1,1272.134,166.9863,1273.257,164.7513
105.6112,1,1272.134,166.9863,1272.696,165.8688
105.6205,1,1267.951,171.2447,1270.323,168.5568
105.6331,1,1267.951,171.2447,1269.137,169.9007
105.6458,1,1267.005,172.5398,1268.071,171.2203
105.6556,1,1267.005,172.5398,1267.538,171.88
105.6675,1,1267.005,172.5398,1267.271,172.2099
105.6774,1,1265.811,172.7059,1266.541,172.4579
105.6889,1,1265.811,172.7059,1266.176,172.5819
105.6987,1,1265.811,172.7059,1265.993,172.6439
105.7103,1,1266.139,171.4362,1266.066,172.0401
105.7187,1,1266.139,171.4362,1266.102,171.7381
105.7313,1,1266.139,171.4362,1266.12,171.5872
105.7414,1,1266.578,170.2422,1266.349,170.9147
105.7526,1,1266.578,170.2422,1266.463,170.5785
105.7646,1,1265.496,172.0426,1265.979,171.3105
105.7763,1,1265.496,172.0426,1265.738,171.6765
105.787,1,1265.496,172.0426,1265.617,171.8596
105.7952,1,1263.64,172.61,1264.629,172.2348
105.8059,1,1263.64,172.61,1264.135,172.4224
105.8167,1,1263.64,172.61,1263.887,172.5162
105.8296,1,1261.712,173.246,1262.8,172.8811
105.8388,1,1261.712,173.246,1262.256,173.0635
105.8526,1,1261.712,173.246,1261.984,173.1547
105.8636,1,1260.526,173.568,1261.255,173.3614
105.8728,1,1260.526,173.568,1260.891,173.4647
105.8853,1,1259.815,174.0287,1260.353,173.7467
105.8957,1,1259.815,174.0287,1260.084,173.8877
105.9066,1,1259.815,174.0287,1259.949,173.9582
105.9168,1,1259.204,174.2214,1259.577,174.0898
105.9295,1,1259.204,174.2214,1259.391,174.1556
105.9383,1,1259.204,174.2214,1259.297,174.1885
105.9504,1,1258.543,174.1189,1258.92,174.1537
105.9603,1,1258.543,174.1189,1258.732,174.1363
105.9713,1,1258.543,174.1189,1258.637,174.1276
105.9835,1,1258.025,174.1022,1258.331,174.1149
105.9964,1,1258.025,174.1022,1258.178,174.1086
106.0041,1,1258.025,174.1022,1258.102,174.1054
106.0147,1,1259.972,177.933,1259.037,176.0192
106.0292,1,1259.972,177.933,1259.505,176.9761
106.0382,1,1300.577,273.6187,1280.041,225.2974
106.0503,1,1300.577,273.6187,1290.309,249.458
106.0605,1,1300.577,273.6187,1295.443,261.5383
106.0719,1,1425.295,501.5323,1360.369,381.5353
106.0833,1,1425.295,501.5323,1392.832,441.5338
106.0937,1,1425.295,501.5323,1409.063,471.5331
106.1056,1,1508.454,650.1484,1458.759,560.8407
106.1151,1,1508.454,650.1484,1483.606,605.4945
106.1272,1,1543.712,717.1463,1513.659,661.3204
106.1374,1,1543.712,717.1463,1528.686,689.2334
106.1527,1,1543.712,717.1463,1536.199,703.1898
106.1675,1,1557.767,747.9022,1546.983,725.546
106.1759,1,1557.767,747.9022,1552.375,736.7241
106.1862,1,1557.767,747.9022,1555.071,742.3132
106.197,1,1561.866,763.6896,1558.468,753.0014
106.2059,1,1561.866,763.6896,1560.167,758.3455
106.2164,1,1561.866,763.6896,1561.016,761.0176
106.2289,1,1560.65,771.9265,1560.833,766.472
106.2379,1,1560.65,771.9265,1560.742,769.1993
106.2497,1,1568.568,784.4803,1564.655,776.8398
106.2608,1,1568.568,784.4803,1566.612,780.6601
106.2725,1,1568.568,784.4803,1567.59,782.5702
106.2834,1,1573.589,797.2983,1570.589,789.9343
106.3117,1,1575.398,805.0042,1572.994,797.4692
106.3181,1,1575.398,805.0042,1574.196,801.2367
106.3282,1,1575.398,805.0042,1574.797,803.1204
106.3354,1,1575.398,805.0042,1575.097,804.0623
106.3473,1,1576.209,812.8436,1575.653,808.4529
106.3597,1,1576.209,812.8436,1575.931,810.6483
106.3694,1,1576.36,819.3087,1576.146,814.9785
106.379,1,1576.36,819.3087,1576.253,817.1436
106.3894,1,1576.36,819.3087,1576.307,818.2262
106.4016,1,1575.016,823.567,1575.661,820.8966
106.4147,1,1575.016,823.567,1575.338,822.2318
106.4267,1,1575.016,823.567,1575.177,822.8994
106.4341,1,1573.618,827.7287,1574.398,825.3141
106.4478,1,1573.618,827.7287,1574.008,826.5214
106.4556,1,1573.618,827.7287,1573.813,827.125
106.4677,1,1572.702,831.1295,1573.258,829.1272
106.4781,1,1572.702,831.1295,1572.98,830.1283
106.4901,1,1573.211,834.4307,1573.095,832.2795
106.4992,1,1573.211,834.4307,1573.153,833.3551
106.5123,1,1573.211,834.4307,1573.182,833.8929
106.5209,1,1572.963,838.2565,1573.073,836.0747
106.5347,1,1572.963,838.2565,1573.018,837.1656
106.5446,1,1572.963,838.2565,1572.99,837.7111
106.554,1,1572.761,841.21,1572.876,839.4605
106.5663,1,1572.761,841.21,1572.819,840.3352
106.5778,1,1572.761,841.21,1572.79,840.7726
106.5885,1,1572.102,844.1412,1572.446,842.4569
106.5987,1,1572.102,844.1412,1572.274,843.2991
106.6107,1,1572.276,846.5922,1572.275,844.9457
106.6194,1,1572.276,846.5922,1572.275,845.7689
106.6324,1,1572.276,846.5922,1572.275,846.1805
106.6437,1,1572.077,848.7527,1572.176,847.4667
106.6522,1,1572.077,848.7527,1572.126,848.1097
106.6652,1,1572.077,848.7527,1572.102,848.4313
106.675,1,1571.275,850.0314,1571.688,849.2313
106.6862,1,1571.275,850.0314,1571.481,849.6313
106.6972,1,1571.275,850.0314,1571.378,849.8314
106.7097,1,1569.717,851.0219,1570.548,850.4266
106.7185,1,1569.717,851.0219,1570.132,850.7242
106.7314,1,1568.784,852.0117,1569.458,851.3679
106.7413,1,1568.784,852.0117,1569.121,851.6898
106.7518,1,1568.784,852.0117,1568.952,851.8507
106.7617,1,1567.541,849.8597,1568.246,850.8552
106.7734,1,1567.541,849.8597,1567.893,850.3575
106.7838,1,1567.541,849.8597,1567.717,850.1086
106.7943,1,1566.829,848.2343,1567.273,849.1714
106.8063,1,1566.829,848.2343,1567.051,848.7029
106.8164,1,1566.829,848.2343,1566.94,848.4686
106.8288,1,1566.269,846.5095,1566.604,847.489
106.8383,1,1566.269,846.5095,1566.436,846.9993
106.8504,1,1566.269,846.5095,1566.353,846.7544
106.8616,1,1565.148,843.9968,1565.75,845.3756
106.8732,1,1565.148,843.9968,1565.449,844.6862
106.8858,1,1564.017,840.9521,1564.733,842.8192
106.8969,1,1564.017,840.9521,1564.375,841.8857
106.9107,1,1564.017,840.9521,1564.196,841.4189
106.9175,1,1562.627,837.7765,1563.411,839.5977
106.9307,1,1562.627,837.7765,1563.019,838.6871
106.9394,1,1562.627,837.7765,1562.823,838.2318
106.9535,1,1561.634,835.275,1562.228,836.7534
106.9632,1,1561.634,835.275,1561.931,836.0142
106.9725,1,1560.258,832.9513,1561.094,834.4828
106.9843,1,1560.258,832.9513,1560.676,833.717
106.9953,1,1560.258,832.9513,1560.467,833.3342
107.0061,1,1559.083,831.0012,1559.775,832.1677
107.0156,1,1559.083,831.0012,1559.429,831.5845
107.0284,1,1559.083,831.0012,1559.256,831.2928
107.0381,1,1557.679,828.3951,1558.467,829.844
107.0523,1,1557.679,828.3951,1558.073,829.1195
107.0629,1,1556.424,826.6181,1557.249,827.8688
107.0725,1,1556.424,826.6181,1556.836,827.2434
107.085,1,1556.424,826.6181,1556.63,826.9308
107.095,1,1555.12,825.0934,1555.875,826.0121
107.1053,1,1555.12,825.0934,1555.498,825.5527
107.1162,1,1555.12,825.0934,1555.309,825.3231
107.1284,1,1553.962,823.4004,1554.636,824.3617
107.1373,1,1553.962,823.4004,1554.299,823.881
107.1499,1,1553.962,823.4004,1554.131,823.6407
107.1607,1,1552.287,821.7415,1553.209,822.6912
107.1727,1,1552.287,821.7415,1552.748,822.2163
107.1838,1,1550.581,819.9831,1551.665,821.0997
107.1942,1,1550.581,819.9831,1551.123,820.5414
107.2054,1,1550.581,819.9831,1550.852,820.2622
107.2157,1,1548.735,817.7665,1549.794,819.0144
107.2274,1,1548.735,817.7665,1549.264,818.3905
107.2371,1,1548.735,817.7665,1549,818.0785
107.2494,1,1546.713,815.6772,1547.856,816.8779
107.2666,1,1546.713,815.6772,1547.284,816.2776
107.2764,1,1545.306,813.4729,1546.295,814.8752
107.2863,1,1545.306,813.4729,1545.8,814.1741
107.2952,1,1545.306,813.4729,1545.553,813.8235
107.3063,1,1543.36,810.8719,1544.456,812.3477
107.3343,1,1543.36,810.8719,1543.908,811.6097
107.3467,1,1541.246,808.8284,1542.577,810.2191
107.3547,1,1541.246,808.8284,1541.912,809.5237
107.3632,1,1541.246,808.8284,1541.579,809.176
107.3706,1,1539.244,807.2172,1540.411,808.1966
107.3829,1,1539.244,807.2172,1539.827,807.7069
107.3945,1,1539.244,807.2172,1539.535,807.462
107.4054,1,1536.859,805.8633,1538.197,806.6627
107.4142,1,1536.859,805.8633,1537.528,806.2629
107.427,1,1535.581,804.983,1536.555,805.6229
107.4359,1,1535.581,804.983,1536.068,805.303
107.4477,1,1535.581,804.983,1535.825,805.1429
107.4597,1,1534.428,803.7634,1535.127,804.4532
107.4688,1,1534.428,803.7634,1534.778,804.1083
107.4797,1,1534.428,803.7634,1534.603,803.9359
107.491,1,1533.528,802.8489,1534.065,803.3923
107.5002,1,1533.528,802.8489,1533.796,803.1206
107.5126,1,1533.528,802.8489,1533.662,802.9847
107.5236,1,1532.534,802.2173,1533.098,802.601
107.5342,1,1532.534,802.2173,1532.816,802.4092
107.5472,1,1531.526,801.3415,1532.171,801.8754
107.5562,1,1531.526,801.3415,1531.849,801.6084
107.5676,1,1531.526,801.3415,1531.687,801.475
107.5795,1,1530.212,800.7714,1530.95,801.1232
107.5916,1,1530.212,800.7714,1530.581,800.9473
107.601,1,1530.212,800.7714,1530.396,800.8594
107.6133,1,1529.089,799.8538,1529.743,800.3566
107.6246,1,1529.089,799.8538,1529.416,800.1052
107.6346,1,1529.089,799.8538,1529.253,799.9795
107.6477,1,1527.502,799.1273,1528.377,799.5533
107.6554,1,1527.502,799.1273,1527.939,799.3403
107.669,1,1525.856,797.69,1526.898,798.5151
107.6793,1,1525.856,797.69,1526.377,798.1025
107.6898,1,1525.856,797.69,1526.117,797.8962
107.7011,1,1524.489,796.764,1525.303,797.3301
107.7135,1,1524.489,796.764,1524.896,797.047
107.7216,1,1524.489,796.764,1524.693,796.9055
107.7339,1,1523.487,794.4978,1524.09,795.7017
107.7465,1,1523.487,794.4978,1523.789,795.0997
107.7563,1,1523.487,794.4978,1523.638,794.7988
107.7687,1,1522.727,791.5435,1523.182,793.1711
107.7796,1,1522.727,791.5435,1522.954,792.3573
107.7912,1,1521.759,788.7902,1522.357,790.5737
107.8032,1,1521.759,788.7902,1522.058,789.6819
107.8125,1,1521.759,788.7902,1521.909,789.2361
107.8244,1,1520.786,785.7944,1521.347,787.5153
107.8343,1,1520.786,785.7944,1521.067,786.6548
107.8464,1,1520.786,785.7944,1520.927,786.2246
107.8552,1,1519.495,782.7982,1520.211,784.5114
107.8681,1,1519.495,782.7982,1519.853,783.6548
107.8787,1,1519.495,782.7982,1519.674,783.2264
107.8904,1,1517.573,780.0809,1518.623,781.6537
107.8995,1,1517.573,780.0809,1518.098,780.8673
107.913,1,1515.644,776.6234,1516.871,778.7454
107.934,1,1515.644,776.6234,1516.258,777.6844
107.9401,1,1513.884,773.3509,1515.071,775.5176
107.9484,1,1513.884,773.3509,1514.478,774.4343
107.9592,1,1513.884,773.3509,1514.181,773.8926
107.9698,1,1511.639,769.9579,1512.91,771.9253
107.9804,1,1511.639,769.9579,1512.274,770.9417
107.9949,1,1511.639,769.9579,1511.957,770.4498
108.003,1,1509.358,766.0804,1510.657,768.2651
108.0142,1,1509.358,766.0804,1510.007,767.1728
108.0263,1,1509.358,766.0804,1509.683,766.6266
108.0356,1,1506.713,762.6413,1508.198,764.6339
108.0493,1,1506.713,762.6413,1507.455,763.6376
108.0587,1,1506.713,762.6413,1507.084,763.1394
108.0696,1,1504.202,760.0411,1505.643,761.5903
108.0797,1,1504.202,760.0411,1504.923,760.8157
108.093,1,1501.526,757.5316,1503.224,759.1736
108.1029,1,1501.526,757.5316,1502.375,758.3525
108.1141,1,1501.526,757.5316,1501.95,757.942
108.1279,1,1498.505,754.7726,1500.228,756.3573
108.1358,1,1498.505,754.7726,1499.366,755.5649
108.1494,1,1498.505,754.7726,1498.936,755.1688
108.1601,1,1495.492,751.9561,1497.214,753.5624
108.1722,1,1495.492,751.9561,1496.353,752.7593
108.1807,1,1493.022,749.343,1494.688,751.0511
108.1934,1,1493.022,749.343,1493.855,750.197
108.2039,1,1493.022,749.343,1493.438,749.77
108.2138,1,1491.903,748.0425,1492.671,748.9063
108.2266,1,1491.903,748.0425,1492.287,748.4744
108.2335,1,1491.903,748.0425,1492.095,748.2584
108.2462,1,1490.041,746.5457,1491.068,747.4021
108.2557,1,1490.041,746.5457,1490.554,746.9739
108.2681,1,1490.041,746.5457,1490.297,746.7598
108.2777,1,1487.979,744.6378,1489.138,745.6987
108.2888,1,1487.979,744.6378,1488.559,745.1682
108.298,1,1487.979,744.6378,1488.269,744.903
108.3116,1,1486.412,743.2339,1487.341,744.0684
108.3196,1,1486.412,743.2339,1486.876,743.6511
108.332,1,1485.34,741.6429,1486.108,742.647
108.3431,1,1485.34,741.6429,1485.724,742.145
108.3521,1,1485.34,741.6429,1485.532,741.894
108.3647,1,1484.122,739.8978,1484.827,740.8959
108.3726,1,1484.122,739.8978,1484.475,740.3969
108.3853,1,1484.122,739.8978,1484.299,740.1473
108.3975,1,1482.633,737.6356,1483.466,738.8915
108.4116,1,1482.633,737.6356,1483.05,738.2635
108.4197,1,1482.633,737.6356,1482.841,737.9496
108.432,1,1480.908,736.3056,1481.875,737.1276
108.4432,1,1480.908,736.3056,1481.392,736.7166
108.4523,1,1479.009,734.7332,1480.2,735.7249
108.4651,1,1479.009,734.7332,1479.604,735.229
108.4757,1,1479.009,734.7332,1479.306,734.9811
108.4868,1,1477.073,732.541,1478.19,733.761
108.4973,1,1477.073,732.541,1477.631,733.151
108.5115,1,1477.073,732.541,1477.352,732.846
108.523,1,1473.384,729.1606,1475.368,731.0033
108.5318,1,1473.384,729.1606,1474.376,730.0819
108.5444,1,1470.672,725.498,1472.524,727.79
108.553,1,1470.672,725.498,1471.598,726.644
108.5699,1,1470.672,725.498,1471.135,726.071
108.5759,1,1467.792,721.0134,1469.463,723.5422
108.5866,1,1467.792,721.0134,1468.628,722.2778
108.5958,1,1467.792,721.0134,1468.21,721.6456
108.6072,1,1464.663,716.5194,1466.437,719.0825
108.617,1,1464.663,716.5194,1465.55,717.801
108.6295,1,1464.663,716.5194,1465.107,717.1602
108.6391,1,1461.868,712.1955,1463.487,714.6779
108.6526,1,1461.868,712.1955,1462.678,713.4366
108.6662,1,1459.123,708.4625,1460.901,710.9496
108.6738,1,1459.123,708.4625,1460.012,709.7061
108.684,1,1459.123,708.4625,1459.568,709.0843
108.6938,1,1459.123,708.4625,1459.345,708.7734
108.7053,1,1456.19,705.0898,1457.768,706.9316
108.7147,1,1456.19,705.0898,1456.979,706.0107
108.727,1,1454.247,702.4029,1455.613,704.2068
108.7363,1,1454.247,702.4029,1454.93,703.3048
108.7482,1,1454.247,702.4029,1454.588,702.8539
108.7659,1,1452.433,699.8936,1453.511,701.3737
108.7734,1,1452.433,699.8936,1452.972,700.6337
108.7845,1,1450.78,698.3264,1451.876,699.48
108.7941,1,1450.78,698.3264,1451.328,698.9032
108.8046,1,1450.78,698.3264,1451.054,698.6147
108.8155,1,1449.057,696.1835,1450.055,697.3991
108.8287,1,1449.057,696.1835,1449.556,696.7913
108.8394,1,1449.057,696.1835,1449.306,696.4874
108.8499,1,1447.448,693.7471,1448.377,695.1172
108.8603,1,1447.448,693.7471,1447.913,694.4322
108.8716,1,1447.448,693.7471,1447.68,694.0897
108.8833,1,1445.944,691.5081,1446.812,692.7989
108.894,1,1445.944,691.5081,1446.378,692.1535
108.9058,1,1443.815,688.9433,1445.096,690.5484
108.9163,1,1443.815,688.9433,1444.456,689.7458
108.9284,1,1443.815,688.9433,1444.135,689.3446
108.9366,1,1441.86,686.4537,1442.998,687.8992
108.9498,1,1441.86,686.4537,1442.429,687.1764
108.9612,1,1441.86,686.4537,1442.145,686.8151
108.9729,1,1440.481,685.0544,1441.313,685.9348
108.9841,1,1440.481,685.0544,1440.897,685.4946
108.9946,1,1440.481,685.0544,1440.689,685.2745
109.0059,1,1411.954,670.47,1426.322,677.8723
109.0154,1,1411.954,670.47,1419.138,674.1711
109.0268,1,1284.249,601.1612,1351.694,637.6661
109.0348,1,1284.249,601.1612,1317.971,619.4137
109.0471,1,1284.249,601.1612,1301.11,610.2875
109.0564,1,1284.249,601.1612,1292.68,605.7244
109.068,1,1141.996,521.7146,1217.338,563.7195
109.08,1,1141.996,521.7146,1179.667,542.717
109.0914,1,1055.566,474.5139,1117.616,508.6155
109.1041,1,1055.566,474.5139,1086.591,491.5647
109.1146,1,1055.566,474.5139,1071.078,483.0393
109.1278,1,1009.951,448.3352,1040.515,465.6873
109.1376,1,1009.951,448.3352,1025.233,457.0112
109.1501,1,987.9434,434.5172,1006.588,445.7642
109.1593,1,987.9434,434.5172,997.2658,440.1407
109.1712,1,987.9434,434.5172,992.6046,437.3289
109.181,1,977.9152,424.9556,985.2599,431.1423
109.1933,1,977.9152,424.9556,981.5875,428.049
109.2032,1,977.9152,424.9556,979.7513,426.5023
109.2143,1,978.704,422.6042,979.2277,424.5532
109.2277,1,978.704,422.6042,978.9658,423.5787
109.2374,1,978.704,422.6042,978.8349,423.0914
109.2494,1,1014.048,433.8071,996.4413,428.4493
109.2601,1,1014.048,433.8071,1005.245,431.1282
109.2713,1,1050.223,451.9168,1027.734,441.5225
109.2818,1,1050.223,451.9168,1038.979,446.7196
109.2954,1,1050.223,451.9168,1044.601,449.3182
109.3052,1,1133.598,497.1701,1089.099,473.2441
109.3152,1,1133.598,497.1701,1111.349,485.2071
109.3274,1,1133.598,497.1701,1122.473,491.1886
109.3359,1,1231.905,550.8301,1177.189,521.0093
109.3493,1,1231.905,550.8301,1204.547,535.9197
109.3596,1,1302.516,592.5971,1253.532,564.2584
109.37,1,1302.516,592.5971,1278.024,578.4277
109.3804,1,1302.516,592.5971,1290.27,585.5125
109.3973,1,1345.278,615.7279,1317.774,600.6202
109.4043,1,1345.278,615.7279,1331.526,608.1741
109.4152,1,1345.278,615.7279,1338.402,611.951
109.4272,1,1367.59,632.4813,1352.996,622.2162
109.439,1,1367.59,632.4813,1360.293,627.3488
109.4482,1,1367.59,632.4813,1363.942,629.915
109.4578,1,1383.215,638.0397,1373.578,633.9774
109.4707,1,1383.215,638.0397,1378.397,636.0085
109.4808,1,1391.487,642.022,1384.942,639.0153
109.4935,1,1391.487,642.022,1388.214,640.5186
109.5045,1,1391.487,642.022,1389.851,641.2703
109.5122,1,1395.927,644.1001,1392.889,642.6852
109.5258,1,1395.927,644.1001,1394.408,643.3926
109.5363,1,1395.927,644.1001,1395.167,643.7463
109.549,1,1397.966,644.2017,1396.567,643.974
109.5588,1,1397.966,644.2017,1397.267,644.0878
109.5694,1,1397.966,644.2017,1397.616,644.1448
109.5798,1,1399.613,645.1019,1398.615,644.6234
109.5925,1,1399.613,645.1019,1399.114,644.8627
109.6015,1,1394.24,644.6098,1396.677,644.7362
109.614,1,1394.24,644.6098,1395.458,644.673
109.626,1,1394.24,644.6098,1394.849,644.6414
109.6359,1,1391.183,642.6014,1393.016,643.6214
109.6482,1,1391.183,642.6014,1392.1,643.1115
109.6587,1,1391.183,642.6014,1391.641,642.8564
109.6727,1,1389.547,641.35,1390.594,642.1033
109.6844,1,1389.547,641.35,1390.071,641.7267
109.6931,1,1388.47,640.3564,1389.271,641.0416
109.7048,1,1388.47,640.3564,1388.87,640.699
109.7155,1,1388.47,640.3564,1388.67,640.5277
109.7272,1,1387.883,640.0355,1388.276,640.2816
109.7384,1,1387.883,640.0355,1388.08,640.1586
109.7514,1,1387.303,639.9017,1387.691,640.0302
109.7579,1,1387.303,639.9017,1387.497,639.9659
109.7693,1,1387.303,639.9017,1387.4,639.9338
109.7785,1,1387.303,639.9017,1387.352,639.9178
109.7901,1,1386.994,639.6466,1387.173,639.7822
109.8007,1,1386.994,639.6466,1387.083,639.7144
109.8132,1,1386.548,639.707,1386.816,639.7107
109.8238,1,1386.548,639.707,1386.682,639.7089
109.8345,1,1386.548,639.707,1386.615,639.7079
109.8465,1,1385.98,639.9561,1386.297,639.832
109.8548,1,1385.98,639.9561,1386.138,639.894
109.8664,1,1385.98,639.9561,1386.059,639.925
109.878,1,1385.548,640.3356,1385.803,640.1303
109.8886,1,1385.548,640.3356,1385.676,640.2329
109.8988,1,1385.548,640.3356,1385.612,640.2842
109.9115,1,1384.895,641.1528,1385.253,640.7185
109.9204,1,1384.895,641.1528,1385.074,640.9357
109.9338,1,1384.434,641.4475,1384.754,641.1916
109.9456,1,1384.434,641.4475,1384.594,641.3196
109.9567,1,1384.434,641.4475,1384.514,641.3835
109.9678,1,1383.903,641.3005,1384.209,641.342
109.9776,1,1383.903,641.3005,1384.056,641.3213
109.9896,1,1383.903,641.3005,1383.98,641.3109
110,1,1383.314,641.4733,1383.647,641.3921
110.0139,1,1383.314,641.4733,1383.48,641.4327
110.0254,1,1382.968,641.941,1383.224,641.6869
110.0339,1,1382.968,641.941,1383.096,641.814
110.0453,1,1382.968,641.941,1383.032,641.8774
110.0554,1,1383.71,643.5403,1383.371,642.7089
110.0676,1,1383.71,643.5403,1383.541,643.1246
110.0783,1,1383.71,643.5403,1383.625,643.3325
110.0902,1,1403.608,666.5782,1393.617,654.9553
110.1004,1,1403.608,666.5782,1398.612,660.7667
110.1122,1,1403.608,666.5782,1401.11,663.6725
110.1205,1,1444.286,714.1732,1422.698,688.9229
110.1329,1,1444.286,714.1732,1433.492,701.548
110.1461,1,1482.42,755.5799,1457.956,728.564
110.1536,1,1482.42,755.5799,1470.188,742.0719
110.1665,1,1482.42,755.5799,1476.304,748.8259
110.1791,1,1509.287,783.1666,1492.795,765.9962
110.1901,1,1509.287,783.1666,1501.041,774.5814
110.1993,1,1509.287,783.1666,1505.164,778.874
110.2113,1,1525.528,801.4371,1515.346,790.1555
110.2209,1,1525.528,801.4371,1520.437,795.7963
110.232,1,1525.528,801.4371,1522.982,798.6167
110.2443,1,1535.631,813.291,1529.307,805.9539
110.2525,1,1535.631,813.291,1532.469,809.6224
110.2655,1,1543.283,820.3806,1537.876,815.0015
110.2758,1,1543.283,820.3806,1540.579,817.691
110.2878,1,1543.283,820.3806,1541.931,819.0358
110.2977,1,1547.788,824.4802,1544.859,821.758
110.3096,1,1547.788,824.4802,1546.323,823.1191
110.3186,1,1547.788,824.4802,1547.056,823.7997
110.3317,1,1551.076,827.366,1549.066,825.5828
110.3435,1,1551.076,827.366,1550.071,826.4744
110.3531,1,1551.076,827.366,1550.573,826.9202
110.3663,1,1553.41,829.1103,1551.991,828.0153
110.3762,1,1553.41,829.1103,1552.701,828.5627
110.3872,1,1555.621,830.7193,1554.161,829.641
110.3964,1,1555.621,830.7193,1554.891,830.1802
110.4094,1,1555.621,830.7193,1555.256,830.4497
110.418,1,1557.487,832.8965,1556.372,831.6731
110.4306,1,1557.487,832.8965,1556.929,832.2848
110.4412,1,1557.487,832.8965,1557.208,832.5907
110.4522,1,1558.735,834.5167,1557.971,833.5537
110.4628,1,1558.735,834.5167,1558.353,834.0352
110.4751,1,1558.735,834.5167,1558.544,834.276
110.4845,1,1560.151,836.1134,1559.348,835.1947
110.4951,1,1560.151,836.1134,1559.749,835.6541
110.507,1,1566.86,837.7873,1563.305,836.7207
110.5169,1,1566.86,837.7873,1565.082,837.254
110.53,1,1566.86,837.7873,1565.971,837.5206
110.5395,1,1576.556,841.1444,1571.263,839.3325
110.5522,1,1576.556,841.1444,1573.91,840.2385
110.5639,1,1576.556,841.1444,1575.233,840.6914
110.5757,1,1584.35,843.9712,1579.792,842.3313
110.5843,1,1584.35,843.9712,1582.071,843.1512
110.595,1,1584.35,843.9712,1583.21,843.5612
110.6084,1,1591.143,846.7638,1587.177,845.1625
110.617,1,1591.143,846.7638,1589.16,845.9631
110.6297,1,1595.833,849.0846,1592.496,847.5239
110.638,1,1595.833,849.0846,1594.165,848.3042
110.6514,1,1595.833,849.0846,1594.999,848.6944
110.6631,1,1600.32,851.0914,1597.66,849.8929
110.6751,1,1600.32,851.0914,1598.99,850.4921
110.6855,1,1600.32,851.0914,1599.655,850.7917
110.695,1,1604.391,853.0769,1602.023,851.9343
110.7065,1,1604.391,853.0769,1603.207,852.5056
110.7158,1,1604.391,853.0769,1603.799,852.7913
110.7286,1,1607.628,854.1329,1605.713,853.462
110.7375,1,1607.628,854.1329,1606.671,853.7975
110.7503,1,1609.907,854.8788,1608.289,854.3381
110.7594,1,1609.907,854.8788,1609.098,854.6085
110.7702,1,1609.907,854.8788,1609.502,854.7437
110.7798,1,1612.116,855.8414,1610.809,855.2925
110.7918,1,1612.116,855.8414,1611.463,855.5669
110.8007,1,1612.116,855.8414,1611.789,855.7041
110.8124,1,1612.622,856.4181,1612.206,856.0611
110.8217,1,1612.622,856.4181,1612.414,856.2396
110.8336,1,1612.622,856.4181,1612.518,856.3289
110.8486,1,1613.237,856.1699,1612.878,856.2494
110.8586,1,1613.237,856.1699,1613.057,856.2096
110.8703,1,1613.825,855.8555,1613.441,856.0325
110.8797,1,1613.825,855.8555,1613.633,855.944
110.892,1,1613.825,855.8555,1613.729,855.8997
110.8999,1,1612.941,853.0449,1613.335,854.4723
110.9117,1,1612.941,853.0449,1613.138,853.7585
110.921,1,1612.941,853.0449,1613.04,853.4017
110.9345,1,1611.179,848.5938,1612.109,850.9977
110.9462,1,1611.179,848.5938,1611.644,849.7958
110.9549,1,1611.179,848.5938,1611.412,849.1948
110.9666,1,1608.981,843.0672,1610.196,846.131
110.9774,1,1608.981,843.0672,1609.589,844.5991
110.9879,1,1608.981,843.0672,1609.285,843.8331
110.9979,1,1605.715,836.5184,1607.5,840.1758
111.0113,1,1605.715,836.5184,1606.608,838.347
111.021,1,1602.567,829.6424,1604.587,833.9948
111.033,1,1602.567,829.6424,1603.577,831.8186
111.0444,1,1602.567,829.6424,1603.072,830.7305
111.0558,1,1599.996,823.7111,1601.534,827.2208
111.0676,1,1599.996,823.7111,1600.765,825.4659
111.0774,1,1599.996,823.7111,1600.38,824.5885
111.0887,1,1597.379,818.2144,1598.88,821.4014
111.0984,1,1597.379,818.2144,1598.129,819.8079
111.1101,1,1597.379,818.2144,1597.754,819.0111
111.1183,1,1595.641,814.1479,1596.697,816.5795
111.1306,1,1595.641,814.1479,1596.169,815.3636
111.1407,1,1595.641,814.1479,1595.905,814.7557
111.1504,1,1593.803,811.3321,1594.854,813.0439
111.1606,1,1593.803,811.3321,1594.328,812.188
111.1739,1,1592.901,808.6354,1593.615,810.4117
111.1847,1,1592.901,808.6354,1593.258,809.5236
111.1953,1,1592.901,808.6354,1593.079,809.0795
111.2079,1,1591.543,806.3481,1592.311,807.7137
111.2177,1,1591.543,806.3481,1591.927,807.0309
111.2308,1,1591.543,806.3481,1591.735,806.6895
111.241,1,1592.038,805.2706,1591.886,805.98
111.2504,1,1592.038,805.2706,1591.962,805.6254
111.2609,1,1592.038,805.2706,1592,805.448
111.2716,1,1591.769,804.801,1591.885,805.1245
111.284,1,1591.769,804.801,1591.827,804.9628
111.2942,1,1590.776,804.1466,1591.302,804.5547
111.3056,1,1590.776,804.1466,1591.039,804.3506
111.3167,1,1590.776,804.1466,1590.908,804.2487
111.3287,1,1589.899,803.1987,1590.403,803.7236
111.3376,1,1589.899,803.1987,1590.151,803.4612
111.3506,1,1589.899,803.1987,1590.025,803.33
111.3636,1,1589.093,802.6831,1589.559,803.0065
111.3721,1,1589.093,802.6831,1589.326,802.8448
111.3853,1,1588.278,801.678,1588.802,802.2614
111.3951,1,1588.278,801.678,1588.54,801.9697
111.4063,1,1588.278,801.678,1588.409,801.8239
111.4155,1,1587.716,800.5891,1588.062,801.2065
111.428,1,1587.716,800.5891,1587.889,800.8978
111.4364,1,1587.716,800.5891,1587.802,800.7435
111.4488,1,1587.107,799.7688,1587.455,800.2561
111.4604,1,1587.107,799.7688,1587.281,800.0125
111.4726,1,1587.107,799.7688,1587.194,799.8906
111.4832,1,1585.86,799.3122,1586.527,799.6014
111.4937,1,1585.86,799.3122,1586.193,799.4568
111.5055,1,1584.616,798.9072,1585.405,799.182
111.5153,1,1584.616,798.9072,1585.01,799.0446
111.5274,1,1584.616,798.9072,1584.813,798.976
111.5379,1,1583.404,798.5961,1584.109,798.786
111.5496,1,1583.404,798.5961,1583.757,798.691
111.5596,1,1583.404,798.5961,1583.581,798.6436
111.5836,1,1582.146,797.9937,1582.863,798.3186
111.5895,1,1582.146,797.9937,1582.505,798.1561
111.5947,1,1580.955,797.0923,1581.73,797.6242
111.6064,1,1580.955,797.0923,1581.342,797.3583
111.6162,1,1580.955,797.0923,1581.148,797.2253
111.629,1,1580.173,796.0583,1580.661,796.6418
111.638,1,1580.173,796.0583,1580.417,796.3501
111.6512,1,1580.173,796.0583,1580.295,796.2042
111.6618,1,1579.43,795.7299,1579.863,795.967
111.6729,1,1579.43,795.7299,1579.646,795.8485
111.6858,1,1578.795,794.6321,1579.221,795.2403
111.6956,1,1578.795,794.6321,1579.008,794.9362
111.706,1,1578.795,794.6321,1578.902,794.7841
111.7162,1,1578.083,793.6771,1578.492,794.2306
111.7295,1,1578.083,793.6771,1578.287,793.9539
111.7375,1,1578.083,793.6771,1578.185,793.8155
111.7498,1,1577.342,792.6912,1577.764,793.2533
111.7594,1,1577.342,792.6912,1577.553,792.9722
111.7705,1,1577.342,792.6912,1577.448,792.8317
111.7802,1,1576.562,791.6245,1577.005,792.2281
111.7936,1,1576.562,791.6245,1576.783,791.9263
111.8031,1,1576.562,791.6245,1576.672,791.7754
111.8134,1,1575.461,790.3058,1576.067,791.0406
111.8261,1,1575.461,790.3058,1575.764,790.6732
111.8356,1,1575.461,790.3058,1575.613,790.4895
111.8481,1,1574.802,789.2545,1575.208,789.8719
111.859,1,1574.802,789.2545,1575.005,789.5632
111.8681,1,1573.908,787.6979,1574.456,788.6306
111.88,1,1573.908,787.6979,1574.182,788.1642
111.8894,1,1573.908,787.6979,1574.045,787.931
111.8996,1,1573.071,786.3011,1573.558,787.1161
111.9113,1,1573.071,786.3011,1573.315,786.7086
111.9201,1,1573.071,786.3011,1573.193,786.5049
111.9345,1,1571.68,784.7335,1572.436,785.6192
111.9444,1,1571.68,784.7335,1572.058,785.1764
111.9531,1,1571.68,784.7335,1571.869,784.955
111.9655,1,1569.921,783.3389,1570.895,784.147
111.9775,1,1569.921,783.3389,1570.408,783.7429
111.9916,1,1568.029,781.5406,1569.218,782.6418
111.9996,1,1568.029,781.5406,1568.624,782.0912
112.0118,1,1568.029,781.5406,1568.326,781.8159
112.0204,1,1566.272,779.6282,1567.299,780.722
112.0332,1,1566.272,779.6282,1566.786,780.1752
112.0454,1,1566.272,779.6282,1566.529,779.9017
112.0544,1,1564.415,778.5973,1565.472,779.2495
112.0684,1,1564.415,778.5973,1564.944,778.9234
112.0789,1,1562.619,777.2804,1563.781,778.1019
112.0902,1,1562.619,777.2804,1563.2,777.6912
112.1011,1,1562.619,777.2804,1562.91,777.4858
112.1137,1,1560.409,775.2648,1561.66,776.3753
112.123,1,1560.409,775.2648,1561.034,775.8201
112.1333,1,1560.409,775.2648,1560.722,775.5425
112.1456,1,1558.283,773.3278,1559.503,774.4351
112.1543,1,1558.283,773.3278,1558.893,773.8815
112.167,1,1558.283,773.3278,1558.588,773.6046
112.1803,1,1555.584,771.1687,1557.086,772.3867
112.1891,1,1555.584,771.1687,1556.335,771.7777
112.2013,1,1553.521,769.3853,1554.928,770.5815
112.214,1,1553.521,769.3853,1554.224,769.9834
112.2236,1,1553.521,769.3853,1553.873,769.6843
112.234,1,1551.27,767.6284,1552.572,768.6564
112.2473,1,1551.27,767.6284,1551.921,768.1423
112.256,1,1551.27,767.6284,1551.596,767.8854
112.2677,1,1549.215,765.9761,1550.405,766.9308
112.278,1,1549.215,765.9761,1549.81,766.4535
112.2898,1,1547.447,764.2474,1548.629,765.3505
112.2993,1,1547.447,764.2474,1548.038,764.799
112.312,1,1547.447,764.2474,1547.743,764.5232
112.3239,1,1545.93,762.7617,1546.836,763.6425
112.3335,1,1545.93,762.7617,1546.383,763.2021
112.3449,1,1545.93,762.7617,1546.156,762.9819
112.3547,1,1544.842,761.4208,1545.499,762.2014
112.3663,1,1544.842,761.4208,1545.171,761.811
112.3792,1,1544.842,761.4208,1545.006,761.6159
112.392,1,1543.433,760.0095,1544.219,760.8127
112.4009,1,1543.433,760.0095,1543.826,760.4111
112.4128,1,1541.775,758.5793,1542.801,759.4952
112.4253,1,1541.775,758.5793,1542.288,759.0373
112.4341,1,1541.775,758.5793,1542.031,758.8083
112.4464,1,1540.144,757.2589,1541.088,758.0336
112.4555,1,1540.144,757.2589,1540.616,757.6462
112.4676,1,1540.144,757.2589,1540.38,757.4525
112.4781,1,1538.975,756.0842,1539.678,756.7684
112.4896,1,1538.975,756.0842,1539.327,756.4263
112.5001,1,1537.264,754.4391,1538.295,755.4327
112.5119,1,1537.264,754.4391,1537.78,754.9359
112.5206,1,1537.264,754.4391,1537.522,754.6875
112.5328,1,1535.56,753.7059,1536.541,754.1967
112.5459,1,1535.56,753.7059,1536.05,753.9513
112.5538,1,1535.56,753.7059,1535.805,753.8286
112.5666,1,1533.02,752.4448,1534.412,753.1367
112.577,1,1533.02,752.4448,1533.716,752.7908
112.5881,1,1533.02,752.4448,1533.368,752.6178
112.5978,1,1531.188,751.5152,1532.278,752.0665
112.6083,1,1531.188,751.5152,1531.733,751.7909
112.6185,1,1531.188,751.5152,1531.46,751.6531
112.6303,1,1529.213,750.2816,1530.336,750.9673
112.6382,1,1529.213,750.2816,1529.775,750.6244
112.6499,1,1529.213,750.2816,1529.494,750.453
112.6606,1,1526.895,748.3887,1528.194,749.4208
112.6713,1,1526.895,748.3887,1527.544,748.9048
112.6818,1,1525.089,747.1052,1526.317,748.005
112.6941,1,1525.089,747.1052,1525.703,747.5551
112.7042,1,1525.089,747.1052,1525.396,747.3301
112.7144,1,1523.143,745.3638,1524.269,746.3469
112.7279,1,1523.143,745.3638,1523.706,745.8553
112.7362,1,1523.143,745.3638,1523.425,745.6096
112.7482,1,1521.779,743.8496,1522.602,744.7296
112.7602,1,1521.779,743.8496,1522.19,744.2896
112.7712,1,1521.779,743.8496,1521.984,744.0696
112.7808,1,1520.584,741.8901,1521.284,742.9799
112.793,1,1520.584,741.8901,1520.934,742.4349
112.8014,1,1520.584,741.8901,1520.759,742.1625
112.8146,1,1518.584,739.531,1519.671,740.8467
112.8269,1,1518.584,739.531,1519.128,740.1888
112.8351,1,1516.434,737.4909,1517.781,738.8398
112.8477,1,1516.434,737.4909,1517.107,738.1654
112.8575,1,1516.434,737.4909,1516.771,737.8281
112.8681,1,1514.181,734.4612,1515.476,736.1447
112.8785,1,1514.181,734.4612,1514.828,735.3029
112.8896,1,1514.181,734.4612,1514.505,734.8821
112.9004,1,1511.423,731.4333,1512.964,733.1577
112.9131,1,1511.423,731.4333,1512.194,732.2955
112.9214,1,1511.423,731.4333,1511.808,731.8644
112.9331,1,1508.871,729.4504,1510.339,730.6574
112.9443,1,1508.871,729.4504,1509.605,730.0539
112.9535,1,1506.559,726.493,1508.082,728.2734
112.967,1,1506.559,726.493,1507.321,727.3832
112.977,1,1506.559,726.493,1506.94,726.9381
112.9881,1,1504.369,723.8123,1505.654,725.3752
112.9974,1,1504.369,723.8123,1505.011,724.5938
113.01,1,1504.369,723.8123,1504.69,724.203
113.0198,1,1501.317,721.9252,1503.003,723.0641
113.0319,1,1501.317,721.9252,1502.16,722.4946
113.0434,1,1501.317,721.9252,1501.739,722.21
113.0547,1,1498.443,720.6691,1500.091,721.4396
113.0668,1,1498.443,720.6691,1499.267,721.0543
113.0777,1,1495.399,719.3398,1497.333,720.197
113.0888,1,1495.399,719.3398,1496.366,719.7684
113.0987,1,1495.399,719.3398,1495.882,719.5541
113.1109,1,1492.935,717.2302,1494.409,718.3922
113.1195,1,1492.935,717.2302,1493.672,717.8112
113.1324,1,1492.935,717.2302,1493.303,717.5207
113.1432,1,1490.694,715.0367,1491.999,716.2787
113.1538,1,1490.694,715.0367,1491.346,715.6577
113.1655,1,1488.893,713.338,1490.12,714.4978
113.1781,1,1488.893,713.338,1489.506,713.9178
113.1888,1,1488.893,713.338,1489.199,713.6279
113.1976,1,1487.943,712.0125,1488.571,712.8202
113.2101,1,1487.943,712.0125,1488.257,712.4164
113.2187,1,1487.943,712.0125,1488.1,712.2145
113.2311,1,1487.266,711.205,1487.683,711.7097
113.2431,1,1487.266,711.205,1487.474,711.4574
113.2512,1,1487.266,711.205,1487.37,711.3312
113.2635,1,1486.752,710.884,1487.061,711.1075
113.2741,1,1486.752,710.884,1486.907,710.9957
113.2854,1,1486.752,710.884,1486.83,710.9398
113.2979,1,1486.339,710.7358,1486.584,710.8378
113.3098,1,1486.339,710.7358,1486.462,710.7869
113.3178,1,1486.243,710.4473,1486.353,710.6171
113.3291,1,1486.243,710.4473,1486.298,710.5322
113.3378,1,1486.243,710.4473,1486.271,710.4897
113.3496,1,1485.643,710.0234,1485.957,710.2566
113.3597,1,1485.643,710.0234,1485.8,710.14
113.3714,1,1485.643,710.0234,1485.721,710.0817
113.3809,1,1485.186,709.7336,1485.453,709.9076
113.3929,1,1485.186,709.7336,1485.319,709.8206
113.4016,1,1485.186,709.7336,1485.252,709.7771
113.4147,1,1484.685,709.3902,1484.969,709.5836
113.426,1,1484.685,709.3902,1484.827,709.4869
113.4346,1,1484.685,709.3902,1484.756,709.4386
113.447,1,1484.508,708.886,1484.632,709.1624
113.4582,1,1484.508,708.886,1484.57,709.0242
113.4682,1,1484.057,708.3518,1484.313,708.688
113.4793,1,1484.057,708.3518,1484.185,708.5199
113.4901,1,1484.057,708.3518,1484.121,708.4359
113.4986,1,1483.486,708.0208,1483.804,708.2283
113.5114,1,1483.486,708.0208,1483.645,708.1245
113.5229,1,1483.486,708.0208,1483.566,708.0726
113.5352,1,1483.703,708.1248,1483.634,708.0988
113.5473,1,1483.703,708.1248,1483.668,708.1118
113.5563,1,1483.703,708.1248,1483.686,708.1183
113.5701,1,1483.712,708.3921,1483.699,708.2552
113.5798,1,1483.712,708.3921,1483.705,708.3236
113.5915,1,1483.671,708.4552,1483.688,708.3894
113.6063,1,1483.671,708.4552,1483.679,708.4223
113.6176,1,1483.671,708.4552,1483.675,708.4387
113.6284,1,1483.729,708.4345,1483.702,708.4366
113.6364,1,1483.729,708.4345,1483.716,708.4355
113.6494,1,1483.881,708.7273,1483.798,708.5814
113.6593,1,1483.881,708.7273,1483.84,708.6544
113.6705,1,1483.881,708.7273,1483.86,708.6908
113.6817,1,1484.238,709.226,1484.049,708.9584
113.6933,1,1484.238,709.226,1484.144,709.0922
113.7031,1,1484.238,709.226,1484.191,709.1591
113.7134,1,1486.42,713.3651,1485.305,711.2621
113.7245,1,1486.42,713.3651,1485.863,712.3136
113.7343,1,1486.42,713.3651,1486.141,712.8394
113.7469,1,1491.21,723.7967,1488.676,718.318
113.756,1,1491.21,723.7967,1489.943,721.0574
113.7692,1,1496.944,736.6117,1493.444,728.8345
113.7793,1,1496.944,736.6117,1495.194,732.7231
113.7904,1,1496.944,736.6117,1496.069,734.6674
113.8005,1,1502.512,749.826,1499.291,742.2467
113.8129,1,1502.512,749.826,1500.902,746.0364
113.8215,1,1502.512,749.826,1501.707,747.9312
113.8331,1,1508.148,761.3299,1504.927,754.6305
113.8446,1,1508.148,761.3299,1506.538,757.9802
113.8533,1,1508.148,761.3299,1507.343,759.655
113.8673,1,1512.663,770.0316,1510.003,764.8433
113.877,1,1512.663,770.0316,1511.333,767.4375
113.8879,1,1512.663,770.0316,1511.998,768.7346
113.8981,1,1516.256,778.572,1514.127,773.6533
113.9108,1,1516.256,778.572,1515.191,776.1127
113.9199,1,1516.256,778.572,1515.723,777.3423
113.9325,1,1519.596,785.6899,1517.66,781.5161
113.9447,1,1519.596,785.6899,1518.628,783.603
113.9516,1,1507.964,776.0753,1513.296,779.8391
113.9644,1,1507.964,776.0753,1510.63,777.9572
113.9753,1,1507.964,776.0753,1509.297,777.0162
113.9864,1,1477.566,722.2023,1493.431,749.6093
113.9955,1,1477.566,722.2023,1485.499,735.9058
114.0084,1,1477.566,722.2023,1481.532,729.054
114.0173,1,1411.271,597.6387,1446.401,663.3463
114.0298,1,1411.271,597.6387,1428.836,630.4925
114.0409,1,1362.509,502.4613,1395.673,566.4769
114.0538,1,1362.509,502.4613,1379.091,534.4691
114.0642,1,1362.509,502.4613,1370.8,518.4652
114.0738,1,1331.266,451.6195,1351.033,485.0424
114.0832,1,1331.266,451.6195,1341.15,468.3309
114.0929,1,1331.266,451.6195,1336.208,459.9752
114.1039,1,1318.103,426.6475,1327.156,443.3113
114.1148,1,1318.103,426.6475,1322.63,434.9794
114.1278,1,1318.103,426.6475,1320.366,430.8134
114.1386,1,1311.745,411.672,1316.056,421.2427
114.1506,1,1311.745,411.672,1313.9,416.4574
114.1612,1,1311.745,411.672,1312.823,414.0647
114.1732,1,1308.006,402.2749,1310.414,408.1698
114.1819,1,1308.006,402.2749,1309.21,405.2224
114.1951,1,1289.877,392.8269,1299.543,399.0247
114.2061,1,1289.877,392.8269,1294.71,395.9258
114.2152,1,1289.877,392.8269,1292.293,394.3763
114.2278,1,1276.466,387.7046,1284.38,391.0405
114.2373,1,1276.466,387.7046,1280.423,389.3726
114.2494,1,1276.466,387.7046,1278.444,388.5386
114.2616,1,1267.827,385.831,1273.135,387.1848
114.2719,1,1267.827,385.831,1270.481,386.5079
114.2831,1,1263.933,384.8798,1267.207,385.6939
114.2939,1,1263.933,384.8798,1265.57,385.2869
114.3059,1,1263.933,384.8798,1264.751,385.0833
114.3167,1,1274.779,391.9386,1269.765,388.511
114.3291,1,1274.779,391.9386,1272.272,390.2248
114.3382,1,1274.779,391.9386,1273.526,391.0817
114.3516,1,1288.474,409.1032,1281,400.0924
114.3628,1,1288.474,409.1032,1284.737,404.5978
114.3724,1,1288.474,409.1032,1286.605,406.8505
114.3851,1,1372.779,513.4957,1329.692,460.1731
114.3958,1,1372.779,513.4957,1351.236,486.8344
114.4112,1,1469.675,635.2633,1410.456,561.0488
114.4187,1,1469.675,635.2633,1440.065,598.1561
114.4341,1,1528.545,709.7942,1484.305,653.9751
114.4418,1,1528.545,709.7942,1506.425,681.8846
114.4507,1,1528.545,709.7942,1517.485,695.8394
114.4612,1,1528.545,709.7942,1523.015,702.8168
114.4723,1,1560.081,748.5923,1541.548,725.7045
114.4832,1,1560.081,748.5923,1550.814,737.1484
114.4939,1,1560.081,748.5923,1555.447,742.8704
114.5045,1,1576.672,766.8248,1566.06,754.8475
114.5142,1,1576.672,766.8248,1571.366,760.8362
114.5296,1,1586.401,776.4421,1578.883,768.6392
114.5437,1,1586.401,776.4421,1582.642,772.5406
114.5542,1,1586.401,776.4421,1584.521,774.4913
114.5638,1,1591.818,780.9957,1588.17,777.7435
114.5702,1,1591.818,780.9957,1589.994,779.3696
114.5812,1,1591.818,780.9957,1590.906,780.1826
114.593,1,1593.89,784.4355,1592.398,782.3091
114.6018,1,1593.89,784.4355,1593.144,783.3723
114.614,1,1593.89,784.4355,1593.517,783.9039
114.626,1,1594.779,801.4212,1594.148,792.6626
114.6344,1,1594.779,801.4212,1594.464,797.0419
114.6471,1,1596.5,816.7871,1595.482,806.9145
114.6576,1,1596.5,816.7871,1595.991,811.8508
114.6688,1,1596.5,816.7871,1596.246,814.319
114.6804,1,1598.49,827.225,1597.368,820.772
114.6929,1,1598.49,827.225,1597.929,823.9985
114.7011,1,1598.49,827.225,1598.209,825.6117
114.7145,1,1599.667,835.1042,1598.938,830.3579
114.7241,1,1599.667,835.1042,1599.303,832.7311
114.7336,1,1599.667,835.1042,1599.485,833.9176
114.7457,1,1600.329,840.5734,1599.907,837.2455
114.7555,1,1600.329,840.5734,1600.118,838.9094
114.768,1,1600.16,845.481,1600.139,842.1952
114.7772,1,1600.16,845.481,1600.149,843.8381
114.7889,1,1600.16,845.481,1600.155,844.6595
114.7977,1,1601.665,849.2657,1600.91,846.9626
114.8098,1,1601.665,849.2657,1601.288,848.1141
114.8202,1,1601.665,849.2657,1601.477,848.6899
114.8321,1,1602.201,852.8463,1601.839,850.7681
114.8433,1,1602.201,852.8463,1602.02,851.8073
114.8521,1,1602.201,852.8463,1602.11,852.3268
114.8652,1,1602.701,854.7673,1602.406,853.5471
114.8764,1,1602.701,854.7673,1602.553,854.1572
114.8851,1,1602.701,854.7673,1602.627,854.4623
114.8957,1,1602.66,856.8537,1602.644,855.658
114.9057,1,1602.66,856.8537,1602.652,856.2559
114.9177,1,1602.412,857.502,1602.532,856.8789
114.9299,1,1602.412,857.502,1602.472,857.1904
114.9384,1,1602.412,857.502,1602.442,857.3462
114.9507,1,1602.192,858.2472,1602.317,857.7967
114.9614,1,1602.192,858.2472,1602.254,858.022
114.9727,1,1602.192,858.2472,1602.223,858.1346
114.9855,1,1600.866,856.4768,1601.545,857.3057
114.9955,1,1600.866,856.4768,1601.205,856.8912
115.0068,1,1600.866,856.4768,1601.036,856.684
115.0164,1,1599.867,855.1804,1600.452,855.9322
115.0303,1,1599.867,855.1804,1600.159,855.5563
115.0393,1,1599.039,854.2452,1599.599,854.9008
115.0513,1,1599.039,854.2452,1599.319,854.573
115.0633,1,1599.039,854.2452,1599.179,854.4091
115.0726,1,1598.211,853.4243,1598.695,853.9166
115.0858,1,1598.211,853.4243,1598.453,853.6704
115.0969,1,1598.211,853.4243,1598.332,853.5474
115.1085,1,1597.293,852.3841,1597.812,852.9657
115.117,1,1597.293,852.3841,1597.552,852.6749
115.1299,1,1596.145,851.4172,1596.849,852.0461
115.139,1,1596.145,851.4172,1596.497,851.7317
115.1524,1,1596.145,851.4172,1596.321,851.5745
115.1642,1,1595.085,850.2275,1595.703,850.901
115.175,1,1595.085,850.2275,1595.394,850.5642
115.1863,1,1595.085,850.2275,1595.24,850.3959
115.1966,1,1593.702,849.0313,1594.471,849.7136
115.2088,1,1593.702,849.0313,1594.086,849.3724
115.2177,1,1593.702,849.0313,1593.894,849.2018
115.2298,1,1592.154,847.5991,1593.024,848.4005
115.2399,1,1592.154,847.5991,1592.589,847.9998
115.2512,1,1590.239,845.8679,1591.414,846.9338
115.2634,1,1590.239,845.8679,1590.826,846.4009
115.2733,1,1590.239,845.8679,1590.533,846.1344
115.2843,1,1588.088,844.2159,1589.311,845.1752
115.2944,1,1588.088,844.2159,1588.699,844.6956
115.3054,1,1588.088,844.2159,1588.394,844.4557
115.3138,1,1585.895,842.6249,1587.145,843.5403
115.3246,1,1585.895,842.6249,1586.52,843.0826
115.3346,1,1585.895,842.6249,1586.208,842.8538
115.3474,1,1583.702,840.686,1584.955,841.7699
115.3558,1,1583.702,840.686,1584.329,841.2279
115.3679,1,1583.702,840.686,1584.015,840.9569
115.3782,1,1581.652,838.8793,1582.833,839.9181
115.3892,1,1581.652,838.8793,1582.243,839.3987
115.4005,1,1579.487,836.7219,1580.865,838.0603
115.4134,1,1579.487,836.7219,1580.176,837.3911
115.4237,1,1579.487,836.7219,1579.832,837.0565
115.4347,1,1577.041,834.2896,1578.436,835.673
115.4456,1,1577.041,834.2896,1577.738,834.9813
115.4556,1,1577.041,834.2896,1577.389,834.6354
115.4668,1,1574.625,831.7065,1576.007,833.171
115.4773,1,1574.625,831.7065,1575.316,832.4388
115.4881,1,1574.625,831.7065,1574.971,832.0726
115.499,1,1572.37,829.2364,1573.67,830.6545
115.5136,1,1572.37,829.2364,1573.02,829.9454
115.5234,1,1570.257,826.6202,1571.638,828.2828
115.5335,1,1570.257,826.6202,1570.948,827.4515
115.5457,1,1570.257,826.6202,1570.602,827.0359
115.5548,1,1568.111,824.4777,1569.357,825.7568
115.5665,1,1568.111,824.4777,1568.734,825.1173
115.5768,1,1568.111,824.4777,1568.423,824.7975
115.5894,1,1565.937,822.9059,1567.18,823.8517
115.5995,1,1565.937,822.9059,1566.559,823.3788
115.6119,1,1564.891,821.2856,1565.725,822.3322
115.6231,1,1564.891,821.2856,1565.308,821.8088
115.6339,1,1564.891,821.2856,1565.1,821.5472
115.6464,1,1563.123,819.2827,1564.112,820.4149
115.6564,1,1563.123,819.2827,1563.617,819.8488
115.6688,1,1563.123,819.2827,1563.37,819.5657
115.6788,1,1561.533,818.3919,1562.452,818.9788
115.6903,1,1561.533,818.3919,1561.992,818.6853
115.7005,1,1561.533,818.3919,1561.763,818.5386
115.7124,1,1560.376,817.2806,1561.069,817.9096
115.7211,1,1560.376,817.2806,1560.722,817.5951
115.7333,1,1559.028,815.8967,1559.875,816.7458
115.7447,1,1559.028,815.8967,1559.451,816.3213
115.7531,1,1559.028,815.8967,1559.24,816.109
115.7663,1,1556.761,814.0892,1558,815.0991
115.7773,1,1556.761,814.0892,1557.381,814.5941
115.7885,1,1556.761,814.0892,1557.071,814.3417
115.7982,1,1554.528,811.6191,1555.799,812.9804
115.8102,1,1554.528,811.6191,1555.164,812.2998
115.8201,1,1554.528,811.6191,1554.846,811.9595
115.8312,1,1552.77,809.2939,1553.808,810.6267
115.8397,1,1552.77,809.2939,1553.289,809.9603
115.8529,1,1552.77,809.2939,1553.03,809.6271
115.8642,1,1550.814,806.7504,1551.922,808.1888
115.873,1,1550.814,806.7504,1551.368,807.4696
115.8865,1,1548.773,804.5182,1550.07,805.9939
115.8967,1,1548.773,804.5182,1549.422,805.2561
115.912,1,1548.773,804.5182,1549.097,804.8872
115.9191,1,1546.275,803.1458,1547.686,804.0165
115.9312,1,1546.275,803.1458,1546.98,803.5812
115.943,1,1546.275,803.1458,1546.627,803.3635
115.9516,1,1544.321,801.5903,1545.474,802.4769
115.9647,1,1544.321,801.5903,1544.898,802.0336
115.976,1,1542.038,799.756,1543.468,800.8948
115.988,1,1542.038,799.756,1542.753,800.3254
115.9979,1,1542.038,799.756,1542.396,800.0406
116.0104,1,1540.187,797.322,1541.291,798.6813
116.0191,1,1540.187,797.322,1540.739,798.0017
116.0318,1,1540.187,797.322,1540.463,797.6619
116.0397,1,1537.875,794.4849,1539.169,796.0734
116.0525,1,1537.875,794.4849,1538.522,795.2791
116.0633,1,1537.875,794.4849,1538.199,794.882
116.0742,1,1535.416,791.9523,1536.807,793.4171
116.0859,1,1535.416,791.9523,1536.112,792.6847
116.0959,1,1533.337,789.9207,1534.724,791.3027
116.107,1,1533.337,789.9207,1534.031,790.6117
116.1173,1,1533.337,789.9207,1533.684,790.2662
116.1306,1,1531.433,787.4465,1532.558,788.8564
116.14,1,1531.433,787.4465,1531.995,788.1515
116.1502,1,1531.433,787.4465,1531.714,787.799
116.1613,1,1529.516,785.6425,1530.615,786.7207
116.1727,1,1529.516,785.6425,1530.065,786.1816
116.1854,1,1527.177,784.032,1528.621,785.1068
116.1956,1,1527.177,784.032,1527.899,784.5695
116.2075,1,1527.177,784.032,1527.538,784.3008
116.2168,1,1524.953,782.2507,1526.246,783.2758
116.2304,1,1524.953,782.2507,1525.6,782.7632
116.2395,1,1524.953,782.2507,1525.276,782.507
116.2527,1,1522.96,780.2917,1524.118,781.3993
116.2645,1,1522.96,780.2917,1523.539,780.8455
116.2725,1,1522.96,780.2917,1523.249,780.5686
116.2866,1,1522.443,776.2092,1522.846,778.3889
116.2958,1,1522.443,776.2092,1522.644,777.2991
116.3064,1,1522.443,776.2092,1522.543,776.7542
116.317,1,1520.785,771.4935,1521.664,774.1238
116.3305,1,1520.785,771.4935,1521.225,772.8087
116.3388,1,1519.269,767.2084,1520.247,770.0085
116.3518,1,1519.269,767.2084,1519.758,768.6085
116.3629,1,1519.269,767.2084,1519.514,767.9084
116.3719,1,1517.927,763.0159,1518.72,765.4622
116.3847,1,1517.927,763.0159,1518.324,764.239
116.3954,1,1517.927,763.0159,1518.125,763.6274
116.4112,1,1516.589,760.4296,1517.357,762.0285
116.4209,1,1516.589,760.4296,1516.973,761.229
116.4336,1,1516.128,757.6974,1516.551,759.4632
116.4448,1,1516.128,757.6974,1516.339,758.5803
116.4536,1,1516.128,757.6974,1516.234,758.1389
116.4647,1,1515.661,755.1707,1515.947,756.6548
116.4754,1,1515.661,755.1707,1515.804,755.9127
116.4863,1,1515.661,755.1707,1515.733,755.5417
116.4958,1,1514.532,753.4634,1515.132,754.5026
116.5068,1,1514.532,753.4634,1514.832,753.983
116.5176,1,1514.532,753.4634,1514.682,753.7231
116.5311,1,1513.427,751.8229,1514.054,752.7731
116.539,1,1513.427,751.8229,1513.741,752.298
116.5521,1,1512.114,750.4877,1512.927,751.3928
116.5635,1,1512.114,750.4877,1512.521,750.9403
116.5731,1,1512.114,750.4877,1512.317,750.714
116.5853,1,1511.47,749.0644,1511.894,749.8892
116.5955,1,1511.47,749.0644,1511.682,749.4768
116.6082,1,1511.47,749.0644,1511.576,749.2706
116.6202,1,1509.938,747.3,1510.757,748.2853
116.6313,1,1509.938,747.3,1510.347,747.7926
116.6407,1,1508.341,745.5783,1509.344,746.6854
116.6522,1,1508.341,745.5783,1508.843,746.1318
116.6635,1,1508.341,745.5783,1508.592,745.8551
116.6724,1,1506.698,743.6596,1507.645,744.7573
116.6857,1,1506.698,743.6596,1507.171,744.2085
116.6961,1,1506.698,743.6596,1506.935,743.9341
116.7077,1,1504.757,741.9902,1505.846,742.9622
116.7183,1,1504.757,741.9902,1505.302,742.4762
116.7299,1,1502.646,739.8328,1503.974,741.1545
116.7389,1,1502.646,739.8328,1503.31,740.4937
116.7503,1,1502.646,739.8328,1502.978,740.1632
116.7616,1,1500.663,738.0062,1501.82,739.0847
116.7734,1,1500.663,738.0062,1501.242,738.5454
116.785,1,1500.663,738.0062,1500.952,738.2758
116.795,1,1493.535,733.884,1497.244,736.0798
116.8053,1,1493.535,733.884,1495.39,734.9819
116.8161,1,1493.535,733.884,1494.463,734.433
116.8273,1,1487.61,728.6321,1491.036,731.5325
116.8374,1,1487.61,728.6321,1489.323,730.0823
116.8478,1,1487.61,728.6321,1488.467,729.3572
116.8585,1,1483.517,724.824,1485.992,727.0906
116.8676,1,1483.517,724.824,1484.755,725.9573
116.879,1,1483.517,724.824,1484.136,725.3906
116.8904,1,1479.335,721.1152,1481.735,723.2529
116.9005,1,1479.335,721.1152,1480.535,722.1841
116.9137,1,1475.529,717.521,1478.032,719.8525
116.9246,1,1475.529,717.521,1476.781,718.6868
116.9346,1,1475.529,717.521,1476.155,718.1039
116.9462,1,1472.297,713.6349,1474.226,715.8694
116.9557,1,1472.297,713.6349,1473.262,714.7521
116.9694,1,1472.297,713.6349,1472.78,714.1935
116.9793,1,1468.905,710.6633,1470.842,712.4283
116.9899,1,1468.905,710.6633,1469.874,711.5458
116.9995,1,1468.905,710.6633,1469.389,711.1045
117.0141,1,1466.732,707.991,1468.061,709.5477
117.0288,1,1466.732,707.991,1467.396,708.7694
117.0375,1,1464.348,705.4734,1465.872,707.1215
117.0514,1,1464.348,705.4734,1465.11,706.2975
117.0609,1,1464.348,705.4734,1464.729,705.8855
117.0718,1,1461.533,702.8738,1463.131,704.3796
117.0809,1,1461.533,702.8738,1462.332,703.6267
117.0935,1,1459.009,700.5571,1460.67,702.0919
117.1055,1,1459.009,700.5571,1459.84,701.3245
117.1153,1,1459.009,700.5571,1459.424,700.9408
117.1276,1,1456.546,697.7209,1457.985,699.3309
117.1381,1,1456.546,697.7209,1457.265,698.5259
117.1494,1,1456.546,697.7209,1456.905,698.1234
117.159,1,1454.048,695.342,1455.477,696.7327
117.1706,1,1454.048,695.342,1454.762,696.0374
117.1791,1,1454.048,695.342,1454.405,695.6897
117.1898,1,1451.642,693.2386,1453.023,694.4642
117.1992,1,1451.642,693.2386,1452.333,693.8514
117.2113,1,1451.642,693.2386,1451.987,693.545
117.2207,1,1449.969,691.2005,1450.978,692.3728
117.2338,1,1449.969,691.2005,1450.474,691.7866
117.2456,1,1448.334,689.6265,1449.404,690.7065
117.2553,1,1448.334,689.6265,1448.869,690.1665
117.2681,1,1448.334,689.6265,1448.602,689.8965
117.2776,1,1446.806,687.9393,1447.704,688.9178
117.2882,1,1446.806,687.9393,1447.255,688.4286
117.2982,1,1446.806,687.9393,1447.031,688.184
117.3119,1,1445.628,686.1957,1446.329,687.1898
117.3214,1,1445.628,686.1957,1445.979,686.6927
117.333,1,1445.628,686.1957,1445.803,686.4442
117.3461,1,1443.816,684.2591,1444.81,685.3517
117.3545,1,1443.816,684.2591,1444.313,684.8054
117.3672,1,1442.004,682.5789,1443.158,683.6921
117.3783,1,1442.004,682.5789,1442.581,683.1355
117.3889,1,1442.004,682.5789,1442.292,682.8572
117.3983,1,1440.572,681.0993,1441.432,681.9783
117.4113,1,1440.572,681.0993,1441.002,681.5388
117.4205,1,1440.572,681.0993,1440.787,681.3191
117.433,1,1439.099,679.7141,1439.943,680.5166
117.4452,1,1439.099,679.7141,1439.521,680.1154
117.4543,1,1439.099,679.7141,1439.31,679.9147
117.4667,1,1437.938,678.3171,1438.624,679.1158
117.4767,1,1437.938,678.3171,1438.281,678.7164
117.4874,1,1436.752,676.3442,1437.516,677.5303
117.4975,1,1436.752,676.3442,1437.134,676.9373
117.5097,1,1436.752,676.3442,1436.943,676.6407
117.5191,1,1435.724,674.7963,1436.334,675.7185
117.532,1,1435.724,674.7963,1436.029,675.2574
117.5446,1,1435.724,674.7963,1435.876,675.0269
117.5537,1,1434.16,673.129,1435.018,674.0779
117.5662,1,1434.16,673.129,1434.589,673.6035
117.5763,1,1433.045,671.5876,1433.817,672.5956
117.587,1,1433.045,671.5876,1433.431,672.0916
117.597,1,1433.045,671.5876,1433.238,671.8396
117.6093,1,1432.324,670.5001,1432.781,671.1698
117.6198,1,1432.324,670.5001,1432.553,670.835
117.6321,1,1432.324,670.5001,1432.439,670.6675
117.6478,1,1431.762,669.0905,1432.101,669.879
117.6585,1,1431.762,669.0905,1431.932,669.4847
117.6663,1,1431.762,669.0905,1431.847,669.2876
117.6764,1,1431.484,667.3021,1431.665,668.2948
117.687,1,1431.484,667.3021,1431.574,667.7985
117.6975,1,1431.222,665.6389,1431.398,666.7186
117.7103,1,1431.222,665.6389,1431.31,666.1787
117.7189,1,1431.222,665.6389,1431.266,665.9088
117.7314,1,1430.589,664.1315,1430.927,665.0201
117.7418,1,1430.589,664.1315,1430.758,664.5758
117.7532,1,1430.589,664.1315,1430.673,664.3536
117.7668,1,1430.47,663.3505,1430.572,663.8521
117.7797,1,1430.47,663.3505,1430.521,663.6013
117.792,1,1430.494,662.8856,1430.507,663.2435
117.7985,1,1430.494,662.8856,1430.5,663.0646
117.8099,1,1430.494,662.8856,1430.497,662.9751
117.8185,1,1430.488,662.397,1430.492,662.686
117.831,1,1430.488,662.397,1430.49,662.5415
117.8397,1,1430.488,662.397,1430.489,662.4692
117.8509,1,1430.138,662.2487,1430.313,662.3589
117.8615,1,1430.138,662.2487,1430.225,662.3038
117.8722,1,1430.138,662.2487,1430.182,662.2762
117.8848,1,1413.235,661.9027,1421.708,662.0895
117.8944,1,1413.235,661.9027,1417.472,661.9961
117.9053,1,1413.235,661.9027,1415.353,661.9494
117.9162,1,1297.331,667.8735,1356.342,664.9115
117.9285,1,1297.331,667.8735,1326.836,666.3925
117.9404,1,1105.23,677.5739,1216.033,671.9832
117.9516,1,1105.23,677.5739,1160.632,674.7786
117.9631,1,1105.23,677.5739,1132.931,676.1763
117.974,1,976.499,684.6901,1054.715,680.4332
117.9845,1,976.499,684.6901,1015.607,682.5616
117.9951,1,976.499,684.6901,996.053,683.6259
118.0068,1,901.0978,687.8419,948.5754,685.7339
118.0167,1,901.0978,687.8419,924.8367,686.7879
118.0281,1,901.0978,687.8419,912.9673,687.3149
118.0376,1,861.3752,692.0178,887.1713,689.6664
118.0497,1,861.3752,692.0178,874.2732,690.842
118.0594,1,840.294,695.6547,857.2836,693.2484
118.0712,1,840.294,695.6547,848.7888,694.4515
118.0818,1,840.294,695.6547,844.5414,695.0531
118.0942,1,826.5456,707.8173,835.5435,701.4352
118.1049,1,826.5456,707.8173,831.0446,704.6262
118.1155,1,826.5456,707.8173,828.795,706.2218
118.1284,1,819.2821,716.0805,824.0386,711.1511
118.136,1,819.2821,716.0805,821.6603,713.6158
118.1472,1,819.2821,716.0805,820.4712,714.8481
118.1593,1,815.5562,721.223,818.0137,718.0355
118.1702,1,815.5562,721.223,816.7849,719.6293
118.1808,1,812.8325,722.8546,814.8087,721.2419
118.1956,1,812.8325,722.8546,813.8206,722.0482
118.203,1,812.8325,722.8546,813.3265,722.4514
118.214,1,845.2043,729.0401,829.2654,725.7457
118.2274,1,845.2043,729.0401,837.2349,727.3929
118.236,1,845.2043,729.0401,841.2196,728.2166
118.2489,1,942.8506,740.6553,892.0352,734.4359
118.2598,1,942.8506,740.6553,917.4429,737.5457
118.2722,1,1174.52,768.45,1045.981,752.9978
118.2834,1,1174.52,768.45,1110.25,760.7239
118.2938,1,1174.52,768.45,1142.385,764.5869
118.3061,1,1361.546,790.3129,1251.966,777.45
118.3148,1,1361.546,790.3129,1306.756,783.8815
118.3273,1,1361.546,790.3129,1334.151,787.0972
118.3372,1,1466.139,803.2395,1400.145,795.1683
118.3488,1,1466.139,803.2395,1433.142,799.2039
118.3596,1,1466.139,803.2395,1449.641,801.2217
118.3715,1,1519.6,810.7615,1484.62,805.9916
118.3846,1,1519.6,810.7615,1502.11,808.3766
118.3982,1,1548.607,814.6648,1525.359,811.5207
118.4048,1,1548.607,814.6648,1536.983,813.0928
118.4131,1,1548.607,814.6648,1542.795,813.8788
118.4268,1,1561.612,817.0016,1552.203,815.4402
118.435,1,1561.612,817.0016,1556.908,816.2209
118.4474,1,1561.612,817.0016,1559.26,816.6112
118.4695,1,1571.067,820.7485,1565.163,818.6799
118.4759,1,1571.067,820.7485,1568.115,819.7142
118.4852,1,1576.878,821.8723,1572.497,820.7933
118.4955,1,1576.878,821.8723,1574.687,821.3328
118.5068,1,1576.878,821.8723,1575.782,821.6025
118.5162,1,1580.323,822.7562,1578.053,822.1793
118.5287,1,1580.323,822.7562,1579.188,822.4678
118.5382,1,1580.323,822.7562,1579.756,822.6119
118.555,1,1581.519,822.3262,1580.637,822.4691
118.5683,1,1581.519,822.3262,1581.078,822.3976
118.5802,1,1582.485,821.3552,1581.782,821.8764
118.5878,1,1582.485,821.3552,1582.134,821.6158
118.5947,1,1582.485,821.3552,1582.31,821.4855
118.6071,1,1579.035,820.7698,1580.672,821.1277
118.6173,1,1579.035,820.7698,1579.854,820.9487
118.6299,1,1579.035,820.7698,1579.444,820.8593
118.6405,1,1574.082,818.8583,1576.763,819.8588
118.6518,1,1574.082,818.8583,1575.422,819.3585
118.6647,1,1571.08,817.4424,1573.251,818.4005
118.6752,1,1571.08,817.4424,1572.166,817.9214
118.6856,1,1571.08,817.4424,1571.623,817.6819
118.6957,1,1569.327,816.5341,1570.475,817.108
118.7088,1,1569.327,816.5341,1569.901,816.821
118.7176,1,1569.327,816.5341,1569.614,816.6776
118.7293,1,1568.036,816.0251,1568.825,816.3513
118.7386,1,1568.036,816.0251,1568.43,816.1882
118.752,1,1568.036,816.0251,1568.233,816.1067
118.7609,1,1566.79,815.2894,1567.512,815.698
118.7728,1,1566.79,815.2894,1567.151,815.4937
118.7845,1,1565.324,814.3356,1566.237,814.9147
118.7958,1,1565.324,814.3356,1565.781,814.6251
118.8085,1,1565.324,814.3356,1565.552,814.4803
118.8174,1,1563.859,813.5159,1564.705,813.9982
118.8296,1,1563.859,813.5159,1564.282,813.7571
118.8396,1,1563.859,813.5159,1564.07,813.6365
118.8511,1,1562.657,812.6689,1563.364,813.1527
118.8629,1,1562.657,812.6689,1563.01,812.9108
118.8728,1,1562.657,812.6689,1562.833,812.7898
118.8853,1,1561.407,811.6643,1562.12,812.2271
118.8947,1,1561.407,811.6643,1561.763,811.9457
118.9061,1,1559.579,810.5464,1560.671,811.246
118.9162,1,1559.579,810.5464,1560.125,810.8962
118.9285,1,1559.579,810.5464,1559.852,810.7213
118.9396,1,1557.96,809.9988,1558.906,810.36
118.9512,1,1557.96,809.9988,1558.433,810.1794
118.9611,1,1557.96,809.9988,1558.196,810.0891
118.9725,1,1556.627,809.8107,1557.412,809.9499
118.9834,1,1556.627,809.8107,1557.02,809.8802
118.9935,1,1556.627,809.8107,1556.823,809.8455
119.0035,1,1555.595,809.8716,1556.209,809.8585
119.0133,1,1555.595,809.8716,1555.902,809.8651
119.0272,1,1554.45,809.8683,1555.176,809.8667
119.0366,1,1554.45,809.8683,1554.813,809.8676
119.0477,1,1554.45,809.8683,1554.632,809.8679
119.0591,1,1553.566,809.7263,1554.099,809.7971
119.0714,1,1553.566,809.7263,1553.832,809.7617
119.0808,1,1553.566,809.7263,1553.699,809.744
119.0941,1,1552.281,809.5548,1552.99,809.6494
119.1057,1,1552.281,809.5548,1552.635,809.6021
119.1147,1,1552.281,809.5548,1552.458,809.5785
119.1273,1,1551.349,809.7925,1551.904,809.6855
119.1359,1,1551.349,809.7925,1551.626,809.739
119.1483,1,1550.618,809.8028,1551.122,809.7709
119.1594,1,1550.618,809.8028,1550.87,809.7869
119.1712,1,1550.618,809.8028,1550.744,809.7948
119.1807,1,1549.655,809.8056,1550.199,809.8002
119.1928,1,1549.655,809.8056,1549.927,809.8029
119.2033,1,1549.655,809.8056,1549.791,809.8042
119.2137,1,1548.824,809.9351,1549.308,809.8696
119.2281,1,1548.824,809.9351,1549.066,809.9023
119.2356,1,1548.824,809.9351,1548.945,809.9187
119.2477,1,1548.122,810.0667,1548.533,809.9927
119.2583,1,1548.122,810.0667,1548.327,810.0297
119.2712,1,1547.417,809.9985,1547.872,810.0141
119.2835,1,1547.417,809.9985,1547.644,810.0063
119.2944,1,1547.417,809.9985,1547.531,810.0024
119.3059,1,1546.601,809.9474,1547.066,809.975
119.3166,1,1546.601,809.9474,1546.833,809.9612
119.3288,1,1545.96,809.725,1546.397,809.8431
119.3386,1,1545.96,809.725,1546.178,809.7841
119.3501,1,1545.96,809.725,1546.069,809.7545
119.3616,1,1545.449,809.5018,1545.759,809.6282
119.3732,1,1545.449,809.5018,1545.604,809.565
119.3857,1,1545.449,809.5018,1545.527,809.5334
119.3957,1,1544.552,809.4131,1545.039,809.4733
119.4088,1,1544.552,809.4131,1544.795,809.4432
119.4177,1,1544.552,809.4131,1544.673,809.4281
119.4297,1,1543.635,809.3192,1544.154,809.3737
119.4406,1,1543.635,809.3192,1543.895,809.3464
119.451,1,1543.108,809.225,1543.501,809.2857
119.463,1,1543.108,809.225,1543.305,809.2554
119.4746,1,1543.108,809.225,1543.207,809.2402
119.4851,1,1542.447,809.2304,1542.827,809.2353
119.4947,1,1542.447,809.2304,1542.637,809.2328
119.506,1,1542.447,809.2304,1542.542,809.2316
119.5163,1,1541.361,809.4118,1541.951,809.3217
119.5281,1,1541.361,809.4118,1541.656,809.3668
119.537,1,1541.361,809.4118,1541.508,809.3893
119.5508,1,1540.874,809.3823,1541.191,809.3857
119.5618,1,1540.874,809.3823,1541.032,809.384
119.5752,1,1540.337,809.1984,1540.685,809.2912
119.5843,1,1540.337,809.1984,1540.511,809.2448
119.5944,1,1540.337,809.1984,1540.424,809.2216
119.6059,1,1539.31,808.8686,1539.867,809.045
119.6143,1,1539.31,808.8686,1539.588,808.9568
119.6274,1,1539.31,808.8686,1539.449,808.9127
119.6356,1,1538.357,808.906,1538.903,808.9094
119.6503,1,1538.357,808.906,1538.63,808.9077
119.6598,1,1537.287,808.4267,1537.958,808.6672
119.6719,1,1537.287,808.4267,1537.623,808.547
119.6814,1,1537.287,808.4267,1537.455,808.4868
119.6939,1,1536.155,807.9898,1536.805,808.2383
119.7062,1,1536.155,807.9898,1536.48,808.114
119.715,1,1536.155,807.9898,1536.318,808.0519
119.7283,1,1535.055,807.4279,1535.686,807.7399
119.7367,1,1535.055,807.4279,1535.371,807.5839
119.7491,1,1535.055,807.4279,1535.213,807.5059
119.7604,1,1533.715,806.5132,1534.464,807.0095
119.7703,1,1533.715,806.5132,1534.089,806.7614
119.7805,1,1533.715,806.5132,1533.902,806.6373
119.7923,1,1532.135,805.6737,1533.019,806.1555
119.8013,1,1532.135,805.6737,1532.577,805.9146
119.8147,1,1530.775,805.2742,1531.676,805.5944
119.8262,1,1530.775,805.2742,1531.226,805.4343
119.8365,1,1530.775,805.2742,1531,805.3542
119.8485,1,1529.33,804.1058,1530.165,804.73
119.8591,1,1529.33,804.1058,1529.748,804.4178
119.8724,1,1525.53,800.9691,1527.639,802.6935
119.8817,1,1525.53,800.9691,1526.584,801.8313
119.8958,1,1525.53,800.9691,1526.057,801.4002
119.9053,1,1521.614,797.3778,1523.835,799.389
119.9158,1,1521.614,797.3778,1522.725,798.3834
119.9286,1,1521.614,797.3778,1522.169,797.8806
119.9376,1,1518.118,793.5477,1520.144,795.7141
119.9516,1,1518.118,793.5477,1519.131,794.6309
119.9616,1,1518.118,793.5477,1518.624,794.0892
119.9742,1,1514.275,789.0764,1516.45,791.5828
119.9847,1,1514.275,789.0764,1515.362,790.3296
119.9947,1,1510.827,785.5001,1513.094,787.9149
120.0051,1,1510.827,785.5001,1511.96,786.7075
120.0156,1,1510.827,785.5001,1511.394,786.1038
120.0282,1,1507.307,781.9563,1509.351,784.03
120.0375,1,1507.307,781.9563,1508.329,782.9932
120.0509,1,1507.307,781.9563,1507.818,782.4747
120.0607,1,1504.762,779.2048,1506.29,780.8397
120.0736,1,1504.762,779.2048,1505.526,780.0222
120.0842,1,1502.07,776.9418,1503.798,778.4821
120.0941,1,1502.07,776.9418,1502.934,777.7119
120.1053,1,1502.07,776.9418,1502.502,777.3269
120.1155,1,1499.314,775.0802,1500.908,776.2036
120.1293,1,1499.314,775.0802,1500.111,775.6418
120.1375,1,1499.314,775.0802,1499.713,775.361
120.1498,1,1497.678,773.2236,1498.695,774.2924
120.16,1,1497.678,773.2236,1498.187,773.758
120.1712,1,1497.678,773.2236,1497.932,773.4908
120.1816,1,1495.487,771.2483,1496.709,772.3696
120.1945,1,1495.487,771.2483,1496.098,771.809
120.206,1,1493.665,769.3822,1494.881,770.5956
120.2145,1,1493.665,769.3822,1494.273,769.9889
120.2268,1,1493.665,769.3822,1493.969,769.6855
120.2353,1,1492.263,767.4711,1493.116,768.5784
120.259,1,1492.263,767.4711,1492.69,768.0248
120.2652,1,1490.882,765.9272,1491.786,766.976
120.2747,1,1490.882,765.9272,1491.334,766.4517
120.2853,1,1490.882,765.9272,1491.108,766.1895
120.296,1,1489.545,764.1776,1490.326,765.1835
120.3091,1,1489.545,764.1776,1489.935,764.6805
120.3178,1,1489.545,764.1776,1489.74,764.4291
120.3309,1,1488.084,762.0822,1488.912,763.2556
120.3405,1,1488.084,762.0822,1488.498,762.6689
120.3517,1,1488.084,762.0822,1488.291,762.3756
120.3631,1,1486.303,760.1647,1487.297,761.2701
120.3719,1,1486.303,760.1647,1486.8,760.7174
120.3847,1,1484.432,758.8147,1485.616,759.7661
120.3962,1,1484.432,758.8147,1485.024,759.2904
120.409,1,1484.432,758.8147,1484.728,759.0526
120.4172,1,1482.798,757.6973,1483.763,758.3749
120.4298,1,1482.798,757.6973,1483.281,758.0361
120.4407,1,1482.798,757.6973,1483.04,757.8667
120.4521,1,1480.742,756.7289,1481.891,757.2979
120.4646,1,1480.742,756.7289,1481.317,757.0134
120.4754,1,1478.802,755.1284,1480.059,756.0709
120.4863,1,1478.802,755.1284,1479.431,755.5996
120.4963,1,1478.802,755.1284,1479.116,755.364
120.5084,1,1477.122,753.5938,1478.119,754.4789
120.5175,1,1477.122,753.5938,1477.621,754.0364
120.5297,1,1477.122,753.5938,1477.372,753.8151
120.5398,1,1475.641,752.7996,1476.506,753.3073
120.5517,1,1475.641,752.7996,1476.074,753.0535
120.5614,1,1475.641,752.7996,1475.857,752.9265
120.5721,1,1473.811,751.1989,1474.834,752.0627
120.5833,1,1473.811,751.1989,1474.322,751.6307
120.5936,1,1473.811,751.1989,1474.066,751.4148
120.6039,1,1471.698,749.6935,1472.882,750.5542
120.6144,1,1471.698,749.6935,1472.29,750.1239
120.6273,1,1469.737,748.3062,1471.013,749.2151
120.6368,1,1469.737,748.3062,1470.375,748.7606
120.6488,1,1469.737,748.3062,1470.056,748.5334
120.6605,1,1467.87,747.2691,1468.963,747.9012
120.6714,1,1467.87,747.2691,1468.417,747.5852
120.6861,1,1467.87,747.2691,1468.144,747.4271
120.6944,1,1466.132,746.356,1467.138,746.8916
120.7066,1,1466.132,746.356,1466.635,746.6238
120.7165,1,1466.132,746.356,1466.383,746.4899
120.7316,1,1463.589,744.8472,1464.986,745.6686
120.739,1,1463.589,744.8472,1464.288,745.2579
120.751,1,1461.151,743.1642,1462.719,744.2111
120.7643,1,1461.151,743.1642,1461.935,743.6876
120.7743,1,1461.151,743.1642,1461.543,743.4259
120.7864,1,1457.969,741.3464,1459.756,742.3862
120.7964,1,1457.969,741.3464,1458.863,741.8663
120.8095,1,1455.135,739.5333,1456.999,740.6998
120.8179,1,1455.135,739.5333,1456.067,740.1166
120.8298,1,1455.135,739.5333,1455.601,739.825
120.8405,1,1452.464,736.7071,1454.033,738.266
120.8513,1,1452.464,736.7071,1453.248,737.4866
120.8634,1,1452.464,736.7071,1452.856,737.0968
120.8729,1,1449.925,734.0663,1451.391,735.5815
120.8842,1,1449.925,734.0663,1450.658,734.8239
120.8954,1,1449.925,734.0663,1450.292,734.4451
120.9056,1,1447.456,731.8475,1448.874,733.1463
120.9161,1,1447.456,731.8475,1448.165,732.4969
120.9273,1,1447.456,731.8475,1447.811,732.1722
120.9375,1,1444.92,729.8775,1446.365,731.0249
120.9498,1,1444.92,729.8775,1445.642,730.4512
120.9598,1,1442.372,728.1848,1444.007,729.318
120.9706,1,1442.372,728.1848,1443.189,728.7514
120.9815,1,1442.372,728.1848,1442.781,728.4681
120.9942,1,1439.416,726.2014,1441.098,727.3347
121.0057,1,1439.416,726.2014,1440.257,726.7681
121.0157,1,1439.416,726.2014,1439.836,726.4847
121.0283,1,1436.208,723.9265,1438.022,725.2056
121.0371,1,1436.208,723.9265,1437.115,724.566
121.0489,1,1436.208,723.9265,1436.662,724.2462
121.0595,1,1431.836,720.1984,1434.249,722.2223
121.07,1,1431.836,720.1984,1433.043,721.2103
121.0805,1,1427.578,716.4398,1430.31,718.8251
121.0935,1,1427.578,716.4398,1428.944,717.6324
121.1029,1,1427.578,716.4398,1428.261,717.0361
121.1149,1,1423.653,712.9877,1425.957,715.012
121.1282,1,1423.653,712.9877,1424.805,713.9999
121.1384,1,1423.653,712.9877,1424.229,713.4938
121.1509,1,1420.386,708.8713,1422.308,711.1826
121.1618,1,1420.386,708.8713,1421.347,710.027
121.1723,1,1417.034,705.9813,1419.191,708.0042
121.1836,1,1417.034,705.9813,1418.112,706.9927
121.1959,1,1417.034,705.9813,1417.573,706.4869
121.2087,1,1414.378,703.9351,1415.975,705.2111
121.2174,1,1414.378,703.9351,1415.177,704.5731
121.2286,1,1414.378,703.9351,1414.777,704.2542
121.2381,1,1412.846,702.1954,1413.812,703.2247
121.2513,1,1412.846,702.1954,1413.329,702.7101
121.2634,1,1411.017,699.6396,1412.173,701.1749
121.272,1,1411.017,699.6396,1411.595,700.4072
121.284,1,1411.017,699.6396,1411.306,700.0234
121.2944,1,1408.796,697.7158,1410.051,698.8696
121.305,1,1408.796,697.7158,1409.424,698.2927
121.3169,1,1408.796,697.7158,1409.11,698.0043
121.3288,1,1406.703,695.7062,1407.906,696.8552
121.343,1,1406.703,695.7062,1407.305,696.2808
121.3546,1,1405.138,693.9598,1406.221,695.1202
121.3679,1,1405.138,693.9598,1405.679,694.54
121.3792,1,1405.138,693.9598,1405.408,694.2499
121.3864,1,1404.03,692.9641,1404.719,693.6069
121.395,1,1404.03,692.9641,1404.375,693.2855
121.406,1,1404.03,692.9641,1404.202,693.1248
121.4161,1,1403.641,692.8203,1403.922,692.9725
121.4274,1,1403.641,692.8203,1403.781,692.8964
121.4358,1,1403.641,692.8203,1403.711,692.8584
121.4491,1,1402.559,692.6957,1403.135,692.7771
121.4609,1,1402.559,692.6957,1402.847,692.7365
121.473,1,1401.353,692.4655,1402.1,692.601
121.4846,1,1401.353,692.4655,1401.727,692.5332
121.4952,1,1401.353,692.4655,1401.54,692.4993
121.5061,1,1400.848,692.4277,1401.194,692.4635
121.5156,1,1400.848,692.4277,1401.021,692.4456
121.5276,1,1400.848,692.4277,1400.934,692.4366
121.5365,1,1399.809,692.1449,1400.372,692.2908
121.5487,1,1399.809,692.1449,1400.091,692.2178
121.5592,1,1399.809,692.1449,1399.95,692.1814
121.57,1,1399.071,692.3224,1399.511,692.2519
121.58,1,1399.071,692.3224,1399.291,692.2871
121.5925,1,1399.071,692.3224,1399.181,692.3047
121.6041,1,1398.479,692.0715,1398.83,692.1881
121.6135,1,1398.479,692.0715,1398.654,692.1298
121.6258,1,1398.07,692.1077,1398.362,692.1187
121.6347,1,1398.07,692.1077,1398.216,692.1132
121.6477,1,1398.07,692.1077,1398.143,692.1104
121.6574,1,1397.442,692.0631,1397.792,692.0868
121.6687,1,1397.442,692.0631,1397.617,692.075
121.6792,1,1397.442,692.0631,1397.53,692.069
121.6917,1,1399.337,694.3536,1398.433,693.2113
121.6987,1,1399.337,694.3536,1398.885,693.7825
121.7104,1,1399.337,694.3536,1399.111,694.068
121.7195,1,1408.611,707.1008,1403.861,700.5844
121.7326,1,1408.611,707.1008,1406.236,703.8425
121.7433,1,1408.611,707.1008,1407.423,705.4717
121.7515,1,1423.28,727.264,1415.352,716.3679
121.7647,1,1423.28,727.264,1419.316,721.8159
121.776,1,1439.512,747.36,1429.414,734.588
121.7866,1,1439.512,747.36,1434.463,740.974
121.7962,1,1439.512,747.36,1436.987,744.167
121.8085,1,1452.373,763.4941,1444.68,753.8306
121.8178,1,1452.373,763.4941,1448.526,758.6624
121.8297,1,1452.373,763.4941,1450.449,761.0782
121.8389,1,1461.347,775.3271,1455.898,768.2026
121.8517,1,1461.347,775.3271,1458.623,771.7649
121.8637,1,1461.347,775.3271,1459.985,773.546
121.8746,1,1468.23,785.0125,1464.107,779.2792
121.8862,1,1468.23,785.0125,1466.169,782.1459
121.8963,1,1473.845,793.156,1470.007,787.6509
121.9087,1,1473.845,793.156,1471.926,790.4034
121.9171,1,1473.845,793.156,1472.885,791.7797
121.9297,1,1479.619,799.5515,1476.252,795.6656
121.9381,1,1479.619,799.5515,1477.936,797.6085
121.9512,1,1479.619,799.5515,1478.777,798.58
121.9614,1,1482.479,804.2767,1480.628,801.4283
121.9727,1,1482.479,804.2767,1481.554,802.8525
121.9844,1,1482.479,804.2767,1482.016,803.5646
121.9955,1,1484.324,811.3367,1483.17,807.4506
122.0069,1,1484.324,811.3367,1483.747,809.3937
122.0166,1,1488.073,819.2719,1485.91,814.3328
122.0328,1,1488.073,819.2719,1486.991,816.8023
122.0385,1,1488.073,819.2719,1487.532,818.0371
122.0502,1,1500.334,828.3923,1493.933,823.2147
122.0609,1,1500.334,828.3923,1497.134,825.8035
122.074,1,1500.334,828.3923,1498.734,827.0979
122.0844,1,1511.562,836.6825,1505.148,831.8902
122.095,1,1511.562,836.6825,1508.355,834.2864
122.1075,1,1519.728,843.5671,1514.042,838.9268
122.1177,1,1519.728,843.5671,1516.885,841.2469
122.1344,1,1519.728,843.5671,1518.306,842.407
122.1464,1,1527.435,848.8953,1522.87,845.6511
122.1525,1,1527.435,848.8953,1525.153,847.2732
122.1627,1,1527.435,848.8953,1526.294,848.0842
122.1716,1,1532.816,852.4531,1529.555,850.2687
122.1843,1,1532.816,852.4531,1531.185,851.3608
122.2001,1,1537.155,855.104,1534.17,853.2324
122.2104,1,1537.155,855.104,1535.663,854.1682
122.2173,1,1537.155,855.104,1536.409,854.6361
122.231,1,1540.735,857.6102,1538.572,856.1232
122.2413,1,1540.735,857.6102,1539.654,856.8667
122.2527,1,1540.735,857.6102,1540.195,857.2385
122.2646,1,1537.492,854.9338,1538.843,856.0861
122.2754,1,1537.492,854.9338,1538.168,855.5099
122.2864,1,1537.492,854.9338,1537.83,855.2219
122.2963,1,1534.508,851.7274,1536.169,853.4746
122.3086,1,1534.508,851.7274,1535.338,852.601
122.3175,1,1534.508,851.7274,1534.923,852.1642
122.3296,1,1532.955,850.187,1533.939,851.1755
122.3379,1,1532.955,850.187,1533.447,850.6813
122.352,1,1531.867,849.1778,1532.657,849.9296
122.3617,1,1531.867,849.1778,1532.262,849.5537
122.3716,1,1531.867,849.1778,1532.065,849.3657
122.3835,1,1530.131,847.3364,1531.098,848.3511
122.3945,1,1530.131,847.3364,1530.614,847.8438
122.4053,1,1530.131,847.3364,1530.373,847.5901
122.416,1,1527.434,845.1293,1528.903,846.3597
122.43,1,1527.434,845.1293,1528.169,845.7445
122.4382,1,1527.434,845.1293,1527.801,845.4369
122.4504,1,1524.147,842.017,1525.974,843.7269
122.4604,1,1524.147,842.017,1525.061,842.8719
122.4712,1,1520.783,839.3644,1522.922,841.1182
122.4817,1,1520.783,839.3644,1521.852,840.2413
122.4943,1,1520.783,839.3644,1521.317,839.8029
122.5046,1,1517.413,836.0014,1519.365,837.9021
122.5166,1,1517.413,836.0014,1518.389,836.9518
122.5286,1,1517.413,836.0014,1517.901,836.4766
122.537,1,1513.975,833.7578,1515.938,835.1172
122.5499,1,1513.975,833.7578,1514.956,834.4375
122.5605,1,1510.935,831.5248,1512.946,832.9812
122.5718,1,1510.935,831.5248,1511.941,832.2531
122.5831,1,1510.935,831.5248,1511.438,831.8889
122.5928,1,1507.906,829.6839,1509.672,830.7864
122.6052,1,1507.906,829.6839,1508.789,830.2351
122.6164,1,1507.906,829.6839,1508.348,829.9595
122.6309,1,1505.644,828.1176,1506.996,829.0385
122.6402,1,1505.644,828.1176,1506.32,828.578
122.6518,1,1503.389,826.1501,1504.854,827.3641
122.6633,1,1503.389,826.1501,1504.122,826.7571
122.6749,1,1503.389,826.1501,1503.756,826.4536
122.6853,1,1501.099,823.8289,1502.427,825.1412
122.6962,1,1501.099,823.8289,1501.763,824.485
122.7107,1,1498.409,821.2299,1500.086,822.8574
122.7184,1,1498.409,821.2299,1499.247,822.0436
122.7317,1,1498.409,821.2299,1498.828,821.6367
122.7428,1,1495.891,818.8834,1497.36,820.26
122.7513,1,1495.891,818.8834,1496.625,819.5717
122.764,1,1495.891,818.8834,1496.258,819.2275
122.7749,1,1494.143,816.192,1495.201,817.7098
122.7855,1,1494.143,816.192,1494.672,816.9509
122.7961,1,1494.143,816.192,1494.408,816.5715
122.8085,1,1491.643,813.9538,1493.025,815.2626
122.817,1,1491.643,813.9538,1492.334,814.6082
122.8301,1,1491.643,813.9538,1491.988,814.281
122.8413,1,1489.481,811.9227,1490.735,813.1018
122.8516,1,1489.481,811.9227,1490.108,812.5122
122.8637,1,1487.249,809.9201,1488.678,811.2162
122.8734,1,1487.249,809.9201,1487.964,810.5681
122.885,1,1487.249,809.9201,1487.607,810.2441
122.895,1,1484.783,807.9574,1486.195,809.1008
122.9059,1,1484.783,807.9574,1485.489,808.5291
122.9164,1,1484.783,807.9574,1485.136,808.2432
122.9284,1,1482.897,806.9237,1484.017,807.5835
122.9371,1,1482.897,806.9237,1483.457,807.2536
122.9494,1,1482.897,806.9237,1483.177,807.0886
122.9605,1,1481.463,806.5304,1482.32,806.8095
122.9714,1,1481.463,806.5304,1481.891,806.6699
122.9797,1,1481.463,806.5304,1481.677,806.6002
122.9919,1,1456.757,770.1334,1469.217,788.3668
123.001,1,1456.757,770.1334,1462.987,779.2501
123.0136,1,1384.694,594.8071,1423.841,687.0286
123.0278,1,1384.694,594.8071,1404.267,640.9178
123.035,1,1384.694,594.8071,1394.481,617.8625
123.0484,1,1328.474,420.8382,1361.478,519.3503
123.0588,1,1328.474,420.8382,1344.976,470.0943
123.0698,1,1328.474,420.8382,1336.725,445.4662
123.0799,1,1302.664,339.2041,1319.695,392.3352
123.0938,1,1302.664,339.2041,1311.18,365.7697
123.1011,1,1302.664,339.2041,1306.922,352.4869
123.1136,1,1291.513,301.835,1299.218,327.1609
123.1236,1,1291.513,301.835,1295.365,314.498
123.1336,1,1287.432,284.537,1291.398,299.5175
123.146,1,1287.432,284.537,1289.415,292.0273
123.1553,1,1287.432,284.537,1288.423,288.2822
123.1672,1,1278.327,265.2953,1283.375,276.7888
123.1798,1,1278.327,265.2953,1280.851,271.0421
123.192,1,1278.327,265.2953,1279.589,268.1687
123.205,1,1268.424,251.1785,1274.006,259.6736
123.2124,1,1268.424,251.1785,1271.215,255.4261
123.225,1,1264.551,241.8422,1267.883,248.6341
123.2334,1,1264.551,241.8422,1266.217,245.2382
123.2472,1,1264.551,241.8422,1265.384,243.5402
123.2555,1,1262.884,238.2159,1264.134,240.878
123.2681,1,1262.884,238.2159,1263.509,239.5469
123.2794,1,1262.884,238.2159,1263.197,238.8814
123.2901,1,1273.51,242.2389,1268.353,240.5602
123.2999,1,1273.51,242.2389,1270.931,241.3996
123.3118,1,1273.51,242.2389,1272.22,241.8192
123.3213,1,1284.273,246.5725,1278.247,244.1959
123.3332,1,1284.273,246.5725,1281.26,245.3842
123.3441,1,1284.273,246.5725,1282.767,245.9783
123.3541,1,1289.814,249.2594,1286.29,247.6189
123.3667,1,1289.814,249.2594,1288.052,248.4391
123.3765,1,1292.677,262.6012,1290.365,255.5202
123.3875,1,1292.677,262.6012,1291.521,259.0607
123.3962,1,1292.677,262.6012,1292.099,260.831
123.4068,1,1312.517,392.619,1302.308,326.725
123.4174,1,1312.517,392.619,1307.413,359.672
123.4298,1,1312.517,392.619,1309.965,376.1455
123.4456,1,1339.143,569.612,1324.554,472.8788
123.453,1,1339.143,569.612,1331.848,521.2454
123.4645,1,1339.143,569.612,1335.496,545.4287
123.4751,1,1357.316,671.914,1346.406,608.6714
123.4854,1,1357.316,671.914,1351.861,640.2927
123.4967,1,1364.618,719,1358.239,679.6464
123.5115,1,1364.618,719,1361.428,699.3232
123.5231,1,1364.618,719,1363.023,709.1616
123.5344,1,1368.304,741.5153,1365.664,725.3384
123.5461,1,1368.304,741.5153,1366.984,733.4269
123.553,1,1368.304,741.5153,1367.644,737.4711
123.5653,1,1372.085,751.3492,1369.865,744.4102
123.5758,1,1372.085,751.3492,1370.975,747.8797
123.5867,1,1372.085,751.3492,1371.53,749.6145
123.5969,1,1386.278,753.9329,1378.904,751.7737
123.6097,1,1386.278,753.9329,1382.591,752.8533
123.619,1,1400.83,756.2006,1391.711,754.5269
123.631,1,1400.83,756.2006,1396.271,755.3638
123.6434,1,1400.83,756.2006,1398.551,755.7822
123.6516,1,1408.673,755.4642,1403.612,755.6232
123.6637,1,1408.673,755.4642,1406.143,755.5437
123.6734,1,1408.673,755.4642,1407.408,755.504
123.6857,1,1411.708,755.3388,1409.558,755.4214
123.698,1,1411.708,755.3388,1410.633,755.3801
123.7053,1,1411.708,755.3388,1411.17,755.3595
123.7149,1,1412.855,755.8799,1412.013,755.6198
123.7285,1,1412.855,755.8799,1412.434,755.7499
123.7373,1,1412.855,755.8799,1412.645,755.8149
123.7509,1,1413.775,755.7428,1413.21,755.7789
123.7616,1,1413.775,755.7428,1413.492,755.7609
123.7733,1,1414.339,755.5944,1413.916,755.6776
123.7838,1,1414.339,755.5944,1414.127,755.636
123.7941,1,1414.339,755.5944,1414.233,755.6152
123.8052,1,1413.942,755.3802,1414.088,755.4977
123.8154,1,1413.942,755.3802,1414.015,755.439
123.8285,1,1413.952,754.4944,1413.983,754.9667
123.8381,1,1413.952,754.4944,1413.968,754.7306
123.8509,1,1413.952,754.4944,1413.96,754.6125
123.8606,1,1414.079,753.3538,1414.019,753.9832
123.8725,1,1414.079,753.3538,1414.049,753.6685
123.884,1,1414.079,753.3538,1414.064,753.5111
123.8951,1,1414.166,752.7768,1414.115,753.1439
123.9062,1,1414.166,752.7768,1414.14,752.9603
123.9166,1,1414.166,752.7768,1414.153,752.8685
123.9284,1,1414.036,752.6265,1414.095,752.7475
123.9373,1,1414.036,752.6265,1414.066,752.687
123.9494,1,1413.848,752.2248,1413.957,752.4559
123.9601,1,1413.848,752.2248,1413.902,752.3403
123.9699,1,1413.848,752.2248,1413.875,752.2826
123.9793,1,1413.848,752.2248,1413.862,752.2537
123.9925,1,1413.566,752.1554,1413.714,752.2045
124.0017,1,1413.566,752.1554,1413.64,752.1799
124.0134,1,1413.305,752.1114,1413.472,752.1456
124.0278,1,1413.305,752.1114,1413.389,752.1285
124.0352,1,1413.305,752.1114,1413.347,752.12
124.047,1,1412.863,751.735,1413.105,751.9275
124.058,1,1412.863,751.735,1412.984,751.8313
124.0686,1,1412.863,751.735,1412.923,751.7832
124.0794,1,1412.333,751.2155,1412.628,751.4993
124.0903,1,1412.333,751.2155,1412.48,751.3574
124.1002,1,1411.086,750.0602,1411.783,750.7089
124.1156,1,1411.086,750.0602,1411.435,750.3845
124.1275,1,1411.086,750.0602,1411.26,750.2224
124.1359,1,1409.722,748.8268,1410.491,749.5246
124.1483,1,1409.722,748.8268,1410.106,749.1757
124.1584,1,1409.722,748.8268,1409.914,749.0012
124.1698,1,1407.673,746.5279,1408.794,747.7645
124.1799,1,1407.673,746.5279,1408.233,747.1462
124.1925,1,1405.568,744.3067,1406.901,745.7264
124.2019,1,1405.568,744.3067,1406.234,745.0166
124.2135,1,1405.568,744.3067,1405.901,744.6616
124.2246,1,1403.253,742.4894,1404.577,743.5756
124.2351,1,1403.253,742.4894,1403.915,743.0325
124.2473,1,1403.253,742.4894,1403.584,742.761
124.256,1,1400.384,740.1483,1401.984,741.4547
124.268,1,1400.384,740.1483,1401.184,740.8015
124.2782,1,1400.384,740.1483,1400.784,740.4749
124.2919,1,1398.265,738.1843,1399.525,739.3296
124.3006,1,1398.265,738.1843,1398.895,738.757
124.3128,1,1395.949,736.2838,1397.422,737.5204
124.3238,1,1395.949,736.2838,1396.686,736.9021
124.3323,1,1395.949,736.2838,1396.318,736.593
124.3442,1,1393.644,734.9887,1394.981,735.7908
124.3527,1,1393.644,734.9887,1394.313,735.3898
124.3649,1,1393.644,734.9887,1393.978,735.1892
124.3759,1,1390.94,732.7684,1392.459,733.9788
124.3874,1,1390.94,732.7684,1391.7,733.3737
124.3964,1,1390.94,732.7684,1391.32,733.071
124.4089,1,1388.188,731.5103,1389.754,732.2906
124.4188,1,1388.188,731.5103,1388.971,731.9005
124.4302,1,1388.188,731.5103,1388.579,731.7053
124.4389,1,1385.453,729.8153,1387.016,730.7603
124.4513,1,1385.453,729.8153,1386.235,730.2878
124.4612,1,1385.453,729.8153,1385.844,730.0516
124.472,1,1383.267,728.7376,1384.556,729.3946
124.4817,1,1383.267,728.7376,1383.912,729.0661
124.4946,1,1381.209,727.795,1382.561,728.4305
124.504,1,1381.209,727.795,1381.885,728.1128
124.5145,1,1381.209,727.795,1381.547,727.9539
124.5274,1,1379.198,726.7142,1380.373,727.334
124.5365,1,1379.198,726.7142,1379.785,727.0241
124.5486,1,1379.198,726.7142,1379.492,726.8691
124.561,1,1377.071,725.8679,1378.281,726.3685
124.5725,1,1377.071,725.8679,1377.676,726.1182
124.5833,1,1377.071,725.8679,1377.373,725.993
124.5932,1,1375.569,724.7018,1376.471,725.3474
124.6039,1,1375.569,724.7018,1376.02,725.0247
124.6145,1,1374.182,723.6466,1375.101,724.3356
124.6266,1,1374.182,723.6466,1374.642,723.9911
124.6356,1,1374.182,723.6466,1374.412,723.8188
124.6488,1,1372.566,722.9922,1373.489,723.4055
124.6586,1,1372.566,722.9922,1373.027,723.1989
124.6707,1,1372.566,722.9922,1372.796,723.0955
124.681,1,1371.355,722.1379,1372.076,722.6167
124.6928,1,1371.355,722.1379,1371.715,722.3773
124.7037,1,1371.355,722.1379,1371.535,722.2576
124.7145,1,1370.316,721.3816,1370.926,721.8196
124.7268,1,1370.316,721.3816,1370.621,721.6006
124.7378,1,1369.524,720.5968,1370.073,721.0987
124.7481,1,1369.524,720.5968,1369.799,720.8478
124.7584,1,1369.524,720.5968,1369.661,720.7223
124.7694,1,1368.644,719.4525,1369.153,720.0874
124.7836,1,1368.644,719.4525,1368.898,719.7699
124.7935,1,1368.644,719.4525,1368.771,719.6112
124.8035,1,1367.023,718.4211,1367.897,719.0161
124.8145,1,1367.023,718.4211,1367.46,718.7186
124.8259,1,1365.217,717.9331,1366.339,718.3259
124.8352,1,1365.217,717.9331,1365.778,718.1295
124.8475,1,1365.217,717.9331,1365.498,718.0313
124.8578,1,1363.985,717.9575,1364.742,717.9944
124.8669,1,1363.985,717.9575,1364.364,717.976
124.8776,1,1363.985,717.9575,1364.175,717.9667
124.8897,1,1362.044,718.0786,1363.109,718.0226
124.9038,1,1362.044,718.0786,1362.577,718.0506
124.9155,1,1362.044,718.0786,1362.31,718.0646
124.9265,1,1360.309,718.376,1361.31,718.2203
124.9341,1,1360.309,718.376,1360.809,718.2981
124.9459,1,1360.309,718.376,1360.559,718.337
124.9539,1,1358.717,718.5465,1359.638,718.4418
124.9677,1,1358.717,718.5465,1359.178,718.4941
124.9786,1,1356.307,718.4583,1357.742,718.4762
124.9889,1,1356.307,718.4583,1357.025,718.4672
124.9986,1,1356.307,718.4583,1356.666,718.4628
125.0114,1,1353.79,718.4657,1355.228,718.4642
125.0209,1,1353.79,718.4657,1354.509,718.465
125.0325,1,1353.79,718.4657,1354.149,718.4653
125.0443,1,1351.424,718.3764,1352.787,718.4209
125.0531,1,1351.424,718.3764,1352.105,718.3987
125.0661,1,1351.424,718.3764,1351.765,718.3876
125.0751,1,1349.723,718.7316,1350.744,718.5596
125.088,1,1349.723,718.7316,1350.234,718.6456
125.0971,1,1348.653,719.3311,1349.443,718.9883
125.1095,1,1348.653,719.3311,1349.048,719.1597
125.1177,1,1348.653,719.3311,1348.851,719.2454
125.1307,1,1347.674,718.8646,1348.263,719.055
125.1385,1,1347.674,718.8646,1347.969,718.9598
125.1513,1,1347.674,718.8646,1347.821,718.9122
125.1634,1,1348.227,718.5718,1348.024,718.742
125.1712,1,1348.227,718.5718,1348.126,718.6569
125.1839,1,1348.227,718.5718,1348.176,718.6143
125.1953,1,1349.348,718.6658,1348.762,718.6401
125.2065,1,1349.348,718.6658,1349.055,718.653
125.2177,1,1349.348,718.6658,1349.202,718.6594
125.2303,1,1350.081,718.6479,1349.641,718.6537
125.239,1,1350.081,718.6479,1349.861,718.6508
125.252,1,1350.856,718.7298,1350.358,718.6903
125.2633,1,1350.856,718.7298,1350.607,718.7101
125.2723,1,1350.856,718.7298,1350.732,718.72
125.2841,1,1351.688,718.8411,1351.21,718.7805
125.2953,1,1351.688,718.8411,1351.449,718.8108
125.306,1,1351.688,718.8411,1351.568,718.8259
125.3185,1,1353.883,720.1127,1352.725,719.4693
125.3303,1,1353.883,720.1127,1353.304,719.791
125.3387,1,1353.883,720.1127,1353.593,719.9518
125.3509,1,1357.287,721.8015,1355.44,720.8766
125.3613,1,1357.287,721.8015,1356.363,721.3391
125.3727,1,1361.006,723.7468,1358.684,722.543
125.3835,1,1361.006,723.7468,1359.845,723.1449
125.394,1,1361.006,723.7468,1360.425,723.4459
125.4044,1,1364.988,725.9214,1362.707,724.6836
125.4152,1,1364.988,725.9214,1363.848,725.3025
125.4273,1,1364.988,725.9214,1364.418,725.6119
125.4364,1,1368.778,727.8989,1366.598,726.7554
125.4484,1,1368.778,727.8989,1367.688,727.3271
125.4734,1,1372.831,730.2173,1370.259,728.7722
125.4796,1,1372.831,730.2173,1371.545,729.4948
125.4872,1,1372.831,730.2173,1372.188,729.856
125.4966,1,1377.265,732.7799,1374.727,731.318
125.5081,1,1377.265,732.7799,1375.996,732.049
125.5193,1,1377.265,732.7799,1376.63,732.4144
125.5308,1,1381.512,734.5693,1379.071,733.4919
125.5388,1,1381.512,734.5693,1380.292,734.0306
125.5529,1,1385.798,736.9372,1383.045,735.4839
125.5619,1,1385.798,736.9372,1384.422,736.2106
125.5733,1,1385.798,736.9372,1385.11,736.5739
125.5847,1,1389.799,739.2714,1387.454,737.9226
125.5949,1,1389.799,739.2714,1388.626,738.597
125.6062,1,1389.799,739.2714,1389.213,738.9342
125.6156,1,1392.732,741.2667,1390.972,740.1005
125.6308,1,1392.732,741.2667,1391.852,740.6836
125.6384,1,1392.732,741.2667,1392.292,740.9751
125.6527,1,1395.819,742.7308,1394.056,741.8529
125.6638,1,1395.819,742.7308,1394.938,742.2919
125.6721,1,1399.009,744.6815,1396.973,743.4867
125.6852,1,1399.009,744.6815,1397.991,744.0841
125.6954,1,1399.009,744.6815,1398.5,744.3828
125.7067,1,1401.986,745.2507,1400.243,744.8168
125.7177,1,1401.986,745.2507,1401.114,745.0337
125.7312,1,1401.986,745.2507,1401.55,745.1422
125.7413,1,1404.579,746.3883,1403.064,745.7653
125.7519,1,1404.579,746.3883,1403.822,746.0768
125.7634,1,1406.677,747.5287,1405.249,746.8027
125.7721,1,1406.677,747.5287,1405.963,747.1658
125.785,1,1406.677,747.5287,1406.32,747.3473
125.7955,1,1408.167,748.9324,1407.244,748.1399
125.8062,1,1408.167,748.9324,1407.705,748.5361
125.8173,1,1408.167,748.9324,1407.936,748.7343
125.8302,1,1409.684,749.7579,1408.81,749.2461
125.8396,1,1409.684,749.7579,1409.247,749.502
125.8519,1,1409.684,749.7579,1409.465,749.6299
125.8634,1,1411.107,751.1993,1410.286,750.4146
125.8727,1,1411.107,751.1993,1410.696,750.807
125.885,1,1412.37,752.5059,1411.533,751.6565
125.8953,1,1412.37,752.5059,1411.952,752.0812
125.9075,1,1412.37,752.5059,1412.161,752.2936
125.9174,1,1413.32,754.0297,1412.74,753.1616
125.9299,1,1413.32,754.0297,1413.03,753.5956
125.9389,1,1413.32,754.0297,1413.175,753.8126
125.9504,1,1415.148,755.5498,1414.162,754.6812
125.9639,1,1415.148,755.5498,1414.655,755.1155
125.9733,1,1418.2,757.3223,1416.427,756.2189
125.9844,1,1418.2,757.3223,1417.314,756.7706
125.9947,1,1418.2,757.3223,1417.757,757.0465
126.0063,1,1420.199,758.6268,1418.978,757.8367
126.0168,1,1420.199,758.6268,1419.588,758.2318
126.0296,1,1420.199,758.6268,1419.894,758.4293
126.0395,1,1422.038,760.2512,1420.966,759.3403
126.0497,1,1422.038,760.2512,1421.502,759.7958
126.0602,1,1422.038,760.2512,1421.77,760.0235
126.0717,1,1424.096,761.8396,1422.933,760.9315
126.0816,1,1424.096,761.8396,1423.514,761.3856
126.0939,1,1424.096,761.8396,1423.805,761.6125
126.1035,1,1425.998,762.7299,1424.901,762.1713
126.1146,1,1425.998,762.7299,1425.449,762.4506
126.1272,1,1428.78,763.6056,1427.115,763.0281
126.1355,1,1428.78,763.6056,1427.948,763.3168
126.1475,1,1428.78,763.6056,1428.364,763.4612
126.1572,1,1433.019,766.1295,1430.691,764.7953
126.1704,1,1433.019,766.1295,1431.855,765.4624
126.1794,1,1433.019,766.1295,1432.437,765.7959
126.1915,1,1436.976,768.675,1434.707,767.2355
126.2012,1,1436.976,768.675,1435.842,767.9552
126.2159,1,1440.552,770.5242,1438.197,769.2397
126.2274,1,1440.552,770.5242,1439.374,769.882
126.2348,1,1440.552,770.5242,1439.963,770.2031
126.2466,1,1443.603,772.9292,1441.783,771.5662
126.2553,1,1443.603,772.9292,1442.693,772.2477
126.2672,1,1443.603,772.9292,1443.148,772.5884
126.2776,1,1447.056,776.1918,1445.102,774.3901
126.2904,1,1447.056,776.1918,1446.079,775.291
126.3013,1,1447.056,776.1918,1446.568,775.7415
126.3139,1,1451.666,780.1475,1449.117,777.9445
126.3261,1,1451.666,780.1475,1450.391,779.046
126.3351,1,1451.666,780.1475,1451.028,779.5968
126.3473,1,1455.998,783.929,1453.513,781.7629
126.358,1,1455.998,783.929,1454.756,782.8459
126.3692,1,1460.363,787.5082,1457.56,785.1771
126.3797,1,1460.363,787.5082,1458.961,786.3427
126.3905,1,1460.363,787.5082,1459.662,786.9254
126.3995,1,1463.705,791.349,1461.684,789.1372
126.412,1,1463.705,791.349,1462.695,790.2431
126.4206,1,1463.705,791.349,1463.2,790.796
126.4332,1,1466.754,794.5657,1464.977,792.6809
126.4447,1,1466.754,794.5657,1465.866,793.6233
126.453,1,1466.754,794.5657,1466.31,794.0945
126.4657,1,1469.863,798.3163,1468.087,796.2054
126.4765,1,1469.863,798.3163,1468.975,797.2609
126.4878,1,1473.346,801.5141,1471.161,799.3875
126.4975,1,1473.346,801.5141,1472.253,800.4508
126.5111,1,1473.346,801.5141,1472.8,800.9824
126.5207,1,1476.534,804.5472,1474.667,802.7648
126.5332,1,1476.534,804.5472,1475.6,803.656
126.545,1,1476.534,804.5472,1476.067,804.1016
126.553,1,1478.924,807.961,1477.496,806.0313
126.566,1,1478.924,807.961,1478.21,806.9961
126.5757,1,1478.924,807.961,1478.567,807.4785
126.5864,1,1481.821,811.0083,1480.194,809.2434
126.5967,1,1481.821,811.0083,1481.007,810.1259
126.6075,1,1481.821,811.0083,1481.414,810.5671
126.6181,1,1484.447,814.0786,1482.931,812.3229
126.6309,1,1484.447,814.0786,1483.689,813.2007
126.64,1,1486.43,817.7377,1485.06,815.4692
126.6531,1,1486.43,817.7377,1485.745,816.6035
126.6643,1,1486.43,817.7377,1486.088,817.1705
126.6733,1,1488.714,820.9792,1487.401,819.0748
126.6864,1,1488.714,820.9792,1488.057,820.027
126.6963,1,1488.714,820.9792,1488.385,820.5031
126.7074,1,1491.385,823.5436,1489.885,822.0233
126.7178,1,1491.385,823.5436,1490.635,822.7834
126.7303,1,1493.54,825.5339,1492.087,824.1587
126.74,1,1493.54,825.5339,1492.814,824.8463
126.7517,1,1493.54,825.5339,1493.177,825.1901
126.7616,1,1495.637,827.36,1494.407,826.275
126.7724,1,1495.637,827.36,1495.022,826.8175
126.7837,1,1495.637,827.36,1495.33,827.0887
126.7944,1,1498.134,828.851,1496.732,827.9698
126.805,1,1498.134,828.851,1497.433,828.4104
126.8171,1,1498.134,828.851,1497.783,828.6307
126.8277,1,1499.933,830.0626,1498.858,829.3467
126.8371,1,1499.933,830.0626,1499.396,829.7047
126.8483,1,1499.933,830.0626,1499.664,829.8837
126.8586,1,1500.727,831.2971,1500.196,830.5903
126.8703,1,1500.727,831.2971,1500.461,830.9437
126.8806,1,1501.767,832.6198,1501.114,831.7817
126.8922,1,1501.767,832.6198,1501.44,832.2007
126.9015,1,1501.767,832.6198,1501.604,832.4103
126.916,1,1502.642,834.0281,1502.123,833.2192
126.9266,1,1502.642,834.0281,1502.383,833.6237
126.9338,1,1502.642,834.0281,1502.513,833.8259
126.9467,1,1504.016,835.6461,1503.264,834.736
126.9544,1,1504.016,835.6461,1503.64,835.191
126.966,1,1504.016,835.6461,1503.828,835.4186
126.9773,1,1505.179,837.6102,1504.503,836.5144
126.9884,1,1505.179,837.6102,1504.841,837.0623
126.9974,1,1505.179,837.6102,1505.01,837.3363
127.011,1,1507.378,839.3823,1506.194,838.3593
127.021,1,1507.378,839.3823,1506.786,838.8707
127.0336,1,1509.39,840.8786,1508.088,839.8746
127.045,1,1509.39,840.8786,1508.739,840.3766
127.0536,1,1509.39,840.8786,1509.065,840.6276
127.0659,1,1510.935,842.7084,1510,841.668
127.0759,1,1510.935,842.7084,1510.468,842.1882
127.0871,1,1510.935,842.7084,1510.702,842.4484
127.0979,1,1512.382,844.847,1511.542,843.6477
127.11,1,1512.382,844.847,1511.962,844.2474
127.1185,1,1512.382,844.847,1512.172,844.5472
127.1312,1,1513.155,846.2239,1512.663,845.3856
127.1395,1,1513.155,846.2239,1512.909,845.8048
127.1534,1,1513.6,847.543,1513.255,846.674
127.164,1,1513.6,847.543,1513.427,847.1085
127.1713,1,1513.6,847.543,1513.514,847.3258
127.185,1,1514.225,848.686,1513.869,848.0059
127.196,1,1514.225,848.686,1514.047,848.3459
127.2072,1,1514.225,848.686,1514.136,848.516
127.2177,1,1515.021,849.6279,1514.578,849.072
127.23,1,1515.021,849.6279,1514.8,849.35
127.2388,1,1515.021,849.6279,1514.91,849.489
127.2516,1,1514.96,850.1896,1514.935,849.8393
127.2637,1,1514.96,850.1896,1514.947,850.0145
127.2746,1,1515.429,849.171,1515.188,849.5928
127.2861,1,1515.429,849.171,1515.309,849.3819
127.2961,1,1515.429,849.171,1515.369,849.2765
127.3085,1,1516.078,848.6179,1515.723,848.9471
127.3194,1,1516.078,848.6179,1515.9,848.7825
127.3304,1,1516.078,848.6179,1515.989,848.7002
127.3409,1,1516.689,848.2896,1516.339,848.4949
127.3521,1,1516.689,848.2896,1516.514,848.3922
127.3647,1,1517.235,848.0752,1516.875,848.2337
127.3749,1,1517.235,848.0752,1517.055,848.1544
127.3861,1,1517.235,848.0752,1517.145,848.1148
127.3961,1,1517.733,847.9636,1517.439,848.0392
127.4069,1,1517.733,847.9636,1517.586,848.0014
127.417,1,1517.733,847.9636,1517.659,847.9825
127.4291,1,1518.024,848.0959,1517.842,848.0392
127.4382,1,1518.024,848.0959,1517.933,848.0676
127.4504,1,1518.024,848.0959,1517.979,848.0818
127.4611,1,1517.868,848.0139,1517.923,848.0479
127.4731,1,1517.868,848.0139,1517.896,848.0309
127.4809,1,1517.868,848.0139,1517.882,848.0224
127.4937,1,1517.587,847.5478,1517.734,847.7851
127.5014,1,1517.587,847.5478,1517.66,847.6664
127.514,1,1517.363,847.1072,1517.512,847.3868
127.5246,1,1517.363,847.1072,1517.437,847.247
127.5337,1,1517.363,847.1072,1517.4,847.1771
127.5456,1,1517.048,846.4319,1517.224,846.8046
127.5552,1,1517.048,846.4319,1517.136,846.6183
127.5678,1,1517.048,846.4319,1517.092,846.5251
127.5785,1,1516.653,845.56,1516.873,846.0426
127.5904,1,1516.653,845.56,1516.763,845.8013
127.601,1,1516.653,845.56,1516.708,845.6807
127.6135,1,1516.186,844.7427,1516.447,845.2117
127.624,1,1516.186,844.7427,1516.317,844.9772
127.6338,1,1516.186,844.7427,1516.251,844.86
127.6478,1,1515.559,843.8485,1515.906,844.3542
127.6581,1,1515.559,843.8485,1515.732,844.1014
127.6691,1,1514.498,842.9825,1515.115,843.542
127.6786,1,1514.498,842.9825,1514.807,843.2623
127.6922,1,1514.498,842.9825,1514.653,843.1224
127.7007,1,1513.254,841.6052,1513.953,842.3638
127.7147,1,1513.254,841.6052,1513.604,841.9845
127.7253,1,1511.907,839.9884,1512.755,840.9865
127.7341,1,1511.907,839.9884,1512.331,840.4874
127.7471,1,1511.907,839.9884,1512.119,840.2379
127.755,1,1511.907,839.9884,1512.013,840.1132
127.7674,1,1510.232,838.133,1511.123,839.123
127.7796,1,1510.232,838.133,1510.677,838.6281
127.7905,1,1507.558,835.3785,1509.118,837.0033
127.8005,1,1507.558,835.3785,1508.338,836.1909
127.8124,1,1507.558,835.3785,1507.948,835.7847
127.824,1,1504.206,830.755,1506.077,833.2698
127.8335,1,1504.206,830.755,1505.141,832.0125
127.8456,1,1504.206,830.755,1504.674,831.3837
127.8552,1,1500.473,825.8306,1502.573,828.6072
127.8668,1,1500.473,825.8306,1501.523,827.2189
127.8783,1,1496.326,820.8092,1498.924,824.014
127.8891,1,1496.326,820.8092,1497.625,822.4116
127.8992,1,1496.326,820.8092,1496.976,821.6104
127.9133,1,1492.092,816.3057,1494.534,818.9581
127.9211,1,1492.092,816.3057,1493.313,817.6319
127.9326,1,1492.092,816.3057,1492.703,816.9688
127.9419,1,1488.944,813.0322,1490.823,815.0005
127.9534,1,1488.944,813.0322,1489.884,814.0164
127.9648,1,1488.944,813.0322,1489.414,813.5243
127.9734,1,1485.054,809.8974,1487.234,811.7108
127.986,1,1485.054,809.8974,1486.144,810.8041
127.9967,1,1485.054,809.8974,1485.599,810.3507
128.0074,1,1481.201,806.3024,1483.4,808.3265
128.0168,1,1481.201,806.3024,1482.3,807.3145
128.0307,1,1477.27,803.859,1479.785,805.5867
128.0394,1,1477.27,803.859,1478.528,804.7229
128.051,1,1477.27,803.859,1477.899,804.291
128.063,1,1474.761,801.1708,1476.33,802.7309
128.0718,1,1474.761,801.1708,1475.546,801.9509
128.0832,1,1474.761,801.1708,1475.153,801.5609
128.0945,1,1471.559,799.1774,1473.356,800.3691
128.1042,1,1471.559,799.1774,1472.457,799.7733
128.1138,1,1471.559,799.1774,1472.008,799.4753
128.1252,1,1468.746,796.7008,1470.377,798.0881
128.1371,1,1468.746,796.7008,1469.562,797.3944
128.1496,1,1466.187,794.3255,1467.875,795.86
128.1583,1,1466.187,794.3255,1467.031,795.0928
128.1708,1,1466.187,794.3255,1466.609,794.7091
128.1806,1,1463.604,791.7968,1465.106,793.2529
128.1913,1,1463.604,791.7968,1464.355,792.5248
128.2011,1,1463.604,791.7968,1463.98,792.1608
128.23,1,1461.378,788.8028,1462.679,790.4818
128.2379,1,1461.378,788.8028,1462.028,789.6423
128.2473,1,1458.348,785.8682,1460.188,787.7552
128.2577,1,1458.348,785.8682,1459.268,786.8117
128.2693,1,1455.944,783.1283,1457.606,784.97
128.2804,1,1455.944,783.1283,1456.775,784.0491
128.2923,1,1455.944,783.1283,1456.359,783.5887
128.306,1,1453.986,780.7916,1455.173,782.1902
128.314,1,1453.986,780.7916,1454.58,781.4909
128.3265,1,1453.986,780.7916,1454.283,781.1412
128.336,1,1448.894,775.8284,1451.588,778.4848
128.3491,1,1448.894,775.8284,1450.241,777.1566
128.3582,1,1448.894,775.8284,1449.567,776.4925
128.3704,1,1444.116,769.1566,1446.842,772.8246
128.381,1,1444.116,769.1566,1445.479,770.9906
128.3925,1,1439.396,763.6616,1442.437,767.326
128.4038,1,1439.396,763.6616,1440.916,765.4938
128.4136,1,1439.396,763.6616,1440.156,764.5776
128.4253,1,1435.231,758.8551,1437.693,761.7164
128.4355,1,1435.231,758.8551,1436.462,760.2858
128.4487,1,1435.231,758.8551,1435.846,759.5704
128.4603,1,1432.482,754.0274,1434.164,756.799
128.4703,1,1432.482,754.0274,1433.323,755.4132
128.4818,1,1429.923,748.8503,1431.623,752.1317
128.4932,1,1429.923,748.8503,1430.773,750.491
128.5033,1,1429.923,748.8503,1430.348,749.6707
128.5137,1,1427.23,745.7792,1428.789,747.7249
128.5243,1,1427.23,745.7792,1428.009,746.7521
128.537,1,1427.23,745.7792,1427.62,746.2656
128.5483,1,1425.332,743.5233,1426.476,744.8944
128.5588,1,1425.332,743.5233,1425.904,744.2089
128.5697,1,1425.332,743.5233,1425.618,743.8661
128.5796,1,1424.349,742.2469,1424.983,743.0565
128.5914,1,1424.349,742.2469,1424.666,742.6517
128.5999,1,1424.349,742.2469,1424.507,742.4493
128.6115,1,1423.097,741.9232,1423.802,742.1863
128.6211,1,1423.097,741.9232,1423.449,742.0547
128.632,1,1421.765,741.4817,1422.607,741.7682
128.6417,1,1421.765,741.4817,1422.186,741.6249
128.6547,1,1421.765,741.4817,1421.976,741.5533
128.6651,1,1420.536,740.7516,1421.256,741.1525
128.674,1,1420.536,740.7516,1420.896,740.952
128.6859,1,1420.536,740.7516,1420.716,740.8518
128.6962,1,1419.491,740.1277,1420.104,740.4897
128.7083,1,1419.491,740.1277,1419.797,740.3087
128.718,1,1419.491,740.1277,1419.644,740.2182
128.7305,1,1418.464,739.1047,1419.054,739.6615
128.7414,1,1418.464,739.1047,1418.759,739.3831
128.7533,1,1417.866,738.1115,1418.312,738.7473
128.7641,1,1417.866,738.1115,1418.089,738.4294
128.7748,1,1417.866,738.1115,1417.977,738.2705
128.786,1,1416.562,736.7579,1417.27,737.5142
128.7961,1,1416.562,736.7579,1416.916,737.136
128.8073,1,1416.562,736.7579,1416.739,736.9469
128.8182,1,1415.604,736.046,1416.172,736.4965
128.8309,1,1415.604,736.046,1415.888,736.2712
128.8417,1,1415.604,736.046,1415.746,736.1586
128.8523,1,1414.542,735.2289,1415.144,735.6937
128.8634,1,1414.542,735.2289,1414.843,735.4613
128.8725,1,1414.542,735.2289,1414.692,735.3451
128.8844,1,1413.605,734.2791,1414.149,734.8121
128.895,1,1413.605,734.2791,1413.877,734.5457
128.9063,1,1412.268,732.9665,1413.072,733.7561
128.9171,1,1412.268,732.9665,1412.67,733.3613
128.9289,1,1412.268,732.9665,1412.469,733.1639
128.9475,1,1411.201,731.8182,1411.835,732.4911
128.9531,1,1411.201,731.8182,1411.518,732.1547
128.9636,1,1411.201,731.8182,1411.36,731.9865
128.9728,1,1410.01,730.2112,1410.685,731.0988
128.9848,1,1410.01,730.2112,1410.348,730.655
128.9948,1,1408.928,728.5345,1409.638,729.5948
129.0048,1,1408.928,728.5345,1409.283,729.0647
129.0148,1,1408.928,728.5345,1409.105,728.7996
129.0303,1,1407.31,727.4358,1408.208,728.1177
129.0375,1,1407.31,727.4358,1407.759,727.7767
129.0511,1,1407.31,727.4358,1407.535,727.6063
129.063,1,1405.854,725.8261,1406.694,726.7162
129.0716,1,1405.854,725.8261,1406.274,726.2711
129.0843,1,1405.854,725.8261,1406.064,726.0486
129.0957,1,1404.466,724.7676,1405.265,725.4081
129.1069,1,1404.466,724.7676,1404.865,725.0878
129.1171,1,1403.372,723.1611,1404.119,724.1245
129.1292,1,1403.372,723.1611,1403.745,723.6428
129.1389,1,1403.372,723.1611,1403.559,723.402
129.1507,1,1401.921,721.977,1402.74,722.6895
129.1601,1,1401.921,721.977,1402.331,722.3333
129.1713,1,1401.921,721.977,1402.126,722.1552
129.1819,1,1397.158,719.027,1399.642,720.5911
129.2001,1,1397.158,719.027,1398.4,719.809
129.2084,1,1331.584,702.7678,1364.992,711.2884
129.2187,1,1331.584,702.7678,1348.288,707.0281
129.2299,1,1331.584,702.7678,1339.936,704.8979
129.24,1,1162.909,663.2646,1251.423,684.0813
129.2522,1,1162.909,663.2646,1207.166,673.673
129.2639,1,1162.909,663.2646,1185.038,668.4688
129.2731,1,1023.481,632.9183,1104.259,650.6935
129.2867,1,1023.481,632.9183,1063.87,641.8059
129.297,1,941.7695,616.2422,1002.82,629.024
129.3077,1,941.7695,616.2422,972.2947,622.6332
129.3187,1,941.7695,616.2422,957.0321,619.4377
129.3325,1,897.2786,604.6035,927.1554,612.0206
129.344,1,897.2786,604.6035,912.217,608.3121
129.3535,1,897.2786,604.6035,904.7478,606.4578
129.3656,1,873.7574,596.1684,889.2526,601.3131
129.3761,1,873.7574,596.1684,881.505,598.7407
129.3867,1,852.4343,585.1467,866.9696,591.9437
129.3972,1,852.4343,585.1467,859.7019,588.5452
129.4091,1,852.4343,585.1467,856.0681,586.8459
129.4188,1,834.3376,576.0918,845.2029,581.4689
129.4308,1,834.3376,576.0918,839.7703,578.7803
129.4417,1,834.3376,576.0918,837.054,577.436
129.4536,1,846.3193,574.2209,841.6866,575.8285
129.4646,1,846.3193,574.2209,844.0029,575.0247
129.4733,1,846.3193,574.2209,845.1611,574.6228
129.4848,1,879.6031,580.8503,862.3821,577.7366
129.4955,1,879.6031,580.8503,870.9926,579.2935
129.5087,1,908.7494,586.5521,889.871,582.9228
129.5182,1,908.7494,586.5521,899.3102,584.7374
129.5303,1,908.7494,586.5521,904.0298,585.6448
129.54,1,992.6168,606.2142,948.3233,595.9294
129.5529,1,992.6168,606.2142,970.4701,601.0718
129.5637,1,992.6168,606.2142,981.5435,603.6429
129.5732,1,1092.826,630.4581,1037.185,617.0505
129.5861,1,1092.826,630.4581,1065.005,623.7543
129.5965,1,1092.826,630.4581,1078.915,627.1062
129.6092,1,1171.349,651.2804,1125.132,639.1933
129.6187,1,1171.349,651.2804,1148.241,645.2368
129.6313,1,1220.079,663.5704,1184.16,654.4036
129.639,1,1220.079,663.5704,1202.12,658.9871
129.653,1,1220.079,663.5704,1211.099,661.2787
129.6653,1,1250.414,669.8015,1230.757,665.5401
129.6752,1,1250.414,669.8015,1240.585,667.6708
129.688,1,1250.414,669.8015,1245.5,668.7361
129.7002,1,1267.723,672.5831,1256.611,670.6595
129.7084,1,1267.723,672.5831,1262.167,671.6213
129.7175,1,1267.723,672.5831,1264.945,672.1022
129.7303,1,1277.364,674.7907,1271.155,673.4464
129.7395,1,1277.364,674.7907,1274.259,674.1185
129.7522,1,1283.552,675.7307,1278.906,674.9246
129.7639,1,1283.552,675.7307,1281.229,675.3276
129.7734,1,1283.552,675.7307,1282.39,675.5292
129.7912,1,1287.143,674.5828,1284.767,675.056
129.8015,1,1287.143,674.5828,1285.955,674.8193
129.8099,1,1296.835,668.3137,1291.395,671.5665
129.8198,1,1296.835,668.3137,1294.115,669.9401
129.8348,1,1296.835,668.3137,1295.475,669.127
129.8479,1,1305.727,662.7749,1300.601,665.9509
129.8586,1,1305.727,662.7749,1303.164,664.3629
129.8701,1,1313.341,658.9214,1308.252,661.6422
129.8832,1,1313.341,658.9214,1310.797,660.2817
129.8954,1,1313.341,658.9214,1312.069,659.6016
129.9009,1,1318.431,655.9153,1315.25,657.7584
129.9143,1,1318.431,655.9153,1316.841,656.8369
129.9261,1,1318.431,655.9153,1317.636,656.3761
129.9399,1,1323.067,654.3034,1320.352,655.3397
129.9515,1,1323.067,654.3034,1321.709,654.8215
129.9632,1,1325.141,652.7742,1323.425,653.7979
129.9734,1,1325.141,652.7742,1324.283,653.286
129.9844,1,1325.141,652.7742,1324.712,653.0301
129.9943,1,1325.785,651.3371,1325.248,652.1836
130.0081,1,1325.785,651.3371,1325.517,651.7604
130.0186,1,1325.785,651.3371,1325.651,651.5487
130.0299,1,1326.132,650.6472,1325.892,651.098
130.0376,1,1326.132,650.6472,1326.012,650.8726
130.0509,1,1326.132,650.6472,1326.072,650.7599
130.0609,1,1325.802,650.3502,1325.937,650.5551
130.0718,1,1325.802,650.3502,1325.869,650.4526
130.0817,1,1326.048,649.8939,1325.958,650.1732
130.0936,1,1326.048,649.8939,1326.003,650.0336
130.1039,1,1326.048,649.8939,1326.026,649.9637
130.1145,1,1325.979,649.5068,1326.002,649.7352
130.1273,1,1325.979,649.5068,1325.99,649.621
130.1376,1,1325.979,649.5068,1325.984,649.5638
130.1507,1,1326.041,649.4069,1326.013,649.4854
130.1603,1,1326.041,649.4069,1326.027,649.4461
130.1708,1,1326.041,649.4069,1326.034,649.4265
130.1829,1,1326.267,649.7642,1326.151,649.5953
130.1934,1,1326.267,649.7642,1326.209,649.6797
130.2042,1,1326.316,650.0711,1326.262,649.8754
130.215,1,1326.316,650.0711,1326.289,649.9733
130.2287,1,1326.316,650.0711,1326.302,650.0222
130.2374,1,1329.315,653.3862,1327.809,651.7042
130.2498,1,1329.315,653.3862,1328.562,652.5452
130.2609,1,1329.315,653.3862,1328.939,652.9657
130.2699,1,1334.917,663.2393,1331.928,658.1025
130.2801,1,1334.917,663.2393,1333.422,660.6709
130.295,1,1342.313,674.919,1337.867,667.7949
130.304,1,1342.313,674.919,1340.09,671.3569
130.3142,1,1342.313,674.919,1341.201,673.1379
130.3267,1,1348.369,686.0635,1344.785,679.6007
130.3364,1,1348.369,686.0635,1346.577,682.8321
130.3491,1,1348.369,686.0635,1347.473,684.4478
130.3602,1,1354.631,695.6443,1351.052,690.046
130.3707,1,1354.631,695.6443,1352.842,692.8452
130.3834,1,1354.631,695.6443,1353.737,694.2448
130.3921,1,1359.323,703.6661,1356.53,698.9554
130.4016,1,1359.323,703.6661,1357.927,701.3108
130.415,1,1362.864,710.4273,1360.395,705.869
130.4262,1,1362.864,710.4273,1361.63,708.1482
130.4347,1,1362.864,710.4273,1362.247,709.2877
130.448,1,1366.804,715.6149,1364.526,712.4513
130.4589,1,1366.804,715.6149,1365.665,714.0331
130.4693,1,1366.804,715.6149,1366.235,714.824
130.4791,1,1369.054,719.4341,1367.644,717.129
130.4938,1,1369.054,719.4341,1368.349,718.2816
130.5034,1,1369.054,719.4341,1368.702,718.8578
130.5123,1,1371.874,722.8403,1370.288,720.849
130.5218,1,1371.874,722.8403,1371.081,721.8446
130.5341,1,1371.874,722.8403,1371.478,722.3424
130.5451,1,1373.953,725.527,1372.716,723.9347
130.5537,1,1373.953,725.527,1373.334,724.7308
130.566,1,1375.981,727.6982,1374.658,726.2145
130.5771,1,1375.981,727.6982,1375.32,726.9563
130.5892,1,1375.981,727.6982,1375.651,727.3273
130.5988,1,1378.204,729.2067,1376.927,728.267
130.6124,1,1378.204,729.2067,1377.566,728.7368
130.6208,1,1378.204,729.2067,1377.885,728.9718
130.6331,1,1380.725,731.8964,1379.305,730.4341
130.6448,1,1380.725,731.8964,1380.015,731.1652
130.6529,1,1380.725,731.8964,1380.37,731.5308
130.6662,1,1383.256,733.9259,1381.813,732.7283
130.6768,1,1383.256,733.9259,1382.534,733.3271
130.6888,1,1385.73,735.7545,1384.132,734.5408
130.699,1,1385.73,735.7545,1384.931,735.1477
130.7102,1,1385.73,735.7545,1385.33,735.4511
130.7187,1,1387.71,737.8456,1386.52,736.6483
130.732,1,1387.71,737.8456,1387.115,737.2469
130.7427,1,1387.71,737.8456,1387.413,737.5463
130.7516,1,1389.87,739.1558,1388.641,738.351
130.7651,1,1389.87,739.1558,1389.256,738.7534
130.7765,1,1392.661,741.2248,1390.959,739.9891
130.7885,1,1392.661,741.2248,1391.81,740.6069
130.7965,1,1392.661,741.2248,1392.236,740.9159
130.8095,1,1394.621,742.9072,1393.428,741.9115
130.8185,1,1394.621,742.9072,1394.025,742.4093
130.8308,1,1394.621,742.9072,1394.323,742.6582
130.8431,1,1396.562,744.5135,1395.442,743.5858
130.8521,1,1396.562,744.5135,1396.002,744.0497
130.8657,1,1396.562,744.5135,1396.282,744.2816
130.8769,1,1398.847,746.5406,1397.565,745.4111
130.8885,1,1398.847,746.5406,1398.206,745.9758
130.8992,1,1400.857,748.0301,1399.531,747.0029
130.9124,1,1400.857,748.0301,1400.194,747.5165
130.923,1,1400.857,748.0301,1400.526,747.7733
130.9326,1,1402.527,749.2657,1401.526,748.5195
130.9456,1,1402.527,749.2657,1402.027,748.8926
130.9539,1,1402.527,749.2657,1402.277,749.0791
130.9668,1,1396.392,748.0916,1399.335,748.5853
130.9772,1,1396.392,748.0916,1397.864,748.3384
130.9891,1,1316.734,710.9495,1357.299,729.6439
130.9985,1,1316.734,710.9495,1337.016,720.2967
131.0107,1,1316.734,710.9495,1326.875,715.623
131.0214,1,959.8541,548.5273,1143.365,632.0752
131.035,1,959.8541,548.5273,1051.609,590.3013
131.0471,1,537.9088,344.3214,794.7591,467.3113
131.0584,1,537.9088,344.3214,666.334,405.8164
131.0691,1,537.9088,344.3214,602.1214,375.0689
131.0793,1,308.9129,201.7551,455.5172,288.412
131.09,1,308.9129,201.7551,382.215,245.0835
131.0998,1,308.9129,201.7551,345.564,223.4193
131.1136,1,234.4379,143.406,290.0009,183.4127
131.1245,1,234.4379,143.406,262.2194,163.4093
131.134,1,234.4379,143.406,248.3286,153.4077
131.1465,1,212.5818,122.0354,230.4552,137.7215
131.1565,1,212.5818,122.0354,221.5185,129.8785
131.1685,1,205.6094,108.5762,213.5639,119.2273
131.1781,1,205.6094,108.5762,209.5866,113.9018
131.1911,1,205.6094,108.5762,207.598,111.239
131.2008,1,197.867,108.6475,202.7325,109.9433
131.2119,1,197.867,108.6475,200.2997,109.2954
131.2211,1,197.867,108.6475,199.0833,108.9714
131.2333,1,193.1822,106.5586,196.1328,107.765
131.2442,1,193.1822,106.5586,194.6575,107.1618
131.2532,1,193.1822,106.5586,193.9199,106.8602
131.2636,1,209.0938,99.32373,201.5068,103.092
131.2723,1,209.0938,99.32373,205.3003,101.2078
131.2851,1,209.0938,99.32373,207.197,100.2658
131.2957,1,229.5093,88.33745,218.3531,94.30162
131.3084,1,229.5093,88.33745,223.9312,91.31953
131.3176,1,229.5093,88.33745,226.7202,89.82849
131.33,1,242.6851,83.16463,234.7027,86.49656
131.3394,1,242.6851,83.16463,238.6939,84.8306
131.351,1,252.0036,81.38798,245.3488,83.10928
131.3613,1,252.0036,81.38798,248.6762,82.24863
131.3756,1,252.0036,81.38798,250.3399,81.8183
131.3855,1,258.8499,79.52426,254.5949,80.67128
131.3959,1,258.8499,79.52426,256.7224,80.09777
131.4066,1,258.8499,79.52426,257.7862,79.81102
131.4175,1,266.5447,76.40524,262.1654,78.10812
131.4283,1,266.5447,76.40524,264.3551,77.25668
131.4373,1,266.5447,76.40524,265.4499,76.83096
131.4497,1,283.5479,79.37985,274.4989,78.10541
131.4578,1,283.5479,79.37985,279.0234,78.74263
131.4712,1,283.5479,79.37985,281.2856,79.06124
131.4805,1,283.5479,79.37985,282.4167,79.22055
131.4913,1,283.5479,79.37985,282.9823,79.3002
131.5014,1,578.5986,244.5853,430.7904,161.9427
131.5137,1,578.5986,244.5853,504.6945,203.264
131.5238,1,578.5986,244.5853,541.6465,223.9247
131.5349,1,924.1044,429.6765,732.8755,326.8006
131.5466,1,924.1044,429.6765,828.49,378.2386
131.5551,1,924.1044,429.6765,876.2972,403.9575
131.5682,1,1205.579,573.9811,1040.938,488.9693
131.5792,1,1205.579,573.9811,1123.259,531.4752
131.5912,1,1327.199,630.4778,1225.229,580.9765
131.6015,1,1327.199,630.4778,1276.214,605.7272
131.6139,1,1327.199,630.4778,1301.707,618.1025
131.6236,1,1372.14,650.0219,1336.923,634.0622
131.6343,1,1372.14,650.0219,1354.531,642.0421
131.6468,1,1372.14,650.0219,1363.335,646.032
131.6576,1,1384.68,646.7146,1374.008,646.3733
131.669,1,1384.68,646.7146,1379.344,646.5439
131.6967,1,1379.998,641.8969,1379.671,644.2204
131.7063,1,1379.998,641.8969,1379.834,643.0586
131.7124,1,1371.875,647.7772,1375.855,645.4178
131.725,1,1371.875,647.7772,1373.865,646.5975
131.7352,1,1371.875,647.7772,1372.87,647.1874
131.7472,1,1363.9,661.284,1368.385,654.2357
131.7565,1,1363.9,661.284,1366.142,657.7599
131.7686,1,1363.9,661.284,1365.021,659.522
131.779,1,1366.036,666.4725,1365.528,662.9973
131.7905,1,1366.036,666.4725,1365.782,664.7349
131.8002,1,1366.036,666.4725,1365.909,665.6037
131.8139,1,1372.049,668.0101,1368.979,666.8069
131.8218,1,1372.049,668.0101,1370.514,667.4085
131.8334,1,1375.196,669.4019,1372.855,668.4052
131.8449,1,1375.196,669.4019,1374.025,668.9036
131.8537,1,1375.196,669.4019,1374.611,669.1527
131.8673,1,1376.928,668.9154,1375.769,669.0341
131.8781,1,1376.928,668.9154,1376.348,668.9747
131.8889,1,1376.928,668.9154,1376.638,668.9451
131.9003,1,1378.023,668.0108,1377.331,668.4779
131.9133,1,1378.023,668.0108,1377.677,668.2444
131.9214,1,1378.023,668.0108,1377.85,668.1276
131.934,1,1373.981,666.9231,1375.916,667.5253
131.9465,1,1373.981,666.9231,1374.948,667.2242
131.9539,1,1368.864,666.4044,1371.906,666.8143
131.9667,1,1368.864,666.4044,1370.385,666.6094
131.9777,1,1368.864,666.4044,1369.625,666.5068
131.988,1,1365.543,665.5501,1367.584,666.0284
131.999,1,1365.543,665.5501,1366.563,665.7893
132.0108,1,1365.543,665.5501,1366.053,665.6697
132.0229,1,1362.578,664.3115,1364.316,664.9906
132.0332,1,1362.578,664.3115,1363.447,664.651
132.0468,1,1362.578,664.3115,1363.012,664.4812
132.0558,1,1362.578,664.3115,1362.795,664.3964
132.0691,1,1362.578,664.3115,1362.687,664.3539
132.0785,1,1639.621,527.2301,1501.154,595.792
132.0902,1,1639.621,527.2301,1570.387,561.511
132.1006,1,1639.621,527.2301,1605.004,544.3706
132.1138,1,1639.621,527.2301,1622.312,535.8004
132.1255,1,1639.621,527.2301,1630.966,531.5153
132.1359,1,1639.621,527.2301,1635.293,529.3727
132.1486,1,1639.621,527.2301,1637.457,528.3014
132.156,1,1639.621,527.2301,1638.539,527.7657
132.1698,1,1395.237,429.1426,1516.888,478.4542
132.1797,1,1395.237,429.1426,1456.063,453.7984
132.1907,1,1395.237,429.1426,1425.65,441.4705
132.2001,1,1320.239,430.1178,1372.944,435.7941
132.2121,1,1320.239,430.1178,1346.592,432.9559
132.2237,1,1196.928,439.3206,1271.76,436.1382
132.2342,1,1196.928,439.3206,1234.344,437.7294
132.2453,1,1196.928,439.3206,1215.636,438.525
132.254,1,1073.849,446.6049,1144.742,442.5649
132.2658,1,1073.849,446.6049,1109.295,444.5849
132.2858,1,985.5162,447.3784,1047.406,445.9817
132.2964,1,985.5162,447.3784,1016.461,446.6801
132.3078,1,985.5162,447.3784,1000.989,447.0292
132.3174,1,931.9379,446.7844,966.4633,446.9068
132.3295,1,931.9379,446.7844,949.2006,446.8456
132.3398,1,931.9379,446.7844,940.5692,446.815
132.3516,1,924.8997,443.2445,932.7344,445.0298
132.3615,1,924.8997,443.2445,928.817,444.1371
132.3733,1,924.8997,443.2445,926.8583,443.6909
132.3857,1,923.9266,437.7536,925.3925,440.7222
132.3954,1,923.9266,437.7536,924.6595,439.2379
132.4093,1,922.4946,432.683,923.5771,435.9604
132.4217,1,922.4946,432.683,923.0359,434.3217
132.4338,1,922.4946,432.683,922.7653,433.5023
132.4446,1,907.7268,427.7463,915.246,430.6243
132.4571,1,907.7268,427.7463,911.4865,429.1853
132.4677,1,891.1636,424.2974,901.325,426.7413
132.4782,1,891.1636,424.2974,896.2443,425.5193
132.4904,1,891.1636,424.2974,893.7039,424.9084
132.5017,1,895.1425,423.58,894.4232,424.2442
132.5134,1,895.1425,423.58,894.7828,423.9121
132.5272,1,895.1425,423.58,894.9626,423.7461
132.5347,1,908.8524,426.7831,901.9075,425.2646
132.5479,1,908.8524,426.7831,905.38,426.0239
132.5575,1,908.8524,426.7831,907.1162,426.4035
132.5696,1,918.9892,435.0197,913.0527,430.7116
132.5788,1,918.9892,435.0197,916.021,432.8657
132.5907,1,918.9892,435.0197,917.5051,433.9427
132.6054,1,925.5604,445.3615,921.5327,439.6521
132.612,1,925.5604,445.3615,923.5465,442.5068
132.6284,1,935.3671,459.3982,929.4568,450.9525
132.6381,1,935.3671,459.3982,932.412,455.1754
132.6513,1,945.9215,473.3832,939.1667,464.2793
132.6604,1,945.9215,473.3832,942.5441,468.8313
132.6715,1,945.9215,473.3832,944.2328,471.1072
132.6848,1,956.4326,486.5221,950.3327,478.8147
132.6935,1,956.4326,486.5221,953.3827,482.6684
132.7057,1,956.4326,486.5221,954.9077,484.5953
132.7157,1,965.445,499.5489,960.1763,492.0721
132.7286,1,965.445,499.5489,962.8107,495.8105
132.7391,1,965.445,499.5489,964.1278,497.6797
132.7522,1,971.9088,512.0336,968.0183,504.8567
132.7615,1,971.9088,512.0336,969.9636,508.4451
132.7736,1,976.9678,521.806,973.4657,515.1255
132.7851,1,976.9678,521.806,975.2168,518.4658
132.7965,1,976.9678,521.806,976.0923,520.1359
132.8068,1,981.3305,530.1719,978.7114,525.1539
132.8183,1,981.3305,530.1719,980.021,527.6628
132.8312,1,982.7657,536.0632,981.3934,531.863
132.839,1,982.7657,536.0632,982.0796,533.9631
132.8537,1,982.7657,536.0632,982.4227,535.0132
132.8656,1,983.3688,542.2388,982.8958,538.626
132.8748,1,983.3688,542.2388,983.1323,540.4324
132.8861,1,983.3688,542.2388,983.2506,541.3356
132.8979,1,984.8571,546.674,984.0538,544.0048
132.9093,1,984.8571,546.674,984.4554,545.3394
132.9176,1,984.8571,546.674,984.6563,546.0067
132.9314,1,987.0625,550.6979,985.8594,548.3523
132.9412,1,987.0625,550.6979,986.4609,549.5251
132.9547,1,988.7069,554.5632,987.5839,552.0442
132.9655,1,988.7069,554.5632,988.1454,553.3037
132.9757,1,988.7069,554.5632,988.4261,553.9335
132.9907,1,989.4166,556.7351,988.9214,555.3343
133.0003,1,989.4166,556.7351,989.1689,556.0347
133.0135,1,1003.9,547.8038,996.5345,551.9193
133.0236,1,1003.9,547.8038,1000.217,549.8616
133.0338,1,1003.9,547.8038,1002.059,548.8327
133.0455,1,1154.799,446.086,1078.429,497.4594
133.0555,1,1154.799,446.086,1116.614,471.7726
133.0683,1,1154.799,446.086,1135.707,458.9293
133.0784,1,1405.391,297.9574,1270.549,378.4434
133.0888,1,1405.391,297.9574,1337.97,338.2004
133.105,1,1405.391,297.9574,1371.68,318.0789
133.1141,1,1553.768,216.1174,1462.724,267.0981
133.1244,1,1553.768,216.1174,1508.246,241.6078
133.1348,1,1553.768,216.1174,1531.007,228.8626
133.1464,1,1622.859,178.3969,1576.933,203.6297
133.1586,1,1622.859,178.3969,1599.896,191.0133
133.1691,1,1642.179,172.397,1621.038,181.7052
133.1785,1,1642.179,172.397,1631.608,177.0511
133.1924,1,1605.619,282.7009,1618.614,229.876
133.2027,1,1605.619,282.7009,1612.117,256.2884
133.2142,1,1605.619,282.7009,1608.868,269.4946
133.2255,1,1605.619,282.7009,1607.244,276.0977
133.2393,1,1575.446,384.0967,1591.345,330.0972
133.2478,1,1575.446,384.0967,1583.396,357.097
133.2585,1,1547.042,472.9459,1565.219,415.0214
133.2712,1,1547.042,472.9459,1556.131,443.9836
133.2799,1,1547.042,472.9459,1551.586,458.4648
133.2949,1,1524.588,538.0052,1538.087,498.235
133.3043,1,1524.588,538.0052,1531.337,518.1201
133.3141,1,1524.588,538.0052,1527.963,528.0627
133.3287,1,1511.645,575.1956,1519.804,551.6292
133.337,1,1511.645,575.1956,1515.724,563.4124
133.3509,1,1506.1,595.9615,1510.912,579.6869
133.3631,1,1506.1,595.9615,1508.506,587.8242
133.3711,1,1506.1,595.9615,1507.303,591.8928
133.3841,1,1505.212,606.4512,1506.257,599.172
133.3947,1,1505.212,606.4512,1505.735,602.8116
133.4065,1,1505.107,614.697,1505.421,608.7543
133.4185,1,1505.107,614.697,1505.264,611.7257
133.4293,1,1505.107,614.697,1505.185,613.2114
133.4411,1,1506.294,621.2546,1505.74,617.233
133.4534,1,1506.294,621.2546,1506.017,619.2438
133.4636,1,1506.294,621.2546,1506.155,620.2491
133.4736,1,1519.703,587.6618,1512.929,603.9554
133.4866,1,1519.703,587.6618,1516.316,595.8086
133.4969,1,1519.703,587.6618,1518.009,591.7352
133.5093,1,1555.63,438.7493,1536.82,515.2423
133.5207,1,1555.63,438.7493,1546.225,476.9958
133.5322,1,1609.84,229.6072,1578.032,353.3015
133.5435,1,1609.84,229.6072,1593.936,291.4543
133.5537,1,1609.84,229.6072,1601.888,260.5307
133.5634,1,1642.228,114.1444,1622.058,187.3375
133.5741,1,1642.228,114.1444,1632.143,150.741
133.5874,1,1449.743,74.91164,1540.943,112.8263
133.5981,1,1449.743,74.91164,1495.343,93.86897
133.6075,1,1449.743,74.91164,1472.543,84.3903
133.6187,1,1014.067,63.65911,1243.305,74.0247
133.6302,1,1014.067,63.65911,1128.686,68.8419
133.644,1,1014.067,63.65911,1071.377,66.2505
133.6539,1,639.4421,54.6202,855.4094,60.43535
133.6631,1,639.4421,54.6202,747.4258,57.52778
133.6732,1,639.4421,54.6202,693.434,56.07399
133.6874,1,468.4222,48.43937,580.9281,52.25668
133.6967,1,468.4222,48.43937,524.6752,50.34802
133.7115,1,388.349,45.87894,456.5121,48.11348
133.7201,1,388.349,45.87894,422.4305,46.99621
133.7316,1,388.349,45.87894,405.3898,46.43758
133.7419,1,353.5641,48.12799,379.4769,47.28278
133.7534,1,353.5641,48.12799,366.5205,47.70538
133.7649,1,353.5641,48.12799,360.0423,47.91669
133.7789,1,320.1345,34.62281,340.0884,41.26974
133.79,1,320.1345,34.62281,330.1114,37.94627
133.8001,1,293.8064,21.55961,311.9589,29.75294
133.8121,1,293.8064,21.55961,302.8826,25.65627
133.8217,1,293.8064,21.55961,298.3445,23.60794
133.8338,1,278.4841,13.44137,288.4143,18.52466
133.8446,1,278.4841,13.44137,283.4492,15.98302
133.8536,1,278.4841,13.44137,280.9666,14.7122
133.8651,1,269.6878,10.36241,275.3272,12.5373
133.8755,1,269.6878,10.36241,272.5075,11.44986
133.8898,1,263.9485,9.403422,268.228,10.42664
133.8983,1,263.9485,9.403422,266.0883,9.915031
133.911,1,263.9485,9.403422,265.0184,9.659227
133.9209,1,261.3966,7.958714,263.2075,8.80897
133.9318,1,261.3966,7.958714,262.3021,8.383842
133.942,1,261.3966,7.958714,261.8493,8.171278
133.9589,1,259.2599,8.528292,260.5546,8.349785
133.972,1,259.2599,8.528292,259.9072,8.439038
133.9847,1,259.3161,7.492884,259.6116,7.965961
133.9944,1,259.3161,7.492884,259.4639,7.729423
134.006,1,259.3161,7.492884,259.39,7.611153
134.0205,1,261.6292,4.68471,260.5096,6.147931
134.0305,1,261.6292,4.68471,261.0693,5.41632
134.0452,1,262.7472,4.248952,261.9083,4.832636
134.0531,1,262.7472,4.248952,262.3278,4.540794
134.0656,1,262.7472,4.248952,262.5375,4.394874
134.0769,1,264.2248,2.791116,263.3811,3.592995
134.0881,1,264.2248,2.791116,263.803,3.192055
134.097,1,264.2248,2.791116,264.0139,2.991586
134.1104,1,264.5655,2.229709,264.2897,2.610647
134.1194,1,264.5655,2.229709,264.4276,2.420178
134.1321,1,264.4723,1.055322,264.45,1.73775
134.1456,1,264.4723,1.055322,264.4611,1.396536
134.1531,1,264.4723,1.055322,264.4667,1.225929
134.1655,1,263.8428,-0.4139013,264.1548,0.4060138
134.1772,1,263.8428,-0.4139013,263.9988,-0.003943756
134.1883,1,263.8428,-0.4139013,263.9208,-0.2089225
134.203,1,264.5656,-1.278182,264.2432,-0.743552
134.211,1,264.5656,-1.278182,264.4044,-1.010867
134.2234,1,256.8491,-1.164721,260.6268,-1.087794
134.2345,1,256.8491,-1.164721,258.7379,-1.126258
134.247,1,256.8491,-1.164721,257.7935,-1.145489
134.2553,1,246.8546,-0.3380825,252.3241,-0.741786
134.269,1,246.8546,-0.3380825,249.5893,-0.5399343
134.2788,1,246.8546,-0.3380825,248.222,-0.4390084
134.2921,1,237.0752,-0.9659315,242.6486,-0.7024699
134.3037,1,237.0752,-0.9659315,239.8619,-0.8342007
134.3137,1,220.1748,-2.489138,230.0184,-1.661669
134.3275,1,220.1748,-2.489138,225.0966,-2.075404
134.3372,1,220.1748,-2.489138,222.6357,-2.282271
134.3495,1,198.7924,-1.51756,210.7141,-1.899915
134.3616,1,198.7924,-1.51756,204.7532,-1.708738
134.372,1,183.3157,1.384852,194.0345,-0.1619428
134.3836,1,183.3157,1.384852,188.6751,0.6114545
134.3983,1,183.3157,1.384852,185.9954,0.9981532
134.4136,1,170.9417,1.335289,178.4685,1.166721
134.4199,1,170.9417,1.335289,174.7051,1.251005
134.4305,1,170.9417,1.335289,172.8234,1.293147
134.4415,1,158.9189,2.215643,165.8712,1.754395
134.452,1,158.9189,2.215643,162.3951,1.985019
134.4637,1,150.5821,3.357613,156.4886,2.671316
134.4745,1,150.5821,3.357613,153.5353,3.014465
134.4861,1,150.5821,3.357613,152.0587,3.186039
134.496,1,150.5821,3.357613,151.3204,3.271826
134.5089,1,150.5821,3.357613,150.9512,3.31472
134.519,1,150.5821,3.357613,150.7667,3.336166
134.5302,1,150.5821,3.357613,150.6744,3.34689
134.5403,1,150.5821,3.357613,150.6282,3.352252
134.5524,1,150.5821,3.357613,150.6052,3.354932
134.5632,1,150.5821,3.357613,150.5936,3.356273
134.5733,1,150.5821,3.357613,150.5879,3.356943
134.5852,1,150.5821,3.357613,150.585,3.357278
134.5947,1,150.5821,3.357613,150.5835,3.357446
134.6067,1,150.5821,3.357613,150.5828,3.35753
134.617,1,596.5299,76.24704,373.5564,39.80228
134.6276,1,596.5299,76.24704,485.0432,58.02466
134.6381,1,596.5299,76.24704,540.7865,67.13585
134.6507,1,959.3193,206.9752,750.0529,137.0555
134.6594,1,959.3193,206.9752,854.6862,172.0154
134.6724,1,1204.205,368.1056,1029.445,270.0605
134.6842,1,1204.205,368.1056,1116.825,319.083
134.6936,1,1204.205,368.1056,1160.515,343.5943
134.7054,1,1316.123,460.7796,1238.319,402.187
134.7145,1,1316.123,460.7796,1277.221,431.4833
134.7262,1,1316.123,460.7796,1296.672,446.1314
134.7368,1,1366.486,498.4123,1331.579,472.2719
134.7488,1,1366.486,498.4123,1349.032,485.3421
134.7586,1,1366.486,498.4123,1357.759,491.8772
134.772,1,1383.261,504.0107,1370.51,497.9439
134.7811,1,1383.261,504.0107,1376.886,500.9773
134.7925,1,1383.261,504.0107,1380.073,502.494
134.8039,1,1389.481,505.3947,1384.777,503.9443
134.8134,1,1389.481,505.3947,1387.129,504.6696
134.8255,1,1397.719,565.0602,1392.424,534.8649
134.8361,1,1397.719,565.0602,1395.072,549.9625
134.8469,1,1397.719,565.0602,1396.395,557.5114
134.8577,1,1408.771,634.9261,1402.583,596.2188
134.8698,1,1408.771,634.9261,1405.677,615.5724
134.8792,1,1408.771,634.9261,1407.224,625.2493
134.8916,1,1418.954,677.9466,1413.089,651.5979
134.903,1,1418.954,677.9466,1416.021,664.7722
134.9125,1,1418.954,677.9466,1417.488,671.3594
134.9251,1,1424.556,700.2681,1421.022,685.8137
134.9353,1,1424.556,700.2681,1422.789,693.0409
134.9466,1,1424.231,707.8654,1423.51,700.4531
134.9572,1,1424.231,707.8654,1423.87,704.1592
134.9696,1,1424.231,707.8654,1424.051,706.0123
134.9785,1,1426.627,712.022,1425.339,709.0172
134.9901,1,1426.627,712.022,1425.983,710.5195
135.0016,1,1426.627,712.022,1426.305,711.2708
135.0123,1,1415.854,700.5523,1421.079,705.9115
135.0235,1,1415.854,700.5523,1418.467,703.2319
135.0338,1,1415.854,700.5523,1417.161,701.8921
135.0454,1,1370.65,661.345,1393.905,681.6185
135.0557,1,1370.65,661.345,1382.278,671.4818
135.068,1,1234.029,550.636,1308.153,611.059
135.0767,1,1234.029,550.636,1271.091,580.8475
135.0892,1,1234.029,550.636,1252.56,565.7418
135.099,1,1118.205,454.81,1185.382,510.2759
135.1101,1,1118.205,454.81,1151.793,482.5429
135.1205,1,1118.205,454.81,1134.999,468.6765
135.1317,1,1051.409,398.4028,1093.204,433.5396
135.1398,1,1051.409,398.4028,1072.306,415.9713
135.1539,1,1051.409,398.4028,1061.858,407.187
135.1633,1,1017.594,371.5761,1039.726,389.3816
135.1742,1,1017.594,371.5761,1028.66,380.4789
135.1861,1,1017.594,371.5761,1023.127,376.0275
135.1945,1,1000.39,353.0629,1011.759,364.5452
135.2072,1,1000.39,353.0629,1006.074,358.804
135.2173,1,991.4826,346.3915,998.7784,352.5978
135.2279,1,991.4826,346.3915,995.1305,349.4947
135.24,1,991.4826,346.3915,993.3065,347.9431
135.2518,1,988.4669,340.5679,990.8867,344.2555
135.2603,1,988.4669,340.5679,989.6768,342.4117
135.2723,1,988.4669,340.5679,989.0719,341.4898
135.284,1,986.1948,341.409,987.6334,341.4494
135.2925,1,986.1948,341.409,986.9141,341.4292
135.3046,1,986.1948,341.409,986.5544,341.4191
135.3141,1,985.8307,338.0473,986.1926,339.7332
135.327,1,985.8307,338.0473,986.0116,338.8903
135.3381,1,984.9671,337.7091,985.4894,338.2997
135.3507,1,984.9671,337.7091,985.2283,338.0044
135.3598,1,984.9671,337.7091,985.0977,337.8568
135.3722,1,984.3828,337.2211,984.7402,337.5389
135.3831,1,984.3828,337.2211,984.5615,337.38
135.3922,1,984.3828,337.2211,984.4722,337.3005
135.4044,1,983.7631,334.7186,984.1176,336.0096
135.4133,1,983.7631,334.7186,983.9403,335.3641
135.4247,1,983.7631,334.7186,983.8517,335.0413
135.4348,1,982.664,333.7101,983.2578,334.3757
135.4458,1,982.664,333.7101,982.9609,334.0429
135.4563,1,982.664,333.7101,982.8125,333.8765
135.4686,1,981.8833,333.5273,982.3479,333.7019
135.4775,1,981.8833,333.5273,982.1156,333.6146
135.4909,1,1025.505,306.8776,1003.81,320.2461
135.5004,1,1025.505,306.8776,1014.657,313.5618
135.5134,1,1025.505,306.8776,1020.081,310.2197
135.5244,1,1266.461,207.7125,1143.271,258.9661
135.5351,1,1266.461,207.7125,1204.866,233.3393
135.5458,1,1266.461,207.7125,1235.663,220.5259
135.5562,1,1479.954,119.732,1357.809,170.1289
135.5678,1,1479.954,119.732,1418.881,144.9305
135.5763,1,1479.954,119.732,1449.417,132.3312
135.5878,1,1595.068,72.12081,1522.243,102.226
135.5965,1,1595.068,72.12081,1558.655,87.17342
135.6084,1,1595.068,72.12081,1576.862,79.64711
135.6193,1,1647.226,54.69756,1612.044,67.17233
135.6319,1,1647.226,54.69756,1629.635,60.93495
135.6403,1,1669.343,45.59737,1649.489,53.26616
135.6534,1,1669.343,45.59737,1659.416,49.43176
135.6632,1,1669.343,45.59737,1664.379,47.51456
135.6724,1,1669.343,45.59737,1666.861,46.55597
135.6851,1,1683.876,37.94859,1675.368,42.25228
135.6941,1,1683.876,37.94859,1679.622,40.10043
135.7073,1,1690.658,33.20408,1685.14,36.65226
135.7161,1,1690.658,33.20408,1687.899,34.92817
135.7285,1,1690.658,33.20408,1689.278,34.06612
135.7392,1,1695.891,30.74493,1692.585,32.40553
135.7503,1,1695.891,30.74493,1694.238,31.57523
135.7598,1,1695.891,30.74493,1695.065,31.16008
135.7721,1,1700.776,30.43268,1697.92,30.79638
135.7815,1,1700.776,30.43268,1699.348,30.61453
135.793,1,1711.839,32.22259,1705.593,31.41856
135.804,1,1711.839,32.22259,1708.716,31.82058
135.8128,1,1711.839,32.22259,1710.277,32.02158
135.8244,1,1721.831,33.26583,1716.054,32.64371
135.836,1,1721.831,33.26583,1718.943,32.95477
135.8492,1,1721.831,33.26583,1720.387,33.11031
135.8573,1,1728.404,35.57804,1724.396,34.34417
135.8704,1,1728.404,35.57804,1726.4,34.96111
135.879,1,1728.404,35.57804,1727.402,35.26957
135.8917,1,1733.042,34.54042,1730.222,34.905
135.9019,1,1733.042,34.54042,1731.632,34.72271
135.9125,1,1733.042,34.54042,1732.337,34.63157
135.9217,1,1738.968,32.93584,1735.653,33.7837
135.9359,1,1738.968,32.93584,1737.31,33.35977
135.9444,1,1738.968,32.93584,1738.139,33.1478
135.9573,1,1744.235,31.80921,1741.187,32.4785
135.9658,1,1744.235,31.80921,1742.711,32.14386
135.9762,1,1747.14,31.37211,1744.925,31.75798
135.9887,1,1747.14,31.37211,1746.032,31.56504
135.9971,1,1747.14,31.37211,1746.586,31.46858
136.0097,1,1749.514,32.74341,1748.05,32.106
136.0199,1,1749.514,32.74341,1748.782,32.42471
136.0313,1,1749.514,32.74341,1749.148,32.58406
136.0407,1,1749.587,33.78532,1749.368,33.18469
136.0535,1,1749.587,33.78532,1749.477,33.485
136.065,1,1696.294,55.49962,1722.886,44.49231
136.0741,1,1696.294,55.49962,1709.59,49.99596
136.088,1,1696.294,55.49962,1702.942,52.7478
136.0974,1,1436.814,160.9347,1569.878,106.8412
136.1093,1,1436.814,160.9347,1503.346,133.888
136.1203,1,1436.814,160.9347,1470.08,147.4113
136.1312,1,1214.269,245.6943,1342.174,196.5528
136.1408,1,1214.269,245.6943,1278.222,221.1236
136.1524,1,1214.269,245.6943,1246.245,233.4089
136.1637,1,1097.4,290.4952,1171.823,261.9521
136.1743,1,1097.4,290.4952,1134.612,276.2236
136.186,1,1041.429,309.0662,1088.02,292.6449
136.1946,1,1041.429,309.0662,1064.724,300.8556
136.2086,1,1041.429,309.0662,1053.077,304.9609
136.2183,1,1016.813,321.919,1034.945,313.4399
136.2296,1,1016.813,321.919,1025.879,317.6794
136.2395,1,1016.813,321.919,1021.346,319.7992
136.2521,1,1009.078,329.8824,1015.212,324.8408
136.2603,1,1009.078,329.8824,1012.145,327.3616
136.2724,1,1009.078,329.8824,1010.611,328.6219
136.2851,1,1000.966,330.0415,1005.789,329.3317
136.2921,1,1000.966,330.0415,1003.378,329.6866
136.3047,1,988.6913,334.7468,996.0345,332.2167
136.3139,1,988.6913,334.7468,992.3629,333.4818
136.3254,1,988.6913,334.7468,990.5271,334.1143
136.3363,1,976.8508,339.5648,983.689,336.8395
136.3493,1,976.8508,339.5648,980.2699,338.2021
136.3592,1,976.8508,339.5648,978.5604,338.8835
136.3709,1,968.4298,345.5878,973.4951,342.2357
136.385,1,968.4298,345.5878,970.9625,343.9117
136.3969,1,963.8815,350.2555,967.422,347.0836
136.4067,1,963.8815,350.2555,965.6517,348.6696
136.415,1,963.8815,350.2555,964.7666,349.4625
136.4276,1,960.9498,354.1036,962.8582,351.7831
136.4379,1,960.9498,354.1036,961.9039,352.9434
136.4542,1,960.9498,354.1036,961.4269,353.5235
136.4614,1,959.1792,356.6344,960.303,355.0789
136.4727,1,959.1792,356.6344,959.7411,355.8567
136.4841,1,959.1792,356.6344,959.4601,356.2455
136.4924,1,956.9633,358.1108,958.2117,357.1782
136.5044,1,956.9633,358.1108,957.5875,357.6445
136.5139,1,956.9633,358.1108,957.2754,357.8776
136.5265,1,953.6255,356.5208,955.4504,357.1992
136.5374,1,953.6255,356.5208,954.53