time,is_recent,pos_x,pos_y,filtered_pos_x,filtered_pos_y
0.0238533,1,1167.619,585.7302,583.8096,292.8651
0.07262993,1,1164.01,611.6115,873.91,452.2383
0.08520317,1,1164.01,611.6115,1018.96,531.9249
0.1122684,1,1175.941,606.9888,1097.451,569.4568
0.1191673,1,1175.941,606.9888,1136.696,588.2228
0.1274796,1,1175.941,606.9888,1156.318,597.6058
0.1369953,1,1193.286,595.687,1174.802,596.6464
0.1444092,1,1193.286,595.687,1184.044,596.1667
0.1525288,1,1193.286,595.687,1188.666,595.9269
0.1587543,1,1204.893,589.2473,1196.779,592.587
0.1702042,1,1204.893,589.2473,1200.836,590.9171
0.1794186,1,1204.893,589.2473,1202.865,590.0822
0.1882114,1,1204.893,589.2473,1203.879,589.6647
0.2013721,1,1212.003,585.4731,1207.941,587.5689
0.2170582,1,1212.003,585.4731,1209.972,586.521
0.2252903,1,1217.605,584.2088,1213.789,585.3649
0.2333794,1,1217.605,584.2088,1215.697,584.7869
0.2407894,1,1217.605,584.2088,1216.651,584.4978
0.2500553,1,1223.127,583.1884,1219.889,583.8431
0.2582531,1,1223.127,583.1884,1221.508,583.5157
0.2674103,1,1223.127,583.1884,1222.317,583.3521
0.2745686,1,1223.127,583.1884,1222.722,583.2702
0.2838535,1,1228.038,582.74,1225.38,583.0051
0.2910881,1,1228.038,582.74,1226.709,582.8726
0.2985306,1,1228.038,582.74,1227.373,582.8063
0.3068657,1,1228.038,582.74,1227.705,582.7731
0.3139668,1,1231.787,583.1428,1229.746,582.9579
0.3237324,1,1231.787,583.1428,1230.767,583.0504
0.3319607,1,1231.787,583.1428,1231.277,583.0966
0.3386612,1,1231.787,583.1428,1231.532,583.1196
0.348505,1,1235.03,584.1742,1233.281,583.6469
0.3551254,1,1235.03,584.1742,1234.156,583.9105
0.3648262,1,1235.03,584.1742,1234.593,584.0424
0.3713512,1,1243.741,587.6418,1239.167,585.842
0.3817616,1,1243.741,587.6418,1241.454,586.7419
0.3908901,1,1243.741,587.6418,1242.598,587.1919
0.4035397,1,1266.469,598.963,1254.533,593.0774
0.4172783,1,1266.469,598.963,1260.501,596.0201
0.4546337,1,1293.415,614.0487,1276.958,605.0344
0.4654293,1,1316.683,627.6531,1296.82,616.3438
0.4733601,1,1316.683,627.6531,1306.752,621.9984
0.4828682,1,1316.683,627.6531,1311.717,624.8257
0.4915886,1,1333.862,639.5947,1322.79,632.2102
0.5011024,1,1333.862,639.5947,1328.326,635.9025
0.5108547,1,1333.862,639.5947,1331.094,637.7486
0.519455,1,1333.862,639.5947,1332.478,638.6716
0.5302811,1,1346.478,647.5138,1339.478,643.0927
0.537653,1,1346.478,647.5138,1342.978,645.3032
0.5462627,1,1346.478,647.5138,1344.728,646.4085
0.5534172,1,1355.32,653.7477,1350.024,650.0781
0.5608387,1,1355.32,653.7477,1352.672,651.913
0.5698357,1,1355.32,653.7477,1353.996,652.8303
0.5806274,1,1355.32,653.7477,1354.658,653.2891
0.5897484,1,1361.449,658.2284,1358.053,655.7587
0.5985737,1,1361.449,658.2284,1359.751,656.9935
0.6070824,1,1361.449,658.2284,1360.6,657.611
0.6154556,1,1366.35,661.5571,1363.475,659.584
0.6244469,1,1366.35,661.5571,1364.913,660.5706
0.6348991,1,1366.35,661.5571,1365.631,661.0638
0.643404,1,1368.847,663.3185,1367.239,662.1912
0.6531086,1,1368.847,663.3185,1368.043,662.7548
0.6646252,1,1368.847,663.3185,1368.445,663.0366
0.6718044,1,1368.847,663.3185,1368.646,663.1776
0.6858463,1,1370.997,665.0901,1369.822,664.1339
0.7053242,1,1372.371,665.8699,1371.096,665.0019
0.7134933,1,1372.371,665.8699,1371.734,665.4359
0.7241821,1,1372.371,665.8699,1372.052,665.653
0.7321777,1,1372.371,665.8699,1372.212,665.7615
0.7397652,1,1374.019,666.0222,1373.115,665.8918
0.7501144,1,1374.019,666.0222,1373.567,665.957
0.7596226,1,1374.019,666.0222,1373.793,665.9896
0.7694664,1,1374.373,666.3332,1374.083,666.1614
0.7787857,1,1374.373,666.3332,1374.228,666.2473
0.7886429,1,1374.373,666.3332,1374.3,666.2903
0.7974377,1,1375.133,667.1245,1374.716,666.7074
0.8083038,1,1375.133,667.1245,1374.925,666.916
0.8184986,1,1375.133,667.1245,1375.029,667.0203
0.8317375,1,1375.636,667.9424,1375.332,667.4813
0.8413429,1,1375.636,667.9424,1375.484,667.7119
0.8525887,1,1375.636,667.9424,1375.56,667.8271
0.8675365,1,1376.182,669.3597,1375.871,668.5934
0.9007416,1,1376.729,670.6256,1376.3,669.6095
0.918314,1,1377.029,672.0269,1376.665,670.8182
0.950285,1,1377.031,675.3307,1376.848,673.0745
0.9597263,1,1377.031,675.3307,1376.939,674.2026
0.969593,1,1377.031,675.3307,1376.985,674.7667
0.9776611,1,1377.649,680.4104,1377.317,677.5886
0.9867935,1,1377.649,680.4104,1377.483,678.9995
0.9941578,1,1377.649,680.4104,1377.566,679.705
1.003622,1,1377.649,680.4104,1377.607,680.0577
1.01193,1,1377.779,685.1001,1377.693,682.5789
1.021162,1,1377.779,685.1001,1377.736,683.8395
1.031353,1,1377.779,685.1001,1377.758,684.4698
1.040297,1,1377.634,689.498,1377.696,686.9839
1.051056,1,1377.634,689.498,1377.665,688.241
1.058392,1,1377.634,689.498,1377.649,688.8695
1.068439,1,1377.222,693.1199,1377.436,690.9947
1.07616,1,1377.222,693.1199,1377.329,692.0573
1.088518,1,1377.222,693.1199,1377.275,692.5886
1.100245,1,1376.683,695.5072,1376.979,694.0479
1.112543,1,1376.683,695.5072,1376.832,694.7775
1.12015,1,1376.683,695.5072,1376.758,695.1423
1.133747,1,1376.268,698.539,1376.513,696.8407
1.148481,1,1376.268,698.539,1376.39,697.6898
1.1563,1,1375.235,701.2971,1375.813,699.4935
1.169985,1,1375.235,701.2971,1375.524,700.3953
1.184439,1,1375.235,701.2971,1375.379,700.8462
1.191889,1,1374.201,703.9481,1374.79,702.3971
1.199991,1,1374.201,703.9481,1374.495,703.1726
1.208031,1,1374.201,703.9481,1374.348,703.5603
1.21685,1,1372.935,706.7261,1373.642,705.1432
1.225834,1,1372.935,706.7261,1373.288,705.9346
1.234022,1,1372.935,706.7261,1373.112,706.3303
1.241379,1,1372.935,706.7261,1373.023,706.5282
1.250286,1,1372.689,709.4271,1372.856,707.9777
1.257748,1,1372.689,709.4271,1372.773,708.7024
1.266247,1,1372.689,709.4271,1372.731,709.0648
1.274946,1,1372.689,709.4271,1372.71,709.246
1.28418,1,1372.57,712.1935,1372.64,710.7197
1.291912,1,1372.57,712.1935,1372.605,711.4566
1.299734,1,1372.57,712.1935,1372.587,711.8251
1.308287,1,1372.025,714.7897,1372.306,713.3074
1.31682,1,1372.025,714.7897,1372.166,714.0485
1.324505,1,1372.025,714.7897,1372.095,714.4191
1.332605,1,1372.025,714.7897,1372.06,714.6044
1.339531,1,1371.647,716.8246,1371.854,715.7145
1.350254,1,1371.647,716.8246,1371.75,716.2695
1.357084,1,1371.647,716.8246,1371.699,716.5471
1.366808,1,1371.647,716.8246,1371.673,716.6858
1.373564,1,1370.804,719.0516,1371.239,717.8687
1.384514,1,1370.804,719.0516,1371.021,718.4602
1.392204,1,1370.804,719.0516,1370.913,718.7559
1.403524,1,1370.378,721.491,1370.646,720.1234
1.415401,1,1370.378,721.491,1370.512,720.8072
1.428097,1,1370.378,721.491,1370.445,721.149
1.436609,1,1369.718,723.2169,1370.081,722.183
1.450245,1,1369.718,723.2169,1369.9,722.7
1.45899,1,1369.561,724.0301,1369.73,723.365
1.468521,1,1369.561,724.0301,1369.646,723.6975
1.476049,1,1369.561,724.0301,1369.604,723.8638
1.48489,1,1369.561,724.0301,1369.582,723.9469
1.493011,1,1368.614,724.5864,1369.098,724.2667
1.502815,1,1368.614,724.5864,1368.856,724.4265
1.510574,1,1368.614,724.5864,1368.735,724.5065
1.533842,1,1368.084,725.2364,1368.41,724.8715
1.541166,1,1368.084,725.2364,1368.247,725.054
1.550426,1,1366.936,728.1084,1367.591,726.5812
1.557796,1,1366.936,728.1084,1367.264,727.3448
1.56743,1,1366.936,728.1084,1367.1,727.7266
1.574251,1,1366.936,728.1084,1367.018,727.9175
1.58391,1,1365.983,732.2621,1366.5,730.0898
1.591093,1,1365.983,732.2621,1366.242,731.1759
1.599501,1,1365.983,732.2621,1366.112,731.719
1.607916,1,1365.983,732.2621,1366.048,731.9905
1.616312,1,1364.453,735.5712,1365.25,733.7809
1.624275,1,1364.453,735.5712,1364.852,734.676
1.63249,1,1364.453,735.5712,1364.652,735.1236
1.639013,1,1364.453,735.5712,1364.553,735.3474
1.650606,1,1363.101,737.9476,1363.827,736.6475
1.661283,1,1363.101,737.9476,1363.464,737.2976
1.669827,1,1361.407,740.4675,1362.436,738.8826
1.677849,1,1361.407,740.4675,1361.921,739.675
1.686277,1,1361.407,740.4675,1361.664,740.0713
1.694695,1,1361.407,740.4675,1361.536,740.2694
1.703661,1,1359.518,742.1229,1360.527,741.1962
1.711584,1,1359.518,742.1229,1360.023,741.6595
1.719421,1,1359.518,742.1229,1359.771,741.8912
1.728857,1,1359.518,742.1229,1359.645,742.0071
1.737383,1,1357.974,743.4943,1358.809,742.7507
1.746897,1,1357.974,743.4943,1358.391,743.1224
1.756035,1,1357.974,743.4943,1358.182,743.3083
1.767227,1,1356.395,745.7641,1357.289,744.5363
1.775011,1,1356.395,745.7641,1356.842,745.1501
1.785347,1,1356.395,745.7641,1356.619,745.4572
1.793388,1,1355.419,747.8962,1356.019,746.6767
1.803877,1,1355.419,747.8962,1355.719,747.2865
1.812635,1,1355.419,747.8962,1355.569,747.5914
1.820898,1,1355.419,747.8962,1355.494,747.7438
1.831615,1,1354.417,749.9969,1354.955,748.8704
1.838776,1,1354.417,749.9969,1354.686,749.4337
1.849476,1,1354.417,749.9969,1354.552,749.7153
1.856596,1,1353.342,752.3387,1353.947,751.027
1.867489,1,1353.342,752.3387,1353.645,751.6829
1.874609,1,1353.342,752.3387,1353.493,752.0108
1.884222,1,1352.758,755.2709,1353.126,753.6409
1.895733,1,1352.758,755.2709,1352.942,754.4559
1.904936,1,1352.758,755.2709,1352.85,754.8634
1.9125,1,1352.173,757.3248,1352.511,756.0941
1.919689,1,1352.173,757.3248,1352.342,756.7095
1.929827,1,1352.173,757.3248,1352.257,757.0171
1.937178,1,1352.173,757.3248,1352.215,757.1709
1.946068,1,1351.3,758.2428,1351.757,757.7068
1.954086,1,1351.3,758.2428,1351.529,757.9749
1.962576,1,1351.3,758.2428,1351.414,758.1088
1.96973,1,1351.3,758.2428,1351.357,758.1758
1.976885,1,1350.333,759.3187,1350.845,758.7472
1.986099,1,1350.333,759.3187,1350.589,759.033
1.992945,1,1350.333,759.3187,1350.461,759.1758
1.999971,1,1350.333,759.3187,1350.397,759.2472
2.008398,1,1349.939,759.5558,1350.168,759.4015
2.016823,1,1349.939,759.5558,1350.054,759.4786
2.02491,1,1349.939,759.5558,1349.996,759.5172
2.032831,1,1349.453,760.1434,1349.725,759.8303
2.039871,1,1349.453,760.1434,1349.589,759.9868
2.049522,1,1349.453,760.1434,1349.521,760.0651
2.056414,1,1349.453,760.1434,1349.487,760.1042
2.066593,1,1348.224,759.9915,1348.856,760.0479
2.073709,1,1348.224,759.9915,1348.54,760.0197
2.083538,1,1348.224,759.9915,1348.382,760.0056
2.090134,1,1346.448,758.7102,1347.415,759.3579
2.098707,1,1346.448,758.7102,1346.931,759.0341
2.106506,1,1346.448,758.7102,1346.69,758.8721
2.115709,1,1346.448,758.7102,1346.569,758.7911
2.123714,1,1344.996,757.5881,1345.782,758.1896
2.135187,1,1344.996,757.5881,1345.389,757.8888
2.14905,1,1344.996,757.5881,1345.193,757.7384
2.156918,1,1343.174,756.2046,1344.183,756.9715
2.167166,1,1343.174,756.2046,1343.679,756.588
2.174421,1,1343.174,756.2046,1343.426,756.3963
2.183577,1,1341.001,754.3843,1342.214,755.3903
2.191351,1,1341.001,754.3843,1341.607,754.8873
2.198759,1,1341.001,754.3843,1341.304,754.6359
2.207438,1,1341.001,754.3843,1341.152,754.5101
2.217152,1,1338.785,752.5344,1339.969,753.5223
2.225954,1,1338.785,752.5344,1339.377,753.0283
2.233797,1,1338.785,752.5344,1339.081,752.7814
2.240896,1,1338.785,752.5344,1338.933,752.6579
2.250246,1,1336.305,750.6832,1337.619,751.6705
2.257246,1,1336.305,750.6832,1336.962,751.1769
2.266018,1,1336.305,750.6832,1336.633,750.9301
2.272823,1,1336.305,750.6832,1336.469,750.8066
2.281918,1,1333.552,748.8337,1335.01,749.8202
2.289753,1,1333.552,748.8337,1334.281,749.3269
2.298891,1,1333.552,748.8337,1333.917,749.0803
2.306517,1,1331.088,747.0507,1332.502,748.0656
2.315882,1,1331.088,747.0507,1331.795,747.5581
2.323767,1,1331.088,747.0507,1331.441,747.3044
2.332321,1,1328.985,745.1312,1330.213,746.2178
2.338623,1,1328.985,745.1312,1329.599,745.6746
2.350811,1,1328.985,745.1312,1329.292,745.4029
2.363911,1,1328.985,745.1312,1329.139,745.2671
2.370409,1,1326.881,743.598,1328.01,744.4326
2.378008,1,1326.881,743.598,1327.445,744.0153
2.385977,1,1326.881,743.598,1327.163,743.8066
2.395271,1,1324.695,741.6622,1325.929,742.7344
2.40567,1,1324.695,741.6622,1325.312,742.1984
2.413029,1,1324.695,741.6622,1325.003,741.9303
2.420065,1,1324.695,741.6622,1324.849,741.7963
2.428925,1,1322.034,739.6917,1323.441,740.744
2.436638,1,1322.034,739.6917,1322.737,740.2179
2.445555,1,1322.034,739.6917,1322.385,739.9548
2.453426,1,1322.034,739.6917,1322.209,739.8232
2.461046,1,1319.524,737.577,1320.867,738.7001
2.470194,1,1319.524,737.577,1320.196,738.1385
2.477816,1,1319.524,737.577,1319.86,737.8578
2.486906,1,1320.701,736.5934,1320.281,737.2256
2.494259,1,1320.701,736.5934,1320.491,736.9095
2.503145,1,1320.701,736.5934,1320.596,736.7515
2.509975,1,1320.701,736.5934,1320.649,736.6724
2.517992,1,1322.663,736.504,1321.656,736.5883
2.526264,1,1322.663,736.504,1322.16,736.5461
2.535103,1,1322.663,736.504,1322.411,736.5251
2.543291,1,1322.663,736.504,1322.537,736.5145
2.551945,1,1323.74,736.5593,1323.139,736.5369
2.55904,1,1323.74,736.5593,1323.439,736.5481
2.568005,1,1323.74,736.5593,1323.59,736.5537
2.575071,1,1325.807,736.6287,1324.698,736.5912
2.585049,1,1325.807,736.6287,1325.253,736.6099
2.594849,1,1325.807,736.6287,1325.53,736.6193
2.603651,1,1328.007,736.8496,1326.769,736.7344
2.616549,1,1328.007,736.8496,1327.388,736.792
2.629641,1,1328.007,736.8496,1327.698,736.8208
2.637562,1,1329.956,737.0579,1328.827,736.9393
2.646564,1,1329.956,737.0579,1329.391,736.9987
2.654577,1,1329.956,737.0579,1329.673,737.0283
2.663427,1,1329.956,737.0579,1329.814,737.0431
2.670364,1,1331.974,737.3063,1330.894,737.1747
2.677546,1,1331.974,737.3063,1331.434,737.2405
2.686251,1,1331.974,737.3063,1331.704,737.2734
2.694187,1,1331.974,737.3063,1331.839,737.2899
2.703703,1,1333.546,737.0214,1332.692,737.1556
2.710928,1,1333.546,737.0214,1333.119,737.0885
2.719727,1,1333.546,737.0214,1333.332,737.0549
2.728891,1,1335.05,736.6506,1334.191,736.8528
2.736929,1,1335.05,736.6506,1334.62,736.7517
2.745871,1,1335.05,736.6506,1334.835,736.7012
2.754616,1,1335.05,736.6506,1334.942,736.6759
2.763933,1,1336.323,736.7349,1335.633,736.7054
2.771042,1,1336.323,736.7349,1335.978,736.7202
2.779024,1,1336.323,736.7349,1336.151,736.7275
2.788,1,1337.749,736.5576,1336.95,736.6426
2.79594,1,1337.749,736.5576,1337.35,736.6001
2.804895,1,1337.749,736.5576,1337.55,736.5789
2.816036,1,1338.727,736.2942,1338.138,736.4365
2.824356,1,1338.727,736.2942,1338.433,736.3654
2.83556,1,1338.727,736.2942,1338.58,736.3298
2.846962,1,1338.727,736.2942,1338.653,736.312
2.854404,1,1339.365,735.6297,1339.009,735.9708
2.863895,1,1339.365,735.6297,1339.187,735.8003
2.871908,1,1339.365,735.6297,1339.276,735.715
2.884846,1,1339.423,735.2077,1339.35,735.4613
2.892742,1,1339.423,735.2077,1339.387,735.3345
2.900646,1,1339.423,735.2077,1339.405,735.2711
2.90941,1,1339.605,734.9675,1339.505,735.1193
2.917276,1,1339.605,734.9675,1339.555,735.0435
2.925781,1,1339.605,734.9675,1339.58,735.0055
2.933825,1,1339.605,734.9675,1339.593,734.9865
2.942865,1,1339.307,734.4672,1339.45,734.7269
2.950407,1,1339.307,734.4672,1339.379,734.597
2.956911,1,1339.307,734.4672,1339.343,734.5321
2.966158,1,1339.093,733.7296,1339.218,734.1309
2.972771,1,1339.093,733.7296,1339.156,733.9302
2.983662,1,1339.093,733.7296,1339.125,733.83
2.991066,1,1339.093,733.7296,1339.109,733.7798
2.999609,1,1338.597,732.94,1338.853,733.3599
3.008326,1,1338.597,732.94,1338.725,733.1499
3.018312,1,1338.597,732.94,1338.661,733.0449
3.029808,1,1337.972,731.9056,1338.316,732.4752
3.03759,1,1337.972,731.9056,1338.144,732.1904
3.05064,1,1337.972,731.9056,1338.058,732.048
3.057449,1,1337.972,731.9056,1338.015,731.9768
3.066914,1,1337.275,730.7833,1337.645,731.3801
3.074409,1,1337.275,730.7833,1337.46,731.0817
3.083727,1,1337.275,730.7833,1337.367,730.9325
3.092102,1,1336.238,728.9074,1336.802,729.9199
3.100674,1,1336.238,728.9074,1336.52,729.4137
3.109642,1,1336.238,728.9074,1336.379,729.1605
3.117384,1,1336.238,728.9074,1336.308,729.0339
3.126469,1,1335.09,727.4393,1335.699,728.2366
3.134609,1,1335.09,727.4393,1335.395,727.8379
3.143415,1,1335.09,727.4393,1335.242,727.6385
3.151001,1,1333.734,725.217,1334.488,726.4278
3.158119,1,1333.734,725.217,1334.111,725.8224
3.167286,1,1333.734,725.217,1333.922,725.5197
3.174374,1,1333.734,725.217,1333.828,725.3684
3.183847,1,1331.79,722.7054,1332.809,724.0369
3.190889,1,1331.79,722.7054,1332.3,723.3712
3.199553,1,1331.79,722.7054,1332.045,723.0383
3.207268,1,1331.79,722.7054,1331.917,722.8719
3.21571,1,1329.884,720.283,1330.901,721.5774
3.223871,1,1329.884,720.283,1330.393,720.9302
3.232658,1,1329.884,720.283,1330.138,720.6066
3.23926,1,1329.884,720.283,1330.011,720.4448
3.250767,1,1328.001,718.1607,1329.006,719.3027
3.257463,1,1328.001,718.1607,1328.503,718.7317
3.26671,1,1328.001,718.1607,1328.252,718.4462
3.273705,1,1325.678,715.6873,1326.965,717.0668
3.286688,1,1325.678,715.6873,1326.322,716.3771
3.299675,1,1323.617,713.5248,1324.969,714.9509
3.307756,1,1323.617,713.5248,1324.293,714.2379
3.316086,1,1323.617,713.5248,1323.955,713.8813
3.324423,1,1323.617,713.5248,1323.786,713.7031
3.333319,1,1321.633,710.9282,1322.709,712.3157
3.341274,1,1321.633,710.9282,1322.171,711.6219
3.349474,1,1321.633,710.9282,1321.902,711.275
3.35696,1,1321.633,710.9282,1321.768,711.1016
3.366049,1,1316.28,708.0942,1319.024,709.5979
3.373062,1,1316.28,708.0942,1317.652,708.8461
3.381075,1,1316.28,708.0942,1316.966,708.4701
3.390198,1,1308.112,702.5704,1312.539,705.5203
3.398272,1,1308.112,702.5704,1310.325,704.0453
3.407528,1,1308.112,702.5704,1309.219,703.3079
3.415617,1,1308.112,702.5704,1308.665,702.9391
3.424435,1,1299.592,697.3893,1304.129,700.1642
3.431747,1,1299.592,697.3893,1301.861,698.7767
3.438955,1,1299.592,697.3893,1300.727,698.083
3.447891,1,1299.592,697.3893,1300.159,697.7362
3.454992,1,1291.854,692.1468,1296.007,694.9415
3.465639,1,1291.854,692.1468,1293.931,693.5442
3.473862,1,1291.854,692.1468,1292.893,692.8455
3.484671,1,1285.694,687.3141,1289.293,690.0798
3.494928,1,1285.694,687.3141,1287.493,688.6969
3.504953,1,1285.694,687.3141,1286.594,688.0055
3.516655,1,1281.055,683.8315,1283.824,685.9185
3.530146,1,1281.055,683.8315,1282.439,684.875
3.538843,1,1281.055,683.8315,1281.747,684.3533
3.549644,1,1276.822,680.2688,1279.284,682.311
3.557739,1,1276.822,680.2688,1278.053,681.2899
3.567228,1,1276.822,680.2688,1277.438,680.7794
3.575943,1,1272.968,676.8109,1275.203,678.7951
3.58672,1,1272.968,676.8109,1274.085,677.803
3.595387,1,1272.968,676.8109,1273.527,677.3069
3.605097,1,1269.062,672.7053,1271.294,675.0061
3.614883,1,1269.062,672.7053,1270.178,673.8557
3.623936,1,1269.062,672.7053,1269.62,673.2805
3.633772,1,1266.105,669.9624,1267.863,671.6215
3.643454,1,1266.105,669.9624,1266.984,670.7919
3.652613,1,1266.105,669.9624,1266.545,670.3772
3.661072,1,1263.615,667.3854,1265.08,668.8813
3.670397,1,1263.615,667.3854,1264.347,668.1334
3.678825,1,1263.615,667.3854,1263.981,667.7594
3.687675,1,1263.615,667.3854,1263.798,667.5724
3.698771,1,1261.108,665.8827,1262.453,666.7275
3.707352,1,1261.108,665.8827,1261.78,666.3051
3.720655,1,1261.108,665.8827,1261.444,666.0939
3.737562,1,1259.149,664.2733,1260.297,665.1836
3.750919,1,1259.149,664.2733,1259.723,664.7284
3.759876,1,1257.336,661.9947,1258.53,663.3616
3.769367,1,1257.336,661.9947,1257.933,662.6781
3.777773,1,1257.336,661.9947,1257.635,662.3364
3.787388,1,1255.773,659.9961,1256.704,661.1663
3.796579,1,1255.773,659.9961,1256.239,660.5812
3.806627,1,1255.773,659.9961,1256.006,660.2886
3.815681,1,1254.133,658.5163,1255.069,659.4025
3.824453,1,1254.133,658.5163,1254.601,658.9594
3.833784,1,1254.133,658.5163,1254.367,658.7378
3.841347,1,1254.133,658.5163,1254.25,658.6271
3.851133,1,1252.211,657.5427,1253.23,658.0849
3.859138,1,1252.211,657.5427,1252.721,657.8138
3.868847,1,1252.211,657.5427,1252.466,657.6783
3.87709,1,1250.205,655.9315,1251.335,656.8049
3.886889,1,1250.205,655.9315,1250.77,656.3682
3.895452,1,1250.205,655.9315,1250.487,656.1499
3.904364,1,1248.572,654.0511,1249.53,655.1005
3.915068,1,1248.572,654.0511,1249.051,654.5758
3.92408,1,1248.572,654.0511,1248.811,654.3135
3.935345,1,1247.334,651.7296,1248.073,653.0215
3.951109,1,1247.334,651.7296,1247.703,652.3755
3.959545,1,1247.334,651.7296,1247.519,652.0525
3.968636,1,1246.135,648.1215,1246.827,650.087
3.976904,1,1246.135,648.1215,1246.481,649.1042
3.986774,1,1246.135,648.1215,1246.308,648.6129
3.995419,1,1244.987,644.1325,1245.647,646.3727
4.005365,1,1244.987,644.1325,1245.317,645.2526
4.014032,1,1244.987,644.1325,1245.152,644.6925
4.021685,1,1244.987,644.1325,1245.069,644.4125
4.032049,1,1243,640.262,1244.035,642.3373
4.03948,1,1243,640.262,1243.517,641.2997
4.051319,1,1243,640.262,1243.258,640.7809
4.05998,1,1241.625,636.7738,1242.441,638.7773
4.069162,1,1241.625,636.7738,1242.033,637.7756
4.077492,1,1241.625,636.7738,1241.829,637.2747
4.086615,1,1239.733,633.0828,1240.781,635.1787
4.094713,1,1239.733,633.0828,1240.257,634.1307
4.104713,1,1239.733,633.0828,1239.995,633.6068
4.112226,1,1239.733,633.0828,1239.864,633.3448
4.119774,1,1237.672,629.9432,1238.768,631.644
4.128881,1,1237.672,629.9432,1238.22,630.7936
4.136389,1,1237.672,629.9432,1237.946,630.3684
4.146393,1,1236.306,627.5978,1237.126,628.9831
4.154009,1,1236.306,627.5978,1236.716,628.2904
4.163778,1,1236.306,627.5978,1236.511,627.9441
4.17078,1,1236.306,627.5978,1236.408,627.7709
4.183418,1,1234.843,624.0004,1235.625,625.8856
4.191086,1,1234.843,624.0004,1235.234,624.943
4.19908,1,1234.843,624.0004,1235.039,624.4717
4.207361,1,1232.666,620.5592,1233.852,622.5154
4.215254,1,1232.666,620.5592,1233.259,621.5374
4.225199,1,1232.666,620.5592,1232.963,621.0483
4.232697,1,1232.666,620.5592,1232.814,620.8037
4.24028,1,1230.897,618.0175,1231.856,619.4106
4.253633,1,1230.897,618.0175,1231.377,618.714
4.263208,1,1230.897,618.0175,1231.137,618.3657
4.271599,1,1228.919,616.0916,1230.028,617.2286
4.279451,1,1228.919,616.0916,1229.473,616.6602
4.28879,1,1228.919,616.0916,1229.196,616.3759
4.298016,1,1227.169,614.4176,1228.183,615.3967
4.307056,1,1227.169,614.4176,1227.676,614.9072
4.31595,1,1227.169,614.4176,1227.422,614.6624
4.324518,1,1227.169,614.4176,1227.296,614.54
4.333744,1,1225.344,612.6168,1226.32,613.5784
4.341022,1,1225.344,612.6168,1225.832,613.0976
4.352997,1,1225.344,612.6168,1225.588,612.8572
4.363485,1,1223.184,611.167,1224.386,612.0121
4.371429,1,1223.184,611.167,1223.785,611.5895
4.384123,1,1223.184,611.167,1223.485,611.3783
4.394207,1,1221.441,610.2819,1222.463,610.8301
4.403124,1,1221.441,610.2819,1221.952,610.556
4.410837,1,1221.441,610.2819,1221.697,610.4189
4.418337,1,1219.863,608.8534,1220.78,609.6362
4.427574,1,1219.863,608.8534,1220.321,609.2448
4.434565,1,1219.863,608.8534,1220.092,609.0491
4.444059,1,1219.863,608.8534,1219.977,608.9512
4.451681,1,1217.976,608.053,1218.977,608.5021
4.459936,1,1217.976,608.053,1218.477,608.2776
4.469278,1,1217.976,608.053,1218.226,608.1653
4.477417,1,1216.192,607.1347,1217.209,607.65
4.4872,1,1216.192,607.1347,1216.701,607.3923
4.495489,1,1216.192,607.1347,1216.446,607.2635
4.504974,1,1216.192,607.1347,1216.319,607.1991
4.513315,1,1214.861,606.3996,1215.59,606.7993
4.522825,1,1214.861,606.3996,1215.226,606.5995
4.531269,1,1214.861,606.3996,1215.043,606.4995
4.538849,1,1213.924,605.5882,1214.484,606.0438
4.549646,1,1213.924,605.5882,1214.204,605.816
4.556789,1,1213.924,605.5882,1214.064,605.7021
4.569141,1,1212.711,604.4078,1213.387,605.055
4.577293,1,1212.711,604.4078,1213.049,604.7314
4.586327,1,1212.711,604.4078,1212.88,604.5696
4.598269,1,1211.158,602.8178,1212.019,603.6937
4.607084,1,1211.158,602.8178,1211.589,603.2557
4.618017,1,1211.158,602.8178,1211.374,603.0367
4.630266,1,1209.433,601.5018,1210.403,602.2693
4.637753,1,1209.433,601.5018,1209.918,601.8855
4.651606,1,1209.433,601.5018,1209.676,601.6936
4.659153,1,1207.66,600.019,1208.668,600.8563
4.667507,1,1207.66,600.019,1208.164,600.4376
4.675306,1,1207.66,600.019,1207.912,600.2283
4.683777,1,1207.66,600.019,1207.786,600.1237
4.691822,1,1205.737,598.804,1206.761,599.4638
4.698914,1,1205.737,598.804,1206.249,599.1339
4.70785,1,1205.737,598.804,1205.993,598.9689
4.715815,1,1205.737,598.804,1205.865,598.8865
4.726217,1,1203.887,597.4458,1204.876,598.1661
4.734667,1,1203.887,597.4458,1204.382,597.806
4.743666,1,1203.887,597.4458,1204.135,597.6259
4.752462,1,1202.3,596.0259,1203.218,596.8259
4.759882,1,1202.3,596.0259,1202.759,596.4259
4.769495,1,1202.3,596.0259,1202.53,596.2259
4.776941,1,1202.3,596.0259,1202.415,596.1259
4.787874,1,1200.663,594.9036,1201.539,595.5148
4.796274,1,1200.663,594.9036,1201.101,595.2092
4.804575,1,1200.663,594.9036,1200.882,595.0564
4.814905,1,1198.775,593.6888,1199.828,594.3726
4.821218,1,1198.775,593.6888,1199.302,594.0308
4.833082,1,1198.775,593.6888,1199.038,593.8598
4.839533,1,1197.282,592.6785,1198.16,593.2692
4.850412,1,1197.282,592.6785,1197.721,592.9739
4.862837,1,1197.282,592.6785,1197.501,592.8262
4.869852,1,1196.255,591.4385,1196.878,592.1323
4.883764,1,1196.255,591.4385,1196.566,591.7854
4.891157,1,1196.255,591.4385,1196.41,591.6119
4.898279,1,1196.255,591.4385,1196.333,591.5252
4.905931,1,1195.235,590.5334,1195.784,591.0293
4.913141,1,1195.235,590.5334,1195.509,590.7814
4.919954,1,1195.235,590.5334,1195.372,590.6573
4.928484,1,1194.231,589.9547,1194.802,590.306
4.936575,1,1194.231,589.9547,1194.516,590.1304
4.945211,1,1194.231,589.9547,1194.374,590.0425
4.952604,1,1194.231,589.9547,1194.302,589.9987
4.959417,1,1194.231,589.9547,1194.267,589.9767
4.967695,1,1193.428,589.3611,1193.847,589.6689
4.974649,1,1193.428,589.3611,1193.638,589.515
4.98361,1,1193.428,589.3611,1193.533,589.438
4.990644,1,1193.428,589.3611,1193.48,589.3995
4.999617,1,1192.474,588.6514,1192.977,589.0255
5.007547,1,1192.474,588.6514,1192.726,588.8384
5.0156,1,1192.474,588.6514,1192.6,588.7449
5.025518,1,1191.27,588.2252,1191.935,588.485
5.033815,1,1191.27,588.2252,1191.602,588.3551
5.040773,1,1191.27,588.2252,1191.436,588.2902
5.050379,1,1191.27,588.2252,1191.353,588.2577
5.057081,1,1190.313,587.7612,1190.833,588.0095
5.06719,1,1190.313,587.7612,1190.573,587.8854
5.07369,1,1190.313,587.7612,1190.443,587.8233
5.083582,1,1189.344,587.1951,1189.893,587.5092
5.095079,1,1189.344,587.1951,1189.618,587.3522
5.103746,1,1189.344,587.1951,1189.481,587.2737
5.111254,1,1189.344,587.1951,1189.412,587.2344
5.118692,1,1188.215,586.5125,1188.813,586.8734
5.127077,1,1188.215,586.5125,1188.514,586.693
5.134348,1,1188.215,586.5125,1188.365,586.6028
5.143728,1,1187.21,586.2186,1187.787,586.4107
5.15164,1,1187.21,586.2186,1187.499,586.3147
5.159674,1,1187.21,586.2186,1187.354,586.2667
5.168314,1,1187.21,586.2186,1187.282,586.2427
5.175879,1,1186.364,585.9883,1186.823,586.1155
5.186586,1,1186.364,585.9883,1186.593,586.0519
5.193933,1,1186.364,585.9883,1186.479,586.0201
5.203463,1,1185.367,585.756,1185.923,585.8881
5.210985,1,1185.367,585.756,1185.645,585.822
5.218836,1,1185.367,585.756,1185.506,585.7891
5.227377,1,1185.367,585.756,1185.436,585.7726
5.235315,1,1184.396,585.7161,1184.916,585.7444
5.24399,1,1184.396,585.7161,1184.656,585.7302
5.252047,1,1184.396,585.7161,1184.526,585.7231
5.259462,1,1184.396,585.7161,1184.461,585.7196
5.268446,1,1183.511,585.6887,1183.986,585.7041
5.275072,1,1183.511,585.6887,1183.748,585.6964
5.283819,1,1183.511,585.6887,1183.63,585.6925
5.290117,1,1183.511,585.6887,1183.57,585.6906
5.298788,1,1182.604,585.9124,1183.087,585.8015
5.306189,1,1182.604,585.9124,1182.846,585.8569
5.316111,1,1182.604,585.9124,1182.725,585.8846
5.323187,1,1181.853,586.0696,1182.289,585.9771
5.334394,1,1181.853,586.0696,1182.071,586.0233
5.346525,1,1181.853,586.0696,1181.962,586.0464
5.353945,1,1181.259,586.1783,1181.61,586.1124
5.363073,1,1181.259,586.1783,1181.435,586.1454
5.37044,1,1181.259,586.1783,1181.347,586.1619
5.377855,1,1181.259,586.1783,1181.303,586.1701
5.386148,1,1180.515,586.0641,1180.909,586.1171
5.39403,1,1180.515,586.0641,1180.712,586.0906
5.401152,1,1180.515,586.0641,1180.614,586.0774
5.409357,1,1180.515,586.0641,1180.564,586.0708
5.416979,1,1180.012,586.0768,1180.288,586.0739
5.425646,1,1180.012,586.0768,1180.15,586.0753
5.432863,1,1180.012,586.0768,1180.081,586.076
5.439146,1,1180.012,586.0768,1180.046,586.0764
5.448278,1,1179.875,585.4482,1179.96,585.7623
5.455843,1,1179.875,585.4482,1179.917,585.6052
5.464666,1,1179.875,585.4482,1179.896,585.5267
5.471792,1,1179.875,585.4482,1179.885,585.4874
5.479822,1,1180.395,584.1663,1180.14,584.8269
5.488367,1,1180.395,584.1663,1180.268,584.4966
5.496927,1,1180.395,584.1663,1180.332,584.3314
5.505785,1,1180.958,582.167,1180.645,583.2492
5.516279,1,1180.958,582.167,1180.801,582.7081
5.523802,1,1180.958,582.167,1180.88,582.4376
5.534914,1,1181.354,580.1244,1181.117,581.281
5.546537,1,1181.354,580.1244,1181.235,580.7027
5.554449,1,1181.354,580.1244,1181.295,580.4136
5.564779,1,1181.828,578.0687,1181.561,579.2411
5.572332,1,1181.828,578.0687,1181.695,578.6549
5.580938,1,1181.828,578.0687,1181.761,578.3618
5.589323,1,1181.828,578.0687,1181.794,578.2153
5.597975,1,1182.391,576.6182,1182.093,577.4167
5.609213,1,1182.391,576.6182,1182.242,577.0175
5.618753,1,1182.391,576.6182,1182.316,576.8178
5.627363,1,1183.198,574.7975,1182.757,575.8077
5.636168,1,1183.198,574.7975,1182.978,575.3026
5.644499,1,1183.198,574.7975,1183.088,575.05
5.651838,1,1183.198,574.7975,1183.143,574.9238
5.659777,1,1184.069,573.1594,1183.606,574.0416
5.669962,1,1184.069,573.1594,1183.838,573.6005
5.6784,1,1184.069,573.1594,1183.954,573.3799
5.686922,1,1184.344,571.3704,1184.149,572.3751
5.69396,1,1184.344,571.3704,1184.247,571.8727
5.703131,1,1184.344,571.3704,1184.296,571.6216
5.711546,1,1184.344,571.3704,1184.32,571.496
5.71903,1,1184.852,570.0363,1184.586,570.7661
5.72835,1,1184.852,570.0363,1184.719,570.4012
5.736067,1,1184.852,570.0363,1184.785,570.2188
5.748125,1,1184.852,570.0363,1184.819,570.1275
5.754858,1,1185.136,569.0156,1184.978,569.5715
5.767851,1,1185.136,569.0156,1185.057,569.2936
5.774363,1,1185.136,569.0156,1185.097,569.1546
5.783754,1,1185.434,568.4184,1185.265,568.7865
5.791582,1,1185.434,568.4184,1185.35,568.6024
5.799913,1,1185.434,568.4184,1185.392,568.5104
5.809149,1,1185.917,568.1748,1185.655,568.3426
5.817045,1,1185.917,568.1748,1185.786,568.2587
5.825834,1,1185.917,568.1748,1185.851,568.2167
5.833509,1,1185.917,568.1748,1185.884,568.1958
5.84049,1,1186.327,568.1301,1186.105,568.163
5.850199,1,1186.327,568.1301,1186.216,568.1465
5.857035,1,1186.327,568.1301,1186.271,568.1383
5.866064,1,1186.327,568.1301,1186.299,568.1342
5.872858,1,1186.311,568.1884,1186.305,568.1613
5.882681,1,1186.311,568.1884,1186.308,568.1748
5.889929,1,1186.311,568.1884,1186.31,568.1816
5.898142,1,1186.772,568.1656,1186.541,568.1736
5.906565,1,1186.772,568.1656,1186.657,568.1697
5.914804,1,1186.772,568.1656,1186.715,568.1677
5.923319,1,1186.772,568.1656,1186.743,568.1666
5.931963,1,1187.101,568.0864,1186.922,568.1265
5.938482,1,1187.101,568.0864,1187.011,568.1064
5.948,1,1187.101,568.0864,1187.056,568.0964
5.954531,1,1187.101,568.0864,1187.079,568.0914
5.964613,1,1187.354,568.1999,1187.216,568.1456
5.971777,1,1187.354,568.1999,1187.285,568.1727
5.98139,1,1187.354,568.1999,1187.319,568.1863
5.989141,1,1187.584,568.2036,1187.452,568.1949
5.999899,1,1187.584,568.2036,1187.518,568.1993
6.007589,1,1187.584,568.2036,1187.551,568.2014
6.01808,1,1187.885,568.1625,1187.718,568.182
6.030439,1,1187.885,568.1625,1187.802,568.1722
6.038568,1,1187.885,568.1625,1187.844,568.1674
6.049288,1,1188.109,568.176,1187.976,568.1717
6.057016,1,1188.109,568.176,1188.042,568.1738
6.066412,1,1188.109,568.176,1188.075,568.1749
6.073431,1,1188.109,568.176,1188.092,568.1755
6.082739,1,1188.377,568.3155,1188.235,568.2455
6.090658,1,1188.377,568.3155,1188.306,568.2805
6.098482,1,1188.377,568.3155,1188.342,568.298
6.10655,1,1188.377,568.3155,1188.36,568.3068
6.114508,1,1188.678,568.9484,1188.519,568.6276
6.123968,1,1188.678,568.9484,1188.598,568.788
6.131681,1,1188.678,568.9484,1188.638,568.8682
6.138777,1,1191.743,570.729,1190.19,569.7986
6.14987,1,1191.743,570.729,1190.967,570.2638
6.156908,1,1191.743,570.729,1191.355,570.4964
6.166197,1,1191.743,570.729,1191.549,570.6127
6.172884,1,1233.109,588.4008,1212.329,579.5067
6.183176,1,1233.109,588.4008,1222.719,583.9537
6.18939,1,1233.109,588.4008,1227.914,586.1772
6.200274,1,1306.815,619.7428,1267.365,602.96
6.209009,1,1306.815,619.7428,1287.09,611.3514
6.218088,1,1306.815,619.7428,1296.953,615.5471
6.225973,1,1306.815,619.7428,1301.884,617.645
6.235018,1,1372.876,650.873,1337.38,634.259
6.247244,1,1372.876,650.873,1355.128,642.566
6.255098,1,1372.876,650.873,1364.002,646.7195
6.266745,1,1416.03,670.3823,1390.016,658.5509
6.274073,1,1416.03,670.3823,1403.023,664.4666
6.283175,1,1416.03,670.3823,1409.526,667.4244
6.291059,1,1437.311,680.2709,1423.418,673.8477
6.300367,1,1437.311,680.2709,1430.365,677.0593
6.311499,1,1437.311,680.2709,1433.838,678.6652
6.31983,1,1437.311,680.2709,1435.574,679.468
6.330858,1,1383.087,671.869,1409.331,675.6685
6.339495,1,1383.087,671.869,1396.209,673.7688
6.350187,1,1274.844,630.3994,1335.526,652.0841
6.358507,1,1274.844,630.3994,1305.185,641.2417
6.36891,1,1274.844,630.3994,1290.014,635.8206
6.377455,1,881.3755,432.6962,1085.695,534.2584
6.387434,1,881.3755,432.6962,983.5353,483.4773
6.40534,1,881.3755,432.6962,932.4554,458.0867
6.414911,1,526.7356,238.741,729.5955,348.4138
6.423624,1,526.7356,238.741,628.1655,293.5774
6.433325,1,526.7356,238.741,577.4506,266.1592
6.44039,1,526.7356,238.741,552.0931,252.4501
6.451075,1,377.6595,142.2648,464.8763,197.3575
6.46295,1,377.6595,142.2648,421.2679,169.8111
6.470804,1,326.5656,101.9127,373.9167,135.8619
6.484247,1,326.5656,101.9127,350.2411,118.8873
6.496222,1,326.5656,101.9127,338.4034,110.4
6.506014,1,313.3159,83.27521,325.8596,96.8376
6.514776,1,313.3159,83.27521,319.5878,90.0564
6.523386,1,313.3159,83.27521,316.4518,86.6658
6.531881,1,308.1131,83.2971,312.2825,84.98145
6.538481,1,308.1131,83.2971,310.1978,84.13928
6.549006,1,308.1131,83.2971,309.1555,83.71819
6.556433,1,308.1131,83.2971,308.6343,83.50764
6.566191,1,304.0899,83.01594,306.3621,83.2618
6.574087,1,304.0899,83.01594,305.226,83.13887
6.583693,1,304.0899,83.01594,304.658,83.07741
6.591177,1,303.8221,82.50162,304.2401,82.78951
6.599707,1,303.8221,82.50162,304.0311,82.64557
6.608244,1,303.8221,82.50162,303.9266,82.57359
6.616476,1,303.8221,82.50162,303.8743,82.53761
6.625074,1,334.5862,98.333,319.2303,90.4353
6.63357,1,334.5862,98.333,326.9083,94.38416
6.640184,1,334.5862,98.333,330.7473,96.35858
6.650187,1,379.015,121.7587,354.8812,109.0587
6.657011,1,379.015,121.7587,366.9481,115.4087
6.667139,1,379.015,121.7587,372.9816,118.5837
6.674955,1,379.015,121.7587,375.9983,120.1712
6.685644,1,811.6328,359.989,593.8156,240.0801
6.694681,1,811.6328,359.989,702.7242,300.0345
6.704542,1,811.6328,359.989,757.1785,330.0118
6.712656,1,1260.221,598.1722,1008.7,464.092
6.720179,1,1260.221,598.1722,1134.461,531.1321
6.730215,1,1260.221,598.1722,1197.341,564.6521
6.738256,1,1260.221,598.1722,1228.781,581.4121
6.747835,1,1441.875,685.6884,1335.328,633.5502
6.756296,1,1441.875,685.6884,1388.601,659.6193
6.7665,1,1441.875,685.6884,1415.238,672.6538
6.774904,1,1500.347,714.9473,1457.792,693.8005
6.784998,1,1500.347,714.9473,1479.07,704.3739
6.793112,1,1500.347,714.9473,1489.708,709.6606
6.802843,1,1506.207,733.5377,1497.958,721.5991
6.811975,1,1506.207,733.5377,1502.082,727.5684
6.821085,1,1506.207,733.5377,1504.145,730.553
6.831205,1,1506.207,733.5377,1505.176,732.0453
6.838305,1,1519.207,735.8897,1512.191,733.9675
6.849665,1,1519.207,735.8897,1515.699,734.9286
6.856592,1,1519.207,735.8897,1517.453,735.4092
6.867018,1,1522.794,729.7183,1520.124,732.5637
6.878233,1,1522.794,729.7183,1521.459,731.141
6.887709,1,1522.794,729.7183,1522.127,730.4296
6.8986,1,1522.653,726.4965,1522.39,728.4631
6.90764,1,1522.653,726.4965,1522.521,727.4798
6.915823,1,1522.653,726.4965,1522.587,726.9882
6.926222,1,1522.189,723.848,1522.388,725.4181
6.934351,1,1522.189,723.848,1522.289,724.6331
6.944193,1,1522.189,723.848,1522.239,724.2405
6.952021,1,1522.189,723.848,1522.214,724.0443
6.960394,1,1521.378,723.9446,1521.796,723.9945
6.970205,1,1521.378,723.9446,1521.587,723.9696
6.978159,1,1521.378,723.9446,1521.482,723.9572
6.987558,1,1521.567,723.3489,1521.525,723.6531
6.996088,1,1521.567,723.3489,1521.546,723.501
7.005785,1,1521.567,723.3489,1521.557,723.4249
7.014376,1,1521.567,723.3489,1521.562,723.387
7.024763,1,1521.247,723.137,1521.404,723.262
7.033907,1,1521.247,723.137,1521.325,723.1995
7.04088,1,1521.247,723.137,1521.286,723.1682
7.051195,1,1521.685,722.3809,1521.485,722.7745
7.059362,1,1521.685,722.3809,1521.585,722.5777
7.069632,1,1521.685,722.3809,1521.635,722.4792
7.077803,1,1519.508,720.2521,1520.571,721.3657
7.087568,1,1519.508,720.2521,1520.04,720.809
7.096071,1,1519.508,720.2521,1519.774,720.5305
7.104921,1,1516.403,718.196,1518.089,719.3633
7.115473,1,1516.403,718.196,1517.246,718.7797
7.12388,1,1516.403,718.196,1516.825,718.4879
7.132566,1,1516.403,718.196,1516.614,718.3419
7.139948,1,1490.819,713.1904,1503.716,715.7662
7.151354,1,1490.819,713.1904,1497.268,714.4783
7.162973,1,1490.819,713.1904,1494.043,713.8344
7.171511,1,1289.825,683.5239,1391.934,698.6791
7.186022,1,1289.825,683.5239,1340.88,691.1014
7.194002,1,1289.825,683.5239,1315.353,687.3126
7.203402,1,1001.083,649.2845,1158.218,668.2986
7.212183,1,1001.083,649.2845,1079.65,658.7915
7.219343,1,1001.083,649.2845,1040.367,654.038
7.230692,1,837.1349,632.9515,938.7508,643.4948
7.237669,1,837.1349,632.9515,887.9429,638.2231
7.247065,1,837.1349,632.9515,862.5389,635.5873
7.254568,1,837.1349,632.9515,849.8369,634.2694
7.264605,1,760.468,625.869,805.1525,630.0692
7.272467,1,760.468,625.869,782.8102,627.9691
7.280611,1,760.468,625.869,771.639,626.9191
7.289942,1,724.1108,624.4788,747.8749,625.699
7.299692,1,724.1108,624.4788,735.9929,625.0889
7.308344,1,724.1108,624.4788,730.0519,624.7838
7.317106,1,708.356,621.5481,719.204,623.166
7.325968,1,708.356,621.5481,713.78,622.3571
7.334551,1,708.356,621.5481,711.068,621.9526
7.343187,1,708.356,621.5481,709.712,621.7504
7.352343,1,718.7001,622.2625,714.2061,622.0065
7.360689,1,718.7001,622.2625,716.4531,622.1345
7.370836,1,718.7001,622.2625,717.5765,622.1985
7.379152,1,718.7001,622.2625,718.1383,622.2305
7.388441,1,803.4207,634.8708,760.7795,628.5507
7.398474,1,803.4207,634.8708,782.1001,631.7108
7.407701,1,942.274,656.8019,862.1871,644.2563
7.416368,1,942.274,656.8019,902.2306,650.5291
7.426935,1,942.274,656.8019,922.2523,653.6655
7.435335,1,942.274,656.8019,932.2632,655.2337
7.450552,1,1179.266,691.6888,1055.765,673.4612
7.458792,1,1179.266,691.6888,1117.515,682.575
7.467978,1,1179.266,691.6888,1148.391,687.1319
7.476744,1,1334.656,713.6402,1241.523,700.386
7.486124,1,1334.656,713.6402,1288.09,707.0131
7.494402,1,1334.656,713.6402,1311.373,710.3267
7.504503,1,1415.816,725.3509,1363.594,717.8387
7.512724,1,1415.816,725.3509,1389.705,721.5948
7.52104,1,1415.816,725.3509,1402.761,723.4729
7.530611,1,1451.993,733.1783,1427.377,728.3256
7.538343,1,1451.993,733.1783,1439.685,730.752
7.54851,1,1451.993,733.1783,1445.839,731.9651
7.555738,1,1451.993,733.1783,1448.916,732.5717
7.565931,1,1474.875,733.2393,1461.895,732.9055
7.573355,1,1474.875,733.2393,1468.385,733.0724
7.583773,1,1474.875,733.2393,1471.63,733.1558
7.591448,1,1487.872,734.0369,1479.751,733.5964
7.600534,1,1487.872,734.0369,1483.812,733.8167
7.608866,1,1487.872,734.0369,1485.842,733.9268
7.619005,1,1487.872,734.0369,1486.857,733.9818
7.630205,1,1491.744,733.6801,1489.3,733.8309
7.638609,1,1491.744,733.6801,1490.522,733.7555
7.651121,1,1491.942,733.389,1491.232,733.5723
7.663347,1,1491.942,733.389,1491.587,733.4807
7.670904,1,1491.942,733.389,1491.764,733.4348
7.684675,1,1489.968,732.3252,1490.866,732.88
7.69441,1,1489.968,732.3252,1490.417,732.6026
7.706217,1,1489.968,732.3252,1490.192,732.4639
7.715315,1,1485.166,734.8743,1487.679,733.6691
7.725008,1,1485.166,734.8743,1486.422,734.2717
7.732779,1,1485.166,734.8743,1485.794,734.573
7.740404,1,1485.166,734.8743,1485.48,734.7236
7.751463,1,1484.803,734.4883,1485.141,734.606
7.759409,1,1484.803,734.4883,1484.972,734.5471
7.769358,1,1484.803,734.4883,1484.888,734.5177
7.777063,1,1484.069,733.2757,1484.478,733.8967
7.787142,1,1484.069,733.2757,1484.274,733.5862
7.795843,1,1484.069,733.2757,1484.171,733.4309
7.805952,1,1482.861,732.6073,1483.516,733.0191
7.815092,1,1482.861,732.6073,1483.188,732.8132
7.824495,1,1482.861,732.6073,1483.024,732.7103
7.833467,1,1482.421,732.2437,1482.723,732.477
7.841059,1,1482.421,732.2437,1482.572,732.3604
7.851908,1,1482.421,732.2437,1482.496,732.302
7.863089,1,1482.389,732.1249,1482.443,732.2135
7.871668,1,1482.389,732.1249,1482.416,732.1692
7.883863,1,1482.389,732.1249,1482.403,732.1471
7.892603,1,1482.389,732.1249,1482.396,732.136
7.90064,1,1482.288,731.5855,1482.342,731.8607
7.910154,1,1482.288,731.5855,1482.315,731.7231
7.917944,1,1482.288,731.5855,1482.301,731.6543
7.928995,1,1482.24,730.8975,1482.271,731.2759
7.937063,1,1482.24,730.8975,1482.255,731.0867
7.947752,1,1482.24,730.8975,1482.248,730.9921
7.956537,1,1481.776,730.2173,1482.012,730.6047
7.967485,1,1481.776,730.2173,1481.894,730.411
7.975641,1,1481.776,730.2173,1481.835,730.3141
7.991385,1,1481.365,729.9965,1481.6,730.1553
8.000544,1,1481.365,729.9965,1481.482,730.0759
8.009729,1,1481.365,729.9965,1481.423,730.0363
8.018476,1,1480.901,729.2643,1481.162,729.6503
8.027952,1,1480.901,729.2643,1481.031,729.4573
8.036009,1,1480.901,729.2643,1480.966,729.3608
8.045366,1,1480.571,728.8583,1480.769,729.1096
8.054064,1,1480.571,728.8583,1480.67,728.9839
8.064447,1,1480.571,728.8583,1480.621,728.9211
8.071287,1,1480.557,728.6285,1480.589,728.7748
8.084665,1,1480.557,728.6285,1480.573,728.7017
8.095079,1,1480.557,728.6285,1480.565,728.665
8.104685,1,1480.753,728.578,1480.659,728.6215
8.112505,1,1480.753,728.578,1480.706,728.5997
8.120085,1,1480.753,728.578,1480.729,728.5889
8.130182,1,1480.753,728.578,1480.741,728.5834
8.138285,1,1480.977,728.3696,1480.859,728.4766
8.147902,1,1480.977,728.3696,1480.918,728.4231
8.156218,1,1480.977,728.3696,1480.947,728.3964
8.16715,1,1480.503,727.426,1480.725,727.9112
8.175806,1,1480.503,727.426,1480.614,727.6686
8.185644,1,1480.503,727.426,1480.558,727.5473
8.194059,1,1480.366,726.3302,1480.462,726.9387
8.20442,1,1480.366,726.3302,1480.414,726.6345
8.213266,1,1480.366,726.3302,1480.39,726.4823
8.223127,1,1479.86,725.1657,1480.125,725.824
8.232374,1,1479.86,725.1657,1479.992,725.4949
8.239828,1,1479.86,725.1657,1479.926,725.3303
8.249838,1,1479.86,725.1657,1479.893,725.248
8.257624,1,1479.691,724.2357,1479.792,724.7418
8.267393,1,1479.691,724.2357,1479.741,724.4888
8.277437,1,1479.691,724.2357,1479.716,724.3622
8.287409,1,1479.651,723.62,1479.684,723.9911
8.300615,1,1479.651,723.62,1479.667,723.8055
8.312471,1,1479.651,723.62,1479.659,723.7128
8.320971,1,1479.247,722.8523,1479.453,723.2825
8.334326,1,1479.247,722.8523,1479.35,723.0674
8.343649,1,1478.267,721.0186,1478.809,722.043
8.351973,1,1478.267,721.0186,1478.538,721.5308
8.359816,1,1478.267,721.0186,1478.403,721.2747
8.36894,1,1478.267,721.0186,1478.335,721.1466
8.377722,1,1476.99,719.2,1477.662,720.1733
8.38759,1,1476.99,719.2,1477.326,719.6866
8.395929,1,1476.99,719.2,1477.158,719.4433
8.405584,1,1475.503,717.4843,1476.331,718.4637
8.414022,1,1475.503,717.4843,1475.917,717.974
8.421423,1,1475.503,717.4843,1475.71,717.7291
8.432169,1,1475.503,717.4843,1475.607,717.6067
8.439085,1,1474.417,715.6959,1475.012,716.6513
8.450106,1,1474.417,715.6959,1474.714,716.1736
8.457201,1,1474.417,715.6959,1474.566,715.9348
8.467573,1,1473.056,714.5056,1473.811,715.2202
8.477888,1,1473.056,714.5056,1473.434,714.8629
8.487673,1,1473.056,714.5056,1473.245,714.6843
8.499529,1,1471.518,713.2782,1472.382,713.9812
8.511381,1,1471.518,713.2782,1471.95,713.6297
8.519945,1,1471.518,713.2782,1471.734,713.454
8.529734,1,1469.505,711.4341,1470.619,712.4441
8.538828,1,1469.505,711.4341,1470.062,711.9391
8.54933,1,1469.505,711.4341,1469.783,711.6866
8.557631,1,1467.496,709.0352,1468.64,710.3609
8.567533,1,1467.496,709.0352,1468.068,709.698
8.575563,1,1467.496,709.0352,1467.782,709.3666
8.585203,1,1467.496,709.0352,1467.639,709.2009
8.593222,1,1465.367,706.4731,1466.503,707.837
8.603277,1,1465.367,706.4731,1465.935,707.155
8.610868,1,1465.367,706.4731,1465.651,706.8141
8.619074,1,1463.422,704.4287,1464.537,705.6214
8.628668,1,1463.422,704.4287,1463.98,705.025
8.636526,1,1463.422,704.4287,1463.701,704.7269
8.644983,1,1463.422,704.4287,1463.562,704.5778
8.654131,1,1462.236,702.8748,1462.899,703.7263
8.663202,1,1462.236,702.8748,1462.568,703.3005
8.670488,1,1462.236,702.8748,1462.402,703.0876
8.678347,1,1460.329,700.4781,1461.366,701.7829
8.687738,1,1460.329,700.4781,1460.848,701.1305
8.695578,1,1460.329,700.4781,1460.589,700.8043
8.712564,1,1458.321,698.0957,1459.455,699.45
8.724771,1,1458.321,698.0957,1458.888,698.7728
8.735491,1,1458.321,698.0957,1458.604,698.4343
8.746183,1,1455.925,695.5765,1457.265,697.0054
8.753176,1,1455.925,695.5765,1456.594,696.2909
8.771437,1,1453.358,692.8331,1454.976,694.562
8.779539,1,1453.358,692.8331,1454.167,693.6975
8.788294,1,1453.358,692.8331,1453.763,693.2653
8.79653,1,1450.401,688.8626,1452.082,691.064
8.806501,1,1450.401,688.8626,1451.242,689.9633
8.814817,1,1450.401,688.8626,1450.821,689.413
8.823156,1,1450.401,688.8626,1450.611,689.1378
8.831377,1,1447.799,685.7078,1449.205,687.4229
8.838274,1,1447.799,685.7078,1448.502,686.5653
8.847124,1,1447.799,685.7078,1448.15,686.1366
8.855944,1,1447.799,685.7078,1447.975,685.9222
8.865057,1,1444.387,681.6752,1446.181,683.7987
8.871931,1,1444.387,681.6752,1445.284,682.7369
8.879896,1,1444.387,681.6752,1444.835,682.2061
8.888414,1,1441.013,679.012,1442.924,680.609
8.897379,1,1441.013,679.012,1441.969,679.8105
8.907084,1,1441.013,679.012,1441.491,679.4113
8.914656,1,1441.013,679.012,1441.252,679.2117
8.923513,1,1438.437,676.6656,1439.844,677.9386
8.932032,1,1438.437,676.6656,1439.141,677.3021
8.938818,1,1438.437,676.6656,1438.789,676.9839
8.947683,1,1438.437,676.6656,1438.613,676.8247
8.954676,1,1435.815,673.5328,1437.214,675.1787
8.963709,1,1435.815,673.5328,1436.514,674.3557
8.9709,1,1435.815,673.5328,1436.165,673.9442
8.978601,1,1432.928,670.8691,1434.546,672.4066
8.987703,1,1432.928,670.8691,1433.737,671.6378
8.997904,1,1432.928,670.8691,1433.333,671.2534
9.00519,1,1432.928,670.8691,1433.13,671.0613
9.014761,1,1430.585,668.3948,1431.857,669.728
9.022947,1,1430.585,668.3948,1431.221,669.0614
9.03174,1,1430.585,668.3948,1430.903,668.7281
9.037714,1,1430.585,668.3948,1430.744,668.5614
9.049768,1,1428.987,666.0606,1429.865,667.311
9.057184,1,1428.987,666.0606,1429.426,666.6858
9.067209,1,1428.987,666.0606,1429.206,666.3732
9.074297,1,1427.539,663.9602,1428.373,665.1667
9.081327,1,1427.539,663.9602,1427.956,664.5635
9.088949,1,1427.539,663.9602,1427.748,664.2618
9.096292,1,1427.539,663.9602,1427.644,664.111
9.104937,1,1426.323,661.6819,1426.983,662.8965
9.112635,1,1426.323,661.6819,1426.653,662.2892
9.119967,1,1426.323,661.6819,1426.488,661.9855
9.12858,1,1412.474,645.7374,1419.481,653.8615
9.138689,1,1412.474,645.7374,1415.978,649.7994
9.147417,1,1412.474,645.7374,1414.226,647.7684
9.154448,1,1412.474,645.7374,1413.35,646.7529
9.164003,1,1353.578,560.0623,1383.464,603.4076
9.171034,1,1353.578,560.0623,1368.521,581.7349
9.179018,1,1353.578,560.0623,1361.05,570.8986
9.187094,1,1353.578,560.0623,1357.314,565.4804
9.193789,1,1292.917,469.0253,1325.115,517.2529
9.200941,1,1292.917,469.0253,1309.016,493.1391
9.208921,1,1292.917,469.0253,1300.967,481.0822
9.216253,1,1292.917,469.0253,1296.942,475.0538
9.224035,1,1257.693,416.6873,1277.318,445.8705
9.233591,1,1257.693,416.6873,1267.505,431.2789
9.240091,1,1257.693,416.6873,1262.599,423.9832
9.249533,1,1238.477,389.072,1250.538,406.5276
9.256075,1,1238.477,389.072,1244.508,397.7998
9.266111,1,1238.477,389.072,1241.492,393.4359
9.272497,1,1238.477,389.072,1239.985,391.254
9.282801,1,1228.347,374.6464,1234.166,382.9502
9.289301,1,1228.347,374.6464,1231.256,378.7983
9.29936,1,1228.347,374.6464,1229.801,376.7224
9.307432,1,1228.347,374.6464,1229.074,375.6844
9.316706,1,1224.165,367.0549,1226.619,371.3696
9.328997,1,1224.165,367.0549,1225.392,369.2123
9.337606,1,1224.165,367.0549,1224.778,368.1336
9.350218,1,1221.938,361.8685,1223.358,365.001
9.358984,1,1221.938,361.8685,1222.648,363.4348
9.367983,1,1221.938,361.8685,1222.293,362.6516
9.376303,1,1224.911,361.0133,1223.602,361.8325
9.38674,1,1224.911,361.0133,1224.256,361.4229
9.395868,1,1224.911,361.0133,1224.583,361.2181
9.406229,1,1246.077,386.7971,1235.33,374.0076
9.41617,1,1246.077,386.7971,1240.704,380.4023
9.425779,1,1246.077,386.7971,1243.391,383.5997
9.434576,1,1265.991,413.7053,1254.691,398.6525
9.444307,1,1265.991,413.7053,1260.341,406.1789
9.453485,1,1265.991,413.7053,1263.166,409.9421
9.46343,1,1305.216,467.5254,1284.191,438.7338
9.472052,1,1305.216,467.5254,1294.704,453.1296
9.480082,1,1305.216,467.5254,1299.96,460.3275
9.489092,1,1305.216,467.5254,1302.588,463.9265
9.49877,1,1339.501,515.9918,1321.045,489.9591
9.508287,1,1339.501,515.9918,1330.273,502.9755
9.516935,1,1339.501,515.9918,1334.887,509.4836
9.526037,1,1362.229,548.0224,1348.558,528.7531
9.535604,1,1362.229,548.0224,1355.393,538.3877
9.548418,1,1362.229,548.0224,1358.811,543.2051
9.556063,1,1374.979,566.7442,1366.895,554.9746
9.568155,1,1374.979,566.7442,1370.937,560.8594
9.585043,1,1384.215,579.0588,1377.576,569.9591
9.600073,1,1384.215,579.0588,1380.896,574.509
9.608412,1,1384.215,579.0588,1382.556,576.7839
9.616461,1,1389.335,584.6617,1385.945,580.7228
9.625422,1,1389.335,584.6617,1387.64,582.6923
9.633924,1,1389.335,584.6617,1388.488,583.677
9.641333,1,1389.335,584.6617,1388.911,584.1693
9.651316,1,1390.897,587.3492,1389.904,585.7593
9.659323,1,1390.897,587.3492,1390.401,586.5543
9.671404,1,1390.897,587.3492,1390.649,586.9518
9.684458,1,1390.79,588.3137,1390.719,587.6327
9.692438,1,1390.79,588.3137,1390.754,587.9731
9.706041,1,1389.68,588.5961,1390.217,588.2846
9.717566,1,1389.68,588.5961,1389.948,588.4403
9.72558,1,1389.68,588.5961,1389.814,588.5182
9.733557,1,1387.847,588.2714,1388.831,588.3948
9.740896,1,1387.847,588.2714,1388.339,588.3331
9.751093,1,1387.847,588.2714,1388.093,588.3022
9.758863,1,1387.847,588.2714,1387.97,588.2869
9.770533,1,1386.526,587.4551,1387.248,587.871
9.781538,1,1386.526,587.4551,1386.887,587.6631
9.789602,1,1386.526,587.4551,1386.706,587.5591
9.799974,1,1385.399,586.8439,1386.052,587.2015
9.811632,1,1385.399,586.8439,1385.726,587.0227
9.82033,1,1385.399,586.8439,1385.562,586.9333
9.833738,1,1383.798,585.9344,1384.68,586.4339
9.841284,1,1383.798,585.9344,1384.239,586.1842
9.850481,1,1383.798,585.9344,1384.018,586.0593
9.858316,1,1382.678,585.2734,1383.348,585.6664
9.867517,1,1382.678,585.2734,1383.013,585.4699
9.875628,1,1382.678,585.2734,1382.846,585.3717
9.884325,1,1381.627,584.8385,1382.236,585.1051
9.891943,1,1381.627,584.8385,1381.932,584.9718
9.899981,1,1381.627,584.8385,1381.779,584.9052
9.908892,1,1381.627,584.8385,1381.703,584.8718
9.916506,1,1381.627,584.8385,1381.665,584.8552
9.926153,1,1380.551,584.4006,1381.108,584.6279
9.934504,1,1380.551,584.4006,1380.83,584.5142
9.943392,1,1380.551,584.4006,1380.691,584.4574
9.951456,1,1379.676,583.9557,1380.183,584.2065
9.959021,1,1379.676,583.9557,1379.929,584.0811
9.968256,1,1379.676,583.9557,1379.803,584.0184
9.976122,1,1378.617,583.2624,1379.21,583.6404
9.986219,1,1378.617,583.2624,1378.914,583.4514
9.994093,1,1378.617,583.2624,1378.765,583.3569
10.00374,1,1378.617,583.2624,1378.691,583.3097
10.01215,1,1377.498,583.0114,1378.095,583.1605
10.02098,1,1377.498,583.0114,1377.796,583.0859
10.03076,1,1377.498,583.0114,1377.647,583.0487
10.03792,1,1376.1,582.1891,1376.874,582.6189
10.0495,1,1376.1,582.1891,1376.487,582.404
10.0568,1,1376.1,582.1891,1376.293,582.2965
10.06711,1,1374.471,581.327,1375.382,581.8118
10.07749,1,1374.471,581.327,1374.927,581.5693
10.08677,1,1374.471,581.327,1374.699,581.4481
10.10024,1,1372.613,580.1785,1373.656,580.8133
10.11429,1,1372.613,580.1785,1373.135,580.4958
10.12399,1,1372.613,580.1785,1372.874,580.3372
10.13243,1,1371.075,579.1979,1371.974,579.7675
10.13984,1,1371.075,579.1979,1371.525,579.4827
10.14899,1,1371.075,579.1979,1371.3,579.3403
10.15711,1,1369.508,577.7864,1370.404,578.5634
10.16641,1,1369.508,577.7864,1369.956,578.1749
10.17448,1,1369.508,577.7864,1369.732,577.9806
10.18361,1,1369.508,577.7864,1369.62,577.8835
10.19116,1,1368.113,576.3354,1368.866,577.1095
10.20042,1,1368.113,576.3354,1368.49,576.7225
10.20955,1,1368.113,576.3354,1368.301,576.5289
10.21937,1,1366.266,574.8399,1367.283,575.6844
10.22851,1,1366.266,574.8399,1366.775,575.2622
10.23742,1,1366.266,574.8399,1366.52,575.051
10.24743,1,1364.027,573.693,1365.274,574.372
10.25617,1,1364.027,573.693,1364.651,574.0325
10.26775,1,1364.027,573.693,1364.339,573.8627
10.27524,1,1364.027,573.693,1364.183,573.7778
10.2858,1,1362.054,572.0911,1363.119,572.9344
10.29579,1,1362.054,572.0911,1362.587,572.5128
10.30448,1,1362.054,572.0911,1362.321,572.3019
10.31492,1,1360.144,570.5048,1361.232,571.4033
10.32307,1,1360.144,570.5048,1360.688,570.954
10.33164,1,1360.144,570.5048,1360.416,570.7294
10.33865,1,1358,569.2562,1359.208,569.9928
10.34788,1,1358,569.2562,1358.604,569.6245
10.35512,1,1358,569.2562,1358.302,569.4404
10.36529,1,1358,569.2562,1358.151,569.3483
10.37288,1,1355.386,567.9677,1356.768,568.658
10.38078,1,1355.386,567.9677,1356.077,568.3128
10.39014,1,1355.386,567.9677,1355.732,568.1403
10.40089,1,1353.005,566.9387,1354.369,567.5395
10.41131,1,1353.005,566.9387,1353.687,567.2391
10.41937,1,1353.005,566.9387,1353.346,567.0889
10.42781,1,1351.43,566.1801,1352.388,566.6345
10.43598,1,1351.43,566.1801,1351.909,566.4073
10.44616,1,1351.43,566.1801,1351.669,566.2937
10.45518,1,1351.43,566.1801,1351.549,566.2369
10.46518,1,1349.692,565.0389,1350.621,565.6379
10.47229,1,1349.692,565.0389,1350.156,565.3384
10.48336,1,1349.692,565.0389,1349.924,565.1887
10.49051,1,1347.77,565.0098,1348.847,565.0992
10.49931,1,1347.77,565.0098,1348.308,565.0545
10.50785,1,1347.77,565.0098,1348.039,565.0321
10.51736,1,1347.77,565.0098,1347.904,565.0209
10.52907,1,1346.419,564.9762,1347.162,564.9985
10.53687,1,1346.419,564.9762,1346.79,564.9874
10.54573,1,1346.419,564.9762,1346.605,564.9818
10.55305,1,1344.851,565.0192,1345.728,565.0005
10.56274,1,1344.851,565.0192,1345.289,565.0098
10.57024,1,1344.851,565.0192,1345.07,565.0145
10.57785,1,1344.851,565.0192,1344.96,565.0168
10.58778,1,1343.794,565.0508,1344.377,565.0338
10.59602,1,1343.794,565.0508,1344.086,565.0423
10.60499,1,1343.794,565.0508,1343.94,565.0465
10.61298,1,1343.031,565.2274,1343.486,565.137
10.62105,1,1343.031,565.2274,1343.258,565.1821
10.63024,1,1343.031,565.2274,1343.145,565.2047
10.63784,1,1343.031,565.2274,1343.088,565.2161
10.6471,1,1342.421,565.3829,1342.755,565.2995
10.65491,1,1342.421,565.3829,1342.588,565.3412
10.66455,1,1342.421,565.3829,1342.505,565.3621
10.67233,1,1342.006,565.7877,1342.255,565.5748
10.68143,1,1342.006,565.7877,1342.131,565.6813
10.68937,1,1342.006,565.7877,1342.068,565.7345
10.69826,1,1342.006,565.7877,1342.037,565.7611
10.70634,1,1341.459,566.3095,1341.748,566.0353
10.71713,1,1341.459,566.3095,1341.604,566.1724
10.72952,1,1341.622,568.9445,1341.613,567.5585
10.73691,1,1341.622,568.9445,1341.618,568.2515
10.7513,1,1341.622,568.9445,1341.62,568.598
10.75841,1,1341.622,568.9445,1341.621,568.7712
10.76685,1,1341.764,573.3474,1341.692,571.0593
10.77474,1,1341.764,573.3474,1341.728,572.2034
10.78449,1,1341.764,573.3474,1341.746,572.7754
10.79206,1,1341.764,573.3474,1341.755,573.0614
10.8007,1,1342.004,578.8755,1341.88,575.9684
10.80973,1,1342.004,578.8755,1341.942,577.422
10.81769,1,1342.004,578.8755,1341.973,578.1487
10.82594,1,1342.522,584.4175,1342.248,581.2831
10.83429,1,1342.522,584.4175,1342.385,582.8503
10.84114,1,1342.522,584.4175,1342.453,583.6339
10.84991,1,1343.424,591.0281,1342.939,587.331
10.85676,1,1343.424,591.0281,1343.181,589.1796
10.86644,1,1343.424,591.0281,1343.303,590.1038
10.87263,1,1343.424,591.0281,1343.363,590.5659
10.88276,1,1344.692,597.0548,1344.028,593.8104
10.88893,1,1344.692,597.0548,1344.36,595.4326
10.89605,1,1344.692,597.0548,1344.526,596.2437
10.90381,1,1344.692,597.0548,1344.609,596.6493
10.91557,1,1346.353,602.9678,1345.481,599.8085
10.92351,1,1346.353,602.9678,1345.917,601.3882
10.93123,1,1346.353,602.9678,1346.135,602.178
10.93715,1,1346.353,602.9678,1346.244,602.5729
10.94597,1,1347.531,609.2445,1346.888,605.9087
10.95264,1,1347.531,609.2445,1347.209,607.5766
10.96107,1,1347.531,609.2445,1347.37,608.4105
10.96922,1,1347.531,609.2445,1347.451,608.8275
10.97626,1,1348.085,615.4843,1347.768,612.1559
10.98538,1,1348.085,615.4843,1347.926,613.8201
10.99257,1,1348.085,615.4843,1348.006,614.6522
10.99996,1,1348.085,615.4843,1348.045,615.0682
11.00809,1,1349.528,621.2394,1348.787,618.1538
11.03559,1,1351.275,626.6953,1350.031,622.4246
11.04432,1,1351.275,626.6953,1350.653,624.5599
11.05196,1,1351.275,626.6953,1350.964,625.6276
11.05842,1,1351.275,626.6953,1351.12,626.1614
11.06756,1,1353.259,631.1841,1352.189,628.6727
11.0737,1,1353.259,631.1841,1352.724,629.9285
11.0827,1,1353.259,631.1841,1352.992,630.5563
11.0888,1,1353.259,631.1841,1353.125,630.8702
11.09877,1,1356.062,635.7459,1354.594,633.3081
11.10579,1,1356.062,635.7459,1355.328,634.527
11.11556,1,1356.062,635.7459,1355.695,635.1365
11.12395,1,1358.452,640.3107,1357.073,637.7236
11.13145,1,1358.452,640.3107,1357.762,639.0172
11.13875,1,1358.452,640.3107,1358.107,639.6639
11.14767,1,1358.452,640.3107,1358.279,639.9873
11.15425,1,1360.8,645.3342,1359.539,642.6608
11.16358,1,1360.8,645.3342,1360.169,643.9974
11.17121,1,1360.8,645.3342,1360.484,644.6658
11.17829,1,1360.8,645.3342,1360.642,645
11.18633,1,1362.794,649.3506,1361.718,647.1753
11.19393,1,1362.794,649.3506,1362.256,648.2629
11.20297,1,1362.794,649.3506,1362.525,648.8068
11.20985,1,1362.794,649.3506,1362.66,649.0787
11.21982,1,1364.651,652.8474,1363.656,650.963
11.22791,1,1364.651,652.8474,1364.153,651.9052
11.23701,1,1364.651,652.8474,1364.402,652.3762
11.24635,1,1365.538,656.2526,1364.97,654.3145
11.25388,1,1365.538,656.2526,1365.254,655.2836
11.26138,1,1365.538,656.2526,1365.396,655.7681
11.27028,1,1365.538,656.2526,1365.467,656.0104
11.27874,1,1366.769,659.3519,1366.118,657.6812
11.28784,1,1366.769,659.3519,1366.444,658.5165
11.29588,1,1366.769,659.3519,1366.606,658.9342
11.30451,1,1368.403,661.6985,1367.505,660.3164
11.3154,1,1368.403,661.6985,1367.954,661.0074
11.32338,1,1368.403,661.6985,1368.178,661.353
11.33415,1,1369.683,665.082,1368.93,663.2175
11.3406,1,1369.683,665.082,1369.307,664.1498
11.34982,1,1369.683,665.082,1369.495,664.6159
11.35766,1,1369.683,665.082,1369.589,664.849
11.36661,1,1369.683,665.082,1369.636,664.9655
11.37407,1,1371.552,667.1942,1370.594,666.0798
11.3827,1,1371.552,667.1942,1371.073,666.637
11.38987,1,1371.552,667.1942,1371.312,666.9155
11.39787,1,1373.083,668.8872,1372.197,667.9014
11.407,1,1373.083,668.8872,1372.64,668.3943
11.41474,1,1373.083,668.8872,1372.861,668.6407
11.42288,1,1373.083,668.8872,1372.972,668.764
11.43152,1,1375.26,671.4495,1374.116,670.1067
11.43901,1,1375.26,671.4495,1374.688,670.7781
11.44766,1,1375.26,671.4495,1374.974,671.1138
11.45513,1,1376.875,673.5251,1375.924,672.3195
11.46395,1,1376.875,673.5251,1376.4,672.9223
11.47078,1,1376.875,673.5251,1376.637,673.2238
11.47835,1,1376.875,673.5251,1376.756,673.3745
11.48685,1,1379.178,675.8427,1377.967,674.6086
11.49501,1,1379.178,675.8427,1378.573,675.2256
11.505,1,1379.178,675.8427,1378.875,675.5342
11.51452,1,1379.178,675.8427,1379.027,675.6885
11.52295,1,1381.41,679.2613,1380.218,677.4749
11.53417,1,1381.41,679.2613,1380.814,678.368
11.54018,1,1381.41,679.2613,1381.112,678.8147
11.54968,1,1382.307,681.152,1381.709,679.9834
11.55641,1,1382.307,681.152,1382.008,680.5677
11.56534,1,1382.307,681.152,1382.157,680.8599
11.57189,1,1382.307,681.152,1382.232,681.006
11.57939,1,1383.478,682.864,1382.855,681.9349
11.58745,1,1383.478,682.864,1383.167,682.3994
11.595,1,1383.478,682.864,1383.323,682.6317
11.60383,1,1383.478,682.864,1383.4,682.7478
11.61147,1,1384.678,684.5817,1384.039,683.6647
11.61909,1,1384.678,684.5817,1384.359,684.1232
11.62724,1,1384.678,684.5817,1384.518,684.3524
11.63458,1,1384.678,684.5817,1384.598,684.467
11.64124,1,1386.783,687.0642,1385.691,685.7656
11.65174,1,1386.783,687.0642,1386.237,686.4149
11.65871,1,1386.783,687.0642,1386.51,686.7396
11.66771,1,1390.783,689.8249,1388.647,688.2822
11.67494,1,1390.783,689.8249,1389.715,689.0536
11.68397,1,1390.783,689.8249,1390.249,689.4392
11.6906,1,1390.783,689.8249,1390.516,689.6321
11.69868,1,1394.726,691.0527,1392.621,690.3424
11.70678,1,1394.726,691.0527,1393.673,690.6976
11.7162,1,1394.726,691.0527,1394.199,690.8751
11.72377,1,1394.726,691.0527,1394.463,690.9639
11.73221,1,1397.839,692.7988,1396.151,691.8813
11.7391,1,1397.839,692.7988,1396.995,692.3401
11.75006,1,1397.839,692.7988,1397.417,692.5695
11.75686,1,1397.839,692.7988,1397.628,692.6841
11.76917,1,1400.516,694.8117,1399.072,693.7479
11.7763,1,1400.516,694.8117,1399.794,694.2798
11.78452,1,1400.516,694.8117,1400.155,694.5458
11.79224,1,1403.314,697.4698,1401.734,696.0078
11.801,1,1403.314,697.4698,1402.524,696.7388
11.81035,1,1403.314,697.4698,1402.919,697.1042
11.81772,1,1403.314,697.4698,1403.116,697.287
11.82717,1,1407.072,700.5851,1405.094,698.936
11.83457,1,1407.072,700.5851,1406.083,699.7606
11.84312,1,1407.072,700.5851,1406.577,700.1729
11.85044,1,1411.182,703.8152,1408.88,701.994
11.85703,1,1411.182,703.8152,1410.031,702.9047
11.8662,1,1411.182,703.8152,1410.606,703.36
11.87322,1,1411.182,703.8152,1410.894,703.5876
11.88317,1,1415.557,706.2926,1413.225,704.9401
11.88974,1,1415.557,706.2926,1414.391,705.6163
11.89736,1,1415.557,706.2926,1414.974,705.9545
11.90572,1,1415.557,706.2926,1415.265,706.1235
11.913,1,1418.599,707.9827,1416.932,707.0531
11.92023,1,1418.599,707.9827,1417.766,707.5179
11.92877,1,1418.599,707.9827,1418.182,707.7504
11.93658,1,1418.599,707.9827,1418.391,707.8666
11.94694,1,1421.338,710.3503,1419.864,709.1085
11.95395,1,1421.338,710.3503,1420.601,709.7294
11.96294,1,1421.338,710.3503,1420.969,710.0399
11.97035,1,1423.786,712.2038,1422.378,711.1218
11.98361,1,1423.786,712.2038,1423.082,711.6628
11.9951,1,1423.786,712.2038,1423.434,711.9333
12.0041,1,1426.297,713.2932,1424.865,712.6133
12.012,1,1426.297,713.2932,1425.581,712.9532
12.01911,1,1426.297,713.2932,1425.939,713.1232
12.02778,1,1426.297,713.2932,1426.118,713.2081
12.03537,1,1428.951,714.8157,1427.534,714.0119
12.04409,1,1428.951,714.8157,1428.243,714.4138
12.051,1,1428.951,714.8157,1428.597,714.6147
12.05828,1,1428.951,714.8157,1428.774,714.7152
12.06691,1,1431.439,716.606,1430.106,715.6606
12.07366,1,1431.439,716.606,1430.773,716.1333
12.08281,1,1431.439,716.606,1431.106,716.3696
12.08982,1,1433.945,717.7701,1432.525,717.0699
12.09782,1,1433.945,717.7701,1433.235,717.42
12.10632,1,1433.945,717.7701,1433.59,717.5951
12.11426,1,1433.945,717.7701,1433.768,717.6826
12.12272,1,1435.725,719.1034,1434.746,718.393
12.13081,1,1435.725,719.1034,1435.235,718.7482
12.13776,1,1435.725,719.1034,1435.48,718.9258
12.14596,1,1435.725,719.1034,1435.602,719.0146
12.15333,1,1436.807,720.2911,1436.205,719.6528
12.16005,1,1436.807,720.2911,1436.506,719.972
12.16887,1,1436.807,720.2911,1436.656,720.1316
12.17568,1,1436.807,720.2911,1436.731,720.2114
12.18484,1,1437.846,721.7482,1437.289,720.9797
12.19203,1,1437.846,721.7482,1437.567,721.364
12.20119,1,1437.846,721.7482,1437.707,721.556
12.20907,1,1437.846,721.7482,1437.776,721.6521
12.21825,1,1439.254,723.2601,1438.515,722.4561
12.22927,1,1439.254,723.2601,1438.884,722.8582
12.23649,1,1439.254,723.2601,1439.069,723.0591
12.25082,1,1440.375,725.1874,1439.722,724.1233
12.25779,1,1440.375,725.1874,1440.048,724.6554
12.26785,1,1440.375,725.1874,1440.212,724.9214
12.275,1,1441.55,727.1348,1440.881,726.0281
12.28406,1,1441.55,727.1348,1441.215,726.5814
12.29116,1,1441.55,727.1348,1441.383,726.8581
12.29972,1,1441.55,727.1348,1441.466,726.9965
12.30816,1,1442.997,729.2957,1442.232,728.1461
12.31591,1,1442.997,729.2957,1442.614,728.7208
12.3235,1,1442.997,729.2957,1442.806,729.0082
12.33185,1,1444.902,731.9726,1443.854,730.4904
12.33878,1,1444.902,731.9726,1444.378,731.2315
12.34793,1,1444.902,731.9726,1444.64,731.6021
12.35444,1,1444.902,731.9726,1444.771,731.7874
12.36287,1,1444.902,731.9726,1444.837,731.88
12.37023,1,1446.549,734.3727,1445.693,733.1263
12.37686,1,1446.549,734.3727,1446.121,733.7495
12.38542,1,1446.549,734.3727,1446.335,734.0612
12.39162,1,1446.549,734.3727,1446.442,734.2169
12.39961,1,1449.992,738.0397,1448.217,736.1283
12.40726,1,1449.992,738.0397,1449.104,737.084
12.41511,1,1449.992,738.0397,1449.548,737.5619
12.42301,1,1454.903,741.7424,1452.226,739.6522
12.43408,1,1454.903,741.7424,1453.564,740.6973
12.44999,1,1454.903,741.7424,1454.234,741.2198
12.46124,1,1460.958,746.6435,1457.596,743.9316
12.46984,1,1460.958,746.6435,1459.277,745.2876
12.47715,1,1460.958,746.6435,1460.118,745.9656
12.48525,1,1466.906,751.2902,1463.512,748.6279
12.49281,1,1466.906,751.2902,1465.208,749.9591
12.50036,1,1466.906,751.2902,1466.057,750.6246
12.5084,1,1466.906,751.2902,1466.481,750.9574
12.51592,1,1472.823,755.4897,1469.652,753.2235
12.52446,1,1472.823,755.4897,1471.237,754.3566
12.53182,1,1472.823,755.4897,1472.03,754.9231
12.53836,1,1472.823,755.4897,1472.426,755.2064
12.54758,1,1477.839,759.0364,1475.132,757.1215
12.55481,1,1477.839,759.0364,1476.486,758.079
12.56474,1,1477.839,759.0364,1477.162,758.5577
12.57137,1,1477.839,759.0364,1477.5,758.7971
12.57882,1,1481.927,762.696,1479.714,760.7466
12.58923,1,1481.927,762.696,1480.821,761.7213
12.5992,1,1481.927,762.696,1481.374,762.2086
12.60711,1,1485.711,765.919,1483.542,764.0638
12.61551,1,1485.711,765.919,1484.627,764.9915
12.6232,1,1485.711,765.919,1485.169,765.4552
12.63181,1,1485.711,765.919,1485.44,765.6871
12.63858,1,1489.28,768.5425,1487.36,767.1149
12.65023,1,1489.28,768.5425,1488.32,767.8287
12.65697,1,1489.28,768.5425,1488.8,768.1857
12.66668,1,1492.306,770.5842,1490.553,769.3849
12.67291,1,1492.306,770.5842,1491.429,769.9845
12.68297,1,1492.306,770.5842,1491.867,770.2843
12.68935,1,1492.306,770.5842,1492.087,770.4342
12.70067,1,1495.174,772.3643,1493.63,771.3993
12.7079,1,1495.174,772.3643,1494.402,771.8818
12.7155,1,1495.174,772.3643,1494.788,772.123
12.72372,1,1495.174,772.3643,1494.981,772.2437
12.73275,1,1497.37,774.502,1496.175,773.3728
12.7392,1,1497.37,774.502,1496.772,773.9374
12.74798,1,1497.37,774.502,1497.071,774.2197
12.75504,1,1498.961,776.2253,1498.016,775.2225
12.76386,1,1498.961,776.2253,1498.488,775.7239
12.77124,1,1498.961,776.2253,1498.724,775.9746
12.77917,1,1498.961,776.2253,1498.843,776.1
12.78827,1,1500.724,777.9731,1499.783,777.0365
12.79684,1,1500.724,777.9731,1500.253,777.5048
12.80523,1,1500.724,777.9731,1500.489,777.7389
12.81287,1,1500.724,777.9731,1500.606,777.856
12.82057,1,1501.746,779.4837,1501.176,778.6698
12.82908,1,1501.746,779.4837,1501.461,779.0768
12.83644,1,1501.746,779.4837,1501.603,779.2803
12.84471,1,1490.892,777.2557,1496.248,778.268
12.85192,1,1490.892,777.2557,1493.57,777.7618
12.85871,1,1490.892,777.2557,1492.231,777.5088
12.86746,1,1490.892,777.2557,1491.561,777.3823
12.87426,1,1381.543,738.2493,1436.552,757.8158
12.88264,1,1381.543,738.2493,1409.048,748.0326
12.88921,1,1381.543,738.2493,1395.295,743.141
12.89691,1,1381.543,738.2493,1388.419,740.6952
12.90492,1,1126.347,655.3013,1257.383,697.9983
12.91245,1,1126.347,655.3013,1191.865,676.6498
12.919,1,1126.347,655.3013,1159.106,665.9756
12.94079,1,954.5931,597.49,1056.85,631.7328
12.95199,1,954.5931,597.49,1005.721,614.6114
12.96354,1,954.5931,597.49,980.1572,606.0507
12.97082,1,867.1259,569.4969,923.6416,587.7738
12.98281,1,867.1259,569.4969,895.3838,578.6354
12.98959,1,867.1259,569.4969,881.2549,574.0662
13.00011,1,825.5257,559.1367,853.3903,566.6014
13.01337,1,825.5257,559.1367,839.458,562.8691
13.02011,1,825.5257,559.1367,832.4918,561.0029
13.0331,1,806.2751,556.059,819.3835,558.5309
13.03966,1,806.2751,556.059,812.8293,557.2949
13.04892,1,806.2751,556.059,809.5522,556.6769
13.05575,1,798.1613,552.8665,803.8568,554.7717
13.06475,1,798.1613,552.8665,801.009,553.8191
13.07102,1,798.1613,552.8665,799.5851,553.3428
13.07857,1,798.1613,552.8665,798.8732,553.1046
13.08742,1,785.7203,549.7949,792.2968,551.4498
13.09547,1,785.7203,549.7949,789.0085,550.6223
13.10419,1,785.7203,549.7949,787.3644,550.2086
13.11135,1,785.7203,549.7949,786.5424,550.0018
13.12007,1,774.1214,547.2444,780.3319,548.623
13.12852,1,774.1214,547.2444,777.2267,547.9337
13.13588,1,774.1214,547.2444,775.6741,547.5891
13.14418,1,774.1214,547.2444,774.8977,547.4167
13.15193,1,767.2516,547.5022,771.0747,547.4595
13.15895,1,767.2516,547.5022,769.1632,547.4808
13.16791,1,767.2516,547.5022,768.2074,547.4915
13.17433,1,767.2516,547.5022,767.7295,547.4968
13.18352,1,762.8721,547.5269,765.3008,547.5118
13.19007,1,762.8721,547.5269,764.0864,547.5194
13.19937,1,762.8721,547.5269,763.4792,547.5232
13.20743,1,760.2676,547.5905,761.8734,547.5569
13.21707,1,760.2676,547.5905,761.0706,547.5737
13.22889,1,760.2676,547.5905,760.6691,547.5822
13.23643,1,760.2676,547.5905,760.4684,547.5863
13.24528,1,759.9514,546.4673,760.2099,547.0269
13.25261,1,759.9514,546.4673,760.0807,546.7471
13.26049,1,759.9514,546.4673,760.0161,546.6072
13.26879,1,786.2596,552.4219,773.1378,549.5145
13.27768,1,786.2596,552.4219,779.6987,550.9683
13.28646,1,786.2596,552.4219,782.9791,551.6951
13.29458,1,786.2596,552.4219,784.6194,552.0585
13.30335,1,999.3732,610.4635,891.9963,581.261
13.31217,1,999.3732,610.4635,945.6847,595.8622
13.31991,1,999.3732,610.4635,972.5289,603.1628
13.32938,1,1291.605,692.6567,1132.067,647.9098
13.33743,1,1291.605,692.6567,1211.836,670.2832
13.3467,1,1291.605,692.6567,1251.721,681.47
13.35396,1,1291.605,692.6567,1271.663,687.0634
13.36127,1,1455.289,738.9332,1363.476,712.9983
13.36987,1,1455.289,738.9332,1409.382,725.9658
13.37698,1,1455.289,738.9332,1432.335,732.4495
13.38619,1,1455.289,738.9332,1443.812,735.6913
13.39764,1,1529.413,756.2396,1486.613,745.9655
13.41082,1,1529.413,756.2396,1508.013,751.1025
13.41853,1,1529.413,756.2396,1518.713,753.6711
13.43038,1,1567.637,764.9803,1543.175,759.3257
13.43877,1,1567.637,764.9803,1555.406,762.153
13.45001,1,1582.018,766.8121,1568.712,764.4825
13.45674,1,1582.018,766.8121,1575.365,765.6473
13.46908,1,1582.018,766.8121,1578.691,766.2297
13.48037,1,1582.018,766.8121,1580.355,766.5209
13.48866,1,1588.807,768.4241,1584.581,767.4725
13.49703,1,1588.807,768.4241,1586.694,767.9483
13.50739,1,1588.807,768.4241,1587.751,768.1862
13.51678,1,1591.513,768.4988,1589.632,768.3425
13.52566,1,1591.513,768.4988,1590.572,768.4207
13.53304,1,1591.513,768.4988,1591.042,768.4597
13.53987,1,1591.513,768.4988,1591.278,768.4792
13.54968,1,1591.164,766.8873,1591.221,767.6833
13.55791,1,1591.164,766.8873,1591.192,767.2853
13.56626,1,1591.164,766.8873,1591.178,767.0863
13.57334,1,1591.672,765.4646,1591.425,766.2755
13.58531,1,1591.672,765.4646,1591.548,765.87
13.59305,1,1591.672,765.4646,1591.61,765.6673
13.59998,1,1591.672,765.4646,1591.641,765.5659
13.60802,1,1588.849,765.001,1590.245,765.2834
13.61622,1,1588.849,765.001,1589.547,765.1422
13.62431,1,1588.849,765.001,1589.198,765.0717
13.63282,1,1585.896,762.9774,1587.547,764.0245
13.64059,1,1585.896,762.9774,1586.721,763.501
13.65,1,1585.896,762.9774,1586.309,763.2392
13.65679,1,1585.896,762.9774,1586.102,763.1083
13.66666,1,1583.344,760.6533,1584.723,761.8807
13.67441,1,1583.344,760.6533,1584.034,761.267
13.68453,1,1583.344,760.6533,1583.689,760.9601
13.69108,1,1583.344,760.6533,1583.517,760.8066
13.70284,1,1582.009,758.3961,1582.763,759.6014
13.71505,1,1582.009,758.3961,1582.386,758.9988
13.73259,1,1580.91,756.3499,1581.648,757.6743
13.74958,1,1579.683,755.2181,1580.665,756.4462
13.75884,1,1579.683,755.2181,1580.174,755.8322
13.76718,1,1579.683,755.2181,1579.928,755.5251
13.77429,1,1579.683,755.2181,1579.806,755.3716
13.78405,1,1578.553,755.3079,1579.179,755.3397
13.79109,1,1578.553,755.3079,1578.866,755.3238
13.79899,1,1578.553,755.3079,1578.709,755.3158
13.80661,1,1578.553,755.3079,1578.631,755.3118
13.81456,1,1577.116,755.9346,1577.874,755.6232
13.82344,1,1577.116,755.9346,1577.495,755.7789
13.83129,1,1577.116,755.9346,1577.305,755.8568
13.83887,1,1577.116,755.9346,1577.211,755.8958
13.84825,1,1575.14,753.6701,1576.176,754.783
13.85593,1,1575.14,753.6701,1575.658,754.2266
13.86472,1,1575.14,753.6701,1575.399,753.9484
13.87184,1,1575.14,753.6701,1575.27,753.8092
13.88008,1,1573.459,751.6146,1574.365,752.7119
13.88878,1,1573.459,751.6146,1573.912,752.1632
13.89688,1,1573.459,751.6146,1573.686,751.8889
13.90575,1,1571.269,749.2612,1572.478,750.5751
13.91537,1,1571.269,749.2612,1571.873,749.9182
13.9229,1,1571.269,749.2612,1571.571,749.5897
13.93405,1,1571.269,749.2612,1571.42,749.4255
13.94067,1,1569.055,747.2264,1570.237,748.3259
13.95282,1,1569.055,747.2264,1569.646,747.7762
13.96599,1,1566.998,746.5405,1568.322,747.1583
13.97791,1,1566.998,746.5405,1567.66,746.8494
13.98634,1,1566.998,746.5405,1567.329,746.6949
13.99952,1,1564.909,744.7432,1566.119,745.7191
14.00806,1,1564.909,744.7432,1565.514,745.2311
14.01594,1,1564.909,744.7432,1565.212,744.9871
14.02486,1,1562.03,743.5789,1563.621,744.283
14.03279,1,1562.03,743.5789,1562.825,743.9309
14.04018,1,1562.03,743.5789,1562.428,743.7549
14.04984,1,1562.03,743.5789,1562.229,743.6669
14.05685,1,1559.798,744.0666,1561.013,743.8667
14.06631,1,1559.798,744.0666,1560.406,743.9667
14.0728,1,1559.798,744.0666,1560.102,744.0166
14.08012,1,1559.798,744.0666,1559.95,744.0416
14.08826,1,1556.777,743.2918,1558.363,743.6667
14.09611,1,1556.777,743.2918,1557.57,743.4792
14.10453,1,1556.777,743.2918,1557.174,743.3855
14.11167,1,1556.777,743.2918,1556.975,743.3386
14.11903,1,1554.088,744.6084,1555.532,743.9735
14.12763,1,1554.088,744.6084,1554.81,744.291
14.13563,1,1554.088,744.6084,1554.449,744.4497
14.14625,1,1551.556,746.1989,1553.002,745.3243
14.15391,1,1551.556,746.1989,1552.279,745.7616
14.16272,1,1551.556,746.1989,1551.917,745.9802
14.16968,1,1551.556,746.1989,1551.736,746.0895
14.1834,1,1548.379,747.4661,1550.057,746.7778
14.19101,1,1548.379,747.4661,1549.218,747.1219
14.19946,1,1548.379,747.4661,1548.798,747.2941
14.20751,1,1544.86,748.9573,1546.829,748.1257
14.21654,1,1544.86,748.9573,1545.844,748.5415
14.22491,1,1544.86,748.9573,1545.352,748.7494
14.23197,1,1544.86,748.9573,1545.106,748.8534
14.2394,1,1542.172,750.6465,1543.639,749.7499
14.24845,1,1542.172,750.6465,1542.906,750.1982
14.25557,1,1542.172,750.6465,1542.539,750.4224
14.2642,1,1542.172,750.6465,1542.355,750.5344
14.27134,1,1539.381,752.4919,1540.868,751.5132
14.27901,1,1539.381,752.4919,1540.124,752.0026
14.28755,1,1539.381,752.4919,1539.752,752.2473
14.29531,1,1539.381,752.4919,1539.567,752.3696
14.30413,1,1536.323,754.5698,1537.945,753.4697
14.31202,1,1536.323,754.5698,1537.134,754.0198
14.31996,1,1536.323,754.5698,1536.729,754.2948
14.32885,1,1533.194,756.7502,1534.961,755.5225
14.33779,1,1533.194,756.7502,1534.078,756.1364
14.34722,1,1533.194,756.7502,1533.636,756.4432
14.35412,1,1533.194,756.7502,1533.415,756.5967
14.36333,1,1530.101,757.9079,1531.758,757.2523
14.37086,1,1530.101,757.9079,1530.929,757.5801
14.37916,1,1530.101,757.9079,1530.515,757.744
14.38796,1,1527.52,759.6237,1529.018,758.6838
14.39647,1,1527.52,759.6237,1528.269,759.1538
14.40491,1,1527.52,759.6237,1527.894,759.3888
14.41488,1,1527.52,759.6237,1527.707,759.5062
14.42262,1,1525.287,761.868,1526.497,760.6871
14.4328,1,1525.287,761.868,1525.892,761.2776
14.43901,1,1525.287,761.868,1525.59,761.5728
14.45015,1,1522.958,763.2063,1524.274,762.3895
14.46187,1,1522.958,763.2063,1523.616,762.7979
14.471,1,1522.958,763.2063,1523.287,763.0021
14.47826,1,1522.958,763.2063,1523.123,763.1042
14.48693,1,1520.444,764.6035,1521.783,763.8539
14.49499,1,1520.444,764.6035,1521.114,764.2287
14.50364,1,1520.444,764.6035,1520.779,764.4161
14.51236,1,1518.482,766.0551,1519.631,765.2356
14.5202,1,1518.482,766.0551,1519.056,765.6454
14.52875,1,1518.482,766.0551,1518.769,765.8502
14.53581,1,1518.482,766.0551,1518.626,765.9526
14.54522,1,1516.787,768.924,1517.707,767.4383
14.55335,1,1516.787,768.924,1517.247,768.1812
14.56055,1,1516.787,768.924,1517.017,768.5526
14.5701,1,1514.53,771.3572,1515.774,769.9549
14.57825,1,1514.53,771.3572,1515.152,770.6561
14.58824,1,1514.53,771.3572,1514.841,771.0067
14.59622,1,1512.28,773.314,1513.561,772.1603
14.6051,1,1512.28,773.314,1512.921,772.7372
14.61324,1,1512.28,773.314,1512.601,773.0256
14.62025,1,1512.28,773.314,1512.44,773.1698
14.62892,1,1509.87,775.7678,1511.155,774.4688
14.63684,1,1509.87,775.7678,1510.513,775.1183
14.64711,1,1509.87,775.7678,1510.192,775.443
14.65382,1,1509.87,775.7678,1510.031,775.6053
14.66297,1,1507.563,779.1871,1508.797,777.3962
14.67087,1,1507.563,779.1871,1508.18,778.2916
14.68271,1,1507.563,779.1871,1507.872,778.7394
14.68913,1,1505.006,783.2832,1506.439,781.0113
14.6967,1,1505.006,783.2832,1505.723,782.1472
14.70469,1,1505.006,783.2832,1505.365,782.7152
14.71224,1,1505.006,783.2832,1505.185,782.9992
14.71934,1,1505.006,783.2832,1505.096,783.1412
14.72777,1,1502.075,784.3213,1503.585,783.7313
14.73503,1,1502.075,784.3213,1502.83,784.0262
14.74364,1,1502.075,784.3213,1502.452,784.1738
14.75163,1,1500.468,785.23,1501.46,784.7019
14.75915,1,1500.468,785.23,1500.964,784.9659
14.7679,1,1500.468,785.23,1500.716,785.098
14.77567,1,1500.468,785.23,1500.592,785.1641
14.78533,1,1498.598,786.2271,1499.595,785.6956
14.79268,1,1498.598,786.2271,1499.096,785.9613
14.80133,1,1498.598,786.2271,1498.847,786.0942
14.80934,1,1498.598,786.2271,1498.723,786.1606
14.8176,1,1497.194,788.0464,1497.958,787.1035
14.82602,1,1497.194,788.0464,1497.576,787.575
14.83434,1,1497.194,788.0464,1497.385,787.8107
14.84141,1,1495.562,789.709,1496.474,788.7598
14.85112,1,1495.562,789.709,1496.018,789.2344
14.85792,1,1495.562,789.709,1495.79,789.4717
14.86801,1,1495.562,789.709,1495.676,789.5903
14.87762,1,1495.347,791.3297,1495.511,790.46
14.8874,1,1495.347,791.3297,1495.429,790.8948
14.89944,1,1494.76,792.3806,1495.095,791.6377
14.91164,1,1494.76,792.3806,1494.927,792.0092
14.91932,1,1494.76,792.3806,1494.844,792.1948
14.93344,1,1493.962,791.8246,1494.403,792.0098
14.94138,1,1493.962,791.8246,1494.182,791.9172
14.95118,1,1493.962,791.8246,1494.072,791.871
14.95838,1,1493.962,791.8246,1494.017,791.8478
14.96681,1,1493.991,791.1248,1494.004,791.4863
14.97408,1,1493.991,791.1248,1493.998,791.3055
14.98144,1,1493.991,791.1248,1493.995,791.2151
14.99005,1,1493.947,790.582,1493.971,790.8986
14.99735,1,1493.947,790.582,1493.959,790.7402
15.00588,1,1493.947,790.582,1493.953,790.6611
15.01368,1,1493.947,790.582,1493.95,790.6216
15.02082,1,1493.947,790.582,1493.948,790.6018
15.02994,1,1493.989,790.2249,1493.969,790.4133
15.03727,1,1493.989,790.2249,1493.979,790.3191
15.04646,1,1493.989,790.2249,1493.984,790.272
15.05407,1,1494.018,789.4386,1494.001,789.8553
15.06108,1,1494.018,789.4386,1494.009,789.647
15.07011,1,1494.018,789.4386,1494.014,789.5428
15.07751,1,1494.018,789.4386,1494.016,789.4907
15.08571,1,1494.348,789.0436,1494.182,789.2672
15.09541,1,1494.348,789.0436,1494.265,789.1554
15.10424,1,1494.348,789.0436,1494.307,789.0995
15.11546,1,1494.493,788.4915,1494.4,788.7955
15.12776,1,1494.493,788.4915,1494.446,788.6434
15.13587,1,1494.493,788.4915,1494.469,788.5674
15.14533,1,1494.809,788.0476,1494.639,788.3075
15.15295,1,1494.809,788.0476,1494.724,788.1776
15.16305,1,1494.809,788.0476,1494.766,788.1125
15.17102,1,1494.809,788.0476,1494.788,788.0801
15.17857,1,1494.876,787.3524,1494.832,787.7162
15.18852,1,1494.876,787.3524,1494.854,787.5343
15.1962,1,1494.876,787.3524,1494.865,787.4434
15.20492,1,1494.848,786.5178,1494.856,786.9806
15.21305,1,1494.848,786.5178,1494.852,786.7492
15.22102,1,1494.848,786.5178,1494.85,786.6335
15.22938,1,1494.848,786.5178,1494.849,786.5757
15.23666,1,1494.744,785.5491,1494.796,786.0624
15.24576,1,1494.744,785.5491,1494.77,785.8057
15.2534,1,1494.744,785.5491,1494.757,785.6774
15.26039,1,1493.22,783.1871,1493.989,784.4323
15.26985,1,1493.22,783.1871,1493.604,783.8097
15.27638,1,1493.22,783.1871,1493.412,783.4984
15.28658,1,1493.22,783.1871,1493.316,783.3428
15.29531,1,1490.829,780.0754,1492.073,781.7091
15.30422,1,1490.829,780.0754,1491.451,780.8923
15.31607,1,1490.829,780.0754,1491.14,780.4839
15.32792,1,1487.174,774.8077,1489.157,777.6458
15.33612,1,1487.174,774.8077,1488.165,776.2268
15.34509,1,1487.174,774.8077,1487.669,775.5173
15.35179,1,1487.174,774.8077,1487.422,775.1625
15.35925,1,1482.122,769.6792,1484.772,772.4208
15.36782,1,1482.122,769.6792,1483.447,771.05
15.37561,1,1482.122,769.6792,1482.785,770.3646
15.38529,1,1476.875,763.2975,1479.83,766.8311
15.39277,1,1476.875,763.2975,1478.353,765.0643
15.40031,1,1476.875,763.2975,1477.614,764.1809
15.40838,1,1476.875,763.2975,1477.245,763.7393
15.41631,1,1471.725,756.7398,1474.485,760.2395
15.42471,1,1471.725,756.7398,1473.105,758.4896
15.4327,1,1471.725,756.7398,1472.415,757.6147
15.43965,1,1471.725,756.7398,1472.07,757.1772
15.45077,1,1467.13,750.5364,1469.6,753.8568
15.45791,1,1467.13,750.5364,1468.365,752.1967
15.46708,1,1467.13,750.5364,1467.748,751.3666
15.47424,1,1467.13,750.5364,1467.439,750.9515
15.48367,1,1463.257,744.4929,1465.348,747.7222
15.49079,1,1463.257,744.4929,1464.303,746.1075
15.49917,1,1463.257,744.4929,1463.78,745.3002
15.50717,1,1460.409,740.1525,1462.094,742.7264
15.51795,1,1460.409,740.1525,1461.251,741.4395
15.52948,1,1460.409,740.1525,1460.83,740.796
15.53695,1,1457.445,736.0243,1459.137,738.4102
15.5458,1,1457.445,736.0243,1458.291,737.2172
15.55266,1,1457.445,736.0243,1457.868,736.6207
15.55971,1,1457.445,736.0243,1457.656,736.3225
15.56808,1,1453.64,732.9847,1455.648,734.6536
15.57608,1,1453.64,732.9847,1454.644,733.8191
15.58447,1,1453.64,732.9847,1454.142,733.4019
15.59147,1,1453.64,732.9847,1453.891,733.1932
15.59958,1,1449.568,729.771,1451.729,731.4821
15.60818,1,1449.568,729.771,1450.649,730.6266
15.61598,1,1449.568,729.771,1450.109,730.1988
15.62485,1,1445.645,727.0195,1447.877,728.6091
15.6328,1,1445.645,727.0195,1446.761,727.8143
15.63989,1,1445.645,727.0195,1446.203,727.4169
15.64997,1,1445.645,727.0195,1445.924,727.2183
15.65637,1,1442.705,724.9332,1444.314,726.0757
15.66614,1,1442.705,724.9332,1443.51,725.5044
15.67241,1,1442.705,724.9332,1443.107,725.2188
15.68262,1,1439.183,721.7338,1441.145,723.4763
15.68944,1,1439.183,721.7338,1440.164,722.6051
15.69889,1,1439.183,721.7338,1439.673,722.1694
15.70692,1,1439.183,721.7338,1439.428,721.9517
15.71614,1,1435.807,718.3383,1437.617,720.145
15.72727,1,1435.807,718.3383,1436.712,719.2416
15.73572,1,1435.807,718.3383,1436.26,718.7899
15.74713,1,1432.498,716.1649,1434.379,717.4774
15.75561,1,1432.498,716.1649,1433.439,716.8212
15.7659,1,1432.498,716.1649,1432.969,716.493
15.77392,1,1430.295,714.5377,1431.632,715.5154
15.78366,1,1430.295,714.5377,1430.963,715.0266
15.79202,1,1430.295,714.5377,1430.629,714.7821
15.8008,1,1430.295,714.5377,1430.462,714.6599
15.80951,1,1428.605,713.899,1429.533,714.2795
15.81771,1,1428.605,713.899,1429.069,714.0892
15.8259,1,1428.605,713.899,1428.837,713.9941
15.83415,1,1428.605,713.899,1428.721,713.9466
15.84121,1,1425.024,711.9493,1426.873,712.9479
15.8499,1,1425.024,711.9493,1425.948,712.4486
15.85697,1,1425.024,711.9493,1425.486,712.199
15.86695,1,1425.024,711.9493,1425.255,712.0741
15.87444,1,1420.567,708.6112,1422.911,710.3427
15.8839,1,1420.567,708.6112,1421.739,709.4769
15.89053,1,1420.567,708.6112,1421.153,709.0441
15.89898,1,1416.583,705.5861,1418.868,707.3151
15.90646,1,1416.583,705.5861,1417.725,706.4506
15.91603,1,1416.583,705.5861,1417.154,706.0183
15.92443,1,1416.583,705.5861,1416.868,705.8022
15.93417,1,1413.308,702.8646,1415.088,704.3334
15.94546,1,1413.308,702.8646,1414.198,703.599
15.95275,1,1413.308,702.8646,1413.753,703.2318
15.96647,1,1410.67,701.1208,1412.211,702.1763
15.97452,1,1410.67,701.1208,1411.44,701.6486
15.98282,1,1410.67,701.1208,1411.055,701.3846
15.99018,1,1407.776,698.8616,1409.416,700.1232
15.99864,1,1407.776,698.8616,1408.596,699.4924
16.0082,1,1407.776,698.8616,1408.186,699.177
16.01623,1,1405.503,697.8146,1406.845,698.4958
16.02563,1,1405.503,697.8146,1406.174,698.1552
16.03356,1,1405.503,697.8146,1405.839,697.9849
16.04083,1,1405.503,697.8146,1405.671,697.8997
16.05162,1,1403.681,696.7231,1404.676,697.3114
16.05974,1,1403.681,696.7231,1404.179,697.0173
16.06923,1,1403.681,696.7231,1403.93,696.8702
16.07707,1,1402.031,696.371,1402.981,696.6206
16.08621,1,1402.031,696.371,1402.506,696.4958
16.09395,1,1402.031,696.371,1402.269,696.4335
16.10266,1,1402.031,696.371,1402.15,696.4022
16.11039,1,1401.008,695.5489,1401.579,695.9756
16.11907,1,1401.008,695.5489,1401.294,695.7622
16.1268,1,1401.008,695.5489,1401.151,695.6555
16.1342,1,1401.008,695.5489,1401.08,695.6022
16.14108,1,1400.216,694.8585,1400.648,695.2303
16.14994,1,1400.216,694.8585,1400.432,695.0444
16.15662,1,1400.216,694.8585,1400.324,694.9514
16.16648,1,1400.216,694.8585,1400.27,694.9049
16.17278,1,1399.112,694.2618,1399.691,694.5834
16.18305,1,1399.112,694.2618,1399.401,694.4226
16.18947,1,1399.112,694.2618,1399.256,694.3422
16.1989,1,1397.578,693.1011,1398.417,693.7217
16.20689,1,1397.578,693.1011,1397.998,693.4114
16.21758,1,1397.578,693.1011,1397.788,693.2562
16.22555,1,1397.578,693.1011,1397.683,693.1787
16.23359,1,1395.733,692.2921,1396.708,692.7354
16.24043,1,1395.733,692.2921,1396.221,692.5138
16.24947,1,1395.733,692.2921,1395.977,692.403
16.25604,1,1395.733,692.2921,1395.855,692.3475
16.2659,1,1393.965,691.7875,1394.91,692.0675
16.2736,1,1393.965,691.7875,1394.437,691.9275
16.28277,1,1393.965,691.7875,1394.201,691.8575
16.29001,1,1392.764,691.5607,1393.482,691.7091
16.29824,1,1392.764,691.5607,1393.123,691.6349
16.30718,1,1392.764,691.5607,1392.944,691.5978
16.31502,1,1392.764,691.5607,1392.854,691.5792
16.32362,1,1373.782,663.8228,1383.318,677.701
16.33196,1,1373.782,663.8228,1378.55,670.7618
16.33877,1,1373.782,663.8228,1376.166,667.2923
16.34722,1,1373.782,663.8228,1374.974,665.5575
16.3537,1,1315.627,561.8493,1345.3,613.7034
16.36067,1,1315.627,561.8493,1330.464,587.7764
16.36967,1,1315.627,561.8493,1323.045,574.8129
16.37692,1,1315.627,561.8493,1319.336,568.3311
16.38762,1,1259.603,467.0205,1289.47,517.6758
16.39641,1,1259.603,467.0205,1274.537,492.3481
16.40492,1,1259.603,467.0205,1267.07,479.6843
16.41509,1,1228.366,416.2742,1247.718,447.9793
16.42329,1,1228.366,416.2742,1238.042,432.1268
16.4322,1,1228.366,416.2742,1233.204,424.2005
16.43852,1,1211.286,389.9671,1222.245,407.0838
16.45064,1,1211.286,389.9671,1216.766,398.5255
16.46087,1,1211.286,389.9671,1214.026,394.2463
16.46974,1,1211.286,389.9671,1212.656,392.1067
16.4839,1,1204.59,373.9325,1208.623,383.0196
16.491,1,1204.59,373.9325,1206.607,378.476
16.49867,1,1204.59,373.9325,1205.598,376.2042
16.50723,1,1200.548,367.314,1203.073,371.7591
16.51468,1,1200.548,367.314,1201.81,369.5366
16.52372,1,1200.548,367.314,1201.179,368.4253
16.5315,1,1199.126,365.5056,1200.152,366.9655
16.53905,1,1199.126,365.5056,1199.639,366.2355
16.54862,1,1199.126,365.5056,1199.382,365.8706
16.55598,1,1199.126,365.5056,1199.254,365.6881
16.56575,1,1197.468,363.3394,1198.361,364.5138
16.57271,1,1197.468,363.3394,1197.914,363.9266
16.5805,1,1197.468,363.3394,1197.691,363.6331
16.58862,1,1197.468,363.3394,1197.579,363.4863
16.59617,1,1197.181,361.5076,1197.38,362.4969
16.60465,1,1197.181,361.5076,1197.281,362.0023
16.6121,1,1197.181,361.5076,1197.231,361.7549
16.61932,1,1197.181,361.5076,1197.206,361.6313
16.62728,1,1203.901,373.7261,1200.553,367.6787
16.63479,1,1203.901,373.7261,1202.227,370.7024
16.64306,1,1203.901,373.7261,1203.064,372.2142
16.65062,1,1219.65,399.7961,1211.357,386.0052
16.65713,1,1219.65,399.7961,1215.503,392.9006
16.66622,1,1219.65,399.7961,1217.576,396.3484
16.67272,1,1219.65,399.7961,1218.613,398.0722
16.68136,1,1267.077,482.6783,1242.845,440.3753
16.68862,1,1267.077,482.6783,1254.961,461.5268
16.69932,1,1267.077,482.6783,1261.019,472.1026
16.70685,1,1267.077,482.6783,1264.048,477.3904
16.7175,1,1309.062,554.0647,1286.555,515.7275
16.7296,1,1309.062,554.0647,1297.808,534.8961
16.73657,1,1309.062,554.0647,1303.435,544.4804
16.74549,1,1335.264,599.7185,1319.35,572.0995
16.75223,1,1335.264,599.7185,1327.307,585.909
16.75981,1,1335.264,599.7185,1331.286,592.8137
16.76823,1,1335.264,599.7185,1333.275,596.2661
16.77536,1,1350.499,626.1171,1341.887,611.1917
16.78488,1,1350.499,626.1171,1346.193,618.6544
16.79249,1,1350.499,626.1171,1348.346,622.3857
16.80004,1,1350.499,626.1171,1349.422,624.2515
16.80852,1,1359.119,640.2944,1354.271,632.2729
16.81686,1,1359.119,640.2944,1356.695,636.2837
16.82558,1,1359.119,640.2944,1357.907,638.2891
16.8332,1,1362.118,647.2114,1360.012,642.7502
16.84038,1,1362.118,647.2114,1361.065,644.9808
16.85045,1,1362.118,647.2114,1361.592,646.0961
16.85798,1,1362.118,647.2114,1361.855,646.6538
16.86659,1,1362.006,650.9357,1361.931,648.7948
16.87408,1,1362.006,650.9357,1361.969,649.8652
16.88353,1,1362.006,650.9357,1361.987,650.4005
16.89042,1,1362.006,650.9357,1361.997,650.6681
16.89856,1,1362.205,652.1451,1362.101,651.4066
16.90638,1,1362.205,652.1451,1362.153,651.7759
16.9146,1,1362.205,652.1451,1362.179,651.9604
16.92287,1,1361.017,653.8625,1361.598,652.9115
16.93218,1,1361.017,653.8625,1361.308,653.387
16.94973,1,1361.017,653.8625,1361.163,653.6248
16.96362,1,1355.72,651.1979,1358.442,652.4113
16.97146,1,1355.72,651.1979,1357.081,651.8046
16.98107,1,1355.72,651.1979,1356.401,651.5012
16.9898,1,1350.606,648.1066,1353.503,649.804
16.99772,1,1350.606,648.1066,1352.055,648.9553
17.00601,1,1350.606,648.1066,1351.33,648.531
17.01392,1,1347.788,646.0175,1349.559,647.2743
17.02086,1,1347.788,646.0175,1348.673,646.6459
17.02905,1,1347.788,646.0175,1348.23,646.3317
17.03666,1,1347.788,646.0175,1348.009,646.1746
17.04773,1,1346.129,644.5788,1347.069,645.3767
17.05669,1,1346.129,644.5788,1346.599,644.9778
17.06738,1,1346.129,644.5788,1346.364,644.7783
17.07432,1,1344.479,643.7862,1345.421,644.2822
17.08376,1,1344.479,643.7862,1344.95,644.0342
17.09099,1,1344.479,643.7862,1344.715,643.9102
17.0996,1,1344.479,643.7862,1344.597,643.8481
17.10783,1,1343.035,643.4982,1343.816,643.6732
17.11587,1,1343.035,643.4982,1343.425,643.5857
17.12395,1,1343.035,643.4982,1343.23,643.5419
17.13339,1,1341.674,643.0181,1342.452,643.28
17.13999,1,1341.674,643.0181,1342.063,643.149
17.15039,1,1341.674,643.0181,1341.869,643.0836
17.15685,1,1341.674,643.0181,1341.771,643.0508
17.16661,1,1339.818,640.4767,1340.795,641.7638
17.17289,1,1339.818,640.4767,1340.306,641.1202
17.18305,1,1339.818,640.4767,1340.062,640.7985
17.18906,1,1339.818,640.4767,1339.94,640.6376
17.19924,1,1316.618,629.1796,1328.279,634.9086
17.20666,1,1316.618,629.1796,1322.448,632.0441
17.21581,1,1316.618,629.1796,1319.533,630.6118
17.22731,1,1207.228,582.9492,1263.38,606.7805
17.23545,1,1207.228,582.9492,1235.304,594.8649
17.24464,1,1207.228,582.9492,1221.266,588.907
17.25167,1,1207.228,582.9492,1214.247,585.9281
17.25882,1,1059.785,515.0748,1137.016,550.5015
17.26721,1,1059.785,515.0748,1098.4,532.7881
17.27463,1,1059.785,515.0748,1079.093,523.9314
17.28362,1,1059.785,515.0748,1069.439,519.5031
17.29135,1,965.6774,470.6076,1017.558,495.0553
17.29951,1,965.6774,470.6076,991.6178,482.8315
17.30789,1,965.6774,470.6076,978.6476,476.7195
17.31598,1,917.2609,444.7778,947.9542,460.7487
17.32512,1,917.2609,444.7778,932.6075,452.7632
17.33288,1,917.2609,444.7778,924.9342,448.7705
17.34085,1,917.2609,444.7778,921.0975,446.7742
17.34963,1,892.535,432.9329,906.8163,439.8535
17.35686,1,892.535,432.9329,899.6757,436.3932
17.367,1,892.535,432.9329,896.1053,434.663
17.37477,1,892.535,432.9329,894.3202,433.798
17.38413,1,879.5024,426.0196,886.9113,429.9088
17.39237,1,879.5024,426.0196,883.2069,427.9642
17.39996,1,879.5024,426.0196,881.3547,426.9919
17.4087,1,885.3232,417.4309,883.339,422.2114
17.41682,1,885.3232,417.4309,884.3311,419.8212
17.42544,1,885.3232,417.4309,884.8271,418.626
17.43414,1,885.3232,417.4309,885.0752,418.0285
17.44125,1,892.0046,410.148,888.5399,414.0883
17.45041,1,892.0046,410.148,890.2723,412.1182
17.45706,1,892.0046,410.148,891.1384,411.1331
17.46646,1,897.9464,406.4415,894.5424,408.7873
17.47369,1,897.9464,406.4415,896.2444,407.6144
17.48369,1,897.9464,406.4415,897.0954,407.028
17.49076,1,897.9464,406.4415,897.5209,406.7347
17.50123,1,900.4797,405.6248,899.0003,406.1797
17.5139,1,900.4797,405.6248,899.74,405.9023
17.5208,1,900.4797,405.6248,900.1099,405.7635
17.52934,1,902.049,404.6993,901.0795,405.2314
17.53706,1,902.049,404.6993,901.5642,404.9653
17.54622,1,902.049,404.6993,901.8066,404.8323
17.55403,1,902.049,404.6993,901.9279,404.7658
17.56382,1,903.1642,404.9976,902.546,404.8817
17.57101,1,903.1642,404.9976,902.8551,404.9396
17.5792,1,903.1642,404.9976,903.0096,404.9686
17.58774,1,903.913,405.4379,903.4613,405.2032
17.59607,1,903.913,405.4379,903.6871,405.3206
17.60458,1,903.913,405.4379,903.8,405.3792
17.61213,1,903.913,405.4379,903.8566,405.4086
17.61947,1,913.7162,408.5557,908.7864,406.9821
17.62924,1,913.7162,408.5557,911.2513,407.7689
17.63738,1,913.7162,408.5557,912.4838,408.1623
17.64696,1,913.7162,408.5557,913.1,408.359
17.65478,1,972.3298,432.9712,942.7149,420.6651
17.66405,1,972.3298,432.9712,957.5223,426.8182
17.67222,1,972.3298,432.9712,964.9261,429.8947
17.68151,1,1083.17,490.5336,1024.048,460.2142
17.68972,1,1083.17,490.5336,1053.609,475.3739
17.6981,1,1083.17,490.5336,1068.39,482.9538
17.70572,1,1083.17,490.5336,1075.78,486.7437
17.71408,1,1173.224,539.3865,1124.502,513.0651
17.72072,1,1173.224,539.3865,1148.863,526.2258
17.73282,1,1173.224,539.3865,1161.043,532.8062
17.74048,1,1226.582,569.9823,1193.812,551.3942
17.75014,1,1226.582,569.9823,1210.197,560.6882
17.75747,1,1226.582,569.9823,1218.389,565.3353
17.76744,1,1226.582,569.9823,1222.485,567.6588
17.77555,1,1255.424,584.3788,1238.955,576.0188
17.7846,1,1255.424,584.3788,1247.189,580.1989
17.79342,1,1255.424,584.3788,1251.307,582.2888
17.80355,1,1270.084,591.9196,1260.695,587.1042
17.81095,1,1270.084,591.9196,1265.39,589.512
17.81909,1,1270.084,591.9196,1267.737,590.7158
17.82775,1,1270.084,591.9196,1268.91,591.3177
17.8363,1,1276.786,594.4104,1272.848,592.8641
17.84558,1,1276.786,594.4104,1274.817,593.6372
17.8536,1,1276.786,594.4104,1275.802,594.0238
17.86397,1,1279.516,594.5731,1277.659,594.2985
17.87165,1,1279.516,594.5731,1278.587,594.4358
17.87961,1,1279.516,594.5731,1279.051,594.5044
17.88872,1,1279.516,594.5731,1279.283,594.5387
17.89749,1,1281.071,593.7361,1280.177,594.1375
17.9058,1,1281.071,593.7361,1280.624,593.9368
17.91517,1,1281.071,593.7361,1280.847,593.8364
17.92383,1,1281.499,592.4606,1281.173,593.1485
17.93235,1,1281.499,592.4606,1281.336,592.8046
17.93905,1,1281.499,592.4606,1281.417,592.6326
17.95243,1,1281.325,591.6525,1281.371,592.1426
17.96514,1,1281.325,591.6525,1281.348,591.8976
17.97218,1,1281.325,591.6525,1281.337,591.775
17.9839,1,1279.905,590.657,1280.621,591.2161
17.99538,1,1279.905,590.657,1280.263,590.9365
18.00492,1,1279.905,590.657,1280.084,590.7968
18.01325,1,1279.269,589.168,1279.677,589.9824
18.02066,1,1279.269,589.168,1279.473,589.5752
18.03036,1,1279.269,589.168,1279.371,589.3716
18.0385,1,1279.269,589.168,1279.32,589.2698
18.0485,1,1278.081,587.6148,1278.7,588.4423
18.05606,1,1278.081,587.6148,1278.391,588.0286
18.06524,1,1278.081,587.6148,1278.236,587.8217
18.07189,1,1275.779,586.1111,1277.008,586.9664
18.07975,1,1275.779,586.1111,1276.394,586.5387
18.08866,1,1275.779,586.1111,1276.086,586.3249
18.09575,1,1275.779,586.1111,1275.933,586.218
18.1045,1,1274.144,584.431,1275.038,585.3245
18.11249,1,1274.144,584.431,1274.591,584.8778
18.12002,1,1274.144,584.431,1274.367,584.6544
18.12916,1,1272.26,582.9595,1273.314,583.8069
18.13639,1,1272.26,582.9595,1272.787,583.3832
18.14661,1,1272.26,582.9595,1272.523,583.1713
18.15387,1,1272.26,582.9595,1272.391,583.0654
18.16277,1,1270.953,582.2155,1271.672,582.6405
18.17008,1,1270.953,582.2155,1271.313,582.428
18.18299,1,1270.953,582.2155,1271.133,582.3218
18.18951,1,1270.953,582.2155,1271.043,582.2687
18.19692,1,1269.938,581.9343,1270.491,582.1015
18.20578,1,1269.938,581.9343,1270.215,582.0179
18.21295,1,1269.938,581.9343,1270.076,581.9761
18.22025,1,1269.938,581.9343,1270.007,581.9552
18.2293,1,1268.901,581.8946,1269.454,581.9249
18.23663,1,1268.901,581.8946,1269.178,581.9098
18.2452,1,1268.901,581.8946,1269.04,581.9022
18.25263,1,1267.204,581.8122,1268.122,581.8572
18.26055,1,1267.204,581.8122,1267.663,581.8347
18.26929,1,1267.204,581.8122,1267.433,581.8235
18.27705,1,1267.204,581.8122,1267.318,581.8179
18.28629,1,1264.392,579.8714,1265.855,580.8446
18.29399,1,1264.392,579.8714,1265.124,580.358
18.30345,1,1264.392,579.8714,1264.758,580.1147
18.31062,1,1264.392,579.8714,1264.575,579.993
18.31906,1,1259.155,575.1603,1261.865,577.5767
18.32852,1,1259.155,575.1603,1260.51,576.3685
18.33572,1,1259.155,575.1603,1259.833,575.7644
18.34468,1,1253.783,569.4775,1256.808,572.621
18.35237,1,1253.783,569.4775,1255.295,571.0493
18.36325,1,1253.783,569.4775,1254.539,570.2634
18.37081,1,1248.131,563.6588,1251.335,566.9611
18.38424,1,1248.131,563.6588,1249.733,565.3099
18.39457,1,1248.131,563.6588,1248.932,564.4844
18.40433,1,1239.914,558.013,1244.423,561.2487
18.41574,1,1239.914,558.013,1242.168,559.6309
18.42429,1,1239.914,558.013,1241.041,558.8219
18.432,1,1232.283,551.2657,1236.662,555.0438
18.43908,1,1232.283,551.2657,1234.472,553.1548
18.44911,1,1232.283,551.2657,1233.377,552.2102
18.45638,1,1232.283,551.2657,1232.83,551.7379
18.46522,1,1236.003,495.3901,1234.417,523.564
18.47186,1,1236.003,495.3901,1235.21,509.4771
18.47895,1,1236.003,495.3901,1235.607,502.4336
18.48787,1,1236.003,495.3901,1235.805,498.9119
18.49499,1,1236.003,495.3901,1235.904,497.151
18.50377,1,1236.003,495.3901,1235.954,496.2706
18.51139,1,1236.003,495.3901,1235.978,495.8304
18.51871,1,1236.003,495.3901,1235.991,495.6102
18.52701,1,1236.003,495.3901,1235.997,495.5002
18.53435,1,1236.003,495.3901,1236,495.4452
18.54099,1,1236.003,495.3901,1236.002,495.4177
18.55187,1,1236.003,495.3901,1236.002,495.4039
18.55877,1,1236.003,495.3901,1236.003,495.397
18.56841,1,1236.003,495.3901,1236.003,495.3936
18.57566,1,1236.003,495.3901,1236.003,495.3918
18.58529,1,1236.003,495.3901,1236.003,495.391
18.60599,1,1236.003,495.3901,1236.003,495.3906
18.61907,1,1236.003,495.3901,1236.003,495.3904
18.62959,1,1236.003,495.3901,1236.003,495.3903
18.63677,1,1236.003,495.3901,1236.003,495.3902
18.64972,1,1236.003,495.3901,1236.003,495.3902
18.66086,1,1236.003,495.3901,1236.003,495.3901
18.67018,1,1236.003,495.3901,1236.003,495.3901
18.68556,1,1236.003,495.3901,1236.003,495.3901
18.69439,1,1236.003,495.3901,1236.003,495.3901
18.70722,1,1236.003,495.3901,1236.003,495.3901
18.7193,1,1236.003,495.3901,1236.003,495.3901
18.72882,1,1236.003,495.3901,1236.003,495.3901
18.73689,1,1236.003,495.3901,1236.003,495.3901
18.74762,1,1236.003,495.3901,1236.003,495.3901
18.75571,1,1236.003,495.3901,1236.003,495.3901
18.76526,1,1236.003,495.3901,1236.003,495.3901
18.77302,1,1236.003,495.3901,1236.003,495.3901
18.78117,1,1236.003,495.3901,1236.003,495.3901
18.7899,1,1236.003,495.3901,1236.003,495.3901
18.79833,1,1236.003,495.3901,1236.003,495.3901
18.80712,1,1236.003,495.3901,1236.003,495.3901
18.81508,1,1236.003,495.3901,1236.003,495.3901
18.82305,1,1236.003,495.3901,1236.003,495.3901
18.83161,1,1236.003,495.3901,1236.003,495.3901
18.83867,1,1236.003,495.3901,1236.003,495.3901
18.84787,1,1236.003,495.3901,1236.003,495.3901
18.85471,1,1236.003,495.3901,1236.003,495.3901
18.86424,1,1236.003,495.3901,1236.003,495.3901
18.87087,1,1236.003,495.3901,1236.003,495.3901
18.87891,1,1236.003,495.3901,1236.003,495.3901
18.88772,1,1236.003,495.3901,1236.003,495.3901
18.8991,1,1236.003,495.3901,1236.003,495.3901
18.90749,1,1236.003,495.3901,1236.003,495.3901
18.91592,1,1236.003,495.3901,1236.003,495.3901
18.92707,1,1236.003,495.3901,1236.003,495.3901
18.93609,1,1236.003,495.3901,1236.003,495.3901
18.94491,1,1236.003,495.3901,1236.003,495.3901
18.95193,1,1236.003,495.3901,1236.003,495.3901
18.95956,1,1236.003,495.3901,1236.003,495.3901
18.96846,1,1236.003,495.3901,1236.003,495.3901
18.97621,1,1236.003,495.3901,1236.003,495.3901
18.98517,1,1236.003,495.3901,1236.003,495.3901
18.9925,1,1236.003,495.3901,1236.003,495.3901
19.00047,1,1236.003,495.3901,1236.003,495.3901
19.00944,1,1236.003,495.3901,1236.003,495.3901
19.01732,1,1236.003,495.3901,1236.003,495.3901
19.02532,1,1236.003,495.3901,1236.003,495.3901
19.03354,1,1236.003,495.3901,1236.003,495.3901
19.04323,1,1236.003,495.3901,1236.003,495.3901
19.05267,1,1236.003,495.3901,1236.003,495.3901
19.05988,1,1236.003,495.3901,1236.003,495.3901
19.06782,1,1236.003,495.3901,1236.003,495.3901
19.07474,1,1236.003,495.3901,1236.003,495.3901
19.08536,1,1236.003,495.3901,1236.003,495.3901
19.09222,1,1236.003,495.3901,1236.003,495.3901
19.10022,1,1236.003,495.3901,1236.003,495.3901
19.1093,1,1236.003,495.3901,1236.003,495.3901
19.11744,1,1236.003,495.3901,1236.003,495.3901
19.12819,1,1236.003,495.3901,1236.003,495.3901
19.13575,1,1236.003,495.3901,1236.003,495.3901
19.14667,1,1236.003,495.3901,1236.003,495.3901
19.15441,1,1236.003,495.3901,1236.003,495.3901
19.16705,1,1236.003,495.3901,1236.003,495.3901
19.17443,1,1236.003,495.3901,1236.003,495.3901
19.1839,1,1236.003,495.3901,1236.003,495.3901
19.1921,1,1236.003,495.3901,1236.003,495.3901
19.19966,1,1236.003,495.3901,1236.003,495.3901
19.20775,1,1236.003,495.3901,1236.003,495.3901
19.21536,1,1236.003,495.3901,1236.003,495.3901
19.22334,1,1236.003,495.3901,1236.003,495.3901
19.23107,1,1236.003,495.3901,1236.003,495.3901
19.23765,1,1236.003,495.3901,1236.003,495.3901
19.24623,1,1236.003,495.3901,1236.003,495.3901
19.25447,1,1236.003,495.3901,1236.003,495.3901
19.26402,1,1236.003,495.3901,1236.003,495.3901
19.2711,1,1236.003,495.3901,1236.003,495.3901
19.27841,1,1236.003,495.3901,1236.003,495.3901
19.28778,1,1236.003,495.3901,1236.003,495.3901
19.29566,1,1236.003,495.3901,1236.003,495.3901
19.30462,1,1236.003,495.3901,1236.003,495.3901
19.31274,1,1236.003,495.3901,1236.003,495.3901
19.32023,1,1236.003,495.3901,1236.003,495.3901
19.32858,1,1236.003,495.3901,1236.003,495.3901
19.33643,1,1236.003,495.3901,1236.003,495.3901
19.34526,1,1236.003,495.3901,1236.003,495.3901
19.35266,1,1236.003,495.3901,1236.003,495.3901
19.35953,1,1236.003,495.3901,1236.003,495.3901
19.36881,1,1236.003,495.3901,1236.003,495.3901
19.37848,1,1236.003,495.3901,1236.003,495.3901
19.38747,1,1236.003,495.3901,1236.003,495.3901
19.3989,1,1236.003,495.3901,1236.003,495.3901
19.40647,1,1236.003,495.3901,1236.003,495.3901
19.41794,1,1236.003,495.3901,1236.003,495.3901
19.43044,1,1236.003,495.3901,1236.003,495.3901
19.43747,1,1236.003,495.3901,1236.003,495.3901
19.447,1,1236.003,495.3901,1236.003,495.3901
19.45487,1,1236.003,495.3901,1236.003,495.3901
19.46382,1,1236.003,495.3901,1236.003,495.3901
19.47188,1,1236.003,495.3901,1236.003,495.3901
19.4797,1,1236.003,495.3901,1236.003,495.3901
19.48909,1,1236.003,495.3901,1236.003,495.3901
19.49698,1,1236.003,495.3901,1236.003,495.3901
19.50635,1,1236.003,495.3901,1236.003,495.3901
19.51414,1,1236.003,495.3901,1236.003,495.3901
19.52276,1,1236.003,495.3901,1236.003,495.3901
19.53198,1,1236.003,495.3901,1236.003,495.3901
19.53908,1,1236.003,495.3901,1236.003,495.3901
19.5486,1,1236.003,495.3901,1236.003,495.3901
19.55577,1,1236.003,495.3901,1236.003,495.3901
19.5649,1,1236.003,495.3901,1236.003,495.3901
19.57179,1,1236.003,495.3901,1236.003,495.3901
19.57949,1,1236.003,495.3901,1236.003,495.3901
19.58829,1,1236.003,495.3901,1236.003,495.3901
19.59902,1,1236.003,495.3901,1236.003,495.3901
19.6066,1,1236.003,495.3901,1236.003,495.3901
19.61576,1,1236.003,495.3901,1236.003,495.3901
19.62349,1,1236.003,495.3901,1236.003,495.3901
19.6323,1,1236.003,495.3901,1236.003,495.3901
19.63865,1,1236.003,495.3901,1236.003,495.3901
19.65087,1,1236.003,495.3901,1236.003,495.3901
19.6636,1,1236.003,495.3901,1236.003,495.3901
19.67032,1,1236.003,495.3901,1236.003,495.3901
19.68535,1,1236.003,495.3901,1236.003,495.3901
19.69298,1,1236.003,495.3901,1236.003,495.3901
19.70063,1,1236.003,495.3901,1236.003,495.3901
19.70954,1,1236.003,495.3901,1236.003,495.3901
19.71674,1,1236.003,495.3901,1236.003,495.3901
19.72423,1,1236.003,495.3901,1236.003,495.3901
19.73196,1,1236.003,495.3901,1236.003,495.3901
19.74058,1,1068.946,-112.4396,1152.475,191.4753
19.75397,1,1068.946,-112.4396,1110.71,39.51783
19.76681,1,989.4515,72.2048,1050.081,55.86131
19.77648,1,989.4515,72.2048,1019.766,64.03305
19.78507,1,989.4515,72.2048,1004.609,68.11893
19.79233,1,940.3515,125.9082,972.4801,97.01356
19.80185,1,940.3515,125.9082,956.4158,111.4609
19.81017,1,940.3515,125.9082,948.3837,118.6845
19.81859,1,940.3515,125.9082,944.3676,122.2964
19.82749,1,964.0305,139.9636,954.199,131.13
19.83529,1,964.0305,139.9636,959.1147,135.5468
19.8431,1,964.0305,139.9636,961.5726,137.7552
19.85105,1,964.0305,139.9636,962.8016,138.8594
19.85768,1,993.4069,151.0854,978.1042,144.9724
19.86743,1,993.4069,151.0854,985.7556,148.0289
19.87433,1,993.4069,151.0854,989.5813,149.5571
19.8835,1,1014.582,169.1976,1002.081,159.3773
19.8901,1,1014.582,169.1976,1008.332,164.2874
19.90445,1,1014.582,169.1976,1011.457,166.7425
19.91629,1,1027.535,190.3178,1019.496,178.5302
19.93054,1,1027.535,190.3178,1023.516,184.424
19.93788,1,1027.535,190.3178,1025.525,187.3709
19.94743,1,1037.914,210.8548,1031.72,199.1129
19.95454,1,1037.914,210.8548,1034.817,204.9838
19.96346,1,1037.914,210.8548,1036.365,207.9193
19.97063,1,1037.914,210.8548,1037.14,209.3871
19.97822,1,1044.57,220.6581,1040.855,215.0226
19.98646,1,1044.57,220.6581,1042.712,217.8403
19.99386,1,1044.57,220.6581,1043.641,219.2492
20.00094,1,1044.57,220.6581,1044.105,219.9536
20.00937,1,1076.565,264.1064,1060.335,242.03
20.01719,1,1076.565,264.1064,1068.45,253.0682
20.02532,1,1076.565,264.1064,1072.508,258.5873
20.03295,1,1076.565,264.1064,1074.537,261.3469
20.03998,1,1143.569,347.8044,1109.053,304.5757
20.04938,1,1143.569,347.8044,1126.311,326.1901
20.0558,1,1143.569,347.8044,1134.94,336.9973
20.06479,1,1143.569,347.8044,1139.254,342.4008
20.07178,1,1188.189,410.5763,1163.722,376.4886
20.08003,1,1188.189,410.5763,1175.955,393.5324
20.08804,1,1188.189,410.5763,1182.072,402.0544
20.09543,1,1188.189,410.5763,1185.131,406.3153
20.10414,1,1204.722,447.8988,1194.926,427.1071
20.1123,1,1204.722,447.8988,1199.824,437.503
20.11975,1,1204.722,447.8988,1202.273,442.7009
20.13073,1,1214.567,465.7194,1208.42,454.2101
20.13809,1,1214.567,465.7194,1211.493,459.9648
20.1504,1,1214.567,465.7194,1213.03,462.8421
20.15779,1,1212.129,466.8148,1212.58,464.8285
20.16683,1,1212.129,466.8148,1212.354,465.8217
20.17658,1,1212.129,466.8148,1212.242,466.3182
20.1907,1,1206.738,474.913,1209.49,470.6156
20.19851,1,1206.738,474.913,1208.114,472.7643
20.20915,1,1206.738,474.913,1207.426,473.8386
20.21812,1,1197.477,488.9984,1202.452,481.4185
20.2268,1,1197.477,488.9984,1199.964,485.2084
20.23469,1,1197.477,488.9984,1198.721,487.1034
20.24135,1,1197.477,488.9984,1198.099,488.0509
20.25081,1,1171.022,511.1654,1184.56,499.6082
20.25761,1,1171.022,511.1654,1177.791,505.3868
20.26674,1,1171.022,511.1654,1174.406,508.2761
20.27387,1,1137.181,540.7626,1155.794,524.5194
20.28407,1,1137.181,540.7626,1146.488,532.641
20.29187,1,1137.181,540.7626,1141.834,536.7018
20.30007,1,1137.181,540.7626,1139.508,538.7322
20.30847,1,1116.358,566.8638,1127.933,552.798
20.31794,1,1116.358,566.8638,1122.145,559.8309
20.32546,1,1116.358,566.8638,1119.251,563.3474
20.33378,1,1101.556,590.4918,1110.404,576.9196
20.34028,1,1101.556,590.4918,1105.98,583.7057
20.35025,1,1101.556,590.4918,1103.768,587.0988
20.35659,1,1101.556,590.4918,1102.662,588.7953
20.36726,1,1099.357,608.7563,1101.01,598.7758
20.37784,1,1099.357,608.7563,1100.184,603.7661
20.38685,1,1099.357,608.7563,1099.771,606.2612
20.39997,1,1100.314,623.0287,1100.042,614.645
20.41406,1,1100.314,623.0287,1100.178,618.8369
20.42359,1,1100.314,623.0287,1100.246,620.9329
20.43174,1,1103.198,636.1477,1101.722,628.5403
20.43974,1,1103.198,636.1477,1102.46,632.344
20.44891,1,1103.198,636.1477,1102.829,634.2458
20.45671,1,1105.234,646.6735,1104.032,640.4597
20.4656,1,1105.234,646.6735,1104.633,643.5665
20.47202,1,1105.234,646.6735,1104.934,645.12
20.47972,1,1105.234,646.6735,1105.084,645.8967
20.48905,1,1112.988,660.4429,1109.036,653.1698
20.49631,1,1112.988,660.4429,1111.012,656.8063
20.50594,1,1112.988,660.4429,1112,658.6246
20.51441,1,1112.988,660.4429,1112.494,659.5338
20.52361,1,1131.709,663.1691,1122.102,661.3514
20.53196,1,1131.709,663.1691,1126.906,662.2603
20.53887,1,1131.709,663.1691,1129.307,662.7147
20.54854,1,1145.3,667.7883,1137.304,665.2515
20.55565,1,1145.3,667.7883,1141.302,666.5199
20.56682,1,1145.3,667.7883,1143.301,667.1541
20.57345,1,1145.3,667.7883,1144.301,667.4712
20.58433,1,1156.768,679.0359,1150.534,673.2535
20.59245,1,1156.768,679.0359,1153.651,676.1448
20.60388,1,1156.768,679.0359,1155.209,677.5903
20.6162,1,1176.535,681.0751,1165.872,679.3327
20.62776,1,1176.535,681.0751,1171.204,680.2039
20.63567,1,1176.535,681.0751,1173.869,680.6395
20.65154,1,1200.078,682.4653,1186.974,681.5524
20.65965,1,1200.078,682.4653,1193.526,682.0088
20.66787,1,1215.727,692.1998,1204.627,687.1043
20.67517,1,1215.727,692.1998,1210.177,689.6521
20.68458,1,1215.727,692.1998,1212.952,690.926
20.69211,1,1215.727,692.1998,1214.34,691.5629
20.70053,1,1226.235,703.3495,1220.287,697.4562
20.70876,1,1226.235,703.3495,1223.261,700.4028
20.71686,1,1226.235,703.3495,1224.748,701.8762
20.72507,1,1226.235,703.3495,1225.491,702.6128
20.73272,1,1247.79,717.7047,1236.641,710.1588
20.73936,1,1247.79,717.7047,1242.215,713.9318
20.74892,1,1247.79,717.7047,1245.002,715.8182
20.75611,1,1247.79,717.7047,1246.396,716.7615
20.76573,1,1275.943,734.1358,1261.17,725.4486
20.77262,1,1275.943,734.1358,1268.557,729.7922
20.78062,1,1275.943,734.1358,1272.25,731.964
20.78949,1,1300.415,744.7919,1286.333,738.3779
20.79852,1,1300.415,744.7919,1293.374,741.5849
20.80746,1,1300.415,744.7919,1296.894,743.1884
20.81636,1,1300.415,744.7919,1298.655,743.9901
20.82401,1,1318.974,748.1556,1308.814,746.0729
20.83415,1,1318.974,748.1556,1313.894,747.1143
20.84046,1,1318.974,748.1556,1316.434,747.6349
20.85093,1,1334.444,748.5082,1325.439,748.0715
20.86125,1,1334.444,748.5082,1329.941,748.2899
20.87015,1,1334.444,748.5082,1332.192,748.399
20.88384,1,1350.719,756.8411,1341.456,752.6201
20.89626,1,1350.719,756.8411,1346.087,754.7306
20.90533,1,1350.719,756.8411,1348.403,755.7859
20.91298,1,1360.047,770.3952,1354.225,763.0906
20.91931,1,1360.047,770.3952,1357.136,766.7429
20.92831,1,1360.047,770.3952,1358.592,768.5691
20.9356,1,1360.047,770.3952,1359.319,769.4822
20.94457,1,1374.607,771.9621,1366.963,770.7222
20.95176,1,1374.607,771.9621,1370.785,771.3422
20.95912,1,1374.607,771.9621,1372.696,771.6521
20.96845,1,1374.607,771.9621,1373.652,771.8071
20.97618,1,1360.328,795.3243,1366.99,783.5657
20.9853,1,1360.328,795.3243,1363.659,789.4451
20.99243,1,1360.328,795.3243,1361.993,792.3847
21.00061,1,1360.328,795.3243,1361.161,793.8545
21.00912,1,1343.83,799.553,1352.495,796.7037
21.01716,1,1343.83,799.553,1348.163,798.1284
21.02486,1,1343.83,799.553,1345.996,798.8407
21.03307,1,1343.717,791.0858,1344.857,794.9633
21.03992,1,1343.717,791.0858,1344.287,793.0245
21.05034,1,1343.717,791.0858,1344.002,792.0552
21.05793,1,1343.717,791.0858,1343.86,791.5704
21.06893,1,1350.592,788.3522,1347.226,789.9613
21.07918,1,1350.592,788.3522,1348.909,789.1567
21.08803,1,1350.592,788.3522,1349.75,788.7545
21.09824,1,1345.259,793.8272,1347.505,791.2909
21.10604,1,1345.259,793.8272,1346.382,792.5591
21.11539,1,1345.259,793.8272,1345.82,793.1931
21.12984,1,1338.872,794.4571,1342.346,793.8251
21.13766,1,1338.872,794.4571,1340.609,794.1411
21.1467,1,1338.872,794.4571,1339.741,794.2991
21.15425,1,1332.332,792.3854,1336.036,793.3422
21.16328,1,1332.332,792.3854,1334.184,792.8638
21.1718,1,1332.332,792.3854,1333.258,792.6246
21.17961,1,1332.332,792.3854,1332.795,792.505
21.18938,1,1326.088,787.1965,1329.441,789.8508
21.19711,1,1326.088,787.1965,1327.765,788.5237
21.2063,1,1326.088,787.1965,1326.927,787.8601
21.21451,1,1318.011,778.1625,1322.469,783.0114
21.22396,1,1318.011,778.1625,1320.24,780.5869
21.23232,1,1318.011,778.1625,1319.126,779.3748
21.23966,1,1318.011,778.1625,1318.569,778.7687
21.24953,1,1309.428,766.4291,1313.999,772.5989
21.25698,1,1309.428,766.4291,1311.713,769.514
21.26598,1,1309.428,766.4291,1310.571,767.9716
21.27281,1,1302.074,752.3676,1306.322,760.1696
21.28333,1,1302.074,752.3676,1304.198,756.2686
21.29,1,1302.074,752.3676,1303.136,754.3181
21.2986,1,1302.074,752.3676,1302.605,753.3429
21.30718,1,1294.601,738.1261,1298.603,745.7345
21.31591,1,1294.601,738.1261,1296.602,741.9303
21.32376,1,1294.601,738.1261,1295.602,740.0282
21.33179,1,1294.601,738.1261,1295.101,739.0771
21.33887,1,1287.514,723.5571,1291.308,731.3171
21.35062,1,1287.514,723.5571,1289.411,727.4371
21.36104,1,1287.514,723.5571,1288.463,725.4971
21.36953,1,1282.071,714.5192,1285.267,720.0082
21.38481,1,1282.071,714.5192,1283.669,717.2637
21.39301,1,1276.701,704.7891,1280.185,711.0264
21.40145,1,1276.701,704.7891,1278.443,707.9077
21.41027,1,1276.701,704.7891,1277.572,706.3484
21.41722,1,1276.701,704.7891,1277.137,705.5687
21.42523,1,1273.594,695.4439,1275.365,700.5063
21.43223,1,1273.594,695.4439,1274.479,697.9751
21.43959,1,1273.594,695.4439,1274.037,696.7095
21.44895,1,1273.594,695.4439,1273.815,696.0767
21.45527,1,1271.958,686.4149,1272.887,691.2458
21.46436,1,1271.958,686.4149,1272.423,688.8303
21.47207,1,1271.958,686.4149,1272.19,687.6226
21.47923,1,1271.958,686.4149,1272.074,687.0188
21.48836,1,1272.634,668.1441,1272.354,677.5814
21.49587,1,1272.634,668.1441,1272.494,672.8628
21.50469,1,1272.634,668.1441,1272.564,670.5034
21.51215,1,1272.634,668.1441,1272.599,669.3237
21.51953,1,1274.895,653.0347,1273.747,661.1792
21.52805,1,1274.895,653.0347,1274.321,657.1069
21.5357,1,1274.895,653.0347,1274.608,655.0708
21.54446,1,1276.684,639.4719,1275.646,647.2714
21.55234,1,1276.684,639.4719,1276.165,643.3716
21.56361,1,1276.684,639.4719,1276.425,641.4218
21.57072,1,1276.684,639.4719,1276.555,640.4468
21.58269,1,1278.232,627.4665,1277.393,633.9567
21.58899,1,1278.232,627.4665,1277.813,630.7115
21.60058,1,1278.232,627.4665,1278.022,629.089
21.6083,1,1278.887,618.3178,1278.455,623.7034
21.61704,1,1278.887,618.3178,1278.671,621.0106
21.62573,1,1278.887,618.3178,1278.779,619.6642
21.63396,1,1278.887,618.3178,1278.833,618.991
21.6417,1,1278.961,609.3832,1278.897,614.1871
21.65059,1,1278.961,609.3832,1278.929,611.7852
21.65769,1,1278.961,609.3832,1278.945,610.5842
21.66633,1,1279.727,602.7617,1279.336,606.673
21.67346,1,1279.727,602.7617,1279.531,604.7173
21.6811,1,1279.727,602.7617,1279.629,603.7395
21.69005,1,1279.727,602.7617,1279.678,603.2506
21.69787,1,1279.727,602.7617,1279.702,603.0062
21.70609,1,1280.408,599.0246,1280.055,601.0154
21.71324,1,1280.408,599.0246,1280.232,600.02
21.72089,1,1280.408,599.0246,1280.32,599.5223
21.72983,1,1280.268,597.3757,1280.294,598.449
21.7377,1,1280.268,597.3757,1280.281,597.9124
21.74684,1,1280.268,597.3757,1280.275,597.644
21.75381,1,1280.268,597.3757,1280.272,597.5099
21.76101,1,1280.691,594.7914,1280.481,596.1506
21.76984,1,1280.691,594.7914,1280.586,595.4711
21.77683,1,1280.691,594.7914,1280.638,595.1312
21.7862,1,1280.691,594.7914,1280.665,594.9613
21.79605,1,1280.933,592.9649,1280.799,593.9631
21.80579,1,1280.933,592.9649,1280.866,593.464
21.81628,1,1280.933,592.9649,1280.899,593.2145
21.82466,1,1281.612,591.4553,1281.256,592.3348
21.83529,1,1281.612,591.4553,1281.434,591.895
21.84658,1,1281.612,591.4553,1281.523,591.6752
21.85402,1,1283.073,590.4272,1282.298,591.0512
21.86762,1,1283.073,590.4272,1282.685,590.7393
21.87539,1,1283.073,590.4272,1282.879,590.5833
21.88386,1,1283.671,591.0799,1283.275,590.8315
21.89032,1,1283.671,591.0799,1283.473,590.9557
21.89853,1,1283.671,591.0799,1283.572,591.0178
21.90708,1,1283.671,591.0799,1283.621,591.0488
21.91475,1,1283.483,590.3254,1283.552,590.6871
21.92347,1,1283.483,590.3254,1283.518,590.5062
21.93157,1,1283.483,590.3254,1283.5,590.4158
21.93873,1,1283.483,590.3254,1283.492,590.3706
21.9476,1,1281.141,587.8389,1282.317,589.1047
21.95439,1,1281.141,587.8389,1281.729,588.4718
21.96344,1,1281.141,587.8389,1281.435,588.1554
21.97075,1,1278.057,584.5295,1279.746,586.3425
21.97788,1,1278.057,584.5295,1278.902,585.436
21.98673,1,1278.057,584.5295,1278.479,584.9828
21.99384,1,1278.057,584.5295,1278.268,584.7562
22.00302,1,1274.766,581.3884,1276.517,583.0723
22.01022,1,1274.766,581.3884,1275.642,582.2303
22.01843,1,1274.766,581.3884,1275.204,581.8094
22.02769,1,1272.213,578.4929,1273.708,580.1511
22.03603,1,1272.213,578.4929,1272.96,579.322
22.04698,1,1272.213,578.4929,1272.586,578.9075
22.05429,1,1272.213,578.4929,1272.399,578.7002
22.06705,1,1270.053,576.5952,1271.226,577.6477
22.07406,1,1270.053,576.5952,1270.64,577.1215
22.08614,1,1270.053,576.5952,1270.347,576.8583
22.09895,1,1268.239,575.9976,1269.293,576.428
22.11144,1,1268.239,575.9976,1268.766,576.2128
22.11909,1,1268.239,575.9976,1268.503,576.1052
22.12795,1,1265.82,577.277,1267.161,576.6912
22.13548,1,1265.82,577.277,1266.491,576.9841
22.14411,1,1265.82,577.277,1266.155,577.1306
22.15227,1,1263.722,578.6672,1264.939,577.8989
22.16004,1,1263.722,578.6672,1264.33,578.2831
22.16913,1,1263.722,578.6672,1264.026,578.4752
22.17628,1,1263.722,578.6672,1263.874,578.5712
22.18483,1,1260.069,580.8387,1261.971,579.705
22.19276,1,1260.069,580.8387,1261.02,580.2719
22.20054,1,1260.069,580.8387,1260.544,580.5553
22.20883,1,1260.069,580.8387,1260.307,580.697
22.21671,1,1256.583,582.8674,1258.445,581.7822
22.22452,1,1256.583,582.8674,1257.514,582.3248
22.23256,1,1256.583,582.8674,1257.049,582.5961
22.23923,1,1254.547,584.5983,1255.798,583.5972
22.24936,1,1254.547,584.5983,1255.172,584.0978
22.25592,1,1254.547,584.5983,1254.86,584.348
22.26583,1,1254.547,584.5983,1254.703,584.4731
22.27268,1,1251.768,586.6128,1253.235,585.543
22.28283,1,1251.768,586.6128,1252.501,586.0779
22.28982,1,1251.768,586.6128,1252.135,586.3453
22.29926,1,1251.768,586.6128,1251.951,586.4791
22.3068,1,1248.36,588.511,1250.156,587.495
22.31817,1,1248.36,588.511,1249.258,588.003
22.33001,1,1248.36,588.511,1248.809,588.257
22.33705,1,1244.869,589.011,1246.839,588.634
22.34579,1,1244.869,589.011,1245.854,588.8225
22.35301,1,1244.869,589.011,1245.362,588.9167
22.36056,1,1240.272,589.8557,1242.817,589.3862
22.3692,1,1240.272,589.8557,1241.545,589.621
22.37683,1,1240.272,589.8557,1240.908,589.7383
22.38509,1,1240.272,589.8557,1240.59,589.797
22.39286,1,1235.063,590.0785,1237.827,589.9377
22.40067,1,1235.063,590.0785,1236.445,590.0081
22.40996,1,1235.063,590.0785,1235.754,590.0433
22.41751,1,1235.063,590.0785,1235.408,590.0609
22.42616,1,1230.094,589.5946,1232.751,589.8278
22.43436,1,1230.094,589.5946,1231.423,589.7112
22.4428,1,1230.094,589.5946,1230.759,589.6529
22.45074,1,1225.764,589.8566,1228.261,589.7548
22.45845,1,1225.764,589.8566,1227.012,589.8057
22.46756,1,1225.764,589.8566,1226.388,589.8312
22.4744,1,1225.764,589.8566,1226.076,589.8439
22.4835,1,1222.38,589.9248,1224.228,589.8843
22.49046,1,1222.38,589.9248,1223.304,589.9045
22.49903,1,1222.38,589.9248,1222.842,589.9147
22.50737,1,1222.38,589.9248,1222.611,589.9197
22.51601,1,1219.288,589.7252,1220.95,589.8224
22.52374,1,1219.288,589.7252,1220.119,589.7738
22.53215,1,1219.288,589.7252,1219.704,589.7495
22.53843,1,1219.288,589.7252,1219.496,589.7373
22.54978,1,1216.074,589.9139,1217.785,589.8256
22.55691,1,1216.074,589.9139,1216.929,589.8698
22.56862,1,1216.074,589.9139,1216.501,589.8918
22.57596,1,1212.88,590.9059,1214.691,590.3989
22.58545,1,1212.88,590.9059,1213.785,590.6525
22.59278,1,1212.88,590.9059,1213.333,590.7792
22.59981,1,1209.961,592.3523,1211.647,591.5657
22.6084,1,1209.961,592.3523,1210.804,591.959
22.61683,1,1209.961,592.3523,1210.382,592.1556
22.62632,1,1209.961,592.3523,1210.171,592.254
22.63358,1,1207.319,593.9564,1208.745,593.1052
22.64118,1,1207.319,593.9564,1208.032,593.5308
22.6503,1,1207.319,593.9564,1207.676,593.7437
22.65787,1,1207.319,593.9564,1207.497,593.85
22.66787,1,1204.859,595.1812,1206.178,594.5156
22.67459,1,1204.859,595.1812,1205.518,594.8484
22.68341,1,1204.859,595.1812,1205.188,595.0148
22.69013,1,1204.859,595.1812,1205.024,595.098
22.69929,1,1201.964,596.4091,1203.494,595.7535
22.70769,1,1201.964,596.4091,1202.729,596.0813
22.71622,1,1201.964,596.4091,1202.347,596.2452
22.72507,1,1199.052,597.4991,1200.699,596.8722
22.73322,1,1199.052,597.4991,1199.875,597.1857
22.74015,1,1199.052,597.4991,1199.464,597.3424
22.74975,1,1199.052,597.4991,1199.258,597.4208
22.75641,1,1195.939,599.3712,1197.598,598.396
22.76732,1,1195.939,599.3712,1196.769,598.8836
22.77789,1,1195.939,599.3712,1196.354,599.1274
22.786,1,1193.078,601.1917,1194.716,600.1595
22.79282,1,1193.078,601.1917,1193.897,600.6757
22.80058,1,1193.078,601.1917,1193.488,600.9337
22.80937,1,1193.078,601.1917,1193.283,601.0627
22.81676,1,1190.257,603.5646,1191.77,602.3137
22.8267,1,1190.257,603.5646,1191.013,602.9392
22.83475,1,1190.257,603.5646,1190.635,603.252
22.84377,1,1190.257,603.5646,1190.446,603.4083
22.8521,1,1187.773,605.8973,1189.109,604.6528
22.85988,1,1187.773,605.8973,1188.441,605.275
22.86903,1,1187.773,605.8973,1188.107,605.5862
22.8775,1,1185.307,608.2665,1186.707,606.9264
22.88666,1,1185.307,608.2665,1186.007,607.5964
22.8946,1,1185.307,608.2665,1185.657,607.9315
22.90354,1,1183.305,610.3569,1184.481,609.1442
22.91192,1,1183.305,610.3569,1183.893,609.7506
22.92001,1,1183.305,610.3569,1183.599,610.0538
22.92915,1,1183.305,610.3569,1183.452,610.2053
22.93785,1,1180.898,611.9791,1182.175,611.0922
22.94761,1,1180.898,611.9791,1181.536,611.5356
22.95444,1,1180.898,611.9791,1181.217,611.7574
22.96449,1,1178.142,613.8714,1179.679,612.8144
22.97122,1,1178.142,613.8714,1178.911,613.3429
22.97967,1,1178.142,613.8714,1178.526,613.6072
22.9881,1,1178.142,613.8714,1178.334,613.7393
22.99819,1,1176.641,615.1986,1177.488,614.4689
23.00591,1,1176.641,615.1986,1177.065,614.8337
23.01539,1,1176.641,615.1986,1176.853,615.0162
23.02372,1,1176.641,615.1986,1176.747,615.1074
23.03455,1,1175.166,616.7993,1175.957,615.9534
23.04353,1,1175.166,616.7993,1175.562,616.3763
23.05108,1,1175.166,616.7993,1175.364,616.5878
23.05871,1,1172.693,618.8072,1174.029,617.6975
23.06934,1,1172.693,618.8072,1173.361,618.2523
23.07696,1,1172.693,618.8072,1173.027,618.5298
23.08637,1,1170.019,621.6251,1171.523,620.0775
23.09496,1,1170.019,621.6251,1170.771,620.8513
23.10422,1,1170.019,621.6251,1170.395,621.2382
23.11243,1,1170.019,621.6251,1170.207,621.4316
23.12091,1,1167.926,624.4465,1169.066,622.9391
23.13142,1,1167.926,624.4465,1168.496,623.6928
23.13849,1,1167.926,624.4465,1168.211,624.0697
23.14765,1,1166.169,627.0788,1167.19,625.5742
23.15435,1,1166.169,627.0788,1166.679,626.3265
23.16364,1,1166.169,627.0788,1166.424,626.7026
23.17089,1,1166.169,627.0788,1166.296,626.8907
23.17895,1,1165.041,628.9372,1165.669,627.9139
23.18796,1,1165.041,628.9372,1165.355,628.4255
23.19636,1,1165.041,628.9372,1165.198,628.6814
23.2054,1,1163.194,630.8806,1164.196,629.781
23.21505,1,1163.194,630.8806,1163.695,630.3308
23.22288,1,1163.194,630.8806,1163.444,630.6057
23.23287,1,1163.194,630.8806,1163.319,630.7432
23.23933,1,1161.308,633.0366,1162.313,631.8899
23.25169,1,1161.308,633.0366,1161.811,632.4633
23.26174,1,1161.308,633.0366,1161.559,632.7499
23.27094,1,1159.378,635.8181,1160.469,634.284
23.28383,1,1159.378,635.8181,1159.923,635.051
23.29106,1,1159.378,635.8181,1159.65,635.4346
23.29875,1,1157.603,638.1378,1158.627,636.7862
23.30678,1,1157.603,638.1378,1158.115,637.462
23.31476,1,1157.603,638.1378,1157.859,637.7999
23.32339,1,1157.603,638.1378,1157.731,637.9689
23.33182,1,1155.659,640.0206,1156.695,638.9948
23.33937,1,1155.659,640.0206,1156.177,639.5077
23.34862,1,1155.659,640.0206,1155.918,639.7642
23.35637,1,1154.19,641.6115,1155.054,640.6879
23.36606,1,1154.19,641.6115,1154.622,641.1497
23.37359,1,1154.19,641.6115,1154.406,641.3806
23.38284,1,1154.19,641.6115,1154.298,641.4961
23.39003,1,1153.05,643.299,1153.674,642.3976
23.3974,1,1153.05,643.299,1153.362,642.8483
23.40603,1,1153.05,643.299,1153.206,643.0736
23.41358,1,1153.05,643.299,1153.128,643.1863
23.42103,1,1151.625,645.0217,1152.376,644.104
23.43041,1,1151.625,645.0217,1152,644.5629
23.43778,1,1151.625,645.0217,1151.813,644.7923
23.44733,1,1150.601,645.6924,1151.207,645.2423
23.45505,1,1150.601,645.6924,1150.904,645.4673
23.46687,1,1150.601,645.6924,1150.752,645.5798
23.47734,1,1149.409,646.2661,1150.08,645.923
23.48688,1,1149.409,646.2661,1149.745,646.0945
23.50044,1,1149.409,646.2661,1149.577,646.1803
23.50822,1,1148.273,646.6804,1148.925,646.4304
23.51638,1,1148.273,646.6804,1148.599,646.5554
23.52566,1,1148.273,646.6804,1148.436,646.6179
23.53363,1,1148.273,646.6804,1148.354,646.6492
23.54063,1,1148.273,646.6804,1148.313,646.6648
23.55005,1,1147.601,646.6074,1147.957,646.6361
23.55817,1,1147.601,646.6074,1147.779,646.6218
23.56671,1,1147.601,646.6074,1147.69,646.6146
23.57431,1,1146.662,646.5628,1147.176,646.5887
23.58341,1,1146.662,646.5628,1146.919,646.5758
23.59081,1,1146.662,646.5628,1146.79,646.5693
23.59836,1,1146.662,646.5628,1146.726,646.566
23.60687,1,1146.376,646.3883,1146.551,646.4772
23.61513,1,1146.376,646.3883,1146.464,646.4327
23.62343,1,1146.376,646.3883,1146.42,646.4105
23.63251,1,1146.122,646.4966,1146.271,646.4536
23.63917,1,1146.122,646.4966,1146.196,646.4751
23.64824,1,1146.122,646.4966,1146.159,646.4858
23.65514,1,1146.122,646.4966,1146.141,646.4912
23.66874,1,1143.663,647.3889,1144.902,646.9401
23.6768,1,1143.663,647.3889,1144.282,647.1645
23.686,1,1143.663,647.3889,1143.972,647.2767
23.6939,1,1143.388,647.1225,1143.68,647.1996
23.70254,1,1143.388,647.1225,1143.534,647.161
23.71346,1,1143.388,647.1225,1143.461,647.1417
23.72639,1,1142.91,647.5563,1143.185,647.349
23.7362,1,1142.91,647.5563,1143.048,647.4526
23.74927,1,1141.568,648.7835,1142.308,648.118
23.75604,1,1141.568,648.7835,1141.938,648.4508
23.76931,1,1141.568,648.7835,1141.753,648.6172
23.77715,1,1141.568,648.7835,1141.661,648.7003
23.78558,1,1141.288,649.0693,1141.474,648.8848
23.79597,1,1141.288,649.0693,1141.381,648.9771
23.80474,1,1141.288,649.0693,1141.334,649.0232
23.81342,1,1141.589,649.1296,1141.462,649.0764
23.82433,1,1141.589,649.1296,1141.525,649.103
23.83404,1,1141.589,649.1296,1141.557,649.1163
23.84132,1,1141.836,649.0423,1141.697,649.0793
23.85107,1,1141.836,649.0423,1141.766,649.0608
23.8581,1,1141.836,649.0423,1141.801,649.0515
23.8668,1,1141.836,649.0423,1141.819,649.0469
23.87336,1,1130.067,648.387,1135.943,648.7169
23.88337,1,1130.067,648.387,1133.005,648.552
23.89049,1,1130.067,648.387,1131.536,648.4695
23.89835,1,1130.067,648.387,1130.801,648.4282
23.90627,1,1037.227,643.0799,1084.014,645.754
23.91496,1,1037.227,643.0799,1060.621,644.417
23.92153,1,1037.227,643.0799,1048.924,643.7484
23.93174,1,869.7296,648.8302,959.3267,646.2893
23.93867,1,869.7296,648.8302,914.5282,647.5598
23.94779,1,869.7296,648.8302,892.1289,648.1949
23.95421,1,869.7296,648.8302,880.9293,648.5126
23.96302,1,748.4294,652.3527,814.6793,650.4326
23.97008,1,748.4294,652.3527,781.5544,651.3926
23.97872,1,748.4294,652.3527,764.9919,651.8727
23.9875,1,748.4294,652.3527,756.7107,652.1127
23.99816,1,679.3375,653.8553,718.0241,652.984
24.00559,1,679.3375,653.8553,698.6808,653.4197
24.01565,1,679.3375,653.8553,689.0092,653.6375
24.023,1,644.7231,650.3411,666.8661,651.9893
24.03113,1,644.7231,650.3411,655.7947,651.1652
24.03847,1,644.7231,650.3411,650.2589,650.7532
24.04772,1,644.7231,650.3411,647.491,650.5471
24.05477,1,627.0377,645.3186,637.2644,647.9329
24.06448,1,627.0377,645.3186,632.1511,646.6257
24.0712,1,627.0377,645.3186,629.5944,645.9722
24.07847,1,627.0377,645.3186,628.316,645.6454
24.08703,1,646.9118,667.4202,637.6139,656.5328
24.09461,1,646.9118,667.4202,642.2628,661.9764
24.10323,1,646.9118,667.4202,644.5873,664.6983
24.11077,1,646.9118,667.4202,645.7495,666.0592
24.11832,1,672.6752,693.0426,659.2123,679.5509
24.1267,1,672.6752,693.0426,665.9437,686.2968
24.13516,1,672.6752,693.0426,669.3094,689.6697
24.14464,1,689.8459,708.5311,679.5777,699.1004
24.1524,1,689.8459,708.5311,684.7118,703.8158
24.16023,1,689.8459,708.5311,687.2789,706.1735
24.16915,1,689.8459,708.5311,688.5624,707.3523
24.1771,1,701.8364,716.3342,695.1994,711.8433
24.18679,1,701.8364,716.3342,698.5179,714.0887
24.19542,1,701.8364,716.3342,700.1772,715.2115
24.20477,1,711.3058,720.0604,705.7415,717.636
24.21486,1,711.3058,720.0604,708.5236,718.8482
24.22377,1,711.3058,720.0604,709.9147,719.4543
24.23388,1,718.6138,722.0886,714.2642,720.7715
24.24678,1,718.6138,722.0886,716.439,721.4301
24.25389,1,718.6138,722.0886,717.5264,721.7593
24.26769,1,725.2491,723.1049,721.3877,722.4321
24.27611,1,725.2491,723.1049,723.3184,722.7686
24.2847,1,725.2491,723.1049,724.2837,722.9368
24.29238,1,726.0029,720.7029,725.1433,721.8198
24.29991,1,726.0029,720.7029,725.5731,721.2614
24.30838,1,726.0029,720.7029,725.788,720.9821
24.31645,1,726.0029,720.7029,725.8955,720.8425
24.32555,1,725.2135,718.757,725.5545,719.7997
24.33375,1,725.2135,718.757,725.384,719.2783
24.34045,1,725.2135,718.757,725.2988,719.0176
24.34909,1,725.2135,718.757,725.2561,718.8873
24.35628,1,724.3777,716.7854,724.8169,717.8364
24.36554,1,724.3777,716.7854,724.5973,717.3109
24.37268,1,724.3777,716.7854,724.4875,717.0482
24.38335,1,723.8911,715.3823,724.1893,716.2152
24.38993,1,723.8911,715.3823,724.0402,715.7988
24.39948,1,723.8911,715.3823,723.9656,715.5906
24.40766,1,723.8911,715.3823,723.9283,715.4865
24.41624,1,733.1431,709.7859,728.5358,712.6362
24.42416,1,733.1431,709.7859,730.8395,711.2111
24.43315,1,733.1431,709.7859,731.9913,710.4985
24.43997,1,733.1431,709.7859,732.5673,710.1422
24.4496,1,808.1572,657.8134,770.3622,683.9778
24.45619,1,808.1572,657.8134,789.2598,670.8956
24.46604,1,808.1572,657.8134,798.7085,664.3545
24.47296,1,936.9981,551.1099,867.8533,607.7322
24.48469,1,936.9981,551.1099,902.4257,579.421
24.49585,1,936.9981,551.1099,919.7119,565.2655
24.5049,1,992.0796,483.8176,955.8958,524.5416
24.51704,1,992.0796,483.8176,973.9877,504.1796
24.52754,1,992.0796,483.8176,983.0336,493.9986
24.53556,1,1036.96,457.2185,1009.997,475.6085
24.55022,1,1036.96,457.2185,1023.479,466.4135
24.55673,1,1036.96,457.2185,1030.219,461.816
24.56598,1,1065.811,373.4199,1048.015,417.6179
24.57271,1,1065.811,373.4199,1056.913,395.5189
24.58024,1,1065.811,373.4199,1061.362,384.4694
24.588,1,1065.811,373.4199,1063.587,378.9446
24.59584,1,1065.811,373.4199,1064.699,376.1823
24.60546,1,1065.811,373.4199,1065.255,374.8011
24.61315,1,1065.811,373.4199,1065.533,374.1105
24.62039,1,1065.811,373.4199,1065.672,373.7652
24.62995,1,1065.811,373.4199,1065.741,373.5925
24.63744,1,1065.811,373.4199,1065.776,373.5062
24.64664,1,1065.811,373.4199,1065.794,373.4631
24.65415,1,1065.811,373.4199,1065.802,373.4415
24.66292,1,1065.811,373.4199,1065.807,373.4307
24.671,1,1065.811,373.4199,1065.809,373.4253
24.67797,1,1065.811,373.4199,1065.81,373.4226
24.68638,1,1065.811,373.4199,1065.811,373.4213
24.69359,1,1065.811,373.4199,1065.811,373.4206
24.70138,1,1065.811,373.4199,1065.811,373.4202
24.70886,1,1065.811,373.4199,1065.811,373.42
24.71675,1,1065.811,373.4199,1065.811,373.42
24.72416,1,1065.811,373.4199,1065.811,373.4199
24.73221,1,1065.811,373.4199,1065.811,373.4199
24.73858,1,1065.811,373.4199,1065.811,373.4199
24.74872,1,1065.811,373.4199,1065.811,373.4199
24.75521,1,1065.811,373.4199,1065.811,373.4199
24.76622,1,1065.811,373.4199,1065.811,373.4199
24.77248,1,1065.811,373.4199,1065.811,373.4199
24.78258,1,1065.811,373.4199,1065.811,373.4199
24.7891,1,1065.811,373.4199,1065.811,373.4199
24.79762,1,1065.811,373.4199,1065.811,373.4199
24.80616,1,1065.811,373.4199,1065.811,373.4199
24.81428,1,1065.811,373.4199,1065.811,373.4199
24.82139,1,1065.811,373.4199,1065.811,373.4199
24.83046,1,1065.811,373.4199,1065.811,373.4199
24.83798,1,1065.811,373.4199,1065.811,373.4199
24.84711,1,1065.811,373.4199,1065.811,373.4199
24.85502,1,1065.811,373.4199,1065.811,373.4199
24.86412,1,1065.811,373.4199,1065.811,373.4199
24.87099,1,1065.811,373.4199,1065.811,373.4199
24.87859,1,1065.811,373.4199,1065.811,373.4199
24.88716,1,1065.811,373.4199,1065.811,373.4199
24.89444,1,1065.811,373.4199,1065.811,373.4199
24.90314,1,1065.811,373.4199,1065.811,373.4199
24.91037,1,1065.811,373.4199,1065.811,373.4199
24.91857,1,1065.811,373.4199,1065.811,373.4199
24.92657,1,1065.811,373.4199,1065.811,373.4199
24.93535,1,1065.811,373.4199,1065.811,373.4199
24.94359,1,1065.811,373.4199,1065.811,373.4199
24.95072,1,1065.811,373.4199,1065.811,373.4199
24.95736,1,1065.811,373.4199,1065.811,373.4199
24.9687,1,1065.811,373.4199,1065.811,373.4199
24.97808,1,1065.811,373.4199,1065.811,373.4199
24.98649,1,1065.811,373.4199,1065.811,373.4199
24.99386,1,1065.811,373.4199,1065.811,373.4199
25.0007,1,1065.811,373.4199,1065.811,373.4199
25.00941,1,1065.811,373.4199,1065.811,373.4199
25.01636,1,1065.811,373.4199,1065.811,373.4199
25.02485,1,1065.811,373.4199,1065.811,373.4199
25.03245,1,1065.811,373.4199,1065.811,373.4199
25.03865,1,1065.811,373.4199,1065.811,373.4199
25.04788,1,1065.811,373.4199,1065.811,373.4199
25.05587,1,1065.811,373.4199,1065.811,373.4199
25.06664,1,1065.811,373.4199,1065.811,373.4199
25.07486,1,1065.811,373.4199,1065.811,373.4199
25.08447,1,1065.811,373.4199,1065.811,373.4199
25.0922,1,1065.811,373.4199,1065.811,373.4199
25.1123,1,1065.811,373.4199,1065.811,373.4199
25.12311,1,1065.811,373.4199,1065.811,373.4199
25.1331,1,1065.811,373.4199,1065.811,373.4199
25.1411,1,1065.811,373.4199,1065.811,373.4199
25.15193,1,1065.811,373.4199,1065.811,373.4199
25.16609,1,1065.811,373.4199,1065.811,373.4199
25.17724,1,1065.811,373.4199,1065.811,373.4199
25.18674,1,1065.811,373.4199,1065.811,373.4199
25.20093,1,1065.811,373.4199,1065.811,373.4199
25.21408,1,1065.811,373.4199,1065.811,373.4199
25.22387,1,1065.811,373.4199,1065.811,373.4199
25.23191,1,1065.811,373.4199,1065.811,373.4199
25.23997,1,1065.811,373.4199,1065.811,373.4199
25.24879,1,1065.811,373.4199,1065.811,373.4199
25.25651,1,1065.811,373.4199,1065.811,373.4199
25.26541,1,1065.811,373.4199,1065.811,373.4199
25.27302,1,1065.811,373.4199,1065.811,373.4199
25.28059,1,1065.811,373.4199,1065.811,373.4199
25.28957,1,1065.811,373.4199,1065.811,373.4199
25.29754,1,1065.811,373.4199,1065.811,373.4199
25.30586,1,1065.811,373.4199,1065.811,373.4199
25.3137,1,1065.811,373.4199,1065.811,373.4199
25.32302,1,1065.811,373.4199,1065.811,373.4199
25.33092,1,1065.811,373.4199,1065.811,373.4199
25.33861,1,1065.811,373.4199,1065.811,373.4199
25.34693,1,1065.811,373.4199,1065.811,373.4199
25.35373,1,1065.811,373.4199,1065.811,373.4199
25.36133,1,1065.811,373.4199,1065.811,373.4199
25.37233,1,1065.811,373.4199,1065.811,373.4199
25.38312,1,1065.811,373.4199,1065.811,373.4199
25.39177,1,1065.811,373.4199,1065.811,373.4199
25.40344,1,1065.811,373.4199,1065.811,373.4199
25.41563,1,1065.811,373.4199,1065.811,373.4199
25.43017,1,1065.811,373.4199,1065.811,373.4199
25.43851,1,1065.811,373.4199,1065.811,373.4199
25.46306,1,1065.811,373.4199,1065.811,373.4199
25.47352,1,1065.811,373.4199,1065.811,373.4199
25.48646,1,1065.811,373.4199,1065.811,373.4199
25.49437,1,1065.811,373.4199,1065.811,373.4199
25.50358,1,1065.811,373.4199,1065.811,373.4199
25.51068,1,1065.811,373.4199,1065.811,373.4199
25.5191,1,1065.811,373.4199,1065.811,373.4199
25.52756,1,1065.811,373.4199,1065.811,373.4199
25.53496,1,1065.811,373.4199,1065.811,373.4199
25.54357,1,1065.811,373.4199,1065.811,373.4199
25.55193,1,1065.811,373.4199,1065.811,373.4199
25.55879,1,1065.811,373.4199,1065.811,373.4199
25.56879,1,1065.811,373.4199,1065.811,373.4199
25.5759,1,1065.811,373.4199,1065.811,373.4199
25.58571,1,1065.811,373.4199,1065.811,373.4199
25.59252,1,1065.811,373.4199,1065.811,373.4199
25.60082,1,1065.811,373.4199,1065.811,373.4199
25.6103,1,1065.811,373.4199,1065.811,373.4199
25.61886,1,1065.811,373.4199,1065.811,373.4199
25.6306,1,1065.811,373.4199,1065.811,373.4199
25.63958,1,1065.811,373.4199,1065.811,373.4199
25.65176,1,1065.811,373.4199,1065.811,373.4199
25.66752,1,1065.811,373.4199,1065.811,373.4199
25.68953,1,1065.811,373.4199,1065.811,373.4199
25.70593,1,1065.811,373.4199,1065.811,373.4199
25.71762,1,1065.811,373.4199,1065.811,373.4199
25.72672,1,1065.811,373.4199,1065.811,373.4199
25.7367,1,1065.811,373.4199,1065.811,373.4199
25.74665,1,1065.811,373.4199,1065.811,373.4199
25.75566,1,1065.811,373.4199,1065.811,373.4199
25.76757,1,1065.811,373.4199,1065.811,373.4199
25.77555,1,1065.811,373.4199,1065.811,373.4199
25.78548,1,1065.811,373.4199,1065.811,373.4199
25.79343,1,1065.811,373.4199,1065.811,373.4199
25.80106,1,1065.811,373.4199,1065.811,373.4199
25.80966,1,1065.811,373.4199,1065.811,373.4199
25.81792,1,1065.811,373.4199,1065.811,373.4199
25.82585,1,1065.811,373.4199,1065.811,373.4199
25.83364,1,1065.811,373.4199,1065.811,373.4199
25.8406,1,1065.811,373.4199,1065.811,373.4199
25.84965,1,1065.811,373.4199,1065.811,373.4199
25.8568,1,1065.811,373.4199,1065.811,373.4199
25.86671,1,1065.811,373.4199,1065.811,373.4199
25.87352,1,1065.811,373.4199,1065.811,373.4199
25.8842,1,1065.811,373.4199,1065.811,373.4199
25.89198,1,1065.811,373.4199,1065.811,373.4199
25.90119,1,1065.811,373.4199,1065.811,373.4199
25.91303,1,1065.811,373.4199,1065.811,373.4199
25.923,1,1065.811,373.4199,1065.811,373.4199
25.93487,1,1065.811,373.4199,1065.811,373.4199
25.94957,1,1065.811,373.4199,1065.811,373.4199
25.96688,1,1065.811,373.4199,1065.811,373.4199
25.98588,1,1065.811,373.4199,1065.811,373.4199
26.00575,1,1065.811,373.4199,1065.811,373.4199
26.01492,1,1065.811,373.4199,1065.811,373.4199
26.02371,1,1065.811,373.4199,1065.811,373.4199
26.03225,1,1065.811,373.4199,1065.811,373.4199
26.03861,1,1065.811,373.4199,1065.811,373.4199
26.04766,1,1065.811,373.4199,1065.811,373.4199
26.05455,1,1065.811,373.4199,1065.811,373.4199
26.06349,1,1065.811,373.4199,1065.811,373.4199
26.07028,1,1065.811,373.4199,1065.811,373.4199
26.0771,1,1065.811,373.4199,1065.811,373.4199
26.0856,1,1065.811,373.4199,1065.811,373.4199
26.09411,1,1065.811,373.4199,1065.811,373.4199
26.1014,1,1065.811,373.4199,1065.811,373.4199
26.1094,1,1065.811,373.4199,1065.811,373.4199
26.11832,1,1065.811,373.4199,1065.811,373.4199
26.12775,1,1065.811,373.4199,1065.811,373.4199
26.13574,1,1065.811,373.4199,1065.811,373.4199
26.14683,1,1065.811,373.4199,1065.811,373.4199
26.15666,1,1065.811,373.4199,1065.811,373.4199
26.17002,1,1065.811,373.4199,1065.811,373.4199
26.18174,1,1065.811,373.4199,1065.811,373.4199
26.19721,1,1065.811,373.4199,1065.811,373.4199
26.21554,1,1065.811,373.4199,1065.811,373.4199
26.24591,1,1065.811,373.4199,1065.811,373.4199
26.25303,1,1065.811,373.4199,1065.811,373.4199
26.26133,1,1065.811,373.4199,1065.811,373.4199
26.2732,1,1065.811,373.4199,1065.811,373.4199
26.28377,1,1065.811,373.4199,1065.811,373.4199
26.29192,1,1065.811,373.4199,1065.811,373.4199
26.30079,1,1065.811,373.4199,1065.811,373.4199
26.30975,1,1065.811,373.4199,1065.811,373.4199
26.31882,1,1065.811,373.4199,1065.811,373.4199
26.33457,1,1065.811,373.4199,1065.811,373.4199
26.35138,1,1065.811,373.4199,1065.811,373.4199
26.36774,1,1065.811,373.4199,1065.811,373.4199
26.38442,1,1065.811,373.4199,1065.811,373.4199
26.3999,1,1065.811,373.4199,1065.811,373.4199
26.41827,1,1065.811,373.4199,1065.811,373.4199
26.43451,1,1065.811,373.4199,1065.811,373.4199
26.44395,1,1065.811,373.4199,1065.811,373.4199
26.45275,1,1065.811,373.4199,1065.811,373.4199
26.46102,1,1065.811,373.4199,1065.811,373.4199
26.47175,1,1065.811,373.4199,1065.811,373.4199
26.481,1,1065.811,373.4199,1065.811,373.4199
26.49206,1,1065.811,373.4199,1065.811,373.4199
26.50263,1,1065.811,373.4199,1065.811,373.4199
26.51059,1,1065.811,373.4199,1065.811,373.4199
26.51956,1,1065.811,373.4199,1065.811,373.4199
26.52828,1,1065.811,373.4199,1065.811,373.4199
26.54089,1,1065.811,373.4199,1065.811,373.4199
26.55078,1,1065.811,373.4199,1065.811,373.4199
26.55831,1,1065.811,373.4199,1065.811,373.4199
26.56861,1,1065.811,373.4199,1065.811,373.4199
26.57575,1,1065.811,373.4199,1065.811,373.4199
26.58615,1,1065.811,373.4199,1065.811,373.4199
26.59292,1,1065.811,373.4199,1065.811,373.4199
26.60029,1,1065.811,373.4199,1065.811,373.4199
26.60863,1,1065.811,373.4199,1065.811,373.4199
26.62013,1,1065.811,373.4199,1065.811,373.4199
26.6357,1,1065.811,373.4199,1065.811,373.4199
26.64878,1,1065.811,373.4199,1065.811,373.4199
26.65553,1,1065.811,373.4199,1065.811,373.4199
26.66467,1,1065.811,373.4199,1065.811,373.4199
26.67248,1,1065.811,373.4199,1065.811,373.4199
26.68043,1,1065.811,373.4199,1065.811,373.4199
26.6916,1,1065.811,373.4199,1065.811,373.4199
26.70119,1,1065.811,373.4199,1065.811,373.4199
26.7153,1,1065.811,373.4199,1065.811,373.4199
26.72567,1,1065.811,373.4199,1065.811,373.4199
26.73491,1,1065.811,373.4199,1065.811,373.4199
26.75187,1,1065.811,373.4199,1065.811,373.4199
26.76026,1,1065.811,373.4199,1065.811,373.4199
26.77373,1,1065.811,373.4199,1065.811,373.4199
26.78778,1,1065.811,373.4199,1065.811,373.4199
26.80137,1,1065.811,373.4199,1065.811,373.4199
26.81766,1,1065.811,373.4199,1065.811,373.4199
26.83478,1,1065.811,373.4199,1065.811,373.4199
26.84971,1,1065.811,373.4199,1065.811,373.4199
26.85956,1,1065.811,373.4199,1065.811,373.4199
26.87176,1,1065.811,373.4199,1065.811,373.4199
26.88426,1,1065.811,373.4199,1065.811,373.4199
26.89942,1,1065.811,373.4199,1065.811,373.4199
26.9143,1,1065.811,373.4199,1065.811,373.4199
26.93154,1,1065.811,373.4199,1065.811,373.4199
26.95383,1,1065.811,373.4199,1065.811,373.4199
26.97094,1,1065.811,373.4199,1065.811,373.4199
26.98423,1,1065.811,373.4199,1065.811,373.4199
26.99289,1,1065.811,373.4199,1065.811,373.4199
27.00356,1,1065.811,373.4199,1065.811,373.4199
27.01202,1,1065.811,373.4199,1065.811,373.4199
27.02292,1,1065.811,373.4199,1065.811,373.4199
27.03312,1,1065.811,373.4199,1065.811,373.4199
27.04058,1,1065.811,373.4199,1065.811,373.4199
27.05206,1,1065.811,373.4199,1065.811,373.4199
27.05897,1,1065.811,373.4199,1065.811,373.4199
27.06781,1,1065.811,373.4199,1065.811,373.4199
27.07544,1,1065.811,373.4199,1065.811,373.4199
27.08469,1,1065.811,373.4199,1065.811,373.4199
27.09226,1,1065.811,373.4199,1065.811,373.4199
27.09993,1,1065.811,373.4199,1065.811,373.4199
27.10825,1,1065.811,373.4199,1065.811,373.4199
27.11923,1,1065.811,373.4199,1065.811,373.4199
27.13109,1,1065.811,373.4199,1065.811,373.4199
27.1386,1,1065.811,373.4199,1065.811,373.4199
27.15412,1,1065.811,373.4199,1065.811,373.4199
27.17066,1,1065.811,373.4199,1065.811,373.4199
27.18692,1,1065.811,373.4199,1065.811,373.4199
27.20525,1,1065.811,373.4199,1065.811,373.4199
27.21247,1,1065.811,373.4199,1065.811,373.4199
27.21988,1,1065.811,373.4199,1065.811,373.4199
27.22906,1,1065.811,373.4199,1065.811,373.4199
27.2399,1,1065.811,373.4199,1065.811,373.4199
27.24893,1,1065.811,373.4199,1065.811,373.4199
27.25683,1,1065.811,373.4199,1065.811,373.4199
27.26684,1,1065.811,373.4199,1065.811,373.4199
27.27448,1,1065.811,373.4199,1065.811,373.4199
27.28551,1,1065.811,373.4199,1065.811,373.4199
27.29246,1,1065.811,373.4199,1065.811,373.4199
27.30269,1,1065.811,373.4199,1065.811,373.4199
27.3104,1,1065.811,373.4199,1065.811,373.4199
27.31862,1,1065.811,373.4199,1065.811,373.4199
27.326,1,1065.811,373.4199,1065.811,373.4199
27.33598,1,1065.811,373.4199,1065.811,373.4199
27.34711,1,1065.811,373.4199,1065.811,373.4199
27.35441,1,1065.811,373.4199,1065.811,373.4199
27.36446,1,1065.811,373.4199,1065.811,373.4199
27.37219,1,1065.811,373.4199,1065.811,373.4199
27.38025,1,1065.811,373.4199,1065.811,373.4199
27.3885,1,1065.811,373.4199,1065.811,373.4199
27.39627,1,1065.811,373.4199,1065.811,373.4199
27.40573,1,1065.811,373.4199,1065.811,373.4199
27.41354,1,1065.811,373.4199,1065.811,373.4199
27.42291,1,1065.811,373.4199,1065.811,373.4199
27.4301,1,1065.811,373.4199,1065.811,373.4199
27.43778,1,1065.811,373.4199,1065.811,373.4199
27.44705,1,1065.811,373.4199,1065.811,373.4199
27.45308,1,1065.811,373.4199,1065.811,373.4199
27.46,1,1065.811,373.4199,1065.811,373.4199
27.46913,1,1065.811,373.4199,1065.811,373.4199
27.47711,1,1065.811,373.4199,1065.811,373.4199
27.48564,1,1065.811,373.4199,1065.811,373.4199
27.49354,1,1065.811,373.4199,1065.811,373.4199
27.50271,1,1065.811,373.4199,1065.811,373.4199
27.51047,1,1065.811,373.4199,1065.811,373.4199
27.51848,1,1065.811,373.4199,1065.811,373.4199
27.54411,1,1065.811,373.4199,1065.811,373.4199
27.55491,1,1065.811,373.4199,1065.811,373.4199
27.56573,1,1065.811,373.4199,1065.811,373.4199
27.57313,1,1065.811,373.4199,1065.811,373.4199
27.5839,1,1065.811,373.4199,1065.811,373.4199
27.59103,1,1065.811,373.4199,1065.811,373.4199
27.60031,1,1065.811,373.4199,1065.811,373.4199
27.60884,1,1065.811,373.4199,1065.811,373.4199
27.61983,1,1065.811,373.4199,1065.811,373.4199
27.63513,1,1065.811,373.4199,1065.811,373.4199
27.64961,1,1065.811,373.4199,1065.811,373.4199
27.67108,1,1065.811,373.4199,1065.811,373.4199
27.67964,1,1065.811,373.4199,1065.811,373.4199
27.71524,1,1065.811,373.4199,1065.811,373.4199
27.7247,1,1065.811,373.4199,1065.811,373.4199
27.73271,1,1065.811,373.4199,1065.811,373.4199
27.73961,1,1065.811,373.4199,1065.811,373.4199
27.74865,1,1065.811,373.4199,1065.811,373.4199
27.75583,1,1065.811,373.4199,1065.811,373.4199
27.76441,1,1065.811,373.4199,1065.811,373.4199
27.77256,1,1065.811,373.4199,1065.811,373.4199
27.78015,1,1065.811,373.4199,1065.811,373.4199
27.7888,1,1065.811,373.4199,1065.811,373.4199
27.7976,1,1065.811,373.4199,1065.811,373.4199
27.80735,1,1065.811,373.4199,1065.811,373.4199
27.81481,1,1065.811,373.4199,1065.811,373.4199
27.82467,1,1065.811,373.4199,1065.811,373.4199
27.83237,1,1065.811,373.4199,1065.811,373.4199
27.83967,1,1065.811,373.4199,1065.811,373.4199
27.85072,1,1065.811,373.4199,1065.811,373.4199
27.85798,1,1065.811,373.4199,1065.811,373.4199
27.86891,1,1065.811,373.4199,1065.811,373.4199
27.87708,1,1065.811,373.4199,1065.811,373.4199
27.887,1,1065.811,373.4199,1065.811,373.4199
27.89765,1,1065.811,373.4199,1065.811,373.4199
27.90639,1,1065.811,373.4199,1065.811,373.4199
27.91752,1,1065.811,373.4199,1065.811,373.4199
27.93602,1,1065.811,373.4199,1065.811,373.4199
27.95172,1,884.6528,5.736996,975.2319,189.5785
27.96014,1,884.6528,5.736996,929.9424,97.65773
27.96976,1,884.6528,5.736996,907.2976,51.69736
27.97848,1,1134.739,70.6339,1021.018,61.16563
27.98706,1,1134.739,70.6339,1077.879,65.89977
27.99454,1,1134.739,70.6339,1106.309,68.26683
28.00299,1,1134.739,70.6339,1120.524,69.45036
28.01002,1,1134.739,70.6339,1127.632,70.04213
28.01813,1,1118.723,113.9759,1123.178,92.00902
28.02649,1,1118.723,113.9759,1120.95,102.9925
28.0338,1,1118.723,113.9759,1119.837,108.4842
28.04049,1,1087.267,139.8629,1103.552,124.1735
28.04939,1,1087.267,139.8629,1095.409,132.0182
28.05646,1,1087.267,139.8629,1091.338,135.9405
28.06517,1,1087.267,139.8629,1089.302,137.9017
28.07218,1,1050.017,156.1611,1069.66,147.0314
28.07957,1,1050.017,156.1611,1059.839,151.5963
28.08769,1,1050.017,156.1611,1054.928,153.8787
28.09484,1,1050.017,156.1611,1052.473,155.0199
28.10114,1,1019.837,167.9713,1036.155,161.4956
28.10929,1,1019.837,167.9713,1027.996,164.7334
28.11911,1,1019.837,167.9713,1023.916,166.3524
28.12922,1,999.5338,174.9024,1011.725,170.6274
28.13723,1,999.5338,174.9024,1005.629,172.7649
28.1469,1,999.5338,174.9024,1002.582,173.8336
28.15414,1,999.5338,174.9024,1001.058,174.368
28.16376,1,977.5613,175.5067,989.3094,174.9374
28.17003,1,977.5613,175.5067,983.4354,175.222
28.17784,1,977.5613,175.5067,980.4983,175.3644
28.19332,1,893.9073,159.1036,937.2028,167.234
28.20105,1,893.9073,159.1036,915.5551,163.1688
28.21064,1,893.9073,159.1036,904.7312,161.1362
28.21847,1,684.46,103.3024,794.5956,132.2193
28.22769,1,684.46,103.3024,739.5278,117.7609
28.23581,1,684.46,103.3024,711.9939,110.5316
28.24587,1,684.46,103.3024,698.2269,106.917
28.25471,1,439.4285,28.85991,568.8277,67.88847
28.26544,1,439.4285,28.85991,504.1281,48.37419
28.27263,1,439.4285,28.85991,471.7783,38.61705
28.28115,1,439.4285,28.85991,455.6034,33.73848
28.28921,1,402.1833,18.802,428.8933,26.27024
28.298,1,402.1833,18.802,415.5383,22.53612
28.30549,1,402.1833,18.802,408.8608,20.66906
28.3149,1,286.3759,-12.04284,347.6183,4.313112
28.32266,1,286.3759,-12.04284,316.9971,-3.864863
28.33212,1,286.3759,-12.04284,301.6865,-7.953851
28.33894,1,335.0332,-0.1269688,318.3599,-4.04041
28.35145,1,335.0332,-0.1269688,326.6965,-2.083689
28.36378,1,335.0332,-0.1269688,330.8649,-1.105329
28.37131,1,335.0332,-0.1269688,332.949,-0.6161489
28.37965,1,318.2207,-7.081933,325.5849,-3.849041
28.38772,1,318.2207,-7.081933,321.9028,-5.465487
28.39609,1,318.2207,-7.081933,320.0618,-6.27371
28.40539,1,310.9058,-11.19838,315.4838,-8.736047
28.41294,1,310.9058,-11.19838,313.1948,-9.967215
28.42027,1,310.9058,-11.19838,312.0503,-10.5828
28.42909,1,310.9058,-11.19838,311.478,-10.89059
28.44851,1,232.5457,-15.87517,272.0119,-13.38288
28.46041,1,299.5527,-14.0381,285.7823,-13.71049
28.47034,1,299.5527,-14.0381,292.6675,-13.8743
28.47831,1,299.5527,-14.0381,296.1101,-13.9562
28.4881,1,299.5527,-14.0381,297.8314,-13.99715
28.49626,1,300.1353,-10.60148,298.9834,-12.29932
28.5063,1,300.1353,-10.60148,299.5593,-11.4504
28.51562,1,300.1353,-10.60148,299.8473,-11.02594
28.52395,1,302.1619,-9.348191,301.0046,-10.18707
28.5335,1,302.1619,-9.348191,301.5833,-9.767628
28.54081,1,302.1619,-9.348191,301.8726,-9.557909
28.55204,1,304.9431,-8.674396,303.4078,-9.116152
28.55869,1,304.9431,-8.674396,304.1755,-8.895273
28.57109,1,304.9431,-8.674396,304.5593,-8.784834
28.58438,1,301.201,-7.287957,302.8802,-8.036395
28.60102,1,301.201,-7.287957,302.0406,-7.662176
28.61836,1,294.9461,-6.154694,298.4933,-6.908435
28.63612,1,294.9461,-6.154694,296.7197,-6.531565
28.6522,1,285.2286,-5.472593,290.9742,-6.002079
28.66049,1,285.2286,-5.472593,288.1014,-5.737336
28.67146,1,274.4547,-5.345469,281.278,-5.541403
28.67893,1,274.4547,-5.345469,277.8663,-5.443436
28.68891,1,274.4547,-5.345469,276.1605,-5.394453
28.69617,1,274.4547,-5.345469,275.3076,-5.369961
28.71583,1,260.5321,-2.852158,267.9199,-4.111059
28.72469,1,260.5321,-2.852158,264.226,-3.481608
28.73553,1,238.8708,-9.297421,251.5484,-6.389515
28.74478,1,238.8708,-9.297421,245.2096,-7.843468
28.75276,1,238.8708,-9.297421,242.0402,-8.570445
28.76019,1,238.8708,-9.297421,240.4555,-8.933933
28.76933,1,224.0321,14.62125,232.2438,2.84366
28.77662,1,224.0321,14.62125,228.138,8.732456
28.78682,1,224.0321,14.62125,226.085,11.67686
28.79402,1,204.9804,29.19051,215.5327,20.43368
28.80359,1,204.9804,29.19051,210.2566,24.8121
28.8157,1,204.9804,29.19051,207.6185,27.0013
28.83137,1,193.732,38.00672,200.6752,32.50401
28.8404,1,193.732,38.00672,197.2036,35.25536
28.85254,1,183.1252,43.22375,190.1644,39.23956
28.87169,1,183.1252,43.22375,186.6448,41.23165
28.88639,1,178.6587,51.36321,182.6518,46.29743
28.89526,1,178.6587,51.36321,180.6552,48.83032
28.90443,1,178.6587,51.36321,179.657,50.09677
28.91413,1,175.5262,59.64715,177.5916,54.87196
28.92097,1,175.5262,59.64715,176.5589,57.25955
28.93027,1,175.5262,59.64715,176.0426,58.45335
28.93665,1,175.5262,59.64715,175.7844,59.05025
28.94779,1,147.9666,67.43612,161.8755,63.24318
28.9571,1,147.9666,67.43612,154.9211,65.33965
28.96557,1,147.9666,67.43612,151.4438,66.38789
28.97301,1,150.652,68.46945,151.0479,67.42867
28.98044,1,150.652,68.46945,150.8499,67.94906
28.98874,1,150.652,68.46945,150.751,68.20926
28.99746,1,150.652,68.46945,150.7015,68.33936
29.00546,1,157.7857,69.38959,154.2436,68.86447
29.01432,1,157.7857,69.38959,156.0147,69.12703
29.02287,1,157.7857,69.38959,156.9002,69.25831
29.0301,1,157.7857,69.38959,157.343,69.32394
29.03788,1,161.3421,71.40482,159.3425,70.36438
29.0481,1,161.3421,71.40482,160.3423,70.8846
29.05447,1,161.3421,71.40482,160.8422,71.14471
29.06918,1,159.9451,62.31413,160.3936,66.72942
29.08521,1,159.9451,62.31413,160.1694,64.52177
29.10075,1,139.196,74.72678,149.6827,69.62428
29.11489,1,139.196,74.72678,144.4394,72.17554
29.12325,1,139.196,74.72678,141.8177,73.45116
29.14557,1,148.3856,61.17565,145.1017,67.3134
29.1545,1,148.3856,61.17565,146.7437,64.24452
29.16398,1,128.7307,73.82446,137.7372,69.03448
29.17197,1,128.7307,73.82446,133.234,71.42947
29.17926,1,128.7307,73.82446,130.9824,72.62697
29.18928,1,127.3738,72.97812,129.1781,72.80254
29.19701,1,127.3738,72.97812,128.2759,72.89034
29.20522,1,127.3738,72.97812,127.8249,72.93423
29.21276,1,127.3738,72.97812,127.5993,72.95618
29.21984,1,131.4041,72.75381,129.5017,72.855
29.2278,1,131.4041,72.75381,130.4529,72.80441
29.23508,1,131.4041,72.75381,130.9285,72.77911
29.24268,1,131.4041,72.75381,131.1663,72.76646
29.25161,1,135.1618,73.41455,133.164,73.09051
29.25811,1,135.1618,73.41455,134.1629,73.25253
29.26808,1,135.1618,73.41455,134.6624,73.33354
29.27465,1,138.8246,75.25925,136.7435,74.29639
29.28481,1,138.8246,75.25925,137.784,74.77782
29.29164,1,138.8246,75.25925,138.3043,75.01853
29.30063,1,138.8246,75.25925,138.5645,75.13889
29.30828,1,145.1582,76.91909,141.8613,76.02899
29.31685,1,145.1582,76.91909,143.5098,76.47404
29.32404,1,145.1582,76.91909,144.334,76.69656
29.33512,1,145.1582,76.91909,144.7461,76.80783
29.34889,1,150.9045,75.30842,147.8253,76.05812
29.36445,1,150.9045,75.30842,149.3649,75.68327
29.37554,1,150.9045,75.30842,150.1347,75.49585
29.38328,1,150.9045,75.30842,150.5196,75.40213
29.39045,1,150.9045,75.30842,150.712,75.35527
29.39841,1,150.9045,75.30842,150.8082,75.33185
29.4056,1,150.9045,75.30842,150.8564,75.32013
29.41275,1,150.9045,75.30842,150.8804,75.31427
29.42032,1,150.9045,75.30842,150.8924,75.31134
29.42845,1,150.9045,75.30842,150.8984,75.30988
29.44405,1,150.9045,75.30842,150.9015,75.30914
29.45241,1,150.9045,75.30842,150.903,75.30878
29.45939,1,150.9045,75.30842,150.9037,75.30859
29.46988,1,150.9045,75.30842,150.9041,75.3085
29.47721,1,150.9045,75.30842,150.9043,75.30846
29.48665,1,150.9045,75.30842,150.9044,75.30844
29.49388,1,150.9045,75.30842,150.9044,75.30843
29.50279,1,150.9045,75.30842,150.9044,75.30843
29.51001,1,150.9045,75.30842,150.9044,75.30843
29.5175,1,150.9045,75.30842,150.9044,75.30843
29.52596,1,150.9045,75.30842,150.9044,75.30843
29.53452,1,150.9045,75.30842,150.9044,75.30843
29.54126,1,150.9045,75.30842,150.9044,75.30843
29.55244,1,150.9045,75.30842,150.9044,75.30843
29.56747,1,150.9045,75.30842,150.9044,75.30843
29.58399,1,150.9045,75.30842,150.9044,75.30843
29.59762,1,150.9045,75.30842,150.9044,75.30843
29.6135,1,150.9045,75.30842,150.9044,75.30843
29.62169,1,150.9045,75.30842,150.9044,75.30843
29.63027,1,150.9045,75.30842,150.9044,75.30843
29.63676,1,150.9045,75.30842,150.9044,75.30843
29.6452,1,150.9045,75.30842,150.9044,75.30843
29.65231,1,150.9045,75.30842,150.9044,75.30843
29.65909,1,150.9045,75.30842,150.9044,75.30843
29.66719,1,150.9045,75.30842,150.9044,75.30843
29.67414,1,150.9045,75.30842,150.9044,75.30843
29.6808,1,150.9045,75.30842,150.9044,75.30843
29.68952,1,150.9045,75.30842,150.9044,75.30843
29.69701,1,150.9045,75.30842,150.9044,75.30843
29.70585,1,150.9045,75.30842,150.9044,75.30843
29.71464,1,150.9045,75.30842,150.9044,75.30843
29.72318,1,150.9045,75.30842,150.9044,75.30843
29.73242,1,150.9045,75.30842,150.9044,75.30843
29.73959,1,150.9045,75.30842,150.9044,75.30843
29.75022,1,150.9045,75.30842,150.9044,75.30843
29.75695,1,150.9045,75.30842,150.9044,75.30843
29.76756,1,150.9045,75.30842,150.9044,75.30843
29.77485,1,150.9045,75.30842,150.9044,75.30843
29.78462,1,150.9045,75.30842,150.9044,75.30843
29.79183,1,150.9045,75.30842,150.9044,75.30843
29.8027,1,150.9045,75.30842,150.9044,75.30843
29.81239,1,150.9045,75.30842,150.9044,75.30843
29.82094,1,150.9045,75.30842,150.9044,75.30843
29.83132,1,150.9045,75.30842,150.9044,75.30843
29.83823,1,150.9045,75.30842,150.9044,75.30843
29.85002,1,150.9045,75.30842,150.9044,75.30843
29.8609,1,150.9045,75.30842,150.9044,75.30843
29.86953,1,150.9045,75.30842,150.9044,75.30843
29.8771,1,150.9045,75.30842,150.9044,75.30843
29.88506,1,150.9045,75.30842,150.9044,75.30843
29.89244,1,150.9045,75.30842,150.9044,75.30843
29.90025,1,150.9045,75.30842,150.9044,75.30843
29.90921,1,150.9045,75.30842,150.9044,75.30843
29.9164,1,150.9045,75.30842,150.9044,75.30843
29.92517,1,150.9045,75.30842,150.9044,75.30843
29.93453,1,150.9045,75.30842,150.9044,75.30843
29.94328,1,150.9045,75.30842,150.9044,75.30843
29.95092,1,150.9045,75.30842,150.9044,75.30843
29.95809,1,150.9045,75.30842,150.9044,75.30843
29.96743,1,150.9045,75.30842,150.9044,75.30843
29.97469,1,150.9045,75.30842,150.9044,75.30843
29.98371,1,150.9045,75.30842,150.9044,75.30843
29.99158,1,150.9045,75.30842,150.9044,75.30843
29.9997,1,150.9045,75.30842,150.9044,75.30843
30.00765,1,150.9045,75.30842,150.9044,75.30843
30.01633,1,150.9045,75.30842,150.9044,75.30843
30.02492,1,150.9045,75.30842,150.9044,75.30843
30.0348,1,150.9045,75.30842,150.9044,75.30843
30.04946,1,150.9045,75.30842,150.9044,75.30843
30.05598,1,150.9045,75.30842,150.9044,75.30843
30.0684,1,150.9045,75.30842,150.9044,75.30843
30.07968,1,150.9045,75.30842,150.9044,75.30843
30.08828,1,150.9045,75.30842,150.9044,75.30843
30.09623,1,150.9045,75.30842,150.9044,75.30843
30.10446,1,150.9045,75.30842,150.9044,75.30843
30.11265,1,150.9045,75.30842,150.9044,75.30843
30.11977,1,150.9045,75.30842,150.9044,75.30843
30.12877,1,150.9045,75.30842,150.9044,75.30843
30.13578,1,150.9045,75.30842,150.9044,75.30843
30.14498,1,150.9045,75.30842,150.9044,75.30843
30.1529,1,150.9045,75.30842,150.9044,75.30843
30.16019,1,150.9045,75.30842,150.9044,75.30843
30.16921,1,150.9045,75.30842,150.9044,75.30843
30.17612,1,150.9045,75.30842,150.9044,75.30843
30.18604,1,150.9045,75.30842,150.9044,75.30843
30.19324,1,150.9045,75.30842,150.9044,75.30843
30.20134,1,150.9045,75.30842,150.9044,75.30843
30.20966,1,150.9045,75.30842,150.9044,75.30843
30.21785,1,150.9045,75.30842,150.9044,75.30843
30.22583,1,150.9045,75.30842,150.9044,75.30843
30.23688,1,150.9045,75.30842,150.9044,75.30843
30.24764,1,150.9045,75.30842,150.9044,75.30843
30.25543,1,150.9045,75.30842,150.9044,75.30843
30.2702,1,150.9045,75.30842,150.9044,75.30843
30.28766,1,150.9045,75.30842,150.9044,75.30843
30.29544,1,150.9045,75.30842,150.9044,75.30843
30.30429,1,150.9045,75.30842,150.9044,75.30843
30.31217,1,150.9045,75.30842,150.9044,75.30843
30.31949,1,150.9045,75.30842,150.9044,75.30843
30.32741,1,150.9045,75.30842,150.9044,75.30843
30.33445,1,150.9045,75.30842,150.9044,75.30843
30.34287,1,150.9045,75.30842,150.9044,75.30843
30.35184,1,150.9045,75.30842,150.9044,75.30843
30.35961,1,150.9045,75.30842,150.9044,75.30843
30.37017,1,150.9045,75.30842,150.9044,75.30843
30.37781,1,150.9045,75.30842,150.9044,75.30843
30.38643,1,150.9045,75.30842,150.9044,75.30843
30.39496,1,150.9045,75.30842,150.9044,75.30843
30.40445,1,150.9045,75.30842,150.9044,75.30843
30.41273,1,150.9045,75.30842,150.9044,75.30843
30.42053,1,150.9045,75.30842,150.9044,75.30843
30.42908,1,150.9045,75.30842,150.9044,75.30843
30.43682,1,150.9045,75.30842,150.9044,75.30843
30.44502,1,150.9045,75.30842,150.9044,75.30843
30.45268,1,150.9045,75.30842,150.9044,75.30843
30.45994,1,150.9045,75.30842,150.9044,75.30843
30.46851,1,150.9045,75.30842,150.9044,75.30843
30.47597,1,150.9045,75.30842,150.9044,75.30843
30.48536,1,150.9045,75.30842,150.9044,75.30843
30.49286,1,150.9045,75.30842,150.9044,75.30843
30.50327,1,150.9045,75.30842,150.9044,75.30843
30.51029,1,150.9045,75.30842,150.9044,75.30843
30.52047,1,150.9045,75.30842,150.9044,75.30843
30.53302,1,150.9045,75.30842,150.9044,75.30843
30.53976,1,150.9045,75.30842,150.9044,75.30843
30.55322,1,150.9045,75.30842,150.9044,75.30843
30.56043,1,150.9045,75.30842,150.9044,75.30843
30.57336,1,150.9045,75.30842,150.9044,75.30843
30.58921,1,150.9045,75.30842,150.9044,75.30843
30.59617,1,150.9045,75.30842,150.9044,75.30843
30.60424,1,150.9045,75.30842,150.9044,75.30843
30.61111,1,150.9045,75.30842,150.9044,75.30843
30.61793,1,150.9045,75.30842,150.9044,75.30843
30.6262,1,150.9045,75.30842,150.9044,75.30843
30.63468,1,150.9045,75.30842,150.9044,75.30843
30.64123,1,150.9045,75.30842,150.9044,75.30843
30.64988,1,150.9045,75.30842,150.9044,75.30843
30.6572,1,150.9045,75.30842,150.9044,75.30843
30.66591,1,150.9045,75.30842,150.9044,75.30843
30.67359,1,150.9045,75.30842,150.9044,75.30843
30.68162,1,150.9045,75.30842,150.9044,75.30843
30.69035,1,150.9045,75.30842,150.9044,75.30843
30.69832,1,150.9045,75.30842,150.9044,75.30843
30.70618,1,150.9045,75.30842,150.9044,75.30843
30.71372,1,150.9045,75.30842,150.9044,75.30843
30.72383,1,150.9045,75.30842,150.9044,75.30843
30.73427,1,1061.062,-30.72962,605.983,22.2894
30.74293,1,1061.062,-30.72962,833.5222,-4.220107
30.75252,1,1151.133,-34.05814,992.3278,-19.13912
30.75926,1,1151.133,-34.05814,1071.731,-26.59863
30.76898,1,1151.133,-34.05814,1111.432,-30.32839
30.78547,1,1151.133,-34.05814,1131.283,-32.19326
30.80469,1,1282.561,-15.53197,1206.922,-23.86262
30.82063,1,1369.474,3.490229,1288.198,-10.1862
30.83956,1,1369.474,3.490229,1328.836,-3.347983
30.85,1,1514.076,19.1184,1421.456,7.885211
30.85717,1,1514.076,19.1184,1467.766,13.50181
30.86578,1,1514.076,19.1184,1490.921,16.31011
30.87274,1,1514.076,19.1184,1502.498,17.71426
30.88043,1,1808.185,36.41667,1655.342,27.06546
30.88938,1,1808.185,36.41667,1731.764,31.74107
30.89725,1,1808.185,36.41667,1769.974,34.07887
30.90652,1,1808.185,36.41667,1789.08,35.24776
30.91451,1,1785.907,44.37275,1787.493,39.81026
30.92316,1,1785.907,44.37275,1786.7,42.0915
30.93078,1,1785.907,44.37275,1786.304,43.23212
30.93775,1,1785.907,44.37275,1786.105,43.80244
30.94793,1,1755.406,54.39335,1770.756,49.09789
30.95532,1,1755.406,54.39335,1763.081,51.74562
30.96746,1,1755.406,54.39335,1759.243,53.06949
30.9761,1,1471.55,80.89884,1615.397,66.98416
30.9889,1,1471.55,80.89884,1543.473,73.9415
31.0026,1,1452.364,74.0856,1497.919,74.01355
31.00896,1,1452.364,74.0856,1475.141,74.04958
31.01655,1,1452.364,74.0856,1463.753,74.06759
31.02394,1,1452.364,74.0856,1458.058,74.0766
31.03845,1,1434.958,90.71275,1446.508,82.39467
31.04738,1,1434.958,90.71275,1440.733,86.55371
31.05511,1,1434.958,90.71275,1437.845,88.63322
31.0627,1,1339.618,186.6495,1388.732,137.6414
31.0945,1,1227.335,320.6366,1308.033,229.139
31.10423,1,1227.335,320.6366,1267.684,274.8878
31.11172,1,1227.335,320.6366,1247.51,297.7622
31.11817,1,1227.335,320.6366,1237.422,309.1994
31.12736,1,1172.095,405.9905,1204.758,357.5949
31.13484,1,1172.095,405.9905,1188.427,381.7927
31.14303,1,1172.095,405.9905,1180.26,393.8916
31.14954,1,1172.095,405.9905,1176.177,399.941
31.15653,1,1124.632,450.4647,1150.405,425.2029
31.16517,1,1124.632,450.4647,1137.518,437.8337
31.17212,1,1124.632,450.4647,1131.075,444.1492
31.17972,1,1094.868,473.7213,1112.972,458.9352
31.18716,1,1094.868,473.7213,1103.92,466.3282
31.19674,1,1094.868,473.7213,1099.394,470.0247
31.20509,1,1094.868,473.7213,1097.131,471.873
31.21406,1,1092.86,485.7231,1094.996,478.798
31.2203,1,1092.86,485.7231,1093.928,482.2606
31.22974,1,1092.86,485.7231,1093.394,483.9918
31.23699,1,1092.86,485.7231,1093.127,484.8575
31.24874,1,1090.068,490.8418,1091.598,487.8497
31.25513,1,1090.068,490.8418,1090.833,489.3458
31.26371,1,1090.068,490.8418,1090.45,490.0938
31.26953,1,1095.049,494.2439,1092.75,492.1689
31.28979,1,1095.049,494.2439,1093.899,493.2064
31.29754,1,1095.049,494.2439,1094.474,493.7251
31.30559,1,1105.884,499.6861,1100.179,496.7056
31.31356,1,1105.884,499.6861,1103.032,498.1959
31.32071,1,1105.884,499.6861,1104.458,498.941
31.32986,1,1105.884,499.6861,1105.171,499.3135
31.33632,1,1116.395,506.9837,1110.783,503.1486
31.34568,1,1116.395,506.9837,1113.589,505.0662
31.35316,1,1116.395,506.9837,1114.992,506.025
31.36028,1,1116.395,506.9837,1115.694,506.5043
31.36875,1,1135.143,522.6783,1125.418,514.5913
31.3764,1,1135.143,522.6783,1130.281,518.6348
31.38523,1,1135.143,522.6783,1132.712,520.6566
31.39207,1,1154.538,539.797,1143.625,530.2268
31.39968,1,1154.538,539.797,1149.082,535.0119
31.40819,1,1154.538,539.797,1151.81,537.4044
31.41696,1,1154.538,539.797,1153.174,538.6007
31.42542,1,1166.807,552.3589,1159.99,545.4798
31.43414,1,1166.807,552.3589,1163.399,548.9193
31.44124,1,1166.807,552.3589,1165.103,550.6391
31.45009,1,1166.807,552.3589,1165.955,551.499
31.4575,1,1178.332,563.0537,1172.144,557.2764
31.4676,1,1178.332,563.0537,1175.238,560.165
31.47514,1,1178.332,563.0537,1176.785,561.6094
31.48723,1,1187.02,570.4,1181.902,566.0046
31.49994,1,1187.02,570.4,1184.461,568.2023
31.50825,1,1187.02,570.4,1185.74,569.3011
31.51998,1,1190.566,574.9621,1188.153,572.1316
31.54089,1,1190.566,574.9621,1189.36,573.5469
31.55299,1,1193.246,578.0634,1191.303,575.8051
31.56571,1,1193.246,578.0634,1192.275,576.9342
31.57385,1,1193.246,578.0634,1192.76,577.4988
31.58567,1,1195.017,581.1796,1193.889,579.3392
31.59466,1,1195.017,581.1796,1194.453,580.2594
31.60408,1,1196.911,582.9528,1195.682,581.6061
31.61379,1,1196.911,582.9528,1196.296,582.2794
31.6204,1,1196.911,582.9528,1196.604,582.6161
31.62794,1,1196.911,582.9528,1196.757,582.7844
31.63603,1,1198.201,583.4372,1197.479,583.1108
31.64408,1,1198.201,583.4372,1197.84,583.274
31.65185,1,1198.201,583.4372,1198.021,583.3556
31.65853,1,1198.201,583.4372,1198.111,583.3964
31.66867,1,1199.103,582.2761,1198.607,582.8362
31.67514,1,1199.103,582.2761,1198.855,582.5562
31.68518,1,1199.103,582.2761,1198.979,582.4161
31.69118,1,1199.103,582.2761,1199.041,582.3461
31.70293,1,1199.99,581.6387,1199.515,581.9924
31.71423,1,1199.99,581.6387,1199.753,581.8156
31.73063,1,1200.197,580.8136,1199.975,581.3146
31.73851,1,1200.197,580.8136,1200.086,581.0641
31.74729,1,1200.197,580.8136,1200.142,580.9388
31.75517,1,1203.657,579.5076,1201.9,580.2232
31.76427,1,1203.657,579.5076,1202.779,579.8654
31.77276,1,1203.657,579.5076,1203.218,579.6865
31.78092,1,1203.657,579.5076,1203.438,579.597
31.78983,1,1207.618,577.547,1205.528,578.572
31.79884,1,1207.618,577.547,1206.573,578.0595
31.80828,1,1207.618,577.547,1207.095,577.8032
31.81824,1,1211.885,575.7884,1209.49,576.7958
31.82717,1,1211.885,575.7884,1210.688,576.2921
31.83651,1,1211.885,575.7884,1211.287,576.0403
31.84701,1,1216.363,574.4205,1213.825,575.2303
31.85569,1,1216.363,574.4205,1215.094,574.8254
31.87209,1,1216.363,574.4205,1215.728,574.6229
31.88888,1,1220.816,573.2076,1218.272,573.9153
31.90392,1,1220.816,573.2076,1219.544,573.5615
31.92016,1,1225.208,572.5121,1222.376,573.0367
31.93959,1,1229.574,572.2609,1225.975,572.6488
31.94742,1,1229.574,572.2609,1227.775,572.4548
31.95298,1,1229.574,572.2609,1228.674,572.3578
31.95914,1,1229.574,572.2609,1229.124,572.3093
31.96684,1,1233.044,572.8111,1231.084,572.5602
31.97401,1,1233.044,572.8111,1232.064,572.6857
31.98064,1,1233.044,572.8111,1232.554,572.7484
31.98887,1,1233.044,572.8111,1232.799,572.7798
31.99518,1,1233.044,572.8111,1232.922,572.7954
32.00449,1,1236.117,573.3153,1234.519,573.0554
32.01169,1,1236.117,573.3153,1235.318,573.1853
32.01836,1,1236.117,573.3153,1235.717,573.2503
32.02599,1,1238.933,573.2855,1237.325,573.2679
32.03384,1,1238.933,573.2855,1238.129,573.2767
32.04061,1,1238.933,573.2855,1238.531,573.2811
32.04841,1,1238.933,573.2855,1238.732,573.2833
32.05461,1,1238.933,573.2855,1238.832,573.2844
32.06065,1,1231.967,572.8697,1235.4,573.077
32.06818,1,1231.967,572.8697,1233.683,572.9734
32.07434,1,1231.967,572.8697,1232.825,572.9215
32.0806,1,1231.967,572.8697,1232.396,572.8956
32.0881,1,1148.965,559.8514,1190.681,566.3735
32.09647,1,1148.965,559.8514,1169.823,563.1125
32.10459,1,1148.965,559.8514,1159.394,561.4819
32.11292,1,1148.965,559.8514,1154.179,560.6667
32.12067,1,917.0868,522.9674,1035.633,541.817
32.13211,1,917.0868,522.9674,976.3599,532.3922
32.13915,1,917.0868,522.9674,946.7234,527.6798
32.15007,1,700.3447,489.5779,823.5341,508.6288
32.18719,1,586.2229,472.067,704.8785,490.348
32.2032,1,586.2229,472.067,645.5507,481.2075
32.2117,1,535.8092,461.4811,590.6799,471.3443
32.22549,1,535.8092,461.4811,563.2446,466.4127
32.23521,1,535.8092,461.4811,549.5269,463.9469
32.24626,1,511.294,455.8271,530.4105,459.887
32.25603,1,511.294,455.8271,520.8522,457.8571
32.26503,1,511.294,455.8271,516.0731,456.8421
32.27383,1,492.2271,459.8693,504.1501,458.3557
32.28378,1,492.2271,459.8693,498.1886,459.1125
32.29175,1,492.2271,459.8693,495.2079,459.4909
32.3011,1,492.2271,459.8693,493.7175,459.6801
32.31068,1,492.2271,459.8693,492.9723,459.7747
32.31974,1,492.2271,459.8693,492.5997,459.822
32.32975,1,492.2271,459.8693,492.4134,459.8457
32.33701,1,492.2271,459.8693,492.3203,459.8575
32.3448,1,492.2271,459.8693,492.2737,459.8634
32.35204,1,492.2271,459.8693,492.2504,459.8664
32.35837,1,492.2271,459.8693,492.2388,459.8679
32.36749,1,492.2271,459.8693,492.2329,459.8686
32.37424,1,492.2271,459.8693,492.23,459.869
32.38352,1,492.2271,459.8693,492.2286,459.8691
32.39028,1,492.2271,459.8693,492.2278,459.8692
32.39915,1,492.2271,459.8693,492.2275,459.8693
32.40774,1,492.2271,459.8693,492.2273,459.8693
32.41755,1,492.2271,459.8693,492.2272,459.8693
32.42529,1,492.2271,459.8693,492.2272,459.8693
32.43812,1,492.2271,459.8693,492.2271,459.8693
32.45248,1,492.2271,459.8693,492.2271,459.8693
32.46968,1,492.2271,459.8693,492.2271,459.8693
32.47911,1,492.2271,459.8693,492.2271,459.8693
32.48856,1,492.2271,459.8693,492.2271,459.8693
32.49637,1,492.2271,459.8693,492.2271,459.8693
32.50504,1,492.2271,459.8693,492.2271,459.8693
32.51317,1,492.2271,459.8693,492.2271,459.8693
32.52057,1,492.2271,459.8693,492.2271,459.8693
32.52969,1,492.2271,459.8693,492.2271,459.8693
32.53664,1,492.2271,459.8693,492.2271,459.8693
32.54521,1,492.2271,459.8693,492.2271,459.8693
32.55239,1,492.2271,459.8693,492.2271,459.8693
32.55946,1,492.2271,459.8693,492.2271,459.8693
32.56866,1,492.2271,459.8693,492.2271,459.8693
32.57609,1,492.2271,459.8693,492.2271,459.8693
32.58508,1,492.2271,459.8693,492.2271,459.8693
32.59155,1,492.2271,459.8693,492.2271,459.8693
32.60057,1,492.2271,459.8693,492.2271,459.8693
32.60839,1,492.2271,459.8693,492.2271,459.8693
32.61552,1,492.2271,459.8693,492.2271,459.8693
32.62282,1,492.2271,459.8693,492.2271,459.8693
32.63081,1,492.2271,459.8693,492.2271,459.8693
32.63717,1,492.2271,459.8693,492.2271,459.8693
32.64808,1,492.2271,459.8693,492.2271,459.8693
32.65426,1,492.2271,459.8693,492.2271,459.8693
32.66499,1,492.2271,459.8693,492.2271,459.8693
32.67307,1,492.2271,459.8693,492.2271,459.8693
32.68453,1,492.2271,459.8693,492.2271,459.8693
32.91428,1,492.2271,459.8693,492.2271,459.8693
32.97845,1,492.2271,459.8693,492.2271,459.8693
