time,catch_amount,area_diameter,area_pos.x,area_pos.z,sardine_pos.x,sardine_pos.z
43.94694,1,1,1.161095,-1.45405,0.8772701,-1.491708
70.531,2,1,0.6640883,-1.267137,0.5716192,-1.303936
78.89402,3,1,1.691226,1.217111,1.78919,1.146436
98.26652,4,1,1.278447,1.632891,1.000925,1.317687
