time,is_recent,pos_x,pos_y,filtered_pos_x,filtered_pos_y
0.01439285,1,1287.427,114.401,643.7133,57.20051
0.07887459,1,1277.083,115.6351,960.3982,86.41783
0.08890343,1,1277.083,115.6351,1118.741,101.0265
0.1017036,1,1277.083,115.6351,1197.912,108.3308
0.1176968,1,1264.585,117.9294,1231.248,113.1301
0.1247578,1,1264.585,117.9294,1247.917,115.5298
0.1400166,1,1237.598,121.401,1242.757,118.4654
0.1515179,1,1237.598,121.401,1240.178,119.9332
0.165287,1,1237.598,121.401,1238.888,120.6671
0.1782322,1,1216.089,120.8964,1227.489,120.7817
0.1888313,1,1216.089,120.8964,1221.789,120.8391
0.2016582,1,1201.73,123.8895,1211.76,122.3643
0.2125282,1,1201.73,123.8895,1206.745,123.1269
0.2240772,1,1201.73,123.8895,1204.238,123.5082
0.2353477,1,1180.704,129.3171,1192.471,126.4126
0.246397,1,1180.704,129.3171,1186.588,127.8649
0.259346,1,1164.166,134.1332,1175.377,130.999
0.2704353,1,1164.166,134.1332,1169.771,132.5661
0.2831001,1,1164.166,134.1332,1166.968,133.3496
0.2940865,1,1153.091,135.9265,1160.03,134.6381
0.3070354,1,1153.091,135.9265,1156.56,135.2823
0.3187523,1,1153.091,135.9265,1154.825,135.6044
0.3297062,1,1143.707,137.8004,1149.266,136.7024
0.344162,1,1143.707,137.8004,1146.487,137.2514
0.3536224,1,1121.788,160.143,1134.137,148.6972
0.3656063,1,1121.788,160.143,1127.963,154.4201
0.3755932,1,1121.788,160.143,1124.875,157.2815
0.3883133,1,1078.573,242.3016,1101.724,199.7916
0.3977261,1,1078.573,242.3016,1090.149,221.0466
0.4086399,1,1078.573,242.3016,1084.361,231.6741
0.4230747,1,1032.109,326.0181,1058.235,278.8461
0.4326839,1,1032.109,326.0181,1045.172,302.4321
0.4501591,1,959.6713,374.9636,1002.422,338.6979
0.458498,1,959.6713,374.9636,981.0464,356.8307
0.471323,1,991.7489,376.0868,986.3976,366.4588
0.4825039,1,991.7489,376.0868,989.0732,371.2728
0.4929581,1,991.7489,376.0868,990.4111,373.6798
0.5058899,1,1006.111,413.6004,998.2609,393.6401
0.5157471,1,1006.111,413.6004,1002.186,403.6202
0.5290852,1,1006.111,413.6004,1004.148,408.6103
0.5422421,1,1102.328,494.4597,1053.238,451.535
0.5550232,1,1102.328,494.4597,1077.783,472.9973
0.566721,1,1159.988,543.6136,1118.885,508.3055
0.5787792,1,1159.988,543.6136,1139.437,525.9595
0.5890293,1,1181.587,569.5786,1160.512,547.769
0.5997868,1,1181.587,569.5786,1171.049,558.6738
0.6221142,1,1189.997,581.0595,1180.523,569.8667
0.6294327,1,1189.997,581.0595,1185.26,575.4631
0.645874,1,1189.997,581.0595,1187.629,578.2614
0.6551266,1,1190.553,585.8793,1189.091,582.0703
0.6693859,1,1190.553,585.8793,1189.822,583.9748
0.6821117,1,1188.528,583.2059,1189.175,583.5903
0.6942577,1,1188.528,583.2059,1188.851,583.3981
0.7063389,1,1188.528,583.2059,1188.689,583.302
0.7154713,1,1186.646,579.5923,1187.668,581.4471
0.7293797,1,1186.646,579.5923,1187.157,580.5198
0.7396488,1,1186.646,579.5923,1186.902,580.056
0.7520294,1,1157.211,578.1896,1172.056,579.1228
0.7639275,1,1157.211,578.1896,1164.634,578.6563
0.775404,1,1061.419,576.7108,1113.026,577.6835
0.7879009,1,1061.419,576.7108,1087.223,577.1971
0.800642,1,1061.419,576.7108,1074.321,576.954
0.8148327,1,944.5148,575.9183,1009.418,576.4362
0.8257523,1,944.5148,575.9183,976.9663,576.1772
0.8356056,1,850.0985,575.4872,913.5324,575.8322
0.8466473,1,850.0985,575.4872,881.8154,575.6597
0.8628426,1,790.883,574.3172,836.3492,574.9884
0.8754578,1,790.883,574.3172,813.6161,574.6528
0.8842831,1,790.883,574.3172,802.2495,574.485
0.8954525,1,790.2526,574.4464,796.2511,574.4657
0.9085369,1,790.2526,574.4464,793.2518,574.4561
0.9216652,1,790.2526,574.4464,791.7522,574.4512
0.9317932,1,803.1869,575.4055,797.4695,574.9283
0.9448242,1,803.1869,575.4055,800.3282,575.1669
0.9545307,1,810.3705,591.1574,805.3494,583.1621
0.9700794,1,810.3705,591.1574,807.86,587.1598
0.9804077,1,810.3705,591.1574,809.1152,589.1586
0.9908028,1,812.6537,615.7584,810.8845,602.4585
1.003998,1,812.6537,615.7584,811.769,609.1084
1.013033,1,812.6537,615.7584,812.2114,612.4333
1.027412,1,834.7704,632.1342,823.4908,622.2838
1.038427,1,834.7704,632.1342,829.1306,627.209
1.047619,1,936.9323,647.9962,883.0315,637.6026
1.06072,1,936.9323,647.9962,909.9819,642.7994
1.072266,1,936.9323,647.9962,923.4572,645.3978
1.084997,1,1129.089,681.991,1026.273,663.6944
1.096884,1,1129.089,681.991,1077.681,672.8427
1.108269,1,1275.852,716.1358,1176.767,694.4893
1.120192,1,1275.852,716.1358,1226.31,705.3125
1.130562,1,1275.852,716.1358,1251.081,710.7241
1.142986,1,1357.676,736.5944,1304.379,723.6592
1.154955,1,1357.676,736.5944,1331.027,730.1268
1.168089,1,1399.809,747.2394,1365.418,738.6831
1.177933,1,1399.809,747.2394,1382.614,742.9613
1.188482,1,1399.809,747.2394,1391.212,745.1003
1.201841,1,1421.488,752.7935,1406.35,748.9469
1.211603,1,1421.488,752.7935,1413.919,750.8702
1.224356,1,1433.913,759.8754,1423.916,755.3728
1.235504,1,1433.913,759.8754,1428.914,757.6241
1.246513,1,1433.913,759.8754,1431.414,758.7498
1.258869,1,1439.615,764.9554,1435.514,761.8525
1.270203,1,1439.615,764.9554,1437.565,763.4039
1.284985,1,1443.036,767.7754,1440.3,765.5897
1.294552,1,1443.036,767.7754,1441.668,766.6825
1.306448,1,1443.036,767.7754,1442.352,767.2289
1.317785,1,1445.605,771.355,1443.978,769.292
1.329651,1,1445.605,771.355,1444.792,770.3235
1.340467,1,1445.605,771.355,1445.198,770.8392
1.351965,1,1447.447,776.9467,1446.322,773.8929
1.363855,1,1447.447,776.9467,1446.885,775.4198
1.374754,1,1447.447,776.9467,1447.166,776.1832
1.389328,1,1449.825,782.3954,1448.495,779.2893
1.401297,1,1449.825,782.3954,1449.16,780.8424
1.411249,1,1456.901,790.3385,1453.031,785.5905
1.424463,1,1456.901,790.3385,1454.966,787.9645
1.435936,1,1456.901,790.3385,1455.934,789.1515
1.447933,1,1439.874,763.6522,1447.904,776.4019
1.45944,1,1439.874,763.6522,1443.889,770.027
1.470274,1,1352.961,627.2469,1398.425,698.637
1.482262,1,1352.961,627.2469,1375.693,662.9419
1.493364,1,1352.961,627.2469,1364.327,645.0944
1.505886,1,1252.538,467.3914,1308.433,556.2429
1.515453,1,1252.538,467.3914,1280.486,511.8172
1.527603,1,1252.538,467.3914,1266.512,489.6043
1.539583,1,1195.823,376.6143,1231.168,433.1093
1.550791,1,1195.823,376.6143,1213.496,404.8618
1.561771,1,1173.056,334.8747,1193.276,369.8683
1.573708,1,1173.056,334.8747,1183.166,352.3715
1.586596,1,1173.056,334.8747,1178.111,343.6231
1.59803,1,1164.689,318.2021,1171.4,330.9126
1.608158,1,1164.689,318.2021,1168.045,324.5574
1.620644,1,1158.399,308.4834,1163.222,316.5204
1.632797,1,1158.399,308.4834,1160.811,312.5019
1.644272,1,1158.399,308.4834,1159.605,310.4926
1.656984,1,1156.158,303.9094,1157.882,307.201
1.668406,1,1156.158,303.9094,1157.02,305.5552
1.680473,1,1153.195,303.4466,1155.108,304.5009
1.692772,1,1153.195,303.4466,1154.152,303.9737
1.705479,1,1153.195,303.4466,1153.674,303.7101
1.717495,1,1171.62,336.3701,1162.647,320.0401
1.726965,1,1171.62,336.3701,1167.134,328.2051
1.740086,1,1257.86,481.1808,1212.497,404.6929
1.750677,1,1257.86,481.1808,1235.179,442.9369
1.761808,1,1257.86,481.1808,1246.52,462.0588
1.77412,1,1421.6,754.6703,1334.06,608.3646
1.787214,1,1421.6,754.6703,1377.83,681.5175
1.799578,1,1421.6,754.6703,1399.715,718.0939
1.809038,1,1502.79,899.3622,1451.252,808.728
1.822769,1,1502.79,899.3622,1477.021,854.0451
1.833677,1,1531.069,959.8431,1504.045,906.9441
1.845705,1,1531.069,959.8431,1517.557,933.3936
1.859474,1,1531.069,959.8431,1524.313,946.6183
1.870274,1,1542.311,982.4152,1533.313,964.5167
1.881737,1,1542.311,982.4152,1537.812,973.4659
1.891224,1,1547.163,993.036,1542.488,983.251
1.904678,1,1547.163,993.036,1544.825,988.1435
1.916857,1,1547.163,993.036,1545.994,990.5897
1.9272,1,1549.361,997.9993,1547.678,994.2946
1.940136,1,1549.361,997.9993,1548.52,996.147
1.949385,1,1549.361,997.9993,1548.94,997.0731
1.963552,1,1549.035,1001.114,1548.988,999.0938
1.97368,1,1549.035,1001.114,1549.011,1000.104
1.985737,1,1547.26,1002.028,1548.135,1001.066
1.998327,1,1547.26,1002.028,1547.698,1001.547
2.008207,1,1547.26,1002.028,1547.479,1001.787
2.021965,1,1546.59,1002.979,1547.034,1002.383
2.031282,1,1546.59,1002.979,1546.812,1002.681
2.045309,1,1544.153,1001.45,1545.483,1002.066
2.057013,1,1544.153,1001.45,1544.818,1001.758
2.066345,1,1544.153,1001.45,1544.486,1001.604
2.080822,1,1542.639,1000.213,1543.563,1000.909
2.091341,1,1542.639,1000.213,1543.101,1000.561
2.104807,1,1541.853,999.9051,1542.477,1000.233
2.115171,1,1541.853,999.9051,1542.165,1000.069
2.127428,1,1541.853,999.9051,1542.009,999.9871
2.139315,1,1539.965,1000.712,1540.987,1000.35
2.150661,1,1539.965,1000.712,1540.476,1000.531
2.162247,1,1539.965,1000.712,1540.22,1000.622
2.172768,1,1538.967,1000.51,1539.594,1000.566
2.18539,1,1538.967,1000.51,1539.281,1000.538
2.197807,1,1537.859,1000.093,1538.57,1000.316
2.208076,1,1537.859,1000.093,1538.214,1000.204
2.221016,1,1537.859,1000.093,1538.036,1000.149
2.231617,1,1537.507,998.9124,1537.772,999.5306
2.243385,1,1537.507,998.9124,1537.64,999.2215
2.269461,1,1537.5,997.9888,1537.57,998.6052
2.278149,1,1537.5,997.9888,1537.535,998.297
2.28512,1,1537.429,997.5079,1537.482,997.9025
2.297976,1,1537.429,997.5079,1537.456,997.7052
2.306864,1,1537.429,997.5079,1537.443,997.6066
2.319006,1,1537.335,996.9154,1537.389,997.261
2.32996,1,1537.335,996.9154,1537.362,997.0882
2.341814,1,1537.335,996.9154,1537.349,997.0018
2.353695,1,1537.085,995.9929,1537.217,996.4974
2.366064,1,1537.085,995.9929,1537.151,996.2451
2.377857,1,1536.819,994.3185,1536.985,995.2819
2.38833,1,1536.819,994.3185,1536.902,994.8002
2.401461,1,1536.819,994.3185,1536.861,994.5593
2.414074,1,1537.053,992.2849,1536.957,993.4221
2.425795,1,1537.053,992.2849,1537.005,992.8535
2.43854,1,1537.305,990.0934,1537.155,991.4734
2.447294,1,1537.305,990.0934,1537.23,990.7834
2.461552,1,1537.305,990.0934,1537.268,990.4384
2.473022,1,1537.242,986.2144,1537.255,988.3264
2.484449,1,1537.242,986.2144,1537.248,987.2704
2.494125,1,1537.242,986.2144,1537.245,986.7424
2.507345,1,1537.486,981.9159,1537.365,984.3291
2.518162,1,1537.486,981.9159,1537.426,983.1225
2.530132,1,1536.403,976.2828,1536.914,979.7026
2.542908,1,1536.403,976.2828,1536.658,977.9927
2.553885,1,1536.403,976.2828,1536.531,977.1377
2.565479,1,1535.355,971.7231,1535.943,974.4304
2.578747,1,1535.355,971.7231,1535.649,973.0768
2.591215,1,1532.95,961.0023,1534.299,967.0396
2.604641,1,1532.95,961.0023,1533.625,964.0209
2.61483,1,1532.95,961.0023,1533.287,962.5116
2.626867,1,1528.544,947.7573,1530.916,955.1344
2.638691,1,1528.544,947.7573,1529.73,951.4458
2.649315,1,1524.328,938.0706,1527.029,944.7582
2.662367,1,1524.328,938.0706,1525.678,941.4144
2.67346,1,1524.328,938.0706,1525.003,939.7426
2.686043,1,1521.897,929.0149,1523.45,934.3787
2.694706,1,1521.897,929.0149,1522.673,931.6968
2.709913,1,1517.658,920.2941,1520.166,925.9955
2.721134,1,1517.658,920.2941,1518.912,923.1448
2.732029,1,1517.658,920.2941,1518.285,921.7195
2.743469,1,1514.871,912.3862,1516.578,917.0529
2.75433,1,1514.871,912.3862,1515.724,914.7195
2.766926,1,1511.164,905.3243,1513.444,910.022
2.777708,1,1511.164,905.3243,1512.304,907.6732
2.7882,1,1511.164,905.3243,1511.734,906.4988
2.813862,1,1507.814,898.1345,1509.774,902.3167
2.821377,1,1507.814,898.1345,1508.794,900.2256
2.82839,1,1505.368,894.1053,1507.081,897.1655
2.840313,1,1505.368,894.1053,1506.224,895.6354
2.851624,1,1505.368,894.1053,1505.796,894.8704
2.863693,1,1502.773,890.7281,1504.284,892.7992
2.875542,1,1502.773,890.7281,1503.529,891.7637
2.888693,1,1501.095,887.5732,1502.312,889.6685
2.8999,1,1501.095,887.5732,1501.703,888.6208
2.910576,1,1501.095,887.5732,1501.399,888.097
2.922802,1,1498.276,883.9818,1499.837,886.0394
2.934462,1,1498.276,883.9818,1499.056,885.0106
2.947123,1,1498.276,883.9818,1498.666,884.4962
2.959818,1,1495.69,881.749,1497.178,883.1226
2.970123,1,1495.69,881.749,1496.434,882.4358
2.982685,1,1493.3,879.604,1494.867,881.0199
2.993694,1,1493.3,879.604,1494.083,880.312
3.006262,1,1493.3,879.604,1493.691,879.958
3.015404,1,1491.267,877.3505,1492.479,878.6542
3.028471,1,1491.267,877.3505,1491.873,878.0023
3.041109,1,1489.642,875.377,1490.758,876.6896
3.052454,1,1489.642,875.377,1490.2,876.0333
3.067225,1,1489.642,875.377,1489.921,875.7051
3.075485,1,1488.232,873.4222,1489.077,874.5637
3.089125,1,1488.232,873.4222,1488.654,873.9929
3.099102,1,1487.319,871.6213,1487.987,872.8071
3.109964,1,1487.319,871.6213,1487.653,872.2142
3.123255,1,1487.319,871.6213,1487.486,871.9178
3.132608,1,1487.214,870.0158,1487.35,870.9668
3.145191,1,1487.214,870.0158,1487.282,870.4913
3.158321,1,1487.214,870.0158,1487.248,870.2535
3.1681,1,1487.234,867.7117,1487.241,868.9827
3.180466,1,1487.234,867.7117,1487.238,868.3472
3.191107,1,1486.47,866.4453,1486.854,867.3962
3.204947,1,1486.47,866.4453,1486.662,866.9208
3.214821,1,1486.47,866.4453,1486.566,866.683
3.226892,1,1485.723,864.7791,1486.145,865.7311
3.23914,1,1485.723,864.7791,1485.934,865.2551
3.249245,1,1485.723,864.7791,1485.829,865.0171
3.262257,1,1485.089,863.1595,1485.459,864.0883
3.272629,1,1485.089,863.1595,1485.274,863.6239
3.286243,1,1483.707,861.1003,1484.491,862.3621
3.299978,1,1483.707,861.1003,1484.099,861.7312
3.310221,1,1483.707,861.1003,1483.903,861.4158
3.325672,1,1481.673,859.2595,1482.788,860.3376
3.335003,1,1481.673,859.2595,1482.231,859.7986
3.34811,1,1480.097,857.586,1481.164,858.6923
3.358486,1,1480.097,857.586,1480.631,858.1392
3.36939,1,1480.097,857.586,1480.364,857.8625
3.381775,1,1478.53,855.5496,1479.447,856.7061
3.391592,1,1478.53,855.5496,1478.988,856.1278
3.404343,1,1477.117,853.8681,1478.053,854.9979
3.4142,1,1477.117,853.8681,1477.585,854.433
3.426649,1,1477.117,853.8681,1477.351,854.1505
3.438929,1,1475.603,852.5079,1476.477,853.3292
3.450075,1,1475.603,852.5079,1476.04,852.9186
3.461893,1,1474.523,851.2014,1475.281,852.06
3.472469,1,1474.523,851.2014,1474.902,851.6307
3.485632,1,1474.523,851.2014,1474.712,851.4161
3.497061,1,1472.909,850.7018,1473.811,851.059
3.507238,1,1472.909,850.7018,1473.36,850.8804
3.519621,1,1472.909,850.7018,1473.134,850.7911
3.530365,1,1471.3,850.1353,1472.217,850.4632
3.542847,1,1471.3,850.1353,1471.758,850.2993
3.553968,1,1469.489,849.6739,1470.624,849.9866
3.567257,1,1469.489,849.6739,1470.057,849.8302
3.578596,1,1469.489,849.6739,1469.773,849.7521
3.588947,1,1467.84,848.9019,1468.806,849.327
3.602304,1,1467.84,848.9019,1468.323,849.1144
3.610424,1,1467.84,848.9019,1468.082,849.0081
3.623451,1,1466.416,848.3315,1467.249,848.6698
3.632687,1,1466.416,848.3315,1466.832,848.5006
3.643641,1,1465.079,848.016,1465.956,848.2583
3.654408,1,1465.079,848.016,1465.517,848.1371
3.665953,1,1465.079,848.016,1465.298,848.0765
3.678484,1,1463.643,847.8032,1464.471,847.9399
3.689034,1,1463.643,847.8032,1464.057,847.8716
3.704338,1,1462.175,847.3787,1463.116,847.6251
3.715261,1,1462.175,847.3787,1462.645,847.5019
3.728594,1,1462.175,847.3787,1462.41,847.4403
3.740467,1,1460.636,846.4286,1461.523,846.9344
3.751646,1,1460.636,846.4286,1461.079,846.6815
3.763268,1,1460.636,846.4286,1460.858,846.5551
3.774269,1,1458.64,845.3691,1459.749,845.9621
3.786945,1,1458.64,845.3691,1459.194,845.6656
3.795488,1,1456.953,844.9255,1458.074,845.2956
3.808676,1,1456.953,844.9255,1457.514,845.1106
3.82024,1,1456.953,844.9255,1457.233,845.0181
3.829937,1,1455.398,844.3495,1456.316,844.6838
3.84473,1,1455.398,844.3495,1455.857,844.5166
3.857147,1,1454.137,844.0496,1454.997,844.2831
3.867962,1,1454.137,844.0496,1454.567,844.1664
3.881586,1,1454.137,844.0496,1454.352,844.108
3.891338,1,1452.724,843.4207,1453.538,843.7643
3.903749,1,1452.724,843.4207,1453.131,843.5925
3.91329,1,1452.724,843.4207,1452.927,843.5066
3.926416,1,1451.012,842.2736,1451.97,842.8901
3.939695,1,1451.012,842.2736,1451.491,842.5819
3.948706,1,1449.394,840.7968,1450.443,841.6893
3.960905,1,1449.394,840.7968,1449.918,841.243
3.972174,1,1449.394,840.7968,1449.656,841.0199
3.98629,1,1447.816,839.5208,1448.736,840.2704
3.995153,1,1447.816,839.5208,1448.276,839.8956
4.008041,1,1445.922,837.7001,1447.099,838.7979
4.022078,1,1445.922,837.7001,1446.511,838.249
4.030985,1,1445.922,837.7001,1446.216,837.9746
4.04431,1,1443.534,835.0477,1444.875,836.5111
4.055647,1,1443.534,835.0477,1444.205,835.7794
4.068817,1,1441.041,833.2574,1442.623,834.5184
4.079165,1,1441.041,833.2574,1441.832,833.8879
4.089817,1,1441.041,833.2574,1441.436,833.5727
4.102808,1,1438.59,831.4871,1440.013,832.5299
4.112484,1,1438.59,831.4871,1439.302,832.0085
4.125736,1,1438.59,831.4871,1438.946,831.7478
4.139143,1,1435.919,830.0406,1437.433,830.8942
4.152632,1,1435.919,830.0406,1436.676,830.4674
4.16267,1,1433.644,828.1948,1435.16,829.3311
4.173296,1,1433.644,828.1948,1434.402,828.7629
4.187225,1,1431.131,825.7084,1432.767,827.2357
4.197542,1,1431.131,825.7084,1431.949,826.472
4.208481,1,1431.131,825.7084,1431.54,826.0902
4.2222,1,1428.697,823.7736,1430.118,824.9319
4.23155,1,1428.697,823.7736,1429.408,824.3527
4.244677,1,1428.697,823.7736,1429.052,824.0631
4.255119,1,1426.361,822.3657,1427.707,823.2144
4.27133,1,1426.361,822.3657,1427.034,822.79
4.28019,1,1423.864,821.1443,1425.449,821.9672
4.290501,1,1423.864,821.1443,1424.657,821.5557
4.305006,1,1423.864,821.1443,1424.26,821.35
4.314362,1,1421.801,820.29,1423.031,820.82
4.327475,1,1421.801,820.29,1422.416,820.5551
4.339596,1,1419.637,819.3658,1421.027,819.9604
4.349195,1,1419.637,819.3658,1420.332,819.6631
4.362366,1,1419.637,819.3658,1419.985,819.5145
4.378469,1,1417.782,818.2228,1418.884,818.8687
4.391527,1,1417.782,818.2228,1418.333,818.5458
4.406298,1,1415.877,816.9723,1417.105,817.759
4.419085,1,1415.877,816.9723,1416.491,817.3657
4.425955,1,1415.877,816.9723,1416.184,817.1689
4.438269,1,1413.837,815.0477,1415.01,816.1083
4.448019,1,1413.837,815.0477,1414.424,815.578
4.461473,1,1411.805,812.9565,1413.115,814.2673
4.471344,1,1411.805,812.9565,1412.46,813.6119
4.48234,1,1411.805,812.9565,1412.133,813.2842
4.495365,1,1410.051,811.2957,1411.092,812.2899
4.507496,1,1410.051,811.2957,1410.571,811.7928
4.522104,1,1408.29,810.1989,1409.431,810.9958
4.531202,1,1408.29,810.1989,1408.86,810.5974
4.545477,1,1408.29,810.1989,1408.575,810.3981
4.557489,1,1406.367,809.4333,1407.471,809.9157
4.567875,1,1406.367,809.4333,1406.919,809.6746
4.583424,1,1404.654,808.8102,1405.786,809.2424
4.593647,1,1404.654,808.8102,1405.22,809.0262
4.606422,1,1404.654,808.8102,1404.937,808.9182
4.619064,1,1402.606,808.4458,1403.771,808.682
4.629028,1,1402.606,808.4458,1403.188,808.5639
4.642254,1,1400.682,808.046,1401.935,808.3049
4.653128,1,1400.682,808.046,1401.309,808.1754
4.664759,1,1400.682,808.046,1400.995,808.1107
4.677364,1,1399.303,807.4504,1400.149,807.7805
4.686628,1,1399.303,807.4504,1399.726,807.6155
4.697355,1,1399.303,807.4504,1399.515,807.533
4.708004,1,1362.15,799.8261,1380.832,803.6796
4.721472,1,1362.15,799.8261,1371.491,801.7528
4.733032,1,1198.062,773.4786,1284.776,787.6157
4.747173,1,1198.062,773.4786,1241.419,780.5471
4.75778,1,1198.062,773.4786,1219.74,777.0128
4.769999,1,1005.398,745.4317,1112.569,761.2223
4.780525,1,1005.398,745.4317,1058.984,753.327
4.790941,1,887.5376,728.3574,973.2606,740.8422
4.803511,1,887.5376,728.3574,930.3991,734.5997
4.812698,1,887.5376,728.3574,908.9684,731.4785
4.824509,1,823.0458,718.0143,866.0071,724.7464
4.835234,1,823.0458,718.0143,844.5264,721.3804
4.847666,1,823.0458,718.0143,833.7861,719.6973
4.8585,1,792.7748,710.4603,813.2805,715.0788
4.86965,1,792.7748,710.4603,803.0277,712.7695
4.881556,1,778.0247,704.4776,790.5262,708.6235
4.891836,1,778.0247,704.4776,784.2754,706.5505
4.919634,1,783.0792,594.5732,783.6773,650.5619
4.926077,1,783.0792,594.5732,783.3783,622.5675
4.934496,1,783.0792,594.5732,783.2288,608.5703
4.947107,1,808.6794,365.7089,795.9541,487.1396
4.959146,1,808.6794,365.7089,802.3168,426.4242
4.969946,1,808.6794,365.7089,805.498,396.0665
4.994205,1,823.6089,232.3086,814.5535,314.1876
5.000753,1,823.6089,232.3086,819.0812,273.248
5.00918,1,827.8083,169.6256,823.4447,221.4368
5.021484,1,827.8083,169.6256,825.6265,195.5312
5.032051,1,665.2776,132.0188,745.452,163.775
5.044952,1,665.2776,132.0188,705.3649,147.8969
5.055502,1,665.2776,132.0188,685.3213,139.9579
5.067261,1,442.7374,107.5047,564.0294,123.7313
5.077599,1,442.7374,107.5047,503.3834,115.618
5.088938,1,442.7374,107.5047,473.0604,111.5614
5.103224,1,322.7383,98.54418,397.8993,105.0528
5.111536,1,322.7383,98.54418,360.3188,101.7985
5.125109,1,263.1098,94.66979,311.7143,98.23413
5.137691,1,263.1098,94.66979,287.412,96.45197
5.147139,1,263.1098,94.66979,275.2609,95.56088
5.160181,1,234.6234,93.49701,254.9422,94.52895
5.171324,1,234.6234,93.49701,244.7828,94.01298
5.182825,1,234.6234,93.49701,239.7031,93.75499
5.194242,1,221.3037,92.50513,230.5034,93.13007
5.206831,1,221.3037,92.50513,225.9035,92.8176
5.220482,1,241.5574,107.2696,233.7305,100.0436
5.229731,1,241.5574,107.2696,237.644,103.6566
5.243893,1,300.7812,147.2114,269.2126,125.434
5.254337,1,300.7812,147.2114,284.9969,136.3227
5.265297,1,300.7812,147.2114,292.889,141.767
5.277315,1,748.1658,410.9933,520.5274,276.3802
5.287453,1,748.1658,410.9933,634.3466,343.6867
5.299353,1,748.1658,410.9933,691.2562,377.34
5.31011,1,1104.11,618.6741,897.6833,498.007
5.322924,1,1104.11,618.6741,1000.897,558.3406
5.33375,1,1104.11,618.6741,1052.504,588.5073
5.345821,1,1247.563,698.8229,1150.034,643.6652
5.357929,1,1247.563,698.8229,1198.799,671.244
5.368397,1,1297.693,726.0112,1248.246,698.6276
5.380226,1,1297.693,726.0112,1272.969,712.3195
5.391235,1,1297.693,726.0112,1285.331,719.1653
5.404919,1,1316.792,738.7756,1301.062,728.9705
5.414051,1,1316.792,738.7756,1308.927,733.873
5.427294,1,1324.615,741.8263,1316.771,737.8497
5.439146,1,1324.615,741.8263,1320.693,739.838
5.450205,1,1324.615,741.8263,1322.654,740.8322
5.462315,1,1330.367,743.2405,1326.51,742.0363
5.471645,1,1330.367,743.2405,1328.438,742.6384
5.482914,1,1330.367,743.2405,1329.403,742.9395
5.49398,1,1416.899,816.2911,1373.151,779.6153
5.506424,1,1416.899,816.2911,1395.025,797.9532
5.519161,1,1503.732,882.2509,1449.379,840.1021
5.528826,1,1503.732,882.2509,1476.555,861.1765
5.542723,1,1503.732,882.2509,1490.144,871.7137
5.553041,1,1549.711,914.0666,1519.927,892.8901
5.564739,1,1549.711,914.0666,1534.819,903.4784
5.574142,1,1549.711,914.0666,1542.265,908.7725
5.586924,1,1569.363,925.5407,1555.814,917.1566
5.59828,1,1569.363,925.5407,1562.588,921.3486
5.608669,1,1574.918,933.3475,1568.753,927.348
5.622707,1,1574.918,933.3475,1571.835,930.3478
5.631687,1,1574.918,933.3475,1573.377,931.8477
5.644861,1,1574.374,938.0968,1573.875,934.9722
5.655313,1,1574.374,938.0968,1574.125,936.5345
5.668299,1,1574.313,938.6764,1574.219,937.6055
5.679308,1,1574.313,938.6764,1574.266,938.1409
5.689674,1,1574.313,938.6764,1574.29,938.4087
5.70249,1,1574.047,940.1635,1574.168,939.2861
5.712505,1,1574.047,940.1635,1574.108,939.7247
5.725031,1,1574.047,940.1635,1574.077,939.9441
5.737221,1,1547.023,927.7056,1560.55,933.8248
5.746078,1,1547.023,927.7056,1553.787,930.7652
5.759092,1,1213.233,732.4471,1383.51,831.6061
5.770561,1,1213.233,732.4471,1298.371,782.0266
5.782162,1,1213.233,732.4471,1255.802,757.2368
5.792316,1,662.3687,414.3988,959.0853,585.8178
5.80563,1,662.3687,414.3988,810.727,500.1083
5.815304,1,662.3687,414.3988,736.5479,457.2536
5.828259,1,384.5102,270.1941,560.5291,363.7239
5.839653,1,384.5102,270.1941,472.5196,316.959
5.850471,1,294.0301,219.2515,383.2748,268.1053
5.862463,1,294.0301,219.2515,338.6525,243.6784
5.872534,1,294.0301,219.2515,316.3413,231.465
5.885775,1,261.7857,205.7354,289.0635,218.6002
5.897182,1,261.7857,205.7354,275.4246,212.1678
5.906004,1,261.7857,205.7354,268.6052,208.9516
5.918941,1,254.3077,199.4904,261.4564,204.221
5.931585,1,254.3077,199.4904,257.882,201.8557
5.944645,1,247.1542,198.4253,252.5181,200.1405
5.958626,1,247.1542,198.4253,249.8362,199.2829
5.968948,1,257.6568,205.811,253.7465,202.5469
5.981798,1,257.6568,205.811,255.7016,204.179
5.991611,1,257.6568,205.811,256.6792,204.995
6.004656,1,366.3692,287.1419,311.5242,246.0684
6.015095,1,366.3692,287.1419,338.9467,266.6052
6.028017,1,366.3692,287.1419,352.658,276.8735
6.039419,1,761.702,559.4333,557.1799,418.1534
6.050276,1,761.702,559.4333,659.4409,488.7934
6.062866,1,1075.085,772.6025,867.2628,630.698
6.072987,1,1075.085,772.6025,971.1738,701.6503
6.08527,1,1075.085,772.6025,1023.129,737.1264
6.095743,1,1201.4,854.9592,1112.265,796.0428
6.108013,1,1201.4,854.9592,1156.833,825.501
6.119728,1,1247.763,885.8995,1202.298,855.7003
6.129232,1,1247.763,885.8995,1225.031,870.7999
6.142761,1,1247.763,885.8995,1236.397,878.3497
6.154289,1,1263.677,894.5621,1250.037,886.4559
6.166599,1,1263.677,894.5621,1256.857,890.509
6.175467,1,1263.677,894.5621,1260.267,892.5356
6.188299,1,1268.046,892.6448,1264.157,892.5902
6.199574,1,1268.046,892.6448,1266.102,892.6176
6.209951,1,1168.25,889.944,1217.176,891.2808
6.222975,1,1168.25,889.944,1192.713,890.6124
6.23357,1,1168.25,889.944,1180.481,890.2782
6.245394,1,1028.672,882.1972,1104.577,886.2377
6.257679,1,1028.672,882.1972,1066.624,884.2174
6.268305,1,1028.672,882.1972,1047.648,883.2073
6.280451,1,911.1294,874.2147,979.3888,878.711
6.292355,1,911.1294,874.2147,945.2591,876.4629
6.303835,1,820.7316,866.8303,882.9954,871.6466
6.316732,1,820.7316,866.8303,851.8635,869.2385
6.327515,1,820.7316,866.8303,836.2975,868.0344
6.340353,1,759.7783,864.0381,798.0378,866.0363
6.351192,1,759.7783,864.0381,778.9081,865.0372
6.363605,1,718.8358,863.9648,748.8719,864.501
6.373411,1,718.8358,863.9648,733.8539,864.2329
6.386259,1,718.8358,863.9648,726.3448,864.0989
6.398325,1,774.9127,864.0437,750.6288,864.0713
6.408772,1,774.9127,864.0437,762.7708,864.0575
6.422991,1,891.7984,866.8259,827.2845,865.4417
6.435272,1,891.7984,866.8259,859.5415,866.1338
6.447378,1,891.7984,866.8259,875.6699,866.4799
6.457821,1,1134.834,872.2665,1005.252,869.3732
6.470108,1,1134.834,872.2665,1070.043,870.8198
6.480787,1,1134.834,872.2665,1102.439,871.5432
6.492258,1,1311.892,870.681,1207.166,871.1121
6.507566,1,1311.892,870.681,1259.529,870.8966
6.515429,1,1412.179,869.8349,1335.854,870.3657
6.5285,1,1412.179,869.8349,1374.017,870.1003
6.54052,1,1412.179,869.8349,1393.098,869.9677
6.551723,1,1460.747,868.3141,1426.922,869.1409
6.566111,1,1460.747,868.3141,1443.834,868.7275
6.579201,1,1483.057,868.071,1463.446,868.3993
6.587044,1,1483.057,868.071,1473.252,868.2351
6.597528,1,1483.057,868.071,1478.155,868.1531
6.608944,1,1494.079,867.1152,1486.117,867.6342
6.622175,1,1494.079,867.1152,1490.098,867.3746
6.633997,1,1501.239,865.7577,1495.668,866.5662
6.64518,1,1501.239,865.7577,1498.453,866.1619
6.658487,1,1501.239,865.7577,1499.846,865.9598
6.671907,1,1505.968,865.5695,1502.907,865.7646
6.684711,1,1505.968,865.5695,1504.438,865.6671
6.690855,1,1505.968,865.5695,1505.203,865.6183
6.705164,1,1508.095,865.5943,1506.649,865.6063
6.714867,1,1508.095,865.5943,1507.372,865.6003
6.727734,1,1464.322,797.3472,1485.847,831.4738
6.739918,1,1464.322,797.3472,1475.084,814.4105
6.751709,1,1464.322,797.3472,1469.703,805.8789
6.762941,1,1350.212,633.9471,1409.957,719.913
6.772921,1,1350.212,633.9471,1380.084,676.9301
6.785656,1,1257.505,501.7587,1318.795,589.3444
6.798225,1,1257.505,501.7587,1288.15,545.5515
6.808588,1,1257.505,501.7587,1272.828,523.6551
6.821556,1,1209.248,435.3876,1241.038,479.5214
6.831774,1,1209.248,435.3876,1225.143,457.4545
6.843691,1,1209.248,435.3876,1217.196,446.4211
6.854557,1,1184.53,403.1336,1200.863,424.7773
6.868212,1,1184.53,403.1336,1192.696,413.9555
6.879065,1,1172.816,388.2284,1182.756,401.0919
6.888227,1,1172.816,388.2284,1177.786,394.6602
6.899019,1,1172.816,388.2284,1175.301,391.4443
6.909298,1,1109.9,373.4741,1142.601,382.4592
6.922224,1,1109.9,373.4741,1126.25,377.9667
6.931335,1,1109.9,373.4741,1118.075,375.7204
6.944468,1,1062.464,362.7157,1090.27,369.218
6.954401,1,1062.464,362.7157,1076.367,365.9669
6.965502,1,1062.464,362.7157,1069.416,364.3413
6.978216,1,1034.563,355.4886,1051.99,359.9149
6.989656,1,1034.563,355.4886,1043.276,357.7018
7.005341,1,1019.248,349.9455,1031.262,353.8236
7.015139,1,1019.248,349.9455,1025.255,351.8846
7.029016,1,1012.64,347.759,1018.948,349.8218
7.04051,1,1012.64,347.759,1015.794,348.7904
7.051676,1,1012.64,347.759,1014.217,348.2747
7.063684,1,1038.178,368.0475,1026.197,358.1611
7.07457,1,1038.178,368.0475,1032.188,363.1043
7.087254,1,1105.486,452.6023,1068.837,407.8533
7.098577,1,1105.486,452.6023,1087.161,430.2278
7.108879,1,1105.486,452.6023,1096.323,441.415
7.122362,1,1256.315,648.8727,1176.319,545.1439
7.132256,1,1256.315,648.8727,1216.317,597.0083
7.144888,1,1256.315,648.8727,1236.316,622.9406
7.157711,1,1351.657,767.911,1293.987,695.4258
7.170376,1,1351.657,767.911,1322.822,731.6684
7.183058,1,1394.092,827.2488,1358.457,779.4586
7.197159,1,1394.092,827.2488,1376.275,803.3537
7.208063,1,1414.338,847.2656,1395.306,825.3096
7.219206,1,1414.338,847.2656,1404.822,836.2876
7.229286,1,1414.338,847.2656,1409.58,841.7766
7.242914,1,1422.196,856.6268,1415.888,849.2017
7.253908,1,1422.196,856.6268,1419.042,852.9142
7.267248,1,1422.196,856.6268,1420.619,854.7705
7.278704,1,1424.497,863.1227,1422.558,858.9466
7.297848,1,1424.497,863.1227,1423.528,861.0347
7.308115,1,1424.314,865.1702,1423.921,863.1024
7.317444,1,1424.314,865.1702,1424.117,864.1363
7.328218,1,1424.162,864.833,1424.14,864.4846
7.343431,1,1424.162,864.833,1424.151,864.6588
7.355658,1,1424.162,864.833,1424.157,864.7459
7.364931,1,1425.201,865.9015,1424.679,865.3237
7.375168,1,1425.201,865.9015,1424.94,865.6126
7.387983,1,1425.201,865.9015,1425.07,865.7571
7.398325,1,1425.567,865.3071,1425.319,865.5321
7.408932,1,1425.567,865.3071,1425.443,865.4196
7.423468,1,1425.346,864.9924,1425.395,865.206
7.433807,1,1425.346,864.9924,1425.37,865.0992
7.445496,1,1425.346,864.9924,1425.358,865.0458
7.4583,1,1426.127,863.6686,1425.743,864.3572
7.468815,1,1426.127,863.6686,1425.935,864.0129
7.480028,1,1425.809,861.1811,1425.872,862.597
7.492859,1,1425.809,861.1811,1425.841,861.889
7.504789,1,1425.809,861.1811,1425.825,861.535
7.515688,1,1425.444,859.4501,1425.635,860.4926
7.527121,1,1425.444,859.4501,1425.539,859.9713
7.538305,1,1425.444,859.4501,1425.492,859.7107
7.549028,1,1425.693,858.7877,1425.593,859.2491
7.56036,1,1425.693,858.7877,1425.643,859.0184
7.571316,1,1425.386,858.0085,1425.515,858.5135
7.585659,1,1425.386,858.0085,1425.45,858.261
7.595263,1,1425.386,858.0085,1425.418,858.1348
7.607193,1,1425.271,857.303,1425.344,857.7189
7.619677,1,1425.271,857.303,1425.308,857.511
7.630056,1,1425.271,857.303,1425.289,857.407
7.643923,1,1424.943,856.7178,1425.116,857.0624
7.65502,1,1424.943,856.7178,1425.03,856.8901
7.666342,1,1424.618,856.0857,1424.824,856.4879
7.678482,1,1424.618,856.0857,1424.721,856.2868
7.688667,1,1424.618,856.0857,1424.669,856.1863
7.702496,1,1424.344,854.7845,1424.507,855.4854
7.711094,1,1424.344,854.7845,1424.425,855.1349
7.723789,1,1423.371,853.48,1423.898,854.3074
7.737522,1,1423.371,853.48,1423.635,853.8937
7.745232,1,1423.371,853.48,1423.503,853.6868
7.758587,1,1422.513,851.8943,1423.008,852.7906
7.771011,1,1422.513,851.8943,1422.76,852.3425
7.783487,1,1421.082,849.9007,1421.921,851.1216
7.793715,1,1421.082,849.9007,1421.501,850.5111
7.806316,1,1421.082,849.9007,1421.292,850.2059
7.818531,1,1419.462,847.0519,1420.377,848.6289
7.828705,1,1419.462,847.0519,1419.919,847.8404
7.841623,1,1417.458,844.2623,1418.689,846.0513
7.851694,1,1417.458,844.2623,1418.073,845.1568
7.86264,1,1417.458,844.2623,1417.766,844.7095
7.874329,1,1416.06,841.5949,1416.913,843.1522
7.887035,1,1416.06,841.5949,1416.486,842.3735
7.901371,1,1416.06,841.5949,1416.273,841.9843
7.910828,1,1414.31,838.7303,1415.292,840.3573
7.924368,1,1414.31,838.7303,1414.801,839.5438
7.93504,1,1412.257,835.6432,1413.529,837.5935
7.946646,1,1412.257,835.6432,1412.893,836.6184
7.958014,1,1412.257,835.6432,1412.575,836.1309
7.968479,1,1411.097,831.6539,1411.836,833.8923
7.981981,1,1411.097,831.6539,1411.467,832.7731
7.989763,1,1411.097,831.6539,1411.282,832.2135
8.002218,1,1409.286,827.2139,1410.284,829.7137
8.011181,1,1409.286,827.2139,1409.785,828.4639
8.024418,1,1405.722,823.1812,1407.754,825.8225
8.050156,1,1405.722,823.1812,1406.738,824.5018
8.055355,1,1403.154,820.4976,1404.946,822.4997
8.069185,1,1403.154,820.4976,1404.05,821.4987
8.079895,1,1403.154,820.4976,1403.602,820.9981
8.090776,1,1400.699,818.1042,1402.151,819.5511
8.103235,1,1400.699,818.1042,1401.425,818.8277
8.113287,1,1400.699,818.1042,1401.062,818.4659
8.124847,1,1398.543,814.7767,1399.802,816.6213
8.134956,1,1398.543,814.7767,1399.173,815.699
8.14703,1,1396.3,811.5372,1397.737,813.6181
8.159863,1,1396.3,811.5372,1397.019,812.5776
8.169456,1,1396.3,811.5372,1396.659,812.0574
8.181948,1,1394.035,808.8168,1395.347,810.4371
8.193224,1,1394.035,808.8168,1394.691,809.627
8.207069,1,1391.865,806.204,1393.278,807.9155
8.218386,1,1391.865,806.204,1392.572,807.0598
8.228374,1,1391.865,806.204,1392.219,806.632
8.242702,1,1388.976,803.8953,1390.597,805.2636
8.253611,1,1388.976,803.8953,1389.786,804.5795
8.265001,1,1387.037,800.6773,1388.412,802.6284
8.278601,1,1387.037,800.6773,1387.724,801.6528
8.288511,1,1387.037,800.6773,1387.38,801.165
8.301416,1,1385.221,796.9507,1386.301,799.0579
8.310984,1,1385.221,796.9507,1385.761,798.0043
8.323439,1,1385.221,796.9507,1385.491,797.4775
8.334925,1,1383.618,793.8129,1384.555,795.6452
8.345762,1,1383.618,793.8129,1384.086,794.729
8.35747,1,1381.601,792.0295,1382.844,793.3793
8.368559,1,1381.601,792.0295,1382.222,792.7043
8.38072,1,1381.601,792.0295,1381.912,792.3669
8.392778,1,1379.497,789.2703,1380.705,790.8186
8.404417,1,1379.497,789.2703,1380.101,790.0444
8.414354,1,1379.497,789.2703,1379.799,789.6573
8.425623,1,1377.26,786.3788,1378.53,788.0181
8.438135,1,1377.26,786.3788,1377.895,787.1985
8.447412,1,1375.881,783.9051,1376.888,785.5518
8.460196,1,1375.881,783.9051,1376.385,784.7284
8.471292,1,1375.881,783.9051,1376.133,784.3168
8.482355,1,1373.632,781.6852,1374.882,783.001
8.494246,1,1373.632,781.6852,1374.257,782.3431
8.506033,1,1373.632,781.6852,1373.944,782.0142
8.518412,1,1372.314,779.8366,1373.129,780.9254
8.528353,1,1372.314,779.8366,1372.722,780.381
8.542902,1,1370.811,778.1805,1371.766,779.2808
8.55406,1,1370.811,778.1805,1371.288,778.7307
8.565191,1,1370.811,778.1805,1371.05,778.4556
8.577032,1,1368.31,775.9535,1369.68,777.2045
8.588472,1,1368.31,775.9535,1368.995,776.579
8.603395,1,1366.104,774.2383,1367.549,775.4087
8.611097,1,1366.104,774.2383,1366.827,774.8235
8.626928,1,1366.104,774.2383,1366.465,774.5309
8.640287,1,1364.312,773.0702,1365.389,773.8005
8.649485,1,1364.312,773.0702,1364.851,773.4354
8.660814,1,1362.194,771.459,1363.522,772.4472
8.671251,1,1362.194,771.459,1362.858,771.9531
8.683023,1,1362.194,771.459,1362.526,771.7061
8.694017,1,1359.651,770.4191,1361.088,771.0626
8.706663,1,1359.651,770.4191,1360.369,770.7408
8.720022,1,1357.729,769.4545,1359.049,770.0977
8.734865,1,1357.729,769.4545,1358.389,769.7761
8.743723,1,1357.729,769.4545,1358.059,769.6152
8.752867,1,1355.74,768.5799,1356.899,769.0975
8.764688,1,1355.74,768.5799,1356.319,768.8387
8.774519,1,1355.74,768.5799,1356.03,768.7094
8.787809,1,1353.898,767.3066,1354.964,768.008
8.799685,1,1353.898,767.3066,1354.431,767.6573
8.810507,1,1351.15,765.6652,1352.791,766.6613
8.823446,1,1351.15,765.6652,1351.97,766.1632
8.834764,1,1351.15,765.6652,1351.56,765.9142
8.846891,1,1348.797,764.6613,1350.178,765.2877
8.855165,1,1348.797,764.6613,1349.488,764.9745
8.870184,1,1347.354,764.3801,1348.421,764.6773
8.879725,1,1347.354,764.3801,1347.887,764.5287
8.890154,1,1347.354,764.3801,1347.62,764.4544
8.904421,1,1345.795,764.1061,1346.708,764.2803
8.915739,1,1345.795,764.1061,1346.251,764.1932
8.927839,1,1345.795,764.1061,1346.023,764.1497
8.938871,1,1344.174,763.7941,1345.099,763.9719
8.949884,1,1344.174,763.7941,1344.637,763.8829
8.964285,1,1342.871,763.1938,1343.754,763.5383
8.974115,1,1342.871,763.1938,1343.312,763.3661
8.987654,1,1342.871,763.1938,1343.091,763.2799
8.999369,1,1341.388,762.3202,1342.24,762.8
9.009317,1,1341.388,762.3202,1341.814,762.5601
9.022177,1,1303.401,733.3255,1322.608,747.9428
9.03298,1,1303.401,733.3255,1313.005,740.6342
9.044672,1,1303.401,733.3255,1308.203,736.9799
9.057611,1,1076.609,546.0112,1192.406,641.4955
9.068377,1,1076.609,546.0112,1134.508,593.7534
9.077974,1,1076.609,546.0112,1105.559,569.8823
9.08943,1,844.5765,364.2047,975.0675,467.0435
9.104494,1,844.5765,364.2047,909.822,415.6241
9.113012,1,738.2073,278.2735,824.0146,346.9488
9.12501,1,738.2073,278.2735,781.111,312.6111
9.147333,1,692.4211,245.0477,736.7661,278.8294
9.153128,1,692.4211,245.0477,714.5936,261.9385
9.165506,1,692.4211,245.0477,703.5074,253.4931
9.17798,1,677.8429,233.5518,690.6752,243.5225
9.18923,1,677.8429,233.5518,684.259,238.5371
9.203131,1,667.7391,226.7629,675.9991,232.65
9.212782,1,667.7391,226.7629,671.8691,229.7065
9.225222,1,667.7391,226.7629,669.8041,228.2347
9.238176,1,786.537,295.7806,728.1705,262.0077
9.248346,1,786.537,295.7806,757.3538,278.8942
9.261461,1,980.3815,426.0412,868.8676,352.4677
9.271975,1,980.3815,426.0412,924.6245,389.2545
9.285738,1,980.3815,426.0412,952.503,407.6478
9.295835,1,1252.157,614.3116,1102.33,510.9797
9.306715,1,1252.157,614.3116,1177.243,562.6457
9.318804,1,1252.157,614.3116,1214.7,588.4786
9.330732,1,1400.68,714.4428,1307.69,651.4607
9.341757,1,1400.68,714.4428,1354.185,682.9518
9.35335,1,1465.185,758.5917,1409.685,720.7717
9.364882,1,1465.185,758.5917,1437.435,739.6817
9.377176,1,1465.185,758.5917,1451.31,749.1367
9.387659,1,1489.924,774.2632,1470.617,761.7
9.399054,1,1489.924,774.2632,1480.271,767.9816
9.410257,1,1489.924,774.2632,1485.097,771.1224
9.422403,1,1500.638,783.5775,1492.867,777.35
9.431547,1,1500.638,783.5775,1496.752,780.4637
9.444426,1,1554.133,808.3822,1525.443,794.423
9.454683,1,1554.133,808.3822,1539.788,801.4026
9.470217,1,1554.133,808.3822,1546.961,804.8924
9.478857,1,1597.973,828.7474,1572.467,816.8199
9.490042,1,1597.973,828.7474,1585.22,822.7837
9.5035,1,1616.898,839.333,1601.059,831.0583
9.512827,1,1616.898,839.333,1608.978,835.1957
9.525938,1,1616.898,839.333,1612.938,837.2643
9.537394,1,1533.985,847.567,1573.461,842.4156
9.547258,1,1533.985,847.567,1553.723,844.9913
9.560144,1,1533.985,847.567,1543.854,846.2792
9.571222,1,1274.001,850.3076,1408.927,848.2933
9.583651,1,1274.001,850.3076,1341.464,849.3004
9.593966,1,957.269,851.9122,1149.367,850.6063
9.60655,1,957.269,851.9122,1053.318,851.2593
9.618551,1,957.269,851.9122,1005.293,851.5857
9.627523,1,764.2258,853.5287,884.7596,852.5572
9.640257,1,764.2258,853.5287,824.4927,853.043
9.65098,1,764.2258,853.5287,794.3593,853.2858
9.663687,1,668.745,855.7155,731.5521,854.5007
9.674658,1,668.745,855.7155,700.1486,855.1081
9.688551,1,622.6997,858.6812,661.4241,856.8947
9.699713,1,622.6997,858.6812,642.0619,857.7879
9.709723,1,622.6997,858.6812,632.3808,858.2345
9.723478,1,597.7346,860.4481,615.0577,859.3413
9.735121,1,597.7346,860.4481,606.3961,859.8947
9.747229,1,617.7485,782.3113,612.0723,821.103
9.758509,1,617.7485,782.3113,614.9104,801.7072
9.768732,1,617.7485,782.3113,616.3295,792.0093
9.780863,1,697.5881,560.36,656.9587,676.1847
9.790644,1,697.5881,560.36,677.2734,618.2723
9.803637,1,697.5881,560.36,687.4308,589.3162
9.81325,1,767.9375,350.9178,727.6841,470.117
9.825991,1,767.9375,350.9178,747.8108,410.5174
9.837557,1,802.1132,248.657,774.962,329.5872
9.84627,1,802.1132,248.657,788.5376,289.1221
9.859591,1,802.1132,248.657,795.3254,268.8896
9.872419,1,819.2437,199.1637,807.2845,234.0266
9.888994,1,819.2437,199.1637,813.2641,216.5952
9.895147,1,819.2437,199.1637,816.2539,207.8795
9.908342,1,828.6917,184.4447,822.4728,196.1621
9.920527,1,828.6917,184.4447,825.5823,190.3034
9.930265,1,832.1974,173.6246,828.8898,181.964
9.943033,1,832.1974,173.6246,830.5436,177.7943
9.954084,1,832.1974,173.6246,831.3705,175.7095
9.96736,1,865.0023,212.9374,848.1864,194.3235
9.978163,1,865.0023,212.9374,856.5944,203.6304
9.988504,1,901.8626,266.84,879.2285,235.2352
10.00014,1,901.8626,266.84,890.5455,251.0376
10.01082,1,901.8626,266.84,896.2041,258.9388
10.02343,1,945.9579,336.6247,921.0811,297.7817
10.03723,1,945.9579,336.6247,933.5195,317.2032
10.04479,1,945.9579,336.6247,939.7388,326.914
10.058,1,992.0817,408.8998,965.9102,367.9069
10.06787,1,992.0817,408.8998,978.996,388.4034
10.07944,1,1026.276,463.6972,1002.636,426.0503
10.08987,1,1026.276,463.6972,1014.456,444.8738
10.1036,1,1026.276,463.6972,1020.366,454.2855
10.11238,1,1048.802,495.595,1034.584,474.9403
10.12568,1,1048.802,495.595,1041.693,485.2676
10.13693,1,1048.802,495.595,1045.247,490.4313
10.14611,1,1059.013,517.5847,1052.13,504.008
10.1621,1,1059.013,517.5847,1055.572,510.7964
10.17126,1,1065.063,529.9655,1060.317,520.381
10.18258,1,1065.063,529.9655,1062.69,525.1732
10.19333,1,1065.063,529.9655,1063.877,527.5693
10.20714,1,1043.869,555.0101,1053.873,541.2897
10.21799,1,1043.869,555.0101,1048.871,548.1499
10.22898,1,935.0814,654.3556,991.976,601.2527
10.24225,1,935.0814,654.3556,963.5287,627.8042
10.25443,1,935.0814,654.3556,949.3051,641.0799
10.2648,1,843.5898,749.6913,896.4474,695.3856
10.27758,1,843.5898,749.6913,870.0186,722.5385
10.28911,1,793.0583,801.1802,831.5385,761.8594
10.30198,1,793.0583,801.1802,812.2984,781.5198
10.31217,1,793.0583,801.1802,802.6783,791.35
10.34393,1,764.2735,828.2995,783.476,809.8247
10.35175,1,750.3654,840.6608,766.9207,825.2427
10.3604,1,750.3654,840.6608,758.643,832.9518
10.37045,1,750.3654,840.6608,754.5042,836.8063
10.38346,1,742.1624,846.6933,748.3333,841.7498
10.39322,1,742.1624,846.6933,745.2478,844.2216
10.40589,1,742.1624,846.6933,743.7051,845.4574
10.41795,1,738.6718,849.8976,741.1884,847.6775
10.42724,1,738.6718,849.8976,739.9301,848.7875
10.441,1,736.4924,854.7571,738.2112,851.7723
10.45217,1,736.4924,854.7571,737.3518,853.2648
10.46411,1,736.4924,854.7571,736.9221,854.011
10.47727,1,734.581,857.4543,735.7516,855.7327
10.48702,1,734.581,857.4543,735.1663,856.5935
10.50104,1,775.2704,857.9423,755.2183,857.2679
10.51039,1,775.2704,857.9423,765.2444,857.6051
10.52405,1,775.2704,857.9423,770.2574,857.7737
10.53422,1,972.1165,851.7596,871.1869,854.7666
10.54676,1,972.1165,851.7596,921.6517,853.2631
10.55967,1,972.1165,851.7596,946.884,852.5114
10.57008,1,1256.878,846.049,1101.881,849.2802
10.58284,1,1256.878,846.049,1179.379,847.6646
10.59533,1,1438.214,839.7505,1308.797,843.7075
10.60679,1,1438.214,839.7505,1373.506,841.729
10.61913,1,1438.214,839.7505,1405.86,840.7397
10.62947,1,1529.949,834.5609,1467.905,837.6503
10.64048,1,1529.949,834.5609,1498.927,836.1056
10.65159,1,1571.502,831.6212,1535.214,833.8634
10.66365,1,1571.502,831.6212,1553.358,832.7423
10.67534,1,1571.502,831.6212,1562.43,832.1818
10.68868,1,1591.256,832.7985,1576.843,832.4901
10.69887,1,1591.256,832.7985,1584.05,832.6443
10.70966,1,1591.256,832.7985,1587.653,832.7214
10.72317,1,1601.594,831.6235,1594.624,832.1725
10.73474,1,1601.594,831.6235,1598.109,831.898
10.7463,1,1603.66,829.715,1600.884,830.8065
10.75737,1,1603.66,829.715,1602.272,830.2607
10.76834,1,1603.66,829.715,1602.966,829.9879
10.78069,1,1605.293,827.6564,1604.129,828.8221
10.79059,1,1605.293,827.6564,1604.711,828.2393
10.80346,1,1603.529,826.6954,1604.12,827.4673
10.81316,1,1603.529,826.6954,1603.825,827.0813
10.84138,1,1604.757,826.2798,1604.291,826.6805
10.84771,1,1604.757,826.2798,1604.524,826.4802
10.85781,1,1604.757,826.2798,1604.64,826.38
10.86836,1,1604.252,824.042,1604.446,825.211
10.88168,1,1604.252,824.042,1604.349,824.6265
10.89315,1,1603.333,821.5262,1603.841,823.0764
10.90569,1,1603.333,821.5262,1603.587,822.3013
10.9154,1,1603.333,821.5262,1603.46,821.9138
10.92901,1,1602.35,819.2196,1602.905,820.5667
10.94146,1,1602.35,819.2196,1602.627,819.8931
10.95103,1,1602.35,819.2196,1602.489,819.5564
10.96485,1,1601.414,816.9688,1601.951,818.2626
10.97524,1,1601.414,816.9688,1601.682,817.6157
10.98803,1,1600.064,814.4067,1600.873,816.0112
10.99881,1,1600.064,814.4067,1600.468,815.209
11.00911,1,1600.064,814.4067,1600.266,814.8079
11.02382,1,1598.331,812.0513,1599.299,813.4296
11.03275,1,1598.331,812.0513,1598.815,812.7404
11.04573,1,1596.375,810.1208,1597.595,811.4307
11.05726,1,1596.375,810.1208,1596.985,810.7758
11.06672,1,1596.375,810.1208,1596.68,810.4483
11.08087,1,1594.666,808.425,1595.673,809.4366
11.09192,1,1594.666,808.425,1595.17,808.9308
11.10513,1,1593.14,806.676,1594.155,807.8033
11.11427,1,1593.14,806.676,1593.647,807.2396
11.12639,1,1593.14,806.676,1593.394,806.9578
11.13896,1,1591.498,805.0641,1592.446,806.0109
11.14596,1,1591.498,805.0641,1591.972,805.5375
11.163,1,1591.498,805.0641,1591.735,805.3008
11.17215,1,1590.519,804.4511,1591.127,804.876
11.18377,1,1590.519,804.4511,1590.823,804.6636
11.19419,1,1590.519,804.4511,1590.671,804.5574
11.20764,1,1589.294,803.9434,1589.983,804.2504
11.21891,1,1589.294,803.9434,1589.638,804.0969
11.22836,1,1588.104,803.0986,1588.871,803.5977
11.24096,1,1588.104,803.0986,1588.487,803.3481
11.25102,1,1588.104,803.0986,1588.295,803.2234
11.26301,1,1586.965,801.5786,1587.63,802.401
11.2749,1,1586.965,801.5786,1587.298,801.9898
11.28922,1,1586.022,800.0696,1586.66,801.0297
11.29881,1,1586.022,800.0696,1586.341,800.5496
11.3103,1,1586.022,800.0696,1586.182,800.3096
11.32264,1,1584.771,799.6841,1585.477,799.9968
11.33445,1,1584.771,799.6841,1585.124,799.8405
11.34641,1,1583.843,798.8706,1584.484,799.3555
11.35839,1,1583.843,798.8706,1584.163,799.113
11.3691,1,1583.843,798.8706,1584.003,798.9918
11.38079,1,1583.129,797.4597,1583.566,798.2257
11.39125,1,1583.129,797.4597,1583.347,797.8427
11.40533,1,1583.129,797.4597,1583.238,797.6511
11.41442,1,1582.345,796.0004,1582.791,796.8257
11.42756,1,1582.345,796.0004,1582.568,796.4131
11.43889,1,1581.447,795.1283,1582.007,795.7707
11.44916,1,1581.447,795.1283,1581.727,795.4495
11.46331,1,1581.447,795.1283,1581.587,795.2889
11.4742,1,1580.341,794.9545,1580.964,795.1217
11.48717,1,1580.341,794.9545,1580.653,795.0381
11.49886,1,1579.582,794.8321,1580.117,794.9351
11.50943,1,1579.582,794.8321,1579.85,794.8835
11.52719,1,1578.988,794.6984,1579.419,794.791
11.5333,1,1578.988,794.6984,1579.203,794.7446
11.54542,1,1578.988,794.6984,1579.096,794.7215
11.55722,1,1578.593,794.0919,1578.844,794.4067
11.56836,1,1578.593,794.0919,1578.718,794.2493
11.5793,1,1578.593,794.0919,1578.655,794.1705
11.59009,1,1577.839,794.2752,1578.247,794.2229
11.6024,1,1577.839,794.2752,1578.043,794.249
11.61241,1,1577.839,794.2752,1577.941,794.2621
11.62473,1,1577.372,794.3515,1577.656,794.3068
11.63548,1,1577.372,794.3515,1577.514,794.3291
11.65466,1,1576.486,793.9793,1577,794.1542
11.6657,1,1576.486,793.9793,1576.743,794.0668
11.67307,1,1576.486,793.9793,1576.614,794.0231
11.68754,1,1575.744,793.78,1576.179,793.9016
11.69764,1,1575.744,793.78,1575.962,793.8408
11.71014,1,1575.603,793.7883,1575.782,793.8146
11.72238,1,1575.603,793.7883,1575.692,793.8015
11.7347,1,1575.603,793.7883,1575.647,793.7949
11.74562,1,1574.726,793.678,1575.187,793.7365
11.75718,1,1574.726,793.678,1574.956,793.7073
11.76884,1,1574.726,793.678,1574.841,793.6926
11.79443,1,1573.914,793.4718,1574.377,793.5822
11.80247,1,1572.849,793.5974,1573.613,793.5898
11.81132,1,1572.849,793.5974,1573.231,793.5936
11.8236,1,1572.849,793.5974,1573.04,793.5955
11.83571,1,1515.783,782.5273,1544.412,788.0614
11.84768,1,1515.783,782.5273,1530.097,785.2944
11.85972,1,1288.802,741.9833,1409.449,763.6388
11.87071,1,1288.802,741.9833,1349.125,752.811
11.88261,1,1288.802,741.9833,1318.964,747.3972
11.89364,1,1087.235,709.0039,1203.099,728.2006
11.90693,1,1087.235,709.0039,1145.167,718.6022
11.91485,1,1087.235,709.0039,1116.201,713.8031
11.92865,1,973.7092,684.6186,1044.955,699.2108
11.94169,1,973.7092,684.6186,1009.332,691.9147
11.95305,1,913.2062,668.7127,961.2692,680.3137
11.96406,1,913.2062,668.7127,937.2377,674.5132
11.97419,1,913.2062,668.7127,925.2219,671.6129
11.98776,1,882.9784,662.1323,904.1002,666.8726
11.99758,1,882.9784,662.1323,893.5393,664.5024
12.00873,1,882.9784,662.1323,888.2589,663.3174
12.02245,1,815.4828,614.8115,851.8708,639.0645
12.03512,1,815.4828,614.8115,833.6769,626.938
12.0465,1,759.9883,574.6211,796.8326,600.7795
12.05682,1,759.9883,574.6211,778.4105,587.7003
12.07044,1,759.9883,574.6211,769.1995,581.1607
12.08064,1,726.1118,551.5223,747.6556,566.3415
12.09052,1,726.1118,551.5223,736.8837,558.9319
12.10548,1,708.0235,537.2046,722.4536,548.0682
12.1144,1,708.0235,537.2046,715.2385,542.6364
12.12688,1,708.0235,537.2046,711.631,539.9205
12.13875,1,701.439,529.7029,706.535,534.8118
12.14826,1,701.439,529.7029,703.9871,532.2573
12.16241,1,756.7528,551.7329,730.3699,541.9951
12.17353,1,756.7528,551.7329,743.5614,546.864
12.18795,1,756.7528,551.7329,750.1571,549.2985
12.19891,1,880.6138,603.8042,815.3854,576.5513
12.20992,1,880.6138,603.8042,847.9996,590.1777
12.22383,1,1169.995,729.48,1008.997,659.8289
12.23849,1,1169.995,729.48,1089.496,694.6544
12.24434,1,1169.995,729.48,1129.745,712.0672
12.25508,1,1359.977,813.6796,1244.861,762.8734
12.27352,1,1359.977,813.6796,1302.419,788.2765
12.28816,1,1448.227,856.9171,1375.323,822.5968
12.29403,1,1448.227,856.9171,1411.775,839.757
12.30663,1,1448.227,856.9171,1430.001,848.337
12.31862,1,1488.52,873.4158,1459.26,860.8764
12.32835,1,1488.52,873.4158,1473.89,867.1461
12.34101,1,1488.52,873.4158,1481.205,870.2809
12.35423,1,1505.857,883.3404,1493.531,876.8107
12.36607,1,1505.857,883.3404,1499.694,880.0756
12.37764,1,1513.53,885.7948,1506.612,882.9352
12.39038,1,1513.53,885.7948,1510.071,884.365
12.40301,1,1516.9,889.5492,1513.486,886.9571
12.414,1,1516.9,889.5492,1515.193,888.2532
12.42666,1,1516.9,889.5492,1516.047,888.9012
12.43823,1,1519.349,891.5375,1517.698,890.2194
12.4481,1,1519.349,891.5375,1518.523,890.8784
12.46029,1,1519.349,891.5375,1518.936,891.208
12.47099,1,1520.436,890.801,1519.686,891.0045
12.48238,1,1520.436,890.801,1520.061,890.9027
12.49312,1,1520.436,890.801,1520.248,890.8518
12.50568,1,1519.6,892.8553,1519.924,891.8535
12.51755,1,1519.6,892.8553,1519.762,892.3544
12.52748,1,1518.765,896.2512,1519.264,894.3027
12.54101,1,1518.765,896.2512,1519.014,895.277
12.55172,1,1518.765,896.2512,1518.89,895.764
12.56699,1,1517.846,897.7582,1518.368,896.7611
12.57779,1,1517.846,897.7582,1518.107,897.2596
12.58857,1,1516.971,900.2851,1517.539,898.7723
12.60149,1,1516.971,900.2851,1517.255,899.5287
12.61146,1,1516.971,900.2851,1517.113,899.9069
12.62418,1,1515.382,899.3255,1516.247,899.6162
12.63583,1,1515.382,899.3255,1515.815,899.4708
12.65262,1,1513.869,899.9157,1514.842,899.6932
12.66233,1,1513.869,899.9157,1514.356,899.8044
12.67161,1,1513.869,899.9157,1514.113,899.8601
12.68613,1,1512.394,900.0282,1513.253,899.9442
12.69448,1,1512.394,900.0282,1512.824,899.9862
12.70724,1,1511.721,900.3462,1512.272,900.1662
12.71889,1,1511.721,900.3462,1511.996,900.2562
12.73067,1,1511.721,900.3462,1511.858,900.3012
12.74206,1,1510.954,900.5934,1511.406,900.4473
12.75367,1,1510.954,900.5934,1511.18,900.5203
12.76635,1,1510.198,900.7184,1510.689,900.6194
12.77773,1,1510.198,900.7184,1510.444,900.6689
12.78817,1,1510.198,900.7184,1510.321,900.6937
12.80063,1,1509.315,901.0827,1509.818,900.8882
12.80983,1,1509.315,901.0827,1509.567,900.9855
12.82317,1,1509.315,901.0827,1509.441,901.0341
12.83389,1,1508.504,901.1848,1508.973,901.1094
12.84593,1,1508.504,901.1848,1508.739,901.1471
12.85559,1,1508.504,901.1848,1508.621,901.1659
12.8682,1,1507.763,901.4486,1508.192,901.3073
12.87889,1,1507.763,901.4486,1507.978,901.3779
12.88954,1,1506.661,901.7484,1507.319,901.5631
12.90382,1,1506.661,901.7484,1506.99,901.6558
12.9141,1,1506.661,901.7484,1506.825,901.702
12.9265,1,1505.398,902.5974,1506.112,902.1497
12.93886,1,1505.398,902.5974,1505.755,902.3735
12.95043,1,1503.573,903.3133,1504.664,902.8434
12.96396,1,1503.573,903.3133,1504.119,903.0784
12.9742,1,1503.573,903.3133,1503.846,903.1958
12.98916,1,1501.832,903.5156,1502.839,903.3557
12.99909,1,1501.832,903.5156,1502.335,903.4357
13.01027,1,1499.964,903.3784,1501.15,903.407
13.02286,1,1499.964,903.3784,1500.557,903.3927
13.03357,1,1499.964,903.3784,1500.26,903.3856
13.04482,1,1498.052,903.2309,1499.156,903.3082
13.05595,1,1498.052,903.2309,1498.604,903.2695
13.06852,1,1495.807,903.4595,1497.206,903.3645
13.08044,1,1495.807,903.4595,1496.507,903.412
13.09148,1,1495.807,903.4595,1496.157,903.4358
13.10425,1,1493.97,904.1275,1495.063,903.7816
13.11826,1,1493.97,904.1275,1494.517,903.9546
13.12768,1,1493.97,904.1275,1494.243,904.041
13.14104,1,1491.871,904.807,1493.057,904.424
13.15129,1,1491.871,904.807,1492.464,904.6155
13.16281,1,1489.822,904.9628,1491.143,904.7892
13.17397,1,1489.822,904.9628,1490.483,904.876
13.18675,1,1489.822,904.9628,1490.152,904.9194
13.19881,1,1487.893,905.6688,1489.023,905.2941
13.20859,1,1487.893,905.6688,1488.458,905.4814
13.22309,1,1485.773,905.5679,1487.115,905.5247
13.23384,1,1485.773,905.5679,1486.444,905.5463
13.24484,1,1485.773,905.5679,1486.108,905.5571
13.25486,1,1483.622,906.4608,1484.865,906.009
13.26819,1,1483.622,906.4608,1484.244,906.2349
13.27881,1,1483.622,906.4608,1483.933,906.3478
13.28946,1,1481.411,907.9913,1482.672,907.1696
13.30383,1,1481.411,907.9913,1482.041,907.5804
13.31338,1,1478.923,909.11,1480.482,908.3452
13.32672,1,1478.923,909.11,1479.703,908.7276
13.33804,1,1478.923,909.11,1479.313,908.9188
13.34962,1,1476.744,910.3346,1478.028,909.6267
13.36139,1,1476.744,910.3346,1477.386,909.9807
13.37192,1,1474.545,911.6334,1475.966,910.807
13.38436,1,1474.545,911.6334,1475.255,911.2202
13.39442,1,1474.545,911.6334,1474.9,911.4268
13.40882,1,1472.476,914.4705,1473.688,912.9486
13.4209,1,1472.476,914.4705,1473.082,913.7095
13.43036,1,1470.544,918.4007,1471.813,916.0551
13.44353,1,1470.544,918.4007,1471.178,917.2279
13.45457,1,1470.544,918.4007,1470.861,917.8143
13.4675,1,1468.943,922.0226,1469.902,919.9185
13.47836,1,1468.943,922.0226,1469.422,920.9705
13.48698,1,1468.943,922.0226,1469.183,921.4966
13.49801,1,1467.258,924.6948,1468.22,923.0957
13.50949,1,1467.258,924.6948,1467.739,923.8953
13.52226,1,1465.546,927.6937,1466.643,925.7945
13.53431,1,1465.546,927.6937,1466.094,926.7441
13.54682,1,1465.546,927.6937,1465.82,927.2189
13.55945,1,1462.934,930.3245,1464.377,928.7717
13.56944,1,1462.934,930.3245,1463.656,929.5481
13.58139,1,1460.535,932.8358,1462.095,931.1919
13.59019,1,1460.535,932.8358,1461.315,932.0138
13.60382,1,1460.535,932.8358,1460.925,932.4248
13.61368,1,1459.247,934.494,1460.086,933.4594
13.62687,1,1459.247,934.494,1459.667,933.9767
13.63914,1,1459.247,934.494,1459.457,934.2354
13.65087,1,1457.263,935.8856,1458.36,935.0605
13.66229,1,1457.263,935.8856,1457.812,935.473
13.67352,1,1455.259,937.0121,1456.535,936.2426
13.68668,1,1455.259,937.0121,1455.897,936.6273
13.69703,1,1455.259,937.0121,1455.578,936.8197
13.70727,1,1453.636,938.957,1454.607,937.8883
13.7204,1,1453.636,938.957,1454.122,938.4226
13.73183,1,1453.636,938.957,1453.879,938.6898
13.74376,1,1451.901,940.8688,1452.89,939.7793
13.75433,1,1451.901,940.8688,1452.395,940.324
13.76825,1,1450.169,943.2445,1451.282,941.7843
13.7786,1,1450.169,943.2445,1450.726,942.5144
13.78756,1,1450.169,943.2445,1450.447,942.8795
13.79857,1,1447.923,945.5056,1449.185,944.1925
13.80905,1,1447.923,945.5056,1448.554,944.8491
13.82141,1,1447.923,945.5056,1448.239,945.1774
13.83093,1,1445.637,947.939,1446.938,946.5582
13.84483,1,1445.637,947.939,1446.288,947.2485
13.8555,1,1443.24,949.7441,1444.764,948.4963
13.86901,1,1443.24,949.7441,1444.001,949.1202
13.87961,1,1443.24,949.7441,1443.62,949.4321
13.89121,1,1441.32,951.4279,1442.47,950.43
13.90424,1,1441.32,951.4279,1441.895,950.929
13.91416,1,1439.563,952.8569,1440.729,951.8929
13.92704,1,1439.563,952.8569,1440.146,952.3749
13.9386,1,1439.563,952.8569,1439.855,952.6158
13.95327,1,1437.997,953.4241,1438.926,953.02
13.96329,1,1437.997,953.4241,1438.461,953.222
13.97385,1,1437.997,953.4241,1438.229,953.3231
13.98654,1,1436.652,954.1017,1437.441,953.7124
13.99726,1,1436.652,954.1017,1437.046,953.907
14.00765,1,1435.173,954.7926,1436.11,954.3499
14.02131,1,1435.173,954.7926,1435.641,954.5712
14.03058,1,1435.173,954.7926,1435.407,954.6819
14.04421,1,1433.738,955.8564,1434.573,955.2692
14.05513,1,1433.738,955.8564,1434.155,955.5627
14.06901,1,1432.442,957.8092,1433.299,956.686
14.08031,1,1432.442,957.8092,1432.871,957.2476
14.09016,1,1432.442,957.8092,1432.656,957.5284
14.10409,1,1430.718,959.4598,1431.687,958.4941
14.11321,1,1430.718,959.4598,1431.203,958.977
14.12432,1,1430.718,959.4598,1430.96,959.2184
14.1377,1,1429.174,961.4188,1430.067,960.3186
14.14696,1,1429.174,961.4188,1429.62,960.8687
14.1596,1,1427.583,962.7973,1428.602,961.833
14.17159,1,1427.583,962.7973,1428.092,962.3152
14.18462,1,1427.583,962.7973,1427.838,962.5563
14.19423,1,1425.7,963.0124,1426.769,962.7843
14.2088,1,1425.7,963.0124,1426.235,962.8983
14.22011,1,1423.863,963.8718,1425.049,963.385
14.2327,1,1423.863,963.8718,1424.456,963.6284
14.24328,1,1423.863,963.8718,1424.159,963.7501
14.25438,1,1421.832,964.5557,1422.995,964.1529
14.26758,1,1421.832,964.5557,1422.413,964.3542
14.27909,1,1419.655,965.436,1421.034,964.8951
14.28905,1,1419.655,965.436,1420.345,965.1656
14.30315,1,1419.655,965.436,1420,965.3008
14.31236,1,1417.27,966.587,1418.635,965.9439
14.32503,1,1417.27,966.587,1417.952,966.2655
14.3381,1,1415.005,967.673,1416.479,966.9692
14.34784,1,1415.005,967.673,1415.742,967.3212
14.36017,1,1415.005,967.673,1415.373,967.4971
14.37055,1,1412.328,969.0602,1413.851,968.2787
14.38276,1,1412.328,969.0602,1413.089,968.6694
14.39421,1,1412.328,969.0602,1412.708,968.8649
14.40665,1,1410.37,970.384,1411.539,969.6244
14.41983,1,1410.37,970.384,1410.954,970.0042
14.42988,1,1408.343,970.7217,1409.649,970.3629
14.44029,1,1408.343,970.7217,1408.996,970.5423
14.45238,1,1408.343,970.7217,1408.67,970.632
14.46466,1,1406.005,971.1038,1407.337,970.8679
14.47531,1,1406.005,971.1038,1406.671,970.9858
14.49142,1,1403.678,971.5262,1405.175,971.256
14.5026,1,1403.678,971.5262,1404.427,971.3911
14.51285,1,1403.678,971.5262,1404.052,971.4586
14.52556,1,1402.058,972.7341,1403.055,972.0963
14.53772,1,1402.058,972.7341,1402.556,972.4152
14.548,1,1400.458,974.1097,1401.507,973.2625
14.56081,1,1400.458,974.1097,1400.983,973.686
14.57105,1,1400.458,974.1097,1400.721,973.8978
14.58401,1,1398.874,974.9202,1399.797,974.409
14.59336,1,1398.874,974.9202,1399.336,974.6646
14.60575,1,1398.874,974.9202,1399.105,974.7924
14.61825,1,1397.308,975.1509,1398.206,974.9716
14.62659,1,1397.308,975.1509,1397.757,975.0613
14.63973,1,1395.892,975.4576,1396.825,975.2594
14.65076,1,1395.892,975.4576,1396.359,975.3585
14.66504,1,1395.892,975.4576,1396.125,975.4081
14.67451,1,1394.399,976.3068,1395.262,975.8574
14.68746,1,1394.399,976.3068,1394.831,976.0822
14.69787,1,1394.399,976.3068,1394.615,976.1945
14.70925,1,1392.91,978.4011,1393.763,977.2977
14.72655,1,1392.91,978.4011,1393.336,977.8494
14.73893,1,1390.77,980.8945,1392.053,979.3719
14.75255,1,1390.77,980.8945,1391.412,980.1332
14.76004,1,1388.847,983.6104,1390.129,981.8718
14.77038,1,1388.847,983.6104,1389.488,982.7411
14.78189,1,1388.847,983.6104,1389.167,983.1758
14.79246,1,1386.762,986.0873,1387.965,984.6315
14.80583,1,1386.762,986.0873,1387.363,985.3594
14.82025,1,1384.853,988.4345,1386.108,986.897
14.82998,1,1384.853,988.4345,1385.48,987.6658
14.84294,1,1384.853,988.4345,1385.166,988.0502
14.85519,1,1383.029,990.9799,1384.098,989.515
14.86826,1,1383.029,990.9799,1383.564,990.2474
14.87881,1,1383.029,990.9799,1383.297,990.6136
14.8893,1,1381.974,992.9197,1382.635,991.7667
14.90202,1,1381.974,992.9197,1382.304,992.3433
14.91233,1,1380.519,993.1178,1381.412,992.7305
14.92512,1,1380.519,993.1178,1380.965,992.9242
14.93525,1,1380.519,993.1178,1380.742,993.021
14.94744,1,1379.273,993.5677,1380.007,993.2944
14.96039,1,1379.273,993.5677,1379.64,993.431
14.97225,1,1378.521,993.6711,1379.081,993.5511
14.98546,1,1378.521,993.6711,1378.801,993.6111
14.99525,1,1378.521,993.6711,1378.661,993.6411
15.0076,1,1377.821,994.5608,1378.241,994.101
15.01902,1,1377.821,994.5608,1378.031,994.3309
15.02849,1,1377.821,994.5608,1377.927,994.4458
15.04093,1,1379.406,993.3472,1378.666,993.8965
15.05161,1,1379.406,993.3472,1379.036,993.6218
15.06407,1,1379.524,992.6121,1379.28,993.1169
15.07429,1,1379.524,992.6121,1379.402,992.8645
15.08681,1,1379.524,992.6121,1379.463,992.7383
15.09836,1,1338.182,989.2735,1358.823,991.0059
15.10899,1,1338.182,989.2735,1348.503,990.1396
15.12353,1,1161.84,977.1718,1255.171,983.6557
15.13364,1,1161.84,977.1718,1208.506,980.4137
15.14428,1,1161.84,977.1718,1185.173,978.7927
15.15695,1,968.0081,969.0036,1076.591,973.8982
15.16824,1,968.0081,969.0036,1022.299,971.4509
15.18069,1,968.0081,969.0036,995.1537,970.2273
15.19246,1,850.8694,961.8508,923.0116,966.0391
15.20517,1,850.8694,961.8508,886.9406,963.9449
15.21867,1,788.1571,959.7448,837.5488,961.8448
15.22725,1,788.1571,959.7448,812.853,960.7948
15.24027,1,788.1571,959.7448,800.505,960.2698
15.25151,1,754.127,957.1642,777.316,958.717
15.26432,1,754.127,957.1642,765.7214,957.9406
15.27397,1,733.5955,955.8312,749.6584,956.8859
15.28618,1,733.5955,955.8312,741.627,956.3585
15.29735,1,733.5955,955.8312,737.6112,956.0948
15.30806,1,726.538,946.3936,732.0746,951.2443
15.32222,1,726.538,946.3936,729.3063,948.819
15.33302,1,755.8868,862.6363,742.5966,905.7277
15.34696,1,755.8868,862.6363,749.2417,884.182
15.35846,1,755.8868,862.6363,752.5642,873.4092
15.36863,1,834.9622,668.9068,793.7632,771.158
15.37981,1,834.9622,668.9068,814.3627,720.0323
15.39074,1,834.9622,668.9068,824.6625,694.4696
15.4035,1,887.8196,544.8011,856.241,619.6354
15.41251,1,887.8196,544.8011,872.0303,582.2183
15.42471,1,916.4153,481.5617,894.2228,531.89
15.4369,1,916.4153,481.5617,905.3191,506.7259
15.44687,1,916.4153,481.5617,910.8672,494.1438
15.46243,1,934.0905,451.8034,922.4789,472.9736
15.47158,1,934.0905,451.8034,928.2847,462.3885
15.4861,1,939.9176,437.9743,934.1011,450.1814
15.4951,1,939.9176,437.9743,937.0094,444.0779
15.5081,1,939.9176,437.9743,938.4635,441.0261
15.52061,1,940.3494,432.4694,939.4065,436.7477
15.5291,1,940.3494,432.4694,939.8779,434.6086
15.54171,1,940.3494,432.4694,940.1136,433.5389
15.55348,1,965.3232,439.7855,952.7184,436.6622
15.56489,1,965.3232,439.7855,959.0209,438.2239
15.57549,1,1046.032,512.3898,1002.527,475.3068
15.58787,1,1046.032,512.3898,1024.28,493.8483
15.59888,1,1046.032,512.3898,1035.156,503.119
15.61007,1,1212.601,689.1773,1123.879,596.1482
15.62454,1,1212.601,689.1773,1168.24,642.6627
15.63605,1,1350.903,837.5141,1259.572,740.0884
15.64758,1,1350.903,837.5141,1305.237,788.8013
15.65862,1,1350.903,837.5141,1328.07,813.1577
15.67071,1,1421.396,914.1118,1374.733,863.6348
15.68191,1,1421.396,914.1118,1398.065,888.8733
15.69164,1,1421.396,914.1118,1409.731,901.4926
15.70561,1,1449.917,950.4503,1429.824,925.9714
15.71462,1,1449.917,950.4503,1439.871,938.2108
15.72767,1,1466.969,964.7754,1453.42,951.4931
15.74082,1,1466.969,964.7754,1460.194,958.1343
15.75231,1,1466.969,964.7754,1463.581,961.4548
15.76473,1,1472.042,973.6127,1467.812,967.5338
15.77536,1,1472.042,973.6127,1469.927,970.5732
15.78825,1,1485.13,998.5865,1477.529,984.5798
15.79867,1,1485.13,998.5865,1481.33,991.5831
15.8097,1,1485.13,998.5865,1483.23,995.0848
15.8222,1,1490.154,1013.613,1486.692,1004.349
15.83429,1,1490.154,1013.613,1488.423,1008.981
15.84648,1,1490.154,1013.613,1489.288,1011.297
15.85886,1,1488.703,1019.661,1488.995,1015.479
15.86846,1,1488.703,1019.661,1488.849,1017.57
15.88059,1,1488.3,1022.382,1488.575,1019.976
15.89009,1,1488.3,1022.382,1488.438,1021.179
15.9027,1,1488.3,1022.382,1488.369,1021.78
15.91283,1,1490.767,1023.095,1489.568,1022.438
15.92686,1,1490.767,1023.095,1490.168,1022.766
15.93911,1,1490.811,1021.883,1490.49,1022.325
15.95112,1,1490.811,1021.883,1490.65,1022.104
15.96265,1,1490.811,1021.883,1490.731,1021.993
15.97297,1,1490.887,1021.811,1490.809,1021.902
15.98675,1,1490.887,1021.811,1490.848,1021.856
15.99622,1,1490.887,1021.811,1490.867,1021.833
16.00854,1,1490.831,1019.329,1490.849,1020.581
16.02046,1,1490.831,1019.329,1490.84,1019.955
16.03,1,1490.891,1017.402,1490.866,1018.678
16.04319,1,1490.891,1017.402,1490.878,1018.04
16.05401,1,1490.891,1017.402,1490.885,1017.721
16.06718,1,1490.739,1016.136,1490.812,1016.929
16.07808,1,1490.739,1016.136,1490.775,1016.532
16.09084,1,1490.367,1015.445,1490.571,1015.989
16.1034,1,1490.367,1015.445,1490.469,1015.717
16.11434,1,1490.367,1015.445,1490.418,1015.581
16.12653,1,1490.251,1014.822,1490.334,1015.201
16.13822,1,1490.251,1014.822,1490.293,1015.012
16.1481,1,1490.251,1014.822,1490.272,1014.917
16.16212,1,1489.92,1014.473,1490.096,1014.695
16.17264,1,1489.92,1014.473,1490.008,1014.584
16.18527,1,1489.473,1014.202,1489.74,1014.393
16.19513,1,1489.473,1014.202,1489.607,1014.298
16.20827,1,1489.473,1014.202,1489.54,1014.25
16.21958,1,1489.126,1013.561,1489.333,1013.905
16.23039,1,1489.126,1013.561,1489.23,1013.733
16.24327,1,1488.861,1012.698,1489.045,1013.216
16.25421,1,1488.861,1012.698,1488.953,1012.957
16.26675,1,1488.861,1012.698,1488.907,1012.828
16.27683,1,1488.575,1011.503,1488.741,1012.165
16.28867,1,1488.575,1011.503,1488.658,1011.834
16.30224,1,1488.204,1010.613,1488.431,1011.224
16.31053,1,1488.204,1010.613,1488.317,1010.919
16.32333,1,1488.204,1010.613,1488.26,1010.766
16.33469,1,1466.209,962.7112,1477.235,986.7386
16.34828,1,1466.209,962.7112,1471.722,974.7249
16.36046,1,1408.379,797.619,1440.05,886.1719
16.37097,1,1408.379,797.619,1424.214,841.8955
16.38415,1,1408.379,797.619,1416.297,819.7573
16.39505,1,1361.52,660.0793,1388.908,739.9183
16.40463,1,1361.52,660.0793,1375.214,699.9988
16.41427,1,1361.52,660.0793,1368.367,680.0391
16.42756,1,1336.21,588.575,1352.289,634.307
16.43973,1,1336.21,588.575,1344.25,611.441
16.45252,1,1325.414,554.7693,1334.832,583.1052
16.46184,1,1325.414,554.7693,1330.123,568.9373
16.47351,1,1325.414,554.7693,1327.769,561.8533
16.48742,1,1317.619,540.1964,1322.694,551.0248
16.49707,1,1317.619,540.1964,1320.156,545.6106
16.50755,1,1317.619,540.1964,1318.888,542.9035
16.52024,1,1315.242,532.9332,1317.065,537.9183
16.52971,1,1315.242,532.9332,1316.153,535.4258
16.54191,1,1316.257,543.4474,1316.205,539.4366
16.55309,1,1316.257,543.4474,1316.231,541.442
16.56434,1,1316.257,543.4474,1316.244,542.4447
16.57557,1,1330.172,587.2715,1323.208,564.8581
16.58768,1,1330.172,587.2715,1326.689,576.0648
16.59898,1,1330.172,587.2715,1328.43,581.6682
16.60889,1,1355.22,676.048,1341.825,628.858
16.62242,1,1355.22,676.048,1348.523,652.453
16.63745,1,1387.598,787.7557,1368.06,720.1044
16.645,1,1387.598,787.7557,1377.829,753.9301
16.65857,1,1387.598,787.7557,1382.713,770.8429
16.66971,1,1410.666,863.9203,1396.69,817.3816
16.68095,1,1410.666,863.9203,1403.678,840.651
16.69175,1,1410.666,863.9203,1407.172,852.2856
16.70513,1,1423.798,906.3071,1415.485,879.2964
16.71439,1,1423.798,906.3071,1419.641,892.8018
16.72626,1,1429.928,927.8334,1424.785,910.3176
16.73923,1,1429.928,927.8334,1427.356,919.0754
16.75111,1,1429.928,927.8334,1428.642,923.4544
16.76652,1,1432.558,939.086,1430.6,931.2702
16.772,1,1432.558,939.086,1431.579,935.1781
16.78496,1,1433.687,943.9949,1432.633,939.5865
16.79391,1,1433.687,943.9949,1433.16,941.7908
16.80704,1,1433.687,943.9949,1433.423,942.8928
16.81966,1,1434.209,944.0828,1433.816,943.4878
16.83142,1,1434.209,944.0828,1434.012,943.7853
16.85166,1,1433.271,943.7575,1433.642,943.7714
16.85956,1,1433.271,943.7575,1433.456,943.7644
16.87207,1,1433.271,943.7575,1433.364,943.761
16.88429,1,1432.125,943.4792,1432.744,943.6201
16.89411,1,1432.125,943.4792,1432.435,943.5497
16.90487,1,1431.219,945.017,1431.827,944.2833
16.91463,1,1431.219,945.017,1431.523,944.6501
16.92764,1,1431.219,945.017,1431.371,944.8336
16.93986,1,1429.636,944.2842,1430.503,944.5589
16.95318,1,1429.636,944.2842,1430.07,944.4215
16.96526,1,1428.796,942.8689,1429.433,943.6452
16.97569,1,1428.796,942.8689,1429.115,943.2571
16.98864,1,1428.796,942.8689,1428.956,943.063
17.00108,1,1428.347,941.6585,1428.651,942.3607
17.01035,1,1428.347,941.6585,1428.499,942.0096
17.02282,1,1428.347,941.6585,1428.423,941.8341
17.03311,1,1427.886,940.6857,1428.155,941.2599
17.04429,1,1427.886,940.6857,1428.02,940.9728
17.05838,1,1423.968,940.2246,1425.994,940.5987
17.0694,1,1423.968,940.2246,1424.981,940.4116
17.08241,1,1423.968,940.2246,1424.474,940.3181
17.09315,1,1408.068,940.6508,1416.271,940.4845
17.10575,1,1408.068,940.6508,1412.169,940.5676
17.11774,1,1384.832,940.6121,1398.501,940.5898
17.12746,1,1384.832,940.6121,1391.667,940.601
17.14004,1,1384.832,940.6121,1388.25,940.6066
17.14786,1,1361.713,940.5389,1374.981,940.5728
17.16218,1,1361.713,940.5389,1368.347,940.5558
17.17239,1,1361.713,940.5389,1365.03,940.5474
17.18712,1,1341.334,939.5064,1353.182,940.0269
17.19496,1,1341.334,939.5064,1347.258,939.7666
17.20826,1,1261.379,949.3177,1304.319,944.5421
17.22168,1,1261.379,949.3177,1282.849,946.9299
17.23059,1,1261.379,949.3177,1272.114,948.1238
17.24478,1,1020.796,980.4766,1146.455,964.3002
17.25551,1,1020.796,980.4766,1083.626,972.3884
17.26819,1,776.894,1011.269,930.2599,991.8286
17.28006,1,776.894,1011.269,853.5769,1001.549
17.29033,1,776.894,1011.269,815.2355,1006.409
17.30348,1,652.4783,1025.716,733.8569,1016.062
17.31317,1,652.4783,1025.716,693.1676,1020.889
17.32535,1,652.4783,1025.716,672.8229,1023.302
17.33712,1,592.8057,1032.028,632.8143,1027.665
17.34649,1,592.8057,1032.028,612.8101,1029.847
17.35926,1,562.6122,1036.659,587.7111,1033.253
17.36997,1,562.6122,1036.659,575.1616,1034.956
17.38215,1,562.6122,1036.659,568.8869,1035.808
17.39311,1,550.5681,1035.837,559.7275,1035.822
17.40553,1,550.5681,1035.837,555.1478,1035.83
17.41693,1,550.5681,1035.837,552.8579,1035.833
17.42716,1,545.6567,1033.83,549.2573,1034.832
17.43937,1,545.6567,1033.83,547.457,1034.331
17.45048,1,578.3505,1030.218,562.9037,1032.275
17.46169,1,578.3505,1030.218,570.6271,1031.247
17.47076,1,578.3505,1030.218,574.4888,1030.732
17.48215,1,657.4044,1021.722,615.9465,1026.227
17.49323,1,657.4044,1021.722,636.6754,1023.975
17.50634,1,657.4044,1021.722,647.0399,1022.848
17.52144,1,923.2603,987.7856,785.1501,1005.317
17.53217,1,923.2603,987.7856,854.2052,996.5513
17.54182,1,1155.893,952.811,1005.049,974.6812
17.55148,1,1155.893,952.811,1080.471,963.7461
17.5636,1,1155.893,952.811,1118.182,958.2786
17.57345,1,1284.765,932.8152,1201.473,945.5469
17.58991,1,1284.765,932.8152,1243.119,939.181
17.59945,1,1346.658,921.7192,1294.889,930.4501
17.60935,1,1346.658,921.7192,1320.773,926.0847
17.62259,1,1346.658,921.7192,1333.716,923.902
17.63809,1,1377.167,916.2826,1355.441,920.0923
17.6498,1,1377.167,916.2826,1366.304,918.1874
17.66037,1,1388.632,913.0777,1377.468,915.6326
17.67038,1,1388.632,913.0777,1383.05,914.3551
17.68345,1,1388.632,913.0777,1385.841,913.7164
17.69451,1,1393.376,910.9521,1389.608,912.3343
17.70691,1,1393.376,910.9521,1391.492,911.6432
17.71977,1,1393.872,908.9048,1392.682,910.274
17.7307,1,1393.872,908.9048,1393.277,909.5894
17.74301,1,1393.872,908.9048,1393.574,909.2471
17.75419,1,1392.529,905.2705,1393.052,907.2588
17.76531,1,1392.529,905.2705,1392.79,906.2646
17.77566,1,1392.529,905.2705,1392.66,905.7676
17.79055,1,1390.807,900.6268,1391.733,903.1972
17.8025,1,1390.807,900.6268,1391.27,901.912
17.81137,1,1389.71,897.4041,1390.49,899.6581
17.82536,1,1389.71,897.4041,1390.1,898.5311
17.83573,1,1389.71,897.4041,1389.905,897.9677
17.8507,1,1388.561,895.0456,1389.233,896.5066
17.86139,1,1388.561,895.0456,1388.897,895.7761
17.8754,1,1388.184,892.801,1388.541,894.2886
17.88745,1,1388.184,892.801,1388.363,893.5448
17.89896,1,1388.184,892.801,1388.273,893.1729
17.90755,1,1386.967,891.8668,1387.62,892.5199
17.92232,1,1386.967,891.8668,1387.293,892.1934
17.9307,1,1386.967,891.8668,1387.13,892.0301
17.94567,1,1384.45,891.6823,1385.79,891.8562
17.96732,1,1382.802,891.1171,1384.296,891.4867
17.97539,1,1382.802,891.1171,1383.549,891.3019
17.98427,1,1382.802,891.1171,1383.175,891.2095
17.99433,1,1381.418,890.4915,1382.297,890.8505
18.00676,1,1381.418,890.4915,1381.858,890.671
18.01962,1,1381.418,890.4915,1381.638,890.5813
18.02885,1,1380.451,889.8723,1381.044,890.2268
18.0416,1,1380.451,889.8723,1380.748,890.0496
18.05354,1,1378.993,889.0406,1379.87,889.545
18.06489,1,1378.993,889.0406,1379.432,889.2928
18.07752,1,1378.993,889.0406,1379.212,889.1667
18.08848,1,1377.829,887.9372,1378.521,888.552
18.10591,1,1377.829,887.9372,1378.175,888.2446
18.11831,1,1376.302,885.8043,1377.238,887.0245
18.12441,1,1376.302,885.8043,1376.77,886.4144
18.13572,1,1376.302,885.8043,1376.536,886.1094
18.14755,1,1373.888,883.5476,1375.212,884.8285
18.16923,1,1373.888,883.5476,1374.55,884.188
18.17543,1,1371.842,881.2829,1373.196,882.7355
18.18752,1,1371.842,881.2829,1372.519,882.0092
18.19905,1,1371.842,881.2829,1372.18,881.646
18.2084,1,1369.733,878.8719,1370.957,880.259
18.22113,1,1369.733,878.8719,1370.345,879.5654
18.22994,1,1369.733,878.8719,1370.039,879.2187
18.2436,1,1367.144,876.7659,1368.591,877.9923
18.25556,1,1367.144,876.7659,1367.867,877.3791
18.2698,1,1365.168,874.7896,1366.518,876.0844
18.27887,1,1365.168,874.7896,1365.843,875.437
18.29043,1,1365.168,874.7896,1365.506,875.1133
18.30412,1,1362.968,872.5098,1364.237,873.8115
18.31312,1,1362.968,872.5098,1363.603,873.1606
18.32563,1,1361.547,870.249,1362.575,871.7048
18.33726,1,1361.547,870.249,1362.061,870.9769
18.3491,1,1361.547,870.249,1361.804,870.6129
18.36181,1,1360.575,869.3798,1361.189,869.9963
18.37229,1,1360.575,869.3798,1360.882,869.6881
18.3863,1,1360.089,868.4679,1360.486,869.078
18.3971,1,1360.089,868.4679,1360.287,868.7729
18.40745,1,1360.089,868.4679,1360.188,868.6204
18.42121,1,1360.22,867.5305,1360.204,868.0754
18.43,1,1360.22,867.5305,1360.212,867.803
18.4438,1,1360.22,867.5305,1360.216,867.6667
18.45436,1,1360.012,866.3953,1360.114,867.031
18.47006,1,1360.012,866.3953,1360.063,866.7131
18.47919,1,1332.151,863.4355,1346.107,865.0743
18.4903,1,1332.151,863.4355,1339.129,864.2549
18.50396,1,1172.821,845.3362,1255.975,854.7956
18.5131,1,1172.821,845.3362,1214.398,850.0659
18.52514,1,1172.821,845.3362,1193.61,847.701
18.53734,1,954.3004,822.5157,1073.955,835.1084
18.54758,1,954.3004,822.5157,1014.128,828.8121
18.55981,1,954.3004,822.5157,984.2141,825.6639
18.57033,1,817.1448,808.5089,900.6794,817.0864
18.58264,1,817.1448,808.5089,858.9121,812.7977
18.59436,1,817.1448,808.5089,838.0284,810.6533
18.60745,1,743.5125,801.0453,790.7705,805.8493
18.62005,1,743.5125,801.0453,767.1415,803.4473
18.62858,1,706.687,796.8635,736.9142,800.1554
18.6424,1,706.687,796.8635,721.8005,798.5095
18.65446,1,706.687,796.8635,714.2438,797.6865
18.66738,1,689.7634,797.8332,702.0035,797.7599
18.67544,1,689.7634,797.8332,695.8834,797.7965
18.68853,1,681.4022,794.9769,688.6428,796.3867
18.69911,1,681.4022,794.9769,685.0225,795.6818
18.70943,1,681.4022,794.9769,683.2123,795.3293
18.72274,1,715.2719,744.0089,699.2421,769.6691
18.73177,1,715.2719,744.0089,707.257,756.839
18.74447,1,715.2719,744.0089,711.2644,750.424
18.75789,1,821.2681,547.6328,766.2662,649.0283
18.76939,1,821.2681,547.6328,793.7672,598.3306
18.78099,1,909.9585,367.6394,851.8629,482.985
18.79106,1,909.9585,367.6394,880.9106,425.3122
18.80456,1,909.9585,367.6394,895.4346,396.4758
18.81421,1,949.4984,282.5301,922.4665,339.5029
18.82581,1,949.4984,282.5301,935.9824,311.0165
18.83688,1,949.4984,282.5301,942.7404,296.7733
18.84743,1,968.1269,242.9075,955.4337,269.8404
18.86043,1,968.1269,242.9075,961.7803,256.3739
18.8729,1,980.3705,221.2706,971.0754,238.8223
18.88599,1,980.3705,221.2706,975.7229,230.0464
18.89509,1,980.3705,221.2706,978.0467,225.6585
18.91096,1,1028.302,264.69,1003.175,245.1743
18.92174,1,1028.302,264.69,1015.739,254.9321
18.93371,1,1095.981,363.4922,1055.86,309.2122
18.94641,1,1095.981,363.4922,1075.92,336.3522
18.95798,1,1202.335,545.3871,1139.128,440.8697
18.96853,1,1202.335,545.3871,1170.731,493.1284
18.98015,1,1202.335,545.3871,1186.533,519.2578
18.98932,1,1291.455,690.2301,1238.994,604.744
19.00195,1,1291.455,690.2301,1265.224,647.4871
19.01251,1,1291.455,690.2301,1278.34,668.8586
19.02497,1,1337.964,765.9254,1308.152,717.392
19.0368,1,1337.964,765.9254,1323.058,741.6587
19.04751,1,1337.964,765.9254,1330.511,753.7921
19.0594,1,1360.872,801.7408,1345.691,777.7664
19.07011,1,1360.872,801.7408,1353.281,789.7536
19.08292,1,1369.478,819.1628,1361.38,804.4582
19.09126,1,1369.478,819.1628,1365.429,811.8105
19.11495,1,1379.809,832.488,1372.619,822.1492
19.12122,1,1379.809,832.488,1376.214,827.3186
19.1331,1,1379.809,832.488,1378.012,829.9033
19.14461,1,1383.793,837.4182,1380.902,833.6608
19.15566,1,1383.793,837.4182,1382.348,835.5395
19.16867,1,1383.793,837.4182,1383.07,836.4789
19.17954,1,1385.712,839.7353,1384.391,838.1071
19.19011,1,1385.712,839.7353,1385.052,838.9211
19.20273,1,1394.489,867.6269,1389.77,853.274
19.21272,1,1394.489,867.6269,1392.129,860.4504
19.22496,1,1394.489,867.6269,1393.309,864.0387
19.2369,1,1406.592,899.5345,1399.95,881.7866
19.24727,1,1406.592,899.5345,1403.271,890.6605
19.25924,1,1406.592,899.5345,1404.931,895.0975
19.27037,1,1414.434,918.0745,1409.683,906.5861
19.28468,1,1414.434,918.0745,1412.058,912.3303
19.29736,1,1419.642,926.8032,1415.85,919.5668
19.30534,1,1419.642,926.8032,1417.746,923.1849
19.31594,1,1419.642,926.8032,1418.694,924.994
19.32921,1,1422.205,932.3021,1420.449,928.6481
19.3404,1,1422.205,932.3021,1421.327,930.4751
19.3529,1,1423.231,939.2971,1422.279,934.8861
19.36499,1,1423.231,939.2971,1422.755,937.0916
19.37719,1,1423.231,939.2971,1422.993,938.1943
19.3903,1,1379.519,918.196,1401.256,928.1952
19.40227,1,1379.519,918.196,1390.387,923.1956
19.41144,1,1101.736,745.6682,1246.062,834.4319
19.42433,1,1101.736,745.6682,1173.899,790.05
19.4345,1,1101.736,745.6682,1137.817,767.8591
19.44784,1,624.2649,435.7484,881.041,601.8038
19.45877,1,624.2649,435.7484,752.653,518.7761
19.46945,1,624.2649,435.7484,688.4589,477.2622
19.48093,1,405.8565,284.378,547.1577,380.8201
19.49241,1,405.8565,284.378,476.5071,332.599
19.50518,1,333.5336,226.99,405.0203,279.7945
19.51767,1,333.5336,226.99,369.2769,253.3922
19.52814,1,333.5336,226.99,351.4053,240.1911
19.5411,1,306.6801,210.2628,329.0427,225.227
19.55285,1,306.6801,210.2628,317.8615,217.7449
19.56437,1,297.8582,207.1661,307.8598,212.4555
19.57508,1,297.8582,207.1661,302.859,209.8108
19.59039,1,297.8582,207.1661,300.3586,208.4884
19.6017,1,295.7924,203.2072,298.0755,205.8478
19.61061,1,295.7924,203.2072,296.934,204.5275
19.62472,1,406.1885,274.0378,351.5612,239.2827
19.6354,1,406.1885,274.0378,378.8748,256.6602
19.64637,1,406.1885,274.0378,392.5317,265.3491
19.65802,1,633.7749,439.2093,513.1533,352.2792
19.66947,1,633.7749,439.2093,573.4641,395.7442
19.68154,1,633.7749,439.2093,603.6195,417.4767
19.69153,1,1053.583,741.3777,828.6014,579.4272
19.70518,1,1053.583,741.3777,941.0923,660.4025
19.71361,1,1253.206,885.324,1097.149,772.8632
19.72649,1,1253.206,885.324,1175.178,829.0936
19.73843,1,1253.206,885.324,1214.192,857.2088
19.74763,1,1327.099,932.9728,1270.646,895.0908
19.76053,1,1327.099,932.9728,1298.872,914.0319
19.77133,1,1327.099,932.9728,1312.986,923.5023
19.78311,1,1352.957,953.0986,1332.971,938.3004
19.79421,1,1352.957,953.0986,1342.964,945.6995
19.8068,1,1366.619,959.9545,1354.792,952.827
19.82054,1,1366.619,959.9545,1360.705,956.3907
19.82931,1,1366.619,959.9545,1363.662,958.1726
19.84191,1,1371.824,965.0823,1367.743,961.6274
19.8534,1,1371.824,965.0823,1369.784,963.3549
19.8651,1,1423.216,985.2923,1396.5,974.3236
19.87716,1,1423.216,985.2923,1409.858,979.808
19.88909,1,1423.216,985.2923,1416.537,982.5502
19.90348,1,1459.675,1001.818,1438.106,992.1838
19.91124,1,1459.675,1001.818,1448.891,997.0007
19.92527,1,1479.87,1012.183,1464.38,1004.592
19.93771,1,1479.87,1012.183,1472.125,1008.388
19.9471,1,1479.87,1012.183,1475.998,1010.286
19.95999,1,1491.305,1018.97,1483.651,1014.628
19.97098,1,1491.305,1018.97,1487.478,1016.799
19.98238,1,1491.305,1018.97,1489.391,1017.884
19.99372,1,1497.527,1020.269,1493.459,1019.077
20.00771,1,1497.527,1020.269,1495.493,1019.673
20.01914,1,1500.632,1021.056,1498.063,1020.364
20.02849,1,1500.632,1021.056,1499.347,1020.71
20.04138,1,1500.632,1021.056,1499.99,1020.883
20.05294,1,1503.508,1021.664,1501.749,1021.273
20.06504,1,1503.508,1021.664,1502.629,1021.469
20.07742,1,1505.468,1022.619,1504.048,1022.044
20.08763,1,1505.468,1022.619,1504.758,1022.332
20.09921,1,1505.468,1022.619,1505.113,1022.475
20.10985,1,1506.209,1023.191,1505.661,1022.833
20.12231,1,1506.209,1023.191,1505.935,1023.012
20.13157,1,1506.209,1023.191,1506.072,1023.102
20.14512,1,1506.174,1023.973,1506.123,1023.537
20.15721,1,1506.174,1023.973,1506.149,1023.755
20.17,1,1505.574,1023.818,1505.861,1023.787
20.18176,1,1505.574,1023.818,1505.718,1023.802
20.19072,1,1505.574,1023.818,1505.646,1023.81
20.20327,1,1504.656,1023.122,1505.151,1023.466
20.21282,1,1504.656,1023.122,1504.903,1023.294
20.22572,1,1504.656,1023.122,1504.78,1023.208
20.23825,1,1504.002,1022.314,1504.391,1022.761
20.2464,1,1504.002,1022.314,1504.196,1022.537
20.25964,1,1500.41,1019.958,1502.303,1021.248
20.2703,1,1500.41,1019.958,1501.357,1020.603
20.28336,1,1500.41,1019.958,1500.884,1020.281
20.29296,1,1376.153,929.6013,1438.518,974.9409
20.30566,1,1376.153,929.6013,1407.335,952.2711
20.31489,1,1376.153,929.6013,1391.744,940.9362
20.32842,1,1091.828,705.9381,1241.786,823.4371
20.34011,1,1091.828,705.9381,1166.807,764.6876
20.3535,1,931.6887,571.1569,1049.248,667.9222
20.36361,1,931.6887,571.1569,990.4683,619.5396
20.3746,1,931.6887,571.1569,961.0785,595.3483
20.38806,1,860.3746,519.9532,910.7266,557.6508
20.40028,1,860.3746,519.9532,885.5506,538.802
20.40889,1,830.6501,500.458,858.1003,519.63
20.42042,1,830.6501,500.458,844.3752,510.044
20.43052,1,830.6501,500.458,837.5127,505.251
20.44384,1,820.1993,488.3497,828.856,496.8004
20.45489,1,820.1993,488.3497,824.5277,492.575
20.47014,1,812.728,481.7434,818.6278,487.1592
20.48334,1,812.728,481.7434,815.6779,484.4513
20.48929,1,812.728,481.7434,814.2029,483.0974
20.5042,1,873.9269,520.3856,844.0649,501.7415
20.51502,1,873.9269,520.3856,858.9958,511.0635
20.52624,1,873.9269,520.3856,866.4614,515.7245
20.53702,1,962.4914,573.416,914.4764,544.5703
20.54821,1,962.4914,573.416,938.4839,558.9932
20.56336,1,1181.534,712.6102,1060.009,635.8016
20.57395,1,1181.534,712.6102,1120.772,674.2059
20.58689,1,1181.534,712.6102,1151.153,693.4081
20.59719,1,1340.69,813.0972,1245.922,753.2526
20.60864,1,1340.69,813.0972,1293.306,783.1749
20.622,1,1422.824,868.8713,1358.065,826.0231
20.6289,1,1422.824,868.8713,1390.445,847.4471
20.64159,1,1422.824,868.8713,1406.634,858.1592
20.65296,1,1461.036,893.4636,1433.835,875.8114
20.66474,1,1461.036,893.4636,1447.435,884.6375
20.67533,1,1461.036,893.4636,1454.235,889.0505
20.68818,1,1477.202,903.8846,1465.719,896.4676
20.69791,1,1477.202,903.8846,1471.46,900.1761
20.70981,1,1477.202,903.8846,1474.331,902.0304
20.72204,1,1484.994,909.9204,1479.662,905.9754
20.73116,1,1484.994,909.9204,1482.328,907.9479
20.74539,1,1487.25,913.5621,1484.789,910.755
20.75699,1,1487.25,913.5621,1486.019,912.1586
20.76778,1,1487.25,913.5621,1486.635,912.8604
20.7796,1,1486.071,915.3027,1486.353,914.0815
20.79004,1,1486.071,915.3027,1486.212,914.6921
20.80473,1,1485.094,915.5456,1485.653,915.1189
20.81443,1,1485.094,915.5456,1485.373,915.3323
20.82535,1,1485.094,915.5456,1485.233,915.439
20.83741,1,1473.774,921.0837,1479.503,918.2614
20.84726,1,1473.774,921.0837,1476.639,919.6725
20.85942,1,1473.774,921.0837,1475.206,920.3781
20.87063,1,1464.64,925.9469,1469.923,923.1625
20.88275,1,1464.64,925.9469,1467.281,924.5547
20.89402,1,1458.711,931.408,1462.996,927.9813
20.90706,1,1458.711,931.408,1460.854,929.6946
20.91821,1,1458.711,931.408,1459.782,930.5513
20.9285,1,1454.274,936.2777,1457.028,933.4145
20.94012,1,1454.274,936.2777,1455.651,934.8461
20.95123,1,1454.274,936.2777,1454.963,935.5619
20.96377,1,1450.352,939.2839,1452.658,937.4229
20.97369,1,1450.352,939.2839,1451.505,938.3534
20.98609,1,1446.487,940.6243,1448.996,939.4889
20.99743,1,1446.487,940.6243,1447.741,940.0566
21.00742,1,1446.487,940.6243,1447.114,940.3405
21.01995,1,1443.638,941.7635,1445.376,941.052
21.03193,1,1443.638,941.7635,1444.507,941.4077
21.04431,1,1440.125,942.5199,1442.316,941.9638
21.05414,1,1440.125,942.5199,1441.22,942.2418
21.06641,1,1440.125,942.5199,1440.673,942.3809
21.07849,1,1431.596,921.3211,1436.134,931.851
21.08885,1,1431.596,921.3211,1433.865,926.5861
21.10258,1,1431.596,921.3211,1432.73,923.9536
21.11221,1,1349.89,629.824,1391.31,776.8888
21.12472,1,1349.89,629.824,1370.6,703.3564
21.13535,1,1269.646,346.8161,1320.123,525.0862
21.14887,1,1269.646,346.8161,1294.885,435.9512
21.16065,1,1269.646,346.8161,1282.266,391.3836
21.17229,1,1235.823,226.1911,1259.044,308.7874
21.18544,1,1235.823,226.1911,1247.434,267.4892
21.19527,1,1223.267,185.5301,1235.35,226.5097
21.20758,1,1223.267,185.5301,1229.309,206.0199
21.21927,1,1223.267,185.5301,1226.288,195.775
21.22899,1,1214.553,166.9036,1220.42,181.3393
21.24146,1,1214.553,166.9036,1217.487,174.1215
21.25187,1,1214.553,166.9036,1216.02,170.5126
21.26395,1,1215.499,159.611,1215.759,165.0618
21.27436,1,1215.499,159.611,1215.629,162.3364
21.2885,1,1245.624,158.4061,1230.627,160.3712
21.29997,1,1245.624,158.4061,1238.125,159.3886
21.3107,1,1245.624,158.4061,1241.875,158.8973
21.32351,1,1269.231,158.6265,1255.553,158.7619
21.33401,1,1269.231,158.6265,1262.392,158.6942
21.34611,1,1282.391,157.8804,1272.392,158.2873
21.3548,1,1282.391,157.8804,1277.392,158.0839
21.36916,1,1282.391,157.8804,1279.891,157.9821
21.37891,1,1290.844,159.5307,1285.368,158.7564
21.38864,1,1290.844,159.5307,1288.106,159.1436
21.40133,1,1290.844,159.5307,1289.475,159.3372
21.41133,1,1294.719,161.3674,1292.097,160.3523
21.42476,1,1294.719,161.3674,1293.408,160.8598
21.43995,1,1308.031,178.6302,1300.719,169.745
21.45052,1,1308.031,178.6302,1304.375,174.1876
21.46235,1,1308.031,178.6302,1306.203,176.4089
21.47438,1,1333.048,305.2579,1319.625,240.8334
21.48739,1,1333.048,305.2579,1326.337,273.0457
21.4983,1,1372.161,625.2206,1349.249,449.1331
21.50873,1,1372.161,625.2206,1360.705,537.1769
21.52162,1,1372.161,625.2206,1366.433,581.1987
21.53411,1,1392.976,811.5737,1379.704,696.3862
21.54772,1,1392.976,811.5737,1386.34,753.98
21.55516,1,1392.976,811.5737,1389.658,782.7769
21.5693,1,1400.158,887.8601,1394.908,835.3185
21.58023,1,1400.158,887.8601,1397.533,861.5893
21.59046,1,1400.746,911.9328,1399.14,886.761
21.60478,1,1400.746,911.9328,1399.943,899.3469
21.61331,1,1400.746,911.9328,1400.345,905.6399
21.62753,1,1399.546,923.2189,1399.946,914.4294
21.64025,1,1399.546,923.2189,1399.746,918.8241
21.65188,1,1399.961,926.1537,1399.854,922.4889
21.66545,1,1399.961,926.1537,1399.907,924.3213
21.67849,1,1400.397,924.6771,1400.152,924.4991
21.68696,1,1400.397,924.6771,1400.274,924.5881
21.69565,1,1400.397,924.6771,1400.336,924.6326
21.70974,1,1397.56,924.5664,1398.948,924.5995
21.72157,1,1397.56,924.5664,1398.254,924.5829
21.73176,1,1397.56,924.5664,1397.907,924.5747
21.74419,1,1393.579,926.0914,1395.743,925.3331
21.75503,1,1393.579,926.0914,1394.661,925.7123
21.77075,1,1393.084,924.5063,1393.873,925.1093
21.77978,1,1393.084,924.5063,1393.478,924.8079
21.79103,1,1393.084,924.5063,1393.281,924.6571
21.80476,1,1391.459,922.9424,1392.37,923.7998
21.81811,1,1391.459,922.9424,1391.914,923.3711
21.82737,1,1391.459,922.9424,1391.687,923.1567
21.8416,1,1389.723,921.952,1390.705,922.5543
21.85445,1,1389.723,921.952,1390.214,922.2532
21.86638,1,1387.012,921.6464,1388.613,921.9498
21.87761,1,1387.012,921.6464,1387.813,921.7981
21.88964,1,1385.313,921.4357,1386.563,921.6169
21.90273,1,1385.313,921.4357,1385.938,921.5262
21.91257,1,1385.313,921.4357,1385.625,921.481
21.92289,1,1384.231,921.3435,1384.928,921.4122
21.93463,1,1384.231,921.3435,1384.58,921.3779
21.94718,1,1384.231,921.3435,1384.405,921.3607
21.95907,1,1383.206,920.738,1383.806,921.0494
21.96938,1,1383.206,920.738,1383.506,920.8937
21.98124,1,1382.446,920.2388,1382.976,920.5663
21.99254,1,1382.446,920.2388,1382.711,920.4026
22.00529,1,1382.446,920.2388,1382.579,920.3207
22.01816,1,1381.128,919.6786,1381.854,919.9996
22.02648,1,1381.128,919.6786,1381.491,919.8391
22.03993,1,1380.134,918.6792,1380.813,919.2592
22.05079,1,1380.134,918.6792,1380.474,918.9692
22.06332,1,1380.134,918.6792,1380.304,918.8242
22.07417,1,1378.958,917.7535,1379.631,918.2889
22.0864,1,1378.958,917.7535,1379.295,918.0212
22.09711,1,1378.958,917.7535,1379.126,917.8874
22.10777,1,1377.389,916.5919,1378.258,917.2396
22.12058,1,1377.389,916.5919,1377.824,916.9158
22.13113,1,1375.839,915.215,1376.832,916.0654
22.14351,1,1375.839,915.215,1376.335,915.6401
22.15382,1,1375.839,915.215,1376.087,915.4276
22.16767,1,1373.647,913.1882,1374.867,914.3079
22.17737,1,1373.647,913.1882,1374.257,913.748
22.18834,1,1373.647,913.1882,1373.952,913.4681
22.20267,1,1371.688,911.1928,1372.82,912.3304
22.21222,1,1371.688,911.1928,1372.254,911.7616
22.22423,1,1369.337,909.9294,1370.795,910.8455
22.23506,1,1369.337,909.9294,1370.066,910.3875
22.24733,1,1369.337,909.9294,1369.701,910.1584
22.25992,1,1367.515,907.5063,1368.608,908.8324
22.27073,1,1367.515,907.5063,1368.062,908.1694
22.28412,1,1364.824,903.9858,1366.443,906.0776
22.29441,1,1364.824,903.9858,1365.634,905.0317
22.30718,1,1364.824,903.9858,1365.229,904.5087
22.3193,1,1361.424,900.1177,1363.326,902.3132
22.3283,1,1361.424,900.1177,1362.375,901.2155
22.34194,1,1357.641,896.2302,1360.008,898.7228
22.35316,1,1357.641,896.2302,1358.824,897.4764
22.36458,1,1357.641,896.2302,1358.233,896.8533
22.37864,1,1354.407,892.6335,1356.32,894.7434
22.38922,1,1354.407,892.6335,1355.364,893.6885
22.40257,1,1351.033,889.9539,1353.198,891.8212
22.41258,1,1351.033,889.9539,1352.116,890.8876
22.42616,1,1351.033,889.9539,1351.574,890.4208
22.43842,1,1347.661,887.9255,1349.618,889.1732
22.44816,1,1347.661,887.9255,1348.639,888.5493
22.46182,1,1347.661,887.9255,1348.15,888.2374
22.47206,1,1345.11,886.7766,1346.63,887.507
22.48516,1,1345.11,886.7766,1345.87,887.1417
22.49379,1,1342.646,885.9844,1344.258,886.563
22.50687,1,1342.646,885.9844,1343.452,886.2737
22.52014,1,1342.646,885.9844,1343.049,886.129
22.52996,1,1340.595,885.0447,1341.822,885.5869
22.54262,1,1340.595,885.0447,1341.208,885.3158
22.55289,1,1338.736,883.9944,1339.972,884.6551
22.56437,1,1338.736,883.9944,1339.354,884.3247
22.5771,1,1338.736,883.9944,1339.045,884.1595
22.58772,1,1337.021,882.6683,1338.033,883.4139
22.60128,1,1337.021,882.6683,1337.527,883.0411
22.61086,1,1337.021,882.6683,1337.274,882.8547
22.62395,1,1335.362,881.3208,1336.318,882.0878
22.63684,1,1335.362,881.3208,1335.84,881.7043
22.64721,1,1333.461,879.3519,1334.651,880.5281
22.66032,1,1333.461,879.3519,1334.056,879.9399
22.67083,1,1333.461,879.3519,1333.759,879.6459
22.68269,1,1331.104,876.5319,1332.431,878.0889
22.69207,1,1331.104,876.5319,1331.768,877.3104
22.70463,1,1328.563,874.0363,1330.165,875.6733
22.71415,1,1328.563,874.0363,1329.364,874.8548
22.72672,1,1328.563,874.0363,1328.963,874.4456
22.7426,1,1326.576,872.6872,1327.77,873.5664
22.75465,1,1326.576,872.6872,1327.173,873.1268
22.76836,1,1324.719,871.7191,1325.946,872.423
22.77476,1,1324.719,871.7191,1325.333,872.071
22.7866,1,1324.719,871.7191,1325.026,871.8951
22.79904,1,1323.47,870.9066,1324.248,871.4009
22.80961,1,1323.47,870.9066,1323.859,871.1537
22.82324,1,1323.47,870.9066,1323.664,871.0302
22.83436,1,1322.244,870.2289,1322.954,870.6295
22.84708,1,1322.244,870.2289,1322.599,870.4292
22.85855,1,1321.171,869.2666,1321.885,869.8479
22.86956,1,1321.171,869.2666,1321.528,869.5573
22.88198,1,1321.171,869.2666,1321.349,869.4119
22.89043,1,1320.304,867.499,1320.827,868.4554
22.90418,1,1320.304,867.499,1320.565,867.9772
22.91238,1,1320.304,867.499,1320.435,867.7382
22.92571,1,1319.31,866.2766,1319.872,867.0073
22.93543,1,1319.31,866.2766,1319.591,866.642
22.94829,1,1317.807,865.178,1318.699,865.91
22.96108,1,1317.807,865.178,1318.253,865.5439
22.97197,1,1317.807,865.178,1318.03,865.361
22.98472,1,1316.638,863.752,1317.334,864.5565
22.99457,1,1316.638,863.752,1316.986,864.1542
23.0077,1,1315.304,862.2543,1316.145,863.2042
23.01928,1,1315.304,862.2543,1315.724,862.7292
23.02901,1,1315.304,862.2543,1315.514,862.4918
23.04215,1,1314.463,860.6135,1314.988,861.5527
23.05297,1,1314.463,860.6135,1314.725,861.0831
23.06549,1,1314.463,860.6135,1314.594,860.8483
23.07698,1,1280.365,852.1443,1297.479,856.4963
23.08897,1,1280.365,852.1443,1288.922,854.3203
23.10108,1,1125.793,821.6344,1207.357,837.9774
23.11067,1,1125.793,821.6344,1166.575,829.8059
23.12436,1,1125.793,821.6344,1146.184,825.7202
23.13734,1,917.2817,786.6859,1031.733,806.203
23.14726,1,917.2817,786.6859,974.5072,796.4445
23.15951,1,787.6237,767.0143,881.0654,781.7294
23.17135,1,787.6237,767.0143,834.3446,774.3718
23.18509,1,787.6237,767.0143,810.9841,770.6931
23.19263,1,721.1605,755.5046,766.0723,763.0989
23.20601,1,721.1605,755.5046,743.6163,759.3018
23.21771,1,721.1605,755.5046,732.3884,757.4032
23.22695,1,686.3456,750.0465,709.367,753.7249
23.23921,1,686.3456,750.0465,697.8563,751.8857
23.25089,1,669.7136,747.0096,683.785,749.4476
23.26264,1,669.7136,747.0096,676.7493,748.2286
23.27236,1,669.7136,747.0096,673.2314,747.6191
23.28615,1,665.0289,741.7617,669.1301,744.6904
23.29569,1,665.0289,741.7617,667.0795,743.2261
23.31136,1,712.0441,679.2452,689.5618,711.2356
23.32291,1,712.0441,679.2452,700.803,695.2404
23.33554,1,712.0441,679.2452,706.4236,687.2428
23.34678,1,850.7117,520.9376,778.5676,604.0902
23.35877,1,850.7117,520.9376,814.6396,562.5139
23.37026,1,949.9103,409.8979,882.275,486.2059
23.38236,1,949.9103,409.8979,916.0927,448.0519
23.39205,1,949.9103,409.8979,933.0015,428.9749
23.40465,1,1003.844,348.2882,968.423,388.6316
23.41411,1,1003.844,348.2882,986.1337,368.4599
23.42861,1,1003.844,348.2882,994.9891,358.3741
23.44021,1,1031.316,320.0717,1013.153,339.2229
23.4508,1,1031.316,320.0717,1022.234,329.6473
23.46324,1,1044.936,306.1858,1033.585,317.9165
23.47408,1,1044.936,306.1858,1039.26,312.0511
23.48672,1,1044.936,306.1858,1042.098,309.1185
23.4983,1,1051.073,296.3966,1046.586,302.7575
23.51918,1,1048.003,303.5854,1047.294,303.1714
23.52492,1,1048.003,303.5854,1047.648,303.3784
23.53571,1,1048.003,303.5854,1047.826,303.4819
23.55032,1,1030.995,332.9565,1039.41,318.2192
23.55997,1,1030.995,332.9565,1035.202,325.5878
23.57116,1,1030.995,332.9565,1033.098,329.2722
23.58596,1,950.7402,451.4533,991.9193,390.3627
23.5969,1,950.7402,451.4533,971.3298,420.908
23.60749,1,950.7402,451.4533,961.035,436.1807
23.62063,1,834.7273,628.2811,897.8812,532.2309
23.62997,1,834.7273,628.2811,866.3042,580.256
23.64102,1,764.1853,735.6879,815.2448,657.9719
23.65218,1,764.1853,735.6879,789.715,696.83
23.66357,1,764.1853,735.6879,776.9502,716.2589
23.67416,1,729.1579,789.6022,753.0541,752.9305
23.68809,1,729.1579,789.6022,741.106,771.2664
23.69754,1,729.1579,789.6022,735.132,780.4343
23.70995,1,713.675,813.9013,724.4034,797.1678
23.72468,1,713.675,813.9013,719.0392,805.5345
23.73704,1,705.2949,824.3074,712.1671,814.921
23.74734,1,705.2949,824.3074,708.731,819.6141
23.7598,1,705.2949,824.3074,707.0129,821.9608
23.77175,1,701.4127,830.3646,704.2128,826.1627
23.78427,1,701.4127,830.3646,702.8127,828.2637
23.79413,1,699.2604,832.1975,701.0366,830.2306
23.80683,1,699.2604,832.1975,700.1486,831.2141
23.81903,1,699.2604,832.1975,699.7045,831.7058
23.82816,1,698.9529,833.5313,699.3287,832.6185
23.8389,1,698.9529,833.5313,699.1409,833.075
23.85034,1,698.9529,833.5313,699.0469,833.3031
23.86307,1,725.9753,802.0867,712.5111,817.6949
23.87333,1,725.9753,802.0867,719.2432,809.8907
23.88651,1,790.5696,721.6218,754.9064,765.7562
23.89539,1,790.5696,721.6218,772.738,743.689
23.9081,1,790.5696,721.6218,781.6538,732.6554
23.92115,1,895.4859,587.0646,838.5698,659.86
23.93173,1,895.4859,587.0646,867.0278,623.4623
23.94496,1,967.6202,494.4528,917.324,558.9575
23.95757,1,967.6202,494.4528,942.472,526.7051
23.9691,1,967.6202,494.4528,955.0461,510.5789
23.98129,1,1007.36,446.8571,981.2031,478.718
23.9929,1,1007.36,446.8571,994.2815,462.7876
24.00556,1,1025.918,425.9849,1010.1,444.3862
24.01447,1,1025.918,425.9849,1018.009,435.1856
24.02693,1,1025.918,425.9849,1021.964,430.5853
24.04006,1,1093.112,519.8527,1057.538,475.219
24.05136,1,1093.112,519.8527,1075.325,497.5359
24.06384,1,1167.769,635.1083,1121.547,566.3221
24.07338,1,1167.769,635.1083,1144.658,600.7152
24.08658,1,1167.769,635.1083,1156.214,617.9117
24.09745,1,1238.835,741.4727,1197.524,679.6922
24.10788,1,1238.835,741.4727,1218.18,710.5824
24.12056,1,1238.835,741.4727,1228.507,726.0275
24.13239,1,1285.068,812.7482,1256.788,769.3879
24.14474,1,1285.068,812.7482,1270.928,791.0681
24.16104,1,1310.407,855.6122,1290.667,823.3401
24.17133,1,1310.407,855.6122,1300.537,839.4761
24.18412,1,1326.766,877.2043,1313.651,858.3402
24.19438,1,1326.766,877.2043,1320.209,867.7723
24.20597,1,1326.766,877.2043,1323.487,872.4883
24.21807,1,1338.96,892.2458,1331.224,882.3671
24.2278,1,1338.96,892.2458,1335.092,887.3065
24.24113,1,1338.96,892.2458,1337.026,889.7761
24.25128,1,1384.959,916.7527,1360.993,903.2644
24.26248,1,1384.959,916.7527,1372.976,910.0085
24.27274,1,1384.959,916.7527,1378.968,913.3806
24.28578,1,1422.844,936.7217,1400.906,925.0511
24.29561,1,1422.844,936.7217,1411.875,930.8865
24.30849,1,1446.1,948.1268,1428.987,939.5067
24.33314,1,1446.1,948.1268,1437.544,943.8168
24.34155,1,1457.3,956.5992,1447.422,950.208
24.34833,1,1457.3,956.5992,1452.361,953.4036
24.35827,1,1457.3,956.5992,1454.83,955.0015
24.36964,1,1463.76,958.7482,1459.295,956.8749
24.38091,1,1463.76,958.7482,1461.528,957.8115
24.3921,1,1463.76,958.7482,1462.644,958.2799
24.40594,1,1467.413,958.4092,1465.028,958.3445
24.41857,1,1467.413,958.4092,1466.221,958.3768
24.42925,1,1469.724,959.3375,1467.972,958.8572
24.44305,1,1469.724,959.3375,1468.848,959.0973
24.45296,1,1469.724,959.3375,1469.286,959.2174
24.46731,1,1470.428,960.4099,1469.857,959.8137
24.47453,1,1470.428,960.4099,1470.143,960.1118
24.48796,1,1469.865,959.9473,1470.004,960.0295
24.49856,1,1469.865,959.9473,1469.934,959.9884
24.50969,1,1469.865,959.9473,1469.9,959.9678
24.52279,1,1469.749,959.2196,1469.824,959.5938
24.53412,1,1469.749,959.2196,1469.786,959.4067
24.54719,1,1469.358,958.8732,1469.572,959.1399
24.55788,1,1469.358,958.8732,1469.465,959.0065
24.57108,1,1469.358,958.8732,1469.411,958.9398
24.58423,1,1469.525,958.1895,1469.468,958.5647
24.59346,1,1469.525,958.1895,1469.497,958.3771
24.60573,1,1469.525,958.1895,1469.511,958.2833
24.61815,1,1469.71,958.8993,1469.61,958.5913
24.62791,1,1469.71,958.8993,1469.66,958.7453
24.64082,1,1470.447,958.8344,1470.054,958.7898
24.65146,1,1470.447,958.8344,1470.25,958.8121
24.66512,1,1470.447,958.8344,1470.349,958.8232
24.67359,1,1470.503,958.7808,1470.426,958.802
24.68657,1,1470.503,958.7808,1470.465,958.7914
24.69568,1,1470.503,958.7808,1470.484,958.7861
24.70877,1,1470.982,958.9045,1470.733,958.8453
24.72141,1,1470.982,958.9045,1470.858,958.8749
24.73084,1,1471.736,959.551,1471.297,959.213
24.74371,1,1471.736,959.551,1471.516,959.382
24.75533,1,1471.736,959.551,1471.626,959.4664
24.76899,1,1472.068,960.0096,1471.847,959.738
24.77885,1,1472.068,960.0096,1471.958,959.8738
24.79019,1,1472.075,959.7469,1472.016,959.8104
24.80365,1,1472.075,959.7469,1472.045,959.7787
24.81323,1,1472.075,959.7469,1472.06,959.7628
24.82675,1,1471.819,959.4886,1471.939,959.6257
24.83796,1,1471.819,959.4886,1471.879,959.5571
24.84979,1,1471.632,959.1988,1471.755,959.3779
24.86107,1,1471.632,959.1988,1471.694,959.2883
24.87288,1,1471.632,959.1988,1471.663,959.2435
24.88486,1,1471.597,958.8255,1471.63,959.0345
24.89378,1,1471.597,958.8255,1471.614,958.9301
24.90741,1,1471.597,958.8255,1471.605,958.8778
24.92079,1,1471.457,958.2982,1471.531,958.588
24.93181,1,1471.457,958.2982,1471.494,958.4431
24.94527,1,1471.233,958.151,1471.363,958.2971
24.957,1,1471.233,958.151,1471.298,958.224
24.96796,1,1471.233,958.151,1471.266,958.1875
24.9802,1,1471.362,957.4358,1471.314,957.8116
24.98914,1,1471.362,957.4358,1471.338,957.6237
25.00364,1,1471.511,956.5476,1471.425,957.0857
25.01314,1,1471.511,956.5476,1471.468,956.8167
25.02514,1,1471.511,956.5476,1471.49,956.6821
25.03746,1,1471.38,955.6999,1471.435,956.191
25.04745,1,1471.38,955.6999,1471.408,955.9454
25.06015,1,1470.9,954.6336,1471.154,955.2896
25.07143,1,1470.9,954.6336,1471.027,954.9615
25.08431,1,1470.9,954.6336,1470.964,954.7976
25.09252,1,1470.807,954.3486,1470.885,954.5731
25.10464,1,1470.807,954.3486,1470.846,954.4608
25.11562,1,1470.807,954.3486,1470.826,954.4047
25.1282,1,1470.192,953.78,1470.509,954.0923
25.14018,1,1470.192,953.78,1470.351,953.9362
25.15104,1,1469.703,952.7018,1470.027,953.319
25.16402,1,1469.703,952.7018,1469.865,953.0104
25.17386,1,1469.703,952.7018,1469.784,952.8561
25.18664,1,1468.734,951.7099,1469.259,952.283
25.19773,1,1468.734,951.7099,1468.997,951.9965
25.20735,1,1468.734,951.7099,1468.866,951.8531
25.22061,1,1467.522,950.424,1468.194,951.1385
25.23084,1,1467.522,950.424,1467.858,950.7813
25.24455,1,1466.217,949.189,1467.038,949.9851
25.25462,1,1466.217,949.189,1466.627,949.587
25.26787,1,1466.217,949.189,1466.422,949.388
25.27955,1,1464.989,947.9671,1465.706,948.6776
25.29025,1,1464.989,947.9671,1465.347,948.3223
25.30322,1,1463.515,947.171,1464.431,947.7466
25.31364,1,1463.515,947.171,1463.973,947.4588
25.32668,1,1463.515,947.171,1463.744,947.3149
25.3383,1,1462.382,946.4445,1463.063,946.8797
25.34979,1,1462.382,946.4445,1462.723,946.6621
25.36239,1,1462.382,946.4445,1462.553,946.5533
25.37207,1,1461.448,945.7653,1462.001,946.1593
25.38526,1,1461.448,945.7653,1461.725,945.9623
25.39479,1,1460.397,944.7429,1461.061,945.3526
25.40737,1,1460.397,944.7429,1460.729,945.0477
25.419,1,1460.397,944.7429,1460.563,944.8953
25.42976,1,1459.368,943.5464,1459.965,944.2208
25.44353,1,1459.368,943.5464,1459.667,943.8836
25.45397,1,1458.425,942.8109,1459.046,943.3473
25.46485,1,1458.425,942.8109,1458.735,943.0791
25.47517,1,1458.425,942.8109,1458.58,942.945
25.48833,1,1457.304,942.0182,1457.942,942.4816
25.50305,1,1457.304,942.0182,1457.623,942.2499
25.51055,1,1457.304,942.0182,1457.463,942.134
25.52401,1,1456.053,941.2235,1456.758,941.6788
25.53513,1,1456.053,941.2235,1456.406,941.4512
25.54673,1,1454.059,940.215,1455.232,940.8331
25.5591,1,1454.059,940.215,1454.646,940.524
25.57038,1,1454.059,940.215,1454.352,940.3695
25.58671,1,1452.373,938.9247,1453.363,939.6471
25.59429,1,1452.373,938.9247,1452.868,939.2859
25.60718,1,1450.747,937.5311,1451.807,938.4085
25.61895,1,1450.747,937.5311,1451.277,937.9698
25.6292,1,1450.747,937.5311,1451.012,937.7505
25.64207,1,1449.448,935.9501,1450.23,936.8503
25.65344,1,1449.448,935.9501,1449.839,936.4001
25.66546,1,1448.144,934.2219,1448.991,935.311
25.67715,1,1448.144,934.2219,1448.567,934.7665
25.68796,1,1448.144,934.2219,1448.355,934.4942
25.70202,1,1446.64,933.3162,1447.498,933.9052
25.71105,1,1446.64,933.3162,1447.069,933.6107
25.72229,1,1446.64,933.3162,1446.855,933.4634
25.73394,1,1445.009,932.9389,1445.932,933.2012
25.74537,1,1445.009,932.9389,1445.47,933.0701
25.75566,1,1443.678,931.9456,1444.574,932.5078
25.76851,1,1443.678,931.9456,1444.126,932.2267
25.77923,1,1443.678,931.9456,1443.902,932.0862
25.79024,1,1442.181,930.6633,1443.041,931.3748
25.80309,1,1442.181,930.6633,1442.611,931.019
25.81383,1,1442.181,930.6633,1442.396,930.8412
25.82665,1,1440.22,928.7985,1441.308,929.8198
25.83969,1,1440.22,928.7985,1440.764,929.3091
25.85069,1,1438.069,927.4971,1439.417,928.4031
25.86197,1,1438.069,927.4971,1438.743,927.9501
25.87185,1,1438.069,927.4971,1438.406,927.7236
25.8849,1,1435.724,925.8033,1437.065,926.7635
25.89398,1,1435.724,925.8033,1436.395,926.2834
25.90576,1,1435.724,925.8033,1436.059,926.0434
25.91966,1,1433.015,924.5128,1434.537,925.2781
25.92729,1,1433.015,924.5128,1433.776,924.8954
25.94222,1,1430.568,923.327,1432.172,924.1112
25.95332,1,1430.568,923.327,1431.37,923.7191
25.96555,1,1430.568,923.327,1430.969,923.5231
25.97763,1,1428.673,921.9419,1429.821,922.7325
25.98802,1,1428.673,921.9419,1429.247,922.3372
26.00221,1,1426.967,920.5393,1428.107,921.4382
26.0114,1,1426.967,920.5393,1427.537,920.9888
26.02426,1,1426.967,920.5393,1427.252,920.764
26.03527,1,1425.015,918.219,1426.133,919.4915
26.04729,1,1425.015,918.219,1425.574,918.8552
26.05739,1,1423.632,916.304,1424.603,917.5796
26.0683,1,1423.632,916.304,1424.117,916.9418
26.08008,1,1423.632,916.304,1423.875,916.6229
26.09435,1,1422.613,915.3873,1423.244,916.0051
26.10822,1,1422.613,915.3873,1422.928,915.6962
26.12007,1,1420.975,913.9387,1421.952,914.8174
26.12918,1,1420.975,913.9387,1421.464,914.3781
26.14142,1,1420.975,913.9387,1421.219,914.1583
26.15289,1,1419.227,912.342,1420.223,913.2502
26.16628,1,1419.227,912.342,1419.725,912.7961
26.17709,1,1419.227,912.342,1419.476,912.5691
26.18751,1,1417.522,910.1956,1418.499,911.3823
26.20018,1,1417.522,910.1956,1418.01,910.7889
26.20925,1,1415.178,908.4742,1416.594,909.6316
26.22331,1,1415.178,908.4742,1415.886,909.0529
26.23508,1,1415.178,908.4742,1415.532,908.7635
26.24663,1,1413.543,906.8611,1414.538,907.8123
26.25534,1,1413.543,906.8611,1414.041,907.3367
26.26824,1,1413.543,906.8611,1413.792,907.0989
26.27849,1,1411.847,904.481,1412.819,905.7899
26.29025,1,1411.847,904.481,1412.333,905.1354
26.30388,1,1410.78,901.9939,1411.557,903.5647
26.31317,1,1410.78,901.9939,1411.168,902.7793
26.32648,1,1410.78,901.9939,1410.974,902.3866
26.33874,1,1408.591,900.3465,1409.783,901.3666
26.35455,1,1408.591,900.3465,1409.187,900.8566
26.36571,1,1407.242,899.3577,1408.214,900.1072
26.37443,1,1407.242,899.3577,1407.728,899.7324
26.38767,1,1407.242,899.3577,1407.485,899.545
26.39875,1,1406.189,898.7482,1406.837,899.1466
26.40998,1,1406.189,898.7482,1406.513,898.9474
26.42327,1,1405.251,897.3323,1405.882,898.1398
26.4343,1,1405.251,897.3323,1405.566,897.7361
26.44893,1,1405.251,897.3323,1405.408,897.5342
26.4598,1,1403.758,895.5756,1404.583,896.5549
26.47339,1,1403.758,895.5756,1404.171,896.0653
26.48681,1,1401.942,894.1273,1403.056,895.0963
26.49671,1,1401.942,894.1273,1402.499,894.6118
26.50712,1,1401.942,894.1273,1402.22,894.3696
26.52083,1,1399.972,892.4525,1401.096,893.411
26.53096,1,1399.972,892.4525,1400.534,892.9318
26.54447,1,1398.342,890.2023,1399.438,891.567
26.5581,1,1398.342,890.2023,1398.89,890.8846
26.56811,1,1398.342,890.2023,1398.616,890.5435
26.58034,1,1396.667,887.4926,1397.642,889.0181
26.58911,1,1396.667,887.4926,1397.154,888.2554
26.60168,1,1395.093,883.7515,1396.124,886.0034
26.61084,1,1395.093,883.7515,1395.608,884.8774
26.62361,1,1395.093,883.7515,1395.35,884.3145
26.63904,1,1393.699,879.597,1394.525,881.9557
26.64611,1,1393.699,879.597,1394.112,880.7764
26.65879,1,1393.699,879.597,1393.905,880.1867
26.67087,1,1391.448,876.3958,1392.677,878.2913
26.6813,1,1391.448,876.3958,1392.062,877.3435
26.69182,1,1389.131,874.524,1390.596,875.9337
26.70626,1,1389.131,874.524,1389.864,875.2289
26.71949,1,1389.131,874.524,1389.497,874.8765
26.72905,1,1386.859,873.7556,1388.178,874.316
26.74197,1,1386.859,873.7556,1387.519,874.0358
26.75218,1,1385.46,872.1001,1386.489,873.0679
26.76369,1,1385.46,872.1001,1385.975,872.584
26.77535,1,1385.46,872.1001,1385.717,872.342
26.78781,1,1384.096,870.8533,1384.907,871.5977
26.79855,1,1384.096,870.8533,1384.502,871.2255
26.80856,1,1384.096,870.8533,1384.299,871.0394
26.82123,1,1382.745,869.241,1383.522,870.1402
26.83101,1,1382.745,869.241,1383.134,869.6906
26.84327,1,1381.352,867.2756,1382.243,868.4831
26.8537,1,1381.352,867.2756,1381.798,867.8794
26.86596,1,1381.352,867.2756,1381.575,867.5775
26.87847,1,1379.768,865.4512,1380.671,866.5143
26.88934,1,1379.768,865.4512,1380.22,865.9828
26.90369,1,1378.054,864.2345,1379.137,865.1086
26.91262,1,1378.054,864.2345,1378.595,864.6716
26.9262,1,1378.054,864.2345,1378.325,864.453
26.93873,1,1376.719,862.858,1377.522,863.6555
26.94769,1,1376.719,862.858,1377.12,863.2567
26.96084,1,1376.719,862.858,1376.919,863.0574
26.97213,1,1313.985,861.8204,1345.452,862.4389
26.98629,1,1313.985,861.8204,1329.719,862.1296
26.99394,1,1029.622,863.1835,1179.67,862.6566
27.00694,1,1029.622,863.1835,1104.646,862.92
27.02188,1,1029.622,863.1835,1067.134,863.0518
27.04097,1,769.9064,862.3125,918.5204,862.6821
27.04638,1,769.9064,862.3125,844.2134,862.4973
27.05799,1,630.0713,863.2842,737.1423,862.8907
27.06984,1,630.0713,863.2842,683.6068,863.0875
27.08509,1,565.44,863.7756,624.5234,863.4315
27.10013,1,565.44,863.7756,594.9817,863.6036
27.10605,1,565.44,863.7756,580.2108,863.6896
27.11867,1,536.8209,862.8157,558.5159,863.2526
27.12809,1,536.8209,862.8157,547.6684,863.0342
27.14134,1,536.8209,862.8157,542.2446,862.9249
27.15307,1,520.9808,863.7512,531.6127,863.3381
27.16534,1,520.9808,863.7512,526.2968,863.5447
27.17769,1,515.1654,862.0168,520.7311,862.7808
27.18953,1,515.1654,862.0168,517.9482,862.3988
27.20475,1,515.1654,862.0168,516.5568,862.2078
27.21028,1,510.6783,860.0625,513.6176,861.1351
27.22465,1,510.6783,860.0625,512.1479,860.5988
27.23545,1,566.4674,855.9869,539.3077,858.2928
27.24952,1,566.4674,855.9869,552.8876,857.1399
27.26283,1,566.4674,855.9869,559.6775,856.5634
27.27209,1,693.8826,851.029,626.78,853.7961
27.28175,1,693.8826,851.029,660.3313,852.4126
27.29327,1,693.8826,851.029,677.1069,851.7208
27.30569,1,972.3099,839.0687,824.7084,845.3948
27.31877,1,972.3099,839.0687,898.5092,842.2317
27.32807,1,1167.765,828.0186,1033.137,835.1251
27.34039,1,1167.765,828.0186,1100.451,831.5719
27.35083,1,1167.765,828.0186,1134.108,829.7953
27.3623,1,1268.188,822.5139,1201.148,826.1545
27.37282,1,1268.188,822.5139,1234.668,824.3342
27.38589,1,1268.188,822.5139,1251.428,823.4241
27.39499,1,1317.852,820.4653,1284.64,821.9447
27.40858,1,1317.852,820.4653,1301.246,821.205
27.42084,1,1339.486,819.4921,1320.366,820.3485
27.42978,1,1339.486,819.4921,1329.926,819.9203
27.44512,1,1339.486,819.4921,1334.706,819.7062
27.45997,1,1349.612,818.443,1342.159,819.0746
27.46918,1,1349.612,818.443,1345.886,818.7588
27.48028,1,1355.005,818.7828,1350.446,818.7708
27.49133,1,1355.005,818.7828,1352.725,818.7767
27.50481,1,1355.005,818.7828,1353.865,818.7798
27.51457,1,1356.268,818.9114,1355.067,818.8456
27.52676,1,1356.268,818.9114,1355.667,818.8785
27.53839,1,1357.285,816.9465,1356.476,817.9125
27.54785,1,1357.285,816.9465,1356.881,817.4295
27.55985,1,1357.285,816.9465,1357.083,817.188
27.57384,1,1358.035,814.1467,1357.559,815.6674
27.58891,1,1358.035,814.1467,1357.797,814.907
27.59564,1,1358.035,814.1467,1357.916,814.5269
27.60827,1,1357.592,813.6652,1357.754,814.096
27.6213,1,1357.592,813.6652,1357.673,813.8806
27.63062,1,1357.186,813.1722,1357.429,813.5264
27.64357,1,1357.186,813.1722,1357.307,813.3492
27.65466,1,1357.186,813.1722,1357.247,813.2607
27.66677,1,1356.838,812.0506,1357.042,812.6556
27.68016,1,1356.838,812.0506,1356.94,812.3531
27.69118,1,1356.405,811.2882,1356.673,811.8207
27.70734,1,1356.405,811.2882,1356.539,811.5544
27.72051,1,1355.553,810.6261,1356.046,811.0903
27.72639,1,1355.553,810.6261,1355.799,810.8582
27.7392,1,1355.553,810.6261,1355.676,810.7421
27.74817,1,1355.553,810.6261,1355.614,810.6841
27.76005,1,1354.661,810.2089,1355.138,810.4465
27.77091,1,1354.661,810.2089,1354.899,810.3276
27.78409,1,1353.67,809.0341,1354.284,809.6808
27.79409,1,1353.67,809.0341,1353.977,809.3574
27.80704,1,1353.67,809.0341,1353.823,809.1957
27.81891,1,1352.54,808.1192,1353.181,808.6575
27.82974,1,1352.54,808.1192,1352.86,808.3883
27.8428,1,1351.453,806.9391,1352.157,807.6637
27.85352,1,1351.453,806.9391,1351.805,807.3014
27.86501,1,1351.453,806.9391,1351.629,807.1202
27.8761,1,1350.48,805.5775,1351.054,806.3489
27.88818,1,1350.48,805.5775,1350.767,805.9631
27.90291,1,1349.252,804.1566,1350.01,805.0599
27.91078,1,1349.252,804.1566,1349.631,804.6083
27.92391,1,1349.252,804.1566,1349.442,804.3824
27.93545,1,1347.872,803.0269,1348.657,803.7047
27.94692,1,1347.872,803.0269,1348.264,803.3657
27.96037,1,1346.748,801.5045,1347.506,802.4351
27.97485,1,1346.748,801.5045,1347.127,801.9697
27.98135,1,1346.748,801.5045,1346.938,801.7371
27.99259,1,1353.306,804.7075,1350.122,803.2223
28.005,1,1353.306,804.7075,1351.714,803.9649
28.01448,1,1353.306,804.7075,1352.51,804.3362
28.02744,1,1369.5,814.2737,1361.005,809.3049
28.03921,1,1369.5,814.2737,1365.253,811.7893
28.05075,1,1369.5,814.2737,1367.377,813.0315
28.06436,1,1393.505,828.2419,1380.441,820.6367
28.07433,1,1393.505,828.2419,1386.973,824.4393
28.08718,1,1415.396,840.3215,1401.184,832.3804
28.09942,1,1415.396,840.3215,1408.29,836.351
28.11082,1,1415.396,840.3215,1411.843,838.3362
28.12311,1,1434.258,850.8461,1423.05,844.5912
28.13511,1,1434.258,850.8461,1428.654,847.7186
28.14823,1,1448.362,858.4723,1438.508,853.0955
28.16025,1,1448.362,858.4723,1443.435,855.7839
28.17134,1,1457.804,862.4409,1450.619,859.1124
28.18443,1,1457.804,862.4409,1454.212,860.7766
28.19403,1,1457.804,862.4409,1456.008,861.6088
28.20794,1,1439.419,867.0428,1447.714,864.3258
28.21949,1,1439.419,867.0428,1443.566,865.6843
28.22978,1,1439.419,867.0428,1441.493,866.3636
28.241,1,1339.698,872.4078,1390.596,869.3857
28.25169,1,1339.698,872.4078,1365.147,870.8967
28.26359,1,1084.608,875.9349,1224.877,873.4158
28.27446,1,1084.608,875.9349,1154.743,874.6754
28.2889,1,1084.608,875.9349,1119.675,875.3052
28.29954,1,925.5986,814.0854,1022.637,844.6953
28.31039,1,925.5986,814.0854,974.1178,829.3904
28.32396,1,744.7476,880.8609,859.4327,855.1256
28.33568,1,744.7476,880.8609,802.0901,867.9933
28.34855,1,744.7476,880.8609,773.4188,874.4271
28.35951,1,677.6449,883.4799,725.5319,878.9535
28.3706,1,677.6449,883.4799,701.5884,881.2167
28.38226,1,677.6449,883.4799,689.6166,882.3483
28.39415,1,639.2885,882.5532,664.4525,882.4507
28.40629,1,639.2885,882.5532,651.8705,882.502
28.41495,1,622.9607,883.8674,637.4156,883.1847
28.42903,1,622.9607,883.8674,630.1881,883.526
28.44017,1,622.9607,883.8674,626.5744,883.6967
28.44932,1,660.9238,884.4922,643.7491,884.0944
28.46283,1,660.9238,884.4922,652.3364,884.2933
28.47333,1,660.9238,884.4922,656.6301,884.3928
28.48569,1,742.5732,882.0184,699.6017,883.2056
28.49458,1,742.5732,882.0184,721.0874,882.612
28.50769,1,956.9513,881.4511,839.0193,882.0316
28.52065,1,956.9513,881.4511,897.9854,881.7413
28.52991,1,956.9513,881.4511,927.4683,881.5962
28.54239,1,1177.372,880.5943,1052.42,881.0952
28.55375,1,1177.372,880.5943,1114.896,880.8447
28.56584,1,1309.311,879.0657,1212.104,879.9552
28.57508,1,1309.311,879.0657,1260.708,879.5105
28.58828,1,1309.311,879.0657,1285.01,879.2881
28.60269,1,1377.735,879.2866,1331.373,879.2874
28.61048,1,1377.735,879.2866,1354.554,879.287
28.62319,1,1377.735,879.2866,1366.145,879.2867
28.63336,1,1414.244,879.0306,1390.194,879.1587
28.64501,1,1414.244,879.0306,1402.219,879.0946
28.65573,1,1434.414,882.5292,1418.317,880.8119
28.66959,1,1434.414,882.5292,1426.365,881.6705
28.67993,1,1434.414,882.5292,1430.39,882.0999
28.6915,1,1451.221,886.4803,1440.805,884.2901
28.70446,1,1451.221,886.4803,1446.013,885.3853
28.71721,1,1483.224,901.4467,1464.619,893.416
28.72613,1,1483.224,901.4467,1473.922,897.4313
28.73889,1,1483.224,901.4467,1478.573,899.439
28.7497,1,1506.471,911.423,1492.522,905.431
28.76256,1,1506.471,911.423,1499.496,908.427
28.77228,1,1506.471,911.423,1502.984,909.925
28.78559,1,1519.391,917.2342,1511.187,913.5796
28.79775,1,1519.391,917.2342,1515.289,915.4069
28.80625,1,1527.032,921.863,1521.161,918.6349
28.81901,1,1527.032,921.863,1524.096,920.249
28.82818,1,1527.032,921.863,1525.564,921.056
28.84039,1,1532.446,925.1439,1529.005,923.1
28.85264,1,1532.446,925.1439,1530.726,924.1219
28.86469,1,1532.446,925.1439,1531.586,924.6329
28.87642,1,1535.623,925.8293,1533.605,925.2311
28.88779,1,1535.623,925.8293,1534.614,925.5303
28.89849,1,1536.765,926.675,1535.689,926.1027
28.90923,1,1536.765,926.675,1536.227,926.3889
28.92235,1,1536.765,926.675,1536.496,926.532
28.93119,1,1538.568,926.8675,1537.532,926.6997
28.94587,1,1538.568,926.8675,1538.05,926.7836
28.9573,1,1540.11,926.8177,1539.08,926.8007
28.96995,1,1540.11,926.8177,1539.595,926.8092
28.98101,1,1540.11,926.8177,1539.853,926.8135
28.99168,1,1540.737,927.4119,1540.295,927.1127
29.00451,1,1540.737,927.4119,1540.516,927.2623
29.01353,1,1540.737,927.4119,1540.627,927.337
29.02659,1,1540.41,927.0738,1540.518,927.2054
29.03927,1,1540.41,927.0738,1540.464,927.1396
29.05027,1,1540.14,926.7932,1540.302,926.9664
29.06349,1,1540.14,926.7932,1540.221,926.8798
29.07442,1,1540.14,926.7932,1540.18,926.8364
29.08777,1,1540.524,926.5775,1540.352,926.7069
29.0983,1,1540.524,926.5775,1540.438,926.6422
29.11014,1,1540.416,926.2964,1540.427,926.4694
29.12343,1,1540.416,926.2964,1540.422,926.3829
29.13739,1,1540.416,926.2964,1540.419,926.3397
29.14507,1,1540.732,925.5032,1540.575,925.9214
29.15859,1,1540.732,925.5032,1540.654,925.7123
29.17025,1,1540.636,925.279,1540.645,925.4956
29.18105,1,1540.636,925.279,1540.64,925.3873
29.19204,1,1540.636,925.279,1540.638,925.3331
29.2055,1,1543.567,929.8459,1542.103,927.5895
29.21534,1,1543.567,929.8459,1542.835,928.7177
29.22943,1,1548.576,939.2476,1545.705,933.9827
29.24051,1,1548.576,939.2476,1547.141,936.6151
29.25241,1,1548.576,939.2476,1547.858,937.9314
29.26549,1,1554.843,949.5484,1551.351,943.7399
29.27709,1,1554.843,949.5484,1553.097,946.6442
29.2884,1,1554.843,949.5484,1553.97,948.0963
29.30513,1,1560.098,959.8431,1557.034,953.9697
29.31306,1,1560.098,959.8431,1558.566,956.9064
29.32555,1,1565.247,966.8344,1561.907,961.8704
29.33765,1,1565.247,966.8344,1563.577,964.3524
29.34751,1,1565.247,966.8344,1564.412,965.5934
29.36091,1,1570.023,973.4907,1567.218,969.542
29.37103,1,1570.023,973.4907,1568.621,971.5164
29.38725,1,1573.202,978.6826,1570.911,975.0995
29.39461,1,1573.202,978.6826,1572.057,976.891
29.40864,1,1573.202,978.6826,1572.629,977.7867
29.42028,1,1575.256,983.1149,1573.943,980.4508
29.42925,1,1575.256,983.1149,1574.6,981.7828
29.44306,1,1577.188,988.1165,1575.894,984.9496
29.45335,1,1577.188,988.1165,1576.541,986.5331
29.46479,1,1577.188,988.1165,1576.864,987.3248
29.48485,1,1579.115,991.9665,1577.99,989.6456
29.49042,1,1579.115,991.9665,1578.552,990.806
29.50322,1,1587.204,994.6837,1582.878,992.7449
29.5137,1,1587.204,994.6837,1585.041,993.7142
29.52624,1,1587.204,994.6837,1586.123,994.199
29.53758,1,1594.311,998.1844,1590.217,996.1917
29.54797,1,1594.311,998.1844,1592.264,997.188
29.56186,1,1599.14,1000.741,1595.702,998.9645
29.57158,1,1599.14,1000.741,1597.421,999.8528
29.5844,1,1599.14,1000.741,1598.281,1000.297
29.59501,1,1603.399,1003.016,1600.84,1001.656
29.60838,1,1603.399,1003.016,1602.119,1002.336
29.62039,1,1603.399,1003.016,1602.759,1002.676
29.63137,1,1605.987,1004.892,1604.373,1003.784
29.64356,1,1605.987,1004.892,1605.18,1004.338
29.6549,1,1607.588,1006.453,1606.384,1005.395
29.66808,1,1607.588,1006.453,1606.986,1005.924
29.69008,1,1609.382,1008.557,1608.184,1007.241
29.69746,1,1609.382,1008.557,1608.783,1007.899
29.70353,1,1609.382,1008.557,1609.083,1008.228
29.71416,1,1611.512,1010.237,1610.297,1009.232
29.72646,1,1611.512,1010.237,1610.905,1009.734
29.73809,1,1611.512,1010.237,1611.208,1009.986
29.75105,1,1612.984,1010.715,1612.096,1010.35
29.76081,1,1612.984,1010.715,1612.54,1010.533
29.77248,1,1612.984,1010.715,1612.762,1010.624
29.78452,1,1613.958,1011.239,1613.36,1010.932
29.79421,1,1613.958,1011.239,1613.659,1011.085
29.80837,1,1614.81,1011.638,1614.234,1011.362
29.82046,1,1614.81,1011.638,1614.522,1011.5
29.82953,1,1614.81,1011.638,1614.666,1011.569
29.84461,1,1615.944,1011.672,1615.305,1011.621
29.85495,1,1615.944,1011.672,1615.625,1011.647
29.8677,1,1616.594,1011.405,1616.109,1011.526
29.88079,1,1616.594,1011.405,1616.352,1011.465
29.88811,1,1616.594,1011.405,1616.473,1011.435
29.89907,1,1618.005,1011.112,1617.239,1011.274
29.91129,1,1618.005,1011.112,1617.622,1011.193
29.93379,1,1619.026,1010.538,1618.324,1010.865
29.94007,1,1619.026,1010.538,1618.675,1010.702
29.95148,1,1619.026,1010.538,1618.851,1010.62
29.96409,1,1619.968,1010.031,1619.409,1010.325
29.97354,1,1619.968,1010.031,1619.689,1010.178
29.98799,1,1620.802,1009.272,1620.246,1009.725
29.99816,1,1620.802,1009.272,1620.524,1009.499
30.00867,1,1620.802,1009.272,1620.663,1009.385
30.02163,1,1623.908,1006.831,1622.286,1008.108
30.03317,1,1623.908,1006.831,1623.097,1007.47
30.04513,1,1628.557,1004.018,1625.827,1005.744
30.05827,1,1628.557,1004.018,1627.192,1004.881
30.06992,1,1628.557,1004.018,1627.875,1004.449
30.0829,1,1633.547,1001.309,1630.711,1002.879
30.09213,1,1633.547,1001.309,1632.129,1002.094
30.10493,1,1638.092,997.8883,1635.111,999.9912
30.11774,1,1638.092,997.8883,1636.601,998.9398
30.12689,1,1638.092,997.8883,1637.347,998.4141
30.14083,1,1642.306,994.0276,1639.826,996.2208
30.15209,1,1642.306,994.0276,1641.066,995.1242
30.16399,1,1642.306,994.0276,1641.686,994.5759
30.17523,1,1647.406,990.3255,1644.546,992.4507
30.18807,1,1647.406,990.3255,1645.976,991.3881
30.2007,1,1651.197,987.8317,1648.586,989.6099
30.20988,1,1651.197,987.8317,1649.892,988.7208
30.2225,1,1651.197,987.8317,1650.545,988.2762
30.23527,1,1653.998,984.4486,1652.271,986.3624
30.24739,1,1653.998,984.4486,1653.135,985.4055
30.25958,1,1657.262,981.546,1655.198,983.4758
30.27033,1,1657.262,981.546,1656.23,982.5109
30.28338,1,1657.262,981.546,1656.746,982.0284
30.29274,1,1659.874,978.7898,1658.31,980.4091
30.30645,1,1659.874,978.7898,1659.092,979.5995
30.31792,1,1662.01,974.8585,1660.551,977.229
30.32658,1,1662.01,974.8585,1661.281,976.0437
30.33772,1,1662.01,974.8585,1661.646,975.451
30.34724,1,1663.625,971.9814,1662.635,973.7162
30.35946,1,1663.625,971.9814,1663.13,972.8489
30.37145,1,1663.625,971.9814,1663.378,972.4152
30.38271,1,1665.007,969.5966,1664.193,971.0059
30.39289,1,1665.007,969.5966,1664.6,970.3012
30.40619,1,1665.007,969.5966,1664.803,969.9489
30.41796,1,1666.698,967.0685,1665.75,968.5087
30.42768,1,1666.698,967.0685,1666.224,967.7886
30.44209,1,1668.856,964.9657,1667.54,966.3771
30.45526,1,1668.856,964.9657,1668.198,965.6714
30.46797,1,1670.833,962.7206,1669.515,964.196
30.47853,1,1670.833,962.7206,1670.174,963.4583
30.48885,1,1670.833,962.7206,1670.503,963.0894
30.50249,1,1672.568,960.7626,1671.536,961.926
30.51187,1,1672.568,960.7626,1672.052,961.3444
30.52464,1,1672.568,960.7626,1672.31,961.0535
30.53757,1,1674.465,959.0673,1673.387,960.0604
30.54746,1,1674.465,959.0673,1673.926,959.5638
30.55982,1,1676.12,957.7448,1675.023,958.6543
30.57103,1,1676.12,957.7448,1675.571,958.1995
30.58351,1,1676.12,957.7448,1675.845,957.9722
30.5922,1,1678.008,955.4632,1676.927,956.7177
30.60689,1,1678.008,955.4632,1677.468,956.0905
30.62877,1,1680.391,953.4255,1678.929,954.758
30.63467,1,1680.391,953.4255,1679.66,954.0918
30.64364,1,1680.391,953.4255,1680.026,953.7587
30.65415,1,1682.445,952.1234,1681.236,952.941
30.66694,1,1682.445,952.1234,1681.841,952.5322
30.67885,1,1682.445,952.1234,1682.143,952.3278
30.68932,1,1684.475,950.8485,1683.309,951.5881
30.70278,1,1684.475,950.8485,1683.892,951.2183
30.7288,1,1686.114,949.8337,1685.003,950.526
30.73486,1,1686.114,949.8337,1685.558,950.1799
30.74351,1,1688.253,948.951,1686.906,949.5654
30.75439,1,1688.253,948.951,1687.58,949.2582
30.76713,1,1688.253,948.951,1687.917,949.1046
30.77925,1,1690.12,947.9103,1689.018,948.5074
30.78944,1,1690.12,947.9103,1689.569,948.2089
30.80249,1,1692.149,946.5429,1690.859,947.3759
30.81115,1,1692.149,946.5429,1691.504,946.9594
30.82479,1,1692.149,946.5429,1691.826,946.7511
30.83542,1,1694.021,944.8525,1692.923,945.8018
30.84653,1,1694.021,944.8525,1693.472,945.3271
30.85825,1,1694.021,944.8525,1693.746,945.0898
30.88473,1,1695.591,943.0699,1694.669,944.0798
30.89739,1,1697.73,940.7827,1696.199,942.4313
30.90299,1,1697.73,940.7827,1696.965,941.607
30.92563,1,1699.673,938.7087,1698.319,940.1578
30.93138,1,1699.673,938.7087,1698.996,939.4333
30.93963,1,1699.673,938.7087,1699.334,939.071
30.95079,1,1700.338,936.8184,1699.836,937.9447
30.96721,1,1700.338,936.8184,1700.087,937.3816
30.98029,1,1700.338,936.8184,1700.212,937.1
30.98804,1,1701.307,935.3911,1700.76,936.2455
30.99868,1,1701.307,935.3911,1701.033,935.8184
31.00918,1,1701.307,935.3911,1701.17,935.6047
31.0232,1,1702.441,933.3735,1701.806,934.4891
31.0356,1,1702.441,933.3735,1702.124,933.9313
31.04561,1,1703.743,930.8649,1702.933,932.3981
31.05768,1,1703.743,930.8649,1703.338,931.6315
31.06851,1,1703.743,930.8649,1703.541,931.2482
31.08028,1,1705.262,928.2635,1704.401,929.7559
31.09307,1,1705.262,928.2635,1704.831,929.0096
31.1123,1,1704.482,921.7661,1704.657,925.3878
31.12279,1,1704.482,921.7661,1704.569,923.5769
31.13089,1,1595.396,829.1871,1649.982,876.382
31.14324,1,1595.396,829.1871,1622.689,852.7845
31.15478,1,1595.396,829.1871,1609.042,840.9858
31.16744,1,1333.858,625.9681,1471.45,733.477
31.17807,1,1333.858,625.9681,1402.654,679.7225
31.1893,1,1333.858,625.9681,1368.256,652.8453
31.20247,1,1175.677,503.521,1271.967,578.1832
31.21031,1,1175.677,503.521,1223.822,540.8521
31.22355,1,1086.331,458.6392,1155.076,499.7456
31.23562,1,1086.331,458.6392,1120.704,479.1924
31.24656,1,1086.331,458.6392,1103.518,468.9158
31.25829,1,918.2795,519.5926,1010.899,494.2542
31.26913,1,918.2795,519.5926,964.5891,506.9234
31.2992,1,762.2411,593.4864,863.415,550.2049
31.30425,1,762.2411,593.4864,812.8281,571.8456
31.31277,1,682.8846,630.7585,747.8563,601.3021
31.32683,1,682.8846,630.7585,715.3705,616.0303
31.33785,1,682.8846,630.7585,699.1276,623.3944
31.34902,1,647.0684,644.1935,673.098,633.7939
31.3604,1,647.0684,644.1935,660.0831,638.9938
31.37111,1,647.0684,644.1935,653.5757,641.5936
31.38458,1,590.6307,671.2899,622.1032,656.4418
31.39566,1,590.6307,671.2899,606.3669,663.8658
31.40801,1,538.1293,704.0654,572.2482,683.9656
31.4209,1,538.1293,704.0654,555.1887,694.0155
31.43049,1,538.1293,704.0654,546.6591,699.0405
31.44307,1,511.8183,719.7231,529.2386,709.3818
31.45354,1,511.8183,719.7231,520.5284,714.5525
31.46809,1,497.6187,729.7064,509.0735,722.1294
31.48068,1,497.6187,729.7064,503.3461,725.9178
31.49159,1,497.6187,729.7064,500.4824,727.8121
31.50348,1,489.8296,738.4424,495.156,733.1273
31.513,1,489.8296,738.4424,492.4928,735.7848
31.53051,1,568.0665,749.4636,530.2797,742.6242
31.5395,1,568.0665,749.4636,549.1731,746.0439
31.55213,1,568.0665,749.4636,558.6198,747.7538
31.56412,1,858.3092,787.8613,708.4645,767.8075
31.57461,1,858.3092,787.8613,783.3868,777.8344
31.59059,1,1234.287,839.1721,1008.837,808.5032
31.6041,1,1234.287,839.1721,1121.562,823.8376
31.61052,1,1234.287,839.1721,1177.925,831.5049
31.62289,1,1438.597,871.0867,1308.261,851.2958
31.63378,1,1438.597,871.0867,1373.429,861.1913
31.64499,1,1438.597,871.0867,1406.013,866.139
31.6569,1,1528.849,885.7435,1467.431,875.9413
31.66732,1,1528.849,885.7435,1498.14,880.8424
31.67872,1,1567.857,890.0029,1532.998,885.4226
31.69034,1,1567.857,890.0029,1550.428,887.7128
31.71917,1,1585.591,892.2514,1568.01,889.9821
31.72536,1,1585.591,892.2514,1576.8,891.1167
31.7352,1,1585.591,892.2514,1581.196,891.6841
31.74759,1,1591.852,893.9583,1586.524,892.8212
31.75576,1,1591.852,893.9583,1589.188,893.3898
31.76533,1,1591.852,893.9583,1590.52,893.6741
31.77568,1,1605.152,909.6028,1597.836,901.6384
31.78823,1,1605.152,909.6028,1601.494,905.6206
31.79842,1,1615.351,922.8353,1608.422,914.2279
31.81063,1,1615.351,922.8353,1611.886,918.5316
31.82285,1,1615.351,922.8353,1613.619,920.6835
31.83377,1,1620.323,932.6289,1616.971,926.6562
31.84501,1,1620.323,932.6289,1618.647,929.6426
31.85568,1,1620.323,932.6289,1619.485,931.1357
31.86879,1,1622.139,938.7133,1620.812,934.9246
31.88064,1,1622.139,938.7133,1621.476,936.819
31.89008,1,1623.466,942.5829,1622.471,939.7009
31.90367,1,1623.466,942.5829,1622.968,941.142
31.91239,1,1623.466,942.5829,1623.217,941.8624
31.925,1,1624.094,945.6191,1623.656,943.7407
31.93677,1,1624.094,945.6191,1623.875,944.6799
31.94826,1,1623.14,948.1859,1623.507,946.4329
31.96078,1,1623.14,948.1859,1623.324,947.3094
31.97122,1,1623.14,948.1859,1623.232,947.7477
31.98432,1,1622.4,948.8593,1622.816,948.3035
31.99381,1,1622.4,948.8593,1622.608,948.5814
32.00721,1,1622.4,948.8593,1622.504,948.7203
32.0191,1,1621.266,950.1208,1621.885,949.4205
32.02876,1,1621.266,950.1208,1621.576,949.7706
32.04205,1,1620.418,953.0496,1620.997,951.4101
32.05354,1,1620.418,953.0496,1620.708,952.2299
32.0663,1,1620.418,953.0496,1620.563,952.6397
32.07746,1,1620.178,954.1629,1620.371,953.4013
32.08839,1,1620.178,954.1629,1620.275,953.7821
32.10126,1,1623.217,956.5322,1621.746,955.1572
32.11334,1,1623.217,956.5322,1622.481,955.8447
32.12509,1,1623.217,956.5322,1622.849,956.1885
32.1357,1,1624.922,959.6492,1623.885,957.9188
32.14738,1,1624.922,959.6492,1624.404,958.784
32.15907,1,1625.772,963.6973,1625.088,961.2406
32.16933,1,1625.772,963.6973,1625.43,962.4689
32.1834,1,1625.772,963.6973,1625.601,963.0831
32.19308,1,1627.091,967.7086,1626.346,965.3959
32.20533,1,1627.091,967.7086,1626.719,966.5522
32.21476,1,1627.091,967.7086,1626.905,967.1304
32.22635,1,1627.92,970.5195,1627.412,968.825
32.23831,1,1627.92,970.5195,1627.666,969.6722
32.25077,1,1628.173,974.359,1627.919,972.0156
32.26058,1,1628.173,974.359,1628.046,973.1873
32.27118,1,1628.173,974.359,1628.109,973.7732
32.28387,1,1627.831,977.0641,1627.97,975.4186
32.29343,1,1627.831,977.0641,1627.9,976.2413
32.30658,1,1627.831,977.0641,1627.865,976.6527
32.31907,1,1627.473,979.443,1627.669,978.0479
32.3307,1,1627.473,979.443,1627.571,978.7454
32.34138,1,1626.47,981.4466,1627.021,980.096
32.35211,1,1626.47,981.4466,1626.745,980.7713
32.36385,1,1626.47,981.4466,1626.608,981.1089
32.37435,1,1625.118,983.8024,1625.863,982.4557
32.38684,1,1625.118,983.8024,1625.49,983.129
32.3988,1,1625.118,983.8024,1625.304,983.4657
32.4083,1,1623.795,986.447,1624.55,984.9563
32.42134,1,1623.795,986.447,1624.172,985.7017
32.43286,1,1622.34,988.4954,1623.256,987.0985
32.44488,1,1622.34,988.4954,1622.798,987.797
32.4554,1,1622.34,988.4954,1622.569,988.1462
32.46778,1,1620.371,990.898,1621.47,989.5221
32.47816,1,1620.371,990.898,1620.921,990.2101
32.48875,1,1620.371,990.898,1620.646,990.5541
32.50113,1,1617.7,993.7946,1619.173,992.1743
32.51127,1,1617.7,993.7946,1618.437,992.9844
32.52428,1,1614.914,995.9472,1616.675,994.4658
32.53496,1,1614.914,995.9472,1615.794,995.2065
32.54623,1,1614.914,995.9472,1615.354,995.5769
32.55808,1,1612.15,997.4209,1613.752,996.4989
32.57033,1,1612.15,997.4209,1612.951,996.9599
32.58237,1,1608.945,998.871,1610.948,997.9154
32.59283,1,1608.945,998.871,1609.946,998.3932
32.60655,1,1608.945,998.871,1609.446,998.6321
32.61595,1,1606.259,999.8611,1607.853,999.2466
32.62676,1,1606.259,999.8611,1607.056,999.5538
32.63915,1,1606.259,999.8611,1606.658,999.7075
32.6507,1,1603.664,1000.932,1605.161,1000.32
32.66277,1,1603.664,1000.932,1604.413,1000.626
32.67302,1,1601.779,1001.97,1603.096,1001.298
32.68645,1,1601.779,1001.97,1602.437,1001.634
32.69707,1,1601.779,1001.97,1602.108,1001.802
32.7081,1,1599.549,1002.225,1600.829,1002.013
32.7216,1,1599.549,1002.225,1600.189,1002.119
32.73071,1,1599.549,1002.225,1599.869,1002.172
32.74533,1,1597.174,1002.408,1598.521,1002.29
32.75719,1,1597.174,1002.408,1597.847,1002.349
32.76845,1,1595.25,1003.023,1596.549,1002.686
32.78066,1,1595.25,1003.023,1595.899,1002.854
32.79037,1,1595.25,1003.023,1595.574,1002.939
32.80431,1,1593.737,1003.165,1594.656,1003.052
32.81321,1,1593.737,1003.165,1594.197,1003.108
32.82809,1,1591.568,1003.111,1592.882,1003.11
32.83885,1,1591.568,1003.111,1592.225,1003.11
32.84882,1,1591.568,1003.111,1591.896,1003.111
32.86181,1,1588.664,1003.528,1590.28,1003.319
32.87194,1,1588.664,1003.528,1589.472,1003.424
32.88485,1,1586.463,1003.604,1587.968,1003.514
32.89484,1,1586.463,1003.604,1587.215,1003.559
32.90852,1,1586.463,1003.604,1586.839,1003.581
32.91983,1,1584.085,1003.225,1585.462,1003.403
32.94046,1,1584.085,1003.225,1584.773,1003.314
32.9478,1,1581.789,1002.983,1583.281,1003.149
32.95815,1,1581.789,1002.983,1582.535,1003.066
32.96864,1,1581.789,1002.983,1582.162,1003.024
32.98037,1,1579.789,1002.703,1580.976,1002.863
32.99079,1,1579.789,1002.703,1580.383,1002.783
33.00368,1,1579.789,1002.703,1580.086,1002.743
33.01319,1,1577.745,1002.091,1578.916,1002.417
33.02617,1,1577.745,1002.091,1578.33,1002.254
33.03816,1,1576.427,1001.251,1577.379,1001.752
33.04704,1,1576.427,1001.251,1576.903,1001.502
33.05889,1,1576.427,1001.251,1576.665,1001.376
33.0698,1,1575.085,1000.523,1575.875,1000.949
33.08237,1,1575.085,1000.523,1575.48,1000.736
33.09277,1,1575.085,1000.523,1575.283,1000.629
33.1054,1,1573.559,999.9363,1574.421,1000.283
33.1173,1,1573.559,999.9363,1573.99,1000.11
33.12673,1,1571.871,998.9835,1572.931,999.5465
33.13971,1,1571.871,998.9835,1572.401,999.265
33.15112,1,1571.871,998.9835,1572.136,999.1243
33.16202,1,1570.904,998.634,1571.52,998.8792
33.17339,1,1570.904,998.634,1571.212,998.7566
33.18817,1,1569.21,998.3642,1570.211,998.5604
33.19816,1,1569.21,998.3642,1569.71,998.4623
33.20856,1,1569.21,998.3642,1569.46,998.4132
33.22086,1,1567.268,997.8145,1568.364,998.1138
33.23129,1,1567.268,997.8145,1567.816,997.9641
33.24352,1,1567.268,997.8145,1567.542,997.8893
33.25451,1,1566.24,997.0898,1566.891,997.4896
33.26958,1,1566.24,997.0898,1566.566,997.2897
33.27789,1,1565.044,996.181,1565.805,996.7354
33.28906,1,1565.044,996.181,1565.425,996.4581
33.30189,1,1565.044,996.181,1565.234,996.3196
33.31196,1,1563.379,995.883,1564.307,996.1013
33.32374,1,1563.379,995.883,1563.843,995.9922
33.3347,1,1563.379,995.883,1563.611,995.9376
33.34665,1,1561.529,995.2022,1562.57,995.5699
33.37452,1,1559.748,993.736,1561.159,994.653
33.38261,1,1559.748,993.736,1560.454,994.1945
33.38961,1,1559.748,993.736,1560.101,993.9652
33.40267,1,1558.41,992.0735,1559.255,993.0193
33.41299,1,1558.41,992.0735,1558.833,992.5464
33.42621,1,1558.41,992.0735,1558.621,992.3099
33.4386,1,1557.094,990.5709,1557.857,991.4404
33.45008,1,1557.094,990.5709,1557.476,991.0057
33.46152,1,1556.159,989.3084,1556.817,990.157
33.4726,1,1556.159,989.3084,1556.488,989.7327
33.4876,1,1556.159,989.3084,1556.324,989.5206
33.49786,1,1554.639,988.0656,1555.482,988.7931
33.50813,1,1554.639,988.0656,1555.061,988.4293
33.52183,1,1553.171,986.7057,1554.116,987.5675
33.53123,1,1553.171,986.7057,1553.644,987.1366
33.54478,1,1553.171,986.7057,1553.407,986.9211
33.55543,1,1551.764,985.7839,1552.586,986.3525
33.56952,1,1551.764,985.7839,1552.175,986.0682
33.58089,1,1550.242,985.1339,1551.208,985.6011
33.59116,1,1550.242,985.1339,1550.725,985.3674
33.61093,1,1548.526,984.2193,1549.626,984.7933
33.62386,1,1548.526,984.2193,1549.076,984.5063
33.63017,1,1548.526,984.2193,1548.801,984.3628
33.64127,1,1547.15,983.594,1547.976,983.9784
33.65228,1,1547.15,983.594,1547.563,983.7862
33.66451,1,1547.15,983.594,1547.357,983.6901
33.67667,1,1545.532,982.7455,1546.444,983.2178
33.68775,1,1545.532,982.7455,1545.988,982.9816
33.70219,1,1544.231,981.749,1545.109,982.3653
33.70997,1,1544.231,981.749,1544.67,982.0571
33.72193,1,1544.231,981.749,1544.45,981.9031
33.73459,1,1542.372,980.3895,1543.411,981.1462
33.74422,1,1542.372,980.3895,1542.892,980.7678
33.75518,1,1542.372,980.3895,1542.632,980.5786
33.76884,1,1540.293,979.3963,1541.463,979.9874
33.78008,1,1540.293,979.3963,1540.878,979.6919
33.79045,1,1538.438,978.2015,1539.658,978.9467
33.80968,1,1538.438,978.2015,1539.048,978.5741
33.81891,1,1538.438,978.2015,1538.743,978.3878
33.82849,1,1536.46,976.4246,1537.601,977.4062
33.8411,1,1536.46,976.4246,1537.031,976.9154
33.85157,1,1534.509,974.4052,1535.77,975.6603
33.86384,1,1534.509,974.4052,1535.139,975.0327
33.87407,1,1534.509,974.4052,1534.824,974.7189
33.88702,1,1532.635,972.4127,1533.729,973.5658
33.89765,1,1532.635,972.4127,1533.182,972.9893
33.90865,1,1532.635,972.4127,1532.908,972.701
33.92658,1,1530.792,970.5613,1531.85,971.6311
33.93902,1,1530.792,970.5613,1531.321,971.0962
33.95103,1,1528.51,968.0262,1529.916,969.5612
33.96266,1,1528.51,968.0262,1529.213,968.7937
33.9737,1,1525.737,965.8396,1527.475,967.3167
33.98631,1,1525.737,965.8396,1526.606,966.5781
33.99553,1,1525.737,965.8396,1526.172,966.2089
34.00878,1,1523.165,964.0099,1524.668,965.1094
34.02057,1,1523.165,964.0099,1523.917,964.5596
34.03538,1,1520.876,961.9562,1522.396,963.2579
34.04471,1,1520.876,961.9562,1521.636,962.6071
34.05569,1,1520.876,961.9562,1521.256,962.2816
34.0691,1,1518.867,959.3181,1520.062,960.7999
34.07967,1,1518.867,959.3181,1519.465,960.059
34.09002,1,1518.867,959.3181,1519.166,959.6885
34.10442,1,1516.3,956.8754,1517.733,958.282
34.11561,1,1516.3,956.8754,1517.016,957.5787
34.12722,1,1514.562,954.9474,1515.789,956.2631
34.14053,1,1514.562,954.9474,1515.176,955.6052
34.15059,1,1514.562,954.9474,1514.869,955.2763
34.16343,1,1512.192,952.7744,1513.53,954.0253
34.17441,1,1512.192,952.7744,1512.861,953.3998
34.1869,1,1508.283,950.338,1510.572,951.8689
34.19836,1,1508.283,950.338,1509.428,951.1034
34.21027,1,1508.283,950.338,1508.855,950.7207
34.22369,1,1505.58,947.9323,1507.218,949.3265
34.2336,1,1505.58,947.9323,1506.399,948.6294
34.24696,1,1503.19,946.6265,1504.794,947.6279
34.25533,1,1503.19,946.6265,1503.992,947.1272
34.26911,1,1503.19,946.6265,1503.591,946.8768
34.28247,1,1501.297,945.223,1502.444,946.0499
34.29093,1,1501.297,945.223,1501.871,945.6365
34.30544,1,1499.831,943.8577,1500.851,944.7471
34.31346,1,1499.831,943.8577,1500.341,944.3024
34.32626,1,1499.831,943.8577,1500.086,944.08
34.33826,1,1498.269,942.6931,1499.178,943.3865
34.34755,1,1498.269,942.6931,1498.724,943.0398
34.36094,1,1498.269,942.6931,1498.497,942.8665
34.37112,1,1496.08,941.3453,1497.288,942.1059
34.38483,1,1496.08,941.3453,1496.684,941.7256
34.39445,1,1494.045,940.24,1495.364,940.9828
34.40839,1,1494.045,940.24,1494.705,940.6114
34.42511,1,1491.834,939.5956,1493.27,940.1035
34.43756,1,1491.834,939.5956,1492.552,939.8495
34.44641,1,1491.834,939.5956,1492.193,939.7225
34.45856,1,1490.196,939.9676,1491.194,939.8451
34.46906,1,1490.196,939.9676,1490.695,939.9064
34.48087,1,1490.196,939.9676,1490.445,939.937
34.4919,1,1488.937,939.9851,1489.691,939.9611
34.50448,1,1488.937,939.9851,1489.314,939.9731
34.51522,1,1488.937,939.9851,1489.126,939.9791
34.52827,1,1487.401,939.7612,1488.263,939.8702
34.54242,1,1487.401,939.7612,1487.832,939.8157
34.55569,1,1485.954,939.199,1486.893,939.5073
34.56497,1,1485.954,939.199,1486.423,939.3531
34.57366,1,1485.954,939.199,1486.188,939.2761
34.58616,1,1484.724,938.4566,1485.456,938.8663
34.59524,1,1484.724,938.4566,1485.09,938.6615
34.60786,1,1483.252,937.9971,1484.171,938.3293
34.62051,1,1483.252,937.9971,1483.712,938.1632
34.62936,1,1483.252,937.9971,1483.482,938.0801
34.64248,1,1481.251,937.5699,1482.366,937.8251
34.65385,1,1481.251,937.5699,1481.809,937.6975
34.66592,1,1481.251,937.5699,1481.53,937.6337
34.67866,1,1478.831,937.2051,1480.18,937.4194
34.6881,1,1478.831,937.2051,1479.506,937.3123
34.70367,1,1449.918,863.7366,1464.712,900.5244
34.71152,1,1449.918,863.7366,1457.315,882.1305
34.72437,1,1449.918,863.7366,1453.616,872.9336
34.73734,1,1387.303,518.8845,1420.46,695.9091
34.74892,1,1387.303,518.8845,1403.881,607.3968
34.76012,1,1347.95,275.9189,1375.916,441.6578
34.77086,1,1347.95,275.9189,1361.933,358.7884
34.78466,1,1347.95,275.9189,1354.941,317.3536
34.79237,1,1330.831,178.8902,1342.886,248.1219
34.80549,1,1330.831,178.8902,1336.858,213.5061
34.81964,1,1322.743,144.2508,1329.801,178.8784
34.83021,1,1322.743,144.2508,1326.272,161.5646
34.84164,1,1322.743,144.2508,1324.507,152.9077
34.85308,1,1324.509,129.7227,1324.508,141.3152
34.86459,1,1324.509,129.7227,1324.509,135.519
34.87507,1,1324.509,129.7227,1324.509,132.6208
34.8883,1,1321.479,121.6575,1322.994,127.1392
34.90104,1,1321.479,121.6575,1322.236,124.3983
34.91074,1,1321.02,118.4811,1321.628,121.4397
34.92274,1,1321.02,118.4811,1321.324,119.9604
34.93144,1,1321.02,118.4811,1321.172,119.2208
34.94446,1,1320.73,119.2205,1320.951,119.2206
34.9571,1,1320.73,119.2205,1320.84,119.2205
34.96779,1,1320.73,119.2205,1320.785,119.2205
34.9796,1,1320.453,130.0416,1320.619,124.6311
34.99143,1,1320.453,130.0416,1320.536,127.3363
35.00449,1,1320.986,139.1944,1320.761,133.2654
35.01407,1,1320.986,139.1944,1320.873,136.2299
35.02909,1,1320.986,139.1944,1320.93,137.7122
35.04175,1,1322.102,144.8139,1321.516,141.263
35.05437,1,1322.102,144.8139,1321.809,143.0385
35.06499,1,1322.469,149.3722,1322.139,146.2053
35.07577,1,1322.469,149.3722,1322.304,147.7887
35.08789,1,1322.469,149.3722,1322.387,148.5804
35.10094,1,1322.457,150.7572,1322.422,149.6688
35.11043,1,1322.457,150.7572,1322.44,150.213
35.1293,1,1322.538,151.1116,1322.489,150.6623
35.14125,1,1322.538,151.1116,1322.514,150.887
35.15137,1,1324.743,155.7493,1323.628,153.3181
35.16679,1,1324.743,155.7493,1324.186,154.5337
35.17776,1,1324.743,155.7493,1324.464,155.1415
35.1878,1,1355.955,297.4261,1340.21,226.2838
35.20164,1,1355.955,297.4261,1348.082,261.855
35.20956,1,1419.697,581.1107,1383.89,421.4828
35.22331,1,1419.697,581.1107,1401.793,501.2968
35.23674,1,1419.697,581.1107,1410.745,541.2037
35.24453,1,1459.749,748.6885,1435.247,644.9462
35.2555,1,1459.749,748.6885,1447.498,696.8174
35.26868,1,1459.749,748.6885,1453.624,722.7529
35.27859,1,1477.983,818.4761,1465.803,770.6145
35.28894,1,1477.983,818.4761,1471.893,794.5453
35.30412,1,1484.686,843.5369,1478.29,819.0411
35.32018,1,1484.686,843.5369,1481.488,831.2889
35.32572,1,1484.686,843.5369,1483.087,837.4129
35.3399,1,1487.909,855.7924,1485.498,846.6027
35.35157,1,1487.909,855.7924,1486.703,851.1975
35.36208,1,1487.962,860.2728,1487.333,855.7351
35.37221,1,1487.962,860.2728,1487.647,858.0039
35.38689,1,1487.962,860.2728,1487.805,859.1383
35.39486,1,1488.605,866.2437,1488.205,862.691
35.40746,1,1488.605,866.2437,1488.405,864.4673
35.42006,1,1488.605,866.2437,1488.505,865.3555
35.42868,1,1485.642,869.843,1487.073,867.5992
35.44212,1,1485.642,869.843,1486.358,868.7211
35.45345,1,1484.607,870.2424,1485.482,869.4817
35.46489,1,1484.607,870.2424,1485.045,869.8621
35.47574,1,1484.607,870.2424,1484.826,870.0522
35.49028,1,1483.881,870.2254,1484.354,870.1388
35.50258,1,1483.881,870.2254,1484.117,870.1821
35.51066,1,1483.881,870.2254,1483.999,870.2037
35.52404,1,1485.353,870.8248,1484.676,870.5143
35.53403,1,1485.353,870.8248,1485.015,870.6696
35.54515,1,1485.047,872.8902,1485.031,871.7799
35.55571,1,1485.047,872.8902,1485.039,872.3351
35.56929,1,1485.047,872.8902,1485.043,872.6127
35.58022,1,1485.042,874.2114,1485.042,873.412
35.59092,1,1485.042,874.2114,1485.042,873.8118
35.60437,1,1485.462,875.3453,1485.252,874.5786
35.61281,1,1485.462,875.3453,1485.357,874.9619
35.62614,1,1485.462,875.3453,1485.409,875.1536
35.63902,1,1486.536,876.9821,1485.972,876.0679
35.65224,1,1486.536,876.9821,1486.254,876.525
35.66143,1,1486.536,876.9821,1486.395,876.7535
35.67255,1,1487.75,877.3448,1487.073,877.0492
35.68579,1,1487.75,877.3448,1487.412,877.197
35.69491,1,1497.886,885.9399,1492.649,881.5685
35.70719,1,1497.886,885.9399,1495.267,883.7542
35.72012,1,1497.886,885.9399,1496.576,884.847
35.72917,1,1521.112,912.6031,1508.844,898.7251
35.74113,1,1521.112,912.6031,1514.978,905.6641
35.75295,1,1521.112,912.6031,1518.045,909.1337
35.76492,1,1544.468,939.7753,1531.257,924.4545
35.77784,1,1544.468,939.7753,1537.862,932.1149
35.78993,1,1561.209,963.1901,1549.536,947.6525
35.80355,1,1561.209,963.1901,1555.372,955.4213
35.81372,1,1561.209,963.1901,1558.291,959.3057
35.82704,1,1574.182,980.2656,1566.236,969.7856
35.83866,1,1574.182,980.2656,1570.209,975.0256
35.84834,1,1583.372,992.6485,1576.79,983.837
35.86213,1,1583.372,992.6485,1580.081,988.2428
35.87245,1,1583.372,992.6485,1581.726,990.4457
35.8854,1,1589.888,999.0557,1585.807,994.7507
35.89438,1,1589.888,999.0557,1587.847,996.9032
35.90887,1,1595.902,1003.612,1591.875,1000.257
35.9231,1,1595.902,1003.612,1593.889,1001.935
35.93195,1,1595.902,1003.612,1594.896,1002.773
35.94651,1,1597.688,1007.521,1596.292,1005.147
35.95551,1,1597.688,1007.521,1596.99,1006.334
35.96833,1,1598.035,1008.61,1597.513,1007.472
35.97917,1,1598.035,1008.61,1597.774,1008.041
35.99033,1,1598.035,1008.61,1597.905,1008.326
36.00294,1,1598.66,1009.331,1598.282,1008.828
36.01254,1,1598.66,1009.331,1598.471,1009.08
36.02501,1,1598.66,1009.331,1598.565,1009.205
36.03884,1,1598.287,1009.595,1598.426,1009.4
36.04942,1,1598.287,1009.595,1598.357,1009.498
36.06181,1,1598.446,1009.708,1598.401,1009.603
36.07243,1,1598.446,1009.708,1598.424,1009.656
36.08593,1,1597.398,1008.834,1597.911,1009.245
36.09454,1,1597.398,1008.834,1597.655,1009.04
36.10796,1,1597.398,1008.834,1597.526,1008.937
36.12014,1,1594.701,1006.89,1596.114,1007.914
36.13018,1,1594.701,1006.89,1595.408,1007.402
36.14196,1,1594.701,1006.89,1595.055,1007.146
36.1522,1,1593.056,1005.989,1594.055,1006.567
36.16498,1,1593.056,1005.989,1593.556,1006.278
36.17374,1,1593.056,1005.989,1593.306,1006.134
36.18687,1,1591.575,1005.12,1592.441,1005.627
36.19679,1,1591.575,1005.12,1592.008,1005.374
36.20793,1,1589.345,1003.331,1590.677,1004.352
36.22099,1,1589.345,1003.331,1590.011,1003.842
36.24593,1,1586.578,1000.882,1588.295,1002.362
36.25215,1,1586.578,1000.882,1587.436,1001.622
36.26315,1,1586.578,1000.882,1587.007,1001.252
36.27345,1,1582.796,998.5887,1584.901,999.9202
36.28661,1,1582.796,998.5887,1583.849,999.2544
36.29542,1,1582.796,998.5887,1583.322,998.9215
36.30865,1,1578.562,995.2186,1580.942,997.0701
36.32174,1,1578.562,995.2186,1579.752,996.1443
36.33141,1,1574.997,991.6249,1577.374,993.8846
36.34471,1,1574.997,991.6249,1576.186,992.7548
36.35721,1,1574.997,991.6249,1575.591,992.1898
36.36866,1,1572.232,988.6716,1573.912,990.4307
36.38036,1,1572.232,988.6716,1573.072,989.5511
36.39047,1,1569.406,984.8259,1571.239,987.1885
36.40424,1,1569.406,984.8259,1570.322,986.0072
36.4128,1,1569.406,984.8259,1569.864,985.4166
36.42799,1,1566.424,982.4163,1568.144,983.9164
36.44065,1,1566.424,982.4163,1567.284,983.1663
36.4528,1,1563.412,979.6644,1565.348,981.4153
36.46555,1,1563.412,979.6644,1564.38,980.5399
36.47497,1,1563.412,979.6644,1563.896,980.1021
36.48817,1,1560.254,977.1489,1562.075,978.6255
36.49865,1,1560.254,977.1489,1561.165,977.8872
36.50928,1,1557.8,974.8347,1559.482,976.361
36.52261,1,1557.8,974.8347,1558.641,975.5978
36.53409,1,1557.8,974.8347,1558.221,975.2163
36.54627,1,1555.513,973.0236,1556.867,974.1199
36.55866,1,1555.513,973.0236,1556.19,973.5718
36.5695,1,1553.287,971.6951,1554.739,972.6334
36.58165,1,1553.287,971.6951,1554.013,972.1643
36.59192,1,1553.287,971.6951,1553.65,971.9297
36.60552,1,1550.735,970.4978,1552.193,971.2137
36.61816,1,1550.735,970.4978,1551.464,970.8558
36.62778,1,1550.735,970.4978,1551.1,970.6768
36.64105,1,1548.843,969.4726,1549.972,970.0747
36.65265,1,1548.843,969.4726,1549.407,969.7737
36.66356,1,1547.363,968.8763,1548.385,969.325
36.67464,1,1547.363,968.8763,1547.874,969.1007
36.6899,1,1547.363,968.8763,1547.618,968.9885
36.70188,1,1545.507,967.8569,1546.563,968.4227
36.71117,1,1545.507,967.8569,1546.035,968.1398
36.72197,1,1543.48,967.3858,1544.758,967.7628
36.73172,1,1543.48,967.3858,1544.119,967.5743
36.74432,1,1543.48,967.3858,1543.799,967.4801
36.75485,1,1542.318,967.138,1543.059,967.3091
36.76833,1,1542.318,967.138,1542.688,967.2235
36.77831,1,1542.318,967.138,1542.503,967.1808
36.78969,1,1540.993,966.8306,1541.748,967.0057
36.80393,1,1540.993,966.8306,1541.37,966.9181
36.81242,1,1539.688,966.4271,1540.529,966.6726
36.82484,1,1539.688,966.4271,1540.109,966.5499
36.83543,1,1539.688,966.4271,1539.898,966.4885
36.84729,1,1538.815,966.9507,1539.356,966.7196
36.86054,1,1538.815,966.9507,1539.085,966.8351
36.87149,1,1537.934,966.3527,1538.51,966.5939
36.88651,1,1537.934,966.3527,1538.222,966.4733
36.89529,1,1537.934,966.3527,1538.078,966.413
36.90799,1,1537.251,966.2759,1537.665,966.3445
36.91965,1,1537.251,966.2759,1537.458,966.3102
36.92911,1,1537.251,966.2759,1537.355,966.293
36.94154,1,1536.155,965.2323,1536.755,965.7627
36.95234,1,1536.155,965.2323,1536.455,965.4975
36.96356,1,1535.334,964.3262,1535.895,964.9119
36.9753,1,1535.334,964.3262,1535.614,964.619
36.99046,1,1535.334,964.3262,1535.474,964.4727
37.00332,1,1533.966,963.596,1534.72,964.0343
37.0109,1,1533.966,963.596,1534.343,963.8152
37.0241,1,1532.931,962.2964,1533.637,963.0558
37.03584,1,1532.931,962.2964,1533.284,962.6761
37.04684,1,1532.931,962.2964,1533.108,962.4863
37.05865,1,1530.373,960.3572,1531.74,961.4218
37.07062,1,1530.373,960.3572,1531.057,960.8895
37.08232,1,1530.373,960.3572,1530.715,960.6234
37.09277,1,1531.016,958.7941,1530.866,959.7087
37.10602,1,1531.016,958.7941,1530.941,959.2514
37.11784,1,1531.769,957.6464,1531.355,958.4489
37.12667,1,1531.769,957.6464,1531.562,958.0477
37.14059,1,1531.769,957.6464,1531.666,957.847
37.15214,1,1532.17,957.034,1531.918,957.4406
37.16599,1,1532.17,957.034,1532.044,957.2373
37.17548,1,1532.365,956.0057,1532.205,956.6215
37.18803,1,1532.365,956.0057,1532.285,956.3136
37.19944,1,1532.365,956.0057,1532.325,956.1597
37.22346,1,1532.085,954.6096,1532.205,955.3846
37.2301,1,1532.085,954.6096,1532.145,954.9971
37.24001,1,1532.052,953.9897,1532.098,954.4934
37.25224,1,1532.052,953.9897,1532.075,954.2416
37.2645,1,1531.74,953.2515,1531.907,953.7465
37.27431,1,1531.74,953.2515,1531.824,953.499
37.28695,1,1531.74,953.2515,1531.782,953.3752
37.29871,1,1531.635,952.9067,1531.708,953.141
37.30914,1,1531.635,952.9067,1531.671,953.0238
37.32159,1,1531.635,952.9067,1531.653,952.9652
37.33257,1,1530.316,951.7117,1530.984,952.3384
37.34463,1,1530.316,951.7117,1530.65,952.025
37.35744,1,1528.521,950.0442,1529.586,951.0346
37.37058,1,1528.521,950.0442,1529.054,950.5394
37.38223,1,1528.521,950.0442,1528.788,950.2918
37.39095,1,1526.062,948.8228,1527.425,949.5573
37.40372,1,1526.062,948.8228,1526.744,949.1901
37.41278,1,1526.062,948.8228,1526.403,949.0065
37.42543,1,1523.484,947.2902,1524.944,948.1483
37.43755,1,1523.484,947.2902,1524.214,947.7192
37.44724,1,1520.78,945.5911,1522.497,946.6552
37.45956,1,1520.78,945.5911,1521.638,946.1232
37.47089,1,1520.78,945.5911,1521.209,945.8572
37.48149,1,1517.886,944.9042,1519.547,945.3807
37.49338,1,1517.886,944.9042,1518.717,945.1425
37.50717,1,1515.124,943.8189,1516.92,944.4807
37.5197,1,1515.124,943.8189,1516.022,944.1498
37.5287,1,1515.124,943.8189,1515.573,943.9844
37.54269,1,1512.423,942.934,1513.998,943.4592
37.55313,1,1512.423,942.934,1513.211,943.1965
37.56483,1,1512.423,942.934,1512.817,943.0652
37.57469,1,1509.48,942.3704,1511.149,942.7178
37.58831,1,1509.48,942.3704,1510.315,942.5441
37.59858,1,1506.785,941.7676,1508.55,942.1559
37.60889,1,1506.785,941.7676,1507.667,941.9618
37.62189,1,1506.785,941.7676,1507.226,941.8647
37.64574,1,1503.828,940.5566,1505.527,941.2107
37.65288,1,1503.828,940.5566,1504.678,940.8837
37.66542,1,1501.268,939.9093,1502.973,940.3965
37.67355,1,1501.268,939.9093,1502.121,940.1529
37.68684,1,1501.268,939.9093,1501.695,940.0311
37.69791,1,1498.874,939.5225,1500.284,939.7769
37.70844,1,1498.874,939.5225,1499.579,939.6497
37.72063,1,1496.601,938.6103,1498.09,939.13
37.73047,1,1496.601,938.6103,1497.346,938.8701
37.74419,1,1496.601,938.6103,1496.973,938.7402
37.75452,1,1494.549,937.9606,1495.761,938.3505
37.76781,1,1494.549,937.9606,1495.155,938.1555
37.78068,1,1492.056,937.0394,1493.605,937.5974
37.79069,1,1492.056,937.0394,1492.831,937.3184
37.80527,1,1492.056,937.0394,1492.443,937.1788
37.81424,1,1489.377,935.2958,1490.91,936.2373
37.82658,1,1489.377,935.2958,1490.143,935.7665
37.83926,1,1486.835,934.2126,1488.489,934.9896
37.85073,1,1486.835,934.2126,1487.662,934.6011
37.86182,1,1486.835,934.2126,1487.248,934.4069
37.87211,1,1484.554,933.2459,1485.901,933.8264
37.88461,1,1484.554,933.2459,1485.228,933.5361
37.89332,1,1484.554,933.2459,1484.891,933.391
37.90658,1,1482.832,930.4914,1483.861,931.9412
37.91978,1,1482.832,930.4914,1483.346,931.2163
37.92965,1,1482.065,925.7493,1482.706,928.4828
37.94215,1,1482.065,925.7493,1482.385,927.116
37.9533,1,1482.065,925.7493,1482.225,926.4326
37.9651,1,1480.625,921.3658,1481.425,923.8992
37.97677,1,1480.625,921.3658,1481.025,922.6324
37.98886,1,1480.625,921.3658,1480.825,921.9991
38.00201,1,1478.334,916.7149,1479.58,919.3571
38.01316,1,1478.334,916.7149,1478.957,918.036
38.0256,1,1474.92,911.1678,1476.938,914.6019
38.03819,1,1474.92,911.1678,1475.929,912.8849
38.04879,1,1474.92,911.1678,1475.424,912.0264
38.06087,1,1472.417,905.7928,1473.921,908.9096
38.07332,1,1472.417,905.7928,1473.169,907.3512
38.08589,1,1469.9,899.9347,1471.534,903.6429
38.09795,1,1469.9,899.9347,1470.717,901.7888
38.10764,1,1469.9,899.9347,1470.309,900.8618
38.12005,1,1467.186,896.0436,1468.748,898.4526
38.12963,1,1467.186,896.0436,1467.967,897.2481
38.14234,1,1464.584,892.24,1466.276,894.744
38.15302,1,1464.584,892.24,1465.43,893.492
38.16472,1,1464.584,892.24,1465.007,892.866
38.17529,1,1461.493,891.6486,1463.25,892.2573
38.20415,1,1458.204,891.8535,1460.727,892.0554
38.20992,1,1458.204,891.8535,1459.466,891.9544
38.21936,1,1458.204,891.8535,1458.835,891.9039
38.22968,1,1458.204,891.8535,1458.52,891.8787
38.24217,1,1455.032,891.8466,1456.776,891.8627
38.25305,1,1455.032,891.8466,1455.904,891.8546
38.26464,1,1451.9,891.4348,1453.902,891.6447
38.27542,1,1451.9,891.4348,1452.901,891.5397
38.28777,1,1451.9,891.4348,1452.4,891.4872
38.29899,1,1448.628,890.4695,1450.514,890.9784
38.3092,1,1448.628,890.4695,1449.571,890.724
38.32303,1,1446.023,889.989,1447.797,890.3565
38.33335,1,1446.023,889.989,1446.91,890.1727
38.3446,1,1446.023,889.989,1446.467,890.0809
38.35558,1,1443.868,890.0715,1445.168,890.0762
38.36732,1,1443.868,890.0715,1444.518,890.0739
38.37871,1,1443.868,890.0715,1444.193,890.0726
38.38933,1,1442.802,890.5896,1443.498,890.3311
38.40321,1,1442.802,890.5896,1443.15,890.4603
38.41084,1,1442.802,890.5896,1442.976,890.525
38.42402,1,1442.101,890.8119,1442.539,890.6685
38.4353,1,1442.101,890.8119,1442.32,890.7402
38.45002,1,1441.205,890.8241,1441.762,890.7821
38.45984,1,1441.205,890.8241,1441.484,890.8031
38.47064,1,1441.205,890.8241,1441.344,890.8136
38.4821,1,1440.379,890.7516,1440.861,890.7826
38.49355,1,1440.379,890.7516,1440.62,890.7671
38.5061,1,1439.568,890.2166,1440.094,890.4918
38.51897,1,1439.568,890.2166,1439.831,890.3542
38.52937,1,1439.568,890.2166,1439.699,890.2854
38.54307,1,1438.414,889.227,1439.057,889.7562
38.55328,1,1438.414,889.227,1438.735,889.4916
38.56669,1,1437.231,888.2343,1437.983,888.8629
38.57812,1,1437.231,888.2343,1437.607,888.5486
38.58926,1,1437.231,888.2343,1437.419,888.3914
38.60358,1,1435.887,887.3323,1436.653,887.8619
38.61257,1,1435.887,887.3323,1436.27,887.5971
38.62521,1,1434.096,885.6693,1435.183,886.6332
38.63744,1,1434.096,885.6693,1434.64,886.1512
38.64765,1,1434.096,885.6693,1434.368,885.9103
38.66102,1,1432.651,884.5089,1433.509,885.2096
38.67154,1,1432.651,884.5089,1433.08,884.8593
38.68518,1,1430.865,883.7836,1431.973,884.3214
38.69421,1,1430.865,883.7836,1431.419,884.0525
38.70688,1,1430.865,883.7836,1431.142,883.918
38.72063,1,1429.272,882.692,1430.207,883.305
38.73087,1,1429.272,882.692,1429.739,882.9985
38.74215,1,1429.272,882.692,1429.506,882.8452
38.75274,1,1427.714,881.453,1428.61,882.1491
38.76382,1,1427.714,881.453,1428.162,881.801
38.77449,1,1426.244,880.2601,1427.203,881.0305
38.78777,1,1426.244,880.2601,1426.723,880.6453
38.79905,1,1426.244,880.2601,1426.484,880.4526
38.80958,1,1423.572,878.5134,1425.028,879.483
38.82313,1,1423.572,878.5134,1424.3,878.9982
38.83456,1,1423.572,878.5134,1423.936,878.7559
38.84689,1,1422.079,876.7851,1423.008,877.7705
38.85821,1,1422.079,876.7851,1422.543,877.2778
38.87355,1,1420.525,874.7325,1421.534,876.0052
38.88556,1,1420.525,874.7325,1421.03,875.3689
38.89423,1,1420.525,874.7325,1420.778,875.0507
38.90907,1,1418.168,872.2744,1419.473,873.6626
38.92217,1,1418.168,872.2744,1418.821,872.9685
38.93437,1,1416.558,869.8135,1417.689,871.391
38.94373,1,1416.558,869.8135,1417.123,870.6022
38.95406,1,1416.558,869.8135,1416.841,870.2079
38.96546,1,1414.815,867.5326,1415.828,868.8702
38.97702,1,1414.815,867.5326,1415.322,868.2014
38.98814,1,1413.068,866.423,1414.195,867.3123
39.00179,1,1413.068,866.423,1413.631,866.8677
39.00963,1,1413.068,866.423,1413.35,866.6454
39.02288,1,1411.359,864.575,1412.354,865.6102
39.03168,1,1411.359,864.575,1411.857,865.0927
39.04518,1,1411.359,864.575,1411.608,864.8339
39.05551,1,1409.46,862.6536,1410.534,863.7437
39.06909,1,1409.46,862.6536,1409.997,863.1986
39.08022,1,1407.919,860.3889,1408.958,861.7938
39.09095,1,1407.919,860.3889,1408.438,861.0913
39.10334,1,1407.919,860.3889,1408.178,860.7401
39.11304,1,1406.014,859.0416,1407.096,859.8909
39.12595,1,1406.014,859.0416,1406.555,859.4662
39.13876,1,1404.452,856.8708,1405.503,858.1685
39.15204,1,1404.452,856.8708,1404.978,857.5197
39.16422,1,1404.452,856.8708,1404.715,857.1952
39.17451,1,1403.079,855.5391,1403.897,856.3671
39.18761,1,1403.079,855.5391,1403.488,855.9531
39.19797,1,1400.669,854.667,1402.079,855.3101
39.2096,1,1400.669,854.667,1401.374,854.9885
39.22208,1,1400.669,854.667,1401.022,854.8278
39.2341,1,1398.345,853.8336,1399.683,854.3307
39.2458,1,1398.345,853.8336,1399.014,854.0822
39.25427,1,1398.345,853.8336,1398.679,853.9579
39.266,1,1396.572,852.6445,1397.626,853.3012
39.27836,1,1396.572,852.6445,1397.099,852.9729
39.28827,1,1395.355,852.3126,1396.227,852.6427
39.30406,1,1395.355,852.3126,1395.791,852.4777
39.31158,1,1395.355,852.3126,1395.573,852.3951
39.32537,1,1358.788,816.8552,1377.181,834.6252
39.33887,1,1358.788,816.8552,1367.984,825.7402
39.34723,1,1358.788,816.8552,1363.386,821.2977
39.36041,1,1223.762,615.0763,1293.574,718.187
39.37063,1,1223.762,615.0763,1258.668,666.6317
39.38264,1,1110.508,438.4196,1184.588,552.5256
39.39274,1,1110.508,438.4196,1147.548,495.4726
39.40598,1,1110.508,438.4196,1129.028,466.9461
39.41903,1,1054.832,350.4525,1091.93,408.6993
39.42824,1,1054.832,350.4525,1073.381,379.5759
39.44319,1,1033.137,315.1128,1053.259,347.3444
39.45432,1,1033.137,315.1128,1043.198,331.2286
39.46485,1,1033.137,315.1128,1038.167,323.1707
39.47569,1,1020.713,300.1118,1029.44,311.6412
39.48992,1,1020.713,300.1118,1025.077,305.8765
39.50206,1,1016.572,293.5561,1020.824,299.7163
39.51086,1,1016.572,293.5561,1018.698,296.6362
39.52505,1,1016.572,293.5561,1017.635,295.0961
39.53707,1,973.6628,351.2734,995.6488,323.1848
39.54676,1,973.6628,351.2734,984.6558,337.2291
39.56141,1,889.9941,484.9968,937.325,411.113
39.57116,1,889.9941,484.9968,913.6595,448.0549
39.58263,1,889.9941,484.9968,901.8268,466.5259
39.59398,1,779.6471,670.4031,840.7369,568.4645
39.6068,1,779.6471,670.4031,810.192,619.4338
39.61957,1,712.972,786.0334,761.582,702.7336
39.62904,1,712.972,786.0334,737.277,744.3835
39.64165,1,712.972,786.0334,725.1245,765.2084
39.653,1,684.7309,837.96,704.9277,801.5842
39.66488,1,684.7309,837.96,694.8293,819.7721
39.67628,1,684.7309,837.96,689.7802,828.866
39.69057,1,673.8379,862.2363,681.809,845.5511
39.70149,1,673.8379,862.2363,677.8235,853.8937
39.71248,1,668.611,872.5034,673.2173,863.1986
39.72529,1,668.611,872.5034,670.9142,867.851
39.73774,1,668.611,872.5034,669.7626,870.1772
39.74717,1,666.1669,878.5387,667.9647,874.358
39.76026,1,666.1669,878.5387,667.0658,876.4484
39.77137,1,665.2611,884.4375,666.1635,880.4429
39.78423,1,665.2611,884.4375,665.7123,882.4402
39.79435,1,665.2611,884.4375,665.4867,883.4388
39.80651,1,674.9323,841.5438,670.2095,862.4913
39.81776,1,674.9323,841.5438,672.5709,852.0176
39.82838,1,674.9323,841.5438,673.7516,846.7807
39.84203,1,737.3331,687.1031,705.5424,766.9419
39.85269,1,737.3331,687.1031,721.4377,727.0225
39.86539,1,831.7808,461.6581,776.6093,594.3403
39.87767,1,831.7808,461.6581,804.1951,527.9991
39.88831,1,831.7808,461.6581,817.9879,494.8286
39.90125,1,888.9957,336.1258,853.4918,415.4772
39.90982,1,888.9957,336.1258,871.2438,375.8015
39.92158,1,888.9957,336.1258,880.1198,355.9637
39.93089,1,915.7152,278.9007,897.9175,317.4322
39.94433,1,915.7152,278.9007,906.8163,298.1664
39.95506,1,927.9769,253.9307,917.3966,276.0486
39.96951,1,927.9769,253.9307,922.6868,264.9897
39.97814,1,927.9769,253.9307,925.3318,259.4602
39.99464,1,934.8536,244.7755,930.0928,252.1179
40.00664,1,934.8536,244.7755,932.4732,248.4467
40.01721,1,940.1904,237.2357,936.3318,242.8412
40.02536,1,940.1904,237.2357,938.2611,240.0385
40.03728,1,940.1904,237.2357,939.2257,238.6371
40.04749,1,961.0765,293.3575,950.1511,265.9973
40.06188,1,961.0765,293.3575,955.6138,279.6774
40.07239,1,961.0765,293.3575,958.3452,286.5175
40.08513,1,989.4414,339.5221,973.8933,313.0198
40.09516,1,989.4414,339.5221,981.6674,326.271
40.1074,1,1029.93,395.9838,1005.799,361.1274
40.12022,1,1029.93,395.9838,1017.864,378.5556
40.12897,1,1029.93,395.9838,1023.897,387.2697
40.1412,1,1069.176,446.1935,1046.537,416.7316
40.15194,1,1069.176,446.1935,1057.857,431.4625
40.16473,1,1098.556,482.974,1078.206,457.2183
40.1744,1,1098.556,482.974,1088.381,470.0961
40.187,1,1098.556,482.974,1093.469,476.5351
40.1969,1,1114.425,508.2527,1103.947,492.3939
40.20762,1,1114.425,508.2527,1109.186,500.3233
40.2214,1,1114.425,508.2527,1111.805,504.288
40.2314,1,1123.439,525.7265,1117.622,515.0073
40.25463,1,1123.439,525.7265,1120.531,520.3669
40.26252,1,1130.354,533.9495,1125.442,527.1582
40.27183,1,1130.354,533.9495,1127.898,530.5538
40.28331,1,1130.354,533.9495,1129.126,532.2516
40.29302,1,1067.209,588.019,1098.167,560.1354
40.30566,1,1067.209,588.019,1082.688,574.0772
40.31481,1,1067.209,588.019,1074.948,581.0481
40.3294,1,901.3136,720.0781,988.1309,650.5631
40.34035,1,901.3136,720.0781,944.7223,685.3206
40.35124,1,761.5472,835.11,853.1348,760.2153
40.36295,1,761.5472,835.11,807.341,797.6627
40.37727,1,694.8768,891.8322,751.1089,844.7474
40.38648,1,694.8768,891.8322,722.9928,868.2898
40.39864,1,694.8768,891.8322,708.9348,880.061
40.41032,1,665.2411,915.9138,687.088,897.9874
40.42338,1,665.2411,915.9138,676.1646,906.9506
40.43392,1,665.2411,915.9138,670.7028,911.4323
40.4463,1,649.9738,928.8848,660.3383,920.1585
40.45454,1,649.9738,928.8848,655.156,924.5216
40.4657,1,649.9738,928.8848,652.5649,926.7032
40.47765,1,590.3801,970.543,621.4725,948.623
40.48811,1,590.3801,970.543,605.9263,959.583
40.49938,1,537.0427,1011.256,571.4845,985.4194
40.51001,1,537.0427,1011.256,554.2635,998.3376
40.5226,1,537.0427,1011.256,545.6531,1004.797
40.53165,1,508.515,1034.28,527.084,1019.539
40.54489,1,508.515,1034.28,517.7994,1026.909
40.55469,1,508.515,1034.28,513.1572,1030.595
40.56905,1,491.5042,1045.329,502.3307,1037.962
40.57805,1,491.5042,1045.329,496.9175,1041.646
40.58797,1,484.0378,1049.868,490.4776,1045.757
40.59931,1,484.0378,1049.868,487.2577,1047.813
40.61073,1,484.0378,1049.868,485.6477,1048.84
40.6228,1,480.204,1052.879,482.9258,1050.86
40.63807,1,480.204,1052.879,481.5649,1051.87
40.64517,1,480.204,1052.879,480.8845,1052.375
40.65813,1,552.3316,1045.036,516.608,1048.705
40.6692,1,552.3316,1045.036,534.4698,1046.871
40.6832,1,824.0107,1027.791,679.2403,1037.331
40.69286,1,824.0107,1027.791,751.6255,1032.561
40.70614,1,824.0107,1027.791,787.8181,1030.176
40.71503,1,1186.953,1007.374,987.3858,1018.775
40.72912,1,1186.953,1007.374,1087.17,1013.074
40.73957,1,1389.491,995.6151,1238.331,1004.345
40.7506,1,1389.491,995.6151,1313.911,999.9799
40.76235,1,1389.491,995.6151,1351.701,997.7975
40.77249,1,1485.874,987.6083,1418.788,992.7029
40.78648,1,1485.874,987.6083,1452.331,990.1556
40.80106,1,1526.939,981.0382,1489.635,985.5969
40.81544,1,1526.939,981.0382,1508.287,983.3176
40.82562,1,1526.939,981.0382,1517.613,982.1779
40.83699,1,1546.052,974.8081,1531.833,978.493
40.84666,1,1546.052,974.8081,1538.942,976.6505
40.8614,1,1552.895,973.8727,1545.919,975.2616
40.87148,1,1552.895,973.8727,1549.407,974.5671
40.88592,1,1552.895,973.8727,1551.151,974.22
40.89428,1,1557.249,972.5906,1554.2,973.4053
40.90562,1,1557.249,972.5906,1555.724,972.9979
40.91547,1,1557.249,972.5906,1556.486,972.7943
40.92759,1,1559.577,970.0555,1558.032,971.4249
40.9437,1,1559.577,970.0555,1558.804,970.7402
40.95838,1,1560.233,968.2546,1559.519,969.4974
40.96505,1,1560.233,968.2546,1559.876,968.876
40.97498,1,1560.233,968.2546,1560.055,968.5653
40.98756,1,1560.526,967.4037,1560.29,967.9845
40.99821,1,1560.526,967.4037,1560.408,967.6941
41.009,1,1560.526,967.4037,1560.467,967.549
41.02264,1,1561.096,967.5459,1560.781,967.5474
41.03345,1,1561.096,967.5459,1560.939,967.5466
41.04514,1,1561.083,967.1751,1561.011,967.3608
41.05553,1,1561.083,967.1751,1561.047,967.2679
41.07021,1,1561.083,967.1751,1561.065,967.2216
41.07965,1,1564.458,966.7864,1562.761,967.004
41.09047,1,1564.458,966.7864,1563.61,966.8953
41.10395,1,1582.509,962.8344,1573.059,964.8649
41.11507,1,1582.509,962.8344,1577.784,963.8496
41.12578,1,1582.509,962.8344,1580.146,963.342
41.13787,1,1604.06,957.0717,1592.103,960.2069
41.14635,1,1604.06,957.0717,1598.081,958.6393
41.1769,1,1622.859,951.9837,1610.47,955.3115
41.18505,1,1622.859,951.9837,1616.665,953.6476
41.19302,1,1638.246,947.9967,1627.455,950.8221
41.20631,1,1638.246,947.9967,1632.851,949.4094
41.21489,1,1638.246,947.9967,1635.549,948.7031
41.22842,1,1649.132,945.8801,1642.34,947.2916
41.24056,1,1649.132,945.8801,1645.736,946.5859
41.25081,1,1649.132,945.8801,1647.434,946.233
41.26269,1,1656.755,943.4681,1652.094,944.8506
41.27411,1,1656.755,943.4681,1654.425,944.1593
41.28691,1,1661.583,943.4328,1658.004,943.796
41.29734,1,1661.583,943.4328,1659.793,943.6144
41.30785,1,1661.583,943.4328,1660.688,943.5236
41.32047,1,1665.393,943.2995,1663.041,943.4115
41.33044,1,1665.393,943.2995,1664.217,943.3555
41.34155,1,1665.393,943.2995,1664.805,943.3275
41.35217,1,1667.921,941.634,1666.363,942.4808
41.36364,1,1667.921,941.634,1667.142,942.0574
41.37519,1,1670.426,940.5062,1668.784,941.2817
41.388,1,1670.426,940.5062,1669.605,940.8939
41.39802,1,1670.426,940.5062,1670.015,940.7001
41.40893,1,1671.393,940.1071,1670.704,940.4036
41.42105,1,1671.393,940.1071,1671.049,940.2553
41.43109,1,1671.393,940.1071,1671.221,940.1812
41.44439,1,1672.19,938.7635,1671.705,939.4723
41.4549,1,1672.19,938.7635,1671.948,939.1179
41.46571,1,1672.909,937.869,1672.428,938.4934
41.47773,1,1672.909,937.869,1672.669,938.1812
41.48864,1,1672.909,937.869,1672.789,938.025
41.50224,1,1673.254,936.4606,1673.022,937.2428
41.51132,1,1673.254,936.4606,1673.138,936.8517
41.52447,1,1673.311,935.4548,1673.225,936.1533
41.53493,1,1673.311,935.4548,1673.268,935.8041
41.54736,1,1673.311,935.4548,1673.29,935.6295
41.55857,1,1673.239,934.2553,1673.264,934.9424
41.5702,1,1673.239,934.2553,1673.251,934.5989
41.58288,1,1673.239,934.2553,1673.245,934.4271
41.59306,1,1673.012,933.2127,1673.129,933.8199
41.60581,1,1673.012,933.2127,1673.07,933.5164
41.61852,1,1672.897,932.0188,1672.983,932.7676
41.62846,1,1672.897,932.0188,1672.94,932.3932
41.64129,1,1672.897,932.0188,1672.918,932.206
41.65189,1,1672.341,930.7593,1672.63,931.4827
41.66412,1,1672.341,930.7593,1672.485,931.121
41.67485,1,1672.003,929.6923,1672.244,930.4066
41.68757,1,1672.003,929.6923,1672.123,930.0494
41.69799,1,1672.003,929.6923,1672.063,929.8708
41.70872,1,1671.283,928.0751,1671.673,928.973
41.72128,1,1671.283,928.0751,1671.478,928.524
41.73079,1,1671.283,928.0751,1671.38,928.2996
41.74359,1,1670.534,926.4933,1670.957,927.3965
41.75406,1,1670.534,926.4933,1670.746,926.9449
41.76566,1,1669.428,924.4587,1670.087,925.7018
41.7772,1,1669.428,924.4587,1669.757,925.0802
41.78764,1,1669.428,924.4587,1669.592,924.7694
41.80007,1,1667.923,922.892,1668.758,923.8307
41.80965,1,1667.923,922.892,1668.34,923.3613
41.82235,1,1667.923,922.892,1668.132,923.1266
41.83277,1,1666.47,921.022,1667.301,922.0743
41.8448,1,1666.47,921.022,1666.885,921.5482
41.85516,1,1666.47,921.022,1666.678,921.285
41.86901,1,1665.109,919.1677,1665.894,920.2264
41.87923,1,1665.109,919.1677,1665.501,919.697
41.8903,1,1663.021,916.9486,1664.261,918.3228
41.90358,1,1663.021,916.9486,1663.641,917.6357
41.9147,1,1663.021,916.9486,1663.331,917.2922
41.92726,1,1660.541,914.5306,1661.936,915.9114
41.93935,1,1660.541,914.5306,1661.238,915.221
41.95029,1,1658.054,912.3199,1659.646,913.7705
41.96188,1,1658.054,912.3199,1658.85,913.0452
41.97182,1,1658.054,912.3199,1658.452,912.6826
41.98578,1,1655.953,910.1052,1657.202,911.3939
41.99612,1,1655.953,910.1052,1656.577,910.7496
42.00948,1,1651.157,908.9189,1653.867,909.8342
42.02139,1,1651.157,908.9189,1652.512,909.3766
42.03067,1,1651.157,908.9189,1651.834,909.1477
42.04391,1,1640.472,883.8264,1646.153,896.4871
42.05445,1,1640.472,883.8264,1643.313,890.1567
42.06747,1,1632.099,854.5457,1637.706,872.3512
42.07888,1,1632.099,854.5457,1634.902,863.4484
42.08932,1,1632.099,854.5457,1633.5,858.9971
42.10182,1,1654.106,814.8788,1643.803,836.9379
42.11233,1,1654.106,814.8788,1648.955,825.9083
42.12382,1,1654.106,814.8788,1651.531,820.3936
42.13394,1,1641.423,835.5223,1646.477,827.9579
42.14531,1,1641.423,835.5223,1643.95,831.7401
42.1574,1,1641.423,835.5223,1642.687,833.6312
42.16806,1,1636.508,849.8771,1639.597,841.7542
42.1794,1,1636.508,849.8771,1638.052,845.8157
42.19016,1,1632.18,855.5865,1635.116,850.701
42.20357,1,1632.18,855.5865,1633.648,853.1438
42.21437,1,1632.18,855.5865,1632.914,854.3651
42.22668,1,1628.08,861.5747,1630.497,857.9699
42.23779,1,1628.08,861.5747,1629.288,859.7723
42.24879,1,1624.358,869.1592,1626.823,864.4658
42.26039,1,1624.358,869.1592,1625.591,866.8125
42.27123,1,1624.358,869.1592,1624.975,867.9858
42.28251,1,1619.431,877.8286,1622.203,872.9072
42.29317,1,1619.431,877.8286,1620.817,875.3679
42.30665,1,1619.431,877.8286,1620.124,876.5983
42.32004,1,1615.854,885.5235,1617.989,881.0609
42.32966,1,1615.854,885.5235,1616.921,883.2922
42.34037,1,1611.908,887.7036,1614.415,885.4979
42.35146,1,1611.908,887.7036,1613.161,886.6008
42.36283,1,1611.908,887.7036,1612.534,887.1522
42.37312,1,1617.126,855.3977,1614.83,871.275
42.38607,1,1617.126,855.3977,1615.978,863.3363
42.39719,1,1617.126,855.3977,1616.552,859.367
42.41087,1,1617.126,855.3977,1616.839,857.3823
42.42348,1,1617.126,855.3977,1616.982,856.39
42.43488,1,1617.126,855.3977,1617.054,855.8939
42.44827,1,1617.126,855.3977,1617.09,855.6458
42.45939,1,1617.126,855.3977,1617.108,855.5217
42.47065,1,1617.126,855.3977,1617.117,855.4597
42.48355,1,1617.126,855.3977,1617.121,855.4287
42.49432,1,1729.224,745.5331,1673.173,800.481
42.50633,1,1729.224,745.5331,1701.198,773.0071
42.5176,1,1729.224,745.5331,1715.211,759.2701
42.5294,1,1667.426,682.1707,1691.319,720.7204
42.5398,1,1667.426,682.1707,1679.373,701.4456
42.54842,1,1667.426,682.1707,1673.399,691.8081
42.56097,1,1664.615,704.2404,1669.007,698.0242
42.5733,1,1664.615,704.2404,1666.811,701.1323
42.58543,1,1651.538,736.9867,1659.174,719.0595
42.59525,1,1651.538,736.9867,1655.356,728.0231
42.6083,1,1651.538,736.9867,1653.447,732.5049
42.62146,1,1640.314,778.2981,1646.88,755.4015
42.63228,1,1640.314,778.2981,1643.597,766.8498
42.64397,1,1628.603,809.7371,1636.1,788.2935
42.65531,1,1628.603,809.7371,1632.351,799.0153
42.66871,1,1628.603,809.7371,1630.477,804.3762
42.67971,1,1618.612,831.2986,1624.545,817.8374
42.69222,1,1618.612,831.2986,1621.578,824.568
42.70343,1,1613.012,844.9492,1617.295,834.7586
42.71334,1,1613.012,844.9492,1615.154,839.8539
42.72626,1,1613.012,844.9492,1614.083,842.4016
42.73815,1,1611.122,855.6259,1612.602,849.0137
42.74907,1,1611.122,855.6259,1611.862,852.3198
42.7607,1,1611.122,855.6259,1611.492,853.9728
42.77142,1,1609.481,862.012,1610.486,857.9924
42.7846,1,1609.481,862.012,1609.984,860.0022
42.79376,1,1607.934,864.9222,1608.959,862.4622
42.80649,1,1607.934,864.9222,1608.447,863.6923
42.81895,1,1607.934,864.9222,1608.19,864.3073
42.8287,1,1605.696,866.1179,1606.943,865.2125
42.84119,1,1605.696,866.1179,1606.32,865.6652
42.85284,1,1604.684,866.9514,1605.502,866.3083
42.86446,1,1604.684,866.9514,1605.093,866.6299
42.87424,1,1604.684,866.9514,1604.889,866.7906
42.88673,1,1602.372,866.099,1603.63,866.4448
42.89763,1,1602.372,866.099,1603.001,866.2719
42.9089,1,1602.372,866.099,1602.686,866.1854
42.92315,1,1600.328,864.7718,1601.507,865.4786
42.93445,1,1600.328,864.7718,1600.917,865.1252
42.94598,1,1599.63,863.675,1600.274,864.4001
42.95716,1,1599.63,863.675,1599.952,864.0376
42.96842,1,1599.63,863.675,1599.791,863.8563
42.9803,1,1598.696,862.4166,1599.243,863.1365
42.99165,1,1598.696,862.4166,1598.97,862.7766
43.00363,1,1597.621,861.1676,1598.296,861.972
43.01524,1,1597.621,861.1676,1597.958,861.5698
43.02695,1,1597.621,861.1676,1597.79,861.3687
43.03847,1,1596.504,859.8532,1597.147,860.611
43.04878,1,1596.504,859.8532,1596.825,860.2321
43.07806,1,1595.362,859.1399,1596.094,859.686
43.08652,1,1595.362,859.1399,1595.728,859.413
43.09224,1,1595.362,859.1399,1595.545,859.2764
43.10572,1,1594.716,858.4296,1595.131,858.853
43.11806,1,1594.716,858.4296,1594.923,858.6413
43.12796,1,1594.184,858.0815,1594.554,858.3614
43.14133,1,1594.184,858.0815,1594.369,858.2214
43.15179,1,1594.184,858.0815,1594.276,858.1515
43.16425,1,1593,857.7065,1593.638,857.929
43.17474,1,1593,857.7065,1593.319,857.8177
43.18768,1,1592.269,857.0328,1592.794,857.4253
43.19975,1,1592.269,857.0328,1592.532,857.229
43.20956,1,1592.269,857.0328,1592.4,857.1309
43.22333,1,1591.397,856.5393,1591.899,856.8351
43.23444,1,1591.397,856.5393,1591.648,856.6872
43.24709,1,1590.519,856.0616,1591.083,856.3744
43.25719,1,1590.519,856.0616,1590.801,856.218
43.26786,1,1590.519,856.0616,1590.66,856.1398
43.27895,1,1589.649,855.7365,1590.155,855.9381
43.28995,1,1589.649,855.7365,1589.902,855.8373
43.3045,1,1589.649,855.7365,1589.776,855.7869
43.31459,1,1589.394,855.5981,1589.585,855.6925
43.32759,1,1589.394,855.5981,1589.489,855.6453
43.33941,1,1589.195,855.23,1589.342,855.4376
43.35331,1,1589.195,855.23,1589.268,855.3339
43.3624,1,1589.195,855.23,1589.231,855.282
43.37358,1,1588.867,854.7326,1589.049,855.0073
43.38798,1,1588.867,854.7326,1588.958,854.87
43.39867,1,1588.246,854.0933,1588.602,854.4816
43.40987,1,1588.246,854.0933,1588.424,854.2875
43.42401,1,1588.246,854.0933,1588.335,854.1904
43.43549,1,1587.481,852.9205,1587.908,853.5554
43.44804,1,1587.481,852.9205,1587.694,853.238
43.45995,1,1587.19,852.2034,1587.442,852.7207
43.47128,1,1587.19,852.2034,1587.316,852.462
43.4836,1,1587.19,852.2034,1587.253,852.3328
43.49239,1,1586.583,850.4752,1586.918,851.404
43.50618,1,1586.583,850.4752,1586.75,850.9396
43.51794,1,1585.182,848.6124,1585.966,849.776
43.52929,1,1585.182,848.6124,1585.574,849.1942
43.53999,1,1585.182,848.6124,1585.378,848.9033
43.5506,1,1584.327,846.1973,1584.853,847.5503
43.56232,1,1584.327,846.1973,1584.59,846.8738
43.57276,1,1584.327,846.1973,1584.458,846.5355
43.58633,1,1582.403,844.5881,1583.431,845.5618
43.59786,1,1582.403,844.5881,1582.917,845.075
43.60896,1,1580.308,842.3453,1581.612,843.7101
43.62246,1,1580.308,842.3453,1580.96,843.0277
43.6315,1,1580.308,842.3453,1580.634,842.6865
43.64672,1,1577.87,840.6523,1579.252,841.6694
43.65853,1,1577.87,840.6523,1578.561,841.1609
43.66795,1,1577.87,840.6523,1578.215,840.9066
43.67854,1,1575.605,838.9312,1576.91,839.9189
43.69127,1,1575.605,838.9312,1576.258,839.425
43.70564,1,1573.753,836.8389,1575.005,838.132
43.71581,1,1573.753,836.8389,1574.379,837.4854
43.72964,1,1571.255,834.6461,1572.817,836.0657
43.74249,1,1571.255,834.6461,1572.036,835.3559
43.74995,1,1571.255,834.6461,1571.645,835.001
43.7635,1,1568.893,832.5908,1570.269,833.7959
43.7747,1,1568.893,832.5908,1569.581,833.1934
43.7883,1,1568.893,832.5908,1569.237,832.8921
43.79922,1,1566.849,830.8119,1568.043,831.852
43.80902,1,1566.849,830.8119,1567.446,831.3319
43.82296,1,1564.445,828.4052,1565.945,829.8685
43.83192,1,1564.445,828.4052,1565.195,829.1368
43.84618,1,1564.445,828.4052,1564.82,828.771
43.85791,1,1561.808,825.7438,1563.314,827.2574
43.86893,1,1561.808,825.7438,1562.561,826.5006
43.88302,1,1559.292,822.5823,1560.927,824.5414
43.89358,1,1559.292,822.5823,1560.109,823.5619
43.90892,1,1559.292,822.5823,1559.701,823.0721
43.91923,1,1557.427,819.6497,1558.564,821.3608
43.92567,1,1557.427,819.6497,1557.995,820.5052
43.94045,1,1555.502,816.3402,1556.749,818.4227
43.95101,1,1555.502,816.3402,1556.126,817.3815
43.96231,1,1555.502,816.3402,1555.814,816.8608
43.97142,1,1553.674,814.0831,1554.744,815.4719
43.98393,1,1553.674,814.0831,1554.209,814.7775
43.99546,1,1553.674,814.0831,1553.942,814.4303
44.00568,1,1551.152,811.9451,1552.547,813.1877
44.01496,1,1551.152,811.9451,1551.849,812.5664
44.02798,1,1551.152,811.9451,1551.5,812.2557
44.04008,1,1549.092,808.9056,1550.296,810.5807
44.05119,1,1549.092,808.9056,1549.694,809.7432
44.06435,1,1481.806,778.002,1515.75,793.8726
44.07307,1,1481.806,778.002,1498.778,785.9373
44.08656,1,1481.806,778.002,1490.292,781.9696
44.09721,1,1239.317,671.4797,1364.804,726.7247
44.10845,1,1239.317,671.4797,1302.061,699.1022
44.12083,1,1239.317,671.4797,1270.689,685.291
44.13081,1,1011.791,568.9046,1141.24,627.0978
44.14356,1,1011.791,568.9046,1076.515,598.0012
44.15452,1,897.3879,516.6089,986.9516,557.3051
44.16546,1,897.3879,516.6089,942.1698,536.957
44.17721,1,897.3879,516.6089,919.7789,526.783
44.18902,1,843.8935,494.6286,881.8362,510.7058
44.20251,1,843.8935,494.6286,862.8649,502.6672
44.21243,1,822.6295,485.2769,842.7472,493.972
44.22537,1,822.6295,485.2769,832.6884,489.6245
44.23798,1,822.6295,485.2769,827.6589,487.4507
44.24643,1,804.0991,475.7797,815.879,481.6152
44.26025,1,804.0991,475.7797,809.9891,478.6974
44.27148,1,804.0991,475.7797,807.0441,477.2385
44.28493,1,755.9445,482.2507,781.4943,479.7446
44.29601,1,755.9445,482.2507,768.7194,480.9977
44.30838,1,714.48,491.4279,741.5997,486.2128
44.3198,1,714.48,491.4279,728.0398,488.8203
44.33003,1,714.48,491.4279,721.2599,490.1241
44.34277,1,692.6348,495.6938,706.9474,492.9089
44.35347,1,692.6348,495.6938,699.7911,494.3013
44.366,1,678.6158,497.1027,689.2035,495.702
44.37861,1,678.6158,497.1027,683.9097,496.4023
44.38846,1,678.6158,497.1027,681.2628,496.7525
44.40205,1,672.6862,497.6289,676.9745,497.1907
44.41056,1,672.6862,497.6289,674.8303,497.4098
44.42337,1,672.6862,497.6289,673.7582,497.5193
44.43372,1,669.4647,498.2876,671.6115,497.9035
44.44564,1,669.4647,498.2876,670.5381,498.0955
44.45924,1,667.268,498.6653,668.9031,498.3804
44.47068,1,667.268,498.6653,668.0856,498.5228
44.48319,1,667.268,498.6653,667.6768,498.5941
44.49348,1,667.1972,498.7341,667.437,498.6641
44.50627,1,667.1972,498.7341,667.3171,498.6991
44.52026,1,725.6409,518.6053,696.479,508.6522
44.53003,1,725.6409,518.6053,711.0599,513.6287
44.54266,1,725.6409,518.6053,718.3505,516.117
44.55474,1,997.3947,623.7488,857.8726,569.9329
44.56615,1,997.3947,623.7488,927.6337,596.8408
44.57789,1,1239.999,718.6173,1083.816,657.7291
44.58943,1,1239.999,718.6173,1161.908,688.1732
44.60416,1,1239.999,718.6173,1200.953,703.3953
44.61045,1,1364.685,769.6461,1282.819,736.5207
44.62422,1,1364.685,769.6461,1323.752,753.0834
44.63697,1,1421.408,793.4618,1372.58,773.2726
44.64739,1,1421.408,793.4618,1396.994,783.3672
44.66539,1,1449.212,803.3359,1423.103,793.3516
44.68452,1,1449.212,803.3359,1436.157,798.3438
44.6926,1,1449.212,803.3359,1442.685,800.8398
44.70207,1,1461.977,808.9014,1452.331,804.8706
44.71161,1,1461.977,808.9014,1457.154,806.886
44.72468,1,1461.977,808.9014,1459.565,807.8937
44.73421,1,1469.877,812.8339,1464.721,810.3638
44.74629,1,1469.877,812.8339,1467.299,811.5989
44.75817,1,1472.343,816.885,1469.821,814.2419
44.7693,1,1472.343,816.885,1471.082,815.5635
44.78428,1,1472.343,816.885,1471.712,816.2242
44.79271,1,1477.062,824.6125,1474.387,820.4184
44.80613,1,1477.062,824.6125,1475.725,822.5155
44.81763,1,1507.886,857.499,1491.805,840.0072
44.8273,1,1507.886,857.499,1499.845,848.7531
44.83955,1,1507.886,857.499,1503.866,853.126
44.85058,1,1534.975,885.6502,1519.42,869.3881
44.863,1,1534.975,885.6502,1527.197,877.5192
44.8733,1,1534.975,885.6502,1531.086,881.5847
44.88768,1,1552.966,903.9539,1542.026,892.7693
44.898,1,1552.966,903.9539,1547.496,898.3616
44.91057,1,1562.715,917.5908,1555.105,907.9762
44.92502,1,1562.715,917.5908,1558.91,912.7835
44.93353,1,1562.715,917.5908,1560.813,915.1871
44.94537,1,1570.72,922.2904,1565.766,918.7388
44.95679,1,1570.72,922.2904,1568.243,920.5146
44.96615,1,1570.72,922.2904,1569.482,921.4025
44.98031,1,1574.759,927.5468,1572.12,924.4746
44.98884,1,1574.759,927.5468,1573.44,926.0107
45.00439,1,1576.429,930.9104,1574.935,928.4606
45.01292,1,1576.429,930.9104,1575.682,929.6855
45.02496,1,1576.429,930.9104,1576.056,930.298
45.03699,1,1572.607,939.3177,1574.331,934.8079
45.04665,1,1572.607,939.3177,1573.469,937.0627
45.05918,1,1568.707,946.4025,1571.088,941.7326
45.06984,1,1568.707,946.4025,1569.897,944.0675
45.08238,1,1568.707,946.4025,1569.302,945.235
45.10678,1,1565.211,952.2108,1567.257,948.7229
45.11318,1,1565.211,952.2108,1566.234,950.4669
45.12187,1,1563.044,955.4124,1564.639,952.9396
45.13074,1,1563.044,955.4124,1563.842,954.176
45.14403,1,1563.044,955.4124,1563.443,954.7942
45.15572,1,1561.619,958.1263,1562.531,956.4603
45.16885,1,1561.619,958.1263,1562.075,957.2933
45.17809,1,1561.619,958.1263,1561.847,957.7098
45.18894,1,1559.299,960.8725,1560.573,959.2911
45.20258,1,1559.299,960.8725,1559.936,960.0818
45.21217,1,1557.21,962.8993,1558.573,961.4905
45.22554,1,1557.21,962.8993,1557.891,962.1949
45.23932,1,1556.526,965.73,1557.209,963.9625
45.24882,1,1556.526,965.73,1556.867,964.8462
45.26072,1,1556.526,965.73,1556.697,965.2881
45.27255,1,1556.329,967.3137,1556.513,966.3009
45.28774,1,1556.329,967.3137,1556.421,966.8073
45.2951,1,1556.329,967.3137,1556.375,967.0604
45.30826,1,1557.944,971.6596,1557.159,969.36
45.32101,1,1557.944,971.6596,1557.552,970.5098
45.33096,1,1559.639,977.0012,1558.595,973.7555
45.3443,1,1559.639,977.0012,1559.117,975.3784
45.35542,1,1559.639,977.0012,1559.378,976.1898
45.36955,1,1561.593,981.851,1560.486,979.0204
45.38046,1,1561.593,981.851,1561.04,980.4357
45.39199,1,1562.97,985.5676,1562.005,983.0016
45.40398,1,1562.97,985.5676,1562.487,984.2847
45.41415,1,1562.97,985.5676,1562.728,984.9261
45.427,1,1563.764,988.7147,1563.246,986.8204
45.43908,1,1563.764,988.7147,1563.505,987.7676
45.44991,1,1563.764,988.7147,1563.635,988.2411
45.46186,1,1563.963,990.8954,1563.799,989.5683
45.47076,1,1563.963,990.8954,1563.881,990.2319
45.48308,1,1563.54,992.425,1563.71,991.3284
45.49383,1,1563.54,992.425,1563.625,991.8767
45.50737,1,1563.54,992.425,1563.582,992.1509
45.51942,1,1562.996,993.6986,1563.289,992.9247
45.52962,1,1562.996,993.6986,1563.143,993.3116
45.54077,1,1562.996,993.6986,1563.069,993.5051
45.55119,1,1562.532,994.045,1562.801,993.7751
45.56258,1,1562.532,994.045,1562.667,993.91
45.5732,1,1561.736,995.3908,1562.201,994.6504
45.58588,1,1561.736,995.3908,1561.969,995.0206
45.59548,1,1561.736,995.3908,1561.852,995.2057
45.60836,1,1560.216,996.2819,1561.034,995.7438
45.62056,1,1560.216,996.2819,1560.625,996.0128
45.63206,1,1559.072,996.6121,1559.848,996.3124
45.64513,1,1559.072,996.6121,1559.46,996.4623
45.65546,1,1559.072,996.6121,1559.266,996.5372
45.66972,1,1557.116,996.5535,1558.191,996.5453
45.67946,1,1557.116,996.5535,1557.653,996.5494
45.6904,1,1557.116,996.5535,1557.384,996.5514
45.70389,1,1554.374,996.5043,1555.879,996.5278
45.71324,1,1554.374,996.5043,1555.126,996.5161
45.72679,1,1551.504,996.1372,1553.315,996.3267
45.73811,1,1551.504,996.1372,1552.409,996.2319
45.74818,1,1551.504,996.1372,1551.956,996.1846
45.76074,1,1549.083,995.2576,1550.52,995.7211
45.77255,1,1549.083,995.2576,1549.801,995.4894
45.78568,1,1546.266,994.8161,1548.034,995.1527
45.79485,1,1546.266,994.8161,1547.15,994.9844
45.80911,1,1546.266,994.8161,1546.708,994.9003
45.82104,1,1543.211,993.9637,1544.959,994.432
45.83068,1,1543.211,993.9637,1544.085,994.1979
45.84359,1,1539.587,992.5049,1541.836,993.3514
45.85496,1,1539.587,992.5049,1540.712,992.9281
45.86548,1,1539.587,992.5049,1540.149,992.7165
45.87769,1,1535.401,990.9083,1537.775,991.8124
45.88948,1,1535.401,990.9083,1536.588,991.3604
45.90216,1,1535.401,990.9083,1535.995,991.1343
45.91084,1,1532.311,989.9988,1534.153,990.5665
45.92411,1,1532.311,989.9988,1533.232,990.2827
45.93365,1,1532.311,989.9988,1532.771,990.1407
45.94573,1,1529.322,988.9839,1531.047,989.5624
45.95859,1,1529.322,988.9839,1530.185,989.2732
45.96962,1,1525.702,988.4642,1527.943,988.8687
45.98172,1,1525.702,988.4642,1526.823,988.6664
45.99152,1,1525.702,988.4642,1526.262,988.5653
46.00447,1,1522.307,987.3624,1524.284,987.9639
46.0136,1,1522.307,987.3624,1523.296,987.6631
46.02618,1,1519.747,986.153,1521.521,986.9081
46.03772,1,1519.747,986.153,1520.634,986.5305
46.04704,1,1519.747,986.153,1520.191,986.3417
46.06017,1,1517.546,985.2402,1518.868,985.791
46.07076,1,1517.546,985.2402,1518.207,985.5156
46.08177,1,1517.546,985.2402,1517.876,985.3779
46.09347,1,1515.763,984.4886,1516.82,984.9332
46.10661,1,1515.763,984.4886,1516.291,984.7109
46.11913,1,1513.917,983.187,1515.104,983.949
46.13033,1,1513.917,983.187,1514.511,983.568
46.14097,1,1513.917,983.187,1514.214,983.3774
46.15098,1,1510.976,982.2928,1512.595,982.8351
46.16268,1,1510.976,982.2928,1511.786,982.564
46.17371,1,1510.976,982.2928,1511.381,982.4283
46.18893,1,1508.455,981.4409,1509.918,981.9346
46.1996,1,1508.455,981.4409,1509.187,981.6877
46.20911,1,1505.672,981.1665,1507.429,981.4271
46.22507,1,1505.672,981.1665,1506.55,981.2968
46.23888,1,1503.187,980.532,1504.869,980.9144
46.24731,1,1503.187,980.532,1504.028,980.7233
46.26154,1,1503.187,980.532,1503.607,980.6277
46.27053,1,1502.698,979.8405,1503.152,980.2341
46.28419,1,1502.698,979.8405,1502.925,980.0374
46.29568,1,1502.698,979.8405,1502.811,979.939
46.30849,1,1504.218,971.2209,1503.515,975.58
46.31994,1,1504.218,971.2209,1503.866,973.4005
46.32717,1,1512.922,940.9591,1508.394,957.1798
46.34334,1,1512.922,940.9591,1510.658,949.0695
46.35411,1,1512.922,940.9591,1511.79,945.0143
46.368,1,1515.112,943.6216,1513.451,944.318
46.37884,1,1515.112,943.6216,1514.282,943.9698
46.38987,1,1509.385,945.4054,1511.833,944.6876
46.40449,1,1509.385,945.4054,1510.609,945.0465
46.41472,1,1509.385,945.4054,1509.997,945.226
46.42677,1,1505.718,950.1164,1507.857,947.6711
46.43989,1,1505.718,950.1164,1506.787,948.8938
46.44738,1,1505.718,950.1164,1506.252,949.5051
46.46188,1,1503.697,952.8362,1504.975,951.1707
46.47323,1,1503.697,952.8362,1504.336,952.0034
46.4857,1,1501.897,954.9052,1503.116,953.4543
46.4978,1,1501.897,954.9052,1502.506,954.1798
46.50726,1,1501.897,954.9052,1502.201,954.5425
46.52116,1,1499.674,957.8988,1500.938,956.2206
46.53137,1,1499.674,957.8988,1500.306,957.0597
46.54488,1,1496.964,960.7853,1498.635,958.9225
46.55717,1,1496.964,960.7853,1497.799,959.8539
46.56892,1,1494.432,963.5452,1496.116,961.6995
46.58187,1,1494.432,963.5452,1495.274,962.6223
46.59222,1,1494.432,963.5452,1494.853,963.0837
46.60556,1,1491.518,965.7788,1493.186,964.4313
46.61737,1,1491.518,965.7788,1492.352,965.105
46.6274,1,1491.518,965.7788,1491.935,965.4419
46.64008,1,1489.522,968.5181,1490.729,966.98
46.65211,1,1489.522,968.5181,1490.125,967.749
46.66248,1,1486.84,970.252,1488.483,969.0005
46.67319,1,1486.84,970.252,1487.662,969.6262
46.68563,1,1486.84,970.252,1487.251,969.9391
46.69701,1,1484.306,971.5432,1485.778,970.7411
46.70814,1,1484.306,971.5432,1485.042,971.1422
46.72234,1,1481.878,971.5958,1483.46,971.369
46.73207,1,1481.878,971.5958,1482.669,971.4824
46.74396,1,1481.878,971.5958,1482.273,971.5391
46.75504,1,1479.449,972.2192,1480.861,971.8792
46.76838,1,1479.449,972.2192,1480.155,972.0492
46.7785,1,1479.449,972.2192,1479.802,972.1342
46.78913,1,1477.24,973.0613,1478.521,972.5977
46.80268,1,1477.24,973.0613,1477.881,972.8295
46.81151,1,1474.51,973.1497,1476.195,972.9896
46.82348,1,1474.51,973.1497,1475.353,973.0697
46.83494,1,1474.51,973.1497,1474.931,973.1097
46.84837,1,1471.615,972.2364,1473.273,972.6731
46.85851,1,1471.615,972.2364,1472.444,972.4547
46.86976,1,1471.615,972.2364,1472.029,972.3456
46.88214,1,1468.839,971.0011,1470.434,971.6733
46.89272,1,1468.839,971.0011,1469.636,971.3372
46.90482,1,1466.363,969.9146,1468,970.6259
46.91775,1,1466.363,969.9146,1467.181,970.2703
46.92721,1,1466.363,969.9146,1466.772,970.0924
46.94101,1,1463.144,967.6025,1464.958,968.8475
46.95293,1,1463.144,967.6025,1464.051,968.225
46.96439,1,1460.357,965.528,1462.204,966.8765
46.97356,1,1460.357,965.528,1461.28,966.2023
46.98721,1,1460.357,965.528,1460.818,965.8651
46.99782,1,1457.643,964.2601,1459.23,965.0626
47.00809,1,1457.643,964.2601,1458.437,964.6614
47.02152,1,1453.987,962.0866,1456.212,963.374
47.03139,1,1453.987,962.0866,1455.1,962.7303
47.04757,1,1453.987,962.0866,1454.543,962.4084
47.05854,1,1450.517,960.9861,1452.53,961.6973
47.06873,1,1450.517,960.9861,1451.524,961.3417
47.08098,1,1450.517,960.9861,1451.02,961.1639
47.0908,1,1445.342,958.5198,1448.181,959.8419
47.10325,1,1445.342,958.5198,1446.762,959.1808
47.11347,1,1350.224,908.7947,1398.493,933.9878
47.12566,1,1350.224,908.7947,1374.359,921.3912
47.13742,1,1350.224,908.7947,1362.292,915.093
47.147,1,1098.83,778.1572,1230.561,846.6251
47.15963,1,1098.83,778.1572,1164.696,812.3912
47.17067,1,1098.83,778.1572,1131.763,795.2742
47.1841,1,926.394,683.6015,1029.079,739.4379
47.19372,1,926.394,683.6015,977.7363,711.5197
47.20964,1,841.1119,640.3472,909.4241,675.9334
47.22198,1,841.1119,640.3472,875.2681,658.1403
47.23341,1,805.3846,615.9794,840.3263,637.0598
47.24535,1,805.3846,615.9794,822.8555,626.5197
47.25701,1,805.3846,615.9794,814.12,621.2495
47.2673,1,924.0636,661.1604,869.0918,641.205
47.28003,1,924.0636,661.1604,896.5777,651.1827
47.28979,1,924.0636,661.1604,910.3207,656.1715
47.30208,1,986.526,690.3113,948.4233,673.2415
47.31287,1,986.526,690.3113,967.4747,681.7764
47.3253,1,1073.689,731.6913,1020.582,706.7338
47.33817,1,1073.689,731.6913,1047.135,719.2125
47.34776,1,1073.689,731.6913,1060.412,725.4519
47.36048,1,1186.484,784.0976,1123.448,754.7748
47.37149,1,1186.484,784.0976,1154.966,769.4362
47.38423,1,1186.484,784.0976,1170.725,776.7668
47.39445,1,1269.073,825.3127,1219.899,801.0398
47.40802,1,1269.073,825.3127,1244.486,813.1763
47.43619,1,1316.822,846.9897,1280.654,830.083
47.44582,1,1342.506,858.1609,1311.58,844.1219
47.45338,1,1342.506,858.1609,1327.043,851.1415
47.46539,1,1342.506,858.1609,1334.775,854.6512
47.47678,1,1354.786,862.7246,1344.781,858.6879
47.4878,1,1354.786,862.7246,1349.783,860.7063
47.50105,1,1354.786,862.7246,1352.285,861.7155
47.50939,1,1363.445,865.6253,1357.865,863.6704
47.52275,1,1363.445,865.6253,1360.655,864.6478
47.53197,1,1363.445,865.6253,1362.05,865.1366
47.54554,1,1366.656,867.3231,1364.353,866.2299
47.55715,1,1366.656,867.3231,1365.504,866.7765
47.56683,1,1367.949,867.1688,1366.727,866.9727
47.57857,1,1367.949,867.1688,1367.338,867.0707
47.58964,1,1367.949,867.1688,1367.643,867.1198
47.60151,1,1367.854,872.0947,1367.749,869.6072
47.61444,1,1367.854,872.0947,1367.801,870.851
47.62613,1,1369.233,878.2774,1368.517,874.5642
47.63866,1,1369.233,878.2774,1368.875,876.4208
47.64726,1,1369.233,878.2774,1369.054,877.3491
47.66228,1,1370.152,882.1389,1369.603,879.744
47.67346,1,1370.152,882.1389,1369.878,880.9415
47.68436,1,1370.152,882.1389,1370.015,881.5402
47.69777,1,1368.996,883.9352,1369.506,882.7377
47.70854,1,1368.996,883.9352,1369.251,883.3364
47.72083,1,1367.1,884.5453,1368.175,883.9409
47.73058,1,1367.1,884.5453,1367.637,884.2432
47.74324,1,1367.1,884.5453,1367.369,884.3943
47.75381,1,1366.129,885.1362,1366.749,884.7653
47.76556,1,1366.129,885.1362,1366.438,884.9507
47.77753,1,1364.393,885.3716,1365.416,885.1611
47.7877,1,1364.393,885.3716,1364.905,885.2664
47.80081,1,1364.393,885.3716,1364.649,885.319
47.81233,1,1363.018,884.8554,1363.833,885.0872
47.82431,1,1363.018,884.8554,1363.426,884.9713
47.83488,1,1363.018,884.8554,1363.222,884.9133
47.84772,1,1362.073,884.4777,1362.647,884.6955
47.85848,1,1362.073,884.4777,1362.36,884.5865
47.86969,1,1361.368,884.2731,1361.864,884.4298
47.88116,1,1361.368,884.2731,1361.616,884.3514
47.89164,1,1361.368,884.2731,1361.492,884.3123
47.90452,1,1360.412,884.197,1360.952,884.2546
47.91856,1,1360.412,884.197,1360.682,884.2258
47.9298,1,1359.561,883.8823,1360.121,884.0541
47.94076,1,1359.561,883.8823,1359.841,883.9681
47.95226,1,1359.561,883.8823,1359.701,883.9252
47.96406,1,1358.831,883.4196,1359.266,883.6724
47.97398,1,1358.831,883.4196,1359.048,883.546
47.98663,1,1358.831,883.4196,1358.94,883.4828
47.9971,1,1357.819,882.2929,1358.379,882.8878
48.00883,1,1357.819,882.2929,1358.099,882.5903
48.02207,1,1356.661,880.8334,1357.38,881.7119
48.03575,1,1356.661,880.8334,1357.021,881.2726
48.04528,1,1356.661,880.8334,1356.841,881.053
48.0571,1,1355.271,880.0238,1356.056,880.5384
48.06785,1,1355.271,880.0238,1355.663,880.2811
48.08105,1,1353.686,879.0376,1354.674,879.6594
48.09081,1,1353.686,879.0376,1354.18,879.3485
48.10384,1,1353.686,879.0376,1353.933,879.1931
48.11428,1,1351.34,877.4527,1352.636,878.3229
48.12638,1,1351.34,877.4527,1351.988,877.8878
48.13838,1,1351.34,877.4527,1351.664,877.6703
48.14737,1,1349.024,875.8802,1350.344,876.7753
48.16042,1,1349.024,875.8802,1349.684,876.3278
48.17158,1,1347.046,874.5159,1348.365,875.4218
48.18387,1,1347.046,874.5159,1347.705,874.9689
48.19572,1,1347.046,874.5159,1347.375,874.7424
48.21101,1,1345.055,873.3491,1346.215,874.0458
48.22343,1,1345.055,873.3491,1345.635,873.6974
48.23383,1,1293.255,871.8651,1319.445,872.7813
48.24488,1,1293.255,871.8651,1306.35,872.3232
48.25834,1,1293.255,871.8651,1299.802,872.0941
48.26971,1,1028.962,870.0622,1164.382,871.0781
48.28221,1,1028.962,870.0622,1096.672,870.5702
48.29347,1,760.8489,867.9077,928.7606,869.239
48.30614,1,760.8489,867.9077,844.8048,868.5734
48.31816,1,760.8489,867.9077,802.8269,868.2405
48.32825,1,612.5597,870.6415,707.6933,869.441
48.34068,1,612.5597,870.6415,660.1265,870.0413
48.35423,1,542.9821,868.4578,601.5543,869.2495
48.36605,1,542.9821,868.4578,572.2682,868.8536
48.37709,1,542.9821,868.4578,557.6251,868.6557
48.3893,1,509.4473,867.4713,533.5362,868.0635
48.40125,1,509.4473,867.4713,521.4918,867.7674
48.41113,1,493.4386,869.632,507.4652,868.6997
48.4251,1,493.4386,869.632,500.4519,869.1658
48.43687,1,493.4386,869.632,496.9453,869.3989
48.44721,1,486.1775,869.915,491.5614,869.657
48.45911,1,486.1775,869.915,488.8694,869.786
48.47109,1,486.1775,869.915,487.5235,869.8505
48.48326,1,483.5044,869.7689,485.5139,869.8097
48.494,1,483.5044,869.7689,484.5092,869.7893
48.5064,1,480.9534,870.9736,482.7313,870.3815
48.51566,1,480.9534,870.9736,481.8423,870.6776
48.53043,1,480.9534,870.9736,481.3979,870.8256
48.54186,1,477.2837,869.5919,479.3408,870.2087
48.55315,1,477.2837,869.5919,478.3122,869.9003
48.5645,1,474.9881,869.0959,476.6501,869.4981
48.57462,1,474.9881,869.0959,475.8191,869.297
48.58736,1,474.9881,869.0959,475.4036,869.1965
48.59858,1,505.3562,869.137,490.3799,869.1667
48.60892,1,505.3562,869.137,497.868,869.1519
48.62347,1,699.471,871.5322,598.6696,870.342
48.63527,1,699.471,871.5322,649.0703,870.9371
48.64699,1,699.471,871.5322,674.2706,871.2346
48.65953,1,976.5276,878.317,825.3991,874.7758
48.67074,1,976.5276,878.317,900.9634,876.5464
48.68315,1,1146.745,880.1456,1023.854,878.346
48.69821,1,1146.745,880.1456,1085.3,879.2458
48.70478,1,1146.745,880.1456,1116.022,879.6957
48.71744,1,1229.737,880.4356,1172.88,880.0657
48.72771,1,1229.737,880.4356,1201.309,880.2506
48.7409,1,1229.737,880.4356,1215.523,880.3431
48.75328,1,1269.208,879.1199,1242.366,879.7315
48.76596,1,1269.208,879.1199,1255.787,879.4257
48.77844,1,1289.291,874.704,1272.539,877.0648
48.78712,1,1289.291,874.704,1280.915,875.8844
48.8009,1,1289.291,874.704,1285.103,875.2942
48.81072,1,1298.901,871.336,1292.002,873.3151
48.82365,1,1298.901,871.336,1295.451,872.3256
48.83307,1,1298.901,871.336,1297.176,871.8308
48.84692,1,1303.792,868.1321,1300.484,869.9814
48.85806,1,1303.792,868.1321,1302.138,869.0568
48.86761,1,1325.707,871.3367,1313.922,870.1968
48.87945,1,1325.707,871.3367,1319.815,870.7667
48.88983,1,1325.707,871.3367,1322.761,871.0518
48.90596,1,1445.684,889.8481,1384.222,880.45
48.91421,1,1445.684,889.8481,1414.953,885.149
48.92794,1,1556.961,912.6116,1485.957,898.8803
48.94112,1,1556.961,912.6116,1521.459,905.746
48.95036,1,1556.961,912.6116,1539.21,909.1788
48.96311,1,1619.904,925.666,1579.557,917.4224
48.97336,1,1619.904,925.666,1599.73,921.5442
48.98566,1,1655.65,930.9719,1627.69,926.2581
48.99751,1,1655.65,930.9719,1641.67,928.615
49.00863,1,1655.65,930.9719,1648.66,929.7935
49.02236,1,1673.38,935.5818,1661.02,932.6876
49.03139,1,1673.38,935.5818,1667.2,934.1348
49.04756,1,1682.118,937.8685,1674.659,936.0016
49.05961,1,1682.118,937.8685,1678.389,936.9351
49.07106,1,1682.118,937.8685,1680.254,937.4018
49.08378,1,1685.97,938.5056,1683.112,937.9537
49.09372,1,1685.97,938.5056,1684.541,938.2297
49.10721,1,1687.743,936.8793,1686.142,937.5545
49.12019,1,1687.743,936.8793,1686.943,937.2169
49.1308,1,1687.743,936.8793,1687.343,937.0481
49.14231,1,1675.871,930.9467,1681.607,933.9974
49.15372,1,1675.871,930.9467,1678.739,932.472
49.16544,1,1675.871,930.9467,1677.305,931.7094
49.1751,1,1666.555,926.5966,1671.93,929.153
49.18792,1,1666.555,926.5966,1669.242,927.8748
49.19912,1,1660.676,924.4912,1664.959,926.183
49.20949,1,1660.676,924.4912,1662.818,925.3371
49.22233,1,1660.676,924.4912,1661.747,924.9142
49.23123,1,1655.597,923.0284,1658.672,923.9713
49.24731,1,1655.597,923.0284,1657.135,923.4999
49.25802,1,1647.157,876.6669,1652.146,900.0834
49.2701,1,1647.157,876.6669,1649.652,888.3751
49.28054,1,1647.157,876.6669,1648.404,882.521
49.29095,1,1677.382,723.8527,1662.893,803.1868
49.30417,1,1677.382,723.8527,1670.138,763.5198
49.31412,1,1677.382,723.8527,1673.76,743.6862
49.3297,1,1677.382,723.8527,1675.571,733.7694
49.34161,1,1677.382,723.8527,1676.477,728.811
49.35191,1,1669.943,721.4089,1673.21,725.11
49.36449,1,1669.943,721.4089,1671.576,723.2595
49.37543,1,1669.943,721.4089,1670.759,722.3342
49.38956,1,1670.251,787.7966,1670.505,755.0654
49.39821,1,1670.251,787.7966,1670.378,771.431
49.40958,1,1664.519,785.9616,1667.449,778.6963
49.42151,1,1664.519,785.9616,1665.984,782.329
49.43233,1,1664.519,785.9616,1665.252,784.1453
49.44532,1,1662.224,798.113,1663.738,791.1292
49.45577,1,1662.224,798.113,1662.981,794.6211
49.46867,1,1655.996,818.0208,1659.489,806.3209
49.4799,1,1655.996,818.0208,1657.742,812.1709
49.48876,1,1655.996,818.0208,1656.869,815.0958
49.50151,1,1648.4,834.6569,1652.635,824.8763
49.5119,1,1648.4,834.6569,1650.517,829.7666
49.52387,1,1648.4,834.6569,1649.458,832.2117
49.53532,1,1642.185,846.0725,1645.822,839.1421
49.54635,1,1642.185,846.0725,1644.003,842.6073
49.55859,1,1642.185,846.0725,1643.094,844.3399
49.56912,1,1639.332,855.3491,1641.213,849.8445
49.58202,1,1639.332,855.3491,1640.272,852.5968
49.59247,1,1637.76,861.1658,1639.016,856.8813
49.60643,1,1637.76,861.1658,1638.388,859.0236
49.61496,1,1637.76,861.1658,1638.074,860.0947
49.62922,1,1636.063,865.5792,1637.069,862.8369
49.64042,1,1636.063,865.5792,1636.566,864.208
49.65162,1,1634.202,867.3307,1635.384,865.7693
49.66312,1,1634.202,867.3307,1634.793,866.55
49.67361,1,1634.202,867.3307,1634.497,866.9404
49.6881,1,1644.906,830.2113,1639.702,848.5758
49.69768,1,1644.906,830.2113,1642.304,839.3936
49.70942,1,1622.02,832.776,1632.162,836.0848
49.72227,1,1622.02,832.776,1627.091,834.4304
49.73148,1,1622.02,832.776,1624.555,833.6032
49.74504,1,1684.514,739.2816,1654.535,786.4424
49.75565,1,1684.514,739.2816,1669.524,762.8619
49.7679,1,1708.765,699.4775,1689.145,731.1697
49.77914,1,1708.765,699.4775,1698.955,715.3236
49.78935,1,1708.765,699.4775,1703.86,707.4006
49.80255,1,1662.676,686.9098,1683.268,697.1552
49.81166,1,1662.676,686.9098,1672.972,692.0325
49.82355,1,1662.676,686.9098,1667.824,689.4711
49.83454,1,1680.672,686.6899,1674.248,688.0806
49.8466,1,1680.672,686.6899,1677.46,687.3853
49.85834,1,1680.672,686.6899,1679.066,687.0376
49.86912,1,1671.291,707.1337,1675.178,697.0857
49.87994,1,1671.291,707.1337,1673.234,702.1097
49.89038,1,1671.291,707.1337,1672.262,704.6217
49.90369,1,1658.96,733.0549,1665.611,718.8383
49.91341,1,1658.96,733.0549,1662.285,725.9467
49.92625,1,1643.537,766.6225,1652.911,746.2845
49.93923,1,1643.537,766.6225,1648.224,756.4535
49.94836,1,1643.537,766.6225,1645.881,761.538
49.96251,1,1630.011,794.1156,1637.946,777.8268
49.97337,1,1630.011,794.1156,1633.979,785.9712
49.98751,1,1617.073,815.5211,1625.526,800.7462
49.99771,1,1617.073,815.5211,1621.3,808.1337
50.00768,1,1617.073,815.5211,1619.187,811.8274
50.02151,1,1507.825,787.3115,1563.506,799.5695
50.03053,1,1507.825,787.3115,1535.665,793.4404
50.04361,1,1104.982,598.1038,1320.323,695.7721
50.05404,1,1104.982,598.1038,1212.653,646.938
50.06602,1,1104.982,598.1038,1158.817,622.5209
50.08015,1,623.889,350.2505,891.3531,486.3857
50.09186,1,623.889,350.2505,757.6211,418.3181
50.10501,1,409.2716,238.0005,583.4464,328.1593
50.1139,1,409.2716,238.0005,496.359,283.0799
50.12672,1,409.2716,238.0005,452.8153,260.5402
50.1396,1,333.4746,201.036,393.145,230.7881
50.15234,1,333.4746,201.036,363.3098,215.9121
50.16444,1,300.6544,185.6061,331.9821,200.7591
50.17494,1,300.6544,185.6061,316.3182,193.1826
50.1876,1,300.6544,185.6061,308.4863,189.3943
50.20048,1,291.4477,177.9495,299.967,183.6719
50.21024,1,291.4477,177.9495,295.7073,180.8107
50.2235,1,285.2404,174.5426,290.4739,177.6766
50.23315,1,285.2404,174.5426,287.8572,176.1096
50.24459,1,285.2404,174.5426,286.5488,175.3261
50.25487,1,283.6997,172.3697,285.1243,173.8479
50.2681,1,283.6997,172.3697,284.412,173.1088
50.27891,1,283.6997,172.3697,284.0558,172.7392
50.28932,1,340.4577,196.4604,312.2568,184.5998
50.30261,1,340.4577,196.4604,326.3572,190.5301
50.3128,1,340.4577,196.4604,333.4075,193.4952
50.32614,1,519.2755,294.9737,426.3415,244.2345
50.33762,1,519.2755,294.9737,472.8085,269.6041
50.34829,1,1046.692,571.8338,759.7504,420.7189
50.3608,1,1046.692,571.8338,903.2214,496.2764
50.37164,1,1046.692,571.8338,974.9569,534.0551
50.38473,1,1357.653,732.4035,1166.305,633.2292
50.39454,1,1357.653,732.4035,1261.979,682.8164
50.40734,1,1467.622,785.692,1364.8,734.2542
50.41769,1,1467.622,785.692,1416.211,759.9731
50.42695,1,1467.622,785.692,1441.916,772.8326
50.4404,1,1501.049,802.2321,1471.483,787.5323
50.45106,1,1501.049,802.2321,1486.266,794.8822
50.46457,1,1501.049,802.2321,1493.658,798.5571
50.47811,1,1510.081,809.4843,1501.869,804.0208
50.48766,1,1510.081,809.4843,1505.975,806.7526
50.50096,1,1514.618,807.8388,1510.297,807.2957
50.51031,1,1514.618,807.8388,1512.457,807.5673
50.52426,1,1514.618,807.8388,1513.538,807.703
50.53473,1,1519.773,806.6154,1516.655,807.1592
50.54826,1,1519.773,806.6154,1518.214,806.8873
50.55961,1,1524.555,805.7578,1521.385,806.3225
50.57172,1,1524.555,805.7578,1522.97,806.0402
50.58284,1,1524.555,805.7578,1523.762,805.8989
50.59241,1,1525.244,805.5178,1524.503,805.7084
50.60533,1,1525.244,805.5178,1524.874,805.613
50.61433,1,1525.244,805.5178,1525.059,805.5654
50.6264,1,1526.619,805.2318,1525.839,805.3986
50.63827,1,1526.619,805.2318,1526.229,805.3152
50.64744,1,1526.98,803.4303,1526.604,804.3727
50.661,1,1526.98,803.4303,1526.792,803.9015
50.67325,1,1526.98,803.4303,1526.886,803.6659
50.68829,1,1527.641,802.932,1527.263,803.299
50.70861,1,1527.64,801.5463,1527.451,802.4226
50.71694,1,1527.64,801.5463,1527.545,801.9845
50.72368,1,1527.64,801.5463,1527.593,801.7654
50.73711,1,1527.64,801.5463,1527.616,801.6559
50.74734,1,1527.361,799.3143,1527.489,800.4851
50.75966,1,1527.361,799.3143,1527.425,799.8997
50.77116,1,1527.452,797.4875,1527.438,798.6936
50.78446,1,1527.452,797.4875,1527.445,798.0906
50.79436,1,1527.452,797.4875,1527.448,797.7891
50.80775,1,1527.31,795.8854,1527.379,796.8372
50.81937,1,1527.31,795.8854,1527.344,796.3613
50.82983,1,1527.443,793.9962,1527.394,795.1787
50.84265,1,1527.443,793.9962,1527.418,794.5874
50.85273,1,1527.443,793.9962,1527.431,794.2917
50.86502,1,1527.718,793.075,1527.574,793.6833
50.87783,1,1527.718,793.075,1527.646,793.3792
50.88873,1,1528.057,792.3975,1527.852,792.8883
50.90089,1,1528.057,792.3975,1527.954,792.6429
50.91163,1,1528.057,792.3975,1528.006,792.5203
50.92535,1,1528.265,791.7546,1528.135,792.1375
50.9358,1,1528.265,791.7546,1528.2,791.946
50.9482,1,1528.265,791.7546,1528.233,791.8503
50.95938,1,1528.389,789.9368,1528.311,790.8936
50.97136,1,1528.389,789.9368,1528.35,790.4152
50.98351,1,1528.71,787.5848,1528.53,789
50.99377,1,1528.71,787.5848,1528.62,788.2924
51.00619,1,1528.71,787.5848,1528.665,787.9386
51.01738,1,1528.786,785.5104,1528.726,786.7245
51.02827,1,1528.786,785.5104,1528.756,786.1174
51.04007,1,1528.362,783.0502,1528.559,784.5839
51.06859,1,1528.362,783.0502,1528.461,783.817
51.08008,1,1527.939,780.7607,1528.2,782.2888
51.08685,1,1527.939,780.7607,1528.069,781.5248
51.09952,1,1527.848,777.5001,1527.959,779.5125
51.10937,1,1527.848,777.5001,1527.903,778.5063
51.12201,1,1527.848,777.5001,1527.876,778.0032
51.13333,1,1527.623,774.0393,1527.749,776.0212
51.14303,1,1527.623,774.0393,1527.686,775.0303
51.15398,1,1527.623,774.0393,1527.654,774.5348
51.16625,1,1527.095,771.3247,1527.375,772.9297
51.17782,1,1527.095,771.3247,1527.235,772.1272
51.18873,1,1527.095,771.3247,1527.165,771.726
51.20171,1,1526.946,769.0579,1527.056,770.392
51.21275,1,1526.946,769.0579,1527.001,769.725
51.22435,1,1524.958,765.099,1525.979,767.412
51.2356,1,1524.958,765.099,1525.469,766.2555
51.24705,1,1524.958,765.099,1525.213,765.6772
51.25816,1,1522.936,760.4629,1524.075,763.0701
51.26883,1,1522.936,760.4629,1523.505,761.7665
51.28112,1,1521.237,756.8989,1522.371,759.3327
51.29168,1,1521.237,756.8989,1521.804,758.1158
51.30498,1,1521.237,756.8989,1521.52,757.5074
51.31493,1,1520.322,753.4954,1520.921,755.5014
51.3286,1,1520.322,753.4954,1520.622,754.4984
51.33992,1,1520.322,753.4954,1520.472,753.9969
51.35159,1,1519.988,753.0759,1520.23,753.5364
51.36313,1,1519.988,753.0759,1520.109,753.3062
51.37395,1,1518.662,751.9228,1519.385,752.6145
51.38767,1,1518.662,751.9228,1519.024,752.2687
51.39874,1,1518.662,751.9228,1518.843,752.0957
51.41003,1,1517.806,752.3069,1518.324,752.2013
51.4226,1,1517.806,752.3069,1518.065,752.2542
51.43401,1,1517.941,755.1445,1518.003,753.6993
51.44492,1,1517.941,755.1445,1517.972,754.4219
51.45758,1,1517.941,755.1445,1517.957,754.7832
51.46899,1,1518.048,756.9558,1518.002,755.8695
51.48048,1,1518.048,756.9558,1518.025,756.4127
51.49205,1,1518.048,756.9558,1518.036,756.6842
51.50451,1,1518.471,759.7484,1518.254,758.2163
51.51471,1,1518.471,759.7484,1518.362,758.9824
51.52859,1,1518.807,764.1909,1518.584,761.5867
51.53869,1,1518.807,764.1909,1518.696,762.8888
51.55052,1,1518.807,764.1909,1518.751,763.5399
51.56294,1,1519.327,768.4295,1519.039,765.9847
51.57141,1,1519.327,768.4295,1519.183,767.2071
51.58609,1,1519.727,772.8414,1519.455,770.0243
51.59386,1,1519.727,772.8414,1519.591,771.4329
51.60636,1,1519.727,772.8414,1519.659,772.1371
51.6187,1,1519.332,776.9214,1519.495,774.5293
51.62811,1,1519.332,776.9214,1519.413,775.7253
51.64236,1,1519.332,776.9214,1519.372,776.3234
51.65282,1,1518.48,779.8824,1518.926,778.1029
51.66696,1,1518.48,779.8824,1518.703,778.9927
51.67482,1,1517.321,782.7604,1518.012,780.8766
51.68764,1,1517.321,782.7604,1517.667,781.8185
51.69845,1,1517.321,782.7604,1517.494,782.2894
51.71001,1,1515.928,785.1588,1516.711,783.7241
51.72362,1,1515.928,785.1588,1516.319,784.4414
51.73482,1,1514.797,786.8663,1515.558,785.6538
51.74632,1,1514.797,786.8663,1515.177,786.26
51.75786,1,1514.797,786.8663,1514.987,786.5631
51.76879,1,1513.719,788.8173,1514.353,787.6902
51.78347,1,1513.719,788.8173,1514.036,788.2538
51.79447,1,1512.743,791.3395,1513.389,789.7966
51.80681,1,1512.743,791.3395,1513.066,790.5681
51.81899,1,1512.743,791.3395,1512.905,790.9539
51.82928,1,1512.032,794.156,1512.468,792.5549
51.84139,1,1512.032,794.156,1512.25,793.3555
51.8524,1,1512.032,794.156,1512.141,793.7557
51.86447,1,1511.255,797.3911,1511.698,795.5734
51.8728,1,1511.255,797.3911,1511.476,796.4822
51.8866,1,1509.282,800.1898,1510.379,798.3359
51.89545,1,1509.282,800.1898,1509.831,799.2628
51.91083,1,1509.282,800.1898,1509.556,799.7263
51.92253,1,1507.694,802.4397,1508.625,801.083
51.93134,1,1507.694,802.4397,1508.16,801.7614
51.94612,1,1505.945,804.4742,1507.052,803.1178
51.95567,1,1505.945,804.4742,1506.498,803.796
51.96936,1,1505.945,804.4742,1506.221,804.1351
51.98047,1,1504.016,807.1146,1505.119,805.6249
51.99133,1,1504.016,807.1146,1504.567,806.3698
52.00559,1,1504.016,807.1146,1504.291,806.7422
52.01704,1,1501.623,809.1202,1502.957,807.9312
52.02728,1,1501.623,809.1202,1502.29,808.5256
52.04076,1,1499.224,810.6624,1500.757,809.594
52.05152,1,1499.224,810.6624,1499.99,810.1282
52.06433,1,1499.224,810.6624,1499.607,810.3953
52.0727,1,1496.356,812.0983,1497.981,811.2468
52.08575,1,1496.356,812.0983,1497.169,811.6725
52.0956,1,1496.356,812.0983,1496.762,811.8854
52.11002,1,1494.349,814.7469,1495.556,813.3162
52.1214,1,1494.349,814.7469,1494.952,814.0316
52.13097,1,1492.019,817.276,1493.485,815.6538
52.14375,1,1492.019,817.276,1492.752,816.4649
52.15472,1,1492.019,817.276,1492.385,816.8705
52.16573,1,1489.965,820.2385,1491.175,818.5544
52.17686,1,1489.965,820.2385,1490.57,819.3965
52.18707,1,1488.013,822.6144,1489.292,821.0054
52.20001,1,1488.013,822.6144,1488.652,821.8099
52.21077,1,1488.013,822.6144,1488.333,822.2122
52.22417,1,1485.952,824.2807,1487.143,823.2465
52.23708,1,1485.952,824.2807,1486.547,823.7635
52.24628,1,1485.952,824.2807,1486.25,824.0221
52.25958,1,1484.697,825.9154,1485.474,824.9688
52.27083,1,1484.697,825.9154,1485.085,825.4421
52.28269,1,1484.342,827.8639,1484.714,826.653
52.2937,1,1484.342,827.8639,1484.528,827.2584
52.30701,1,1484.342,827.8639,1484.435,827.5612
52.31902,1,1483.543,829.8005,1483.989,828.6808
52.3281,1,1483.543,829.8005,1483.766,829.2406
52.34112,1,1482.458,831.49,1483.112,830.3653
52.3519,1,1482.458,831.49,1482.785,830.9276
52.36317,1,1482.458,831.49,1482.621,831.2088
52.37412,1,1478.427,832.7999,1480.524,832.0044
52.38758,1,1478.427,832.7999,1479.475,832.4022
52.40125,1,1472.526,834.0929,1476.001,833.2476
52.4111,1,1472.526,834.0929,1474.264,833.6702
52.42394,1,1472.526,834.0929,1473.395,833.8816
52.43349,1,1467.281,836.1001,1470.338,834.9908
52.44691,1,1467.281,836.1001,1468.809,835.5455
52.45803,1,1467.281,836.1001,1468.045,835.8228
52.46912,1,1461.93,839.2601,1464.987,837.5414
52.48104,1,1461.93,839.2601,1463.458,838.4008
52.49269,1,1455.997,841.8181,1459.728,840.1094
52.5052,1,1455.997,841.8181,1457.862,840.9637
52.51489,1,1455.997,841.8181,1456.93,841.3909
52.5283,1,1451.776,844.0426,1454.353,842.7167
52.5406,1,1451.776,844.0426,1453.065,843.3796
52.55219,1,1447.926,846.8763,1450.495,845.1279
52.56551,1,1447.926,846.8763,1449.21,846.0021
52.57525,1,1447.926,846.8763,1448.568,846.4392
52.58836,1,1444.65,849.7966,1446.609,848.1179
52.59894,1,1444.65,849.7966,1445.629,848.9573
52.60941,1,1444.65,849.7966,1445.14,849.377
52.62315,1,1441.308,852.4773,1443.224,850.9271
52.63367,1,1441.308,852.4773,1442.266,851.7022
52.64532,1,1437.902,854.4224,1440.084,853.0623
52.65758,1,1437.902,854.4224,1438.993,853.7423
52.66911,1,1437.902,854.4224,1438.448,854.0823
52.68021,1,1434.748,854.9723,1436.598,854.5273
52.6914,1,1434.748,854.9723,1435.673,854.7498
52.70518,1,1431.36,855.1455,1433.516,854.9476
52.71478,1,1431.36,855.1455,1432.438,855.0466
52.72755,1,1431.36,855.1455,1431.899,855.0961
52.74005,1,1429.895,857.1599,1430.897,856.128
52.75062,1,1429.895,857.1599,1430.396,856.6439
52.76257,1,1428.729,859.5983,1429.563,858.1211
52.77332,1,1428.729,859.5983,1429.146,858.8597
52.78523,1,1428.729,859.5983,1428.938,859.229
52.7955,1,1426.752,862.3942,1427.845,860.8116
52.80825,1,1426.752,862.3942,1427.298,861.6029
52.82009,1,1426.752,862.3942,1427.025,861.9985
52.83074,1,1424.85,865.1765,1425.938,863.5875
52.84296,1,1424.85,865.1765,1425.394,864.382
52.85473,1,1423.61,866.8718,1424.502,865.6269
52.86623,1,1423.61,866.8718,1424.056,866.2493
52.87784,1,1423.61,866.8718,1423.833,866.5605
52.88933,1,1421.423,868.2529,1422.628,867.4067
52.90216,1,1421.423,868.2529,1422.026,867.8298
52.91097,1,1421.423,868.2529,1421.724,868.0414
52.92408,1,1419.419,870.125,1420.572,869.0832
52.93491,1,1419.419,870.125,1419.995,869.6041
52.94916,1,1415.775,874.5032,1417.885,872.0537
52.96079,1,1415.775,874.5032,1416.83,873.2784
52.9716,1,1415.775,874.5032,1416.302,873.8909
52.9832,1,1411.298,878.0453,1413.8,875.9681
52.99414,1,1411.298,878.0453,1412.549,877.0067
53.00702,1,1407.033,881.2524,1409.791,879.1295
53.01824,1,1407.033,881.2524,1408.412,880.1909
53.02895,1,1407.033,881.2524,1407.723,880.7217
53.04189,1,1401.753,885.1978,1404.738,882.9597
53.05378,1,1401.753,885.1978,1403.245,884.0787
53.06757,1,1396.821,889.3986,1400.033,886.7386
53.07548,1,1396.821,889.3986,1398.427,888.0686
53.08865,1,1396.821,889.3986,1397.624,888.7336
53.10113,1,1391.272,892.724,1394.448,890.7288
53.11083,1,1391.272,892.724,1392.86,891.7264
53.12251,1,1391.272,892.724,1392.066,892.2252
53.13382,1,1385.993,896.0889,1389.03,894.1571
53.14571,1,1385.993,896.0889,1387.511,895.123
53.15766,1,1382.074,898.5807,1384.793,896.8519
53.16918,1,1382.074,898.5807,1383.433,897.7163
53.18109,1,1382.074,898.5807,1382.754,898.1485
53.19175,1,1379.07,900.5304,1380.912,899.3395
53.20464,1,1379.07,900.5304,1379.991,899.9349
53.21514,1,1376.012,903.1755,1378.001,901.5552
53.22791,1,1376.012,903.1755,1377.007,902.3654
53.24014,1,1376.012,903.1755,1376.509,902.7704
53.25141,1,1372.401,905.3259,1374.455,904.0482
53.26349,1,1372.401,905.3259,1373.428,904.687
53.27313,1,1372.401,905.3259,1372.914,905.0065
53.2857,1,1369.109,908.331,1371.012,906.6687
53.29592,1,1369.109,908.331,1370.061,907.4999
53.30791,1,1366.215,909.469,1368.138,908.4844
53.31938,1,1366.215,909.469,1367.176,908.9767
53.33048,1,1366.215,909.469,1366.696,909.2228
53.34255,1,1363.875,910.8459,1365.285,910.0344
53.35462,1,1363.875,910.8459,1364.58,910.4401
53.36662,1,1361.138,912.7011,1362.859,911.5706
53.377,1,1361.138,912.7011,1361.999,912.1359
53.38784,1,1361.138,912.7011,1361.568,912.4185
53.39945,1,1359.374,915.7573,1360.471,914.0879
53.41424,1,1359.374,915.7573,1359.923,914.9226
53.42434,1,1359.374,915.7573,1359.648,915.34
53.43327,1,1356.618,918.1322,1358.133,916.7361
53.44651,1,1356.618,918.1322,1357.376,917.4341
53.46268,1,1354.525,920.8306,1355.951,919.1323
53.47495,1,1354.525,920.8306,1355.238,919.9814
53.48634,1,1352.529,922.9338,1353.884,921.4576
53.49766,1,1352.529,922.9338,1353.206,922.1957
53.50923,1,1352.529,922.9338,1352.868,922.5647
53.52291,1,1350.606,923.5541,1351.737,923.0594
53.53345,1,1350.606,923.5541,1351.172,923.3068
53.54598,1,1350.606,923.5541,1350.889,923.4304
53.55701,1,1347.281,922.7446,1349.085,923.0875
53.56712,1,1347.281,922.7446,1348.183,922.916
53.57993,1,1336.421,910.8927,1342.302,916.9044
53.58848,1,1336.421,910.8927,1339.361,913.8986
53.60293,1,1336.421,910.8927,1337.891,912.3956
53.61364,1,1316.881,887.9111,1327.386,900.1534
53.62595,1,1316.881,887.9111,1322.133,894.0322
53.63866,1,1299.781,865.2098,1310.957,879.621
53.64767,1,1299.781,865.2098,1305.369,872.4154
53.66084,1,1299.781,865.2098,1302.575,868.8126
53.67226,1,1303.058,876.3636,1302.816,872.5881
53.68544,1,1303.058,876.3636,1302.937,874.4759
53.69536,1,1303.058,876.3636,1302.997,875.4198
53.70736,1,1308.022,885.918,1305.51,880.6689
53.72019,1,1308.022,885.918,1306.766,883.2935
53.72998,1,1311.071,891.7678,1308.918,887.5306
53.74335,1,1311.071,891.7678,1309.994,889.6492
53.75533,1,1311.071,891.7678,1310.532,890.7085
53.76685,1,1314.411,898.1503,1312.472,894.4294
53.77736,1,1314.411,898.1503,1313.442,896.2898
53.78942,1,1317.235,905.8966,1315.338,901.0932
53.80155,1,1317.235,905.8966,1316.287,903.4949
53.81044,1,1317.235,905.8966,1316.761,904.6957
53.82251,1,1321.786,915.1229,1319.273,909.9093
53.83445,1,1321.786,915.1229,1320.53,912.5161
53.84638,1,1321.786,915.1229,1321.158,913.8195
53.85886,1,1324.664,922.1415,1322.911,917.9805
53.86999,1,1324.664,922.1415,1323.787,920.061
53.88309,1,1326.35,928.8215,1325.069,924.4413
53.89501,1,1326.35,928.8215,1325.709,926.6314
53.90557,1,1326.35,928.8215,1326.03,927.7264
53.91475,1,1327.654,936.7309,1326.842,932.2286
53.92818,1,1327.654,936.7309,1327.248,934.4797
53.9405,1,1327.534,942.4102,1327.391,938.4449
53.95216,1,1327.534,942.4102,1327.463,940.4276
53.96297,1,1327.534,942.4102,1327.499,941.4189
53.97559,1,1327.136,946.3454,1327.317,943.8822
53.98862,1,1327.136,946.3454,1327.227,945.1138
53.99873,1,1327.136,946.3454,1327.181,945.7296
54.00955,1,1327.5,948.8667,1327.341,947.2982
54.02348,1,1327.5,948.8667,1327.42,948.0824
54.03471,1,1327.78,951.2418,1327.6,949.6621
54.04626,1,1327.78,951.2418,1327.69,950.4519
54.05912,1,1327.78,951.2418,1327.735,950.8468
54.07044,1,1327.669,952.3801,1327.702,951.6135
54.08174,1,1327.669,952.3801,1327.686,951.9968
54.09271,1,1326.666,953.5952,1327.176,952.796
54.10611,1,1326.666,953.5952,1326.921,953.1956
54.11483,1,1326.666,953.5952,1326.793,953.3954
54.12801,1,1325.496,954.8755,1326.145,954.1355
54.1396,1,1325.496,954.8755,1325.82,954.5055
54.15155,1,1324.638,955.997,1325.229,955.2512
54.16131,1,1324.638,955.997,1324.933,955.6241
54.17342,1,1324.638,955.997,1324.785,955.8105
54.18658,1,1323.919,957.3398,1324.352,956.5752
54.19559,1,1323.919,957.3398,1324.136,956.9575
54.21214,1,1323.202,958.4464,1323.669,957.702
54.22356,1,1323.202,958.4464,1323.436,958.0742
54.23384,1,1323.202,958.4464,1323.319,958.2603
54.24637,1,1321.78,959.1931,1322.55,958.7267
54.26051,1,1321.78,959.1931,1322.165,958.9599
54.27248,1,1320.54,960.3251,1321.353,959.6425
54.28447,1,1320.54,960.3251,1320.947,959.9838
54.29256,1,1320.54,960.3251,1320.743,960.1545
54.30503,1,1318.818,961.3424,1319.781,960.7484
54.31425,1,1318.818,961.3424,1319.3,961.0454
54.32696,1,1318.818,961.3424,1319.059,961.1939
54.33886,1,1317.224,961.955,1318.142,961.5745
54.35049,1,1317.224,961.955,1317.683,961.7647
54.36236,1,1315.676,962.5969,1316.679,962.1808
54.37543,1,1315.676,962.5969,1316.177,962.3888
54.39496,1,1314.514,963.9905,1315.345,963.1897
54.4036,1,1314.514,963.9905,1314.93,963.5901
54.41121,1,1314.514,963.9905,1314.722,963.7903
54.42291,1,1313.537,965.3463,1314.129,964.5683
54.43739,1,1313.537,965.3463,1313.833,964.9573
54.44509,1,1313.537,965.3463,1313.685,965.1518
54.45782,1,1312.424,966.5856,1313.054,965.8687
54.46816,1,1312.424,966.5856,1312.739,966.2272
54.48073,1,1312.424,966.5856,1312.581,966.4064
54.49469,1,1311.472,967.6285,1312.027,967.0175
54.50544,1,1311.472,967.6285,1311.749,967.323
54.51364,1,1310.588,969.2313,1311.169,968.2771
54.52677,1,1310.588,969.2313,1310.878,968.7542
54.54185,1,1310.588,969.2313,1310.733,968.9927
54.55412,1,1310.293,970.3614,1310.513,969.677
54.56201,1,1310.293,970.3614,1310.403,970.0192
54.57202,1,1310.293,970.3614,1310.348,970.1903
54.5839,1,1309.449,970.6757,1309.899,970.433
54.59464,1,1309.449,970.6757,1309.674,970.5543
54.60764,1,1308.461,971.1329,1309.067,970.8436
54.61919,1,1308.461,971.1329,1308.764,970.9883
54.62885,1,1308.461,971.1329,1308.612,971.0606
54.64111,1,1307.547,971.3643,1308.079,971.2125
54.65133,1,1307.547,971.3643,1307.813,971.2884
54.66261,1,1307.547,971.3643,1307.68,971.3264
54.67396,1,1306.859,971.9523,1307.269,971.6393
54.68658,1,1306.859,971.9523,1307.064,971.7958
54.69753,1,1306.164,972.5511,1306.614,972.1735
54.70749,1,1306.164,972.5511,1306.389,972.3623
54.72085,1,1306.164,972.5511,1306.276,972.4567
54.73063,1,1305.345,972.9753,1305.811,972.7161
54.7447,1,1305.345,972.9753,1305.578,972.8457
54.75573,1,1304.919,973.8203,1305.248,973.333
54.76888,1,1304.919,973.8203,1305.083,973.5767
54.78082,1,1304.919,973.8203,1305.001,973.6985
54.79033,1,1304.213,974.6712,1304.607,974.1848
54.80453,1,1304.213,974.6712,1304.41,974.428
54.81408,1,1304.213,974.6712,1304.311,974.5496
54.82604,1,1303.519,975.4068,1303.915,974.9781
54.83796,1,1303.519,975.4068,1303.717,975.1925
54.84726,1,1303.123,975.8765,1303.42,975.5345
54.86013,1,1303.123,975.8765,1303.271,975.7054
54.87108,1,1303.123,975.8765,1303.197,975.791
54.88241,1,1302.546,976.4194,1302.871,976.1052
54.89367,1,1302.546,976.4194,1302.708,976.2623
54.90773,1,1301.971,976.6843,1302.34,976.4733
54.92068,1,1301.971,976.6843,1302.155,976.5787
54.93112,1,1301.971,976.6843,1302.063,976.6315
54.94315,1,1301.293,977.7207,1301.678,977.1761
54.95473,1,1301.293,977.7207,1301.485,977.4484
54.96531,1,1301.293,977.7207,1301.389,977.5845
54.97776,1,1300.755,978.3271,1301.072,977.9558
54.98765,1,1300.755,978.3271,1300.913,978.1415
55.00322,1,1300.359,978.631,1300.636,978.3862
55.01099,1,1300.359,978.631,1300.498,978.5087
55.02409,1,1300.359,978.631,1300.428,978.5698
55.03503,1,1299.969,979.064,1300.198,978.8169
55.04682,1,1299.969,979.064,1300.083,978.9404
55.05883,1,1299.206,979.1576,1299.645,979.049
55.07133,1,1299.206,979.1576,1299.425,979.1033
55.08476,1,1299.206,979.1576,1299.316,979.1304
55.09451,1,1257.633,982.7753,1278.475,980.9529
55.10761,1,1257.633,982.7753,1268.054,981.8641
55.12099,1,1025.851,998.3224,1146.952,990.0933
55.13184,1,1025.851,998.3224,1086.401,994.2079
55.14489,1,1025.851,998.3224,1056.126,996.2651
55.15771,1,748.2252,1013.068,902.1756,1004.666
55.16863,1,748.2252,1013.068,825.2004,1008.867
55.18266,1,594.8537,1021.937,710.0271,1015.402
55.19299,1,594.8537,1021.937,652.4404,1018.669
55.2056,1,594.8537,1021.937,623.6471,1020.303
55.21838,1,521.4467,1028.818,572.5469,1024.56
55.22723,1,521.4467,1028.818,546.9968,1026.689
55.24048,1,485.9791,1032.269,516.4879,1029.479
55.25135,1,485.9791,1032.269,501.2335,1030.874
55.26469,1,485.9791,1032.269,493.6063,1031.572
55.27451,1,501.268,1030.9,497.4371,1031.236
55.28679,1,501.268,1030.9,499.3526,1031.068
55.29996,1,623.036,1030.122,561.1943,1030.595
55.31007,1,623.036,1030.122,592.1152,1030.359
55.32304,1,623.036,1030.122,607.5756,1030.24
55.33334,1,906.3769,1028.899,756.9762,1029.57
55.34688,1,906.3769,1028.899,831.6765,1029.234
55.35818,1,906.3769,1028.899,869.0267,1029.066
55.36925,1,1263.992,1028.126,1066.51,1028.596
55.38118,1,1263.992,1028.126,1165.251,1028.361
55.39188,1,1463.072,1024.69,1314.161,1026.525
55.40575,1,1463.072,1024.69,1388.617,1025.607
55.41479,1,1463.072,1024.69,1425.844,1025.148
55.42921,1,1552.247,1029.504,1489.046,1027.326
55.44141,1,1552.247,1029.504,1520.647,1028.415
55.45179,1,1590.148,1026.069,1555.397,1027.242
55.46476,1,1590.148,1026.069,1572.773,1026.656
55.47517,1,1590.148,1026.069,1581.46,1026.363
55.48827,1,1606.477,1025.399,1593.969,1025.881
55.49918,1,1606.477,1025.399,1600.223,1025.64
55.50958,1,1606.477,1025.399,1603.35,1025.52
55.52322,1,1615.214,1026.078,1609.282,1025.799
55.53419,1,1615.214,1026.078,1612.248,1025.938
55.54572,1,1620.789,1025.566,1616.518,1025.752
55.55688,1,1620.789,1025.566,1618.653,1025.659
55.56944,1,1620.789,1025.566,1619.721,1025.613
55.5813,1,1622.444,1027.35,1621.082,1026.481
55.59129,1,1622.444,1027.35,1621.763,1026.916
55.60414,1,1623.178,1027.322,1622.47,1027.119
55.61416,1,1623.178,1027.322,1622.824,1027.221
55.62637,1,1623.178,1027.322,1623.001,1027.271
55.63843,1,1623.478,1029.77,1623.24,1028.521
55.64918,1,1623.478,1029.77,1623.359,1029.146
55.66158,1,1624.932,1031.778,1624.145,1030.462
55.67268,1,1624.932,1031.778,1624.538,1031.12
55.68567,1,1624.932,1031.778,1624.735,1031.449
55.69575,1,1626.006,1032.661,1625.371,1032.055
55.70781,1,1626.006,1032.661,1625.688,1032.358
55.72005,1,1626.006,1032.661,1625.847,1032.51
55.73044,1,1626.965,1034.588,1626.406,1033.549
55.74368,1,1626.965,1034.588,1626.685,1034.068
55.75468,1,1627.951,1035.885,1627.318,1034.976
55.76785,1,1627.951,1035.885,1627.635,1035.43
55.77855,1,1627.951,1035.885,1627.793,1035.657
55.78942,1,1629.37,1036.872,1628.582,1036.265
55.80209,1,1629.37,1036.872,1628.976,1036.569
55.81275,1,1630.853,1037.526,1629.915,1037.047
55.82522,1,1630.853,1037.526,1630.384,1037.287
55.83534,1,1630.853,1037.526,1630.618,1037.407
55.85056,1,1641.858,1036.032,1636.238,1036.719
55.86233,1,1641.858,1036.032,1639.048,1036.376
55.87301,1,1656.232,1035.017,1647.64,1035.697
55.88555,1,1656.232,1035.017,1651.936,1035.357
55.89694,1,1656.232,1035.017,1654.084,1035.187
55.90704,1,1668.359,1033.319,1661.222,1034.253
55.91988,1,1668.359,1033.319,1664.791,1033.786
55.93006,1,1668.359,1033.319,1666.575,1033.552
55.94358,1,1678.529,1032.49,1672.552,1033.021
55.95499,1,1678.529,1032.49,1675.54,1032.755
55.96728,1,1685.942,1031.322,1680.741,1032.039
55.97774,1,1685.942,1031.322,1683.342,1031.681
55.98901,1,1685.942,1031.322,1684.642,1031.501
56.0022,1,1692.76,1030.746,1688.701,1031.124
56.01021,1,1692.76,1030.746,1690.73,1030.935
56.0229,1,1692.76,1030.746,1691.745,1030.841
56.03374,1,1698.524,1029.255,1695.135,1030.048
56.04565,1,1698.524,1029.255,1696.83,1029.652
56.05718,1,1701.929,1028.335,1699.379,1028.993
56.06884,1,1701.929,1028.335,1700.654,1028.664
56.08078,1,1701.929,1028.335,1701.292,1028.5
56.09193,1,1704.003,1026.843,1702.647,1027.671
56.10526,1,1704.003,1026.843,1703.325,1027.257
56.11765,1,1705.658,1025.939,1704.492,1026.598
56.12675,1,1705.658,1025.939,1705.075,1026.268
56.13878,1,1705.658,1025.939,1705.367,1026.104
56.1498,1,1704.624,1024.195,1704.995,1025.149
56.16149,1,1704.624,1024.195,1704.809,1024.672
56.17252,1,1704.624,1024.195,1704.717,1024.434
56.18409,1,1703.432,1022.349,1704.074,1023.391
56.1937,1,1703.432,1022.349,1703.753,1022.87
56.20716,1,1701.882,1021.818,1702.818,1022.344
56.2186,1,1701.882,1021.818,1702.35,1022.081
56.2291,1,1701.882,1021.818,1702.116,1021.949
56.24091,1,1700.86,1021.329,1701.488,1021.639
56.2542,1,1700.86,1021.329,1701.174,1021.484
56.26415,1,1700.86,1021.329,1701.017,1021.406
56.27458,1,1700.144,1020.538,1700.58,1020.972
56.30441,1,1699.186,1019.872,1699.883,1020.422
56.31359,1,1699.186,1019.872,1699.535,1020.147
56.32279,1,1699.186,1019.872,1699.36,1020.009
56.33308,1,1698.038,1018.701,1698.699,1019.355
56.34554,1,1698.038,1018.701,1698.369,1019.028
56.35712,1,1696.854,1017.484,1697.611,1018.256
56.36625,1,1696.854,1017.484,1697.232,1017.87
56.37969,1,1696.854,1017.484,1697.043,1017.677
56.39095,1,1695.968,1016.082,1696.505,1016.879
56.40399,1,1695.968,1016.082,1696.237,1016.481
56.41315,1,1695.968,1016.082,1696.102,1016.281
56.42723,1,1695.025,1014.896,1695.564,1015.588
56.43976,1,1695.025,1014.896,1695.294,1015.242
56.44927,1,1694.058,1014.086,1694.676,1014.664
56.4642,1,1694.058,1014.086,1694.367,1014.375
56.47428,1,1694.058,1014.086,1694.212,1014.231
56.48744,1,1692.884,1013.296,1693.548,1013.763
56.50135,1,1692.884,1013.296,1693.216,1013.53
56.51086,1,1691.971,1011.873,1692.594,1012.701
56.52301,1,1691.971,1011.873,1692.282,1012.287
56.53437,1,1691.971,1011.873,1692.127,1012.08
56.54597,1,1690.556,1010.693,1691.341,1011.387
56.55811,1,1690.556,1010.693,1690.949,1011.04
56.5688,1,1689.267,1009.455,1690.108,1010.248
56.58162,1,1689.267,1009.455,1689.687,1009.852
56.59171,1,1689.267,1009.455,1689.477,1009.653
56.60499,1,1687.524,1008.107,1688.5,1008.88
56.61454,1,1687.524,1008.107,1688.012,1008.494
56.62707,1,1687.524,1008.107,1687.768,1008.3
56.63855,1,1686.038,1006.423,1686.903,1007.361
56.65875,1,1684.684,1004.496,1685.793,1005.929
56.66654,1,1684.684,1004.496,1685.239,1005.212
56.67574,1,1684.684,1004.496,1684.961,1004.854
56.6891,1,1683.253,1002.235,1684.107,1003.545
56.7009,1,1683.253,1002.235,1683.68,1002.89
56.71112,1,1683.253,1002.235,1683.466,1002.563
56.72798,1,1681.57,1000.403,1682.518,1001.483
56.73759,1,1681.57,1000.403,1682.044,1000.943
56.74699,1,1681.57,1000.403,1681.807,1000.673
56.75996,1,1680.338,998.7017,1681.073,999.6873
56.77303,1,1680.338,998.7017,1680.705,999.1945
56.7858,1,1679.616,996.8047,1680.161,997.9996
56.79758,1,1679.616,996.8047,1679.888,997.4021
56.80841,1,1679.616,996.8047,1679.752,997.1034
56.82053,1,1678.796,995.3215,1679.274,996.2125
56.83123,1,1678.796,995.3215,1679.035,995.767
56.84431,1,1678.05,993.7717,1678.542,994.7693
56.85728,1,1678.05,993.7717,1678.296,994.2705
56.8681,1,1678.05,993.7717,1678.173,994.0211
56.87888,1,1676.848,992.1279,1677.51,993.0745
56.88972,1,1676.848,992.1279,1677.179,992.6012
56.90264,1,1669.712,989.3546,1673.445,990.9779
56.91454,1,1669.712,989.3546,1671.578,990.1663
56.92544,1,1669.712,989.3546,1670.645,989.7604
56.93798,1,1661.457,987.3913,1666.051,988.5759
56.94864,1,1661.457,987.3913,1663.754,987.9836
56.96218,1,1654.035,985.2267,1658.894,986.6052
56.97221,1,1654.035,985.2267,1656.464,985.916
56.98577,1,1654.035,985.2267,1655.25,985.5714
56.99586,1,1647.745,982.4968,1651.497,984.0341
57.00822,1,1647.745,982.4968,1649.621,983.2654
57.01932,1,1647.745,982.4968,1648.683,982.8811
57.03072,1,1641.418,978.4038,1645.05,980.6425
57.04353,1,1641.418,978.4038,1643.234,979.5231
57.05547,1,1546.2,951.1808,1594.717,965.3519
57.06692,1,1546.2,951.1808,1570.458,958.2664
57.07809,1,1546.2,951.1808,1558.329,954.7236
57.08952,1,1118.685,836.0615,1338.507,895.3926
57.10285,1,1118.685,836.0615,1228.596,865.7271
57.11396,1,713.2505,736.8923,970.9232,801.3097
57.12535,1,713.2505,736.8923,842.0869,769.101
57.13684,1,713.2505,736.8923,777.6687,752.9967
57.14689,1,542.6519,696.7374,660.1603,724.8671
57.15954,1,542.6519,696.7374,601.4061,710.8022
57.17268,1,478.1891,678.3989,539.7976,694.6006
57.18674,1,478.1891,678.3989,508.9933,686.4998
57.19539,1,478.1891,678.3989,493.5912,682.4493
57.2076,1,451.775,667.4147,472.6831,674.932
57.21917,1,451.775,667.4147,462.229,671.1733
57.22952,1,451.775,667.4147,457.002,669.294
57.24286,1,443.4337,660.7784,450.2179,665.0363
57.25369,1,443.4337,660.7784,446.8258,662.9073
57.26637,1,440.0193,658.2643,443.4225,660.5858
57.2768,1,440.0193,658.2643,441.7209,659.425
57.28797,1,440.0193,658.2643,440.8701,658.8447
57.30111,1,446.9937,676.3752,443.9319,667.61
57.31133,1,446.9937,676.3752,445.4628,671.9926
57.32838,1,454.4733,693.9639,449.968,682.9783
57.33856,1,454.4733,693.9639,452.2206,688.4711
57.34759,1,454.4733,693.9639,453.347,691.2175
57.36159,1,459.5187,704.3745,456.4328,697.796
57.37257,1,459.5187,704.3745,457.9757,701.0852
57.38808,1,461.2552,710.4813,459.6155,705.7832
57.39894,1,461.2552,710.4813,460.4354,708.1322
57.42609,1,488.2534,716.9035,474.3444,712.5178
57.43564,1,488.2534,716.9035,481.2989,714.7107
57.44479,1,738.5142,770.812,609.9066,742.7614
57.45493,1,738.5142,770.812,674.2104,756.7867
57.46799,1,738.5142,770.812,706.3623,763.7993
57.47961,1,1162.58,857.8763,934.4713,810.8378
57.48991,1,1162.58,857.8763,1048.526,834.3571
57.50273,1,1162.58,857.8763,1105.553,846.1167
57.51261,1,1400.704,904.4771,1253.129,875.2969
57.52534,1,1400.704,904.4771,1326.916,889.887
57.53696,1,1499.851,925.3913,1413.384,907.6392
57.54776,1,1499.851,925.3913,1456.617,916.5153
57.55907,1,1499.851,925.3913,1478.234,920.9532
57.57195,1,1540.199,930.8755,1509.217,925.9144
57.58562,1,1540.199,930.8755,1524.708,928.395
57.59477,1,1557.867,933.2038,1541.287,930.7994
57.60812,1,1557.867,933.2038,1549.577,932.0016
57.61784,1,1557.867,933.2038,1553.722,932.6027
57.63091,1,1567.205,932.9786,1560.463,932.7906
57.64468,1,1567.205,932.9786,1563.834,932.8846
57.65736,1,1571.619,934.6357,1567.727,933.7601
57.66875,1,1571.619,934.6357,1569.673,934.1979
57.67709,1,1571.619,934.6357,1570.646,934.4167
57.69026,1,1572.259,935.5895,1571.453,935.0031
57.70348,1,1572.259,935.5895,1571.856,935.2963
57.71407,1,1572.259,935.5895,1572.058,935.4429
57.72582,1,1573.463,935.6315,1572.76,935.5372
57.74073,1,1573.463,935.6315,1573.112,935.5844
57.75122,1,1574.433,935.6104,1573.772,935.5974
57.76167,1,1574.433,935.6104,1574.103,935.6039
57.77425,1,1574.433,935.6104,1574.268,935.6071
57.78722,1,1573.325,935.3368,1573.797,935.4719
57.79932,1,1573.325,935.3368,1573.561,935.4044
57.81277,1,1572.824,935.3067,1573.193,935.3555
57.82159,1,1572.824,935.3067,1573.008,935.3311
57.83379,1,1572.824,935.3067,1572.916,935.3189
57.84791,1,1572.769,934.1714,1572.843,934.7451
57.86011,1,1572.769,934.1714,1572.806,934.4583
57.87122,1,1572.965,932.7026,1572.885,933.5804
57.88421,1,1572.965,932.7026,1572.925,933.1415
57.89342,1,1572.965,932.7026,1572.945,932.9221
57.90642,1,1573.107,931.2159,1573.026,932.069
57.91743,1,1573.107,931.2159,1573.066,931.6425
57.92704,1,1572.492,930.5192,1572.779,931.0808
57.93941,1,1572.492,930.5192,1572.635,930.8
57.95038,1,1572.492,930.5192,1572.564,930.6597
57.96258,1,1571.744,929.7956,1572.154,930.2277
57.973,1,1571.744,929.7956,1571.949,930.0116
57.98542,1,1571.744,929.7956,1571.846,929.9036
57.99552,1,1571.725,928.7167,1571.786,929.3102
58.00906,1,1571.725,928.7167,1571.755,929.0134
58.02098,1,1571.697,927.1501,1571.726,928.0818
58.03036,1,1571.697,927.1501,1571.712,927.616
58.04344,1,1571.697,927.1501,1571.704,927.3831
58.05363,1,1570.922,925.4734,1571.313,926.4282
58.06477,1,1570.922,925.4734,1571.118,925.9508
58.07526,1,1570.922,925.4734,1571.02,925.7121
58.08925,1,1569.745,923.3287,1570.383,924.5204
58.10065,1,1569.745,923.3287,1570.064,923.9246
58.11166,1,1568.475,921.3436,1569.27,922.634
58.12499,1,1568.475,921.3436,1568.873,921.9888
58.13734,1,1568.475,921.3436,1568.674,921.6661
58.14739,1,1567.115,918.5381,1567.895,920.1021
58.16079,1,1567.115,918.5381,1567.505,919.3201
58.17215,1,1565.507,915.598,1566.506,917.459
58.18555,1,1565.507,915.598,1566.007,916.5286
58.19711,1,1565.507,915.598,1565.757,916.0633
58.20705,1,1562.635,913.3331,1564.196,914.6982
58.22029,1,1562.635,913.3331,1563.416,914.0156
58.23043,1,1560.318,911.6499,1561.867,912.8328
58.24339,1,1560.318,911.6499,1561.092,912.2413
58.2548,1,1560.318,911.6499,1560.705,911.9456
58.26615,1,1558.144,908.1598,1559.424,910.0527
58.27715,1,1558.144,908.1598,1558.784,909.1063
58.28814,1,1558.144,908.1598,1558.464,908.6331
58.29942,1,1556.434,905.7852,1557.449,907.2091
58.30877,1,1556.434,905.7852,1556.941,906.4971
58.32216,1,1554.068,903.5304,1555.504,905.0138
58.33395,1,1554.068,903.5304,1554.786,904.2721
58.3465,1,1554.068,903.5304,1554.427,903.9012
58.35744,1,1551.682,900.7879,1553.054,902.3446
58.36629,1,1551.682,900.7879,1552.368,901.5663
58.38172,1,1555.682,897.0092,1554.025,899.2877
58.39077,1,1555.682,897.0092,1554.854,898.1484
58.40386,1,1555.682,897.0092,1555.268,897.5789
58.41299,1,1560.124,893.2578,1557.696,895.4183
58.42666,1,1560.124,893.2578,1558.91,894.3381
58.43918,1,1560.124,893.2578,1559.517,893.798
58.44951,1,1563.475,890.1522,1561.496,891.9751
58.4628,1,1563.475,890.1522,1562.486,891.0637
58.47353,1,1566.074,887.5271,1564.28,889.2954
58.48814,1,1566.074,887.5271,1565.177,888.4113
58.49818,1,1566.074,887.5271,1565.626,887.9692
58.50855,1,1567.598,885.1151,1566.612,886.5421
58.52235,1,1567.598,885.1151,1567.105,885.8286
58.53375,1,1568.04,882.3663,1567.573,884.0974
58.5434,1,1568.04,882.3663,1567.807,883.2318
58.55509,1,1568.04,882.3663,1567.923,882.7991
58.5665,1,1568.439,879.4525,1568.181,881.1257
58.57808,1,1568.439,879.4525,1568.31,880.2891
58.58873,1,1568.439,879.4525,1568.375,879.8707
58.60008,1,1568.627,877.7192,1568.501,878.795
58.61005,1,1568.627,877.7192,1568.564,878.2571
58.62443,1,1568.755,875.1509,1568.66,876.704
58.6339,1,1568.755,875.1509,1568.708,875.9275
58.64677,1,1568.755,875.1509,1568.731,875.5392
58.65773,1,1569.02,873.1851,1568.875,874.3622
58.66788,1,1569.02,873.1851,1568.948,873.7737
58.68023,1,1569.02,873.1851,1568.984,873.4794
58.69077,1,1569.119,871.3849,1569.052,872.4321
58.70292,1,1569.119,871.3849,1569.085,871.9085
58.71278,1,1568.254,869.3143,1568.67,870.6115
58.72515,1,1568.254,869.3143,1568.462,869.9629
58.73759,1,1568.254,869.3143,1568.358,869.6386
58.74709,1,1567.11,866.6581,1567.734,868.1483
58.75964,1,1567.11,866.6581,1567.422,867.4032
58.77175,1,1567.11,866.6581,1567.266,867.0306
58.7843,1,1565.47,863.6151,1566.368,865.3229
58.794,1,1565.47,863.6151,1565.919,864.469
58.80757,1,1564.298,860.7894,1565.108,862.6292
58.81802,1,1564.298,860.7894,1564.703,861.7094
58.82874,1,1564.298,860.7894,1564.5,861.2494
58.84124,1,1563.002,858.7175,1563.751,859.9835
58.85274,1,1563.002,858.7175,1563.376,859.3505
58.86473,1,1561.442,856.2411,1562.409,857.7958
58.8742,1,1561.442,856.2411,1561.926,857.0184
58.8875,1,1561.442,856.2411,1561.684,856.6298
58.8978,1,1559.652,852.9156,1560.668,854.7727
58.90973,1,1559.652,852.9156,1560.16,853.8441
58.92265,1,1559.652,852.9156,1559.906,853.3799
58.93427,1,1557.823,848.5728,1558.864,850.9763
58.94551,1,1557.823,848.5728,1558.344,849.7745
58.95975,1,1555.331,844.075,1556.837,846.9247
58.97032,1,1555.331,844.075,1556.084,845.4999
58.98161,1,1555.331,844.075,1555.708,844.7874
58.99262,1,1553.966,840.7946,1554.837,842.791
59.00516,1,1553.966,840.7946,1554.402,841.7928
59.01786,1,1551.686,837.5041,1553.044,839.6484
59.02785,1,1551.686,837.5041,1552.365,838.5763
59.04781,1,1550.443,834.6665,1551.404,836.6214
59.05318,1,1550.443,834.6665,1550.923,835.6439
59.06539,1,1550.443,834.6665,1550.683,835.1552
59.07502,1,1548.854,831.5448,1549.768,833.35
59.08755,1,1548.854,831.5448,1549.311,832.4474
59.09881,1,1548.854,831.5448,1549.082,831.9961
59.10906,1,1548.066,828.9156,1548.574,830.4558
59.12274,1,1548.066,828.9156,1548.32,829.6857
59.13311,1,1548.066,828.9156,1548.193,829.3007
59.14661,1,1546.964,826.8882,1547.579,828.0944
59.15733,1,1546.964,826.8882,1547.271,827.4913
59.16716,1,1546.751,826.7954,1547.011,827.1434
59.18035,1,1546.751,826.7954,1546.881,826.9694
59.1909,1,1546.751,826.7954,1546.816,826.8824
59.20467,1,1545.828,825.9318,1546.322,826.4071
59.21508,1,1545.828,825.9318,1546.075,826.1694
59.22743,1,1545.01,824.4249,1545.543,825.2972
59.24037,1,1545.01,824.4249,1545.276,824.8611
59.25162,1,1545.01,824.4249,1545.143,824.643
59.26753,1,1544.311,822.9142,1544.727,823.7786
59.27361,1,1544.311,822.9142,1544.519,823.3464
59.28618,1,1543.7,821.617,1544.109,822.4817
59.29874,1,1543.7,821.617,1543.905,822.0493
59.30953,1,1543.7,821.617,1543.802,821.8331
59.32203,1,1542.921,820.1557,1543.362,820.9944
59.33294,1,1542.921,820.1557,1543.141,820.5751
59.34553,1,1542.921,820.1557,1543.031,820.3654
59.35794,1,1541.873,819.1205,1542.452,819.7429
59.36556,1,1541.873,819.1205,1542.163,819.4317
59.37693,1,1540.399,818.004,1541.281,818.7178
59.38801,1,1540.399,818.004,1540.84,818.3609
59.40038,1,1540.399,818.004,1540.62,818.1824
59.41077,1,1538.9,817.0831,1539.76,817.6328
59.42417,1,1538.9,817.0831,1539.33,817.358
59.43537,1,1538.9,817.0831,1539.115,817.2206
59.4481,1,1537.349,815.8375,1538.232,816.5291
59.45979,1,1537.349,815.8375,1537.791,816.1832
59.47058,1,1535.605,814.5712,1536.698,815.3772
59.48357,1,1535.605,814.5712,1536.151,814.9742
59.49107,1,1535.605,814.5712,1535.878,814.7727
59.50446,1,1534.226,813.4115,1535.052,814.0921
59.51353,1,1534.226,813.4115,1534.639,813.7518
59.52583,1,1534.226,813.4115,1534.433,813.5817
59.53806,1,1532.987,812.5228,1533.71,813.0522
59.54802,1,1532.987,812.5228,1533.348,812.7875
59.56208,1,1531.391,811.0607,1532.369,811.9241
59.57111,1,1531.391,811.0607,1531.88,811.4924
59.58802,1,1529.095,810.1616,1530.488,810.827
59.59492,1,1529.095,810.1616,1529.791,810.4943
59.60777,1,1529.095,810.1616,1529.443,810.328
59.62172,1,1516.366,811.3533,1522.905,810.8406
59.63039,1,1516.366,811.3533,1519.635,811.0969
59.64314,1,1516.366,811.3533,1518.001,811.2251
59.65501,1,1499.784,814.1417,1508.892,812.6834
59.66579,1,1499.784,814.1417,1504.338,813.4126
59.6774,1,1499.784,814.1417,1502.061,813.7772
59.68764,1,1483.58,816.3119,1492.821,815.0446
59.69876,1,1483.58,816.3119,1488.2,815.6782
59.71024,1,1468.573,817.0457,1478.386,816.3619
59.7225,1,1468.573,817.0457,1473.48,816.7038
59.73138,1,1468.573,817.0457,1471.026,816.8748
59.74454,1,1456.2,816.7541,1463.613,816.8145
59.75511,1,1456.2,816.7541,1459.907,816.7843
59.76716,1,1456.2,816.7541,1458.053,816.7692
59.77782,1,1444.997,817.0292,1451.525,816.8992
59.79064,1,1444.997,817.0292,1448.261,816.9642
59.80407,1,1437.116,818.3206,1442.688,817.6424
59.81272,1,1437.116,818.3206,1439.902,817.9814
59.82628,1,1437.116,818.3206,1438.509,818.151
59.83823,1,1431.504,818.5052,1435.007,818.3281
59.84665,1,1431.504,818.5052,1433.255,818.4167
59.86194,1,1426.026,817.5113,1429.641,817.964
59.87172,1,1426.026,817.5113,1427.833,817.7377
59.8852,1,1426.026,817.5113,1426.929,817.6245
59.89493,1,1421.392,824.7656,1424.161,821.1951
59.90858,1,1421.392,824.7656,1422.776,822.9803
59.9217,1,1418,833.0857,1420.388,828.033
59.9307,1,1418,833.0857,1419.194,830.5593
59.95116,1,1414.994,840.1493,1417.094,835.3543
59.95764,1,1414.994,840.1493,1416.044,837.7518
59.96872,1,1414.994,840.1493,1415.519,838.9506
59.98026,1,1414.994,840.1493,1415.256,839.5499
59.99094,1,1412.563,845.3402,1413.91,842.4451
60.00362,1,1412.563,845.3402,1413.236,843.8926
60.01686,1,1411.609,849.7287,1412.423,846.8107
60.02684,1,1411.609,849.7287,1412.016,848.2697
60.03934,1,1411.609,849.7287,1411.813,848.9991
60.05074,1,1411.174,853.9531,1411.493,851.4761
60.06226,1,1411.174,853.9531,1411.333,852.7146
60.07275,1,1410.675,858.132,1411.004,855.4233
60.08572,1,1410.675,858.132,1410.84,856.7777
60.09551,1,1410.675,858.132,1410.758,857.4548
60.10945,1,1408.12,859.9412,1409.439,858.698
60.12063,1,1408.12,859.9412,1408.78,859.3196
60.131,1,1408.12,859.9412,1408.45,859.6304
60.15335,1,1348.583,829.7283,1378.517,844.6793
60.16051,1,1348.583,829.7283,1363.55,837.2039
60.16994,1,1164.05,708.8481,1263.8,773.026
60.1807,1,1164.05,708.8481,1213.925,740.9371
60.19242,1,1000.559,597.227,1107.242,669.082
60.2056,1,1000.559,597.227,1053.9,633.1545
60.21775,1,1000.559,597.227,1027.229,615.1908
60.22785,1,915.1023,539.1829,971.1658,577.1869
60.2402,1,915.1023,539.1829,943.134,558.1849
60.25074,1,915.1023,539.1829,929.1182,548.684
60.26316,1,877.0981,510.1252,903.1082,529.4046
60.27164,1,877.0981,510.1252,890.1031,519.7649
60.28419,1,794.0733,453.0906,842.0883,486.4277
60.29469,1,794.0733,453.0906,818.0808,469.7592
60.30843,1,794.0733,453.0906,806.077,461.4249
60.32198,1,569.4512,304.8378,687.7642,383.1313
60.33167,1,569.4512,304.8378,628.6077,343.9846
60.34572,1,358.1278,162.9491,493.3677,253.4668
60.35764,1,358.1278,162.9491,425.7477,208.2079
60.36901,1,358.1278,162.9491,391.9377,185.5785
60.38113,1,275.5643,106.4976,333.751,146.0381
60.39198,1,275.5643,106.4976,304.6577,126.2678
60.40601,1,243.5477,88.17155,274.1027,107.2197
60.41846,1,243.5477,88.17155,258.8252,97.69562
60.42955,1,243.5477,88.17155,251.1864,92.93358
60.44251,1,230.2669,80.00368,240.7267,86.46863
60.45384,1,230.2669,80.00368,235.4968,83.23616
60.46558,1,227.619,76.58635,231.5579,79.91125
60.47449,1,227.619,76.58635,229.5884,78.2488
60.48956,1,227.619,76.58635,228.6037,77.41757
60.50287,1,223.6891,72.80479,226.1464,75.11118
60.51042,1,223.6891,72.80479,224.9177,73.95798
60.5242,1,223.6891,72.80479,224.3034,73.38138
60.53538,1,246.1218,104.2879,235.2126,88.83466
60.54693,1,246.1218,104.2879,240.6672,96.56129
60.55861,1,262.06,127.3191,251.3636,111.9402
60.57079,1,262.06,127.3191,256.7118,119.6297
60.58433,1,262.06,127.3191,259.3859,123.4744
60.59447,1,287.2327,144.8073,273.3093,134.1409
60.60722,1,287.2327,144.8073,280.271,139.4741
60.61958,1,607.9438,331.3935,444.1074,235.4338
60.62936,1,607.9438,331.3935,526.0256,283.4137
60.64405,1,607.9438,331.3935,566.9847,307.4036
60.65399,1,1148.177,679.0297,857.5811,493.2166
60.66671,1,1148.177,679.0297,1002.879,586.1232
60.67741,1,1404.157,849.2997,1203.518,717.7114
60.68909,1,1404.157,849.2997,1303.838,783.5056
60.70203,1,1404.157,849.2997,1353.998,816.4027
60.71092,1,1484.061,903.1274,1419.03,859.7651
60.72406,1,1484.061,903.1274,1451.545,881.4463
60.7346,1,1484.061,903.1274,1467.803,892.2869
60.74635,1,1509.609,920.1158,1488.706,906.2014
60.75854,1,1509.609,920.1158,1499.158,913.1586
60.76948,1,1520.402,926.3325,1509.78,919.7455
60.78162,1,1520.402,926.3325,1515.091,923.0391
60.79427,1,1520.402,926.3325,1517.747,924.6858
60.80801,1,1528.072,930.4462,1522.909,927.566
60.82899,1,1528.676,930.7919,1525.792,929.179
60.83459,1,1528.676,930.7919,1527.234,929.9854
60.84412,1,1528.676,930.7919,1527.955,930.3887
60.85461,1,1528.676,930.7919,1528.315,930.5903
60.86547,1,1516.845,946.6884,1522.58,938.6393
60.87497,1,1516.845,946.6884,1519.712,942.6638
60.88853,1,1512.341,959.6978,1516.026,951.1808
60.89916,1,1512.341,959.6978,1514.184,955.4393
60.91013,1,1512.341,959.6978,1513.262,957.5686
60.9231,1,1509.963,965.6838,1511.613,961.6262
60.93708,1,1509.963,965.6838,1510.788,963.655
60.94484,1,1509.963,965.6838,1510.375,964.6694
60.95903,1,1509.731,971.7136,1510.053,968.1915
60.97029,1,1509.731,971.7136,1509.892,969.9526
60.98182,1,1508.692,977.0362,1509.292,973.4944
60.99228,1,1508.692,977.0362,1508.992,975.2653
61.00572,1,1508.692,977.0362,1508.842,976.1508
61.01463,1,1509.856,979.2775,1509.349,977.7141
61.028,1,1509.856,979.2775,1509.603,978.4958
61.04134,1,1510.197,982.2701,1509.9,980.3829
61.05338,1,1510.197,982.2701,1510.048,981.3265
61.06474,1,1510.197,982.2701,1510.122,981.7983
61.07442,1,1511.643,984.4819,1510.883,983.1401
61.08841,1,1511.643,984.4819,1511.263,983.811
61.09978,1,1512.27,986.7531,1511.766,985.282
61.11081,1,1512.27,986.7531,1512.018,986.0176
61.12423,1,1512.27,986.7531,1512.144,986.3853
61.13689,1,1512.188,988.0396,1512.166,987.2125
61.14692,1,1512.188,988.0396,1512.177,987.626
61.15952,1,1512.759,989.4531,1512.468,988.5396
61.16991,1,1512.759,989.4531,1512.614,988.9963
61.18402,1,1512.759,989.4531,1512.687,989.2247
61.20622,1,1512.907,990.7898,1512.797,990.0073
61.21236,1,1512.907,990.7898,1512.852,990.3986
61.22123,1,1513.051,991.8309,1512.952,991.1147
61.23027,1,1513.051,991.8309,1513.001,991.4728
61.24297,1,1513.051,991.8309,1513.026,991.6519
61.25396,1,1512.981,992.5225,1513.003,992.0872
61.26626,1,1512.981,992.5225,1512.992,992.3048
61.27593,1,1512.981,992.5225,1512.986,992.4137
61.28882,1,1513.013,992.924,1513,992.6688
61.30169,1,1513.013,992.924,1513.006,992.7964
61.3111,1,1512.342,993.7554,1512.674,993.2759
61.32457,1,1512.342,993.7554,1512.508,993.5156
61.33506,1,1512.342,993.7554,1512.425,993.6355
61.34721,1,1468.44,990.9075,1490.432,992.2715
61.35876,1,1468.44,990.9075,1479.436,991.5895
61.3698,1,1239.8,972.9238,1359.618,982.2567
61.38153,1,1239.8,972.9238,1299.709,977.5902
61.39252,1,1239.8,972.9238,1269.755,975.257
61.40643,1,986.4965,959.3438,1128.126,967.3004
61.41895,1,986.4965,959.3438,1057.311,963.3221
61.42672,1,986.4965,959.3438,1021.904,961.333
61.44017,1,841.0519,952.0231,931.4778,956.678
61.45117,1,841.0519,952.0231,886.2649,954.3506
61.46333,1,772.032,949.3852,829.1484,951.8679
61.47424,1,772.032,949.3852,800.5902,950.6266
61.48751,1,772.032,949.3852,786.3111,950.0059
61.4973,1,739.8234,947.2211,763.0673,948.6135
61.50949,1,739.8234,947.2211,751.4453,947.9172
61.52246,1,722.2762,944.5389,736.8607,946.228
61.53111,1,722.2762,944.5389,729.5685,945.3834
61.54526,1,722.2762,944.5389,725.9224,944.9612
61.56244,1,711.2265,943.9472,718.5745,944.4542
61.56855,1,711.2265,943.9472,714.9005,944.2007
61.57916,1,711.2265,943.9472,713.0635,944.074
61.59038,1,776.493,818.6661,744.7783,881.3701
61.60355,1,776.493,818.6661,760.6356,850.0181
61.61311,1,876.4893,581.9771,818.5624,715.9976
61.62618,1,876.4893,581.9771,847.5259,648.9873
61.63835,1,876.4893,581.9771,862.0076,615.4822
61.65099,1,938.9188,411.9982,900.4631,513.7402
61.66631,1,938.9188,411.9982,919.6909,462.8692
61.6774,1,963.3502,332.4256,941.5205,397.6474
61.68543,1,963.3502,332.4256,952.4353,365.0365
61.69761,1,963.3502,332.4256,957.8927,348.731
61.71051,1,976.6712,300.0314,967.282,324.3812
61.7234,1,976.6712,300.0314,971.9766,312.2063
61.73717,1,981.656,289.042,976.8163,300.6241
61.74671,1,981.656,289.042,979.2361,294.8331
61.75919,1,981.656,289.042,980.446,291.9376
61.77037,1,987.5627,283.7081,984.0044,287.8228
61.78337,1,987.5627,283.7081,985.7836,285.7654
61.79257,1,987.5627,283.7081,986.6732,284.7368
61.80499,1,1029.697,359.3784,1008.185,322.0576
61.81728,1,1029.697,359.3784,1018.941,340.718
61.82878,1,1059.417,413.3335,1039.179,377.0257
61.84087,1,1059.417,413.3335,1049.298,395.1796
61.85162,1,1059.417,413.3335,1054.358,404.2566
61.86344,1,1166.25,543.6309,1110.304,473.9437
61.87429,1,1166.25,543.6309,1138.277,508.7873
61.88757,1,1307.627,717.8771,1222.952,613.3322
61.89748,1,1307.627,717.8771,1265.29,665.6046
61.90811,1,1307.627,717.8771,1286.458,691.7408
61.92411,1,1386.743,821.2518,1336.6,756.4963
61.93528,1,1386.743,821.2518,1361.672,788.8741
61.9472,1,1422.74,866.041,1392.206,827.4575
61.95871,1,1422.74,866.041,1407.473,846.7493
61.97076,1,1422.74,866.041,1415.107,856.3951
61.98263,1,1437.811,881.8588,1426.459,869.127
61.9934,1,1437.811,881.8588,1432.135,875.4929
62.00603,1,1442.433,890.6461,1437.284,883.0695
62.01813,1,1442.433,890.6461,1439.859,886.8578
62.02833,1,1442.433,890.6461,1441.146,888.752
62.03967,1,1318.666,890.6376,1379.906,889.6948
62.05102,1,1318.666,890.6376,1349.286,890.1663
62.0631,1,1318.666,890.6376,1333.976,890.402
62.07327,1,1060.364,890.1785,1197.17,890.2902
62.08731,1,1060.364,890.1785,1128.767,890.2344
62.10111,1,837.8353,891.273,983.3012,890.7537
62.11002,1,837.8353,891.273,910.5682,891.0133
62.12361,1,837.8353,891.273,874.2018,891.1432
62.13403,1,700.4114,894.0363,787.3066,892.5897
62.14661,1,700.4114,894.0363,743.859,893.313
62.15773,1,625.6849,896.0026,684.772,894.6578
62.16821,1,625.6849,896.0026,655.2285,895.3302
62.18204,1,625.6849,896.0026,640.4567,895.6664
62.19221,1,588.3584,896.1757,614.4075,895.921
62.20425,1,588.3584,896.1757,601.3829,896.0483
62.21423,1,588.3584,896.1757,594.8707,896.112
62.2264,1,554.4064,896.2151,574.6385,896.1636
62.23825,1,554.4064,896.2151,564.5225,896.1893
62.24804,1,520.3363,898.3584,542.4294,897.2739
62.26118,1,520.3363,898.3584,531.3828,897.8162
62.27154,1,520.3363,898.3584,525.8596,898.0873
62.28628,1,498.6495,900.3163,512.2545,899.2018
62.29559,1,498.6495,900.3163,505.452,899.759
62.30877,1,485.4836,899.8758,495.4678,899.8174
62.32167,1,485.4836,899.8758,490.4757,899.8466
62.33053,1,485.4836,899.8758,487.9797,899.8612
62.34442,1,478.8437,900.2974,483.4117,900.0793
62.35462,1,478.8437,900.2974,481.1277,900.1884
62.3678,1,563.3264,907.4396,522.2271,903.814
62.38,1,563.3264,907.4396,542.7767,905.6268
62.38824,1,563.3264,907.4396,553.0515,906.5332
62.40325,1,827.3751,928.1426,690.2133,917.3379
62.41106,1,827.3751,928.1426,758.7942,922.7402
62.42564,1,827.3751,928.1426,793.0847,925.4414
62.43765,1,1100.328,946.5083,946.7063,935.9749
62.44685,1,1100.328,946.5083,1023.517,941.2416
62.45838,1,1256.201,955.8409,1139.859,948.5413
62.47114,1,1256.201,955.8409,1198.03,952.1911
62.48145,1,1256.201,955.8409,1227.115,954.016
62.49236,1,1329.328,963.0822,1278.222,958.5491
62.50746,1,1329.328,963.0822,1303.775,960.8157
62.52201,1,1363.01,963.9041,1333.393,962.3599
62.52791,1,1363.01,963.9041,1348.201,963.132
62.54012,1,1363.01,963.9041,1355.605,963.518
62.55153,1,1379.075,963.3813,1367.34,963.4496
62.5629,1,1379.075,963.3813,1373.208,963.4155
62.57842,1,1379.075,963.3813,1376.141,963.3984
62.59161,1,1386.87,962.7018,1381.506,963.0501
62.60059,1,1386.87,962.7018,1384.188,962.876
62.61089,1,1388.368,961.0634,1386.278,961.9697
62.62758,1,1388.368,961.0634,1387.323,961.5165
62.63465,1,1388.368,961.0634,1387.845,961.2899
62.64595,1,1388.793,958.426,1388.319,959.8579
62.65894,1,1388.793,958.426,1388.556,959.142
62.6697,1,1387.793,957.0813,1388.174,958.1116
62.68093,1,1387.793,957.0813,1387.983,957.5964
62.69128,1,1387.793,957.0813,1387.888,957.3389
62.70448,1,1386.028,956.5125,1386.958,956.9257
62.71699,1,1386.028,956.5125,1386.493,956.7191
62.72533,1,1386.028,956.5125,1386.261,956.6157
62.73914,1,1384.803,955.3903,1385.532,956.0031
62.74722,1,1384.803,955.3903,1385.167,955.6967
62.76116,1,1383.423,953.7449,1384.295,954.7208
62.77269,1,1383.423,953.7449,1383.859,954.2328
62.78696,1,1383.423,953.7449,1383.641,953.9888
62.79735,1,1382.169,952.7373,1382.905,953.363
62.80803,1,1382.169,952.7373,1382.537,953.0502
62.82117,1,1381.213,952.6414,1381.875,952.8458
62.83116,1,1381.213,952.6414,1381.544,952.7435
62.84505,1,1381.213,952.6414,1381.379,952.6924
62.85474,1,1380.606,952.8073,1380.992,952.7499
62.86566,1,1380.606,952.8073,1380.799,952.7786
62.87869,1,1380.606,952.8073,1380.703,952.793
62.88836,1,1380.203,952.6448,1380.453,952.7189
62.90363,1,1380.203,952.6448,1380.328,952.6818
62.91142,1,1379.852,952.3923,1380.09,952.537
62.92436,1,1379.852,952.3923,1379.971,952.4647
62.93707,1,1379.852,952.3923,1379.912,952.4285
62.94726,1,1379.662,952.0625,1379.787,952.2455
62.9614,1,1379.662,952.0625,1379.724,952.154
62.97071,1,1379.662,952.0625,1379.693,952.1083
62.98409,1,1379.477,951.5825,1379.585,951.8454
62.99473,1,1379.477,951.5825,1379.531,951.714
63.00924,1,1378.991,950.8939,1379.261,951.304
63.02236,1,1378.991,950.8939,1379.126,951.0989
63.03288,1,1378.389,950.3538,1378.757,950.7264
63.04404,1,1378.389,950.3538,1378.573,950.5401
63.0555,1,1378.389,950.3538,1378.481,950.447
63.06772,1,1377.524,949.816,1378.002,950.1315
63.07787,1,1377.524,949.816,1377.763,949.9738
63.08929,1,1377.524,949.816,1377.643,949.8949
63.10229,1,1376.009,948.5594,1376.826,949.2272
63.11168,1,1376.009,948.5594,1376.418,948.8933
63.12549,1,1374.155,946.9108,1375.286,947.902
63.13521,1,1374.155,946.9108,1374.721,947.4064
63.1487,1,1374.155,946.9108,1374.438,947.1586
63.16048,1,1371.973,945.3185,1373.206,946.2385
63.17112,1,1371.973,945.3185,1372.589,945.7786
63.18407,1,1369.673,944.0103,1371.131,944.8944
63.19325,1,1369.673,944.0103,1370.402,944.4524
63.2065,1,1369.673,944.0103,1370.037,944.2313
63.2185,1,1367.226,942.2836,1368.632,943.2574
63.22832,1,1367.226,942.2836,1367.929,942.7705
63.24036,1,1367.226,942.2836,1367.577,942.527
63.25069,1,1364.741,939.7119,1366.159,941.1195
63.26276,1,1364.741,939.7119,1365.45,940.4157
63.27277,1,1364.741,939.7119,1365.095,940.0638
63.28539,1,1362.952,937.1816,1364.024,938.6227
63.29528,1,1362.952,937.1816,1363.488,937.9021
63.30769,1,1360.354,934.306,1361.921,936.104
63.32168,1,1360.354,934.306,1361.138,935.205
63.33065,1,1360.354,934.306,1360.746,934.7555
63.3434,1,1357.618,931.0471,1359.182,932.9013
63.35481,1,1357.618,931.0471,1358.4,931.9742
63.36807,1,1354.969,928.4871,1356.684,930.2307
63.37943,1,1354.969,928.4871,1355.826,929.3589
63.39056,1,1354.969,928.4871,1355.397,928.923
63.40457,1,1351.896,925.911,1353.647,927.417
63.41718,1,1351.896,925.911,1352.771,926.664
63.42782,1,1349.963,922.8514,1351.367,924.7577
63.44064,1,1349.963,922.8514,1350.665,923.8046
63.45175,1,1349.963,922.8514,1350.314,923.328
63.46365,1,1347.064,919.3025,1348.689,921.3152
63.47239,1,1347.064,919.3025,1347.877,920.3088
63.48596,1,1344.541,915.6373,1346.209,917.9731
63.49516,1,1344.541,915.6373,1345.375,916.8052
63.50795,1,1344.541,915.6373,1344.958,916.2213
63.51986,1,1342.271,912.1113,1343.614,914.1663
63.5294,1,1342.271,912.1113,1342.942,913.1388
63.54254,1,1342.271,912.1113,1342.606,912.625
63.55285,1,1339.678,909.6923,1341.142,911.1586
63.56411,1,1339.678,909.6923,1340.41,910.4254
63.57324,1,1339.678,909.6923,1340.044,910.0588
63.58742,1,1337.961,907.5746,1339.003,908.8168
63.59753,1,1337.961,907.5746,1338.482,908.1957
63.60808,1,1335.869,905.4557,1337.176,906.8257
63.62095,1,1335.869,905.4557,1336.522,906.1407
63.63027,1,1335.869,905.4557,1336.196,905.7982
63.64409,1,1334.018,903.3059,1335.107,904.5521
63.65578,1,1334.018,903.3059,1334.563,903.929
63.66817,1,1332.773,900.6935,1333.668,902.3113
63.68015,1,1332.773,900.6935,1333.22,901.5024
63.68985,1,1332.773,900.6935,1332.997,901.098
63.70258,1,1331.197,897.335,1332.097,899.2166
63.71265,1,1331.197,897.335,1331.647,898.2758
63.72453,1,1331.197,897.335,1331.422,897.8054
63.73804,1,1329.066,893.4421,1330.244,895.6238
63.74766,1,1329.066,893.4421,1329.655,894.533
63.76011,1,1327.304,889.5629,1328.48,892.048
63.77169,1,1327.304,889.5629,1327.892,890.8054
63.78438,1,1327.304,889.5629,1327.598,890.1842
63.8001,1,1324.729,886.5101,1326.163,888.3472
63.81078,1,1324.729,886.5101,1325.446,887.4286
63.82533,1,1321.872,883.1988,1323.659,885.3137
63.83762,1,1321.872,883.1988,1322.765,884.2562
63.84357,1,1321.872,883.1988,1322.319,883.7275
63.85419,1,1318.828,880.8692,1320.573,882.2983
63.86519,1,1318.828,880.8692,1319.701,881.5837
63.87729,1,1318.828,880.8692,1319.264,881.2264
63.88741,1,1315.996,878.2109,1317.63,879.7186
63.90141,1,1315.996,878.2109,1316.813,878.9647
63.90926,1,1314.042,875.6282,1315.428,877.2965
63.92159,1,1314.042,875.6282,1314.735,876.4624
63.93321,1,1314.042,875.6282,1314.388,876.0453
63.9442,1,1311.566,872.8929,1312.977,874.4691
63.95492,1,1311.566,872.8929,1312.271,873.681
63.96786,1,1311.566,872.8929,1311.918,873.287
63.98024,1,1309.341,870.2776,1310.63,871.7823
63.9888,1,1309.341,870.2776,1309.985,871.0299
64.00207,1,1307.16,867.6303,1308.573,869.3301
64.01112,1,1307.16,867.6303,1307.866,868.4802
64.02504,1,1307.16,867.6303,1307.513,868.0553
64.03503,1,1305.645,865.377,1306.579,866.7162
64.04729,1,1305.645,865.377,1306.112,866.0466
64.05805,1,1305.645,865.377,1305.878,865.7118
64.07947,1,1304.204,863.5815,1305.041,864.6467
64.08507,1,1304.204,863.5815,1304.623,864.1141
64.097,1,1301.755,862.2071,1303.189,863.1606
64.10674,1,1301.755,862.2071,1302.472,862.6838
64.11968,1,1300.033,860.4729,1301.252,861.5784
64.12957,1,1300.033,860.4729,1300.643,861.0256
64.14164,1,1300.033,860.4729,1300.338,860.7493
64.15321,1,1237.586,855.9064,1268.962,858.3279
64.16432,1,1237.586,855.9064,1253.274,857.1172
64.17496,1,1237.586,855.9064,1245.43,856.5118
64.18784,1,970.8788,839.8035,1108.155,848.1577
64.20008,1,970.8788,839.8035,1039.517,843.9806
64.20977,1,701.7587,824.5576,870.6377,834.2691
64.22197,1,701.7587,824.5576,786.1982,829.4133
64.23413,1,701.7587,824.5576,743.9785,826.9855
64.24535,1,557.0219,815.8314,650.5002,821.4084
64.25777,1,557.0219,815.8314,603.761,818.6199
64.26905,1,557.0219,815.8314,580.3914,817.2256
64.28116,1,489.6258,810.4003,535.0086,813.813
64.29121,1,489.6258,810.4003,512.3172,812.1067
64.30497,1,456.9748,811.0954,484.646,811.6011
64.31576,1,456.9748,811.0954,470.8104,811.3483
64.327,1,456.9748,811.0954,463.8926,811.2218
64.3392,1,446.4937,804.8117,455.1932,808.0167
64.35003,1,446.4937,804.8117,450.8434,806.4142
64.36186,1,533.1281,693.5434,491.9858,749.9788
64.37257,1,533.1281,693.5434,512.5569,721.7611
64.3856,1,533.1281,693.5434,522.8425,707.6522
64.39776,1,631.6523,586.0722,577.2474,646.8622
64.40823,1,631.6523,586.0722,604.4499,616.4672
64.42132,1,696.0951,522.518,650.2725,569.4926
64.43252,1,696.0951,522.518,673.1838,546.0052
64.44365,1,696.0951,522.518,684.6394,534.2616
64.45448,1,731.1204,486.6581,707.8799,510.4599
64.46758,1,731.1204,486.6581,719.5001,498.559
64.47833,1,731.1204,486.6581,725.3102,492.6086
64.489,1,750.3313,463.7494,737.8208,478.179
64.50209,1,750.3313,463.7494,744.076,470.9642
64.51309,1,763.1827,454.6632,753.6294,462.8137
64.52477,1,763.1827,454.6632,758.4061,458.7385
64.53561,1,763.1827,454.6632,760.7944,456.7008
64.55016,1,770.2758,448.6962,765.5352,452.6985
64.56142,1,770.2758,448.6962,767.9055,450.6974
64.5733,1,772.3851,445.385,770.1453,448.0412
64.58545,1,772.3851,445.385,771.2653,446.7131
64.59526,1,772.3851,445.385,771.8252,446.049
64.60717,1,774.4703,473.7028,773.1477,459.8759
64.61904,1,774.4703,473.7028,773.809,466.7894
64.62921,1,774.4703,473.7028,774.1396,470.2461
64.63982,1,758.528,525.7191,766.3338,497.9826
64.65125,1,758.528,525.7191,762.4309,511.8509
64.66261,1,690.2705,716.0806,726.3507,613.9658
64.67357,1,690.2705,716.0806,708.3106,665.0232
64.6877,1,690.2705,716.0806,699.2905,690.5519
64.69845,1,633.7059,897.0733,666.4982,793.8126
64.71084,1,633.7059,897.0733,650.1021,845.443
64.72444,1,600.3855,983.7726,625.2438,914.6078
64.73509,1,600.3855,983.7726,612.8146,949.1902
64.74717,1,600.3855,983.7726,606.6001,966.4814
64.75881,1,585.2587,1024.392,595.9294,995.4366
64.77167,1,585.2587,1024.392,590.594,1009.914
64.78532,1,579.1492,1038.645,584.8716,1024.28
64.79424,1,579.1492,1038.645,582.0104,1031.462
64.8074,1,579.1492,1038.645,580.5798,1035.053
64.8193,1,575.6679,1048.401,578.1239,1041.728
64.82896,1,575.6679,1048.401,576.8959,1045.064
64.85156,1,575.0611,1054.131,575.9785,1049.598
64.85788,1,575.0611,1054.131,575.5198,1051.864
64.86659,1,575.0611,1054.131,575.2904,1052.998
64.87811,1,573.4094,1057.92,574.3499,1055.459
64.88857,1,573.4094,1057.92,573.8796,1056.69
64.90115,1,573.4094,1057.92,573.6445,1057.305
64.9106,1,571.4474,1060.708,572.546,1059.006
64.92358,1,571.4474,1060.708,571.9967,1059.857
64.93461,1,571.4474,1060.708,571.722,1060.282
64.94663,1,617.4268,1027.197,594.5745,1043.74
64.95779,1,617.4268,1027.197,606.0006,1035.468
64.96944,1,715.0768,941.6561,660.5387,988.5622
64.98067,1,715.0768,941.6561,687.8077,965.1091
64.99257,1,715.0768,941.6561,701.4423,953.3826
65.0057,1,848.692,819.7384,775.0671,886.5605
65.0173,1,848.692,819.7384,811.8796,853.1495
65.02763,1,935.8459,740.1867,873.8627,796.6681
65.04134,1,935.8459,740.1867,904.8543,768.4274
65.05212,1,935.8459,740.1867,920.3501,754.307
65.06364,1,980.9826,702.3769,950.6664,728.3419
65.07365,1,980.9826,702.3769,965.8245,715.3594
65.08678,1,1006.305,681.7413,986.0647,698.5503
65.09713,1,1006.305,681.7413,996.1848,690.1458
65.10881,1,1006.305,681.7413,1001.245,685.9435
65.12117,1,1019.458,670.4438,1010.352,678.1936
65.1317,1,1019.458,670.4438,1014.905,674.3187
65.14307,1,1019.458,670.4438,1017.182,672.3812
65.15325,1,1026.031,664.5659,1021.606,668.4736
65.16492,1,1026.031,664.5659,1023.818,666.5198
65.17584,1,1026.031,664.5659,1024.924,665.5428
65.18843,1,1030.089,661.3986,1027.507,663.4707
65.20085,1,1030.089,661.3986,1028.798,662.4346
65.21073,1,1032.745,659.8813,1030.771,661.158
65.22511,1,1032.745,659.8813,1031.758,660.5197
65.23714,1,1032.5,658.1168,1032.129,659.3182
65.24702,1,1032.5,658.1168,1032.315,658.7175
65.25957,1,1032.5,658.1168,1032.408,658.4171
65.2703,1,1079.801,654.4496,1056.104,656.4333
65.28336,1,1079.801,654.4496,1067.953,655.4415
65.29448,1,1079.801,654.4496,1073.877,654.9456
65.30548,1,1220.705,690.7763,1147.291,672.861
65.31442,1,1220.705,690.7763,1183.998,681.8186
65.3266,1,1220.705,690.7763,1202.351,686.2975
65.3432,1,1358.389,736.4234,1280.37,711.3605
65.35044,1,1358.389,736.4234,1319.38,723.892
65.36266,1,1442.421,768.2774,1380.9,746.0847
65.37268,1,1442.421,768.2774,1411.661,757.181
65.38577,1,1442.421,768.2774,1427.041,762.7292
65.39539,1,1490.421,784.9421,1458.731,773.8357
65.40998,1,1490.421,784.9421,1474.576,779.3889
65.42812,1,1517.449,794.191,1496.013,786.7899
65.43777,1,1517.449,794.191,1506.731,790.4905
65.44668,1,1517.449,794.191,1512.09,792.3407
65.46016,1,1532.074,798.4855,1522.082,795.4131
65.47137,1,1532.074,798.4855,1527.078,796.9493
65.48434,1,1541.533,800.589,1534.306,798.7692
65.49348,1,1541.533,800.589,1537.919,799.6791
65.50974,1,1544.652,802.5689,1541.286,801.124
65.52142,1,1544.652,802.5689,1542.969,801.8464
65.53136,1,1544.652,802.5689,1543.811,802.2076
65.54264,1,1538.838,816.4492,1541.324,809.3284
65.55369,1,1538.838,816.4492,1540.081,812.8888
65.57103,1,1533.794,830.968,1536.937,821.9284
65.57905,1,1533.794,830.968,1535.365,826.4482
65.59101,1,1533.794,830.968,1534.58,828.7081
65.60403,1,1529.592,839.8314,1532.086,834.2698
65.61417,1,1529.592,839.8314,1530.839,837.0506
65.62735,1,1529.592,839.8314,1530.216,838.441
65.64012,1,1525.833,846.6043,1528.024,842.5227
65.65108,1,1525.833,846.6043,1526.928,844.5635
65.66435,1,1524.406,850.1429,1525.667,847.3532
65.67504,1,1524.406,850.1429,1525.037,848.748
65.68684,1,1524.406,850.1429,1524.721,849.4455
65.69736,1,1522.249,848.0347,1523.485,848.7401
65.70927,1,1522.249,848.0347,1522.867,848.3875
65.72181,1,1504.07,787.9826,1513.469,818.1851
65.73228,1,1504.07,787.9826,1508.77,803.0839
65.7533,1,1422.742,478.4674,1465.756,640.7756
65.76015,1,1422.742,478.4674,1444.249,559.6215
65.77197,1,1422.742,478.4674,1433.495,519.0444
65.7849,1,1372.285,268.1438,1402.89,393.5941
65.7945,1,1372.285,268.1438,1387.588,330.869
65.80767,1,1372.285,268.1438,1379.936,299.5064
65.8194,1,1354.244,174.7375,1367.09,237.1219
65.82813,1,1354.244,174.7375,1360.667,205.9297
65.84071,1,1354.244,174.7375,1357.455,190.3336
65.85106,1,1346.114,142.4828,1351.785,166.4082
65.86306,1,1346.114,142.4828,1348.949,154.4455
65.87383,1,1344.106,132.7201,1346.528,143.5828
65.88653,1,1344.106,132.7201,1345.317,138.1514
65.89743,1,1344.106,132.7201,1344.711,135.4358
65.9091,1,1342.121,127.4287,1343.416,131.4322
65.92144,1,1342.121,127.4287,1342.769,129.4305
65.93093,1,1342.121,127.4287,1342.445,128.4296
65.94382,1,1341.838,121.691,1342.142,125.0603
65.95453,1,1341.838,121.691,1341.99,123.3757
65.96736,1,1340.462,118.0721,1341.226,120.7239
65.9964,1,1363.328,150.7806,1352.277,135.7522
66.00368,1,1363.328,150.7806,1357.802,143.2664
66.01049,1,1363.328,150.7806,1360.565,147.0235
66.02325,1,1387.204,216.0138,1373.885,181.5187
66.03452,1,1387.204,216.0138,1380.544,198.7663
66.0465,1,1387.204,216.0138,1383.874,207.39
66.05762,1,1468.406,530.7858,1426.14,369.0879
66.06792,1,1468.406,530.7858,1447.273,449.9368
66.08044,1,1468.406,530.7858,1457.84,490.3613
66.09132,1,1520.215,750.5511,1489.027,620.4562
66.10532,1,1520.215,750.5511,1504.621,685.5037
66.11748,1,1540.896,841.7283,1522.759,763.616
66.12725,1,1540.896,841.7283,1531.827,802.6721
66.13972,1,1540.896,841.7283,1536.362,822.2002
66.15165,1,1548.197,874.2047,1542.279,848.2024
66.16372,1,1548.197,874.2047,1545.238,861.2035
66.17442,1,1550.909,885.6412,1548.074,873.4224
66.1882,1,1550.909,885.6412,1549.491,879.5318
66.2007,1,1550.909,885.6412,1550.2,882.5865
66.20921,1,1550.06,890.128,1550.13,886.3573
66.22359,1,1550.06,890.128,1550.095,888.2427
66.23518,1,1548.781,887.4086,1549.438,887.8256
66.24877,1,1548.781,887.4086,1549.11,887.6171
66.2624,1,1548.781,887.4086,1548.945,887.5128
66.27203,1,1548.26,888.633,1548.603,888.0729
66.28634,1,1548.26,888.633,1548.431,888.3529
66.30193,1,1546.865,887.0557,1547.648,887.7043
66.30872,1,1546.865,887.0557,1547.257,887.38
66.32001,1,1546.865,887.0557,1547.061,887.2178
66.32925,1,1547.39,886.7542,1547.225,886.986
66.34396,1,1547.39,886.7542,1547.308,886.8701
66.35726,1,1547.007,886.7675,1547.157,886.8188
66.36835,1,1547.007,886.7675,1547.082,886.7932
66.38007,1,1547.007,886.7675,1547.045,886.7804
66.39043,1,1545.978,886.0873,1546.511,886.4338
66.40356,1,1545.978,886.0873,1546.245,886.2606
66.41257,1,1545.978,886.0873,1546.111,886.174
66.42603,1,1545.402,884.6765,1545.757,885.4252
66.43702,1,1545.402,884.6765,1545.58,885.0509
66.44633,1,1544.627,883.6884,1545.103,884.3696
66.46044,1,1544.627,883.6884,1544.865,884.0291
66.4711,1,1544.627,883.6884,1544.746,883.8588
66.48308,1,1544.604,882.8265,1544.675,883.3427
66.49246,1,1544.604,882.8265,1544.64,883.0846
66.50516,1,1544.604,882.8265,1544.622,882.9556
66.51456,1,1544.739,882.0729,1544.68,882.5142
66.52817,1,1544.739,882.0729,1544.71,882.2936
66.54079,1,1544.706,881.4823,1544.708,881.8879
66.55135,1,1544.706,881.4823,1544.707,881.6851
66.56371,1,1544.706,881.4823,1544.707,881.5837
66.57461,1,1544.546,880.8792,1544.626,881.2314
66.58771,1,1544.546,880.8792,1544.586,881.0553
66.60001,1,1544.339,880.4821,1544.462,880.7687
66.60764,1,1544.339,880.4821,1544.401,880.6254
66.62122,1,1544.339,880.4821,1544.37,880.5537
66.63004,1,1544.213,879.9654,1544.292,880.2595
66.64236,1,1544.213,879.9654,1544.252,880.1124
66.65376,1,1544.213,879.9654,1544.233,880.0389
66.66496,1,1544.049,879.4386,1544.141,879.7388
66.67812,1,1544.049,879.4386,1544.095,879.5887
66.68883,1,1543.686,879.0269,1543.891,879.3077
66.70148,1,1543.686,879.0269,1543.788,879.1673
66.71214,1,1543.686,879.0269,1543.737,879.097
66.72397,1,1543.499,878.7025,1543.618,878.8998
66.73438,1,1543.499,878.7025,1543.558,878.8011
66.74599,1,1543.499,878.7025,1543.528,878.7518
66.75699,1,1543.768,878.172,1543.648,878.4619
66.769,1,1543.768,878.172,1543.708,878.317
66.78103,1,1543.619,877.5089,1543.663,877.913
66.7928,1,1543.619,877.5089,1543.641,877.7109
66.80886,1,1543.672,876.4157,1543.657,877.0634
66.82015,1,1543.672,876.4157,1543.665,876.7395
66.82968,1,1543.672,876.4157,1543.668,876.5776
66.84122,1,1543.561,875.2175,1543.615,875.8976
66.85213,1,1543.561,875.2175,1543.588,875.5575
66.86359,1,1543.561,875.2175,1543.575,875.3875
66.87474,1,1543.371,873.7119,1543.473,874.5497
66.88708,1,1543.371,873.7119,1543.422,874.1308
66.89821,1,1543.371,873.7119,1543.397,873.9214
66.90965,1,1543.374,872.224,1543.385,873.0727
66.92337,1,1543.374,872.224,1543.38,872.6483
66.93361,1,1543.51,870.3771,1543.445,871.5127
66.94604,1,1543.51,870.3771,1543.478,870.9449
66.9583,1,1543.51,870.3771,1543.494,870.661
66.96886,1,1543.448,867.7797,1543.471,869.2203
66.97937,1,1543.448,867.7797,1543.46,868.5
66.99066,1,1542.147,864.7182,1542.803,866.6091
67.00336,1,1542.147,864.7182,1542.475,865.6637
67.01278,1,1542.147,864.7182,1542.311,865.1909
67.02548,1,1540.736,860.7352,1541.523,862.9631
67.03813,1,1540.736,860.7352,1541.13,861.8491
67.04745,1,1540.736,860.7352,1540.933,861.2922
67.05983,1,1540.017,856.8905,1540.475,859.0913
67.07101,1,1540.017,856.8905,1540.246,857.9909
67.08646,1,1539.323,853.1104,1539.785,855.5507
67.09403,1,1539.323,853.1104,1539.554,854.3306
67.10688,1,1539.323,853.1104,1539.438,853.7205
67.1199,1,1537.459,849.1411,1538.449,851.4308
67.12997,1,1537.459,849.1411,1537.954,850.2859
67.14356,1,1536.138,845.4018,1537.046,847.8439
67.1539,1,1536.138,845.4018,1536.592,846.6228
67.16621,1,1536.138,845.4018,1536.365,846.0123
67.1775,1,1535.194,843.3143,1535.779,844.6633
67.18847,1,1535.194,843.3143,1535.487,843.9888
67.2029,1,1533.796,840.046,1534.641,842.0175
67.21247,1,1533.796,840.046,1534.219,841.0317
67.22527,1,1533.796,840.046,1534.007,840.5389
67.23698,1,1531.884,836.032,1532.946,838.2854
67.24784,1,1531.884,836.032,1532.415,837.1587
67.26033,1,1531.884,836.032,1532.15,836.5953
67.27096,1,1529.235,832.3481,1530.693,834.4717
67.28249,1,1529.235,832.3481,1529.964,833.4099
67.29302,1,1526.736,828.6133,1528.35,831.0116
67.3061,1,1526.736,828.6133,1527.543,829.8125
67.31817,1,1526.736,828.6133,1527.14,829.2129
67.32804,1,1525.262,825.2354,1526.201,827.2241
67.34137,1,1525.262,825.2354,1525.731,826.2297
67.35128,1,1525.262,825.2354,1525.496,825.7325
67.3635,1,1523.318,822.1526,1524.407,823.9426
67.37428,1,1523.318,822.1526,1523.862,823.0476
67.38682,1,1520.948,820.3781,1522.405,821.7128
67.39556,1,1520.948,820.3781,1521.677,821.0454
67.40811,1,1520.948,820.3781,1521.313,820.7117
67.43205,1,1518.25,818.5113,1519.781,819.6115
67.43894,1,1518.25,818.5113,1519.015,819.0614
67.44968,1,1515.555,816.5363,1517.285,817.7988
67.46164,1,1515.555,816.5363,1516.42,817.1675
67.47221,1,1515.555,816.5363,1515.988,816.8519
67.48528,1,1513.093,814.4785,1514.54,815.6652
67.49498,1,1513.093,814.4785,1513.816,815.0719
67.50764,1,1511.183,812.2333,1512.5,813.6526
67.5196,1,1511.183,812.2333,1511.841,812.9429
67.53024,1,1511.183,812.2333,1511.512,812.5881
67.54346,1,1508.011,809.3893,1509.761,810.9887
67.55489,1,1508.011,809.3893,1508.886,810.189
67.56741,1,1505.017,806.006,1506.952,808.0975
67.57925,1,1505.017,806.006,1505.984,807.0518
67.58733,1,1505.017,806.006,1505.501,806.5289
67.59897,1,1501.572,802.6627,1503.536,804.5958
67.61034,1,1501.572,802.6627,1502.554,803.6293
67.62413,1,1498.685,800.1584,1500.62,801.8938
67.63741,1,1498.685,800.1584,1499.652,801.0261
67.64718,1,1498.685,800.1584,1499.168,800.5923
67.6603,1,1496.578,798.5564,1497.873,799.5743
67.67087,1,1496.578,798.5564,1497.225,799.0654
67.68228,1,1496.578,798.5564,1496.901,798.8109
67.69314,1,1494.627,797.1794,1495.764,797.9951
67.70654,1,1494.627,797.1794,1495.196,797.5873
67.71914,1,1492.495,796.3727,1493.845,796.98
67.72958,1,1492.495,796.3727,1493.17,796.6764
67.74197,1,1492.495,796.3727,1492.832,796.5245
67.75149,1,1490.946,795.9268,1491.889,796.2256
67.76334,1,1490.946,795.9268,1491.417,796.0762
67.77412,1,1490.946,795.9268,1491.182,796.0015
67.78667,1,1489.522,794.985,1490.352,795.4932
67.7991,1,1489.522,794.985,1489.937,795.2391
67.80814,1,1488.22,793.3764,1489.078,794.3077
67.82155,1,1488.22,793.3764,1488.649,793.842
67.83092,1,1488.22,793.3764,1488.435,793.6093
67.84445,1,1486.83,792.5992,1487.632,793.1042
67.85561,1,1486.83,792.5992,1487.231,792.8517
67.87012,1,1485.102,791.9413,1486.167,792.3965
67.88077,1,1485.102,791.9413,1485.635,792.1689
67.89104,1,1485.102,791.9413,1485.368,792.0551
67.90335,1,1482.742,790.8433,1484.055,791.4492
67.91318,1,1482.742,790.8433,1483.398,791.1462
67.92554,1,1480.41,789.408,1481.904,790.2771
67.93751,1,1480.41,789.408,1481.157,789.8425
67.94727,1,1480.41,789.408,1480.783,789.6252
67.95992,1,1478.578,788.7484,1479.68,789.1868
67.9706,1,1478.578,788.7484,1479.129,788.9677
67.98459,1,1478.578,788.7484,1478.853,788.858
67.99399,1,1476.811,787.5725,1477.832,788.2153
68.00642,1,1476.811,787.5725,1477.322,787.8939
68.01917,1,1474.953,786.6801,1476.138,787.287
68.02813,1,1474.953,786.6801,1475.546,786.9835
68.04047,1,1474.953,786.6801,1475.25,786.8318
68.05137,1,1473.192,785.4359,1474.221,786.1339
68.06406,1,1473.192,785.4359,1473.706,785.7849
68.07432,1,1473.192,785.4359,1473.449,785.6104
68.08956,1,1471.543,784.3771,1472.496,784.9938
68.10023,1,1471.543,784.3771,1472.02,784.6854
68.10995,1,1469.648,783.5897,1470.834,784.1376
68.12222,1,1469.648,783.5897,1470.241,783.8636
68.13134,1,1469.648,783.5897,1469.944,783.7267
68.14472,1,1467.205,782.7027,1468.575,783.2147
68.15528,1,1467.205,782.7027,1467.89,782.9587
68.16929,1,1464.092,780.9677,1465.991,781.9633
68.17989,1,1464.092,780.9677,1465.042,781.4655
68.19039,1,1464.092,780.9677,1464.567,781.2166
68.2044,1,1461.325,779.7534,1462.946,780.485
68.21338,1,1461.325,779.7534,1462.136,780.1191
68.22586,1,1461.325,779.7534,1461.731,779.9363
68.23821,1,1460.107,779.386,1460.919,779.6611
68.2474,1,1460.107,779.386,1460.513,779.5236
68.26078,1,1458.871,779.0703,1459.692,779.2969
68.27116,1,1458.871,779.0703,1459.282,779.1836
68.28455,1,1458.871,779.0703,1459.077,779.127
68.29412,1,1457.444,778.0797,1458.26,778.6033
68.30627,1,1457.444,778.0797,1457.853,778.3414
68.31834,1,1455.682,776.6632,1456.767,777.5023
68.32801,1,1455.682,776.6632,1456.225,777.0828
68.34077,1,1455.682,776.6632,1455.953,776.873
68.3528,1,1453.735,774.9615,1454.844,775.9172
68.36452,1,1453.735,774.9615,1454.289,775.4393
68.37482,1,1453.735,774.9615,1454.012,775.2004
68.38702,1,1451.697,773.2257,1452.854,774.2131
68.39802,1,1451.697,773.2257,1452.276,773.7194
68.40954,1,1449.686,771.4041,1450.981,772.5617
68.422,1,1449.686,771.4041,1450.333,771.9829
68.43302,1,1449.686,771.4041,1450.01,771.6935
68.44863,1,1447.766,769.4189,1448.888,770.5562
68.45895,1,1447.766,769.4189,1448.327,769.9875
68.47023,1,1445.971,767.993,1447.149,768.9903
68.48331,1,1445.971,767.993,1446.56,768.4917
68.48904,1,1445.971,767.993,1446.266,768.2424
68.5021,1,1443.748,767.1723,1445.007,767.7073
68.51104,1,1443.748,767.1723,1444.378,767.4398
68.52345,1,1443.748,767.1723,1444.063,767.306
68.53468,1,1441.994,766.6685,1443.028,766.9873
68.54583,1,1441.994,766.6685,1442.511,766.8279
68.55921,1,1382.824,760.8248,1412.667,763.8263
68.57072,1,1382.824,760.8248,1397.746,762.3256
68.58349,1,1382.824,760.8248,1390.285,761.5752
68.59352,1,1108.548,744.7883,1249.417,753.1818
68.60596,1,1108.548,744.7883,1178.982,748.985
68.61793,1,1108.548,744.7883,1143.765,746.8866
68.62831,1,792.6105,726.0695,968.188,736.478
68.6411,1,792.6105,726.0695,880.3993,731.2738
68.65239,1,629.356,716.1069,754.8777,723.6904
68.66414,1,629.356,716.1069,692.1168,719.8987
68.67344,1,629.356,716.1069,660.7365,718.0028
68.68729,1,556.3732,709.1597,608.5548,713.5812
68.69843,1,556.3732,709.1597,582.464,711.3705
68.70911,1,556.3732,709.1597,569.4186,710.2651
68.72243,1,523.4839,703.8802,546.4513,707.0726
68.73495,1,523.4839,703.8802,534.9677,705.4764
68.74483,1,502.9421,706.0825,518.9548,705.7794
68.75716,1,502.9421,706.0825,510.9485,705.9309
68.76891,1,502.9421,706.0825,506.9453,706.0067
68.78091,1,492.2185,707.0136,499.5819,706.5101
68.78986,1,492.2185,707.0136,495.9002,706.7618
68.80369,1,488.2475,707.592,492.0739,707.1769
68.81269,1,488.2475,707.592,490.1606,707.3844
68.82659,1,488.2475,707.592,489.204,707.4882
68.83849,1,561.6483,665.1621,525.4261,686.3251
68.84872,1,561.6483,665.1621,543.5372,675.7437
68.86257,1,697.4,521.1196,620.4686,598.4316
68.87351,1,697.4,521.1196,658.9343,559.7756
68.88708,1,697.4,521.1196,678.1671,540.4476
68.89782,1,821.2008,375.435,749.684,457.9413
68.90833,1,821.2008,375.435,785.4424,416.6882
68.92065,1,821.2008,375.435,803.3216,396.0616
68.93066,1,891.7296,294.7814,847.5256,345.4215
68.94408,1,891.7296,294.7814,869.6276,320.1014
68.97072,1,924.4568,256.9955,897.0422,288.5485
68.97845,1,924.4568,256.9955,910.7495,272.772
68.98656,1,936.5938,241.4448,923.6716,257.1084
68.99757,1,936.5938,241.4448,930.1327,249.2766
69.00759,1,936.5938,241.4448,933.3633,245.3607
69.02152,1,941.7461,231.8204,937.5547,238.5906
69.03056,1,941.7461,231.8204,939.6504,235.2055
69.04402,1,959.1682,240.7739,949.4093,237.9897
69.0542,1,959.1682,240.7739,954.2888,239.3818
69.06459,1,959.1682,240.7739,956.7285,240.0778
69.07549,1,1036.561,346.4595,996.6447,293.2686
69.08776,1,1036.561,346.4595,1016.603,319.8641
69.0983,1,1036.561,346.4595,1026.582,333.1618
69.10974,1,1193.812,549.8438,1110.197,441.5027
69.12299,1,1193.812,549.8438,1152.004,495.6732
69.13434,1,1319.051,704.3983,1235.527,600.0358
69.14545,1,1319.051,704.3983,1277.289,652.217
69.15796,1,1319.051,704.3983,1298.17,678.3076
69.16852,1,1377.821,778.3325,1337.995,728.3201
69.18056,1,1377.821,778.3325,1357.908,753.3263
69.19247,1,1377.821,778.3325,1367.865,765.8294
69.20642,1,1400.767,809.5098,1384.316,787.6696
69.21512,1,1400.767,809.5098,1392.541,798.5897
69.22841,1,1407.547,822.0131,1400.044,810.3014
69.24165,1,1407.547,822.0131,1403.796,816.1572
69.25309,1,1407.547,822.0131,1405.672,819.0851
69.2632,1,1411.251,828.2217,1408.461,823.6534
69.27415,1,1411.251,828.2217,1409.856,825.9376
69.28767,1,1380.938,829.2333,1395.397,827.5854
69.29825,1,1380.938,829.2333,1388.167,828.4094
69.31089,1,1380.938,829.2333,1384.552,828.8213
69.32301,1,1288.667,825.3661,1336.61,827.0937
69.33453,1,1288.667,825.3661,1312.638,826.2299
69.34634,1,1135.077,819.078,1223.858,822.6539
69.35992,1,1135.077,819.078,1179.468,820.866
69.36932,1,1135.077,819.078,1157.272,819.972
69.38208,1,1008.893,814.3449,1083.083,817.1584
69.39162,1,1008.893,814.3449,1045.988,815.7517
69.40472,1,1008.893,814.3449,1027.441,815.0483
69.41538,1,924.4215,811.7672,975.9311,813.4078
69.42782,1,924.4215,811.7672,950.1763,812.5875
69.43854,1,873.4074,813.4579,911.7919,813.0227
69.44901,1,873.4074,813.4579,892.5996,813.2404
69.46082,1,873.4074,813.4579,883.0035,813.3491
69.47166,1,843.1214,807.8702,863.0625,810.6097
69.48497,1,843.1214,807.8702,853.0919,809.24
69.49455,1,843.1214,807.8702,848.1067,808.5551
69.50877,1,903.0684,672.6544,875.5875,740.6047
69.51964,1,903.0684,672.6544,889.3279,706.6295
69.5301,1,976.8619,501.209,933.095,603.9193
69.54276,1,976.8619,501.209,954.9785,552.5642
69.55349,1,976.8619,501.209,965.9202,526.8866
69.56737,1,1022.08,393.4379,993.9999,460.1622
69.57841,1,1022.08,393.4379,1008.04,426.8
69.59006,1,1045.165,336.3213,1026.603,381.5607
69.60278,1,1045.165,336.3213,1035.884,358.941
69.61335,1,1045.165,336.3213,1040.524,347.6312
69.6255,1,1058.252,311.6189,1049.388,329.625
69.63785,1,1058.252,311.6189,1053.82,320.6219
69.64806,1,1065.374,302.0314,1059.597,311.3267
69.66157,1,1065.374,302.0314,1062.485,306.679
69.67077,1,1065.374,302.0314,1063.929,304.3552
69.68594,1,1071.448,290.4144,1067.688,297.3848
69.69359,1,1071.448,290.4144,1069.568,293.8996
69.70669,1,1071.448,290.4144,1070.508,292.157
69.71806,1,1073.764,283.8818,1072.136,288.0194
69.72811,1,1073.764,283.8818,1072.95,285.9506
69.74116,1,1075.944,282.2842,1074.447,284.1174
69.75292,1,1075.944,282.2842,1075.196,283.2008
69.76351,1,1075.944,282.2842,1075.57,282.7426
69.7739,1,1052.168,319.9029,1063.869,301.3227
69.78812,1,1052.168,319.9029,1058.019,310.6128
69.79945,1,966.0524,464.0727,1012.036,387.3427
69.81055,1,966.0524,464.0727,989.0441,425.7077
69.82322,1,966.0524,464.0727,977.5482,444.8902
69.83466,1,858.0191,651.0006,917.7837,547.9454
69.84641,1,858.0191,651.0006,887.9014,599.473
69.85804,1,858.0191,651.0006,872.9602,625.2368
69.8698,1,795.0291,758.2903,833.9946,691.7635
69.882,1,795.0291,758.2903,814.5118,725.027
69.8906,1,764.3128,805.5275,789.4124,765.2772
69.90382,1,764.3128,805.5275,776.8625,785.4023
69.91314,1,764.3128,805.5275,770.5876,795.465
69.92567,1,750.4178,825.9517,760.5027,810.7084
69.93745,1,750.4178,825.9517,755.4602,818.3301
69.94675,1,750.4178,825.9517,752.939,822.1409
69.9602,1,742.8159,836.3868,747.8774,829.2639
69.97091,1,742.8159,836.3868,745.3467,832.8253
70.00026,1,740.0217,842.8569,742.6842,837.8411
70.00616,1,740.0217,842.8569,741.3529,840.349
70.01868,1,738.6882,844.2597,740.0206,842.3043
70.02857,1,738.6882,844.2597,739.3544,843.282
70.04276,1,737.8622,846.9955,738.6083,845.1387
70.05327,1,737.8622,846.9955,738.2352,846.0671
70.06622,1,737.8622,846.9955,738.0487,846.5313
70.07744,1,737.0581,849.9141,737.5534,848.2227
70.08832,1,737.0581,849.9141,737.3058,849.0684
70.10143,1,742.3157,842.8867,739.8108,845.9775
70.10973,1,742.3157,842.8867,741.0632,844.4321
70.12365,1,742.3157,842.8867,741.6895,843.6594
70.13206,1,774.0475,788.5768,757.8685,816.1182
70.14491,1,774.0475,788.5768,765.958,802.3475
70.15802,1,774.0475,788.5768,770.0028,795.4622
70.16918,1,888.5774,589.6671,829.2901,692.5646
70.18038,1,888.5774,589.6671,858.9337,641.1158
70.19075,1,888.5774,589.6671,873.7556,615.3915
70.20467,1,976.7661,437.7114,925.2608,526.5514
70.21336,1,976.7661,437.7114,951.0134,482.1314
70.22607,1,1020.546,360.2344,985.7799,421.1829
70.23885,1,1020.546,360.2344,1003.163,390.7086
70.24895,1,1020.546,360.2344,1011.855,375.4715
70.264,1,1039.617,323.4849,1025.736,349.4782
70.27446,1,1039.617,323.4849,1032.676,336.4816
70.28738,1,1047.724,306.2129,1040.2,321.3472
70.29729,1,1047.724,306.2129,1043.962,313.78
70.30805,1,1047.724,306.2129,1045.843,309.9965
70.32086,1,1051.946,295.2365,1048.894,302.6165
70.33032,1,1051.946,295.2365,1050.42,298.9265
70.34269,1,1033.845,239.0075,1042.133,268.967
70.35307,1,1033.845,239.0075,1037.989,253.9872
70.36632,1,1033.845,239.0075,1035.917,246.4973
70.37811,1,1012.996,180.3103,1024.457,213.4038
70.39016,1,1012.996,180.3103,1018.726,196.8571
70.41095,1,1001.278,148.9153,1010.002,172.8862
70.41861,1,1001.278,148.9153,1005.64,160.9007
70.42593,1,1001.278,148.9153,1003.459,154.908
70.4388,1,994.2261,132.5753,998.8427,143.7417
70.44822,1,994.2261,132.5753,996.5344,138.1585
70.46165,1,994.2261,132.5753,995.3802,135.3669
70.4731,1,990.7226,121.2782,993.0514,128.3226
70.48524,1,990.7226,121.2782,991.887,124.8004
70.49811,1,1004.351,166.5433,998.1189,145.6718
70.50841,1,1004.351,166.5433,1001.235,156.1076
70.5226,1,1004.351,166.5433,1002.793,161.3254
70.53369,1,1034.286,323.6208,1018.539,242.4731
70.54631,1,1034.286,323.6208,1026.413,283.047
70.55682,1,1106.938,625.6454,1066.675,454.3462
70.56839,1,1106.938,625.6454,1086.806,539.9958
70.57881,1,1106.938,625.6454,1096.872,582.8207
70.59003,1,1169.923,792.0906,1133.397,687.4557
70.60267,1,1169.923,792.0906,1151.66,739.7732
70.61276,1,1169.923,792.0906,1160.792,765.9319
70.62536,1,1333.89,876.56,1247.341,821.246
70.63712,1,1333.89,876.56,1290.615,848.903
70.64668,1,1430.813,919.3922,1360.714,884.1476
70.66033,1,1430.813,919.3922,1395.763,901.7699
70.67094,1,1430.813,919.3922,1413.288,910.5811
70.68472,1,1471.79,937.5182,1442.539,924.0497
70.69267,1,1471.79,937.5182,1457.165,930.7839
70.70567,1,1491.287,945.5565,1474.226,938.1702
70.71832,1,1491.287,945.5565,1482.756,941.8633
70.72713,1,1491.287,945.5565,1487.021,943.7098
70.74015,1,1500.412,947.4039,1493.717,945.5569
70.75124,1,1500.412,947.4039,1497.064,946.4804
70.76413,1,1500.412,947.4039,1498.738,946.9421
70.77266,1,1506.24,949.4775,1502.489,948.2098
70.78518,1,1506.24,949.4775,1504.365,948.8437
70.79481,1,1506.24,949.4775,1505.302,949.1606
70.80903,1,1509.123,949.6198,1507.212,949.3903
70.82075,1,1509.123,949.6198,1508.167,949.505
70.83238,1,1509.149,948.5877,1508.658,949.0464
70.84451,1,1509.149,948.5877,1508.903,948.817
70.85497,1,1509.149,948.5877,1509.026,948.7024
70.86907,1,1509.761,950.5444,1509.393,949.6234
70.87968,1,1509.761,950.5444,1509.577,950.0839
70.88995,1,1508.957,951.3339,1509.267,950.7089
70.90219,1,1508.957,951.3339,1509.112,951.0214
70.91128,1,1508.957,951.3339,1509.034,951.1777
70.92455,1,1509.356,950.597,1509.195,950.8873
70.93446,1,1509.356,950.597,1509.275,950.7422
70.9462,1,1509.356,950.597,1509.315,950.6696
70.95853,1,1512.417,952.5157,1510.866,951.5927
70.97037,1,1512.417,952.5157,1511.641,952.0542
70.98203,1,1520.425,956.1015,1516.033,954.0779
70.99558,1,1520.425,956.1015,1518.229,955.0897
71.00708,1,1527.221,958.5544,1522.725,956.822
71.01887,1,1527.221,958.5544,1524.973,957.6882
71.02982,1,1527.221,958.5544,1526.097,958.1213
71.04151,1,1531.62,960.6778,1528.858,959.3995
71.05283,1,1531.62,960.6778,1530.239,960.0387
71.06394,1,1531.62,960.6778,1530.929,960.3583
71.07466,1,1534.484,963.1912,1532.707,961.7748
71.09122,1,1534.484,963.1912,1533.595,962.483
71.10462,1,1537.43,964.8137,1535.513,963.6484
71.11043,1,1537.43,964.8137,1536.472,964.2311
71.12347,1,1537.43,964.8137,1536.951,964.5224
71.134,1,1539.503,965.4078,1538.227,964.9651
71.14568,1,1539.503,965.4078,1538.865,965.1865
71.1588,1,1541.72,966.2101,1540.293,965.6982
71.1694,1,1541.72,966.2101,1541.007,965.9542
71.18131,1,1541.72,966.2101,1541.364,966.0822
71.19238,1,1543.661,966.1875,1542.512,966.1348
71.21142,1,1543.661,966.1875,1543.087,966.1611
71.221,1,1544.615,965.7721,1543.851,965.9666
71.23026,1,1544.615,965.7721,1544.233,965.8694
71.24294,1,1544.615,965.7721,1544.424,965.8207
71.25353,1,1545.348,965.6713,1544.886,965.746
71.26733,1,1545.348,965.6713,1545.117,965.7086
71.27834,1,1545.348,965.6713,1545.233,965.6899
71.28862,1,1546.202,965.1818,1545.717,965.4359
71.30157,1,1546.202,965.1818,1545.96,965.3088
71.31081,1,1547.204,965.0315,1546.582,965.1702
71.32452,1,1547.204,965.0315,1546.893,965.1008
71.33437,1,1547.204,965.0315,1547.048,965.0662
71.34682,1,1513.638,954.8154,1530.343,959.9408
71.35847,1,1513.638,954.8154,1521.99,957.3781
71.3691,1,1236.512,875.998,1379.251,916.688
71.38278,1,1236.512,875.998,1307.882,896.343
71.39275,1,1236.512,875.998,1272.197,886.1705
71.40557,1,893.3212,783.9158,1082.759,835.0432
71.41763,1,893.3212,783.9158,988.0401,809.4795
71.42683,1,893.3212,783.9158,940.6807,796.6976
71.44023,1,717.4877,739.1176,829.0842,767.9076
71.45107,1,717.4877,739.1176,773.286,753.5126
71.46455,1,638.2987,722.0687,705.7924,737.7906
71.47375,1,638.2987,722.0687,672.0455,729.9297
71.4876,1,638.2987,722.0687,655.1721,725.9991
71.49787,1,607.7319,713.335,631.452,719.6671
71.50876,1,607.7319,713.335,619.592,716.5011
71.52304,1,593.8362,707.3831,606.7141,711.9421
71.53415,1,593.8362,707.3831,600.2751,709.6626
71.54571,1,593.8362,707.3831,597.0557,708.5228
71.55755,1,552.4404,712.9117,574.748,710.7173
71.56858,1,552.4404,712.9117,563.5942,711.8145
71.58059,1,519.0136,722.5938,541.304,717.2042
71.59155,1,519.0136,722.5938,530.1588,719.899
71.60421,1,519.0136,722.5938,524.5862,721.2464
71.61386,1,502.6385,726.8714,513.6124,724.0589
71.62593,1,502.6385,726.8714,508.1254,725.4651
71.63832,1,502.6385,726.8714,505.382,726.1683
71.64711,1,521.2439,731.0073,513.3129,728.5878
71.6617,1,521.2439,731.0073,517.2784,729.7975
71.67313,1,615.4274,747.1198,566.3529,738.4586
71.68536,1,615.4274,747.1198,590.8901,742.7892
71.69405,1,615.4274,747.1198,603.1588,744.9545
71.70641,1,979.1232,817.2954,791.141,781.1249
71.71931,1,979.1232,817.2954,885.1321,799.2102
71.72847,1,979.1232,817.2954,932.1276,808.2528
71.74162,1,1280.52,871.9373,1106.324,840.095
71.75253,1,1280.52,871.9373,1193.422,856.0161
71.76424,1,1426.538,897.213,1309.98,876.6145
71.77383,1,1426.538,897.213,1368.259,886.9137
71.78651,1,1426.538,897.213,1397.399,892.0634
71.79753,1,1490.135,906.0058,1443.767,899.0345
71.8091,1,1490.135,906.0058,1466.951,902.5201
71.8224,1,1518.58,912.0521,1492.766,907.2861
71.83388,1,1518.58,912.0521,1505.673,909.6691
71.84892,1,1518.58,912.0521,1512.127,910.8606
71.86507,1,1532.923,916.3559,1522.525,913.6083
71.87954,1,1532.923,916.3559,1527.724,914.9821
71.88544,1,1541.291,917.7415,1534.507,916.3618
71.89535,1,1541.291,917.7415,1537.899,917.0516
71.90711,1,1541.291,917.7415,1539.595,917.3966
71.91908,1,1550.903,919.1199,1545.249,918.2582
71.92971,1,1550.903,919.1199,1548.076,918.6891
71.94199,1,1550.903,919.1199,1549.489,918.9045
71.95425,1,1570.558,925.9042,1560.023,922.4043
71.96677,1,1570.558,925.9042,1565.291,924.1542
71.97742,1,1583.756,930.3759,1574.523,927.2651
71.98775,1,1583.756,930.3759,1579.14,928.8205
72.00073,1,1583.756,930.3759,1581.448,929.5982
72.0118,1,1596.182,934.0004,1588.815,931.7993
72.02328,1,1596.182,934.0004,1592.498,932.8999
72.03422,1,1604.633,934.708,1598.566,933.804
72.04732,1,1604.633,934.708,1601.599,934.256
72.05819,1,1604.633,934.708,1603.116,934.482
72.06943,1,1612.02,933.616,1607.568,934.049
72.08217,1,1612.02,933.616,1609.794,933.8325
72.09223,1,1612.02,933.616,1610.907,933.7242
72.1041,1,1617.492,931.9017,1614.199,932.813
72.11444,1,1617.492,931.9017,1615.846,932.3573
72.12598,1,1621.475,930.6633,1618.66,931.5103
72.1375,1,1621.475,930.6633,1620.068,931.0868
72.15038,1,1621.475,930.6633,1620.771,930.875
72.16135,1,1622.859,929.9703,1621.815,930.4226
72.1731,1,1622.859,929.9703,1622.337,930.1964
72.18555,1,1624.549,928.1395,1623.443,929.168
72.19508,1,1624.549,928.1395,1623.996,928.6537
72.20728,1,1624.549,928.1395,1624.272,928.3966
72.21938,1,1625.315,926.8486,1624.794,927.6226
72.22932,1,1625.315,926.8486,1625.054,927.2356
72.24172,1,1625.315,926.8486,1625.185,927.0421
72.25288,1,1624.691,926.4777,1624.938,926.7599
72.26543,1,1624.691,926.4777,1624.814,926.6188
72.27473,1,1624.691,926.4777,1624.752,926.5482
72.28797,1,1624.122,925.1949,1624.437,925.8716
72.30213,1,1624.122,925.1949,1624.28,925.5333
72.31288,1,1624.413,923.8264,1624.347,924.6798
72.32626,1,1624.413,923.8264,1624.38,924.2531
72.33792,1,1624.49,922.4415,1624.435,923.3473
72.34845,1,1624.49,922.4415,1624.462,922.8944
72.3595,1,1624.49,922.4415,1624.476,922.668
72.37042,1,1628.942,919.5607,1626.709,921.1144
72.38367,1,1628.942,919.5607,1627.825,920.3375
72.39281,1,1628.942,919.5607,1628.383,919.9491
72.40646,1,1634.893,917.3878,1631.638,918.6685
72.41948,1,1634.893,917.3878,1633.265,918.0281
72.4291,1,1639.985,915.1008,1636.625,916.5645
72.44243,1,1639.985,915.1008,1638.305,915.8326
72.45322,1,1639.985,915.1008,1639.145,915.4667
72.46679,1,1644.804,913.7714,1641.975,914.619
72.47755,1,1644.804,913.7714,1643.389,914.1952
72.4885,1,1648.376,912.333,1645.883,913.2641
72.50122,1,1648.376,912.333,1647.129,912.7986
72.5102,1,1648.376,912.333,1647.753,912.5658
72.52135,1,1651.893,910.7913,1649.823,911.6786
72.53497,1,1651.893,910.7913,1650.858,911.235
72.54503,1,1651.893,910.7913,1651.375,911.0132
72.55511,1,1656.345,908.9209,1653.86,909.967
72.56772,1,1656.345,908.9209,1655.103,909.444
72.57866,1,1660.331,906.4133,1657.717,907.9286
72.5892,1,1660.331,906.4133,1659.024,907.171
72.60229,1,1660.331,906.4133,1659.677,906.7922
72.61154,1,1663.501,904.8605,1661.589,905.8264
72.62428,1,1663.501,904.8605,1662.545,905.3434
72.63477,1,1663.501,904.8605,1663.023,905.102
72.64712,1,1666.271,903.2117,1664.647,904.1569
72.65795,1,1666.271,903.2117,1665.459,903.6843
72.66875,1,1669.452,900.9569,1667.455,902.3206
72.68142,1,1669.452,900.9569,1668.453,901.6388
72.69139,1,1669.452,900.9569,1668.952,901.2979
72.70485,1,1672.758,898.5983,1670.855,899.9481
72.71926,1,1672.758,898.5983,1671.806,899.2732
72.72653,1,1672.758,898.5983,1672.282,898.9357
72.73937,1,1675.647,896.5508,1673.965,897.7433
72.75067,1,1675.647,896.5508,1674.806,897.147
72.76186,1,1678.446,893.8113,1676.626,895.4791
72.77299,1,1678.446,893.8113,1677.536,894.6452
72.78654,1,1678.446,893.8113,1677.991,894.2283
72.79758,1,1680.86,892.0764,1679.426,893.1523
72.80959,1,1680.86,892.0764,1680.143,892.6144
72.82098,1,1683.133,889.5706,1681.638,891.0925
72.83212,1,1683.133,889.5706,1682.385,890.3315
72.84369,1,1683.133,889.5706,1682.759,889.951
72.85489,1,1685.464,885.9879,1684.112,887.9695
72.86881,1,1685.464,885.9879,1684.788,886.9787
72.87912,1,1685.464,885.9879,1685.126,886.4833
72.89141,1,1688.264,883.1364,1686.695,884.8098
72.9036,1,1688.264,883.1364,1687.479,883.9731
72.91355,1,1691.506,880.3596,1689.493,882.1664
72.92643,1,1691.506,880.3596,1690.499,881.263
72.9381,1,1691.506,880.3596,1691.003,880.8113
72.94958,1,1694.608,877.636,1692.805,879.2236
72.96126,1,1694.608,877.636,1693.706,878.4298
72.97057,1,1697.448,874.9901,1695.577,876.71
72.98206,1,1697.448,874.9901,1696.513,875.85
72.99361,1,1697.448,874.9901,1696.981,875.42
73.00622,1,1699.861,872.9251,1698.421,874.1726
73.01933,1,1699.861,872.9251,1699.141,873.5488
73.02856,1,1699.861,872.9251,1699.501,873.2369
73.04146,1,1701.91,871.361,1700.705,872.299
73.05254,1,1701.91,871.361,1701.308,871.83
73.06402,1,1704.211,869.296,1702.759,870.563
73.07481,1,1704.211,869.296,1703.485,869.9294
73.08752,1,1704.211,869.296,1703.848,869.6127
73.10191,1,1705.986,867.4979,1704.917,868.5553
73.1094,1,1705.986,867.4979,1705.452,868.0266
73.12228,1,1707.933,866.0471,1706.693,867.0369
73.13562,1,1707.933,866.0471,1707.313,866.542
73.14545,1,1707.933,866.0471,1707.623,866.2946
73.15702,1,1710.743,863.9063,1709.183,865.1005
73.16895,1,1710.743,863.9063,1709.963,864.5034
73.18056,1,1710.743,863.9063,1710.353,864.2048
73.19096,1,1713.162,861.8907,1711.758,863.0477
73.20444,1,1713.162,861.8907,1712.46,862.4692
73.21428,1,1715.639,860.5285,1714.049,861.4989
73.22657,1,1715.639,860.5285,1714.844,861.0137
73.23819,1,1715.639,860.5285,1715.241,860.7711
73.25069,1,1718.63,859.2195,1716.936,859.9953
73.26043,1,1718.63,859.2195,1717.783,859.6074
73.27069,1,1718.63,859.2195,1718.207,859.4135
73.28451,1,1721.199,857.1594,1719.703,858.2864
73.29372,1,1721.199,857.1594,1720.451,857.7229
73.30522,1,1723.411,856.2975,1721.931,857.0102
73.31986,1,1723.411,856.2975,1722.671,856.6538
73.32786,1,1723.411,856.2975,1723.041,856.4756
73.34138,1,1725.285,854.8058,1724.163,855.6407
73.35262,1,1725.285,854.8058,1724.724,855.2233
73.36425,1,1727.103,852.9521,1725.913,854.0877
73.37503,1,1727.103,852.9521,1726.508,853.5199
73.38827,1,1727.103,852.9521,1726.805,853.236
73.402,1,1726.822,850.4791,1726.814,851.8575
73.41162,1,1726.822,850.4791,1726.818,851.1683
73.42343,1,1726.099,848.3926,1726.459,849.7805
73.43435,1,1726.099,848.3926,1726.279,849.0865
73.44651,1,1726.099,848.3926,1726.189,848.7396
73.45736,1,1725.389,845.9438,1725.789,847.3417
73.46841,1,1725.389,845.9438,1725.589,846.6428
73.47948,1,1725.389,845.9438,1725.489,846.2933
73.49073,1,1724.738,843.5524,1725.114,844.9229
73.50524,1,1724.738,843.5524,1724.926,844.2376
73.51561,1,1723.644,840.8851,1724.285,842.5614
73.52766,1,1723.644,840.8851,1723.964,841.7233
73.53999,1,1723.644,840.8851,1723.804,841.3042
73.55109,1,1722.188,837.8242,1722.996,839.5642
73.56389,1,1722.188,837.8242,1722.592,838.6942
73.5742,1,1722.188,837.8242,1722.39,838.2592
73.58765,1,1720.681,835.7271,1721.535,836.9931
73.59965,1,1720.681,835.7271,1721.108,836.3601
73.60867,1,1719.292,833.2462,1720.2,834.8032
73.62146,1,1719.292,833.2462,1719.746,834.0247
73.63145,1,1719.292,833.2462,1719.519,833.6354
73.64285,1,1717.881,830.3754,1718.7,832.0054
73.65334,1,1717.881,830.3754,1718.29,831.1904
73.66521,1,1716.234,828.2062,1717.262,829.6984
73.67568,1,1716.234,828.2062,1716.748,828.9523
73.68804,1,1716.234,828.2062,1716.491,828.5792
73.70073,1,1715.473,826.4941,1715.982,827.5367
73.71055,1,1715.473,826.4941,1715.727,827.0154
73.72419,1,1715.473,826.4941,1715.6,826.7548
73.7356,1,1714.209,823.8796,1714.905,825.3171
73.74842,1,1714.209,823.8796,1714.557,824.5984
73.76093,1,1712.274,822.303,1713.416,823.4507
73.77246,1,1712.274,822.303,1712.845,822.8768
73.78535,1,1712.274,822.303,1712.559,822.59
73.79518,1,1710.332,820.2877,1711.446,821.4388
73.80776,1,1710.332,820.2877,1710.889,820.8633
73.81924,1,1708.586,818.918,1709.738,819.8906
73.82927,1,1708.586,818.918,1709.162,819.4043
73.84006,1,1708.586,818.918,1708.874,819.1611
73.85117,1,1706.882,817.1572,1707.878,818.1592
73.86314,1,1706.882,817.1572,1707.38,817.6582
73.87698,1,1704.858,815.9395,1706.119,816.7988
73.88884,1,1704.858,815.9395,1705.488,816.3691
73.90222,1,1704.858,815.9395,1705.173,816.1543
73.91118,1,1703.124,814.1986,1704.148,815.1765
73.92414,1,1703.124,814.1986,1703.636,814.6875
73.9349,1,1703.124,814.1986,1703.38,814.4431
73.94643,1,1701.215,812.4797,1702.297,813.4614
73.95786,1,1701.215,812.4797,1701.756,812.9706
73.97021,1,1699.677,811.6044,1700.717,812.2875
73.98116,1,1699.677,811.6044,1700.197,811.9459
73.99128,1,1699.677,811.6044,1699.937,811.7751
74.00449,1,1697.819,811.017,1698.878,811.3961
74.0145,1,1697.819,811.017,1698.348,811.2065
74.02686,1,1697.819,811.017,1698.084,811.1118
74.03896,1,1696.218,810.626,1697.151,810.8689
74.04994,1,1696.218,810.626,1696.684,810.7474
74.06102,1,1695.226,809.6802,1695.955,810.2139
74.07137,1,1695.226,809.6802,1695.591,809.947
74.08446,1,1695.226,809.6802,1695.408,809.8136
74.09459,1,1693.553,808.6353,1694.481,809.2244
74.10769,1,1693.553,808.6353,1694.017,808.9298
74.12029,1,1691.463,807.7084,1692.74,808.3191
74.13169,1,1691.463,807.7084,1692.101,808.0138
74.14354,1,1691.463,807.7084,1691.782,807.8611
74.15359,1,1689.495,806.5426,1690.639,807.2018
74.16721,1,1689.495,806.5426,1690.067,806.8722
74.17858,1,1689.495,806.5426,1689.781,806.7074
74.18811,1,1687.973,805.7067,1688.877,806.207
74.20074,1,1687.973,805.7067,1688.425,805.9569
74.21157,1,1686.395,804.9688,1687.41,805.4629
74.23463,1,1686.395,804.9688,1686.902,805.2158
74.24141,1,1684.586,803.8209,1685.744,804.5183
74.25202,1,1684.586,803.8209,1685.165,804.1696
74.26432,1,1684.586,803.8209,1684.875,803.9952
74.27464,1,1682.51,802.4795,1683.693,803.2374
74.28854,1,1682.51,802.4795,1683.102,802.8584
74.30003,1,1679.927,800.7588,1681.514,801.8086
74.30958,1,1679.927,800.7588,1680.72,801.2837
74.32322,1,1679.927,800.7588,1680.324,801.0212
74.33369,1,1677.895,799.1473,1679.109,800.0843
74.34609,1,1677.895,799.1473,1678.502,799.6158
74.35762,1,1677.895,799.1473,1678.198,799.3816
74.36852,1,1675.777,797.5093,1676.988,798.4454
74.38023,1,1675.777,797.5093,1676.382,797.9774
74.39045,1,1672.967,795.8731,1674.674,796.9253
74.40335,1,1672.967,795.8731,1673.82,796.3992
74.41312,1,1672.967,795.8731,1673.394,796.1361
74.42542,1,1671.529,794.5865,1672.461,795.3613
74.43814,1,1671.529,794.5865,1671.995,794.9739
74.44877,1,1671.529,794.5865,1671.762,794.7803
74.46066,1,1669.652,793.5709,1670.707,794.1755
74.47163,1,1669.652,793.5709,1670.179,793.8732
74.48524,1,1667.646,792.7219,1668.913,793.2975
74.49866,1,1667.646,792.7219,1668.279,793.0098
74.50734,1,1667.646,792.7219,1667.963,792.8658
74.52011,1,1665.081,791.8478,1666.522,792.3568
74.52918,1,1665.081,791.8478,1665.802,792.1023
74.5419,1,1663.165,792.9922,1664.483,792.5472
74.55259,1,1663.165,792.9922,1663.824,792.7698
74.56438,1,1663.165,792.9922,1663.494,792.881
74.57481,1,1660.709,794.7607,1662.102,793.8208
74.58817,1,1660.709,794.7607,1661.406,794.2908
74.60069,1,1660.709,794.7607,1661.057,794.5258
74.61115,1,1658.091,796.4101,1659.574,795.4679
74.6217,1,1658.091,796.4101,1658.833,795.939
74.6338,1,1655.349,797.6239,1657.091,796.7814
74.64525,1,1655.349,797.6239,1656.22,797.2026
74.65704,1,1655.349,797.6239,1655.785,797.4133
74.66875,1,1652.576,798.8467,1654.18,798.13
74.68098,1,1652.576,798.8467,1653.378,798.4883
74.69081,1,1652.576,798.8467,1652.977,798.6675
74.70431,1,1649.955,800.2402,1651.466,799.4539
74.71307,1,1649.955,800.2402,1650.71,799.847
74.72614,1,1647.631,802.052,1649.171,800.9495
74.7389,1,1647.631,802.052,1648.401,801.5007
74.75278,1,1645.274,803.892,1646.837,802.6964
74.76265,1,1645.274,803.892,1646.056,803.2942
74.77238,1,1645.274,803.892,1645.665,803.5931
74.78578,1,1642.979,805.6207,1644.322,804.6069
74.79455,1,1642.979,805.6207,1643.651,805.1138
74.8073,1,1642.979,805.6207,1643.315,805.3673
74.81967,1,1640.982,807.1288,1642.149,806.248
74.8288,1,1640.982,807.1288,1641.565,806.6885
74.84137,1,1640.982,807.1288,1641.274,806.9087
74.85368,1,1638.699,807.9718,1639.987,807.4402
74.86529,1,1638.699,807.9718,1639.343,807.7061
74.87769,1,1636.671,808.9372,1638.007,808.3217
74.88812,1,1636.671,808.9372,1637.339,808.6294
74.90115,1,1636.671,808.9372,1637.005,808.7833
74.91161,1,1634.535,810.2706,1635.77,809.527
74.92474,1,1634.535,810.2706,1635.152,809.8988
74.93753,1,1632.205,812.0093,1633.679,810.9541
74.94634,1,1632.205,812.0093,1632.942,811.4817
74.95789,1,1632.205,812.0093,1632.573,811.7455
74.96824,1,1629.84,813.4172,1631.207,812.5813
74.97913,1,1629.84,813.4172,1630.523,812.9993
74.99076,1,1629.84,813.4172,1630.182,813.2083
75.00353,1,1627.141,814.4994,1628.661,813.8538
75.0126,1,1627.141,814.4994,1627.901,814.1766
75.02474,1,1623.452,815.8687,1625.677,815.0227
75.03768,1,1623.452,815.8687,1624.564,815.4457
75.04681,1,1623.452,815.8687,1624.008,815.6572
75.05928,1,1620.783,817.1138,1622.396,816.3855
75.07014,1,1620.783,817.1138,1621.589,816.7496
75.0817,1,1620.783,817.1138,1621.186,816.9317
75.09203,1,1617.625,819.2896,1619.406,818.1106
75.10457,1,1617.625,819.2896,1618.515,818.7001
75.11422,1,1617.625,819.2896,1618.07,818.9948
75.12614,1,1614.553,821.429,1616.312,820.2119
75.13783,1,1614.553,821.429,1615.432,820.8204
75.14859,1,1611.247,824.1324,1613.34,822.4764
75.16213,1,1611.247,824.1324,1612.293,823.3044
75.1716,1,1611.247,824.1324,1611.77,823.7184
75.1848,1,1608.707,825.9561,1610.239,824.8373
75.21176,1,1605.499,827.4733,1607.869,826.1553
75.21896,1,1605.499,827.4733,1606.684,826.8143
75.2289,1,1605.499,827.4733,1606.091,827.1438
75.24135,1,1602.682,828.6811,1604.387,827.9125
75.25254,1,1602.682,828.6811,1603.534,828.2968
75.2642,1,1602.682,828.6811,1603.108,828.4889
75.27316,1,1599.951,829.6131,1601.53,829.051
75.28734,1,1599.951,829.6131,1600.74,829.332
75.29753,1,1596.952,830.8222,1598.846,830.0771
75.30806,1,1596.952,830.8222,1597.899,830.4497
75.32098,1,1596.952,830.8222,1597.426,830.636
75.33041,1,1593.245,831.5341,1595.335,831.0851
75.34418,1,1593.245,831.5341,1594.291,831.3096
75.35453,1,1593.245,831.5341,1593.768,831.4219
75.36805,1,1590.059,831.7215,1591.914,831.5717
75.37789,1,1590.059,831.7215,1590.986,831.6466
75.39159,1,1587.443,831.6897,1589.215,831.6682
75.40466,1,1587.443,831.6897,1588.329,831.679
75.41507,1,1587.443,831.6897,1587.886,831.6843
75.42714,1,1584.433,831.4152,1586.16,831.5498
75.43908,1,1584.433,831.4152,1585.296,831.4825
75.44773,1,1581.279,832.1451,1583.288,831.8138
75.46036,1,1581.279,832.1451,1582.283,831.9795
75.47105,1,1581.279,832.1451,1581.781,832.0623
75.48241,1,1578.378,832.6318,1580.079,832.347
75.49294,1,1578.378,832.6318,1579.229,832.4894
75.50576,1,1578.378,832.6318,1578.803,832.5605
75.51862,1,1573.463,834.5292,1576.133,833.5449
75.5284,1,1573.463,834.5292,1574.798,834.037
75.54126,1,1567.746,836.9815,1571.272,835.5093
75.55163,1,1567.746,836.9815,1569.509,836.2454
75.56361,1,1567.746,836.9815,1568.627,836.6134
75.57434,1,1561.984,839.9608,1565.306,838.2871
75.58839,1,1561.984,839.9608,1563.645,839.124
75.59922,1,1557.789,842.9141,1560.717,841.019
75.60902,1,1557.789,842.9141,1559.253,841.9666
75.62366,1,1557.789,842.9141,1558.521,842.4403
75.63498,1,1553.228,845.3968,1555.875,843.9186
75.64574,1,1553.228,845.3968,1554.552,844.6577
75.65836,1,1553.228,845.3968,1553.89,845.0272
75.67043,1,1548.729,846.9545,1551.309,845.9908
75.68194,1,1548.729,846.9545,1550.019,846.4727
75.69279,1,1544.767,848.6587,1547.393,847.5657
75.70612,1,1544.767,848.6587,1546.08,848.1122
75.71484,1,1544.767,848.6587,1545.424,848.3854
75.72856,1,1541.089,851.2661,1543.256,849.8258
75.74111,1,1541.089,851.2661,1542.172,850.546
75.75195,1,1537.868,853.1719,1540.02,851.8589
75.76384,1,1537.868,853.1719,1538.944,852.5154
75.77557,1,1537.868,853.1719,1538.406,852.8436
75.78999,1,1534.504,854.8829,1536.455,853.8633
75.80213,1,1534.504,854.8829,1535.479,854.3731
75.8103,1,1532.418,857.9898,1533.949,856.1815
75.82354,1,1532.418,857.9898,1533.183,857.0856
75.83696,1,1532.418,857.9898,1532.801,857.5377
75.84696,1,1529.159,860.386,1530.98,858.9619
75.86025,1,1529.159,860.386,1530.069,859.674
75.87202,1,1526.175,862.2391,1528.122,860.9565
75.88502,1,1526.175,862.2391,1527.148,861.5978
75.89603,1,1526.175,862.2391,1526.661,861.9185
75.90889,1,1522.882,863.4666,1524.772,862.6925
75.92086,1,1522.882,863.4666,1523.827,863.0796
75.93029,1,1522.882,863.4666,1523.354,863.2731
75.94304,1,1520.211,864.2736,1521.783,863.7733
75.95322,1,1520.211,864.2736,1520.997,864.0234
75.9672,1,1518.213,864.9963,1519.605,864.5099
75.9771,1,1518.213,864.9963,1518.909,864.7531
75.98869,1,1518.213,864.9963,1518.561,864.8748
76.00099,1,1516.306,866.5659,1517.434,865.7203
76.01048,1,1516.306,866.5659,1516.87,866.1431
76.02293,1,1514.341,868.513,1515.605,867.328
76.03388,1,1514.341,868.513,1514.973,867.9205
76.04598,1,1514.341,868.513,1514.657,868.2168
76.05455,1,1512.135,870.3923,1513.396,869.3046
76.0671,1,1512.135,870.3923,1512.766,869.8484
76.07858,1,1512.135,870.3923,1512.45,870.1204
76.08832,1,1509.98,870.5872,1511.215,870.3538
76.10303,1,1509.98,870.5872,1510.598,870.4705
76.1132,1,1507.591,871.0131,1509.094,870.7418
76.12535,1,1507.591,871.0131,1508.343,870.8774
76.13509,1,1507.591,871.0131,1507.967,870.9453
76.14675,1,1505.531,871.9973,1506.749,871.4713
76.15947,1,1505.531,871.9973,1506.14,871.7343
76.17113,1,1505.531,871.9973,1505.836,871.8657
76.18176,1,1503.239,873.1876,1504.537,872.5267
76.19167,1,1503.239,873.1876,1503.888,872.8572
76.20618,1,1501.242,874.6529,1502.565,873.755
76.21471,1,1501.242,874.6529,1501.904,874.204
76.22752,1,1501.242,874.6529,1501.573,874.4285
76.23964,1,1498.121,875.8038,1499.847,875.1161
76.25134,1,1498.121,875.8038,1498.984,875.46
76.26291,1,1496.149,876.5693,1497.567,876.0146
76.27322,1,1496.149,876.5693,1496.858,876.292
76.28692,1,1496.149,876.5693,1496.504,876.4307
76.29871,1,1494.011,877.6353,1495.257,877.033
76.31007,1,1494.011,877.6353,1494.634,877.3341
76.32354,1,1491.883,878.3376,1493.259,877.8359
76.33485,1,1491.883,878.3376,1492.571,878.0868
76.3476,1,1491.883,878.3376,1492.227,878.2122
76.36727,1,1490.006,879.3798,1491.117,878.796
76.37878,1,1490.006,879.3798,1490.561,879.0879
76.38572,1,1487.891,880.6631,1489.226,879.8755
76.39922,1,1487.891,880.6631,1488.558,880.2693
76.41088,1,1487.891,880.6631,1488.225,880.4662
76.42434,1,1485.844,881.6996,1487.034,881.0829
76.43521,1,1485.844,881.6996,1486.439,881.3912
76.44712,1,1484.19,883.1211,1485.314,882.2562
76.46021,1,1484.19,883.1211,1484.752,882.6886
76.47064,1,1484.19,883.1211,1484.471,882.9048
76.48225,1,1482.02,884.0638,1483.245,883.4843
76.49396,1,1482.02,884.0638,1482.632,883.774
76.50676,1,1479.695,885.0796,1481.164,884.4268
76.51925,1,1479.695,885.0796,1480.429,884.7532
76.52812,1,1479.695,885.0796,1480.062,884.9164
76.54075,1,1477.627,886.8314,1478.844,885.8739
76.55282,1,1477.627,886.8314,1478.236,886.3527
76.56375,1,1477.627,886.8314,1477.931,886.592
76.57471,1,1475.527,888.4819,1476.729,887.537
76.59849,1,1473.383,890.0988,1475.056,888.8179
76.60423,1,1473.383,890.0988,1474.22,889.4583
76.61361,1,1473.383,890.0988,1473.802,889.7786
76.62645,1,1471.286,891.6788,1472.543,890.7286
76.63889,1,1471.286,891.6788,1471.915,891.2037
76.65029,1,1471.286,891.6788,1471.6,891.4413
76.66333,1,1469.442,893.358,1470.521,892.3997
76.67439,1,1469.442,893.358,1469.981,892.8788
76.68737,1,1467.388,895.0727,1468.685,893.9758
76.69564,1,1467.388,895.0727,1468.036,894.5242
76.70863,1,1467.388,895.0727,1467.712,894.7985
76.72057,1,1465.353,897.8688,1466.533,896.3336
76.7299,1,1465.353,897.8688,1465.943,897.1012
76.74297,1,1465.353,897.8688,1465.648,897.485
76.7536,1,1462.887,899.8512,1464.268,898.6681
76.76605,1,1462.887,899.8512,1463.577,899.2596
76.77828,1,1461.483,902.1081,1462.53,900.6838
76.78841,1,1461.483,902.1081,1462.006,901.396
76.80032,1,1461.483,902.1081,1461.745,901.7521
76.81134,1,1459.443,905.0788,1460.594,903.4154
76.82545,1,1459.443,905.0788,1460.019,904.2471
76.83561,1,1459.443,905.0788,1459.731,904.663
76.84791,1,1456.893,906.8895,1458.312,905.7762
76.85937,1,1456.893,906.8895,1457.603,906.3329
76.8696,1,1454.641,909.28,1456.122,907.8065
76.88262,1,1454.641,909.28,1455.381,908.5432
76.89508,1,1454.641,909.28,1455.011,908.9116
76.90827,1,1452.542,911.4847,1453.777,910.1981
76.91757,1,1452.542,911.4847,1453.159,910.8414
76.92693,1,1452.542,911.4847,1452.851,911.1631
76.9413,1,1450.435,913.1782,1451.643,912.1707
76.95338,1,1450.435,913.1782,1451.039,912.6744
76.96513,1,1448.667,914.3917,1449.853,913.5331
76.97778,1,1448.667,914.3917,1449.26,913.9624
76.99219,1,1446.478,915.4299,1447.869,914.6962
77.00724,1,1446.478,915.4299,1447.174,915.063
77.01391,1,1446.478,915.4299,1446.826,915.2465
77.02573,1,1444.235,916.519,1445.531,915.8828
77.03729,1,1444.235,916.519,1444.883,916.2009
77.04731,1,1444.235,916.519,1444.559,916.36
77.06038,1,1442.041,918.0759,1443.3,917.218
77.07082,1,1442.041,918.0759,1442.671,917.647
77.08356,1,1440.117,918.7974,1441.394,918.2222
77.09362,1,1440.117,918.7974,1440.755,918.5098
77.10606,1,1440.117,918.7974,1440.436,918.6536
77.118,1,1438.182,919.3812,1439.309,919.0174
77.12785,1,1438.182,919.3812,1438.746,919.1993
77.1387,1,1438.182,919.3812,1438.464,919.2903
77.14931,1,1436.879,920.5105,1437.672,919.9004
77.16191,1,1436.879,920.5105,1437.275,920.2054
77.17277,1,1404.946,908.0417,1421.11,914.1235
77.18667,1,1404.946,908.0417,1413.028,911.0826
77.19731,1,1404.946,908.0417,1408.987,909.5621
77.20786,1,1199.471,784.5695,1304.229,847.0658
77.22107,1,1199.471,784.5695,1251.85,815.8176
77.23034,1,955.3611,625.9589,1103.605,720.8883
77.24434,1,955.3611,625.9589,1029.483,673.4236
77.25456,1,955.3611,625.9589,992.4221,649.6913
77.26744,1,827.2673,551.8527,909.8447,600.772
77.27879,1,827.2673,551.8527,868.556,576.3124
77.29167,1,766.5141,515.1801,817.535,545.7462
77.30291,1,766.5141,515.1801,792.0245,530.4631
77.31234,1,766.5141,515.1801,779.2693,522.8216
77.32486,1,744.1443,499.7522,761.7068,511.2869
77.33716,1,744.1443,499.7522,752.9255,505.5196
77.34724,1,744.1443,499.7522,748.5349,502.6359
77.35841,1,732.6283,496.7024,740.5816,499.6692
77.36953,1,732.6283,496.7024,736.605,498.1858
77.3812,1,726.9707,494.3381,731.7878,496.2619
77.39233,1,726.9707,494.3381,729.3793,495.3
77.40538,1,726.9707,494.3381,728.175,494.819
77.41482,1,724.5854,491.4773,726.3802,493.1482
77.42735,1,724.5854,491.4773,725.4828,492.3127
77.4401,1,724.5854,491.4773,725.0342,491.895
77.45137,1,723.1467,489.8479,724.0905,490.8715
77.46391,1,723.1467,489.8479,723.6186,490.3597
77.47458,1,767.1572,511.1739,745.3879,500.7668
77.48764,1,767.1572,511.1739,756.2725,505.9703
77.49946,1,767.1572,511.1739,761.7148,508.5721
77.50926,1,916.6052,610.7477,839.16,559.6599
77.52319,1,916.6052,610.7477,877.8826,585.2039
77.53458,1,1179.069,793.0309,1028.476,689.1174
77.54655,1,1179.069,793.0309,1103.773,741.0742
77.56151,1,1179.069,793.0309,1141.421,767.0526
77.57085,1,1329.545,896.0978,1235.483,831.5752
77.58138,1,1329.545,896.0978,1282.514,863.8365
77.59203,1,1329.545,896.0978,1306.029,879.9672
77.60493,1,1397.576,941.6615,1351.803,910.8143
77.61854,1,1397.576,941.6615,1374.689,926.2379
77.633,1,1427.71,959.6873,1401.2,942.9626
77.64016,1,1427.71,959.6873,1414.455,951.325
77.65221,1,1427.71,959.6873,1421.083,955.5061
77.67012,1,1441.432,967.998,1431.257,961.7521
77.67799,1,1441.432,967.998,1436.344,964.8751
77.68814,1,1447.545,971.7753,1441.945,968.3252
77.69897,1,1447.545,971.7753,1444.745,970.0503
77.71065,1,1447.545,971.7753,1446.145,970.9128
77.7239,1,1449.868,973.0424,1448.007,971.9777
77.73779,1,1449.868,973.0424,1448.938,972.51
77.74612,1,1449.97,973.3247,1449.454,972.9174
77.75962,1,1449.97,973.3247,1449.712,973.121
77.77094,1,1449.97,973.3247,1449.841,973.2229
77.78268,1,1450.928,971.3533,1450.385,972.2881
77.79318,1,1450.928,971.3533,1450.656,971.8207
77.80669,1,1450.806,973.0302,1450.731,972.4254
77.81827,1,1450.806,973.0302,1450.769,972.7278
77.82745,1,1450.806,973.0302,1450.787,972.879
77.84086,1,1444.489,980.8148,1447.638,976.8469
77.85161,1,1444.489,980.8148,1446.064,978.8308
77.86398,1,1444.489,980.8148,1445.277,979.8228
77.87438,1,1438.857,988.2831,1442.067,984.053
77.88839,1,1438.857,988.2831,1440.462,986.1681
77.89921,1,1435.037,993.2684,1437.75,989.7183
77.91022,1,1435.037,993.2684,1436.393,991.4933
77.92287,1,1435.037,993.2684,1435.715,992.3809
77.93445,1,1433.11,996.3186,1434.413,994.3497
77.94629,1,1433.11,996.3186,1433.761,995.3342
77.95872,1,1432.239,998.1605,1433,996.7473
77.96888,1,1432.239,998.1605,1432.62,997.4539
77.9805,1,1432.239,998.1605,1432.429,997.8073
77.9907,1,1431.993,999.1705,1432.211,998.4889
78.00546,1,1431.993,999.1705,1432.102,998.8297
78.01578,1,1432.14,999.6443,1432.121,999.2371
78.02631,1,1432.14,999.6443,1432.131,999.4407
78.03761,1,1432.14,999.6443,1432.135,999.5425
78.04894,1,1431.926,999.376,1432.031,999.4592
78.06034,1,1431.926,999.376,1431.978,999.4176
78.0721,1,1431.926,999.376,1431.952,999.3969
78.08497,1,1432.379,999.0972,1432.166,999.247
78.09505,1,1432.379,999.0972,1432.272,999.1721
78.10876,1,1432.573,999.3331,1432.423,999.2526
78.11999,1,1432.573,999.3331,1432.498,999.2928
78.13091,1,1432.573,999.3331,1432.536,999.313
78.14439,1,1433.021,999.0865,1432.779,999.1997
78.15406,1,1433.021,999.0865,1432.9,999.1431
78.16685,1,1434.024,999.9977,1433.462,999.5704
78.178,1,1434.024,999.9977,1433.743,999.7841
78.18947,1,1434.024,999.9977,1433.884,999.8909
78.2029,1,1435.454,1001.206,1434.669,1000.548
78.21268,1,1435.454,1001.206,1435.062,1000.877
78.22348,1,1435.454,1001.206,1435.258,1001.042
78.2344,1,1437.057,1002.988,1436.158,1002.015
78.24576,1,1437.057,1002.988,1436.607,1002.501
78.25819,1,1438.668,1004.382,1437.638,1003.442
78.26936,1,1438.668,1004.382,1438.153,1003.912
78.28191,1,1438.668,1004.382,1438.411,1004.147
78.29347,1,1440.304,1005.851,1439.357,1004.999
78.30639,1,1440.304,1005.851,1439.831,1005.425
78.32003,1,1442.219,1007.765,1441.025,1006.595
78.3306,1,1442.219,1007.765,1441.622,1007.18
78.34261,1,1442.219,1007.765,1441.92,1007.473
78.35334,1,1443.669,1009.712,1442.794,1008.592
78.36616,1,1443.669,1009.712,1443.232,1009.152
78.37573,1,1443.669,1009.712,1443.45,1009.432
78.38908,1,1445.011,1012.438,1444.231,1010.935
78.39941,1,1445.011,1012.438,1444.621,1011.687
78.4104,1,1446.19,1013.231,1445.406,1012.459
78.4241,1,1446.19,1013.231,1445.798,1012.845
78.43413,1,1446.19,1013.231,1445.994,1013.038
78.44624,1,1444.769,1012.192,1445.381,1012.615
78.45839,1,1444.769,1012.192,1445.075,1012.403
78.46948,1,1443.528,1011.241,1444.301,1011.822
78.48249,1,1443.528,1011.241,1443.914,1011.531
78.49338,1,1443.528,1011.241,1443.721,1011.386
78.50629,1,1442.685,1010.451,1443.203,1010.919
78.51881,1,1442.685,1010.451,1442.944,1010.685
78.52927,1,1442.132,1009.784,1442.538,1010.235
78.54185,1,1442.132,1009.784,1442.335,1010.01
78.55287,1,1442.132,1009.784,1442.234,1009.897
78.56496,1,1441.351,1009.237,1441.792,1009.567
78.57517,1,1441.351,1009.237,1441.572,1009.402
78.58863,1,1441.351,1009.237,1441.461,1009.32
78.59911,1,1440.383,1008.48,1440.922,1008.9
78.60937,1,1440.383,1008.48,1440.653,1008.69
78.62332,1,1439.271,1007.637,1439.962,1008.163
78.6343,1,1439.271,1007.637,1439.616,1007.9
78.64669,1,1439.271,1007.637,1439.443,1007.768
78.65532,1,1437.925,1006.514,1438.684,1007.141
78.66772,1,1437.925,1006.514,1438.305,1006.828
78.67873,1,1437.925,1006.514,1438.115,1006.671
78.68974,1,1436.174,1005.094,1437.145,1005.882
78.70325,1,1436.174,1005.094,1436.66,1005.488
78.71219,1,1433.885,1003.143,1435.272,1004.316
78.72642,1,1433.885,1003.143,1434.578,1003.73
78.73861,1,1433.885,1003.143,1434.231,1003.437
78.7506,1,1431.452,1000.903,1432.842,1002.17
78.76154,1,1431.452,1000.903,1432.147,1001.537
78.77249,1,1428.711,998.697,1430.429,1000.117
78.786,1,1428.711,998.697,1429.57,999.407
78.79556,1,1428.711,998.697,1429.141,999.052
78.80872,1,1426.349,996.6106,1427.745,997.8313
78.82106,1,1426.349,996.6106,1427.047,997.2209
78.83298,1,1423.935,995.0625,1425.491,996.1417
78.84508,1,1423.935,995.0625,1424.713,995.6021
78.85431,1,1423.935,995.0625,1424.324,995.3323
78.86539,1,1421.444,992.8293,1422.884,994.0808
78.87785,1,1421.444,992.8293,1422.164,993.4551
78.88895,1,1421.444,992.8293,1421.804,993.1422
78.90228,1,1419.128,990.8436,1420.466,991.9929
78.91094,1,1419.128,990.8436,1419.797,991.4182
78.925,1,1415.989,988.4509,1417.893,989.9346
78.93517,1,1415.989,988.4509,1416.941,989.1927
78.94662,1,1415.989,988.4509,1416.465,988.8218
78.95834,1,1413.008,985.8002,1414.736,987.311
78.96886,1,1413.008,985.8002,1413.872,986.5557
78.98077,1,1413.008,985.8002,1413.44,986.178
78.99155,1,1410.628,984.4134,1412.034,985.2957
79.00519,1,1410.628,984.4134,1411.331,984.8545
79.0171,1,1408.618,983.1074,1409.975,983.981
79.02666,1,1408.618,983.1074,1409.296,983.5442
79.04099,1,1408.618,983.1074,1408.957,983.3258
79.05125,1,1406.202,981.7537,1407.579,982.5398
79.06228,1,1406.202,981.7537,1406.89,982.1467
79.07095,1,1406.202,981.7537,1406.546,981.9502
79.0849,1,1404.101,980.6107,1405.323,981.2804
79.09502,1,1404.101,980.6107,1404.712,980.9456
79.10793,1,1401.766,978.7975,1403.239,979.8715
79.11993,1,1401.766,978.7975,1402.503,979.3345
79.12962,1,1401.766,978.7975,1402.134,979.066
79.14188,1,1399.588,977.4412,1400.861,978.2536
79.15321,1,1399.588,977.4412,1400.225,977.8474
79.16753,1,1397.375,976.0111,1398.8,976.9293
79.17864,1,1397.375,976.0111,1398.087,976.4702
79.18938,1,1397.375,976.0111,1397.731,976.2407
79.20233,1,1394.871,974.2674,1396.301,975.254
79.21317,1,1394.871,974.2674,1395.586,974.7607
79.22552,1,1392.31,972.8799,1393.948,973.8203
79.23751,1,1392.31,972.8799,1393.129,973.3501
79.24894,1,1392.31,972.8799,1392.72,973.115
79.26035,1,1331.997,933.0471,1362.358,953.0811
79.2706,1,1331.997,933.0471,1347.178,943.0641
79.28362,1,990.1758,699.0597,1168.677,821.0619
79.29237,1,990.1758,699.0597,1079.426,760.0608
79.30544,1,990.1758,699.0597,1034.801,729.5602
79.31501,1,608.4161,431.4097,821.6085,580.485
79.32838,1,608.4161,431.4097,715.0123,505.9473
79.33943,1,608.4161,431.4097,661.7142,468.6785
79.35126,1,444.5152,315.5633,553.1147,392.1209
79.36285,1,444.5152,315.5633,498.815,353.8421
79.37199,1,444.5152,315.5633,471.6651,334.7027
79.38513,1,385.8157,270.308,428.7404,302.5053
79.39362,1,385.8157,270.308,407.2781,286.4066
79.40729,1,356.0274,258.3047,381.6527,272.3557
79.41922,1,356.0274,258.3047,368.8401,265.3302
79.4282,1,356.0274,258.3047,362.4337,261.8175
79.4421,1,347.6282,255.9224,355.0309,258.8699
79.45353,1,347.6282,255.9224,351.3296,257.3962
79.46514,1,341.4406,253.6945,346.3851,255.5453
79.47679,1,341.4406,253.6945,343.9129,254.6199
79.48758,1,341.4406,253.6945,342.6768,254.1572
79.50049,1,393.0146,283.9648,367.8457,269.061
79.50979,1,393.0146,283.9648,380.4302,276.5129
79.52237,1,393.0146,283.9648,386.7224,280.2388
79.54547,1,452.9528,328.3097,419.8376,304.2743
79.55124,1,452.9528,328.3097,436.3952,316.292
79.56345,1,735.8363,533.6553,586.1157,424.9737
79.57459,1,735.8363,533.6553,660.976,479.3145
79.58772,1,1009.384,735.3137,835.1801,607.3141
79.59881,1,1009.384,735.3137,922.2822,671.3138
79.60873,1,1009.384,735.3137,965.8332,703.3137
79.62237,1,1134.821,828.9371,1050.327,766.1254
79.63305,1,1134.821,828.9371,1092.574,797.5313
79.64441,1,1134.821,828.9371,1113.697,813.2342
79.65467,1,1246.019,898.4514,1179.858,855.8428
79.66743,1,1246.019,898.4514,1212.939,877.1471
79.678,1,1310.031,931.0557,1261.485,904.1014
79.69052,1,1310.031,931.0557,1285.758,917.5786
79.70254,1,1310.031,931.0557,1297.894,924.3171
79.71184,1,1335.52,943.2907,1316.707,933.804
79.72549,1,1335.52,943.2907,1326.114,938.5474
79.73528,1,1335.52,943.2907,1330.817,940.9191
79.7487,1,1346.248,946.4989,1338.532,943.709
79.75994,1,1346.248,946.4989,1342.39,945.1039
79.77107,1,1349.02,945.957,1345.705,945.5305
79.78417,1,1349.02,945.957,1347.362,945.7438
79.79343,1,1349.02,945.957,1348.191,945.8504
79.80621,1,1350.097,945.4902,1349.144,945.6703
79.81789,1,1350.097,945.4902,1349.62,945.5802
79.82662,1,1350.097,945.4902,1349.858,945.5352
79.83909,1,1350.325,942.2697,1350.092,943.9024
79.84989,1,1350.325,942.2697,1350.208,943.0861
79.86225,1,1351.03,938.929,1350.619,941.0076
79.873,1,1351.03,938.929,1350.825,939.9683
79.88519,1,1351.03,938.929,1350.927,939.4486
79.895,1,1351.912,937.509,1351.42,938.4788
79.90842,1,1351.912,937.509,1351.666,937.9939
79.9209,1,1350.714,935.7382,1351.19,936.866
79.93466,1,1350.714,935.7382,1350.952,936.3021
79.94536,1,1350.714,935.7382,1350.833,936.0201
79.95802,1,1349.061,934.9429,1349.947,935.4815
79.98129,1,1347.419,934.1839,1348.683,934.8327
79.98755,1,1347.419,934.1839,1348.051,934.5083
79.9942,1,1347.419,934.1839,1347.735,934.3461
80.00776,1,1347.419,934.1839,1347.577,934.265
80.02075,1,1346.603,933.4913,1347.09,933.8782
80.03082,1,1346.603,933.4913,1346.846,933.6848
80.04286,1,1345.548,932.9862,1346.197,933.3354
80.05419,1,1345.548,932.9862,1345.873,933.1608
80.06642,1,1345.548,932.9862,1345.71,933.0735
80.07843,1,1344.867,932.4713,1345.289,932.7723
80.08991,1,1344.867,932.4713,1345.078,932.6218
80.10432,1,1344.581,932.0314,1344.829,932.3267
80.1145,1,1344.581,932.0314,1344.705,932.1791
80.12785,1,1344.581,932.0314,1344.643,932.1052
80.13946,1,1344.211,931.6116,1344.427,931.8584
80.15076,1,1344.211,931.6116,1344.319,931.735
80.16232,1,1343.62,931.3325,1343.969,931.5337
80.17364,1,1343.62,931.3325,1343.795,931.4331
80.18568,1,1343.62,931.3325,1343.707,931.3828
80.19532,1,1342.726,930.9521,1343.217,931.1675
80.20805,1,1342.726,930.9521,1342.971,931.0598
80.22051,1,1342.035,930.5329,1342.503,930.7964
80.23205,1,1342.035,930.5329,1342.269,930.6647
80.24366,1,1342.035,930.5329,1342.152,930.5988
80.2541,1,1340.727,929.2786,1341.44,929.9387
80.26723,1,1340.727,929.2786,1341.084,929.6086
80.27825,1,1340.727,929.2786,1340.906,929.4436
80.28882,1,1338.833,928.1252,1339.869,928.7844
80.30228,1,1338.833,928.1252,1339.351,928.4548
80.31212,1,1335.974,926.8968,1337.663,927.6758
80.32513,1,1335.974,926.8968,1336.819,927.2863
80.33756,1,1335.974,926.8968,1336.396,927.0916
80.34763,1,1333.509,926.2054,1334.953,926.6484
80.36265,1,1333.509,926.2054,1334.231,926.4269
80.37222,1,1331.116,925.3786,1332.673,925.9027
80.38619,1,1331.116,925.3786,1331.895,925.6406
80.39581,1,1331.116,925.3786,1331.505,925.5096
80.41003,1,1329.245,924.1218,1330.375,924.8157
80.42245,1,1329.245,924.1218,1329.81,924.4688
80.43288,1,1325.372,921.2363,1327.591,922.8525
80.44311,1,1325.372,921.2363,1326.482,922.0444
80.4554,1,1325.372,921.2363,1325.927,921.6404
80.46726,1,1320.917,918.548,1323.422,920.0942
80.47943,1,1320.917,918.548,1322.17,919.3212
80.4939,1,1316.691,915.6387,1319.43,917.48
80.50563,1,1316.691,915.6387,1318.061,916.5593
80.51965,1,1316.691,915.6387,1317.376,916.099
80.52894,1,1312.177,912.6123,1314.776,914.3557
80.54193,1,1312.177,912.6123,1313.477,913.484
80.55212,1,1312.177,912.6123,1312.827,913.0482
80.56571,1,1308.249,910.8113,1310.538,911.9297
80.57879,1,1308.249,910.8113,1309.393,911.3705
80.58946,1,1304.601,909.2293,1306.997,910.2999
80.5992,1,1304.601,909.2293,1305.799,909.7646
80.62646,1,1301.384,907.3993,1303.592,908.582
80.63486,1,1301.384,907.3993,1302.488,907.9906
80.644,1,1298.474,905.5062,1300.48,906.7484
80.65513,1,1298.474,905.5062,1299.477,906.1273
80.66689,1,1298.474,905.5062,1298.975,905.8168
80.67911,1,1295.992,903.1833,1297.484,904.5001
80.69012,1,1295.992,903.1833,1296.738,903.8417
80.70189,1,1295.992,903.1833,1296.365,903.5125
80.71249,1,1294.024,901.0577,1295.195,902.2852
80.72325,1,1294.024,901.0577,1294.61,901.6714
80.73734,1,1291.867,898.6592,1293.238,900.1653
80.74765,1,1291.867,898.6592,1292.553,899.4122
80.75953,1,1291.867,898.6592,1292.21,899.0357
80.77162,1,1288.823,895.9945,1290.516,897.5151
80.78282,1,1288.823,895.9945,1289.669,896.7548
80.79449,1,1286.777,893.3378,1288.223,895.0463
80.80806,1,1286.777,893.3378,1287.5,894.192
80.81939,1,1286.777,893.3378,1287.138,893.7649
80.82977,1,1283.827,890.1445,1285.483,891.9547
80.84145,1,1283.827,890.1445,1284.655,891.0496
80.8523,1,1283.827,890.1445,1284.241,890.597
80.86422,1,1281.123,887.322,1282.682,888.9595
80.87772,1,1281.123,887.322,1281.902,888.1407
80.88826,1,1279.234,885.3102,1280.568,886.7255
80.90154,1,1279.234,885.3102,1279.901,886.0178
80.91211,1,1279.234,885.3102,1279.568,885.6641
80.92567,1,1277.886,883.5076,1278.727,884.5858
80.9369,1,1277.886,883.5076,1278.306,884.0468
80.94669,1,1276.204,881.2722,1277.255,882.6595
80.95967,1,1276.204,881.2722,1276.729,881.9658
80.97028,1,1276.204,881.2722,1276.467,881.619
80.98416,1,1274.753,878.6114,1275.61,880.1152
80.99462,1,1274.753,878.6114,1275.182,879.3633
81.00659,1,1272.663,876.4603,1273.922,877.9118
81.01818,1,1272.663,876.4603,1273.292,877.186
81.02777,1,1272.663,876.4603,1272.978,876.8232
81.04071,1,1270.706,873.8592,1271.842,875.3412
81.0512,1,1270.706,873.8592,1271.274,874.6002
81.06288,1,1270.706,873.8592,1270.99,874.2297
81.07422,1,1268.805,871.1126,1269.898,872.6711
81.08611,1,1268.805,871.1126,1269.352,871.8918
81.09821,1,1267.146,868.3472,1268.249,870.1195
81.10783,1,1267.146,868.3472,1267.697,869.2333
81.12054,1,1267.146,868.3472,1267.422,868.7903
81.13421,1,1265.931,866.2055,1266.676,867.4979
81.14521,1,1265.931,866.2055,1266.304,866.8517
81.15685,1,1264.332,864.0373,1265.318,865.4445
81.16874,1,1264.332,864.0373,1264.825,864.7408
81.18318,1,1264.332,864.0373,1264.579,864.389
81.19335,1,1262.291,862.032,1263.435,863.2105
81.20749,1,1262.291,862.032,1262.863,862.6212
81.21442,1,1262.291,862.032,1262.577,862.3266
81.22599,1,1260.34,859.8128,1261.458,861.0697
81.2377,1,1260.34,859.8128,1260.899,860.4413
81.24761,1,1258.879,857.9829,1259.889,859.2121
81.26035,1,1258.879,857.9829,1259.384,858.5975
81.27037,1,1258.879,857.9829,1259.132,858.2902
81.28226,1,1257.419,856.6765,1258.275,857.4834
81.29401,1,1257.419,856.6765,1257.847,857.08
81.30826,1,1230.25,821.1585,1244.048,839.1193
81.31902,1,1230.25,821.1585,1237.149,830.1389
81.32757,1,1230.25,821.1585,1233.7,825.6487
81.34051,1,1157.362,681.4689,1195.531,753.5588
81.35247,1,1157.362,681.4689,1176.447,717.5138
81.36401,1,1157.362,681.4689,1166.904,699.4913
81.37519,1,1089.198,550.0762,1128.051,624.7838
81.38828,1,1089.198,550.0762,1108.625,587.4301
81.40127,1,1050.731,479.7207,1079.678,533.5754
81.41344,1,1050.731,479.7207,1065.204,506.6481
81.42404,1,1050.731,479.7207,1057.968,493.1844
81.43456,1,1031.69,442.3282,1044.829,467.7563
81.44688,1,1031.69,442.3282,1038.259,455.0422
81.45756,1,1031.69,442.3282,1034.974,448.6852
81.46979,1,1023.853,424.5802,1029.414,436.6327
81.48236,1,1023.853,424.5802,1026.634,430.6064
81.49296,1,1020.326,416.7843,1023.48,423.6954
81.5088,1,1020.326,416.7843,1021.903,420.2399
81.52572,1,1017.68,410.7646,1019.792,415.5023
81.53239,1,1017.68,410.7646,1018.736,413.1335
81.54103,1,1017.68,410.7646,1018.208,411.949
81.55451,1,1016.315,406.4667,1017.262,409.2079
81.56853,1,1016.315,406.4667,1016.789,407.8373
81.57514,1,1016.315,406.4667,1016.552,407.152
81.58745,1,1015.758,404.8232,1016.155,405.9876
81.60575,1,1015.758,404.8232,1015.957,405.4054
81.61334,1,1014.311,404.6509,1015.134,405.0282
81.62461,1,1014.311,404.6509,1014.722,404.8395
81.63577,1,1014.311,404.6509,1014.517,404.7452
81.64954,1,1043.024,432.8617,1028.77,418.8035
81.66094,1,1043.024,432.8617,1035.897,425.8326
81.67178,1,1147.616,568.9871,1091.757,497.4099
81.68468,1,1147.616,568.9871,1119.686,533.1985
81.69547,1,1147.616,568.9871,1133.651,551.0928
81.70786,1,1258.193,719.5054,1195.922,635.2991
81.71993,1,1258.193,719.5054,1227.057,677.4022
81.73008,1,1258.193,719.5054,1242.625,698.4539
81.74376,1,1317.474,807.5185,1280.049,752.9862
81.75822,1,1317.474,807.5185,1298.762,780.2523
81.76578,1,1345.553,850.6745,1322.157,815.4634
81.77522,1,1345.553,850.6745,1333.855,833.069
81.78902,1,1345.553,850.6745,1339.704,841.8717
81.79849,1,1355.619,873.164,1347.662,857.5178
81.80991,1,1355.619,873.164,1351.64,865.3409
81.82355,1,1362.358,881.8751,1356.999,873.608
81.83823,1,1362.358,881.8751,1359.679,877.7416
81.84714,1,1362.358,881.8751,1361.018,879.8083
81.86111,1,1365.272,887.8913,1363.145,883.8499
81.87041,1,1365.272,887.8913,1364.209,885.8706
81.88589,1,1367.382,888.7621,1365.795,887.3163
81.89328,1,1367.382,888.7621,1366.589,888.0392
81.90618,1,1367.382,888.7621,1366.985,888.4006
81.91834,1,1368.622,891.1775,1367.804,889.7891
81.92854,1,1368.622,891.1775,1368.213,890.4833
81.94342,1,1370.488,893.5941,1369.351,892.0387
81.95335,1,1370.488,893.5941,1369.919,892.8164
81.96566,1,1370.488,893.5941,1370.204,893.2052
81.97702,1,1364.359,893.9506,1367.281,893.5779
81.9884,1,1364.359,893.9506,1365.82,893.7642
82.00165,1,1352.221,890.4459,1359.02,892.105
82.01075,1,1352.221,890.4459,1355.62,891.2755
82.02378,1,1352.221,890.4459,1353.921,890.8607
82.036,1,1342.708,886.9567,1348.314,888.9087
82.04758,1,1342.708,886.9567,1345.511,887.9327
82.05952,1,1342.708,886.9567,1344.109,887.4447
82.0707,1,1337.209,884.41,1340.659,885.9274
82.08173,1,1337.209,884.41,1338.934,885.1687
82.09285,1,1337.209,884.41,1338.072,884.7893
82.10482,1,1332.825,882.3807,1335.449,883.585
82.11433,1,1332.825,882.3807,1334.137,882.9829
82.1272,1,1328.591,880.6261,1331.364,881.8045
82.13948,1,1328.591,880.6261,1329.977,881.2153
82.1516,1,1328.591,880.6261,1329.284,880.9207
82.16266,1,1324.475,878.9348,1326.879,879.9277
82.17352,1,1324.475,878.9348,1325.677,879.4313
82.18658,1,1320.68,876.8065,1323.178,878.1189
82.19694,1,1320.68,876.8065,1321.929,877.4627
82.20774,1,1320.68,876.8065,1321.304,877.1346
82.22023,1,1317.334,874.1151,1319.319,875.6249
82.23172,1,1317.334,874.1151,1318.327,874.87
82.24437,1,1315.551,872.2549,1316.939,873.5625
82.25492,1,1315.551,872.2549,1316.245,872.9087
82.26995,1,1315.551,872.2549,1315.898,872.5818
82.27946,1,1337.388,876.9146,1326.643,874.7482
82.29037,1,1337.388,876.9146,1332.016,875.8314
82.30383,1,1337.388,876.9146,1334.702,876.373
82.31351,1,1417.444,892.6235,1376.073,884.4983
82.32571,1,1417.444,892.6235,1396.758,888.5609
82.33836,1,1505.023,907.0565,1450.891,897.8087
82.34698,1,1505.023,907.0565,1477.957,902.4326
82.3605,1,1505.023,907.0565,1491.49,904.7446
82.3721,1,1569.754,919.3157,1530.622,912.0302
82.38553,1,1569.754,919.3157,1550.188,915.6729
82.39469,1,1569.754,919.3157,1559.971,917.4943
82.40841,1,1610.64,929.1277,1585.305,923.311
82.42046,1,1610.64,929.1277,1597.973,926.2194
82.42921,1,1634.984,934.029,1616.478,930.1241
82.44547,1,1634.984,934.029,1625.731,932.0765
82.4549,1,1634.984,934.029,1630.358,933.0527
82.46832,1,1648.559,935.9276,1639.458,934.4902
82.47897,1,1648.559,935.9276,1644.009,935.2089
82.49016,1,1657.071,936.7144,1650.54,935.9616
82.50353,1,1657.071,936.7144,1653.805,936.338
82.51277,1,1657.071,936.7144,1655.438,936.5262
82.52572,1,1660.956,936.732,1658.197,936.6291
82.53831,1,1660.956,936.732,1659.576,936.6805
82.55219,1,1662.935,937.462,1661.256,937.0713
82.56121,1,1662.935,937.462,1662.095,937.2667
82.57327,1,1662.935,937.462,1662.515,937.3644
82.5863,1,1664.774,937.7946,1663.644,937.5795
82.59738,1,1664.774,937.7946,1664.209,937.687
82.60918,1,1666.723,936.7869,1665.466,937.2369
82.62129,1,1666.723,936.7869,1666.094,937.012
82.63025,1,1666.723,936.7869,1666.409,936.8994
82.64555,1,1667.467,936.9894,1666.938,936.9444
82.65485,1,1667.467,936.9894,1667.203,936.9669
82.66831,1,1668.746,937.0214,1667.974,936.9941
82.68013,1,1668.746,937.0214,1668.36,937.0078
82.69109,1,1668.746,937.0214,1668.553,937.0145
82.70343,1,1668.601,936.2758,1668.577,936.6451
82.71268,1,1668.601,936.2758,1668.589,936.4604
82.72659,1,1668.601,936.2758,1668.595,936.3682
82.73793,1,1668.536,934.9747,1668.565,935.6714
82.74849,1,1668.536,934.9747,1668.55,935.323
82.76102,1,1668.328,934.8987,1668.439,935.1108
82.77129,1,1668.328,934.8987,1668.383,935.0048
82.78568,1,1668.328,934.8987,1668.355,934.9518
82.7943,1,1664.384,932.8405,1666.37,933.8961
82.80852,1,1664.384,932.8405,1665.377,933.3683
82.82207,1,1658.019,929.6563,1661.698,931.5123
82.83221,1,1658.019,929.6563,1659.859,930.5844
82.84475,1,1658.019,929.6563,1658.939,930.1204
82.85394,1,1648.701,924.1078,1653.82,927.1141
82.86573,1,1648.701,924.1078,1651.26,925.611
82.87881,1,1637.61,917.3287,1644.435,921.4698
82.8893,1,1637.61,917.3287,1641.023,919.3993
82.90361,1,1637.61,917.3287,1639.316,918.364
82.91259,1,1627.523,910.5986,1633.42,914.4813
82.92513,1,1627.523,910.5986,1630.472,912.5399
82.93708,1,1627.523,910.5986,1628.998,911.5692
82.94841,1,1618.363,904.1212,1623.68,907.8452
82.9613,1,1618.363,904.1212,1621.022,905.9832
82.97184,1,1611.967,899.0303,1616.495,902.5067
82.98617,1,1611.967,899.0303,1614.231,900.7686
82.9952,1,1611.967,899.0303,1613.099,899.8994
83.00733,1,1606.692,895.287,1609.895,897.5932
83.01916,1,1606.692,895.287,1608.293,896.4401
83.02737,1,1606.692,895.287,1607.492,895.8635
83.04176,1,1600.203,891.8723,1603.848,893.8679
83.0524,1,1600.203,891.8723,1602.025,892.8701
83.06408,1,1595.862,888.3121,1598.944,890.5911
83.07376,1,1595.862,888.3121,1597.403,889.4517
83.08551,1,1595.862,888.3121,1596.632,888.8819
83.0986,1,1592.842,885.9697,1594.737,887.4258
83.10883,1,1592.842,885.9697,1593.79,886.6978
83.12157,1,1590.006,883.5765,1591.898,885.1371
83.13476,1,1590.006,883.5765,1590.952,884.3568
83.14475,1,1590.006,883.5765,1590.479,883.9667
83.15948,1,1587.976,881.6317,1589.228,882.7992
83.16895,1,1587.976,881.6317,1588.602,882.2155
83.18095,1,1585.605,879.0048,1587.103,880.6101
83.1907,1,1585.605,879.0048,1586.354,879.8075
83.20284,1,1585.605,879.0048,1585.979,879.4061
83.21365,1,1584.013,877.0361,1584.996,878.2211
83.22798,1,1584.013,877.0361,1584.505,877.6285
83.24675,1,1582.902,874.7922,1583.704,876.2104
83.25299,1,1582.902,874.7922,1583.303,875.5013
83.26572,1,1582.902,874.7922,1583.103,875.1468
83.27473,1,1581.851,872.5786,1582.477,873.8627
83.28728,1,1581.851,872.5786,1582.164,873.2206
83.30045,1,1581.851,872.5786,1582.007,872.8997
83.31079,1,1580.509,871.4207,1581.258,872.1602
83.32291,1,1580.509,871.4207,1580.884,871.7904
83.33316,1,1579.491,869.4991,1580.187,870.6448
83.34638,1,1579.491,869.4991,1579.839,870.072
83.35744,1,1579.491,869.4991,1579.665,869.7855
83.36833,1,1578.175,867.4338,1578.92,868.6097
83.38027,1,1578.175,867.4338,1578.547,868.0217
83.39145,1,1578.175,867.4338,1578.361,867.7278
83.404,1,1576.197,864.8725,1577.279,866.3002
83.414,1,1576.197,864.8725,1576.738,865.5863
83.42588,1,1573.977,862.0549,1575.358,863.8206
83.43802,1,1573.977,862.0549,1574.667,862.9377
83.44778,1,1573.977,862.0549,1574.322,862.4963
83.46461,1,1571.601,859.1272,1572.962,860.8118
83.47163,1,1571.601,859.1272,1572.281,859.9695
83.48519,1,1569.279,857.1238,1570.78,858.5466
83.4952,1,1569.279,857.1238,1570.029,857.8352
83.51019,1,1569.279,857.1238,1569.654,857.4795
83.52365,1,1566.686,855.7375,1568.17,856.6085
83.53143,1,1566.686,855.7375,1567.428,856.173
83.54279,1,1563.672,854.2112,1565.55,855.1921
83.55411,1,1563.672,854.2112,1564.611,854.7017
83.56629,1,1563.672,854.2112,1564.141,854.4564
83.57757,1,1561.38,851.9557,1562.761,853.2061
83.58842,1,1561.38,851.9557,1562.071,852.5809
83.60268,1,1561.38,851.9557,1561.725,852.2683
83.61888,1,1560.172,850.4006,1560.949,851.3345
83.6275,1,1560.172,850.4006,1560.56,850.8676
83.63944,1,1558.796,848.6542,1559.678,849.7609
83.65054,1,1558.796,848.6542,1559.237,849.2075
83.66196,1,1558.796,848.6542,1559.017,848.9308
83.67253,1,1557.218,847.3654,1558.117,848.1481
83.68489,1,1557.218,847.3654,1557.668,847.7567
83.69458,1,1556.172,846.2226,1556.92,846.9896
83.70786,1,1556.172,846.2226,1556.546,846.6061
83.72046,1,1556.172,846.2226,1556.359,846.4143
83.73054,1,1555.021,844.3802,1555.69,845.3973
83.74505,1,1555.021,844.3802,1555.355,844.8888
83.75696,1,1553.883,843.1312,1554.619,844.01
83.76711,1,1553.883,843.1312,1554.251,843.5706
83.7801,1,1553.883,843.1312,1554.067,843.3508
83.78952,1,1552.849,841.9455,1553.458,842.6482
83.80341,1,1552.849,841.9455,1553.153,842.2969
83.81402,1,1552.849,841.9455,1553.001,842.1212
83.82672,1,1551.985,840.0543,1552.493,841.0878
83.83865,1,1551.985,840.0543,1552.239,840.571
83.85088,1,1551.326,839.0431,1551.783,839.8071
83.86092,1,1551.326,839.0431,1551.554,839.425
83.87271,1,1551.326,839.0431,1551.44,839.2341
83.88536,1,1512.923,844.9756,1532.182,842.1049
83.89512,1,1512.923,844.9756,1522.552,843.5403
83.90771,1,1256.983,888.4133,1389.768,865.9768
83.91888,1,1256.983,888.4133,1323.376,877.1951
83.92839,1,1256.983,888.4133,1290.179,882.8042
83.94126,1,881.3729,955.6178,1085.776,919.211
83.95211,1,881.3729,955.6178,983.5745,937.4144
83.96616,1,673.3635,991.4644,828.469,964.4394
83.97707,1,673.3635,991.4644,750.9163,977.9519
83.9878,1,673.3635,991.4644,712.1399,984.7081
84.00032,1,584.2565,1012.075,648.1982,998.3917
84.01004,1,584.2565,1012.075,616.2274,1005.234
84.02299,1,584.2565,1012.075,600.2419,1008.654
84.03269,1,546.8237,1019.676,573.5328,1014.165
84.04491,1,546.8237,1019.676,560.1782,1016.921
84.05457,1,546.8237,1019.676,553.501,1018.298
84.06788,1,527.2189,1022.8,540.36,1020.549
84.08068,1,527.2189,1022.8,533.7894,1021.674
84.09124,1,517.7874,1023.197,525.7885,1022.436
84.10448,1,517.7874,1023.197,521.788,1022.816
84.11781,1,511.7536,1027.887,516.7708,1025.351
84.12684,1,511.7536,1027.887,514.2621,1026.619
84.13876,1,511.7536,1027.887,513.0079,1027.253
84.15115,1,604.13,1014.542,558.569,1020.898
84.16296,1,604.13,1014.542,581.3495,1017.72
84.17348,1,604.13,1014.542,592.7397,1016.131
84.18623,1,871.4921,965.7997,732.116,990.9655
84.19796,1,871.4921,965.7997,801.8041,978.3826
84.20796,1,1249.701,895.2136,1025.752,936.7981
84.22028,1,1249.701,895.2136,1137.727,916.0059
84.23064,1,1249.701,895.2136,1193.714,905.6097
84.24499,1,1450.879,858.8083,1322.296,882.209
84.25452,1,1450.879,858.8083,1386.588,870.5087
84.26737,1,1450.879,858.8083,1418.733,864.6585
84.27985,1,1536.364,843.1111,1477.549,853.8848
84.29063,1,1536.364,843.1111,1506.957,848.4979
84.30379,1,1572.432,836.9684,1539.694,842.7332
84.31467,1,1572.432,836.9684,1556.063,839.8508
84.32656,1,1572.432,836.9684,1564.247,838.4097
84.3393,1,1587.421,832.3352,1575.834,835.3724
84.34932,1,1587.421,832.3352,1581.628,833.8538
84.36053,1,1594.639,831.6845,1588.133,832.7692
84.37092,1,1594.639,831.6845,1591.386,832.2268
84.38425,1,1594.639,831.6845,1593.013,831.9557
84.39355,1,1585.225,825.0458,1589.119,828.5007
84.40764,1,1585.225,825.0458,1587.172,826.7733
84.42273,1,1577.201,821.1084,1582.186,823.9408
84.42932,1,1577.201,821.1084,1579.694,822.5246
84.44784,1,1577.201,821.1084,1578.447,821.8165
84.46336,1,1572.228,818.5179,1575.338,820.1672
84.47037,1,1572.228,818.5179,1573.783,819.3426
84.48197,1,1569.135,817.3453,1571.459,818.344
84.49712,1,1569.135,817.3453,1570.297,817.8447
84.50582,1,1569.135,817.3453,1569.716,817.595
84.5192,1,1566.048,815.6394,1567.882,816.6172
84.52846,1,1566.048,815.6394,1566.965,816.1283
84.54219,1,1562.922,813.818,1564.944,814.9731
84.55261,1,1562.922,813.818,1563.933,814.3956
84.56396,1,1562.922,813.818,1563.427,814.1068
84.57549,1,1560.539,812.6165,1561.983,813.3617
84.58792,1,1560.539,812.6165,1561.261,812.9891
84.60021,1,1560.539,812.6165,1560.9,812.8029
84.60994,1,1559.107,811.1249,1560.004,811.9639
84.62225,1,1559.107,811.1249,1559.556,811.5444
84.63192,1,1557.718,810.6042,1558.636,811.0743
84.64368,1,1557.718,810.6042,1558.177,810.8393
84.65382,1,1557.718,810.6042,1557.947,810.7218
84.66739,1,1556.673,809.8606,1557.31,810.2912
84.67803,1,1556.673,809.8606,1556.991,810.0759
84.68856,1,1556.673,809.8606,1556.832,809.9683
84.70118,1,1555.718,809.27,1556.275,809.6191
84.71268,1,1555.718,809.27,1555.996,809.4446
84.72411,1,1554.92,809.0072,1555.458,809.2259
84.73464,1,1554.92,809.0072,1555.189,809.1166
84.74624,1,1554.92,809.0072,1555.055,809.0619
84.75871,1,1554.207,808.248,1554.631,808.6549
84.76968,1,1554.207,808.248,1554.419,808.4514
84.78254,1,1553.497,807.4325,1553.958,807.942
84.79309,1,1553.497,807.4325,1553.727,807.6873
84.80634,1,1553.497,807.4325,1553.612,807.5599
84.81834,1,1552.773,806.8426,1553.192,807.2012
84.82811,1,1552.773,806.8426,1552.983,807.0219
84.84,1,1552.773,806.8426,1552.878,806.9323
84.85186,1,1551.841,806.1763,1552.359,806.5543
84.86362,1,1551.841,806.1763,1552.1,806.3654
84.87225,1,1551.841,806.1763,1551.97,806.2709
84.8857,1,1550.603,805.2256,1551.287,805.7483
84.89439,1,1550.603,805.2256,1550.945,805.4869
84.90722,1,1551.045,805.7885,1550.995,805.6377
84.91905,1,1551.045,805.7885,1551.02,805.7131
84.92821,1,1551.045,805.7885,1551.032,805.7507
84.94173,1,1551.75,806.3811,1551.391,806.0659
84.95299,1,1551.75,806.3811,1551.571,806.2235
84.96703,1,1552.813,806.995,1552.192,806.6093
84.97474,1,1552.813,806.995,1552.503,806.8021
84.98784,1,1552.813,806.995,1552.658,806.8986
84.99899,1,1553.99,807.9363,1553.324,807.4174
85.01045,1,1553.99,807.9363,1553.657,807.6769
85.02329,1,1555.823,809.1161,1554.74,808.3965
85.03436,1,1555.823,809.1161,1555.281,808.7563
85.04654,1,1555.823,809.1161,1555.552,808.9362
85.05793,1,1558.182,810.0731,1556.867,809.5046
85.06896,1,1558.182,810.0731,1557.524,809.7888
85.0827,1,1558.182,810.0731,1557.853,809.9309
85.09297,1,1560.039,811.1775,1558.946,810.5542
85.10648,1,1560.039,811.1775,1559.493,810.8658
85.11893,1,1562.127,812.6884,1560.81,811.7771
85.13021,1,1562.127,812.6884,1561.469,812.2328
85.14307,1,1562.127,812.6884,1561.798,812.4606
85.15382,1,1564.438,813.3638,1563.118,812.9122
85.16713,1,1564.438,813.3638,1563.778,813.1379
85.17731,1,1566.332,814.6715,1565.055,813.9047
85.18845,1,1566.332,814.6715,1565.693,814.2881
85.20164,1,1566.332,814.6715,1566.013,814.4798
85.21136,1,1568.131,815.7263,1567.072,815.103
85.22326,1,1568.131,815.7263,1567.602,815.4147
85.23314,1,1568.131,815.7263,1567.866,815.5704
85.24539,1,1569.853,815.559,1568.86,815.5647
85.25574,1,1569.853,815.559,1569.356,815.5619
85.26898,1,1571.092,815.801,1570.224,815.6815
85.28018,1,1571.092,815.801,1570.658,815.7412
85.2905,1,1571.092,815.801,1570.875,815.7711
85.30378,1,1572.182,815.9803,1571.529,815.8757
85.31542,1,1572.182,815.9803,1571.855,815.928
85.32713,1,1572.954,815.8234,1572.405,815.8757
85.3382,1,1572.954,815.8234,1572.679,815.8495
85.34966,1,1572.954,815.8234,1572.817,815.8364
85.36149,1,1573.721,815.9622,1573.269,815.8993
85.37257,1,1573.721,815.9622,1573.495,815.9307
85.39459,1,1563.616,809.9551,1568.556,812.9429
85.40201,1,1563.616,809.9551,1566.086,811.449
85.41027,1,1563.616,809.9551,1564.851,810.702
85.42208,1,1371.193,704.73,1468.022,757.7161
85.43494,1,1371.193,704.73,1419.607,731.223
85.44495,1,1371.193,704.73,1395.4,717.9766
85.45555,1,794.4179,387.5386,1094.909,552.7576
85.4683,1,794.4179,387.5386,944.6635,470.1481
85.48002,1,389.8391,183.1297,667.2513,326.6389
85.49075,1,389.8391,183.1297,528.5452,254.8843
85.50383,1,389.8391,183.1297,459.1921,219.007
85.51328,1,247.8027,110.3029,353.4974,164.6549
85.52651,1,247.8027,110.3029,300.6501,137.4789
85.53765,1,202.4474,91.45486,251.5487,114.4669
85.54705,1,202.4474,91.45486,226.998,102.9609
85.55968,1,202.4474,91.45486,214.7227,97.20786
85.57025,1,191.6354,88.69659,203.179,92.95222
85.58184,1,191.6354,88.69659,197.4072,90.8244
85.59261,1,191.6354,88.69659,194.5213,89.7605
85.60508,1,188.1685,83.32551,191.3449,86.543
85.61372,1,188.1685,83.32551,189.7567,84.93425
85.62839,1,222.135,102.0702,205.9459,93.50224
85.64007,1,222.135,102.0702,214.0405,97.78624
85.65038,1,222.135,102.0702,218.0877,99.92824
85.66293,1,222.135,102.0702,220.1114,100.9992
85.67447,1,259.8477,119.7103,239.9796,110.3548
85.68812,1,278.2636,129.1783,259.1216,119.7665
85.69804,1,278.2636,129.1783,268.6926,124.4724
85.70883,1,278.2636,129.1783,273.4781,126.8254
85.72556,1,334.2957,161.1556,303.8869,143.9905
85.73733,1,334.2957,161.1556,319.0913,152.5731
85.74873,1,785.7147,423.622,552.403,288.0975
85.75995,1,785.7147,423.622,669.0588,355.8598
85.77087,1,785.7147,423.622,727.3868,389.7409
85.78467,1,1364.744,739.1004,1046.065,564.4207
85.79382,1,1364.744,739.1004,1205.405,651.7605
85.80595,1,1364.744,739.1004,1285.074,695.4304
85.81763,1,1590.575,856.3867,1437.825,775.9086
85.82712,1,1590.575,856.3867,1514.2,816.1476
85.8391,1,1660.369,892.1453,1587.284,854.1465
85.85011,1,1660.369,892.1453,1623.826,873.1459
85.86129,1,1660.369,892.1453,1642.097,882.6456
85.87238,1,1684.497,905.1053,1663.297,893.8755
85.88834,1,1684.497,905.1053,1673.897,899.4904
85.90368,1,1696.771,908.0043,1685.334,903.7473
85.91127,1,1696.771,908.0043,1691.052,905.8759
85.92504,1,1696.771,908.0043,1693.911,906.9401
85.93694,1,1702.519,908.5709,1698.215,907.7555
85.94753,1,1702.519,908.5709,1700.367,908.1632
85.95983,1,1683.105,893.1517,1691.736,900.6575
85.9707,1,1683.105,893.1517,1687.42,896.9045
85.98576,1,1683.105,893.1517,1685.262,895.0281
85.99706,1,1667.796,882.5727,1676.529,888.8004
86.00773,1,1667.796,882.5727,1672.163,885.6865
86.02023,1,1663.393,877.9795,1667.778,881.833
86.03059,1,1663.393,877.9795,1665.585,879.9063
86.04067,1,1663.393,877.9795,1664.489,878.9429
86.05235,1,1660.029,875.2424,1662.259,877.0927
86.06271,1,1660.029,875.2424,1661.144,876.1675
86.07374,1,1660.029,875.2424,1660.586,875.705
86.08701,1,1656.418,872.4674,1658.502,874.0862
86.0981,1,1656.418,872.4674,1657.46,873.2768
86.10778,1,1656.418,872.4674,1656.939,872.8721
86.12058,1,1654.211,871.0994,1655.575,871.9857
86.13062,1,1654.211,871.0994,1654.893,871.5425
86.14465,1,1652.617,869.5591,1653.755,870.5508
86.15516,1,1652.617,869.5591,1653.186,870.0549
86.1682,1,1652.617,869.5591,1652.902,869.807
86.17977,1,1651.395,868.5008,1652.148,869.1539
86.19086,1,1651.395,868.5008,1651.772,868.8274
86.20343,1,1650.721,867.7997,1651.246,868.3135
86.21334,1,1650.721,867.7997,1650.983,868.0566
86.22697,1,1650.721,867.7997,1650.852,867.9282
86.23842,1,1650.005,867.2881,1650.429,867.6082
86.2512,1,1650.005,867.2881,1650.217,867.4481
86.26077,1,1650.005,867.2881,1650.111,867.3682
86.27186,1,1649.677,867.0049,1649.894,867.1865
86.2841,1,1649.677,867.0049,1649.786,867.0957
86.29408,1,1649.429,866.7518,1649.608,866.9237
86.30675,1,1649.429,866.7518,1649.518,866.8378
86.31877,1,1649.429,866.7518,1649.474,866.7948
86.3283,1,1649.389,866.7596,1649.431,866.7772
86.34096,1,1649.389,866.7596,1649.41,866.7684
86.35179,1,1649.389,866.7596,1649.399,866.764
86.36305,1,1649.377,866.7109,1649.388,866.7375
86.37505,1,1649.377,866.7109,1649.382,866.7242
86.38816,1,1649.756,867.6536,1649.569,867.1889
86.3987,1,1649.756,867.6536,1649.663,867.4213
86.40946,1,1649.756,867.6536,1649.71,867.5374
86.42217,1,1650.993,869.7155,1650.351,868.6265
86.43271,1,1650.993,869.7155,1650.672,869.171
86.44412,1,1653.059,872.2101,1651.865,870.6906
86.45455,1,1653.059,872.2101,1652.462,871.4503
86.46864,1,1653.059,872.2101,1652.76,871.8302
86.47729,1,1653.059,872.2101,1652.91,872.0201
86.48865,1,1655.4,875.5472,1654.155,873.7837
86.50159,1,1655.4,875.5472,1654.777,874.6654
86.51189,1,1657.962,878.1689,1656.37,876.4172
86.52573,1,1657.962,878.1689,1657.166,877.2931
86.5424,1,1660.682,880.7063,1658.924,878.9997
86.55115,1,1660.682,880.7063,1659.803,879.853
86.56107,1,1660.682,880.7063,1660.242,880.2797
86.57191,1,1663.476,883.1612,1661.859,881.7205
86.58457,1,1663.476,883.1612,1662.668,882.4408
86.59392,1,1665.877,885.0994,1664.272,883.7701
86.6062,1,1665.877,885.0994,1665.074,884.4348
86.61919,1,1665.877,885.0994,1665.476,884.7671
86.6327,1,1668.225,887.6375,1666.85,886.2023
86.64684,1,1668.225,887.6375,1667.537,886.9199
86.6537,1,1668.225,887.6375,1667.881,887.2787
86.66571,1,1670.289,889.6559,1669.085,888.4673
86.67757,1,1670.289,889.6559,1669.687,889.0616
86.68842,1,1671.812,891.5056,1670.75,890.2836
86.70102,1,1671.812,891.5056,1671.281,890.8947
86.7112,1,1671.812,891.5056,1671.546,891.2001
86.72385,1,1673.432,893.611,1672.489,892.4056
86.74155,1,1673.432,893.611,1672.961,893.0083
86.74937,1,1675.284,895.1002,1674.123,894.0542
86.76012,1,1675.284,895.1002,1674.703,894.5771
86.7712,1,1675.284,895.1002,1674.994,894.8386
86.78339,1,1676.148,896.8774,1675.571,895.858
86.79265,1,1676.148,896.8774,1675.86,896.3677
86.80612,1,1673.144,890.8864,1674.502,893.6271
86.81905,1,1673.144,890.8864,1673.823,892.2567
86.82966,1,1673.144,890.8864,1673.483,891.5715
86.83999,1,1652.87,861.1861,1663.177,876.3788
86.86362,1,1652.87,861.1861,1658.023,868.7825
86.86977,1,1620.512,812.9274,1639.268,840.8549
86.88186,1,1620.512,812.9274,1629.89,826.8911
86.89271,1,1620.512,812.9274,1625.201,819.9092
86.90574,1,1591.938,771.252,1608.57,795.5806
86.91805,1,1591.938,771.252,1600.254,783.4163
86.92905,1,1468.185,671.1303,1534.22,727.2733
86.93949,1,1468.185,671.1303,1501.202,699.2018
86.95137,1,1468.185,671.1303,1484.694,685.166
86.96498,1,1230.156,507.2446,1357.425,596.2053
86.97502,1,1230.156,507.2446,1293.791,551.725
86.98808,1,1059.147,398.4121,1176.469,475.0685
86.99989,1,1059.147,398.4121,1117.808,436.7403
87.00947,1,1059.147,398.4121,1088.478,417.5762
87.02325,1,987.0392,356.7218,1037.758,387.149
87.03577,1,987.0392,356.7218,1012.399,371.9354
87.04947,1,957.3018,336.5724,984.8503,354.2539
87.05973,1,957.3018,336.5724,971.076,345.4131
87.07314,1,957.3018,336.5724,964.189,340.9928
87.08685,1,946.3404,327.9286,955.2646,334.4607
87.0992,1,946.3404,327.9286,950.8025,331.1946
87.10918,1,939.7471,321.2747,945.2748,326.2346
87.12222,1,939.7471,321.2747,942.5109,323.7546
87.13224,1,939.7471,321.2747,941.129,322.5146
87.14349,1,935.7646,322.5979,938.4468,322.5563
87.15425,1,935.7646,322.5979,937.1057,322.5771
87.16732,1,935.7646,322.5979,936.4352,322.5875
87.17778,1,966.8043,334.4761,951.6198,328.5318
87.18905,1,966.8043,334.4761,959.212,331.5039
87.20212,1,994.3561,344.8274,976.7841,338.1656
87.2121,1,994.3561,344.8274,985.5701,341.4965
87.22445,1,994.3561,344.8274,989.9631,343.1619
87.2361,1,1034.788,372.4458,1012.376,357.8038
87.24828,1,1034.788,372.4458,1023.582,365.1248
87.26009,1,1034.788,372.4458,1029.185,368.7853
87.27082,1,1280.356,599.0766,1154.771,483.9309
87.28413,1,1280.356,599.0766,1217.563,541.5038
87.29343,1,1514.035,820.0684,1365.799,680.7861
87.3062,1,1514.035,820.0684,1439.917,750.4272
87.31831,1,1514.035,820.0684,1476.976,785.2478
87.32838,1,1618.71,917.4913,1547.843,851.3695
87.34033,1,1618.71,917.4913,1583.276,884.4304
87.35157,1,1655.358,955.2039,1619.317,919.8171
87.36342,1,1655.358,955.2039,1637.337,937.5105
87.37404,1,1655.358,955.2039,1646.348,946.3572
87.38734,1,1669.175,970.409,1657.761,958.3831
87.39957,1,1669.175,970.409,1663.468,964.396
87.409,1,1669.175,970.409,1666.322,967.4025
87.42255,1,1677.589,977.0728,1671.955,972.2376
87.43317,1,1677.589,977.0728,1674.772,974.6552
87.44463,1,1683.318,977.9756,1679.045,976.3154
87.45789,1,1683.318,977.9756,1681.182,977.1455
87.47058,1,1686.116,980.3359,1683.649,978.7407
87.47935,1,1686.116,980.3359,1684.882,979.5383
87.48952,1,1686.116,980.3359,1685.499,979.9371
87.50347,1,1686.678,980.6445,1686.089,980.2908
87.51396,1,1686.678,980.6445,1686.384,980.4677
87.52966,1,1686.678,980.6445,1686.531,980.556
87.53821,1,1685.692,981.0131,1686.111,980.7845
87.55045,1,1685.692,981.0131,1685.901,980.8988
87.56677,1,1683.744,982.1859,1684.823,981.5424
87.58118,1,1683.744,982.1859,1684.283,981.8641
87.58778,1,1683.744,982.1859,1684.013,982.025
87.59799,1,1681.827,983.9688,1682.92,982.9969
87.60818,1,1681.827,983.9688,1682.374,983.4828
87.62164,1,1682.126,984.527,1682.25,984.0049
87.63383,1,1682.126,984.527,1682.188,984.266
87.64588,1,1682.126,984.527,1682.157,984.3965
87.65842,1,1682.091,985.3407,1682.124,984.8686
87.67004,1,1682.091,985.3407,1682.107,985.1046
87.68365,1,1680.796,986.2012,1681.452,985.653
87.69474,1,1680.796,986.2012,1681.124,985.9271
87.70601,1,1680.796,986.2012,1680.96,986.0642
87.7182,1,1679.785,987.4238,1680.372,986.744
87.72852,1,1679.785,987.4238,1680.079,987.0839
87.74134,1,1679.785,987.4238,1679.932,987.2539
87.7531,1,1678.918,988.3258,1679.425,987.7899
87.76633,1,1678.918,988.3258,1679.171,988.0579
87.7775,1,1678.342,988.7179,1678.756,988.3879
87.78809,1,1678.342,988.7179,1678.549,988.5529
87.80068,1,1678.342,988.7179,1678.445,988.6354
87.80981,1,1677.31,989.3032,1677.877,988.9692
87.82276,1,1677.31,989.3032,1677.594,989.1362
87.83411,1,1676.362,990.1691,1676.978,989.6526
87.84476,1,1676.362,990.1691,1676.67,989.9109
87.8571,1,1676.362,990.1691,1676.516,990.04
87.8688,1,1675.274,990.916,1675.895,990.478
87.88064,1,1675.274,990.916,1675.584,990.697
87.89066,1,1675.274,990.916,1675.429,990.8065
87.90325,1,1673.887,991.5782,1674.658,991.1924
87.91302,1,1673.887,991.5782,1674.272,991.3853
87.92574,1,1672.788,992.0622,1673.53,991.7238
87.93762,1,1672.788,992.0622,1673.159,991.8929
87.94691,1,1672.788,992.0622,1672.974,991.9775
87.95953,1,1671.794,992.676,1672.384,992.3268
87.97096,1,1671.794,992.676,1672.089,992.5013
87.98402,1,1670.437,993.2611,1671.263,992.8812
87.99336,1,1670.437,993.2611,1670.85,993.0712
88.00676,1,1670.437,993.2611,1670.644,993.1661
88.01994,1,1668.453,993.9564,1669.548,993.5613
88.03003,1,1668.453,993.9564,1669.001,993.7589
88.04298,1,1668.453,993.9564,1668.727,993.8577
88.05449,1,1666.472,994.7172,1667.599,994.2874
88.06472,1,1666.472,994.7172,1667.036,994.5023
88.07554,1,1664.974,995.6738,1666.005,995.088
88.08791,1,1664.974,995.6738,1665.49,995.3809
88.09775,1,1664.974,995.6738,1665.232,995.5273
88.10899,1,1662.142,997.2158,1663.687,996.3716
88.12266,1,1662.142,997.2158,1662.915,996.7937
88.1354,1,1660.032,998.683,1661.473,997.7383
88.14629,1,1660.032,998.683,1660.753,998.2107
88.15752,1,1660.032,998.683,1660.393,998.4468
88.16859,1,1657.947,1001.008,1659.17,999.7275
88.18033,1,1657.947,1001.008,1658.559,1000.368
88.19087,1,1657.947,1001.008,1658.253,1000.688
88.20358,1,1655.646,1003.136,1656.95,1001.912
88.21321,1,1655.646,1003.136,1656.298,1002.524
88.22613,1,1654.396,1004.549,1655.347,1003.536
88.23914,1,1654.396,1004.549,1654.872,1004.043
88.24955,1,1654.396,1004.549,1654.634,1004.296
88.26126,1,1652.373,1006.261,1653.504,1005.279
88.27325,1,1652.373,1006.261,1652.938,1005.77
88.28666,1,1650.529,1008.033,1651.734,1006.902
88.29811,1,1650.529,1008.033,1651.131,1007.467
88.30875,1,1650.529,1008.033,1650.83,1007.75
88.3214,1,1649.006,1010.16,1649.918,1008.955
88.33063,1,1649.006,1010.16,1649.462,1009.558
88.34336,1,1649.006,1010.16,1649.234,1009.859
88.35371,1,1647.328,1012.788,1648.281,1011.323
88.36934,1,1647.328,1012.788,1647.804,1012.056
88.37785,1,1646.065,1014.549,1646.935,1013.302
88.38931,1,1646.065,1014.549,1646.5,1013.926
88.4031,1,1646.065,1014.549,1646.282,1014.238
88.41264,1,1644.85,1015.815,1645.566,1015.026
88.42482,1,1644.85,1015.815,1645.208,1015.42
88.43573,1,1644.85,1015.815,1645.029,1015.617
88.44765,1,1642.844,1016.884,1643.937,1016.251
88.46091,1,1642.844,1016.884,1643.391,1016.567
88.47119,1,1640.919,1017.596,1642.155,1017.081
88.48422,1,1640.919,1017.596,1641.537,1017.339
88.49351,1,1640.919,1017.596,1641.228,1017.467
88.50616,1,1639.004,1018.426,1640.116,1017.946
88.51769,1,1639.004,1018.426,1639.56,1018.186
88.52753,1,1637.059,1019.489,1638.309,1018.837
88.54041,1,1637.059,1019.489,1637.684,1019.163
88.55267,1,1637.059,1019.489,1637.371,1019.326
88.56426,1,1635.201,1020.592,1636.286,1019.959
88.57539,1,1635.201,1020.592,1635.744,1020.276
88.58721,1,1635.201,1020.592,1635.472,1020.434
88.5997,1,1633.129,1021.362,1634.301,1020.898
88.61012,1,1633.129,1021.362,1633.715,1021.13
88.62287,1,1631.305,1021.609,1632.51,1021.37
88.63364,1,1631.305,1021.609,1631.907,1021.489
88.64515,1,1631.305,1021.609,1631.606,1021.549
88.65554,1,1629.375,1021.917,1630.49,1021.733
88.66851,1,1629.375,1021.917,1629.932,1021.825
88.67965,1,1627.928,1022.28,1628.93,1022.052
88.68974,1,1627.928,1022.28,1628.429,1022.166
88.70252,1,1627.928,1022.28,1628.178,1022.223
88.71296,1,1626.494,1022.592,1627.336,1022.407
88.72733,1,1626.494,1022.592,1626.915,1022.5
88.74031,1,1626.494,1022.592,1626.705,1022.546
88.75153,1,1624.729,1022.798,1625.717,1022.672
88.76421,1,1624.729,1022.798,1625.223,1022.735
88.77493,1,1622.768,1023.342,1623.995,1023.038
88.78971,1,1622.768,1023.342,1623.382,1023.19
88.80113,1,1620.692,1023.546,1622.037,1023.368
88.81036,1,1620.692,1023.546,1621.364,1023.457
88.82188,1,1620.692,1023.546,1621.028,1023.501
88.83279,1,1619.003,1023.912,1620.016,1023.707
88.84348,1,1619.003,1023.912,1619.509,1023.809
88.85431,1,1619.003,1023.912,1619.256,1023.861
88.8675,1,1617.437,1024.392,1618.346,1024.126
88.87798,1,1617.437,1024.392,1617.891,1024.259
88.88929,1,1617.437,1024.392,1617.664,1024.326
88.90284,1,1619.204,1022.845,1618.434,1023.585
88.91322,1,1619.204,1022.845,1618.819,1023.215
88.92651,1,1620.578,1021.929,1619.699,1022.572
88.93883,1,1620.578,1021.929,1620.138,1022.25
88.95013,1,1621.629,1020.964,1620.884,1021.607
88.96126,1,1621.629,1020.964,1621.256,1021.285
88.97302,1,1621.629,1020.964,1621.443,1021.124
88.98591,1,1623.025,1019.576,1622.234,1020.35
88.99732,1,1623.025,1019.576,1622.629,1019.963
89.0087,1,1623.025,1019.576,1622.827,1019.77
89.0218,1,1624.618,1018.031,1623.723,1018.9
89.03113,1,1624.618,1018.031,1624.171,1018.466
89.04394,1,1626.254,1016.199,1625.212,1017.332
89.05505,1,1626.254,1016.199,1625.733,1016.765
89.06822,1,1626.254,1016.199,1625.994,1016.482
89.07992,1,1628.711,1015.035,1627.353,1015.758
89.09076,1,1628.711,1015.035,1628.032,1015.397
89.10515,1,1630.919,1013.525,1629.476,1014.461
89.11407,1,1630.919,1013.525,1630.197,1013.993
89.12788,1,1630.919,1013.525,1630.558,1013.759
89.14006,1,1633.861,1012.107,1632.21,1012.933
89.15018,1,1633.861,1012.107,1633.035,1012.52
89.16212,1,1636.396,1010.359,1634.716,1011.44
89.17289,1,1636.396,1010.359,1635.556,1010.899
89.18547,1,1636.396,1010.359,1635.976,1010.629
89.19536,1,1638.831,1008.395,1637.403,1009.512
89.20886,1,1638.831,1008.395,1638.117,1008.954
89.22024,1,1638.831,1008.395,1638.474,1008.675
89.22941,1,1640.721,1006.575,1639.597,1007.625
89.24292,1,1640.721,1006.575,1640.159,1007.1
89.25307,1,1642.597,1003.983,1641.378,1005.541
89.26693,1,1642.597,1003.983,1641.988,1004.762
89.27757,1,1642.597,1003.983,1642.292,1004.372
89.28825,1,1644.262,1001.257,1643.277,1002.814
89.30183,1,1644.262,1001.257,1643.77,1002.036
89.31435,1,1645.578,998.2935,1644.674,1000.164
89.32722,1,1645.578,998.2935,1645.126,999.229
89.33987,1,1645.578,998.2935,1645.352,998.7612
89.35068,1,1646.684,995.7335,1646.018,997.2473
89.36292,1,1646.684,995.7335,1646.351,996.4904
89.37363,1,1648.299,993.9121,1647.325,995.2012
89.38673,1,1648.299,993.9121,1647.812,994.5566
89.39738,1,1648.299,993.9121,1648.055,994.2344
89.40867,1,1650.057,991.4865,1649.056,992.8605
89.42295,1,1650.057,991.4865,1649.557,992.1735
89.43288,1,1650.057,991.4865,1649.807,991.83
89.44614,1,1651.555,988.572,1650.681,990.2009
89.45772,1,1651.555,988.572,1651.118,989.3865
89.46928,1,1654.087,985.395,1652.603,987.3907
89.48078,1,1654.087,985.395,1653.345,986.3929
89.49145,1,1654.087,985.395,1653.716,985.8939
89.50553,1,1656.613,982.6555,1655.164,984.2747
89.51711,1,1656.613,982.6555,1655.889,983.4651
89.5276,1,1658.604,980.3289,1657.246,981.897
89.54108,1,1658.604,980.3289,1657.925,981.1129
89.55286,1,1658.604,980.3289,1658.265,980.7209
89.56467,1,1660.374,978.5826,1659.32,979.6517
89.57506,1,1660.374,978.5826,1659.847,979.1172
89.58923,1,1662.783,976.5734,1661.315,977.8453
89.60045,1,1662.783,976.5734,1662.049,977.2094
89.60965,1,1662.783,976.5734,1662.416,976.8914
89.62075,1,1665.079,974.8951,1663.748,975.8932
89.63035,1,1665.079,974.8951,1664.413,975.3942
89.6428,1,1665.079,974.8951,1664.746,975.1447
89.65407,1,1668.12,972.3174,1666.433,973.7311
89.66886,1,1668.12,972.3174,1667.276,973.0243
89.67764,1,1670.615,971.28,1668.946,972.1522
89.68863,1,1670.615,971.28,1669.781,971.7161
89.70112,1,1670.615,971.28,1670.198,971.498
89.71128,1,1672.823,969.334,1671.511,970.416
89.72337,1,1672.823,969.334,1672.167,969.875
89.73504,1,1672.823,969.334,1672.495,969.6045
89.74932,1,1675.098,967.3711,1673.797,968.4878
89.7596,1,1675.098,967.3711,1674.448,967.9294
89.7706,1,1677.769,966.267,1676.108,967.0982
89.78366,1,1677.769,966.267,1676.938,966.6826
89.79289,1,1677.769,966.267,1677.354,966.4748
89.80534,1,1680.523,965.1658,1678.938,965.8203
89.81815,1,1680.523,965.1658,1679.73,965.493
89.82755,1,1683.468,964.6279,1681.599,965.0604
89.84067,1,1683.468,964.6279,1682.534,964.8441
89.85105,1,1683.468,964.6279,1683.001,964.736
89.86282,1,1686.19,964.2156,1684.596,964.4758
89.87481,1,1686.19,964.2156,1685.393,964.3457
89.88683,1,1686.19,964.2156,1685.792,964.2806
89.89514,1,1689.663,962.9195,1687.728,963.6001
89.90859,1,1689.663,962.9195,1688.695,963.2598
89.92095,1,1689.663,962.9195,1689.179,963.0896
89.93367,1,1692.703,961.4651,1690.941,962.2773
89.94447,1,1692.703,961.4651,1691.822,961.8712
89.95708,1,1695.782,960.2898,1693.802,961.0805
89.98,1,1697.818,959.5196,1695.81,960.3
89.98579,1,1697.818,959.5196,1696.814,959.9098
89.99931,1,1697.818,959.5196,1697.316,959.7147
90.00886,1,1699.94,958.738,1698.628,959.2264
90.02163,1,1699.94,958.738,1699.284,958.9822
90.03264,1,1699.94,958.738,1699.612,958.8601
90.04491,1,1702.891,958.5356,1701.251,958.6979
90.05844,1,1702.891,958.5356,1702.071,958.6168
90.06856,1,1705.035,958.3213,1703.553,958.469
90.08071,1,1705.035,958.3213,1704.294,958.3951
90.09138,1,1705.035,958.3213,1704.665,958.3582
90.10423,1,1706.556,958.0065,1705.611,958.1824
90.11513,1,1706.556,958.0065,1706.083,958.0944
90.12812,1,1706.556,958.0065,1706.32,958.0504
90.13982,1,1707.324,957.7371,1706.822,957.8937
90.14876,1,1707.324,957.7371,1707.073,957.8154
90.161,1,1707.324,957.7371,1707.198,957.7762
90.17219,1,1706.269,958.2557,1706.733,958.016
90.18616,1,1706.269,958.2557,1706.501,958.1359
90.19561,1,1705.392,958.7294,1705.947,958.4326
90.21099,1,1705.392,958.7294,1705.669,958.581
90.22202,1,1704.886,959.4001,1705.278,958.9905
90.23309,1,1704.886,959.4001,1705.082,959.1953
90.24519,1,1704.886,959.4001,1704.984,959.2977
90.25694,1,1704.169,960.0408,1704.576,959.6693
90.27011,1,1704.169,960.0408,1704.373,959.8551
90.28461,1,1703.516,960.649,1703.944,960.2521
90.2947,1,1703.516,960.649,1703.73,960.4506
90.30681,1,1703.516,960.649,1703.623,960.5498
90.31826,1,1702.698,962.0341,1703.161,961.2919
90.32867,1,1702.698,962.0341,1702.93,961.663
90.34187,1,1701.265,963.8701,1702.097,962.7665
90.35367,1,1701.265,963.8701,1701.681,963.3182
90.36524,1,1701.265,963.8701,1701.473,963.5941
90.3772,1,1700.221,965.42,1700.847,964.5071
90.38759,1,1700.221,965.42,1700.534,964.9636
90.40079,1,1699.807,966.2875,1700.171,965.6255
90.41223,1,1699.807,966.2875,1699.989,965.9565
90.42457,1,1699.807,966.2875,1699.898,966.1219
90.43676,1,1699.181,967.5413,1699.54,966.8316
90.44725,1,1699.181,967.5413,1699.36,967.1864
90.45972,1,1699.181,967.5413,1699.271,967.3638
90.46983,1,1697.994,968.7195,1698.633,968.0416
90.48398,1,1697.994,968.7195,1698.313,968.3806
90.49358,1,1696.494,970.0963,1697.404,969.2384
90.50542,1,1696.494,970.0963,1696.949,969.6674
90.51725,1,1696.494,970.0963,1696.722,969.8818
90.52706,1,1694.799,971.1926,1695.76,970.5372
90.53901,1,1694.799,971.1926,1695.28,970.8649
90.54974,1,1694.799,971.1926,1695.039,971.0287
90.56129,1,1693.159,971.805,1694.099,971.4169
90.57318,1,1693.159,971.805,1693.629,971.611
90.5864,1,1691.695,972.7704,1692.662,972.1907
90.59817,1,1691.695,972.7704,1692.179,972.4805
90.60876,1,1691.695,972.7704,1691.937,972.6255
90.6214,1,1689.453,974.1462,1690.695,973.3859
90.63067,1,1689.453,974.1462,1690.074,973.7661
90.64415,1,1687.32,975.4409,1688.697,974.6035
90.65482,1,1687.32,975.4409,1688.008,975.0222
90.66753,1,1687.32,975.4409,1687.664,975.2316
90.67837,1,1685.283,976.6143,1686.474,975.9229
90.68979,1,1685.283,976.6143,1685.879,976.2686
90.70194,1,1685.283,976.6143,1685.581,976.4414
90.71147,1,1683.075,977.6811,1684.328,977.0613
90.72472,1,1683.075,977.6811,1683.702,977.3712
90.73503,1,1681.01,978.8771,1682.356,978.1241
90.7475,1,1681.01,978.8771,1681.683,978.5006
90.76294,1,1677.378,979.8541,1679.531,979.1774
90.77201,1,1677.378,979.8541,1678.454,979.5157
90.78561,1,1677.378,979.8541,1677.916,979.6849
90.79491,1,1674.403,980.9711,1676.16,980.328
90.80761,1,1674.403,980.9711,1675.281,980.6495
90.81984,1,1674.403,980.9711,1674.842,980.8103
90.82922,1,1671.662,982.4731,1673.252,981.6417
90.84239,1,1671.662,982.4731,1672.457,982.0574
90.85319,1,1668.909,983.7216,1670.683,982.8895
90.8653,1,1668.909,983.7216,1669.796,983.3055
90.87759,1,1668.909,983.7216,1669.352,983.5135
90.8876,1,1666.488,985.2045,1667.92,984.359
90.90153,1,1666.488,985.2045,1667.204,984.7817
90.9093,1,1666.488,985.2045,1666.846,984.9932
90.92387,1,1664.147,986.8875,1665.497,985.9403
90.93709,1,1664.147,986.8875,1664.822,986.4139
90.9465,1,1663.244,989.6351,1664.033,988.0245
90.96098,1,1663.244,989.6351,1663.638,988.8298
90.97142,1,1663.244,989.6351,1663.441,989.2324
90.98543,1,1661.272,992.9457,1662.357,991.0891
90.99368,1,1661.272,992.9457,1661.814,992.0175
91.00799,1,1658.846,997.079,1660.33,994.5482
91.0196,1,1658.846,997.079,1659.588,995.8136
91.02837,1,1658.846,997.079,1659.217,996.4463
91.0416,1,1656.527,1001.299,1657.872,998.8727
91.05437,1,1656.527,1001.299,1657.199,1000.086
91.06853,1,1654.55,1004.957,1655.875,1002.522
91.08059,1,1654.55,1004.957,1655.212,1003.74
91.09061,1,1654.55,1004.957,1654.881,1004.348
91.10355,1,1653.152,1007.547,1654.017,1005.948
91.11516,1,1653.152,1007.547,1653.584,1006.747
91.12712,1,1651.758,1009.81,1652.671,1008.278
91.13873,1,1651.758,1009.81,1652.215,1009.044
91.15028,1,1651.758,1009.81,1651.987,1009.427
91.1617,1,1650.045,1011.702,1651.016,1010.564
91.17155,1,1650.045,1011.702,1650.53,1011.133
91.18452,1,1650.045,1011.702,1650.287,1011.418
91.19466,1,1648.631,1013.919,1649.459,1012.668
91.20725,1,1648.631,1013.919,1649.045,1013.294
91.22021,1,1647.076,1015.872,1648.06,1014.583
91.22953,1,1647.076,1015.872,1647.568,1015.228
91.24252,1,1647.076,1015.872,1647.322,1015.55
91.25404,1,1645.308,1017.122,1646.315,1016.336
91.26771,1,1645.308,1017.122,1645.811,1016.729
91.28002,1,1643.829,1018.532,1644.82,1017.63
91.29069,1,1643.829,1018.532,1644.325,1018.081
91.30361,1,1643.829,1018.532,1644.077,1018.306
91.31523,1,1642.377,1020.289,1643.227,1019.297
91.32842,1,1642.377,1020.289,1642.802,1019.793
91.33845,1,1641.045,1021.658,1641.924,1020.725
91.34911,1,1641.045,1021.658,1641.484,1021.191
91.36108,1,1641.045,1021.658,1641.264,1021.425
91.37092,1,1640.268,1022.754,1640.766,1022.089
91.38503,1,1640.268,1022.754,1640.517,1022.422
91.39374,1,1640.268,1022.754,1640.393,1022.588
91.40906,1,1639.687,1023.43,1640.04,1023.009
91.42014,1,1639.687,1023.43,1639.864,1023.22
91.4293,1,1639.441,1023.346,1639.652,1023.283
91.44206,1,1639.441,1023.346,1639.547,1023.315
91.45313,1,1639.441,1023.346,1639.494,1023.33
91.46479,1,1639.358,1023.38,1639.426,1023.355
91.47559,1,1639.358,1023.38,1639.392,1023.368
91.48866,1,1639.359,1023.494,1639.375,1023.431
91.5013,1,1639.359,1023.494,1639.367,1023.462
91.51099,1,1639.359,1023.494,1639.363,1023.478
91.52358,1,1639.384,1023.829,1639.374,1023.653
91.53529,1,1639.384,1023.829,1639.379,1023.741
91.54601,1,1639.384,1023.829,1639.382,1023.785
91.5582,1,1639.396,1023.967,1639.389,1023.876
91.57114,1,1639.396,1023.967,1639.393,1023.921
91.58488,1,1639.633,1024.149,1639.513,1024.035
91.59474,1,1639.633,1024.149,1639.573,1024.092
91.6076,1,1639.633,1024.149,1639.603,1024.12
91.62048,1,1639.841,1024.26,1639.722,1024.19
91.63006,1,1639.841,1024.26,1639.781,1024.225
91.64359,1,1640.141,1024.033,1639.961,1024.129
91.65542,1,1640.141,1024.033,1640.052,1024.081
91.6684,1,1640.141,1024.033,1640.096,1024.057
91.68052,1,1640.542,1023.802,1640.319,1023.929
91.68927,1,1640.542,1023.802,1640.431,1023.865
91.70254,1,1640.855,1023.549,1640.643,1023.707
91.71313,1,1640.855,1023.549,1640.749,1023.628
91.72562,1,1640.855,1023.549,1640.802,1023.588
91.73575,1,1641.147,1023.073,1640.975,1023.331
91.74856,1,1641.147,1023.073,1641.061,1023.202
91.76027,1,1641.535,1022.399,1641.298,1022.801
91.77219,1,1641.535,1022.399,1641.416,1022.6
91.79848,1,1642.308,1021.198,1641.862,1021.899
91.80459,1,1642.308,1021.198,1642.085,1021.549
91.81497,1,1642.308,1021.198,1642.196,1021.373
91.82651,1,1643.118,1020.017,1642.657,1020.695
91.83827,1,1643.118,1020.017,1642.888,1020.356
91.84992,1,1643.118,1020.017,1643.003,1020.186
91.86243,1,1644.397,1018.435,1643.7,1019.311
91.8729,1,1644.397,1018.435,1644.049,1018.873
91.8861,1,1646.207,1016.603,1645.128,1017.738
91.89721,1,1646.207,1016.603,1645.667,1017.17
91.90723,1,1646.207,1016.603,1645.937,1016.887
91.92059,1,1648.8,1014.936,1647.369,1015.911
91.93082,1,1648.8,1014.936,1648.084,1015.424
91.94479,1,1650.907,1013.376,1649.496,1014.4
91.95702,1,1650.907,1013.376,1650.201,1013.888
91.96732,1,1650.907,1013.376,1650.554,1013.632
91.97901,1,1652.95,1011.969,1651.752,1012.8
91.99062,1,1652.95,1011.969,1652.351,1012.385
92.00204,1,1656.04,1009.873,1654.196,1011.129
92.01078,1,1656.04,1009.873,1655.118,1010.501
92.02412,1,1656.04,1009.873,1655.579,1010.187
92.03429,1,1659.5,1008.519,1657.54,1009.353
92.04992,1,1659.5,1008.519,1658.52,1008.936
92.05843,1,1659.5,1008.519,1659.01,1008.727
92.07005,1,1662.597,1006.832,1660.804,1007.78
92.08087,1,1662.597,1006.832,1661.7,1007.306
92.09158,1,1667.18,1003.242,1664.44,1005.274
92.11205,1,1667.18,1003.242,1665.81,1004.258
92.12166,1,1667.18,1003.242,1666.495,1003.75
92.13248,1,1671.15,1000.732,1668.823,1002.241
92.14696,1,1671.15,1000.732,1669.987,1001.487
92.16122,1,1675.274,998.0279,1672.63,999.7572
92.16876,1,1675.274,998.0279,1673.952,998.8926
92.17971,1,1675.274,998.0279,1674.613,998.4602
92.19122,1,1679.228,996.3206,1676.921,997.3904
92.2054,1,1679.228,996.3206,1678.074,996.8555
92.2197,1,1683.501,994.436,1680.788,995.6458
92.23212,1,1683.501,994.436,1682.145,995.0409
92.24103,1,1683.501,994.436,1682.823,994.7384
92.25124,1,1687.783,992.2311,1685.303,993.4847
92.26324,1,1687.783,992.2311,1686.543,992.8579
92.27448,1,1690.901,990.5782,1688.722,991.7181
92.28756,1,1690.901,990.5782,1689.811,991.1482
92.29897,1,1690.901,990.5782,1690.356,990.8632
92.31033,1,1693.75,988.3118,1692.053,989.5875
92.32317,1,1693.75,988.3118,1692.901,988.9496
92.33515,1,1695.824,986.9722,1694.363,987.9609
92.34731,1,1695.824,986.9722,1695.093,987.4666
92.35839,1,1695.824,986.9722,1695.459,987.2194
92.37057,1,1696.384,985.2884,1695.922,986.2539
92.38238,1,1696.384,985.2884,1696.153,985.7711
92.39348,1,1649.685,983.0075,1672.919,984.3893
92.40568,1,1649.685,983.0075,1661.302,983.6984
92.41735,1,1649.685,983.0075,1655.493,983.3529
92.42683,1,1349.343,963.747,1502.418,973.5499
92.44003,1,1349.343,963.747,1425.881,968.6484
92.44994,1,1349.343,963.747,1387.612,966.1978
92.46094,1,898.917,926.6631,1143.264,946.4304
92.47158,1,898.917,926.6631,1021.091,936.5468
92.48823,1,673.2903,899.0792,847.1905,917.813
92.49464,1,673.2903,899.0792,760.2404,908.4461
92.50738,1,673.2903,899.0792,716.7653,903.7627
92.51899,1,578.2759,886.2368,647.5206,894.9998
92.52906,1,578.2759,886.2368,612.8983,890.6183
92.54182,1,578.2759,886.2368,595.5872,888.4276
92.55158,1,549.4366,885.0994,572.5118,886.7634
92.5641,1,549.4366,885.0994,560.9742,885.9314
92.5752,1,539.1027,883.082,550.0385,884.5067
92.5896,1,539.1027,883.082,544.5706,883.7944
92.59962,1,539.1027,883.082,541.8367,883.4382
92.60961,1,526.5569,879.7834,534.1968,881.6108
92.62118,1,526.5569,879.7834,530.3768,880.6971
92.6321,1,526.5569,879.7834,528.4669,880.2402
92.64641,1,520.5419,880.1827,524.5044,880.2114
92.65856,1,520.5419,880.1827,522.5232,880.197
92.66949,1,517.2942,878.4465,519.9087,879.3218
92.68091,1,517.2942,878.4465,518.6014,878.8842
92.69217,1,517.2942,878.4465,517.9478,878.6653
92.70641,1,514.1102,876.2729,516.0291,877.4691
92.71808,1,514.1102,876.2729,515.0696,876.871
92.72765,1,512.9091,875.2017,513.9894,876.0364
92.74179,1,512.9091,875.2017,513.4492,875.619
92.75192,1,512.9091,875.2017,513.1792,875.4103
92.76376,1,553.9907,879.2324,533.585,877.3214
92.77466,1,553.9907,879.2324,543.7878,878.2769
92.78788,1,872.0637,916.6481,707.9258,897.4625
92.79916,1,872.0637,916.6481,789.9948,907.0553
92.80871,1,872.0637,916.6481,831.0292,911.8517
92.82161,1,1303.295,963.9891,1067.162,937.9204
92.831,1,1303.295,963.9891,1185.229,950.9547
92.84503,1,1303.295,963.9891,1244.262,957.4719
92.85439,1,1521.656,982.0301,1382.959,969.751
92.86856,1,1521.656,982.0301,1452.308,975.8905
92.87929,1,1611.639,991.9984,1531.974,983.9445
92.89388,1,1611.639,991.9984,1571.806,987.9714
92.90776,1,1611.639,991.9984,1591.723,989.9849
92.91692,1,1650.198,994.3087,1620.961,992.1468
92.92673,1,1650.198,994.3087,1635.579,993.2277
92.94028,1,1666.136,995.7407,1650.858,994.4842
92.95123,1,1666.136,995.7407,1658.497,995.1124
92.96485,1,1666.136,995.7407,1662.316,995.4265
92.97701,1,1671.095,997.355,1666.706,996.3907
92.995,1,1671.095,997.355,1668.901,996.8729
93.00555,1,1670.981,997.8661,1669.941,997.3695
93.01102,1,1670.981,997.8661,1670.461,997.6178
93.02383,1,1670.981,997.8661,1670.721,997.7419
93.03509,1,1657.094,997.7841,1663.908,997.7631
93.04675,1,1657.094,997.7841,1660.501,997.7736
93.05762,1,1657.094,997.7841,1658.798,997.7788
93.06888,1,1615.249,1002.179,1637.023,999.9788
93.08016,1,1615.249,1002.179,1626.136,1001.079
93.09232,1,1592.986,1005.061,1609.561,1003.07
93.10455,1,1592.986,1005.061,1601.273,1004.065
93.11703,1,1592.986,1005.061,1597.13,1004.563
93.12635,1,1577.526,1007.016,1587.328,1005.79
93.13867,1,1577.526,1007.016,1582.427,1006.403
93.14897,1,1577.526,1007.016,1579.976,1006.71
93.16058,1,1558.969,1008.598,1569.473,1007.654
93.17142,1,1558.969,1008.598,1564.221,1008.126
93.18386,1,1538.313,1011.151,1551.267,1009.638
93.19287,1,1538.313,1011.151,1544.79,1010.395
93.20586,1,1538.313,1011.151,1541.552,1010.773
93.2196,1,1519.437,1012.513,1530.494,1011.643
93.2292,1,1519.437,1012.513,1524.966,1012.078
93.24189,1,1503.088,1013.826,1514.027,1012.952
93.25407,1,1503.088,1013.826,1508.557,1013.389
93.26723,1,1503.088,1013.826,1505.823,1013.607
93.27738,1,1489.183,1015.929,1497.503,1014.768
93.28883,1,1489.183,1015.929,1493.343,1015.349
93.30105,1,1478.617,1018.458,1485.98,1016.903
93.31084,1,1478.617,1018.458,1482.298,1017.68
93.32379,1,1478.617,1018.458,1480.458,1018.069
93.3341,1,1471.359,1019.384,1475.908,1018.727
93.34801,1,1471.359,1019.384,1473.634,1019.056
93.35913,1,1471.359,1019.384,1472.496,1019.22
93.37083,1,1361.875,965.1049,1417.186,992.1625
93.38425,1,1361.875,965.1049,1389.531,978.6337
93.39526,1,920.4108,669.5928,1154.971,824.1133
93.40814,1,920.4108,669.5928,1037.691,746.853
93.41918,1,920.4108,669.5928,979.0507,708.2229
93.42963,1,471.0911,330.2621,725.0709,519.2425
93.4428,1,471.0911,330.2621,598.0811,424.7523
93.45384,1,296.3997,193.3768,447.2404,309.0645
93.46523,1,296.3997,193.3768,371.82,251.2207
93.47701,1,296.3997,193.3768,334.1099,222.2988
93.48723,1,246.4797,155.9352,290.2948,189.117
93.49986,1,246.4797,155.9352,268.3872,172.5261
93.51046,1,246.4797,155.9352,257.4334,164.2307
93.52422,1,229.8015,148.5917,243.6175,156.4112
93.53709,1,229.8015,148.5917,236.7095,152.5014
93.5472,1,222.8736,145.7668,229.7915,149.1341
93.55988,1,222.8736,145.7668,226.3326,147.4505
93.571,1,222.8736,145.7668,224.6031,146.6086
93.58491,1,219.4182,143.5839,222.0106,145.0963
93.59466,1,219.4182,143.5839,220.7144,144.3401
93.60851,1,220.8057,146.1595,220.7601,145.2498
93.62025,1,220.8057,146.1595,220.7829,145.7047
93.62917,1,220.8057,146.1595,220.7943,145.9321
93.64246,1,220.8353,146.8591,220.8148,146.3956
93.65347,1,220.8353,146.8591,220.8251,146.6274
93.66563,1,287.2405,191.3978,254.0328,169.0126
93.67524,1,287.2405,191.3978,270.6366,180.2052
93.68883,1,287.2405,191.3978,278.9385,185.8015
93.70198,1,679.9395,477.7076,479.439,331.7546
93.71041,1,679.9395,477.7076,579.6893,404.7311
93.72342,1,1075.307,782.0011,827.4982,593.3661
93.73402,1,1075.307,782.0011,951.4026,687.6836
93.74551,1,1075.307,782.0011,1013.355,734.8423
93.76078,1,1230.453,903.1368,1121.904,818.9896
93.77028,1,1230.453,903.1368,1176.178,861.0632
93.78531,1,1279.823,939.9785,1228,900.5209
93.7971,1,1279.823,939.9785,1253.912,920.2497
93.80868,1,1279.823,939.9785,1266.867,930.1141
93.82224,1,1294.913,952.2816,1280.89,941.1979
93.83168,1,1294.913,952.2816,1287.902,946.7397
93.84399,1,1294.913,952.2816,1291.408,949.5107
93.85721,1,1302.909,957.8194,1297.158,953.665
93.8673,1,1302.909,957.8194,1300.033,955.7422
93.88005,1,1307.421,958.9789,1303.727,957.3605
93.89008,1,1307.421,958.9789,1305.574,958.1697
93.90327,1,1307.421,958.9789,1306.497,958.5743
93.91257,1,1308.824,955.986,1307.66,957.2802
93.9258,1,1308.824,955.986,1308.242,956.6331
93.93818,1,1307.513,954.8982,1307.878,955.7656
93.94752,1,1307.513,954.8982,1307.696,955.3319
93.95906,1,1307.513,954.8982,1307.604,955.1151
93.97086,1,1327.671,954.2249,1317.638,954.67
93.98301,1,1327.671,954.2249,1322.654,954.4474
93.99337,1,1327.671,954.2249,1325.163,954.3362
94.00634,1,1346.5,956.3848,1335.831,955.3605
94.01807,1,1346.5,956.3848,1341.166,955.8727
94.02879,1,1357.313,956.7847,1349.24,956.3287
94.04201,1,1357.313,956.7847,1353.276,956.5568
94.05333,1,1357.313,956.7847,1355.295,956.6708
94.06651,1,1363.747,955.3988,1359.521,956.0348
94.07664,1,1363.747,955.3988,1361.634,955.7168
94.0874,1,1367.38,954.4809,1364.507,955.0989
94.10033,1,1367.38,954.4809,1365.944,954.7899
94.11082,1,1367.38,954.4809,1366.662,954.6354
94.12399,1,1369.51,955.0569,1368.086,954.8461
94.13782,1,1369.51,955.0569,1368.798,954.9515
94.1461,1,1369.51,955.0569,1369.154,955.0042
94.15918,1,1370.467,954.9799,1369.81,954.9921
94.16958,1,1370.467,954.9799,1370.138,954.986
94.18144,1,1370.694,954.6374,1370.416,954.8116
94.19189,1,1370.694,954.6374,1370.555,954.7245
94.20559,1,1370.694,954.6374,1370.625,954.6809
94.21523,1,1370.376,954.6945,1370.5,954.6877
94.22808,1,1370.376,954.6945,1370.438,954.691
94.23817,1,1367.689,954.1729,1369.064,954.432
94.2493,1,1367.689,954.1729,1368.377,954.3025
94.2596,1,1367.689,954.1729,1368.033,954.2377
94.27036,1,1365.124,953.2076,1366.579,953.7227
94.28162,1,1365.124,953.2076,1365.851,953.4651
94.29334,1,1365.124,953.2076,1365.488,953.3363
94.30608,1,1363.973,952.6171,1364.73,952.9767
94.3186,1,1363.973,952.6171,1364.352,952.7969
94.32823,1,1362.284,951.8147,1363.318,952.3058
94.34266,1,1362.284,951.8147,1362.801,952.0602
94.35351,1,1362.284,951.8147,1362.542,951.9375
94.3651,1,1359.533,950.7966,1361.038,951.3671
94.37551,1,1359.533,950.7966,1360.286,951.0818
94.38828,1,1355.741,949.6638,1358.013,950.3728
94.39869,1,1355.741,949.6638,1356.877,950.0183
94.40962,1,1355.741,949.6638,1356.309,949.8411
94.42354,1,1351.801,948.6019,1354.055,949.2214
94.43539,1,1351.801,948.6019,1352.928,948.9116
94.44719,1,1351.801,948.6019,1352.365,948.7567
94.45887,1,1347.948,947.4075,1350.156,948.0822
94.46915,1,1347.948,947.4075,1349.052,947.7449
94.48167,1,1344.69,946.0583,1346.871,946.9016
94.49403,1,1344.69,946.0583,1345.781,946.48
94.50653,1,1344.69,946.0583,1345.235,946.2692
94.51846,1,1341.287,944.475,1343.261,945.3721
94.52833,1,1341.287,944.475,1342.274,944.9235
94.53992,1,1337.287,942.1913,1339.781,943.5574
94.55202,1,1337.287,942.1913,1338.534,942.8743
94.56341,1,1337.287,942.1913,1337.91,942.5328
94.57474,1,1334.092,940.8182,1336.001,941.6755
94.58681,1,1334.092,940.8182,1335.046,941.2469
94.59713,1,1334.092,940.8182,1334.569,941.0326
94.60774,1,1330.735,939.0532,1332.652,940.0428
94.62014,1,1330.735,939.0532,1331.693,939.548
94.63409,1,1328.076,937.8882,1329.885,938.7181
94.64336,1,1328.076,937.8882,1328.98,938.3032
94.65669,1,1328.076,937.8882,1328.528,938.0957
94.66787,1,1325.683,936.8049,1327.105,937.4503
94.67959,1,1325.683,936.8049,1326.394,937.1276
94.69061,1,1322.915,935.4746,1324.654,936.3011
94.70071,1,1322.915,935.4746,1323.785,935.8879
94.71172,1,1322.915,935.4746,1323.35,935.6813
94.72363,1,1320.958,933.6757,1322.154,934.6785
94.73503,1,1320.958,933.6757,1321.556,934.1771
94.7452,1,1320.958,933.6757,1321.257,933.9264
94.75414,1,1318.658,931.6816,1319.958,932.804
94.77135,1,1318.658,931.6816,1319.308,932.2428
94.78152,1,1316.568,929.9364,1317.938,931.0896
94.79253,1,1316.568,929.9364,1317.253,930.513
94.80515,1,1316.568,929.9364,1316.91,930.2247
94.81231,1,1314.02,927.9552,1315.465,929.09
94.82563,1,1314.02,927.9552,1314.743,928.5226
94.83736,1,1314.02,927.9552,1314.381,928.2389
94.84754,1,1311.458,925.7047,1312.92,926.9718
94.85956,1,1311.458,925.7047,1312.189,926.3383
94.8709,1,1311.458,925.7047,1311.823,926.0215
94.88407,1,1309.509,923.5555,1310.666,924.7885
94.89368,1,1309.509,923.5555,1310.088,924.172
94.90921,1,1308.255,921.3605,1309.172,922.7662
94.9202,1,1308.255,921.3605,1308.713,922.0634
94.92925,1,1308.255,921.3605,1308.484,921.7119
94.94135,1,1306.24,918.8044,1307.362,920.2582
94.95193,1,1306.24,918.8044,1306.801,919.5313
94.96524,1,1304.734,916.3551,1305.767,917.9432
94.97459,1,1304.734,916.3551,1305.25,917.1492
94.98882,1,1304.734,916.3551,1304.992,916.7521
94.99856,1,1303.253,913.8205,1304.123,915.2863
95.00902,1,1303.253,913.8205,1303.688,914.5534
95.02313,1,1300.95,910.7441,1302.319,912.6487
95.03477,1,1300.95,910.7441,1301.634,911.6964
95.04776,1,1300.95,910.7441,1301.292,911.2202
95.05963,1,1298.226,907.2693,1299.759,909.2448
95.07138,1,1298.226,907.2693,1298.992,908.257
95.08212,1,1298.226,907.2693,1298.609,907.7632
95.09434,1,1295.298,904.3297,1296.953,906.0464
95.10614,1,1295.298,904.3297,1296.126,905.188
95.1187,1,1292.977,901.0317,1294.551,903.1099
95.12758,1,1292.977,901.0317,1293.764,902.0708
95.14022,1,1292.977,901.0317,1293.37,901.5513
95.15228,1,1290.919,898.8079,1292.145,900.1796
95.16664,1,1290.919,898.8079,1291.532,899.4938
95.17509,1,1289.095,897.1398,1290.313,898.3168
95.18793,1,1289.095,897.1398,1289.704,897.7283
95.19778,1,1289.095,897.1398,1289.4,897.4341
95.21017,1,1288.205,895.8426,1288.802,896.6383
95.22193,1,1288.205,895.8426,1288.504,896.2405
95.23342,1,1288.205,895.8426,1288.355,896.0415
95.24554,1,1287.108,893.5522,1287.731,894.7969
95.25507,1,1287.108,893.5522,1287.42,894.1746
95.27065,1,1285.659,891.5558,1286.539,892.8652
95.27898,1,1285.659,891.5558,1286.099,892.2104
95.29282,1,1285.659,891.5558,1285.879,891.8831
95.30599,1,1283.97,889.373,1284.925,890.6281
95.31509,1,1283.97,889.373,1284.448,890.0005
95.3286,1,1281.647,886.4433,1283.047,888.2219
95.33998,1,1281.647,886.4433,1282.347,887.3326
95.35165,1,1281.647,886.4433,1281.997,886.8879
95.36395,1,1279.88,883.4528,1280.939,885.1704
95.37416,1,1279.88,883.4528,1280.41,884.3116
95.38825,1,1277.979,881.5676,1279.195,882.9396
95.39897,1,1277.979,881.5676,1278.587,882.2535
95.40974,1,1277.979,881.5676,1278.283,881.9105
95.422,1,1276.288,879.6946,1277.286,880.8026
95.43145,1,1276.288,879.6946,1276.787,880.2487
95.44465,1,1276.288,879.6946,1276.537,879.9717
95.4544,1,1273.659,877.8306,1275.098,878.9011
95.46868,1,1273.659,877.8306,1274.378,878.3658
95.47918,1,1271.138,876.2915,1272.758,877.3287
95.48906,1,1271.138,876.2915,1271.948,876.8101
95.50214,1,1271.138,876.2915,1271.543,876.5508
95.51144,1,1268.993,874.7481,1270.268,875.6494
95.52383,1,1268.993,874.7481,1269.631,875.1987
95.53489,1,1268.993,874.7481,1269.312,874.9734
95.54712,1,1266.913,873.464,1268.112,874.2187
95.55884,1,1266.913,873.464,1267.513,873.8413
95.57005,1,1264.718,872.1622,1266.115,873.0018
95.58427,1,1264.718,872.1622,1265.417,872.582
95.59459,1,1264.718,872.1622,1265.067,872.3721
95.60522,1,1262.992,871.4332,1264.029,871.9026
95.61875,1,1262.992,871.4332,1263.51,871.6679
95.62649,1,1261.66,870.8375,1262.585,871.2527
95.64106,1,1261.66,870.8375,1262.123,871.045
95.65198,1,1261.66,870.8375,1261.891,870.9413
95.66551,1,1260.555,870.1279,1261.223,870.5345
95.67763,1,1260.555,870.1279,1260.889,870.3312
95.68762,1,1258.955,869.2023,1259.922,869.7667
95.70273,1,1258.955,869.2023,1259.438,869.4845
95.71319,1,1258.955,869.2023,1259.197,869.3434
95.72692,1,1257.771,868.0549,1258.484,868.6992
95.73901,1,1257.771,868.0549,1258.128,868.3771
95.75105,1,1255.443,866.8446,1256.786,867.6108
95.76313,1,1255.443,866.8446,1256.115,867.2277
95.77341,1,1255.443,866.8446,1255.779,867.0361
95.78661,1,1253.386,865.1985,1254.583,866.1173
95.79822,1,1253.386,865.1985,1253.984,865.658
95.80732,1,1253.386,865.1985,1253.685,865.4282
95.82104,1,1251.486,863.7426,1252.586,864.5854
95.8317,1,1251.486,863.7426,1252.036,864.1641
95.84808,1,1249.946,861.9188,1250.991,863.0414
95.85751,1,1249.946,861.9188,1250.469,862.4801
95.86884,1,1247.129,860.4011,1248.799,861.4406
95.88027,1,1247.129,860.4011,1247.964,860.9209
95.89169,1,1247.129,860.4011,1247.547,860.661
95.90473,1,1244.729,859.1885,1246.138,859.9248
95.91538,1,1244.729,859.1885,1245.434,859.5566
95.92805,1,1244.729,859.1885,1245.082,859.3726
95.94061,1,1243.857,857.2715,1244.469,858.322
95.95334,1,1243.857,857.2715,1244.163,857.7968
95.96487,1,1248.861,855.2563,1246.512,856.5265
95.97427,1,1248.861,855.2563,1247.687,855.8914
95.98779,1,1248.861,855.2563,1248.274,855.5739
95.99921,1,1254.462,852.7113,1251.368,854.1426
96.00842,1,1254.462,852.7113,1252.915,853.4269
96.0223,1,1260.09,849.5241,1256.502,851.4755
96.03017,1,1260.09,849.5241,1258.296,850.4998
96.04494,1,1260.09,849.5241,1259.193,850.012
96.05759,1,1265.586,846.2732,1262.39,848.1426
96.06938,1,1265.586,846.2732,1263.988,847.2079
96.08183,1,1270.676,842.92,1267.332,845.064
96.09176,1,1270.676,842.92,1269.004,843.9919
96.10544,1,1270.676,842.92,1269.84,843.4559
96.11688,1,1275.252,838.9105,1272.546,841.1832
96.12687,1,1275.252,838.9105,1273.899,840.0469
96.13984,1,1279.637,835.7315,1276.768,837.8892
96.14925,1,1279.637,835.7315,1278.202,836.8103
96.16259,1,1279.637,835.7315,1278.92,836.2709
96.17312,1,1283.758,832.2892,1281.339,834.28
96.1862,1,1283.758,832.2892,1282.549,833.2846
96.19804,1,1283.758,832.2892,1283.153,832.7869
96.20876,1,1287.847,829.486,1285.5,831.1365
96.22306,1,1287.847,829.486,1286.674,830.3113
96.2339,1,1290.332,825.3061,1288.503,827.8087
96.24444,1,1290.332,825.3061,1289.417,826.5574
96.25528,1,1290.332,825.3061,1289.875,825.9318
96.26794,1,1292.319,821.6361,1291.097,823.7839
96.2792,1,1292.319,821.6361,1291.708,822.71
96.29117,1,1294.253,818.0028,1292.98,820.3564
96.3039,1,1294.253,818.0028,1293.616,819.1796
96.31364,1,1294.253,818.0028,1293.935,818.5912
96.32588,1,1295.719,814.8361,1294.827,816.7136
96.33765,1,1295.719,814.8361,1295.273,815.7748
96.34731,1,1295.719,814.8361,1295.496,815.3054
96.36041,1,1307.582,744.0661,1301.539,779.6858
96.37113,1,1307.582,744.0661,1304.56,761.876
96.38303,1,1319.134,476.3598,1311.847,619.1179
96.39442,1,1319.134,476.3598,1315.491,547.7388
96.40786,1,1319.134,476.3598,1317.312,512.0493
96.41982,1,1319.121,270.3563,1318.217,391.2028
96.43011,1,1319.121,270.3563,1318.669,330.7796
96.44082,1,1319.121,270.3563,1318.895,300.5679
96.45256,1,1318.666,184.0868,1318.781,242.3273
96.46468,1,1318.666,184.0868,1318.723,213.2071
96.47552,1,1316.833,147.9946,1317.778,180.6008
96.4894,1,1316.833,147.9946,1317.306,164.2977
96.4987,1,1316.833,147.9946,1317.07,156.1462
96.5099,1,1317.127,139.3412,1317.098,147.7437
96.52324,1,1317.127,139.3412,1317.113,143.5424
96.53413,1,1317.334,135.0703,1317.224,139.3064
96.54614,1,1317.334,135.0703,1317.279,137.1884
96.55765,1,1317.334,135.0703,1317.307,136.1293
96.56886,1,1317.202,130.5662,1317.254,133.3478
96.58114,1,1317.202,130.5662,1317.228,131.957
96.59072,1,1317.202,130.5662,1317.215,131.2616
96.60527,1,1320.32,188.1086,1318.767,159.6851
96.61459,1,1320.32,188.1086,1319.543,173.8969
96.62905,1,1319.161,259.387,1319.352,216.6419
96.64231,1,1319.161,259.387,1319.257,238.0145
96.65404,1,1312.962,419.0409,1316.109,328.5277
96.66859,1,1312.962,419.0409,1314.535,373.7843
96.68311,1,1312.962,419.0409,1313.749,396.4126
96.68938,1,1326.008,631.0206,1319.878,513.7166
96.70296,1,1326.008,631.0206,1322.943,572.3685
96.71318,1,1326.008,631.0206,1324.475,601.6946
96.72961,1,1337.184,767.9897,1330.83,684.8422
96.74009,1,1337.184,767.9897,1334.007,726.416
96.75063,1,1345.527,821.8796,1339.767,774.1478
96.76247,1,1345.527,821.8796,1342.647,798.0137
96.77312,1,1345.527,821.8796,1344.087,809.9467
96.78688,1,1353.087,847.0044,1348.587,828.4755
96.79889,1,1353.087,847.0044,1350.837,837.74
96.80916,1,1357.795,855.5519,1354.316,846.6459
96.82527,1,1357.795,855.5519,1356.056,851.0989
96.83829,1,1362.214,858.9739,1359.135,855.0364
96.84926,1,1362.214,858.9739,1360.675,857.0051
96.85837,1,1362.214,858.9739,1361.445,857.9895
96.86997,1,1366.097,859.001,1363.771,858.4952
96.88899,1,1366.097,859.001,1364.934,858.7481
96.8979,1,1365.755,851.9555,1365.345,855.3518
96.90762,1,1365.755,851.9555,1365.55,853.6537
96.92083,1,1365.755,851.9555,1365.653,852.8046
96.93363,1,1359.412,838.1208,1362.532,845.4627
96.94462,1,1359.412,838.1208,1360.972,841.7917
96.95486,1,1359.412,838.1208,1360.192,839.9563
96.96824,1,1354.801,827.75,1357.496,833.8531
96.97969,1,1354.801,827.75,1356.148,830.8016
96.99222,1,1352.97,822.2965,1354.559,826.5491
97.00515,1,1352.97,822.2965,1353.765,824.4228
97.01557,1,1352.97,822.2965,1353.367,823.3596
97.02827,1,1352.318,819.6338,1352.843,821.4967
97.03951,1,1352.318,819.6338,1352.58,820.5652
97.0516,1,1351.303,815.5525,1351.942,818.0588
97.07307,1,1351.303,815.5525,1351.623,816.8057
97.08105,1,1349.576,809.876,1350.599,813.3408
97.08871,1,1349.576,809.876,1350.088,811.6084
97.10192,1,1349.576,809.876,1349.832,810.7422
97.11318,1,1348.048,802.3755,1348.94,806.5588
97.12572,1,1348.048,802.3755,1348.494,804.4672
97.13746,1,1346.78,794.3284,1347.637,799.3978
97.14801,1,1346.78,794.3284,1347.208,796.863
97.16156,1,1346.78,794.3284,1346.994,795.5957
97.17159,1,1345.302,788.6358,1346.148,792.1157
97.18564,1,1345.302,788.6358,1345.725,790.3757
97.19526,1,1345.302,788.6358,1345.513,789.5057
97.20783,1,1344.321,784.1634,1344.917,786.8346
97.22088,1,1344.321,784.1634,1344.619,785.499
97.23077,1,1343.584,779.2506,1344.102,782.3748
97.24384,1,1343.584,779.2506,1343.843,780.8127
97.25508,1,1343.584,779.2506,1343.714,780.0317
97.26662,1,1342.404,775.8405,1343.059,777.9361
97.27782,1,1342.404,775.8405,1342.731,776.8883
97.28863,1,1341.442,773.4481,1342.087,775.1682
97.30084,1,1341.442,773.4481,1341.764,774.3082
97.3114,1,1341.442,773.4481,1341.603,773.8782
97.32508,1,1340.245,777.0596,1340.924,775.4689
97.33705,1,1340.245,777.0596,1340.585,776.2642
97.34558,1,1340.245,777.0596,1340.415,776.6619
97.35889,1,1339.445,779.0508,1339.93,777.8563
97.37054,1,1339.445,779.0508,1339.687,778.4536
97.38391,1,1339.04,780.6344,1339.364,779.544
97.39463,1,1339.04,780.6344,1339.202,780.0892
97.40659,1,1339.04,780.6344,1339.121,780.3618
97.41576,1,1338.259,782.2087,1338.69,781.2853
97.43063,1,1338.259,782.2087,1338.475,781.747
97.44223,1,1336.698,784.348,1337.586,783.0475
97.45389,1,1336.698,784.348,1337.142,783.6978
97.46606,1,1336.698,784.348,1336.92,784.0228
97.47765,1,1335.575,786.8589,1336.247,785.4409
97.48833,1,1335.575,786.8589,1335.911,786.1499
97.5022,1,1334.111,789.5211,1335.011,787.8355
97.51254,1,1334.111,789.5211,1334.561,788.6783
97.5251,1,1334.111,789.5211,1334.336,789.0997
97.53835,1,1332.441,791.532,1333.388,790.3159
97.54803,1,1332.441,791.532,1332.915,790.924
97.56058,1,1330.131,793.8074,1331.523,792.3657
97.57178,1,1330.131,793.8074,1330.827,793.0865
97.58517,1,1330.131,793.8074,1330.479,793.447
97.59481,1,1328.185,795.3221,1329.332,794.3845
97.60709,1,1328.185,795.3221,1328.759,794.8533
97.61763,1,1328.185,795.3221,1328.472,795.0878
97.62932,1,1327.403,797.3988,1327.938,796.2433
97.64153,1,1327.403,797.3988,1327.67,796.821
97.65297,1,1327.056,799.8835,1327.363,798.3523
97.66404,1,1327.056,799.8835,1327.21,799.1179
97.67577,1,1327.056,799.8835,1327.133,799.5007
97.68873,1,1326.251,801.746,1326.692,800.6234
97.69955,1,1326.251,801.746,1326.471,801.1847
97.70991,1,1326.251,801.746,1326.361,801.4653
97.72226,1,1326.215,803.6216,1326.288,802.5435
97.73199,1,1326.215,803.6216,1326.251,803.0825
97.74448,1,1325.677,805.6827,1325.964,804.3826
97.75481,1,1325.677,805.6827,1325.821,805.0327
97.76663,1,1325.677,805.6827,1325.749,805.3577
97.77779,1,1324.444,807.0699,1325.096,806.2138
97.78887,1,1324.444,807.0699,1324.77,806.6418
97.79969,1,1324.444,807.0699,1324.607,806.8558
97.81446,1,1323.575,807.8284,1324.091,807.3422
97.82662,1,1323.575,807.8284,1323.833,807.5853
97.83884,1,1322.531,808.741,1323.182,808.1631
97.84757,1,1322.531,808.741,1322.856,808.452
97.86192,1,1321.396,809.6229,1322.126,809.0375
97.87192,1,1321.396,809.6229,1321.761,809.3302
97.88381,1,1321.396,809.6229,1321.579,809.4766
97.89512,1,1319.849,809.9634,1320.714,809.72
97.90685,1,1319.849,809.9634,1320.281,809.8417
97.91814,1,1319.849,809.9634,1320.065,809.9026
97.92942,1,1317.914,810.2506,1318.99,810.0766
97.94159,1,1317.914,810.2506,1318.452,810.1636
97.952,1,1317.914,810.2506,1318.183,810.2071
97.96415,1,1316.557,810.9706,1317.37,810.5889
97.97465,1,1316.557,810.9706,1316.963,810.7798
97.98753,1,1314.7,811.9743,1315.831,811.3771
97.99937,1,1314.7,811.9743,1315.266,811.6757
98.00898,1,1314.7,811.9743,1314.983,811.825
98.02148,1,1313.031,812.8761,1314.007,812.3505
98.0312,1,1313.031,812.8761,1313.519,812.6133
98.0467,1,1311.254,813.8193,1312.386,813.2163
98.05845,1,1311.254,813.8193,1311.82,813.5178
98.06992,1,1311.254,813.8193,1311.537,813.6686
98.08257,1,1309.529,815.2397,1310.533,814.4542
98.09257,1,1309.529,815.2397,1310.031,814.8469
98.10699,1,1307.946,816.9824,1308.989,815.9147
98.11796,1,1307.946,816.9824,1308.468,816.4485
98.12975,1,1307.946,816.9824,1308.207,816.7155
98.14269,1,1305.571,818.5317,1306.889,817.6236
98.1548,1,1305.571,818.5317,1306.23,818.0776
98.16679,1,1303.718,821.0949,1304.974,819.5863
98.1776,1,1303.718,821.0949,1304.346,820.3406
98.18937,1,1303.718,821.0949,1304.032,820.7178
98.20241,1,1301.994,824.3508,1303.013,822.5343
98.21143,1,1301.994,824.3508,1302.503,823.4425
98.22478,1,1300.257,826.774,1301.38,825.1083
98.23524,1,1300.257,826.774,1300.818,825.9412
98.24715,1,1300.257,826.774,1300.538,826.3576
98.25922,1,1297.732,828.8053,1299.135,827.5814
98.2709,1,1297.732,828.8053,1298.433,828.1934
98.28223,1,1297.732,828.8053,1298.082,828.4993
98.29361,1,1295.606,830.5626,1296.844,829.531
98.3076,1,1295.606,830.5626,1296.225,830.0468
98.31931,1,1293.434,832.977,1294.829,831.5119
98.3281,1,1293.434,832.977,1294.132,832.2444
98.34199,1,1293.434,832.977,1293.783,832.6107
98.35273,1,1290.221,834.6152,1292.002,833.613
98.36408,1,1290.221,834.6152,1291.111,834.1141
98.37402,1,1290.221,834.6152,1290.666,834.3647
98.38737,1,1288.065,836.7876,1289.365,835.5762
98.39882,1,1288.065,836.7876,1288.715,836.1819
98.40963,1,1285.914,839.6431,1287.314,837.9125
98.4232,1,1285.914,839.6431,1286.614,838.7778
98.43414,1,1285.914,839.6431,1286.264,839.2104
98.4472,1,1283.425,844.9092,1284.844,842.0598
98.45892,1,1283.425,844.9092,1284.134,843.4845
98.47075,1,1281.816,851.8513,1282.975,847.6679
98.48495,1,1281.816,851.8513,1282.395,849.7596
98.49454,1,1281.816,851.8513,1282.105,850.8055
98.50673,1,1279.028,858.8534,1280.567,854.8295
98.51942,1,1279.028,858.8534,1279.798,856.8414
98.52972,1,1276.897,864.1785,1278.347,860.51
98.54141,1,1276.897,864.1785,1277.622,862.3442
98.55336,1,1276.897,864.1785,1277.259,863.2614
98.56448,1,1274.802,867.8372,1276.031,865.5493
98.57561,1,1274.802,867.8372,1275.417,866.6932
98.58894,1,1272.702,871.7543,1274.059,869.2238
98.59914,1,1272.702,871.7543,1273.381,870.489
98.61028,1,1272.702,871.7543,1273.042,871.1217
98.62331,1,1270.292,875.2098,1271.667,873.1658
98.63463,1,1270.292,875.2098,1270.979,874.1878
98.64748,1,1268.382,876.9798,1269.681,875.5838
98.65917,1,1268.382,876.9798,1269.031,876.2818
98.67164,1,1268.382,876.9798,1268.706,876.6308
98.68482,1,1266.479,878.0394,1267.593,877.3351
98.69471,1,1266.479,878.0394,1267.036,877.6873
98.70795,1,1264.763,880.1366,1265.899,878.9119
98.72169,1,1264.763,880.1366,1265.331,879.5243
98.7297,1,1264.763,880.1366,1265.047,879.8304
98.74302,1,1263.786,881.6665,1264.417,880.7485
98.75507,1,1263.786,881.6665,1264.101,881.2075
98.76877,1,1262.232,882.3553,1263.167,881.7814
98.78053,1,1262.232,882.3553,1262.699,882.0684
98.79076,1,1262.232,882.3553,1262.465,882.2119
98.80376,1,1260.936,883.1906,1261.701,882.7012
98.81301,1,1260.936,883.1906,1261.318,882.9459
98.82533,1,1260.936,883.1906,1261.127,883.0682
98.83929,1,1259.852,884.5316,1260.49,883.7999
98.8489,1,1259.852,884.5316,1260.171,884.1658
98.86146,1,1259.078,886.7583,1259.625,885.462
98.87212,1,1259.078,886.7583,1259.351,886.1102
98.8843,1,1259.078,886.7583,1259.215,886.4342
98.89565,1,1258.228,888.7974,1258.721,887.6158
98.90807,1,1258.228,888.7974,1258.475,888.2067
98.92025,1,1258.086,890.1481,1258.28,889.1774
98.92923,1,1258.086,890.1481,1258.183,889.6627
98.94221,1,1258.086,890.1481,1258.135,889.9054
98.95505,1,1260.438,891.9374,1259.286,890.9214
98.96671,1,1260.438,891.9374,1259.862,891.4294
98.9796,1,1263.28,894.4363,1261.571,892.9329
98.98978,1,1263.28,894.4363,1262.425,893.6846
99.00407,1,1263.28,894.4363,1262.852,894.0604
99.01401,1,1265.528,896.4226,1264.19,895.2415
99.02705,1,1265.528,896.4226,1264.859,895.832
99.04041,1,1268.439,898.4813,1266.649,897.1566
99.05056,1,1268.439,898.4813,1267.544,897.819
99.06336,1,1268.439,898.4813,1267.992,898.1501
99.07405,1,1271.078,899.9394,1269.535,899.0448
99.08652,1,1271.078,899.9394,1270.306,899.4921
99.09798,1,1271.078,899.9394,1270.692,899.7157
99.10889,1,1273.539,900.8907,1272.115,900.3032
99.12186,1,1273.539,900.8907,1272.827,900.5969
99.13388,1,1275.837,902.2927,1274.332,901.4448
99.1516,1,1275.837,902.2927,1275.084,901.8688
99.15982,1,1275.837,902.2927,1275.46,902.0807
99.17098,1,1278.006,903.3229,1276.733,902.7018
99.18276,1,1278.006,903.3229,1277.37,903.0123
99.19205,1,1279.792,904.7368,1278.581,903.8745
99.20493,1,1279.792,904.7368,1279.187,904.3057
99.21426,1,1279.792,904.7368,1279.489,904.5212
99.22816,1,1281.302,905.8188,1280.396,905.17
99.23874,1,1281.302,905.8188,1280.849,905.4944
99.24942,1,1281.302,905.8188,1281.076,905.6566
99.26058,1,1282.833,906.3843,1281.954,906.0204
99.2711,1,1282.833,906.3843,1282.394,906.2024
99.28723,1,1278.479,903.4194,1280.436,904.8109
99.2946,1,1278.479,903.4194,1279.458,904.1152
99.30749,1,1278.479,903.4194,1278.968,903.7673
99.3194,1,1263.196,894.7047,1271.082,899.236
99.33099,1,1263.196,894.7047,1267.139,896.9703
99.34392,1,1240.852,882.5864,1253.995,889.7783
99.3558,1,1240.852,882.5864,1247.424,886.1824
99.36903,1,1240.852,882.5864,1244.138,884.3844
99.38106,1,1218.293,869.9304,1231.215,877.1573
99.38999,1,1218.293,869.9304,1224.754,873.5438
99.40372,1,1195.448,858.1156,1210.101,865.8297
99.41413,1,1195.448,858.1156,1202.774,861.9727
99.42691,1,1195.448,858.1156,1199.111,860.0441
99.44003,1,1060.63,741.1423,1129.871,800.5932
99.45105,1,1060.63,741.1423,1095.25,770.8677
99.46303,1,893.4853,590.3997,994.3679,680.6337
99.47336,1,893.4853,590.3997,943.9266,635.5167
99.48614,1,893.4853,590.3997,918.7059,612.9583
99.49725,1,804.4239,512.6255,861.5649,562.7919
99.50751,1,804.4239,512.6255,832.9944,537.7087
99.52053,1,804.4239,512.6255,818.7091,525.1671
99.53181,1,765.3601,478.5966,792.0346,501.8818
99.54496,1,765.3601,478.5966,778.6974,490.2392
99.55731,1,746.5579,460.896,762.6276,475.5676
99.56763,1,746.5579,460.896,754.5928,468.2318
99.58089,1,746.5579,460.896,750.5753,464.5638
99.59139,1,736.7381,455.8355,743.6567,460.1997
99.60441,1,736.7381,455.8355,740.1974,458.0176
99.61552,1,712.9405,467.4178,726.569,462.7177
99.62769,1,712.9405,467.4178,719.7548,465.0677
99.64007,1,712.9405,467.4178,716.3477,466.2428
99.64938,1,698.9268,480.5482,707.6372,473.3954
99.664,1,698.9268,480.5482,703.282,476.9718
99.67511,1,691.9615,489.7165,697.6217,483.3442
99.68825,1,691.9615,489.7165,694.7916,486.5303
99.70106,1,691.9615,489.7165,693.3766,488.1234
99.71231,1,687.2589,496.5503,690.3177,492.3369
99.72419,1,687.2589,496.5503,688.7883,494.4436
99.73523,1,746.9758,535.1934,717.8821,514.8185
99.74717,1,746.9758,535.1934,732.429,525.0059
99.75861,1,746.9758,535.1934,739.7024,530.0996
99.77029,1,984.3308,707.8122,862.0166,618.9559
99.78236,1,984.3308,707.8122,923.1737,663.384
99.79311,1,984.3308,707.8122,953.7523,685.5981
99.80659,1,1175.011,857.1862,1064.382,771.3922
99.81837,1,1175.011,857.1862,1119.696,814.2892
99.82811,1,1267.201,926.9843,1193.448,870.6367
99.84125,1,1267.201,926.9843,1230.325,898.8105
99.8534,1,1267.201,926.9843,1248.763,912.8975
99.86525,1,1310.778,956.7166,1279.771,934.807
99.87724,1,1310.778,956.7166,1295.274,945.7618
99.88813,1,1330.224,970.5967,1312.749,958.1792
99.90141,1,1330.224,970.5967,1321.487,964.3879
99.91245,1,1330.224,970.5967,1325.855,967.4923
99.92474,1,1339.013,978.8097,1332.434,973.151
99.93732,1,1339.013,978.8097,1335.723,975.9803
99.94694,1,1346.565,983.8456,1341.144,979.913
99.9586,1,1346.565,983.8456,1343.855,981.8793
99.97018,1,1346.565,983.8456,1345.21,982.8624
99.9813,1,1350.541,987.2183,1347.876,985.0403
99.99345,1,1350.541,987.2183,1349.208,986.1293
100.0069,1,1354.599,991.2021,1351.904,988.6656
100.0142,1,1354.599,991.2021,1353.251,989.9338
100.0275,1,1354.599,991.2021,1353.925,990.568
100.0403,1,1358.861,995.8622,1356.393,993.2151
100.0521,1,1358.861,995.8622,1357.627,994.5387
100.07,1,1361.363,1000.376,1359.495,997.4573
100.0761,1,1361.363,1000.376,1360.429,998.9166
100.0907,1,1361.363,1000.376,1360.896,999.6462
100.1053,1,1362.927,1001.793,1361.911,1000.719
100.1139,1,1362.927,1001.793,1362.419,1001.256
100.1243,1,1362.927,1001.793,1362.673,1001.524
100.1352,1,1363.493,1001.69,1363.083,1001.607
100.1497,1,1363.493,1001.69,1363.288,1001.649
100.1626,1,1363.894,1002.011,1363.591,1001.83
100.1693,1,1363.894,1002.011,1363.742,1001.92
100.1826,1,1363.894,1002.011,1363.818,1001.965
100.1936,1,1364.171,1001.724,1363.994,1001.845
100.2074,1,1364.171,1001.724,1364.083,1001.784
100.2172,1,1364.171,1001.724,1364.127,1001.754
100.2268,1,1364.062,1001.866,1364.094,1001.81
100.2416,1,1364.062,1001.866,1364.078,1001.838
100.2524,1,1364.161,1001.868,1364.12,1001.853
100.2619,1,1364.161,1001.868,1364.14,1001.861
100.2725,1,1364.161,1001.868,1364.151,1001.864
100.2852,1,1364.231,1002.34,1364.191,1002.102
100.2946,1,1364.231,1002.34,1364.211,1002.221
100.3074,1,1364.231,1002.34,1364.221,1002.28
100.319,1,1365.058,1002.579,1364.639,1002.43
100.3289,1,1365.058,1002.579,1364.849,1002.504
100.3419,1,1365.797,1002.28,1365.323,1002.392
100.353,1,1365.797,1002.28,1365.56,1002.336
100.3681,1,1365.797,1002.28,1365.678,1002.308
100.3776,1,1366.291,1002.674,1365.985,1002.491
100.3877,1,1366.291,1002.674,1366.138,1002.583
100.4,1,1367.129,1003.945,1366.633,1003.264
100.4091,1,1367.129,1003.945,1366.881,1003.604
100.4217,1,1367.129,1003.945,1367.005,1003.774
100.4327,1,1368.134,1004.503,1367.569,1004.139
100.4441,1,1368.134,1004.503,1367.852,1004.321
100.4548,1,1368.134,1004.503,1367.993,1004.412
100.4683,1,1368.677,1005.326,1368.335,1004.869
100.4791,1,1368.677,1005.326,1368.506,1005.097
100.491,1,1369.377,1005.943,1368.941,1005.52
100.5029,1,1369.377,1005.943,1369.159,1005.731
100.5134,1,1369.377,1005.943,1369.268,1005.837
100.5276,1,1370.334,1006.661,1369.801,1006.249
100.5394,1,1370.334,1006.661,1370.068,1006.455
100.551,1,1371.324,1007.249,1370.696,1006.852
100.5629,1,1371.324,1007.249,1371.01,1007.05
100.5736,1,1371.324,1007.249,1371.167,1007.149
100.5867,1,1372.038,1008.004,1371.602,1007.577
100.5977,1,1372.038,1008.004,1371.82,1007.79
100.6087,1,1372.038,1008.004,1371.929,1007.897
100.6214,1,1372.717,1008.261,1372.323,1008.079
100.632,1,1372.717,1008.261,1372.52,1008.17
100.6437,1,1373.416,1009.107,1372.968,1008.639
100.6555,1,1373.416,1009.107,1373.192,1008.873
100.6677,1,1373.416,1009.107,1373.304,1008.99
100.6789,1,1374.414,1009.32,1373.859,1009.155
100.6909,1,1374.414,1009.32,1374.136,1009.238
100.7044,1,1375.354,1009.532,1374.745,1009.385
100.7138,1,1375.354,1009.532,1375.05,1009.458
100.7263,1,1375.354,1009.532,1375.202,1009.495
100.7376,1,1375.985,1009.391,1375.594,1009.443
100.7494,1,1375.985,1009.391,1375.79,1009.417
100.7609,1,1375.985,1009.391,1375.887,1009.404
100.7721,1,1376.723,1009.051,1376.305,1009.227
100.7839,1,1376.723,1009.051,1376.514,1009.139
100.7941,1,1377.282,1008.195,1376.898,1008.667
100.8073,1,1377.282,1008.195,1377.09,1008.431
100.8188,1,1377.282,1008.195,1377.186,1008.313
100.8286,1,1377.877,1007.311,1377.532,1007.812
100.8411,1,1377.877,1007.311,1377.705,1007.561
100.8523,1,1377.877,1007.311,1377.791,1007.436
100.8641,1,1378.913,1005.882,1378.352,1006.659
100.8748,1,1378.913,1005.882,1378.633,1006.27
100.8876,1,1380.169,1004.008,1379.401,1005.139
100.8998,1,1380.169,1004.008,1379.785,1004.573
100.9101,1,1380.169,1004.008,1379.977,1004.291
100.9225,1,1381.178,1001.812,1380.578,1003.051
100.9336,1,1381.178,1001.812,1380.878,1002.431
100.9448,1,1382.276,999.4631,1381.577,1000.947
100.9575,1,1382.276,999.4631,1381.927,1000.205
100.9681,1,1382.276,999.4631,1382.101,999.8342
100.9805,1,1383.985,996.5078,1383.043,998.171
100.9905,1,1383.985,996.5078,1383.514,997.3394
101.0037,1,1386.095,994.8649,1384.804,996.1022
101.0137,1,1386.095,994.8649,1385.449,995.4835
101.0262,1,1386.095,994.8649,1385.772,995.1742
101.039,1,1388.107,992.6965,1386.939,993.9354
101.0499,1,1388.107,992.6965,1387.523,993.3159
101.0605,1,1388.107,992.6965,1387.815,993.0062
101.0723,1,1390.616,990.8964,1389.216,991.9513
101.0851,1,1390.616,990.8964,1389.916,991.4238
101.097,1,1393.163,989.6786,1391.54,990.5513
101.1068,1,1393.163,989.6786,1392.351,990.115
101.1196,1,1393.163,989.6786,1392.757,989.8969
101.1313,1,1396.018,987.9868,1394.388,988.9418
101.1437,1,1396.018,987.9868,1395.203,988.4644
101.1549,1,1398.665,986.2639,1396.934,987.3641
101.1706,1,1398.665,986.2639,1397.799,986.814
101.1802,1,1398.665,986.2639,1398.232,986.5389
101.1894,1,1400.985,984.6122,1399.609,985.5756
101.2023,1,1400.985,984.6122,1400.297,985.0939
101.2122,1,1400.985,984.6122,1400.641,984.853
101.2245,1,1403.96,983.46,1402.301,984.1565
101.2355,1,1403.96,983.46,1403.13,983.8082
101.2474,1,1407.35,982.9344,1405.24,983.3713
101.2595,1,1407.35,982.9344,1406.295,983.1529
101.2697,1,1407.35,982.9344,1406.823,983.0437
101.2821,1,1410.526,983.0026,1408.674,983.0231
101.2933,1,1410.526,983.0026,1409.6,983.0128
101.3067,1,1412.792,982.7499,1411.196,982.8813
101.3189,1,1412.792,982.7499,1411.994,982.8157
101.3288,1,1412.792,982.7499,1412.393,982.7828
101.3417,1,1415.599,981.6906,1413.996,982.2367
101.353,1,1415.599,981.6906,1414.798,981.9636
101.3649,1,1415.599,981.6906,1415.199,981.8271
101.3756,1,1418.275,980.7358,1416.737,981.2814
101.3891,1,1418.275,980.7358,1417.506,981.0086
101.4011,1,1421.293,979.1908,1419.4,980.0997
101.412,1,1421.293,979.1908,1420.346,979.6453
101.425,1,1421.293,979.1908,1420.82,979.418
101.4374,1,1425.121,977.9789,1422.97,978.6985
101.4473,1,1425.121,977.9789,1424.046,978.3387
101.4595,1,1429.242,977.5702,1426.644,977.9545
101.47,1,1429.242,977.5702,1427.943,977.7623
101.4824,1,1429.242,977.5702,1428.592,977.6663
101.4924,1,1433.855,976.7411,1431.224,977.2037
101.5075,1,1433.855,976.7411,1432.539,976.9724
101.5212,1,1438.313,975.5224,1435.426,976.2474
101.5272,1,1438.313,975.5224,1436.87,975.8849
101.5404,1,1438.313,975.5224,1437.591,975.7036
101.551,1,1441.712,974.1038,1439.652,974.9037
101.5631,1,1441.712,974.1038,1440.682,974.5038
101.5754,1,1441.712,974.1038,1441.197,974.3038
101.5911,1,1446.262,972.468,1443.729,973.3859
101.6049,1,1446.262,972.468,1444.996,972.9269
101.6113,1,1450.008,971.6725,1447.502,972.2997
101.6233,1,1450.008,971.6725,1448.755,971.9861
101.6346,1,1450.008,971.6725,1449.381,971.8293
101.6466,1,1454.098,970.9761,1451.74,971.4027
101.6586,1,1454.098,970.9761,1452.919,971.1894
101.6691,1,1459.102,968.8875,1456.01,970.0385
101.6804,1,1459.102,968.8875,1457.556,969.463
101.6906,1,1459.102,968.8875,1458.329,969.1753
101.7045,1,1464.684,966.6679,1461.507,967.9216
101.7139,1,1464.684,966.6679,1463.095,967.2948
101.7268,1,1464.684,966.6679,1463.89,966.9813
101.7391,1,1468.771,964.1019,1466.331,965.5416
101.748,1,1468.771,964.1019,1467.551,964.8218
101.762,1,1473.34,961.7298,1470.445,963.2758
101.7737,1,1473.34,961.7298,1471.893,962.5028
101.7871,1,1473.34,961.7298,1472.616,962.1163
101.7969,1,1478.179,958.4595,1475.397,960.288
101.8079,1,1478.179,958.4595,1476.788,959.3738
101.8207,1,1482.969,955.8011,1479.879,957.5875
101.8304,1,1482.969,955.8011,1481.424,956.6943
101.8441,1,1482.969,955.8011,1482.197,956.2477
101.8548,1,1487.644,954.4388,1484.92,955.3433
101.8685,1,1487.644,954.4388,1486.282,954.891
101.8775,1,1487.644,954.4388,1486.963,954.6649
101.8882,1,1503.524,952.8633,1495.244,953.7641
101.9016,1,1503.524,952.8633,1499.384,953.3137
101.9108,1,1523.7,951.762,1511.542,952.5378
101.9232,1,1523.7,951.762,1517.621,952.1499
101.934,1,1523.7,951.762,1520.66,951.9559
101.9471,1,1540.539,951.2411,1530.599,951.5985
101.9584,1,1540.539,951.2411,1535.569,951.4198
101.9688,1,1540.539,951.2411,1538.054,951.3304
101.9807,1,1554.083,951.9966,1546.069,951.6635
101.9922,1,1554.083,951.9966,1550.076,951.8301
102.0062,1,1563.836,952.4416,1556.956,952.1359
102.0144,1,1563.836,952.4416,1560.396,952.2887
102.027,1,1563.836,952.4416,1562.116,952.3651
102.04,1,1572.31,952.6867,1567.213,952.5259
102.0511,1,1572.31,952.6867,1569.762,952.6063
102.0621,1,1579.306,953.1772,1574.534,952.8918
102.0735,1,1579.306,953.1772,1576.92,953.0345
102.0875,1,1579.306,953.1772,1578.113,953.1059
102.0972,1,1585.567,954.5793,1581.84,953.8426
102.1081,1,1585.567,954.5793,1583.703,954.2109
102.1212,1,1590.095,955.3492,1586.899,954.7801
102.1294,1,1590.095,955.3492,1588.497,955.0647
102.1428,1,1590.095,955.3492,1589.296,955.207
102.153,1,1573.766,945.3992,1581.531,950.3031
102.1653,1,1573.766,945.3992,1577.649,947.8511
102.1779,1,1573.766,945.3992,1575.708,946.6251
102.1869,1,1390.355,836.1815,1483.031,891.4033
102.2023,1,1390.355,836.1815,1436.693,863.7924
102.21,1,1390.355,836.1815,1413.524,849.9869
102.2239,1,829.8926,462.1559,1121.708,656.0714
102.2348,1,829.8926,462.1559,975.8005,559.1136
102.2464,1,436.2807,207.4974,706.0406,383.3055
102.2595,1,436.2807,207.4974,571.1607,295.4015
102.2702,1,436.2807,207.4974,503.7207,251.4495
102.2828,1,311.7544,112.5145,407.7375,181.982
102.293,1,311.7544,112.5145,359.746,147.2483
102.3054,1,265.7614,89.24272,312.7537,118.2455
102.3177,1,265.7614,89.24272,289.2575,103.7441
102.3273,1,265.7614,89.24272,277.5095,96.49342
102.3405,1,253.3573,83.79254,265.4333,90.14297
102.3504,1,253.3573,83.79254,259.3953,86.96776
102.3618,1,253.3573,83.79254,256.3763,85.38015
102.3725,1,248.4288,81.22816,252.4025,83.30415
102.3877,1,248.4288,81.22816,250.4156,82.26616
102.3983,1,296.3918,111.6472,273.4037,96.95667
102.4098,1,296.3918,111.6472,284.8978,104.3019
102.423,1,402.5989,179.3822,343.7483,141.8421
102.4334,1,402.5989,179.3822,373.1736,160.6122
102.4453,1,402.5989,179.3822,387.8862,169.9972
102.4569,1,1002.468,568.2631,695.1769,369.1301
102.4676,1,1002.468,568.2631,848.8222,468.6966
102.48,1,1002.468,568.2631,925.6449,518.4799
102.4911,1,1431.113,839.909,1178.379,679.1945
102.5036,1,1431.113,839.909,1304.746,759.5518
102.5136,1,1572.649,929.2025,1438.698,844.3771
102.5246,1,1572.649,929.2025,1505.674,886.7898
102.535,1,1572.649,929.2025,1539.161,907.9961
102.5466,1,1614.559,956.7198,1576.86,932.3579
102.5583,1,1614.559,956.7198,1595.71,944.5388
102.5796,1,1626.579,966.9996,1611.144,955.7692
102.5856,1,1626.579,966.9996,1618.861,961.3844
102.5975,1,1626.579,966.9996,1622.72,964.192
102.6086,1,1630.447,972.0386,1626.584,968.1153
102.6216,1,1630.447,972.0386,1628.515,970.0769
102.6327,1,1630.447,972.0386,1629.481,971.0577
102.6443,1,1630.992,970.0176,1630.237,970.5377
102.6556,1,1630.992,970.0176,1630.615,970.2776
102.6692,1,1628.601,972.9224,1629.608,971.6
102.6799,1,1628.601,972.9224,1629.105,972.2612
102.691,1,1628.601,972.9224,1628.853,972.5918
102.7035,1,1638.906,986.7629,1633.88,979.6774
102.7137,1,1638.906,986.7629,1636.393,983.2202
102.7262,1,1649.956,999.6,1643.175,991.4101
102.7373,1,1649.956,999.6,1646.565,995.5051
102.7486,1,1649.956,999.6,1648.26,997.5526
102.7601,1,1656.968,1007.72,1652.614,1002.636
102.7713,1,1656.968,1007.72,1654.791,1005.178
102.7836,1,1656.968,1007.72,1655.88,1006.449
102.795,1,1663.021,1012.989,1659.45,1009.719
102.8067,1,1663.021,1012.989,1661.235,1011.354
102.8189,1,1667.05,1016.519,1664.142,1013.936
102.8271,1,1667.05,1016.519,1665.596,1015.227
102.8398,1,1667.05,1016.519,1666.323,1015.873
102.8509,1,1669.375,1018.343,1667.849,1017.108
102.8633,1,1669.375,1018.343,1668.612,1017.725
102.8735,1,1669.375,1018.343,1668.993,1018.034
102.8856,1,1669.012,1019.492,1669.003,1018.763
102.8958,1,1669.012,1019.492,1669.007,1019.127
102.9084,1,1668.014,1020.784,1668.511,1019.956
102.9221,1,1668.014,1020.784,1668.262,1020.37
102.9313,1,1668.014,1020.784,1668.138,1020.577
102.9432,1,1664.806,1016.594,1666.472,1018.586
102.9554,1,1664.806,1016.594,1665.639,1017.59
102.9693,1,1662.454,1013.586,1664.047,1015.588
102.9795,1,1662.454,1013.586,1663.25,1014.587
102.9904,1,1662.454,1013.586,1662.852,1014.086
103.0041,1,1660.87,1012.266,1661.861,1013.176
103.0136,1,1660.87,1012.266,1661.365,1012.721
103.0278,1,1660.051,1011.163,1660.708,1011.942
103.04,1,1660.051,1011.163,1660.379,1011.552
103.0529,1,1660.051,1011.163,1660.215,1011.358
103.0683,1,1658.472,1009.738,1659.343,1010.548
103.0783,1,1658.472,1009.738,1658.907,1010.143
103.0859,1,1658.472,1009.738,1658.689,1009.941
103.0997,1,1656.699,1007.785,1657.694,1008.863
103.1089,1,1656.699,1007.785,1657.197,1008.324
103.1217,1,1654.208,1005.296,1655.702,1006.81
103.1343,1,1654.208,1005.296,1654.955,1006.053
103.1499,1,1651.698,1003.212,1653.326,1004.633
103.1796,1,1649.283,1001.674,1651.305,1003.153
103.1878,1,1649.283,1001.674,1650.294,1002.413
103.1944,1,1649.283,1001.674,1649.789,1002.044
103.2091,1,1647.272,1000.383,1648.531,1001.213
103.2223,1,1647.272,1000.383,1647.901,1000.798
103.2328,1,1647.272,1000.383,1647.587,1000.59
103.2442,1,1645.317,998.6996,1646.452,999.6449
103.2551,1,1645.317,998.6996,1645.885,999.1722
103.2675,1,1645.317,998.6996,1645.601,998.9359
103.278,1,1643.407,997.3582,1644.504,998.147
103.2895,1,1643.407,997.3582,1643.955,997.7526
103.3026,1,1641.696,995.7312,1642.826,996.7419
103.3137,1,1641.696,995.7312,1642.261,996.2366
103.3271,1,1641.696,995.7312,1641.978,995.9839
103.3397,1,1642.843,994.2355,1642.411,995.1097
103.3506,1,1642.843,994.2355,1642.627,994.6726
103.3631,1,1644.626,993.1566,1643.626,993.9146
103.3737,1,1644.626,993.1566,1644.126,993.5356
103.3848,1,1644.626,993.1566,1644.376,993.3461
103.3946,1,1645.656,992.4612,1645.016,992.9037
103.4074,1,1645.656,992.4612,1645.336,992.6824
103.4189,1,1645.656,992.4612,1645.496,992.5718
103.4297,1,1646.748,990.8817,1646.122,991.7267
103.4422,1,1646.748,990.8817,1646.435,991.3042
103.4535,1,1600.552,988.9377,1623.493,990.121
103.4663,1,1600.552,988.9377,1612.022,989.5294
103.4749,1,1600.552,988.9377,1606.287,989.2335
103.4884,1,1314.733,995.7234,1460.51,992.4785
103.502,1,1314.733,995.7234,1387.621,994.101
103.5095,1,1314.733,995.7234,1351.177,994.9122
103.5248,1,923.8646,1004.133,1137.521,999.5224
103.5378,1,923.8646,1004.133,1030.693,1001.828
103.5465,1,716.577,1006.93,873.6348,1004.379
103.5599,1,716.577,1006.93,795.106,1005.654
103.5711,1,716.577,1006.93,755.8415,1006.292
103.5838,1,622.2698,1006.763,689.0557,1006.528
103.5926,1,622.2698,1006.763,655.6627,1006.646
103.6066,1,583.7227,1009.074,619.6927,1007.86
103.6175,1,583.7227,1009.074,601.7078,1008.467
103.6268,1,583.7227,1009.074,592.7152,1008.771
103.6394,1,562.5862,1010.666,577.6507,1009.718
103.6507,1,562.5862,1010.666,570.1184,1010.192
103.6629,1,553.3275,1012.221,561.7229,1011.207
103.6738,1,553.3275,1012.221,557.5251,1011.714
103.686,1,553.3275,1012.221,555.4263,1011.968
103.6975,1,548.5807,1025.974,552.0035,1018.971
103.7087,1,548.5807,1025.974,550.2921,1022.472
103.7207,1,548.5807,1025.974,549.4364,1024.223
103.7324,1,555.08,1041.088,552.2582,1032.655
103.7441,1,555.08,1041.088,553.6691,1036.871
103.7548,1,637.9787,1038.344,595.8239,1037.608
103.7675,1,637.9787,1038.344,616.9012,1037.976
103.7783,1,637.9787,1038.344,627.4399,1038.16
103.7891,1,975.3971,1014.617,801.4185,1026.388
103.8018,1,975.3971,1014.617,888.4078,1020.503
103.8118,1,975.3971,1014.617,931.9025,1017.56
103.8236,1,1324.651,986.5557,1128.277,1002.058
103.8344,1,1324.651,986.5557,1226.464,994.3066
103.8458,1,1502.651,973.0831,1364.557,983.6949
103.8585,1,1502.651,973.0831,1433.604,978.389
103.8738,1,1575.516,969.0168,1504.56,973.7029
103.8832,1,1575.516,969.0168,1540.038,971.3599
103.8937,1,1575.516,969.0168,1557.777,970.1884
103.9091,1,1607.024,963.9117,1582.401,967.05
103.921,1,1607.024,963.9117,1594.713,965.4809
103.9292,1,1607.024,963.9117,1600.869,964.6963
103.9434,1,1620.528,964.6671,1610.698,964.6817
103.9574,1,1620.528,964.6671,1615.613,964.6744
103.9644,1,1623.695,966.1641,1619.654,965.4193
103.9747,1,1623.695,966.1641,1621.674,965.7916
103.9882,1,1623.695,966.1641,1622.684,965.9778
103.9989,1,1627.166,963.6138,1624.925,964.7958
104.0099,1,1627.166,963.6138,1626.046,964.2048
104.0217,1,1627.166,963.6138,1626.606,963.9093
104.0318,1,1629.777,963.3825,1628.192,963.6459
104.0442,1,1629.777,963.3825,1628.985,963.5142
104.0555,1,1630.958,962.8276,1629.971,963.1709
104.0695,1,1630.958,962.8276,1630.465,962.9993
104.0794,1,1630.958,962.8276,1630.712,962.9135
104.0911,1,1627.517,960.8078,1629.114,961.8606
104.1031,1,1627.517,960.8078,1628.315,961.3342
104.1123,1,1627.517,960.8078,1627.916,961.071
104.1248,1,1625.649,959.4604,1626.783,960.2657
104.1371,1,1625.649,959.4604,1626.216,959.8631
104.1464,1,1623.86,959.0767,1625.038,959.4699
104.1588,1,1623.86,959.0767,1624.449,959.2733
104.1688,1,1623.86,959.0767,1624.154,959.175
104.1807,1,1622.605,957.6445,1623.38,958.4098
104.1907,1,1622.605,957.6445,1622.992,958.0271
104.2062,1,1620.561,956.3855,1621.776,957.2063
104.2193,1,1620.561,956.3855,1621.168,956.7959
104.227,1,1620.561,956.3855,1620.865,956.5907
104.2548,1,1618.323,955.587,1619.594,956.0889
104.264,1,1618.323,955.587,1618.959,955.838
104.2703,1,1616.262,953.9086,1617.611,954.8733
104.2832,1,1616.262,953.9086,1616.937,954.391
104.2934,1,1616.262,953.9086,1616.599,954.1498
104.3064,1,1614.177,952.6425,1615.388,953.3961
104.3183,1,1614.177,952.6425,1614.783,953.0193
104.3287,1,1611.812,951.3816,1613.297,952.2004
104.3414,1,1611.812,951.3816,1612.554,951.791
104.3528,1,1611.812,951.3816,1612.183,951.5863
104.3657,1,1609.258,949.2311,1610.721,950.4087
104.3777,1,1609.258,949.2311,1609.99,949.8199
104.3893,1,1606.505,946.5003,1608.247,948.1601
104.4017,1,1606.505,946.5003,1607.376,947.3302
104.4118,1,1606.505,946.5003,1606.941,946.9153
104.4248,1,1603.141,944.9055,1605.041,945.9104
104.437,1,1603.141,944.9055,1604.091,945.408
104.4468,1,1603.141,944.9055,1603.616,945.1567
104.458,1,1599.321,942.9386,1601.469,944.0477
104.4698,1,1599.321,942.9386,1600.395,943.4932
104.4821,1,1596.54,940.9081,1598.467,942.2007
104.4941,1,1596.54,940.9081,1597.503,941.5544
104.5069,1,1596.54,940.9081,1597.021,941.2313
104.5188,1,1594.346,938.1028,1595.684,939.6671
104.5281,1,1594.346,938.1028,1595.015,938.885
104.5404,1,1594.346,938.1028,1594.68,938.4939
104.552,1,1592.037,935.2964,1593.359,936.8951
104.5631,1,1592.037,935.2964,1592.698,936.0958
104.5741,1,1589.997,932.2832,1591.347,934.1895
104.5865,1,1589.997,932.2832,1590.672,933.2363
104.5971,1,1589.997,932.2832,1590.334,932.7598
104.6083,1,1587.652,930.0635,1588.993,931.4116
104.6216,1,1587.652,930.0635,1588.322,930.7375
104.6307,1,1587.652,930.0635,1587.987,930.4005
104.6432,1,1585.271,927.4507,1586.629,928.9257
104.6541,1,1585.271,927.4507,1585.95,928.1882
104.6652,1,1582.249,924.6732,1584.1,926.4307
104.6783,1,1582.249,924.6732,1583.175,925.552
104.6877,1,1582.249,924.6732,1582.712,925.1126
104.701,1,1580.023,922.589,1581.367,923.8508
104.711,1,1580.023,922.589,1580.695,923.2199
104.7237,1,1577.841,920.7454,1579.268,921.9827
104.7353,1,1577.841,920.7454,1578.554,921.364
104.7498,1,1575.418,917.9708,1576.986,919.6674
104.7611,1,1575.418,917.9708,1576.202,918.8191
104.771,1,1575.418,917.9708,1575.81,918.395
104.7842,1,1572.685,915.3751,1574.247,916.885
104.794,1,1572.685,915.3751,1573.466,916.1301
104.8072,1,1572.685,915.3751,1573.076,915.7526
104.8182,1,1569.92,912.1522,1571.498,913.9524
104.8286,1,1569.92,912.1522,1570.709,913.0523
104.8421,1,1567.079,909.0111,1568.894,911.0317
104.8526,1,1567.079,909.0111,1567.987,910.0214
104.8645,1,1567.079,909.0111,1567.533,909.5162
104.8751,1,1565.332,906.7898,1566.433,908.153
104.8871,1,1565.332,906.7898,1565.882,907.4714
104.8984,1,1565.332,906.7898,1565.607,907.1306
104.9085,1,1564.471,905.7144,1565.039,906.4225
104.9211,1,1564.471,905.7144,1564.755,906.0685
104.9301,1,1564.471,905.7144,1564.613,905.8915
104.9445,1,1563.705,903.9422,1564.159,904.9169
104.9552,1,1563.705,903.9422,1563.932,904.4296
104.9679,1,1562.203,901.9156,1563.068,903.1726
104.9783,1,1562.203,901.9156,1562.635,902.5441
104.989,1,1562.203,901.9156,1562.419,902.2299
105.0029,1,1561.007,899.7976,1561.713,901.0137
105.0249,1,1559.438,897.8558,1560.575,899.4348
105.031,1,1559.438,897.8558,1560.007,898.6453
105.0393,1,1559.438,897.8558,1559.722,898.2505
105.0498,1,1559.438,897.8558,1559.58,898.0531
105.0622,1,1558.218,895.8347,1558.899,896.9439
105.0714,1,1558.218,895.8347,1558.559,896.3893
105.0864,1,1557.762,894.1416,1558.16,895.2654
105.0942,1,1557.762,894.1416,1557.961,894.7035
105.1073,1,1557.762,894.1416,1557.862,894.4225
105.1203,1,1556.855,892.4003,1557.358,893.4114
105.1285,1,1556.855,892.4003,1557.107,892.9058
105.1415,1,1556.855,892.4003,1556.981,892.6531
105.1527,1,1555.119,891.1061,1556.05,891.8796
105.1683,1,1555.119,891.1061,1555.585,891.4928
105.1816,1,1552.58,888.8322,1554.082,890.1625
105.189,1,1552.58,888.8322,1553.331,889.4973
105.2009,1,1552.58,888.8322,1552.956,889.1647
105.2113,1,1549.727,886.1777,1551.341,887.6713
105.2228,1,1549.727,886.1777,1550.534,886.9245
105.2343,1,1547.684,883.7125,1549.109,885.3185
105.2464,1,1547.684,883.7125,1548.397,884.5155
105.2577,1,1547.684,883.7125,1548.041,884.114
105.2699,1,1545.845,881.2478,1546.943,882.6809
105.2797,1,1545.845,881.2478,1546.394,881.9644
105.2936,1,1544.654,878.8974,1545.524,880.4309
105.3076,1,1544.654,878.8974,1545.089,879.6642
105.322,1,1544.654,878.8974,1544.872,879.2808
105.3346,1,1542.749,875.8392,1543.811,877.5599
105.3424,1,1542.749,875.8392,1543.28,876.6996
105.3555,1,1540.91,873.5135,1542.095,875.1066
105.3652,1,1540.91,873.5135,1541.502,874.3101
105.3783,1,1540.91,873.5135,1541.206,873.9117
105.3891,1,1539.734,871.2734,1540.47,872.5926
105.4046,1,1539.734,871.2734,1540.102,871.933
105.413,1,1539.734,871.2734,1539.918,871.6032
105.4237,1,1537.318,869.0768,1538.618,870.34
105.4377,1,1537.318,869.0768,1537.968,869.7084
105.4475,1,1535.487,866.6859,1536.728,868.1971
105.4592,1,1535.487,866.6859,1536.108,867.4415
105.4713,1,1535.487,866.6859,1535.798,867.0637
105.4923,1,1534.601,864.8045,1535.199,865.9341
105.4985,1,1534.601,864.8045,1534.9,865.3693
105.5078,1,1533.74,862.6927,1534.32,864.031
105.5211,1,1533.74,862.6927,1534.03,863.3618
105.5333,1,1533.74,862.6927,1533.885,863.0272
105.5409,1,1532.574,861.3455,1533.23,862.1863
105.5536,1,1532.574,861.3455,1532.902,861.7659
105.5656,1,1532.723,859.9483,1532.813,860.8571
105.5755,1,1532.723,859.9483,1532.768,860.4027
105.5894,1,1532.723,859.9483,1532.746,860.1755
105.5991,1,1532.472,858.4752,1532.609,859.3254
105.6117,1,1532.472,858.4752,1532.541,858.9003
105.6237,1,1532.472,858.4752,1532.506,858.6877
105.6332,1,1532.56,857.4666,1532.533,858.0771
105.6462,1,1532.56,857.4666,1532.547,857.7719
105.6544,1,1532.56,857.4666,1532.554,857.6192
105.67,1,1532.609,856.3317,1532.581,856.9755
105.6812,1,1532.609,856.3317,1532.595,856.6536
105.6916,1,1529.226,853.5162,1530.911,855.0848
105.7044,1,1529.226,853.5162,1530.068,854.3005
105.7113,1,1529.226,853.5162,1529.647,853.9083
105.7264,1,1422.977,793.8327,1476.312,823.8705
105.7381,1,1422.977,793.8327,1449.645,808.8516
105.7481,1,942.4468,505.9422,1196.046,657.3969
105.76,1,942.4468,505.9422,1069.246,581.6696
105.7699,1,942.4468,505.9422,1005.847,543.8059
105.7852,1,523.6956,253.6236,764.7711,398.7147
105.7959,1,523.6956,253.6236,644.2334,326.1691
105.8077,1,372.4841,165.1739,508.3588,245.6715
105.8297,1,372.4841,165.1739,440.4214,205.4227
105.8346,1,372.4841,165.1739,406.4528,185.2983
105.8463,1,323.8844,138.0888,365.1686,161.6935
105.857,1,323.8844,138.0888,344.5265,149.8911
105.8665,1,307.7109,130.4182,326.1187,140.1547
105.8813,1,307.7109,130.4182,316.9148,135.2864
105.8914,1,307.7109,130.4182,312.3128,132.8523
105.9039,1,294.7577,130.0047,303.5353,131.4285
105.915,1,294.7577,130.0047,299.1465,130.7166
105.9275,1,294.7577,130.0047,296.9521,130.3606
105.9434,1,288.2563,133.9217,292.6042,132.1411
105.9501,1,288.2563,133.9217,290.4302,133.0314
105.9626,1,289.1934,133.8111,289.8118,133.4212
105.9731,1,289.1934,133.8111,289.5026,133.6162
105.9859,1,289.1934,133.8111,289.348,133.7136
105.9978,1,285.4587,134.6706,287.4034,134.1921
106.0081,1,285.4587,134.6706,286.431,134.4314
106.0209,1,269.692,141.1845,278.0615,137.808
106.0314,1,269.692,141.1845,273.8767,139.4962
106.0425,1,269.692,141.1845,271.7843,140.3404
106.0545,1,257.4905,148.1527,264.6374,144.2466
106.0669,1,257.4905,148.1527,261.0639,146.1996
106.0794,1,257.4905,148.1527,259.2772,147.1761
106.0913,1,250.5238,155.4482,254.9005,151.3122
106.105,1,250.5238,155.4482,252.7122,153.3802
106.113,1,250.5238,155.4482,251.618,154.4142
106.1279,1,248.8299,159.7308,250.2239,157.0725
106.14,1,341.0413,217.9058,295.6326,187.4891
106.1546,1,341.0413,217.9058,318.337,202.6975
106.1652,1,341.0413,217.9058,329.6891,210.3016
106.1787,1,938.7268,584.632,634.208,397.4668
106.1908,1,938.7268,584.632,786.4674,491.0494
106.2034,1,1372.344,844.2302,1079.406,667.6398
106.2132,1,1372.344,844.2302,1225.875,755.935
106.2262,1,1372.344,844.2302,1299.109,800.0826
106.2382,1,1524.954,932.9607,1412.031,866.5217
106.2479,1,1524.954,932.9607,1468.492,899.7412
106.2612,1,1573.206,958.4772,1520.849,929.1093
106.274,1,1573.206,958.4772,1547.027,943.7932
106.2863,1,1573.206,958.4772,1560.117,951.1353
106.2943,1,1586.216,971.301,1573.166,961.2181
106.3072,1,1586.216,971.301,1579.691,966.2595
106.3187,1,1586.216,971.301,1582.953,968.7803
106.3265,1,1589.887,976.0076,1586.42,972.3939
106.3388,1,1589.887,976.0076,1588.154,974.2007
106.3505,1,1595.973,977.3427,1592.064,975.7717
106.3635,1,1595.973,977.3427,1594.019,976.5572
106.3728,1,1595.973,977.3427,1594.996,976.95
106.3862,1,1598.88,979.1547,1596.938,978.0524
106.3984,1,1598.88,979.1547,1597.909,978.6035
106.4096,1,1598.88,979.1547,1598.394,978.8792
106.4227,1,1599.734,979.1891,1599.064,979.0342
106.4356,1,1599.734,979.1891,1599.399,979.1117
106.4462,1,1571.974,973.8766,1585.687,976.4941
106.458,1,1571.974,973.8766,1578.83,975.1854
106.4686,1,1571.974,973.8766,1575.402,974.531
106.48,1,1496.175,954.0618,1535.788,964.2964
106.4912,1,1496.175,954.0618,1515.981,959.1791
106.5037,1,1137.95,855.914,1326.966,907.5465
106.5158,1,1137.95,855.914,1232.458,881.7302
106.5255,1,1137.95,855.914,1185.204,868.8221
106.5375,1,756.9337,773.7464,971.069,821.2843
106.5475,1,756.9337,773.7464,864.0013,797.5154
106.561,1,756.9337,773.7464,810.4675,785.6309
106.572,1,567.8862,730.4061,689.1769,758.0185
106.5858,1,567.8862,730.4061,628.5316,744.2123
106.5952,1,483.5732,709.9968,556.0524,727.1045
106.6087,1,483.5732,709.9968,519.8127,718.5507
106.6214,1,483.5732,709.9968,501.693,714.2737
106.6325,1,446.6994,699.4848,474.1962,706.8793
106.6462,1,446.6994,699.4848,460.4478,703.182
106.6571,1,425.7887,691.0878,443.1183,697.1349
106.6676,1,425.7887,691.0878,434.4535,694.1113
106.6792,1,425.7887,691.0878,430.1211,692.5996
106.6896,1,419.6089,688.4316,424.865,690.5156
106.7125,1,428.429,697.5068,426.647,694.0112
106.7186,1,428.429,697.5068,427.538,695.759
106.7256,1,428.429,697.5068,427.9835,696.6329
106.7397,1,428.429,697.5068,428.2063,697.0698
106.7507,1,434.1404,696.788,431.1733,696.929
106.7622,1,434.1404,696.788,432.6569,696.8585
106.7723,1,437.1099,703.973,434.8834,700.4158
106.785,1,437.1099,703.973,435.9966,702.1944
106.7943,1,437.1099,703.973,436.5533,703.0837
106.8074,1,438.0409,700.2098,437.2971,701.6468
106.8191,1,438.0409,700.2098,437.6689,700.9283
106.8303,1,438.0409,700.2098,437.8549,700.5691
106.8426,1,490.85,714.9702,464.3525,707.7697
106.8529,1,490.85,714.9702,477.6013,711.3699
106.8644,1,919.119,833.7853,698.3601,772.5776
106.8771,1,919.119,833.7853,808.7395,803.1815
106.8874,1,919.119,833.7853,863.9292,818.4834
106.8998,1,1332.307,951.8383,1098.118,885.1608
106.9096,1,1332.307,951.8383,1215.213,918.4995
106.9345,1,1516.158,1000.727,1365.685,959.6132
106.9414,1,1516.158,1000.727,1440.922,980.1699
106.9508,1,1516.158,1000.727,1478.54,990.4484
106.9614,1,1591.038,1022.895,1534.789,1006.672
106.9705,1,1591.038,1022.895,1562.914,1014.783
106.9834,1,1591.038,1022.895,1576.976,1018.839
106.9973,1,1620.807,1030.681,1598.892,1024.76
107.0097,1,1620.807,1030.681,1609.849,1027.721
107.0216,1,1634.452,1035.111,1622.151,1031.416
107.0346,1,1634.452,1035.111,1628.302,1033.263
107.0475,1,1639.231,1036.825,1633.766,1035.044
107.0543,1,1639.231,1036.825,1636.499,1035.935
107.0682,1,1639.231,1036.825,1637.865,1036.38
107.0758,1,1642.365,1038.931,1640.115,1037.656
107.0886,1,1642.365,1038.931,1641.24,1038.293
107.1007,1,1642.365,1038.931,1641.803,1038.612
107.1109,1,1637.149,1032.834,1639.476,1035.723
107.1235,1,1637.149,1032.834,1638.312,1034.278
107.1369,1,1631.797,1027.393,1635.054,1030.835
107.1478,1,1631.797,1027.393,1633.426,1029.114
107.158,1,1631.797,1027.393,1632.611,1028.253
107.1712,1,1628.67,1021.496,1630.64,1024.875
107.1847,1,1628.67,1021.496,1629.655,1023.186
107.1929,1,1628.67,1021.496,1629.162,1022.341
107.2064,1,1625.851,1017.339,1627.507,1019.84
107.2189,1,1625.851,1017.339,1626.679,1018.59
107.2284,1,1624.017,1013.596,1625.348,1016.093
107.2413,1,1624.017,1013.596,1624.683,1014.844
107.2529,1,1624.017,1013.596,1624.35,1014.22
107.2666,1,1622.28,1010.622,1623.315,1012.421
107.2772,1,1622.28,1010.622,1622.797,1011.522
107.2884,1,1620.859,1007.806,1621.828,1009.664
107.301,1,1620.859,1007.806,1621.344,1008.735
107.3103,1,1620.859,1007.806,1621.101,1008.27
107.3232,1,1619.383,1005.156,1620.242,1006.713
107.3344,1,1619.383,1005.156,1619.812,1005.934
107.347,1,1617.502,1003.004,1618.657,1004.469
107.3574,1,1617.502,1003.004,1618.079,1003.736
107.3682,1,1617.502,1003.004,1617.791,1003.37
107.3796,1,1615.765,1000.347,1616.778,1001.858
107.3914,1,1615.765,1000.347,1616.271,1001.102
107.4028,1,1615.765,1000.347,1616.018,1000.724
107.4128,1,1613.678,996.7541,1614.848,998.7393
107.4248,1,1613.678,996.7541,1614.263,997.7467
107.4378,1,1610.354,993.4823,1612.309,995.6145
107.4466,1,1610.354,993.4823,1611.332,994.5484
107.4593,1,1610.354,993.4823,1610.843,994.0154
107.4703,1,1606.801,989.9444,1608.822,991.9799
107.4855,1,1606.801,989.9444,1607.812,990.9622
107.4933,1,1606.801,989.9444,1607.306,990.4532
107.5059,1,1604.898,986.9599,1606.102,988.7065
107.5182,1,1604.898,986.9599,1605.5,987.8333
107.5288,1,1602.849,984.2141,1604.174,986.0237
107.5425,1,1602.849,984.2141,1603.511,985.1189
107.5536,1,1602.849,984.2141,1603.18,984.6665
107.5667,1,1601.064,981.5445,1602.122,983.1055
107.5757,1,1601.064,981.5445,1601.593,982.325
107.589,1,1599.423,978.9757,1600.508,980.6503
107.6012,1,1599.423,978.9757,1599.966,979.813
107.6114,1,1599.423,978.9757,1599.694,979.3943
107.623,1,1596.959,976.0957,1598.327,977.745
107.6339,1,1596.959,976.0957,1597.643,976.9203
107.6456,1,1596.959,976.0957,1597.301,976.5081
107.6592,1,1595.346,973.3748,1596.323,974.9414
107.6706,1,1595.346,973.3748,1595.835,974.1581
107.6835,1,1592.587,970.5527,1594.211,972.3554
107.694,1,1592.587,970.5527,1593.399,971.4541
107.7066,1,1592.587,970.5527,1592.993,971.0034
107.7201,1,1589.723,968.9498,1591.358,969.9766
107.7293,1,1589.723,968.9498,1590.541,969.4633
107.7415,1,1587.694,967.8489,1589.117,968.6561
107.7526,1,1587.694,967.8489,1588.406,968.2526
107.7647,1,1587.694,967.8489,1588.05,968.0508
107.777,1,1585.685,966.1655,1586.868,967.1082
107.7882,1,1585.685,966.1655,1586.276,966.6368
107.8019,1,1584.317,965.2587,1585.297,965.9478
107.8116,1,1584.317,965.2587,1584.807,965.6033
107.8238,1,1584.317,965.2587,1584.562,965.431
107.8344,1,1582.925,964.4872,1583.743,964.9591
107.8465,1,1582.925,964.4872,1583.334,964.7231
107.8581,1,1582.925,964.4872,1583.129,964.6052
107.869,1,1581.243,963.3318,1582.186,963.9685
107.8802,1,1581.243,963.3318,1581.715,963.6501
107.8908,1,1579.232,960.808,1580.473,962.2291
107.9071,1,1579.232,960.808,1579.852,961.5186
107.9195,1,1579.232,960.808,1579.542,961.1633
107.9298,1,1577.71,959.5229,1578.626,960.3431
107.9422,1,1577.71,959.5229,1578.168,959.933
107.9525,1,1576.105,958.7265,1577.136,959.3297
107.9658,1,1576.105,958.7265,1576.621,959.0281
107.9752,1,1576.105,958.7265,1576.363,958.8773
107.9876,1,1575.165,957.67,1575.764,958.2737
108.0002,1,1575.165,957.67,1575.464,957.9719
108.0102,1,1575.165,957.67,1575.315,957.8209
108.0228,1,1574.115,956.8309,1574.715,957.3259
108.0343,1,1574.115,956.8309,1574.415,957.0784
108.0468,1,1572.917,955.8463,1573.666,956.4623
108.059,1,1572.917,955.8463,1573.291,956.1543
108.0702,1,1572.917,955.8463,1573.104,956.0002
108.0828,1,1571.994,955.1516,1572.549,955.5759
108.0921,1,1571.994,955.1516,1572.271,955.3638
108.1043,1,1571.994,955.1516,1572.132,955.2577
108.1155,1,1571.033,955.1959,1571.583,955.2268
108.1267,1,1571.033,955.1959,1571.308,955.2114
108.1389,1,1570.243,955.0844,1570.775,955.1478
108.1496,1,1570.243,955.0844,1570.509,955.1161
108.1626,1,1569.581,954.8997,1570.045,955.0079
108.172,1,1569.581,954.8997,1569.813,954.9539
108.1854,1,1569.581,954.8997,1569.697,954.9268
108.1952,1,1569.045,954.8203,1569.371,954.8735
108.2077,1,1569.045,954.8203,1569.208,954.8469
108.2197,1,1569.045,954.8203,1569.126,954.8336
108.2302,1,1568.449,954.6368,1568.788,954.7352
108.2433,1,1568.449,954.6368,1568.618,954.686
108.2555,1,1567.776,954.358,1568.197,954.522
108.268,1,1567.776,954.358,1567.987,954.4401
108.2794,1,1567.776,954.358,1567.882,954.399
108.2896,1,1566.798,953.8143,1567.34,954.1067
108.3027,1,1566.798,953.8143,1567.069,953.9605
108.3128,1,1566.798,953.8143,1566.934,953.8875
108.3251,1,1565.743,952.8977,1566.338,953.3926
108.3356,1,1565.743,952.8977,1566.041,953.1451
108.3488,1,1564.464,952.4567,1565.252,952.8009
108.3603,1,1564.464,952.4567,1564.858,952.6288
108.3698,1,1564.464,952.4567,1564.661,952.5427
108.3837,1,1563.221,952.0969,1563.941,952.3198
108.3931,1,1563.221,952.0969,1563.581,952.2084
108.4062,1,1562.251,951.3185,1562.916,951.7634
108.4175,1,1562.251,951.3185,1562.583,951.541
108.4277,1,1562.251,951.3185,1562.417,951.4298
108.4397,1,1560.554,950.0662,1561.486,950.748
108.4506,1,1560.554,950.0662,1561.02,950.4071
108.463,1,1560.554,950.0662,1560.787,950.2366
108.474,1,1559.126,949.2249,1559.957,949.7307
108.4863,1,1559.126,949.2249,1559.541,949.4778
108.4971,1,1557.818,947.7826,1558.68,948.6302
108.5076,1,1557.818,947.7826,1558.249,948.2064
108.5382,1,1555.886,946.1015,1557.067,947.1539
108.5463,1,1555.886,946.1015,1556.477,946.6277
108.5527,1,1555.886,946.1015,1556.181,946.3646
108.5671,1,1552.767,944.2528,1554.474,945.3087
108.5774,1,1552.767,944.2528,1553.621,944.7808
108.5893,1,1550.386,942.376,1552.003,943.5784
108.6025,1,1550.386,942.376,1551.195,942.9772
108.6128,1,1550.386,942.376,1550.79,942.6766
108.6255,1,1547.863,940.2501,1549.327,941.4634
108.6373,1,1547.863,940.2501,1548.595,940.8567
108.6492,1,1545.401,939.1638,1546.998,940.0103
108.6613,1,1545.401,939.1638,1546.199,939.587
108.6719,1,1545.401,939.1638,1545.8,939.3754
108.6848,1,1542.363,936.3517,1544.081,937.8635
108.6937,1,1542.363,936.3517,1543.222,937.1076
108.7074,1,1540.241,933.6763,1541.731,935.392
108.719,1,1540.241,933.6763,1540.986,934.5341
108.7293,1,1540.241,933.6763,1540.614,934.1052
108.7413,1,1538.032,931.6241,1539.323,932.8647
108.7535,1,1538.032,931.6241,1538.677,932.2444
108.7669,1,1535.783,930.0574,1537.23,931.1509
108.7755,1,1535.783,930.0574,1536.507,930.6041
108.7878,1,1535.783,930.0574,1536.145,930.3308
108.7997,1,1533.99,928.3319,1535.067,929.3314
108.8096,1,1533.99,928.3319,1534.528,928.8317
108.8228,1,1533.99,928.3319,1534.259,928.5818
108.8333,1,1532.611,926.2626,1533.435,927.4222
108.8452,1,1532.611,926.2626,1533.023,926.8424
108.8587,1,1531.4,924.6862,1532.211,925.7643
108.8706,1,1531.4,924.6862,1531.806,925.2252
108.8844,1,1531.4,924.6862,1531.603,924.9557
108.8937,1,1530.21,923.3405,1530.906,924.1481
108.9049,1,1530.21,923.3405,1530.558,923.7443
108.914,1,1530.21,923.3405,1530.384,923.5424
108.9274,1,1529.587,921.8848,1529.986,922.7136
108.9385,1,1529.587,921.8848,1529.786,922.2992
108.9511,1,1528.138,920.6727,1528.962,921.486
108.9612,1,1528.138,920.6727,1528.55,921.0793
108.9724,1,1528.138,920.6727,1528.344,920.876
108.9873,1,1526.607,920.1267,1527.475,920.5013
108.9968,1,1526.607,920.1267,1527.041,920.314
109.0075,1,1526.607,920.1267,1526.824,920.2203
109.0211,1,1525.109,919.6091,1525.967,919.9147
109.03,1,1525.109,919.6091,1525.538,919.762
109.0434,1,1523.605,919.0521,1524.571,919.407
109.0536,1,1523.605,919.0521,1524.088,919.2296
109.0684,1,1523.605,919.0521,1523.846,919.1409
109.0778,1,1522.509,918.8762,1523.177,919.0085
109.0882,1,1522.509,918.8762,1522.843,918.9424
109.1022,1,1521.984,918.7617,1522.414,918.8521
109.1116,1,1521.984,918.7617,1522.199,918.8069
109.1236,1,1521.984,918.7617,1522.092,918.7843
109.1355,1,1521.428,918.1746,1521.76,918.4794
109.1471,1,1521.428,918.1746,1521.594,918.327
109.1588,1,1521.428,918.1746,1521.511,918.2508
109.1711,1,1521.191,918.0641,1521.351,918.1575
109.1824,1,1521.191,918.0641,1521.271,918.1108
109.1933,1,1520.166,917.6382,1520.719,917.8745
109.2085,1,1520.166,917.6382,1520.443,917.7563
109.2205,1,1518.791,916.8221,1519.617,917.2892
109.2286,1,1518.791,916.8221,1519.204,917.0557
109.2417,1,1518.791,916.8221,1518.997,916.9389
109.2535,1,1517.258,915.6407,1518.128,916.2898
109.2651,1,1517.258,915.6407,1517.693,915.9652
109.2752,1,1517.258,915.6407,1517.475,915.803
109.2886,1,1516.024,914.3837,1516.75,915.0933
109.2998,1,1516.024,914.3837,1516.387,914.7385
109.3107,1,1516.024,914.3837,1516.206,914.5611
109.3226,1,1514.505,912.7462,1515.355,913.6536
109.3349,1,1514.505,912.7462,1514.93,913.1999
109.348,1,1512.618,910.9624,1513.774,912.0812
109.3589,1,1512.618,910.9624,1513.196,911.5218
109.3705,1,1512.618,910.9624,1512.907,911.2421
109.3817,1,1510.834,909.4722,1511.87,910.3571
109.3925,1,1510.834,909.4722,1511.352,909.9147
109.4058,1,1508.805,907.2822,1510.079,908.5984
109.4179,1,1508.805,907.2822,1509.442,907.9403
109.427,1,1508.805,907.2822,1509.124,907.6113
109.4431,1,1506.753,905.865,1507.938,906.7382
109.4531,1,1506.753,905.865,1507.346,906.3016
109.4645,1,1504.665,904.2457,1506.005,905.2737
109.4746,1,1504.665,904.2457,1505.335,904.7597
109.4876,1,1504.665,904.2457,1505,904.5027
109.4977,1,1503.414,902.7949,1504.207,903.6488
109.5095,1,1503.414,902.7949,1503.81,903.2218
109.5252,1,1501.541,900.8671,1502.675,902.0444
109.5394,1,1501.541,900.8671,1502.108,901.4558
109.5488,1,1501.541,900.8671,1501.824,901.1615
109.5623,1,1500.331,899.7803,1501.078,900.4709
109.5724,1,1500.331,899.7803,1500.704,900.1256
109.5855,1,1499.86,898.6845,1500.282,899.405
109.5946,1,1499.86,898.6845,1500.071,899.0448
109.6067,1,1499.86,898.6845,1499.965,898.8646
109.6184,1,1498.804,897.368,1499.385,898.1163
109.6271,1,1498.804,897.368,1499.094,897.7422
109.6396,1,1498.804,897.368,1498.949,897.5551
109.6508,1,1497.618,895.9433,1498.283,896.7491
109.6658,1,1497.618,895.9433,1497.951,896.3462
109.6797,1,1497.009,894.3842,1497.48,895.3652
109.6873,1,1497.009,894.3842,1497.245,894.8748
109.697,1,1497.009,894.3842,1497.127,894.6295
109.7074,1,1495.375,892.1306,1496.251,893.38
109.7309,1,1495.375,892.1306,1495.813,892.7552
109.7377,1,1493.794,889.5062,1494.804,891.1307
109.7491,1,1493.794,889.5062,1494.299,890.3185
109.7614,1,1493.794,889.5062,1494.047,889.9124
109.7733,1,1492.445,886.996,1493.246,888.4542
109.7844,1,1492.445,886.996,1492.845,887.7251
109.7924,1,1492.445,886.996,1492.645,887.3606
109.8057,1,1491.319,884.7749,1491.982,886.0677
109.8178,1,1491.319,884.7749,1491.651,885.4213
109.8273,1,1480.02,889.9966,1485.835,887.709
109.8401,1,1480.02,889.9966,1482.928,888.8528
109.8541,1,1480.02,889.9966,1481.474,889.4247
109.8654,1,1464.944,898.0583,1473.209,893.7415
109.8777,1,1464.944,898.0583,1469.076,895.8999
109.8896,1,1448.339,906.95,1458.708,901.4249
109.9016,1,1448.339,906.95,1453.524,904.1874
109.9107,1,1448.339,906.95,1450.931,905.5687
109.9243,1,1432.309,914.2309,1441.62,909.8998
109.9347,1,1432.309,914.2309,1436.964,912.0653
109.9463,1,1419.674,921.3486,1428.319,916.7069
109.9581,1,1419.674,921.3486,1423.997,919.0277
109.9685,1,1419.674,921.3486,1421.836,920.1881
109.9804,1,1409.745,928.2546,1415.791,924.2213
109.9902,1,1409.745,928.2546,1412.768,926.2379
110.0035,1,1409.745,928.2546,1411.257,927.2462
110.0128,1,1400.791,934.5728,1406.024,930.9095
110.0267,1,1400.791,934.5728,1403.407,932.7411
110.0394,1,1395.649,936.267,1399.528,934.504
110.0506,1,1395.649,936.267,1397.589,935.3855
110.0613,1,1395.649,936.267,1396.619,935.8263
110.0717,1,1389.581,936.3093,1393.1,936.0678
110.085,1,1389.581,936.3093,1391.341,936.1886
110.0951,1,1297.088,886.9493,1344.214,911.569
110.1067,1,1297.088,886.9493,1320.651,899.2592
110.1197,1,1297.088,886.9493,1308.869,893.1042
110.1297,1,914.0106,610.8762,1111.44,751.9902
110.1465,1,914.0106,610.8762,1012.725,681.4332
110.1549,1,914.0106,610.8762,963.3679,646.1547
110.1677,1,552.901,349.3571,758.1345,497.7559
110.1786,1,552.901,349.3571,655.5177,423.5565
110.1891,1,394.214,229.9185,524.8658,326.7375
110.2018,1,394.214,229.9185,459.5399,278.328
110.2135,1,394.214,229.9185,426.877,254.1233
110.2249,1,336.5171,184.4697,381.697,219.2965
110.2354,1,336.5171,184.4697,359.1071,201.8831
110.2468,1,336.5171,184.4697,347.8121,193.1764
110.259,1,320.87,169.9068,334.341,181.5416
110.2702,1,320.87,169.9068,327.6055,175.7242
110.2819,1,312.8448,163.7066,320.2252,169.7154
110.2953,1,312.8448,163.7066,316.535,166.711
110.3077,1,312.8448,163.7066,314.6899,165.2088
110.3192,1,308.0156,164.5003,311.3527,164.8546
110.3286,1,308.0156,164.5003,309.6841,164.6775
110.3425,1,381.1164,208.1961,345.4003,186.4368
110.3536,1,381.1164,208.1961,363.2583,197.3165
110.366,1,381.1164,208.1961,372.1874,202.7563
110.377,1,487.2104,279.3127,429.6989,241.0345
110.3874,1,487.2104,279.3127,458.4547,260.1736
110.4018,1,918.6469,602.8329,688.5508,431.5033
110.4098,1,918.6469,602.8329,803.5988,517.1681
110.4223,1,918.6469,602.8329,861.1228,560.0005
110.4349,1,1198.345,816.258,1029.734,688.1293
110.4501,1,1198.345,816.258,1114.039,752.1936
110.4571,1,1198.345,816.258,1156.192,784.2258
110.4683,1,1305.06,893.6172,1230.626,838.9215
110.4807,1,1305.06,893.6172,1267.843,866.2693
110.4914,1,1342.064,922.6614,1304.954,894.4653
110.5062,1,1342.064,922.6614,1323.509,908.5634
110.518,1,1342.064,922.6614,1332.787,915.6124
110.5266,1,1357.946,931.3785,1345.366,923.4955
110.5405,1,1357.946,931.3785,1351.656,927.437
110.5511,1,1364.901,935.8882,1358.279,931.6626
110.5629,1,1364.901,935.8882,1361.59,933.7754
110.5734,1,1364.901,935.8882,1363.245,934.8318
110.5857,1,1380.871,963.9766,1372.058,949.4042
110.5976,1,1380.871,963.9766,1376.465,956.6904
110.6066,1,1380.871,963.9766,1378.668,960.3335
110.6205,1,1386.242,981.5608,1382.455,970.9471
110.6297,1,1386.242,981.5608,1384.349,976.254
110.6435,1,1386.934,987.9458,1385.641,982.0999
110.6544,1,1386.934,987.9458,1386.288,985.0228
110.6674,1,1386.934,987.9458,1386.611,986.4843
110.6862,1,1388.142,993.3998,1387.376,989.942
110.6915,1,1388.142,993.3998,1387.759,991.6709
110.7061,1,1388.527,996.2686,1388.143,993.9697
110.7158,1,1388.527,996.2686,1388.335,995.1191
110.7268,1,1388.527,996.2686,1388.431,995.6938
110.7397,1,1387.856,997.3458,1388.143,996.5198
110.7502,1,1387.856,997.3458,1388,996.9327
110.7614,1,1388.545,997.7017,1388.272,997.3172
110.7706,1,1388.545,997.7017,1388.409,997.5094
110.7822,1,1388.545,997.7017,1388.477,997.6055
110.7926,1,1378.264,991.3725,1383.37,994.489
110.8055,1,1378.264,991.3725,1380.817,992.9308
110.8186,1,1378.264,991.3725,1379.54,992.1516
110.8294,1,1284.615,919.5441,1332.078,955.8478
110.8408,1,1284.615,919.5441,1308.346,937.6959
110.852,1,1010.571,692.2057,1159.459,814.9508
110.8648,1,1010.571,692.2057,1085.015,753.5782
110.8745,1,1010.571,692.2057,1047.793,722.892
110.8873,1,836.988,545.5737,942.3904,634.2328
110.8977,1,836.988,545.5737,889.6892,589.9033
110.9076,1,836.988,545.5737,863.3386,567.7385
110.9211,1,760.0045,484.3276,811.6715,526.0331
110.9302,1,760.0045,484.3276,785.838,505.1803
110.9439,1,727.353,455.8098,756.5955,480.4951
110.9555,1,727.353,455.8098,741.9742,468.1524
110.9686,1,727.353,455.8098,734.6636,461.9811
110.9809,1,716.5059,449.2864,725.5847,455.6338
110.9903,1,716.5059,449.2864,721.0453,452.4601
111.0028,1,708.1849,445.8489,714.6151,449.1545
111.0115,1,708.1849,445.8489,711.4,447.5017
111.0243,1,708.1849,445.8489,709.7925,446.6753
111.0355,1,707.2606,447.8881,708.5265,447.2817
111.0471,1,707.2606,447.8881,707.8936,447.5849
111.0588,1,707.2606,447.8881,707.577,447.7365
111.0695,1,696.1744,457.9721,701.8757,452.8543
111.0813,1,696.1744,457.9721,699.0251,455.4132
111.0922,1,696.1744,457.9721,697.5997,456.6926
111.1052,1,684.0422,472.2222,690.821,464.4574
111.1185,1,684.0422,472.2222,687.4316,468.3398
111.1265,1,678.2823,479.8465,682.857,474.0931
111.1407,1,678.2823,479.8465,680.5697,476.9698
111.1506,1,678.2823,479.8465,679.426,478.4081
111.1622,1,674.9324,486.2196,677.1792,482.3138
111.1734,1,674.9324,486.2196,676.0558,484.2667
111.1874,1,748.5009,541.812,712.2783,513.0393
111.1997,1,748.5009,541.812,730.3896,527.4257
111.2075,1,748.5009,541.812,739.4452,534.6188
111.2229,1,979.905,719.6533,859.6751,627.136
111.2352,1,979.905,719.6533,919.79,673.3947
111.2467,1,1155.062,859.9297,1037.426,766.6622
111.2574,1,1155.062,859.9297,1096.244,813.2959
111.2682,1,1155.062,859.9297,1125.653,836.6128
111.2804,1,1239.48,923.0392,1182.567,879.826
111.29,1,1239.48,923.0392,1211.023,901.4326
111.303,1,1239.48,923.0392,1225.252,912.2359
111.3133,1,1272.732,948.9683,1248.992,930.6021
111.3263,1,1272.732,948.9683,1260.862,939.7852
111.3372,1,1288.197,959.3007,1274.529,949.543
111.3467,1,1288.197,959.3007,1281.363,954.4218
111.3613,1,1288.197,959.3007,1284.78,956.8612
111.3825,1,1295.422,963.0776,1290.101,959.9694
111.3903,1,1295.422,963.0776,1292.762,961.5236
111.3982,1,1298.35,966.4642,1295.556,963.9939
111.4079,1,1298.35,966.4642,1296.953,965.2291
111.4221,1,1298.35,966.4642,1297.651,965.8467
111.4336,1,1299.587,966.5712,1298.619,966.209
111.4454,1,1299.587,966.5712,1299.103,966.3901
111.458,1,1298.686,966.0749,1298.895,966.2325
111.4705,1,1298.686,966.0749,1298.791,966.1537
111.4809,1,1298.686,966.0749,1298.738,966.1143
111.4914,1,1297.142,965.5248,1297.94,965.8195
111.5054,1,1297.142,965.5248,1297.541,965.6721
111.5138,1,1297.142,965.5248,1297.342,965.5984
111.5271,1,1301.413,963.3045,1299.377,964.4515
111.539,1,1301.413,963.3045,1300.395,963.878
111.553,1,1305.701,960.697,1303.048,962.2875
111.5626,1,1305.701,960.697,1304.375,961.4922
111.574,1,1305.701,960.697,1305.038,961.0946
111.5875,1,1308.5,958.4786,1306.769,959.7866
111.6002,1,1308.5,958.4786,1307.635,959.1326
111.6106,1,1310.793,957.4274,1309.214,958.28
111.6229,1,1310.793,957.4274,1310.004,957.8538
111.6334,1,1310.793,957.4274,1310.398,957.6406
111.6452,1,1312.728,957.1701,1311.563,957.4054
111.6556,1,1312.728,957.1701,1312.146,957.2877
111.6712,1,1313.773,956.5522,1312.96,956.9199
111.6832,1,1313.773,956.5522,1313.366,956.7361
111.6931,1,1313.773,956.5522,1313.57,956.6442
111.7053,1,1314.657,956.2641,1314.114,956.4541
111.7172,1,1314.657,956.2641,1314.385,956.3591
111.7267,1,1314.657,956.2641,1314.521,956.3116
111.7391,1,1315.191,955.9188,1314.856,956.1152
111.7507,1,1315.191,955.9188,1315.023,956.017
111.7634,1,1314.885,955.5602,1314.954,955.7886
111.7734,1,1314.885,955.5602,1314.92,955.6744
111.7855,1,1314.885,955.5602,1314.903,955.6173
111.7953,1,1314.427,955.3973,1314.665,955.5073
111.8083,1,1314.427,955.3973,1314.546,955.4523
111.82,1,1314.172,955.148,1314.359,955.3002
111.8295,1,1314.172,955.148,1314.266,955.2241
111.8404,1,1314.172,955.148,1314.219,955.186
111.8518,1,1314.128,954.8214,1314.174,955.0037
111.8651,1,1314.128,954.8214,1314.151,954.9126
111.8749,1,1314.128,954.8214,1314.14,954.867
111.8887,1,1313.933,954.4548,1314.036,954.6609
111.8993,1,1313.933,954.4548,1313.985,954.5579
111.9103,1,1313.563,953.9664,1313.774,954.2621
111.9235,1,1313.563,953.9664,1313.668,954.1143
111.9345,1,1313.563,953.9664,1313.615,954.0403
111.9463,1,1312.702,952.5538,1313.159,953.2971
111.958,1,1312.702,952.5538,1312.93,952.9254
111.9705,1,1311.673,950.571,1312.302,951.7482
111.9812,1,1311.673,950.571,1311.987,951.1595
111.9921,1,1311.673,950.571,1311.83,950.8652
112.0042,1,1310.106,947.6988,1310.968,949.282
112.0153,1,1310.106,947.6988,1310.537,948.4904
112.0283,1,1310.106,947.6988,1310.322,948.0946
112.039,1,1308.133,943.8761,1309.227,945.9854
112.0507,1,1308.133,943.8761,1308.68,944.9307
112.0636,1,1306.423,940.2042,1307.552,942.5675
112.0735,1,1306.423,940.2042,1306.987,941.3859
112.0864,1,1306.423,940.2042,1306.705,940.795
112.0951,1,1304.13,937.6111,1305.417,939.2031
112.1075,1,1304.13,937.6111,1304.774,938.4071
112.1198,1,1304.13,937.6111,1304.452,938.0091
112.1296,1,1301.736,934.4803,1303.094,936.2448
112.1436,1,1301.736,934.4803,1302.415,935.3625
112.154,1,1299.838,931.3322,1301.126,933.3474
112.1657,1,1299.838,931.3322,1300.482,932.3398
112.1775,1,1299.838,931.3322,1300.16,931.8361
112.1874,1,1297.923,928.7652,1299.042,930.3007
112.202,1,1297.923,928.7652,1298.482,929.533
112.213,1,1295.282,926.4522,1296.882,927.9926
112.2231,1,1295.282,926.4522,1296.082,927.2224
112.2338,1,1295.282,926.4522,1295.682,926.8373
112.2467,1,1293.196,923.6155,1294.439,925.2264
112.2574,1,1293.196,923.6155,1293.817,924.4209
112.2681,1,1293.196,923.6155,1293.506,924.0182
112.2795,1,1291.236,921.712,1292.371,922.8651
112.2911,1,1291.236,921.712,1291.803,922.2886
112.3041,1,1289.299,919.9885,1290.551,921.1385
112.3138,1,1289.299,919.9885,1289.925,920.5635
112.3263,1,1289.299,919.9885,1289.612,920.276
112.3384,1,1287.778,917.4108,1288.695,918.8434
112.3476,1,1287.778,917.4108,1288.237,918.1271
112.3642,1,1285.953,914.4437,1287.095,916.2854
112.3738,1,1285.953,914.4437,1286.524,915.3645
112.3884,1,1285.953,914.4437,1286.239,914.9041
112.3988,1,1284.03,911.4278,1285.135,913.1659
112.4086,1,1284.03,911.4278,1284.582,912.2969
112.4222,1,1284.03,911.4278,1284.306,911.8623
112.4308,1,1281.804,908.4089,1283.055,910.1356
112.4443,1,1281.804,908.4089,1282.43,909.2723
112.4552,1,1278.987,905.4372,1280.708,907.3547
112.4668,1,1278.987,905.4372,1279.848,906.396
112.4784,1,1278.987,905.4372,1279.417,905.9166
112.4887,1,1277.045,903.1489,1278.231,904.5328
112.5008,1,1277.045,903.1489,1277.638,903.8408
112.5126,1,1277.045,903.1489,1277.342,903.4949
112.5247,1,1274.578,900.388,1275.96,901.9414
112.5351,1,1274.578,900.388,1275.269,901.1647
112.5466,1,1273.16,898.3488,1274.214,899.7567
112.5625,1,1273.16,898.3488,1273.687,899.0527
112.5733,1,1271.453,896.2457,1272.57,897.6492
112.586,1,1271.453,896.2457,1272.011,896.9474
112.5973,1,1271.453,896.2457,1271.732,896.5966
112.6075,1,1269.594,894.2925,1270.663,895.4446
112.6204,1,1269.594,894.2925,1270.128,894.8685
112.6313,1,1269.594,894.2925,1269.861,894.5806
112.6436,1,1267.799,892.8738,1268.83,893.7272
112.6549,1,1267.799,892.8738,1268.315,893.3005
112.6672,1,1265.807,891.0084,1267.061,892.1544
112.6774,1,1265.807,891.0084,1266.434,891.5814
112.6878,1,1265.807,891.0084,1266.121,891.2949
112.7009,1,1264.011,889.4443,1265.066,890.3696
112.7104,1,1264.011,889.4443,1264.538,889.907
112.7227,1,1264.011,889.4443,1264.275,889.6757
112.733,1,1262.464,888.0881,1263.37,888.8819
112.7464,1,1262.464,888.0881,1262.917,888.485
112.7582,1,1261.275,886.7556,1262.096,887.6202
112.7684,1,1261.275,886.7556,1261.686,887.1879
112.7799,1,1261.275,886.7556,1261.48,886.9717
112.7885,1,1259.921,885.518,1260.701,886.2449
112.8022,1,1259.921,885.518,1260.311,885.8815
112.8109,1,1259.921,885.518,1260.116,885.6997
112.8241,1,1258.654,884.0504,1259.385,884.8751
112.8353,1,1258.654,884.0504,1259.02,884.4628
112.8473,1,1257.582,883.0804,1258.301,883.7716
112.8618,1,1257.582,883.0804,1257.941,883.426
112.8725,1,1257.582,883.0804,1257.761,883.2532
112.8863,1,1257.006,882.2563,1257.384,882.7548
112.8972,1,1257.006,882.2563,1257.195,882.5056
112.9089,1,1256.525,881.3693,1256.86,881.9374
112.9219,1,1256.525,881.3693,1256.693,881.6534
112.9313,1,1256.525,881.3693,1256.609,881.5114
112.9435,1,1256.146,880.0819,1256.378,880.7966
112.9538,1,1256.146,880.0819,1256.262,880.4393
112.9647,1,1256.146,880.0819,1256.204,880.2606
112.9754,1,1255.529,879.2966,1255.867,879.7786
112.9882,1,1255.529,879.2966,1255.698,879.5376
112.9987,1,1255.38,878.2,1255.539,878.8688
113.0089,1,1255.38,878.2,1255.459,878.5344
113.0222,1,1255.38,878.2,1255.419,878.3672
113.034,1,1258.048,876.5692,1256.734,877.4682
113.0453,1,1258.048,876.5692,1257.391,877.0187
113.0556,1,1258.048,876.5692,1257.72,876.7939
113.0696,1,1262.508,874.442,1260.114,875.6179
113.0794,1,1262.508,874.442,1261.311,875.0299
113.0901,1,1267.652,872.179,1264.481,873.6045
113.1027,1,1267.652,872.179,1266.066,872.8917
113.1124,1,1267.652,872.179,1266.859,872.5354
113.1258,1,1272.113,870.4934,1269.486,871.5144
113.1376,1,1272.113,870.4934,1270.799,871.0039
113.1473,1,1276.6,868.2834,1273.7,869.6437
113.1596,1,1276.6,868.2834,1275.15,868.9636
113.1716,1,1276.6,868.2834,1275.875,868.6235
113.1823,1,1281.415,866.1775,1278.645,867.4005
113.1937,1,1281.415,866.1775,1280.03,866.789
113.207,1,1281.415,866.1775,1280.723,866.4833
113.2196,1,1286.368,864.4296,1283.545,865.4564
113.2281,1,1286.368,864.4296,1284.957,864.943
113.2417,1,1289.863,862.8407,1287.41,863.8918
113.2531,1,1289.863,862.8407,1288.636,863.3663
113.2644,1,1289.863,862.8407,1289.249,863.1035
113.2823,1,1293.256,860.3367,1291.252,861.7201
113.2906,1,1293.256,860.3367,1292.254,861.0284
113.3011,1,1295.595,857.2332,1293.924,859.1308
113.3123,1,1295.595,857.2332,1294.76,858.182
113.3265,1,1295.595,857.2332,1295.177,857.7076
113.3378,1,1298.609,854.1606,1296.893,855.9341
113.3476,1,1298.609,854.1606,1297.751,855.0474
113.3766,1,1301.251,851.4615,1299.501,853.2545
113.3873,1,1301.251,851.4615,1300.376,852.358
113.3976,1,1303.573,848.3535,1301.974,850.3558
113.4042,1,1303.573,848.3535,1302.773,849.3546
113.4158,1,1303.573,848.3535,1303.173,848.8541
113.4282,1,1305.787,846.8191,1304.48,847.8365
113.439,1,1305.787,846.8191,1305.133,847.3278
113.4478,1,1305.787,846.8191,1305.46,847.0735
113.4631,1,1307.91,846.1559,1306.685,846.6147
113.4745,1,1307.91,846.1559,1307.298,846.3853
113.4876,1,1309.548,845.3047,1308.423,845.845
113.4988,1,1309.548,845.3047,1308.986,845.5748
113.5095,1,1309.548,845.3047,1309.267,845.4398
113.5236,1,1311.05,844.0438,1310.158,844.7418
113.5351,1,1311.05,844.0438,1310.604,844.3928
113.5462,1,1312.915,842.8282,1311.76,843.6105
113.5576,1,1312.915,842.8282,1312.337,843.2194
113.5682,1,1312.915,842.8282,1312.626,843.0238
113.5801,1,1314.372,841.7946,1313.499,842.4092
113.59,1,1314.372,841.7946,1313.936,842.1019
113.6033,1,1316.131,840.8108,1315.033,841.4563
113.6131,1,1316.131,840.8108,1315.582,841.1335
113.627,1,1316.131,840.8108,1315.856,840.9722
113.638,1,1317.309,840.4402,1316.583,840.7062
113.6492,1,1317.309,840.4402,1316.946,840.5732
113.661,1,1318.633,839.9296,1317.789,840.2515
113.6705,1,1318.633,839.9296,1318.211,840.0906
113.6841,1,1318.633,839.9296,1318.422,840.0101
113.6923,1,1320.228,839.2225,1319.325,839.6163
113.7044,1,1320.228,839.2225,1319.776,839.4194
113.7186,1,1320.228,839.2225,1320.002,839.3209
113.727,1,1321.738,838.8851,1320.87,839.103
113.7399,1,1321.738,838.8851,1321.304,838.9941
113.7507,1,1321.738,838.8851,1321.521,838.9396
113.7629,1,1322.966,838.7963,1322.244,838.8679
113.7732,1,1322.966,838.7963,1322.605,838.8321
113.7858,1,1324.166,838.5226,1323.385,838.6774
113.7952,1,1324.166,838.5226,1323.776,838.6
113.8086,1,1324.166,838.5226,1323.971,838.5613
113.8208,1,1325.476,838.0252,1324.724,838.2932
113.8345,1,1325.476,838.0252,1325.1,838.1592
113.8442,1,1327.132,837.2463,1326.116,837.7028
113.8547,1,1327.132,837.2463,1326.624,837.4745
113.8677,1,1327.132,837.2463,1326.878,837.3605
113.8778,1,1329.283,836.2162,1328.081,836.7883
113.8889,1,1329.283,836.2162,1328.682,836.5023
113.9016,1,1329.283,836.2162,1328.982,836.3593
113.9109,1,1331.182,834.6924,1330.082,835.5258
113.9243,1,1331.182,834.6924,1330.632,835.1091
113.9372,1,1332.844,833.5363,1331.738,834.3228
113.9472,1,1332.844,833.5363,1332.291,833.9296
113.9596,1,1332.844,833.5363,1332.568,833.7329
113.9703,1,1315.329,833.2164,1323.948,833.4747
113.9854,1,1315.329,833.2164,1319.639,833.3456
113.9932,1,1217.162,831.9822,1268.4,832.6639
114.0064,1,1217.162,831.9822,1242.781,832.3231
114.0205,1,1217.162,831.9822,1229.971,832.1527
114.0314,1,1075.902,833.3705,1152.937,832.7616
114.0433,1,1075.902,833.3705,1114.42,833.066
114.0544,1,968.3504,832.6654,1041.385,832.8657
114.0681,1,968.3504,832.6654,1004.868,832.7656
114.0781,1,968.3504,832.6654,986.609,832.7155
114.0897,1,904.9169,833.6058,945.7629,833.1606
114.104,1,904.9169,833.6058,925.3399,833.3832
114.1146,1,869.6932,834.5003,897.5166,833.9418
114.1265,1,869.6932,834.5003,883.6049,834.2211
114.1386,1,869.6932,834.5003,876.649,834.3607
114.1507,1,850.5574,834.136,863.6032,834.2484
114.162,1,850.5574,834.136,857.0803,834.1923
114.1728,1,850.5574,834.136,853.8188,834.1642
114.1866,1,839.7726,834.3088,846.7957,834.2365
114.1954,1,839.7726,834.3088,843.2842,834.2726
114.2076,1,801.1308,858.9105,822.2075,846.5916
114.2191,1,801.1308,858.9105,811.6692,852.751
114.2282,1,801.1308,858.9105,806.4,855.8307
114.2411,1,813.8137,888.1391,810.1068,871.9849
114.2523,1,813.8137,888.1391,811.9602,880.062
114.2646,1,813.8137,888.1391,812.887,884.1006
114.2752,1,889.2075,885.6806,851.0472,884.8906
114.2898,1,889.2075,885.6806,870.1273,885.2856
114.3023,1,1004.617,875.7213,937.3722,880.5034
114.3105,1,1004.617,875.7213,970.9946,878.1123
114.3242,1,1004.617,875.7213,987.8058,876.9167
114.3373,1,1140.182,862.6027,1063.994,869.7597
114.3476,1,1140.182,862.6027,1102.088,866.1812
114.3593,1,1239.406,850.6398,1170.747,858.4105
114.3702,1,1239.406,850.6398,1205.076,854.5251
114.3811,1,1239.406,850.6398,1222.241,852.5825
114.3913,1,1301.423,843.9815,1261.832,848.282
114.4049,1,1301.423,843.9815,1281.628,846.1317
114.4185,1,1337.665,841.0513,1309.646,843.5916
114.4268,1,1337.665,841.0513,1323.655,842.3214
114.4393,1,1337.665,841.0513,1330.66,841.6864
114.45,1,1358.321,839.9418,1344.49,840.8141
114.4624,1,1358.321,839.9418,1351.406,840.3779
114.4726,1,1358.321,839.9418,1354.863,840.1599
114.4859,1,1368.679,839.9491,1361.771,840.0545
114.4975,1,1368.679,839.9491,1365.225,840.0018
114.5081,1,1375.829,841.0269,1370.527,840.5144
114.5202,1,1375.829,841.0269,1373.178,840.7706
114.5297,1,1375.829,841.0269,1374.503,840.8988
114.5427,1,1380.798,837.8522,1377.651,839.3755
114.5536,1,1380.798,837.8522,1379.224,838.6138
114.5646,1,1380.798,837.8522,1380.011,838.233
114.5752,1,1376.368,827.7434,1378.19,832.9882
114.5879,1,1376.368,827.7434,1377.279,830.3658
114.5991,1,1308.006,723.0722,1342.643,776.719
114.6095,1,1308.006,723.0722,1325.324,749.8956
114.6226,1,1308.006,723.0722,1316.665,736.4839
114.6353,1,1192.483,539.3224,1254.574,637.9031
114.646,1,1192.483,539.3224,1223.529,588.6128
114.6601,1,1121.18,425.3577,1172.354,506.9853
114.6701,1,1121.18,425.3577,1146.767,466.1715
114.6813,1,1121.18,425.3577,1133.974,445.7646
114.6925,1,1086.794,373.7906,1110.384,409.7776
114.7051,1,1086.794,373.7906,1098.589,391.7841
114.7145,1,1086.794,373.7906,1092.692,382.7874
114.7284,1,1072.178,349.5112,1082.435,366.1493
114.7412,1,1072.178,349.5112,1077.306,357.8303
114.7519,1,1067.435,337.0114,1072.37,347.4208
114.765,1,1067.435,337.0114,1069.903,342.2161
114.7757,1,1067.435,337.0114,1068.669,339.6137
114.7892,1,1121.88,414.6425,1095.274,377.1281
114.8022,1,1121.88,414.6425,1108.577,395.8853
114.8115,1,1160.904,472.3827,1134.741,434.134
114.8252,1,1160.904,472.3827,1147.823,453.2583
114.8374,1,1160.904,472.3827,1154.363,462.8205
114.8471,1,1234.443,580.627,1194.403,521.7238
114.86,1,1234.443,580.627,1214.423,551.1754
114.8707,1,1293.469,665.8528,1253.946,608.514
114.8853,1,1293.469,665.8528,1273.708,637.1834
114.8934,1,1293.469,665.8528,1283.588,651.5181
114.9072,1,1328.711,716.4495,1306.15,683.9838
114.9197,1,1328.711,716.4495,1317.43,700.2167
114.9285,1,1328.711,716.4495,1323.071,708.3331
114.9416,1,1349.463,744.3005,1336.267,726.3168
114.9525,1,1349.463,744.3005,1342.865,735.3086
114.9651,1,1360.214,756.7723,1351.54,746.0404
114.9756,1,1360.214,756.7723,1355.877,751.4064
114.9933,1,1366.889,761.366,1361.383,756.3862
115.0141,1,1366.889,761.366,1364.136,758.8761
115.0205,1,1370.167,762.5627,1367.152,760.7194
115.0278,1,1370.167,762.5627,1368.659,761.6411
115.0397,1,1370.167,762.5627,1369.413,762.1019
115.0512,1,1357.543,764.1974,1363.478,763.1497
115.0627,1,1357.543,764.1974,1360.51,763.6736
115.0735,1,1357.543,764.1974,1359.027,763.9355
115.0865,1,1256.32,786.0843,1307.674,775.0099
115.0968,1,1256.32,786.0843,1281.997,780.5471
115.1063,1,1256.32,786.0843,1269.159,783.3157
115.1202,1,1054.097,832.0297,1161.628,807.6727
115.1292,1,1054.097,832.0297,1107.862,819.8512
115.1419,1,894.7399,869.4911,1001.301,844.6711
115.1534,1,894.7399,869.4911,948.0205,857.0812
115.1649,1,894.7399,869.4911,921.3802,863.2861
115.1757,1,799.9551,892.444,860.6677,877.8651
115.1896,1,799.9551,892.444,830.3114,885.1545
115.203,1,754.4155,904.9827,792.3634,895.0686
115.2113,1,754.4155,904.9827,773.3894,900.0256
115.225,1,754.4155,904.9827,763.9025,902.5042
115.2368,1,730.5109,910.1183,747.2067,906.3112
115.2468,1,730.5109,910.1183,738.8588,908.2147
115.2609,1,730.5109,910.1183,734.6848,909.1665
115.2715,1,716.9004,912.7592,725.7926,910.9628
115.2873,1,716.9004,912.7592,721.3465,911.861
115.3016,1,708.5464,915.7316,714.9464,913.7963
115.3074,1,708.5464,915.7316,711.7464,914.7639
115.3196,1,708.5464,915.7316,710.1464,915.2477
115.3294,1,704.8862,918.0709,707.5163,916.6593
115.3426,1,704.8862,918.0709,706.2013,917.3651
115.3539,1,703.2086,920.9702,704.705,919.1677
115.3662,1,703.2086,920.9702,703.9568,920.069
115.3758,1,703.2086,920.9702,703.5826,920.5196
115.3886,1,725.6159,892.4837,714.5992,906.5016
115.4022,1,725.6159,892.4837,720.1075,899.4927
115.41,1,725.6159,892.4837,722.8617,895.9882
115.4232,1,823.4829,755.9401,773.1723,825.9641
115.4347,1,823.4829,755.9401,798.3276,790.9521
115.4455,1,948.8817,584.7731,873.6047,687.8625
115.4574,1,948.8817,584.7731,911.2432,636.3178
115.4684,1,948.8817,584.7731,930.0624,610.5454
115.4799,1,1020.14,487.7982,975.1014,549.1718
115.4925,1,1020.14,487.7982,997.621,518.485
115.5056,1,1052.345,441.6529,1024.983,480.069
115.5174,1,1052.345,441.6529,1038.664,460.8609
115.5278,1,1052.345,441.6529,1045.504,451.2569
115.5414,1,1067.108,419.3974,1056.306,435.3271
115.5532,1,1067.108,419.3974,1061.707,427.3622
115.5657,1,1074.813,406.3026,1068.26,416.8325
115.5773,1,1074.813,406.3026,1071.536,411.5676
115.5868,1,1074.813,406.3026,1073.174,408.9351
115.6016,1,1077.936,400.2053,1075.555,404.5702
115.6102,1,1077.936,400.2053,1076.745,402.3878
115.6238,1,1077.936,400.2053,1077.34,401.2965
115.6353,1,1156.909,321.2757,1117.125,361.2861
115.6469,1,1156.909,321.2757,1137.017,341.2809
115.6587,1,1229.762,254.9934,1183.389,298.1371
115.6695,1,1229.762,254.9934,1206.576,276.5652
115.6838,1,1229.762,254.9934,1218.169,265.7793
115.6947,1,1267.965,218.6179,1243.067,242.1986
115.7061,1,1267.965,218.6179,1255.516,230.4082
115.7178,1,1287.967,198.3993,1271.742,214.4037
115.7273,1,1287.967,198.3993,1279.854,206.4015
115.7382,1,1287.967,198.3993,1283.911,202.4004
115.7516,1,1299.386,187.2465,1291.648,194.8235
115.7613,1,1299.386,187.2465,1295.517,191.035
115.7725,1,1299.386,187.2465,1297.452,189.1407
115.7852,1,1305.758,180.5406,1301.605,184.8407
115.7938,1,1305.758,180.5406,1303.681,182.6906
115.8082,1,1310.606,175.9483,1307.144,179.3195
115.8198,1,1310.606,175.9483,1308.875,177.6339
115.8286,1,1310.606,175.9483,1309.741,176.7911
115.8425,1,1312.897,173.8342,1311.319,175.3127
115.8542,1,1312.897,173.8342,1312.108,174.5734
115.8683,1,1319.902,202.5376,1316.005,188.5555
115.8803,1,1319.902,202.5376,1317.953,195.5466
115.8907,1,1319.902,202.5376,1318.928,199.0421
115.9038,1,1372.988,378.0143,1345.958,288.5282
115.9141,1,1372.988,378.0143,1359.473,333.2712
115.9273,1,1430.113,565.1466,1394.793,449.2089
115.9417,1,1430.113,565.1466,1412.453,507.1778
115.9492,1,1430.113,565.1466,1421.283,536.1622
115.9615,1,1459.743,666.1337,1440.513,601.1479
115.9726,1,1459.743,666.1337,1450.128,633.6409
115.9871,1,1475.121,711.961,1462.625,672.8009
115.9971,1,1475.121,711.961,1468.873,692.381
116.0074,1,1475.121,711.961,1471.997,702.171
116.0207,1,1480.365,733.8849,1476.181,718.028
116.0309,1,1480.365,733.8849,1478.272,725.9564
116.0481,1,1483.831,741.4028,1481.052,733.6796
116.0659,1,1483.831,741.4028,1482.442,737.5413
116.0728,1,1483.831,741.4028,1483.136,739.472
116.0803,1,1486.294,744.6714,1484.715,742.0717
116.091,1,1486.294,744.6714,1485.504,743.3716
116.1048,1,1486.294,744.6714,1485.899,744.0215
116.1146,1,1487.88,747.7696,1486.889,745.8955
116.1263,1,1487.88,747.7696,1487.384,746.8325
116.1384,1,1489.548,750.1832,1488.466,748.5078
116.1479,1,1489.548,750.1832,1489.007,749.3455
116.1607,1,1489.548,750.1832,1489.278,749.7643
116.1712,1,1494.979,771.8539,1492.129,760.8091
116.1835,1,1494.979,771.8539,1493.554,766.3315
116.1942,1,1494.979,771.8539,1494.267,769.0927
116.2075,1,1500.115,793.444,1497.191,781.2683
116.2197,1,1500.115,793.444,1498.653,787.3562
116.2286,1,1503.381,805.2908,1501.017,796.3235
116.2414,1,1503.381,805.2908,1502.199,800.8071
116.2527,1,1503.381,805.2908,1502.79,803.049
116.2642,1,1509.977,813.3666,1506.383,808.2078
116.2749,1,1509.977,813.3666,1508.18,810.7872
116.2908,1,1513.956,818.5461,1511.068,814.6666
116.3027,1,1513.956,818.5461,1512.512,816.6063
116.3128,1,1513.956,818.5461,1513.234,817.5762
116.3248,1,1514.657,821.0436,1513.945,819.3099
116.338,1,1514.657,821.0436,1514.301,820.1768
116.347,1,1514.657,821.0436,1514.479,820.6102
116.362,1,1514.773,822.6393,1514.626,821.6248
116.3711,1,1514.773,822.6393,1514.699,822.1321
116.3859,1,1516.492,824.8508,1515.596,823.4915
116.3953,1,1516.492,824.8508,1516.044,824.1711
116.4077,1,1516.492,824.8508,1516.268,824.511
116.4205,1,1517.258,825.113,1516.763,824.812
116.4437,1,1518.736,826.1942,1517.749,825.5031
116.4495,1,1518.736,826.1942,1518.243,825.8486
116.4589,1,1518.736,826.1942,1518.489,826.0214
116.47,1,1520.116,827.101,1519.303,826.5612
116.4823,1,1520.116,827.101,1519.709,826.8311
116.4944,1,1520.116,827.101,1519.913,826.966
116.5066,1,1520.899,827.5571,1520.406,827.2615
116.5185,1,1520.899,827.5571,1520.653,827.4093
116.5283,1,1520.899,827.5571,1520.776,827.4832
116.5417,1,1521.291,827.5516,1521.033,827.5174
116.5528,1,1521.291,827.5516,1521.162,827.5345
116.5667,1,1521.585,827.7604,1521.373,827.6475
116.5753,1,1521.585,827.7604,1521.479,827.704
116.5883,1,1521.585,827.7604,1521.532,827.7322
116.5982,1,1521.827,828.2034,1521.68,827.9678
116.6122,1,1521.827,828.2034,1521.753,828.0856
116.6242,1,1522.234,828.8408,1521.994,828.4631
116.6356,1,1522.234,828.8408,1522.114,828.652
116.648,1,1522.234,828.8408,1522.174,828.7463
116.6584,1,1522.599,829.664,1522.386,829.2052
116.6704,1,1522.599,829.664,1522.493,829.4346
116.6838,1,1522.676,830.4449,1522.584,829.9397
116.694,1,1522.676,830.4449,1522.63,830.1923
116.7073,1,1522.676,830.4449,1522.653,830.3186
116.7208,1,1522.932,830.8817,1522.792,830.6002
116.7289,1,1522.932,830.8817,1522.862,830.741
116.7423,1,1523.041,831.7647,1522.951,831.2528
116.753,1,1523.041,831.7647,1522.996,831.5088
116.7642,1,1523.041,831.7647,1523.018,831.6367
116.7748,1,1523.242,832.6343,1523.13,832.1355
116.7881,1,1523.242,832.6343,1523.186,832.3849
116.8008,1,1523.242,832.6343,1523.214,832.5096
116.8099,1,1524.784,834.403,1523.999,833.4563
116.8232,1,1524.784,834.403,1524.391,833.9297
116.8338,1,1525.746,836.0026,1525.069,834.9661
116.8469,1,1525.746,836.0026,1525.407,835.4844
116.8579,1,1525.746,836.0026,1525.577,835.7435
116.8687,1,1527.607,837.8523,1526.592,836.7979
116.8807,1,1527.607,837.8523,1527.099,837.3251
116.8924,1,1527.607,837.8523,1527.353,837.5887
116.9044,1,1529.259,840.2891,1528.306,838.9389
116.9142,1,1529.259,840.2891,1528.783,839.614
116.9272,1,1530.835,842.6902,1529.809,841.1521
116.9379,1,1530.835,842.6902,1530.322,841.9211
116.9495,1,1530.835,842.6902,1530.578,842.3057
116.9632,1,1532.267,844.1677,1531.422,843.2367
116.974,1,1532.267,844.1677,1531.845,843.7021
116.9871,1,1533.632,845.5583,1532.739,844.6302
116.9983,1,1533.632,845.5583,1533.186,845.0943
117.0091,1,1533.632,845.5583,1533.409,845.3263
117.0223,1,1535.601,847.2422,1534.505,846.2843
117.0334,1,1535.601,847.2422,1535.053,846.7633
117.0447,1,1537.038,849.2485,1536.046,848.0059
117.0556,1,1537.038,849.2485,1536.542,848.6272
117.0683,1,1537.038,849.2485,1536.79,848.9379
117.0802,1,1538.747,850.9359,1537.769,849.9369
117.0901,1,1538.747,850.9359,1538.258,850.4364
117.1031,1,1538.747,850.9359,1538.503,850.6862
117.1132,1,1540.028,852.3587,1539.265,851.5225
117.1249,1,1540.028,852.3587,1539.646,851.9406
117.135,1,1541.664,854.2868,1540.655,853.1136
117.1476,1,1541.664,854.2868,1541.16,853.7002
117.1597,1,1541.664,854.2868,1541.412,853.9935
117.1701,1,1542.75,855.8506,1542.081,854.9221
117.1829,1,1542.75,855.8506,1542.415,855.3864
117.1928,1,1542.75,855.8506,1542.583,855.6185
117.2062,1,1544.291,857.6331,1543.437,856.6258
117.2156,1,1544.291,857.6331,1543.864,857.1295
117.2282,1,1545.822,858.8539,1544.843,857.9917
117.2396,1,1545.822,858.8539,1545.333,858.4228
117.2516,1,1545.822,858.8539,1545.578,858.6383
117.2636,1,1546.643,860.0132,1546.11,859.3258
117.2742,1,1546.643,860.0132,1546.377,859.6696
117.2872,1,1547.804,861.7909,1547.091,860.7302
117.298,1,1547.804,861.7909,1547.448,861.2606
117.3071,1,1547.804,861.7909,1547.626,861.5258
117.3197,1,1548.592,863.0137,1548.109,862.2698
117.3296,1,1548.592,863.0137,1548.35,862.6417
117.3428,1,1548.592,863.0137,1548.471,862.8278
117.3541,1,1549.261,864.008,1548.866,863.4178
117.3659,1,1549.261,864.008,1549.064,863.7129
117.3754,1,1549.261,864.008,1549.162,863.8605
117.3892,1,1550.255,865.7571,1549.708,864.8088
117.4022,1,1550.255,865.7571,1549.982,865.283
117.4132,1,1551.216,866.5479,1550.599,865.9154
117.426,1,1551.216,866.5479,1550.907,866.2317
117.4396,1,1551.492,868.1758,1551.2,867.2037
117.4504,1,1551.492,868.1758,1551.346,867.6898
117.4628,1,1551.492,868.1758,1551.419,867.9327
117.4735,1,1552.03,869.8495,1551.724,868.8911
117.4874,1,1552.03,869.8495,1551.877,869.3704
117.4979,1,1553.17,870.8846,1552.524,870.1274
117.508,1,1553.17,870.8846,1552.847,870.506
117.5209,1,1553.17,870.8846,1553.008,870.6953
117.5306,1,1554.191,872.9636,1553.6,871.8295
117.5422,1,1554.191,872.9636,1553.896,872.3965
117.5539,1,1554.191,872.9636,1554.043,872.6801
117.5667,1,1555.27,874.3679,1554.657,873.5239
117.5757,1,1555.27,874.3679,1554.964,873.9459
117.5875,1,1555.879,875.0957,1555.421,874.5208
117.5998,1,1555.879,875.0957,1555.65,874.8082
117.6094,1,1555.879,875.0957,1555.765,874.952
117.6236,1,1556.27,876.1129,1556.017,875.5325
117.6346,1,1556.27,876.1129,1556.143,875.8227
117.6486,1,1556.383,877.3372,1556.263,876.58
117.6603,1,1556.383,877.3372,1556.323,876.9586
117.6715,1,1556.383,877.3372,1556.353,877.1479
117.6851,1,1556.902,878.5144,1556.628,877.8312
117.6947,1,1556.902,878.5144,1556.765,878.1728
117.7058,1,1556.902,878.5144,1556.834,878.3436
117.7181,1,1559.091,880.478,1557.962,879.4108
117.7273,1,1559.091,880.478,1558.527,879.9445
117.7416,1,1561.336,883.8726,1559.931,881.9085
117.753,1,1561.336,883.8726,1560.633,882.8905
117.7655,1,1561.336,883.8726,1560.985,883.3815
117.7754,1,1563.636,887.0367,1562.31,885.2091
117.7896,1,1563.636,887.0367,1562.973,886.1229
117.8014,1,1565.544,890.2559,1564.259,888.1895
117.8129,1,1565.544,890.2559,1564.901,889.2227
117.8254,1,1565.544,890.2559,1565.223,889.7393
117.8348,1,1567.988,892.2816,1566.605,891.0104
117.8472,1,1567.988,892.2816,1567.296,891.646
117.8589,1,1569.366,894.12,1568.331,892.883
117.8691,1,1569.366,894.12,1568.849,893.5015
117.8805,1,1569.366,894.12,1569.107,893.8107
117.891,1,1570.067,895.7631,1569.587,894.7869
117.9037,1,1570.067,895.7631,1569.827,895.275
117.9129,1,1570.067,895.7631,1569.947,895.519
117.9261,1,1570.432,896.7255,1570.19,896.1223
117.9414,1,1570.432,896.7255,1570.311,896.424
117.9518,1,1571.093,898.1645,1570.702,897.2942
117.9641,1,1571.093,898.1645,1570.898,897.7294
117.9752,1,1571.093,898.1645,1570.995,897.9469
117.9876,1,1572.823,900.1842,1571.909,899.0656
117.9978,1,1572.823,900.1842,1572.366,899.6249
118.0081,1,1572.823,900.1842,1572.595,899.9045
118.021,1,1575.059,902.3423,1573.827,901.1234
118.0319,1,1575.059,902.3423,1574.443,901.7328
118.0438,1,1577.889,904.614,1576.166,903.1735
118.0551,1,1577.889,904.614,1577.027,903.8937
118.0667,1,1577.889,904.614,1577.458,904.2539
118.0778,1,1583.036,907.7932,1580.247,906.0236
118.0888,1,1583.036,907.7932,1581.642,906.9084
118.1,1,1583.036,907.7932,1582.339,907.3508
118.112,1,1587.821,911.1172,1585.08,909.234
118.1233,1,1587.821,911.1172,1586.45,910.1757
118.1335,1,1591.979,913.3142,1589.215,911.7449
118.1461,1,1591.979,913.3142,1590.597,912.5295
118.1656,1,1594.918,916.2679,1592.757,914.3987
118.1723,1,1594.918,916.2679,1593.837,915.3333
118.1811,1,1594.918,916.2679,1594.377,915.8005
118.1928,1,1598.845,919.7436,1596.611,917.7721
118.2091,1,1598.845,919.7436,1597.728,918.7578
118.2183,1,1598.845,919.7436,1598.287,919.2507
118.2291,1,1603.062,922.5284,1600.674,920.8895
118.241,1,1603.062,922.5284,1601.868,921.709
118.2521,1,1606.943,924.6313,1604.405,923.1702
118.2641,1,1606.943,924.6313,1605.674,923.9008
118.2751,1,1606.943,924.6313,1606.308,924.2661
118.288,1,1610.125,925.8149,1608.217,925.0405
118.2993,1,1610.125,925.8149,1609.171,925.4277
118.3111,1,1610.125,925.8149,1609.648,925.6213
118.3218,1,1613.201,927.5787,1611.424,926.6
118.3374,1,1613.201,927.5787,1612.313,927.0894
118.3513,1,1607.207,931.6745,1609.76,929.382
118.3609,1,1607.207,931.6745,1608.483,930.5282
118.3728,1,1599.344,936.1837,1603.913,933.356
118.3845,1,1599.344,936.1837,1601.629,934.7698
118.3954,1,1599.344,936.1837,1600.486,935.4767
118.4089,1,1592.458,941.667,1596.472,938.5718
118.4212,1,1592.458,941.667,1594.465,940.1194
118.4318,1,1592.458,941.667,1593.462,940.8932
118.444,1,1587.501,946.5978,1590.481,943.7455
118.4549,1,1587.501,946.5978,1588.991,945.1716
118.4683,1,1582.567,949.4715,1585.779,947.3215
118.4798,1,1582.567,949.4715,1584.173,948.3965
118.4905,1,1582.567,949.4715,1583.37,948.934
118.5037,1,1520.731,937.9316,1552.05,943.4328
118.5136,1,1520.731,937.9316,1536.391,940.6823
118.5259,1,1229.985,862.5981,1383.188,901.6401
118.5373,1,1229.985,862.5981,1306.587,882.1191
118.5472,1,1229.985,862.5981,1268.286,872.3586
118.5598,1,890.0677,779.4175,1079.177,825.8881
118.5709,1,890.0677,779.4175,984.6223,802.6528
118.5835,1,890.0677,779.4175,937.345,791.0352
118.5935,1,714.6744,741.2787,826.0097,766.1569
118.6063,1,714.6744,741.2787,770.342,753.7178
118.6184,1,636.6145,725.8182,703.4783,739.768
118.6283,1,636.6145,725.8182,670.0464,732.7931
118.6418,1,636.6145,725.8182,653.3304,729.3057
118.6533,1,603.7131,718.2072,628.5218,723.7565
118.6657,1,603.7131,718.2072,616.1174,720.9818
118.6777,1,589.43,716.0536,602.7737,718.5177
118.6885,1,589.43,716.0536,596.1018,717.2856
118.7018,1,589.43,716.0536,592.7659,716.6697
118.7137,1,552.7775,719.1707,572.7717,717.9202
118.7257,1,552.7775,719.1707,562.7745,718.5454
118.7383,1,524.5046,719.5618,543.6396,719.0536
118.7494,1,524.5046,719.5618,534.0721,719.3077
118.761,1,524.5046,719.5618,529.2884,719.4348
118.7716,1,509.367,720.0021,519.3277,719.7185
118.784,1,509.367,720.0021,514.3474,719.8604
118.7952,1,509.367,720.0021,511.8572,719.9313
118.8055,1,502.6537,718.7902,507.2555,719.3607
118.8144,1,502.6537,718.7902,504.9546,719.0754
118.8278,1,582.5815,736.5679,543.7681,727.8217
118.8385,1,582.5815,736.5679,563.1748,732.1948
118.8505,1,582.5815,736.5679,572.8782,734.3813
118.8657,1,972.16,822.6107,772.5191,778.496
118.8744,1,972.16,822.6107,872.3396,800.5533
118.8879,1,1361.217,916.5559,1116.779,858.5546
118.9134,1,1361.217,916.5559,1238.998,887.5553
118.9218,1,1544.408,961.5966,1391.703,924.5759
118.933,1,1544.408,961.5966,1468.055,943.0862
118.9445,1,1544.408,961.5966,1506.231,952.3414
118.9539,1,1622.281,981.196,1564.256,966.7687
118.9659,1,1622.281,981.196,1593.269,973.9824
118.9756,1,1622.281,981.196,1607.775,977.5892
118.9883,1,1655.629,989.1371,1631.702,983.3632
118.9989,1,1655.629,989.1371,1643.666,986.2501
119.009,1,1670.344,993.4631,1657.005,989.8566
119.0246,1,1670.344,993.4631,1663.674,991.6598
119.04,1,1678.774,997.9077,1671.224,994.7838
119.0478,1,1678.774,997.9077,1674.999,996.3457
119.0585,1,1678.774,997.9077,1676.887,997.1267
119.0692,1,1681.688,1001.573,1679.288,999.3497
119.0809,1,1681.688,1001.573,1680.488,1000.461
119.0924,1,1681.688,1001.573,1681.088,1001.017
119.1057,1,1684.485,1004.129,1682.786,1002.573
119.1177,1,1684.485,1004.129,1683.635,1003.351
119.1408,1,1687.616,1005.173,1685.626,1004.262
119.1488,1,1687.616,1005.173,1686.621,1004.718
119.1558,1,1687.616,1005.173,1687.118,1004.946
119.1705,1,1689.049,1006.425,1688.084,1005.685
119.1809,1,1689.049,1006.425,1688.567,1006.055
119.1927,1,1690.46,1008.293,1689.513,1007.174
119.2068,1,1690.46,1008.293,1689.986,1007.733
119.2183,1,1690.46,1008.293,1690.223,1008.013
119.2289,1,1690.919,1009.707,1690.571,1008.86
119.24,1,1690.919,1009.707,1690.745,1009.284
119.2527,1,1691.828,1011.276,1691.287,1010.28
119.2639,1,1691.828,1011.276,1691.558,1010.778
119.2775,1,1691.828,1011.276,1691.693,1011.027
119.2886,1,1692.448,1012.47,1692.071,1011.749
119.3021,1,1692.448,1012.47,1692.259,1012.109
119.3119,1,1693.201,1012.812,1692.73,1012.46
119.325,1,1693.201,1012.812,1692.966,1012.636
119.3358,1,1693.201,1012.812,1693.083,1012.724
119.3475,1,1693.636,1013.522,1693.36,1013.123
119.3592,1,1693.636,1013.522,1693.498,1013.323
119.3698,1,1694.281,1013.494,1693.89,1013.408
119.3821,1,1694.281,1013.494,1694.086,1013.451
119.3924,1,1694.281,1013.494,1694.183,1013.472
119.4057,1,1694.874,1013.321,1694.529,1013.396
119.4201,1,1694.874,1013.321,1694.702,1013.359
119.4321,1,1695.627,1013.435,1695.164,1013.397
119.4468,1,1695.627,1013.435,1695.396,1013.416
119.4588,1,1695.627,1013.435,1695.512,1013.426
119.4659,1,1696.217,1013.716,1695.865,1013.571
119.4778,1,1696.217,1013.716,1696.041,1013.644
119.4903,1,1696.217,1013.716,1696.129,1013.68
119.5046,1,1696.64,1014.081,1696.385,1013.881
119.5148,1,1696.64,1014.081,1696.513,1013.981
119.5276,1,1697.227,1014.237,1696.87,1014.109
119.5393,1,1697.227,1014.237,1697.048,1014.173
119.5503,1,1697.227,1014.237,1697.137,1014.205
119.5653,1,1697.699,1014.709,1697.418,1014.457
119.5732,1,1697.699,1014.709,1697.559,1014.583
119.5881,1,1698.232,1015.773,1697.895,1015.178
119.5972,1,1698.232,1015.773,1698.063,1015.475
119.6117,1,1699.53,1016.867,1698.797,1016.171
119.6242,1,1699.53,1016.867,1699.163,1016.519
119.6333,1,1699.53,1016.867,1699.347,1016.693
119.647,1,1700.722,1017.824,1700.034,1017.259
119.6581,1,1700.722,1017.824,1700.378,1017.542
119.6713,1,1700.722,1017.824,1700.55,1017.683
119.682,1,1701.945,1018.682,1701.247,1018.182
119.6927,1,1701.945,1018.682,1701.596,1018.432
119.7065,1,1702.825,1019.563,1702.21,1018.997
119.7181,1,1702.825,1019.563,1702.518,1019.28
119.7274,1,1702.825,1019.563,1702.671,1019.421
119.7403,1,1703.837,1020.45,1703.254,1019.936
119.7515,1,1703.837,1020.45,1703.546,1020.193
119.7621,1,1703.837,1020.45,1703.692,1020.321
119.7729,1,1705.267,1021.478,1704.479,1020.9
119.7848,1,1705.267,1021.478,1704.873,1021.189
119.7951,1,1706.961,1021.988,1705.917,1021.588
119.8083,1,1706.961,1021.988,1706.439,1021.788
119.8209,1,1706.961,1021.988,1706.7,1021.888
119.833,1,1708.513,1023.291,1707.606,1022.59
119.8459,1,1708.513,1023.291,1708.06,1022.94
119.8596,1,1709.905,1024.605,1708.982,1023.773
119.8708,1,1709.905,1024.605,1709.443,1024.189
119.8832,1,1711.574,1025.7,1710.509,1024.944
119.8932,1,1711.574,1025.7,1711.042,1025.322
119.9049,1,1711.574,1025.7,1711.308,1025.511
119.9139,1,1713.332,1026.723,1712.32,1026.117
119.9282,1,1713.332,1026.723,1712.826,1026.42
119.9415,1,1713.332,1026.723,1713.079,1026.571
119.9543,1,1714.964,1026.893,1714.022,1026.732
119.9669,1,1714.964,1026.893,1714.493,1026.813
119.9783,1,1716.549,1027.379,1715.521,1027.096
119.9893,1,1716.549,1027.379,1716.035,1027.238
120.0029,1,1716.549,1027.379,1716.292,1027.309
120.0139,1,1717.741,1027.772,1717.017,1027.541
120.0261,1,1717.741,1027.772,1717.379,1027.656
120.0371,1,1718.698,1027.977,1718.038,1027.817
120.049,1,1718.698,1027.977,1718.368,1027.897
120.0598,1,1718.698,1027.977,1718.533,1027.937
120.0706,1,1719.721,1028.425,1719.127,1028.181
120.0821,1,1719.721,1028.425,1719.424,1028.303
120.093,1,1719.721,1028.425,1719.572,1028.364
120.1061,1,1721.24,1029.405,1720.406,1028.885
120.1193,1,1721.24,1029.405,1720.823,1029.145
120.1266,1,1722.875,1030.242,1721.849,1029.694
120.1394,1,1722.875,1030.242,1722.362,1029.968
120.1514,1,1722.875,1030.242,1722.618,1030.105
120.1625,1,1724.649,1031.16,1723.634,1030.633
120.1738,1,1724.649,1031.16,1724.142,1030.896
120.1862,1,1726.859,1031.724,1725.5,1031.31
120.1949,1,1726.859,1031.724,1726.18,1031.517
120.2085,1,1726.859,1031.724,1726.519,1031.62
120.2219,1,1729.441,1032.377,1727.98,1031.998
120.2343,1,1729.441,1032.377,1728.711,1032.188
120.2456,1,1729.441,1032.377,1729.076,1032.282
120.2557,1,1731.6,1032.651,1730.338,1032.467
120.2699,1,1731.6,1032.651,1730.969,1032.559
120.2815,1,1733.356,1033.091,1732.162,1032.825
120.2911,1,1733.356,1033.091,1732.759,1032.958
120.3054,1,1733.356,1033.091,1733.057,1033.025
120.3141,1,1735.513,1032.875,1734.285,1032.95
120.3271,1,1735.513,1032.875,1734.899,1032.913
120.3405,1,1737.041,1032.589,1735.97,1032.751
120.3535,1,1737.041,1032.589,1736.506,1032.67
120.3675,1,1738.432,1032.307,1737.469,1032.489
120.3783,1,1738.432,1032.307,1737.95,1032.398
120.3902,1,1738.432,1032.307,1738.191,1032.353
120.4049,1,1739.379,1032.664,1738.785,1032.508
120.4142,1,1739.379,1032.664,1739.082,1032.586
120.427,1,1739.379,1032.664,1739.23,1032.625
120.44,1,1740.035,1032.93,1739.633,1032.778
120.4513,1,1740.035,1032.93,1739.834,1032.854
120.4645,1,1740.543,1033.05,1740.189,1032.952
120.4748,1,1740.543,1033.05,1740.366,1033.001
120.4882,1,1741.285,1032.745,1740.825,1032.873
120.5025,1,1741.285,1032.745,1741.055,1032.809
120.5105,1,1741.285,1032.745,1741.17,1032.777
120.5231,1,1740.336,1020.925,1740.753,1026.851
120.5374,1,1740.336,1020.925,1740.544,1023.888
120.5468,1,1740.336,1020.925,1740.44,1022.407
120.574,1,1735.854,994.0139,1738.147,1008.21
120.5833,1,1730.586,965.9946,1734.367,987.1025
120.5901,1,1730.586,965.9946,1732.477,976.5486
120.6026,1,1730.586,965.9946,1731.531,971.2716
120.6127,1,1726.7,942.5406,1729.116,956.9061
120.6233,1,1726.7,942.5406,1727.908,949.7234
120.6346,1,1726.7,942.5406,1727.304,946.132
120.6457,1,1724.148,924.9065,1725.726,935.5193
120.6575,1,1724.148,924.9065,1724.937,930.2129
120.6693,1,1721.661,910.5679,1723.299,920.3904
120.6799,1,1721.661,910.5679,1722.48,915.4791
120.6914,1,1721.661,910.5679,1722.071,913.0236
120.7058,1,1717.136,899.937,1719.603,906.4803
120.7146,1,1717.136,899.937,1718.37,903.2086
120.7286,1,1588.355,832.5776,1653.362,867.8931
120.74,1,1588.355,832.5776,1620.858,850.2354
120.7512,1,1588.355,832.5776,1604.607,841.4065
120.763,1,1194.496,612.3246,1399.551,726.8655
120.7729,1,1194.496,612.3246,1297.024,669.5951
120.7862,1,1194.496,612.3246,1245.76,640.9598
120.7974,1,926.068,445.7382,1085.914,543.349
120.8077,1,926.068,445.7382,1005.991,494.5436
120.8199,1,926.068,445.7382,966.0295,470.1409
120.8291,1,826.1218,384.3153,896.0756,427.2281
120.8435,1,826.1218,384.3153,861.0987,405.7717
120.8542,1,787.5955,357.9206,824.3471,381.8461
120.8683,1,787.5955,357.9206,805.9713,369.8834
120.881,1,773.4104,349.0306,789.6909,359.457
120.8914,1,773.4104,349.0306,781.5507,354.2438
120.905,1,773.4104,349.0306,777.4805,351.6372
120.912,1,769.6616,347.713,773.571,349.6751
120.9249,1,769.6616,347.713,771.6163,348.694
120.9356,1,769.6616,347.713,770.6389,348.2035
120.9481,1,767.0018,347.2885,768.8203,347.746
120.9622,1,767.0018,347.2885,767.911,347.5173
120.9736,1,796.8301,396.3332,782.3705,371.9252
120.9868,1,796.8301,396.3332,789.6003,384.1292
120.9982,1,796.8301,396.3332,793.2152,390.2312
121.0087,1,829.0757,440.2217,811.1455,415.2264
121.0208,1,829.0757,440.2217,820.1106,427.7241
121.033,1,883.7454,511.9521,851.928,469.8381
121.0464,1,883.7454,511.9521,867.8367,490.8951
121.0605,1,883.7454,511.9521,875.791,501.4236
121.0714,1,939.9751,583.9991,907.8831,542.7114
121.083,1,939.9751,583.9991,923.9291,563.3552
121.0952,1,979.9529,631.986,951.941,597.6706
121.1076,1,979.9529,631.986,965.9469,614.8282
121.12,1,979.9529,631.986,972.9499,623.4071
121.1309,1,1003.24,663.3314,988.0951,643.3693
121.1441,1,1003.24,663.3314,995.6677,653.3503
121.1546,1,1015.499,679.578,1005.583,666.4642
121.1672,1,1015.499,679.578,1010.541,673.0211
121.1785,1,1015.499,679.578,1013.02,676.2996
121.1902,1,1022.618,688.7825,1017.819,682.541
121.204,1,1022.618,688.7825,1020.219,685.6617
121.2146,1,1087.043,689.239,1053.631,687.4504
121.2264,1,1087.043,689.239,1070.337,688.3447
121.2388,1,1087.043,689.239,1078.69,688.7919
121.2498,1,1259.634,716.6984,1169.162,702.7451
121.262,1,1259.634,716.6984,1214.398,709.7217
121.2733,1,1400.467,742.1131,1307.433,725.9174
121.2862,1,1400.467,742.1131,1353.95,734.0153
121.2978,1,1400.467,742.1131,1377.209,738.0642
121.3081,1,1476.202,751.5099,1426.705,744.787
121.3212,1,1476.202,751.5099,1451.454,748.1484
121.3306,1,1476.202,751.5099,1463.828,749.8292
121.3454,1,1519.275,758.301,1491.551,754.0651
121.3556,1,1519.275,758.301,1505.413,756.183
121.3672,1,1543.171,761.6843,1524.292,758.9337
121.3795,1,1543.171,761.6843,1533.732,760.309
121.39,1,1543.171,761.6843,1538.451,760.9966
121.4029,1,1554.971,765.0573,1546.711,763.027
121.4131,1,1554.971,765.0573,1550.841,764.0421
121.4276,1,1561.542,766.1877,1556.192,765.1149
121.4405,1,1561.542,766.1877,1558.867,765.6514
121.4502,1,1561.542,766.1877,1560.204,765.9196
121.4633,1,1565.035,769.9712,1562.619,767.9454
121.4734,1,1565.035,769.9712,1563.827,768.9583
121.4876,1,1567.017,769.8934,1565.422,769.4258
121.4979,1,1567.017,769.8934,1566.219,769.6597
121.5084,1,1567.017,769.8934,1566.618,769.7766
121.5221,1,1568.159,769.9731,1567.389,769.8749
121.5316,1,1568.159,769.9731,1567.774,769.924
121.5438,1,1568.159,769.9731,1567.967,769.9486
121.5549,1,1568.591,770.0046,1568.279,769.9766
121.5682,1,1568.591,770.0046,1568.435,769.9906
121.5805,1,1569.35,770.1149,1568.892,770.0527
121.5899,1,1569.35,770.1149,1569.121,770.0838
121.6035,1,1569.35,770.1149,1569.236,770.0994
121.6138,1,1568.827,770.4707,1569.031,770.285
121.6241,1,1568.827,770.4707,1568.929,770.3779
121.6352,1,1568.827,770.4707,1568.878,770.4243
121.6484,1,1568.374,769.6393,1568.626,770.0319
121.6605,1,1568.374,769.6393,1568.5,769.8356
121.6723,1,1567.997,770.0686,1568.248,769.9521
121.6844,1,1567.997,770.0686,1568.123,770.0104
121.6955,1,1567.997,770.0686,1568.06,770.0395
121.7081,1,1567.359,770.5549,1567.709,770.2972
121.719,1,1567.359,770.5549,1567.534,770.4261
121.7293,1,1566.922,770.2905,1567.228,770.3583
121.7427,1,1566.922,770.2905,1567.075,770.3244
121.7552,1,1566.922,770.2905,1566.998,770.3075
121.7683,1,1566.692,770.2665,1566.845,770.287
121.7794,1,1566.692,770.2665,1566.768,770.2767
121.7896,1,1566.39,770.5095,1566.579,770.3931
121.8024,1,1566.39,770.5095,1566.484,770.4513
121.8137,1,1566.39,770.5095,1566.437,770.4804
121.8256,1,1565.865,770.2639,1566.151,770.3722
121.8376,1,1565.865,770.2639,1566.008,770.3181
121.8473,1,1565.382,769.7697,1565.695,770.0438
121.8596,1,1565.382,769.7697,1565.539,769.9067
121.8709,1,1565.382,769.7697,1565.46,769.8382
121.8838,1,1564.98,769.2269,1565.22,769.5326
121.8942,1,1564.98,769.2269,1565.1,769.3798
121.9077,1,1564.458,768.6552,1564.779,769.0175
121.9206,1,1564.458,768.6552,1564.618,768.8363
121.9307,1,1564.458,768.6552,1564.538,768.7457
121.9422,1,1564.037,768.6116,1564.288,768.6787
121.9533,1,1564.037,768.6116,1564.162,768.6451
121.966,1,1564.037,768.6116,1564.1,768.6284
121.9783,1,1563.582,768.5773,1563.841,768.6028
121.9894,1,1563.582,768.5773,1563.711,768.5901
122.0024,1,1563.886,768.7609,1563.799,768.6755
122.0124,1,1563.886,768.7609,1563.843,768.7181
122.0255,1,1563.886,768.7609,1563.864,768.7395
122.0388,1,1567.712,770.6341,1565.788,769.6868
122.0484,1,1567.712,770.6341,1566.75,770.1604
122.0617,1,1575.713,775.4583,1571.232,772.8093
122.0733,1,1575.713,775.4583,1573.472,774.1338
122.086,1,1575.713,775.4583,1574.593,774.796
122.0977,1,1586.428,781.5868,1580.51,778.1914
122.1055,1,1586.428,781.5868,1583.469,779.8891
122.1208,1,1596.535,786.607,1590.002,783.248
122.1293,1,1596.535,786.607,1593.269,784.9275
122.1432,1,1596.535,786.607,1594.902,785.7672
122.1535,1,1606.408,792.5655,1600.655,789.1664
122.1652,1,1606.408,792.5655,1603.531,790.866
122.178,1,1606.408,792.5655,1604.97,791.7157
122.1904,1,1613.704,797.4617,1609.337,794.5887
122.2025,1,1613.704,797.4617,1611.521,796.0251
122.2122,1,1619.339,801.2058,1615.43,798.6155
122.2258,1,1619.339,801.2058,1617.385,799.9106
122.2384,1,1619.339,801.2058,1618.362,800.5582
122.2475,1,1624.651,803.5148,1621.507,802.0365
122.2729,1,1628.664,805.9575,1625.085,803.997
122.286,1,1628.664,805.9575,1626.874,804.9773
122.2919,1,1628.664,805.9575,1627.769,805.4674
122.3061,1,1631.322,808.5359,1629.546,807.0017
122.318,1,1631.322,808.5359,1630.434,807.7688
122.3273,1,1631.322,808.5359,1630.878,808.1523
122.341,1,1634.251,809.1375,1632.564,808.6449
122.3514,1,1634.251,809.1375,1633.408,808.8912
122.3647,1,1636.202,810.9039,1634.805,809.8976
122.3786,1,1636.202,810.9039,1635.503,810.4008
122.3925,1,1637.257,811.7329,1636.38,811.0668
122.402,1,1637.257,811.7329,1636.819,811.3999
122.4109,1,1637.257,811.7329,1637.038,811.5664
122.4235,1,1637.995,812.7312,1637.516,812.1488
122.4349,1,1637.995,812.7312,1637.755,812.44
122.4468,1,1637.995,812.7312,1637.875,812.5856
122.4587,1,1639.026,813.4021,1638.451,812.9938
122.4745,1,1639.026,813.4021,1638.739,813.198
122.4854,1,1640.57,813.3815,1639.654,813.2898
122.4931,1,1640.57,813.3815,1640.112,813.3357
122.5062,1,1640.57,813.3815,1640.341,813.3586
122.5203,1,1604.099,809.9808,1622.22,811.6697
122.5308,1,1604.099,809.9808,1613.16,810.8252
122.5436,1,1324.288,788.1249,1468.724,799.4751
122.5551,1,1324.288,788.1249,1396.506,793.8
122.568,1,1324.288,788.1249,1360.397,790.9625
122.5798,1,956.2084,764.4321,1158.303,777.6973
122.5905,1,956.2084,764.4321,1057.256,771.0647
122.6044,1,761.6536,750.7516,909.4547,760.9082
122.6175,1,761.6536,750.7516,835.5542,755.83
122.627,1,761.6536,750.7516,798.6039,753.2908
122.6399,1,679.2885,747.1663,738.9462,750.2285
122.6509,1,679.2885,747.1663,709.1173,748.6974
122.6643,1,639.8078,745.9443,674.4625,747.3208
122.6734,1,639.8078,745.9443,657.1351,746.6326
122.6867,1,639.8078,745.9443,648.4714,746.2885
122.6996,1,589.4135,781.633,618.9425,763.9607
122.7101,1,589.4135,781.633,604.178,772.7969
122.7215,1,589.4135,781.633,596.7958,777.215
122.7325,1,559.0724,813.1096,577.9341,795.1623
122.7439,1,559.0724,813.1096,568.5033,804.136
122.7548,1,543.1919,827.7543,555.8476,815.9451
122.7696,1,543.1919,827.7543,549.5198,821.8497
122.7801,1,543.1919,827.7543,546.3558,824.802
122.7904,1,537.0057,838.2134,541.6808,831.5077
122.8038,1,537.0057,838.2134,539.3433,834.8605
122.8184,1,530.0632,843.5035,534.7032,839.182
122.8259,1,530.0632,843.5035,532.3832,841.3428
122.8411,1,530.0632,843.5035,531.2233,842.4231
122.8517,1,525.6093,846.8993,528.4163,844.6612
122.8646,1,525.6093,846.8993,527.0128,845.7803
122.8748,1,585.452,851.2001,556.2324,848.4902
122.8879,1,585.452,851.2001,570.8422,849.8451
122.9009,1,585.452,851.2001,578.1471,850.5226
122.9125,1,864.8878,860.1538,721.5175,855.3382
122.9262,1,864.8878,860.1538,793.2026,857.746
122.9384,1,1281.91,873.0045,1037.556,865.3752
122.9505,1,1281.91,873.0045,1159.733,869.1898
122.9624,1,1281.91,873.0045,1220.822,871.0972
122.975,1,1511.859,875.7725,1366.34,873.4348
122.9921,1,1511.859,875.7725,1439.1,874.6036
123.0053,1,1612.334,878.937,1525.717,876.7703
123.0174,1,1612.334,878.937,1569.025,877.8536
123.0234,1,1612.334,878.937,1590.679,878.3953
123.0342,1,1653.29,887.0319,1621.985,882.7136
123.0481,1,1653.29,887.0319,1637.638,884.8727
123.06,1,1671.514,889.6065,1654.576,887.2396
123.0728,1,1671.514,889.6065,1663.045,888.4231
123.0859,1,1680.125,887.7424,1671.585,888.0828
123.0978,1,1680.125,887.7424,1675.855,887.9126
123.1079,1,1680.125,887.7424,1677.99,887.8275
123.1202,1,1682.499,888.841,1680.245,888.3342
123.1294,1,1682.499,888.841,1681.372,888.5876
123.1446,1,1682.499,888.841,1681.936,888.7144
123.1574,1,1684.398,887.4821,1683.167,888.0982
123.17,1,1684.398,887.4821,1683.783,887.7902
123.1823,1,1687.226,888.447,1685.504,888.1186
123.1915,1,1687.226,888.447,1686.365,888.2828
123.2054,1,1687.226,888.447,1686.795,888.3649
123.2197,1,1690.159,890.6422,1688.477,889.5035
123.2275,1,1690.159,890.6422,1689.318,890.0729
123.2554,1,1691.77,893.009,1690.544,891.541
123.264,1,1691.77,893.009,1691.157,892.275
123.27,1,1693.655,894.4949,1692.406,893.385
123.2846,1,1693.655,894.4949,1693.031,893.9399
123.2973,1,1696.118,896.6564,1694.574,895.2982
123.3077,1,1696.118,896.6564,1695.346,895.9773
123.3202,1,1696.118,896.6564,1695.732,896.3169
123.3302,1,1698.247,897.8888,1696.989,897.1028
123.3438,1,1698.247,897.8888,1697.618,897.4958
123.3548,1,1698.247,897.8888,1697.933,897.6923
123.3679,1,1699.983,900.1091,1698.958,898.9007
123.3787,1,1699.983,900.1091,1699.47,899.5049
123.3905,1,1701.717,902.2823,1700.594,900.8936
123.4035,1,1701.717,902.2823,1701.155,901.588
123.4134,1,1701.717,902.2823,1701.436,901.9352
123.4261,1,1703.889,903.5656,1702.662,902.7504
123.4398,1,1703.889,903.5656,1703.275,903.158
123.4513,1,1705.254,905.3585,1704.265,904.2582
123.4661,1,1705.254,905.3585,1704.759,904.8083
123.4746,1,1705.254,905.3585,1705.007,905.0834
123.4884,1,1706.532,906.0192,1705.77,905.5513
123.4989,1,1706.532,906.0192,1706.151,905.7853
123.5106,1,1707.791,906.5396,1706.971,906.1625
123.5243,1,1707.791,906.5396,1707.381,906.3511
123.5347,1,1707.791,906.5396,1707.586,906.4453
123.5468,1,1709.05,907.7448,1708.318,907.095
123.5595,1,1709.05,907.7448,1708.684,907.4199
123.5711,1,1709.916,908.3445,1709.3,907.8822
123.5829,1,1709.916,908.3445,1709.608,908.1133
123.5951,1,1709.916,908.3445,1709.762,908.2289
123.609,1,1710.977,908.8273,1710.369,908.5281
123.6227,1,1710.977,908.8273,1710.673,908.6777
123.6339,1,1711.454,909.3149,1711.064,908.9963
123.6451,1,1711.454,909.3149,1711.259,909.1556
123.6574,1,1711.454,909.3149,1711.357,909.2353
123.669,1,1711.83,909.9008,1711.594,909.5681
123.6807,1,1711.83,909.9008,1711.712,909.7344
123.6914,1,1711.778,910.033,1711.745,909.8837
123.7054,1,1711.778,910.033,1711.761,909.9583
123.72,1,1711.39,910.2827,1711.576,910.1205
123.7281,1,1711.39,910.2827,1711.483,910.2015
123.7414,1,1711.39,910.2827,1711.437,910.2421
123.7529,1,1711.156,910.5569,1711.297,910.3995
123.7653,1,1711.156,910.5569,1711.227,910.4781
123.7778,1,1711.156,910.5569,1711.191,910.5175
123.7898,1,1711.084,910.6976,1711.138,910.6075
123.8029,1,1711.084,910.6976,1711.111,910.6526
123.818,1,1710.658,911.0435,1710.885,910.848
123.8281,1,1710.658,911.0435,1710.771,910.9458
123.8421,1,1710.011,911.1003,1710.391,911.0231
123.8533,1,1710.011,911.1003,1710.201,911.0616
123.8659,1,1710.011,911.1003,1710.106,911.0809
123.877,1,1709.412,911.279,1709.759,911.1799
123.8887,1,1709.412,911.279,1709.585,911.2295
123.9017,1,1708.78,911.4462,1709.183,911.3379
123.9125,1,1708.78,911.4462,1708.981,911.3921
123.926,1,1708.78,911.4462,1708.881,911.4192
123.9391,1,1707.764,911.8179,1708.322,911.6185
123.9504,1,1707.764,911.8179,1708.043,911.7182
123.9644,1,1706.645,912.4405,1707.344,912.0793
123.9746,1,1706.645,912.4405,1706.994,912.2599
123.9876,1,1706.645,912.4405,1706.82,912.3502
124.0003,1,1705.462,912.74,1706.141,912.5451
124.0079,1,1705.462,912.74,1705.802,912.6426
124.0215,1,1705.462,912.74,1705.632,912.6913
124.0336,1,1704.132,913.7708,1704.882,913.2311
124.0451,1,1704.132,913.7708,1704.507,913.501
124.0553,1,1702.595,914.834,1703.551,914.1675
124.0699,1,1702.595,914.834,1703.073,914.5007
124.0806,1,1702.595,914.834,1702.834,914.6674
124.0908,1,1701.014,915.5116,1701.924,915.0895
124.1067,1,1701.014,915.5116,1701.469,915.3005
124.1176,1,1699.473,917.1758,1700.471,916.2382
124.1283,1,1699.473,917.1758,1699.972,916.707
124.1413,1,1699.473,917.1758,1699.722,916.9414
124.1535,1,1697.96,919.0798,1698.841,918.0106
124.1668,1,1697.96,919.0798,1698.401,918.5452
124.1774,1,1696.023,920.6435,1697.212,919.5944
124.1874,1,1696.023,920.6435,1696.617,920.1189
124.2015,1,1696.023,920.6435,1696.32,920.3812
124.2115,1,1694.26,922.1512,1695.29,921.2662
124.2234,1,1694.26,922.1512,1694.775,921.7087
124.2346,1,1692.243,923.8431,1693.509,922.7759
124.2495,1,1692.243,923.8431,1692.876,923.3096
124.2613,1,1692.243,923.8431,1692.559,923.5764
124.273,1,1690.592,925.2883,1691.576,924.4324
124.288,1,1690.592,925.2883,1691.084,924.8604
124.2972,1,1688.676,926.3527,1689.88,925.6065
124.3095,1,1688.676,926.3527,1689.278,925.9796
124.3216,1,1688.676,926.3527,1688.977,926.1661
124.3346,1,1686.798,927.9469,1687.887,927.0565
124.3445,1,1686.798,927.9469,1687.343,927.5017
124.355,1,1684.725,929.7225,1686.034,928.6121
124.3696,1,1684.725,929.7225,1685.379,929.1672
124.3794,1,1684.725,929.7225,1685.052,929.4448
124.3899,1,1680.952,932.3438,1683.002,930.8943
124.4025,1,1680.952,932.3438,1681.977,931.619
124.4121,1,1680.952,932.3438,1681.464,931.9814
124.4256,1,1680.666,935.5839,1681.065,933.7826
124.4376,1,1680.666,935.5839,1680.866,934.6832
124.4466,1,1679.123,938.2295,1679.995,936.4564
124.4605,1,1679.123,938.2295,1679.559,937.3429
124.4709,1,1679.123,938.2295,1679.341,937.7862
124.4864,1,1677.376,939.3547,1678.358,938.5704
124.4951,1,1677.376,939.3547,1677.867,938.9626
124.5082,1,1675.871,942.1232,1676.869,940.5429
124.5207,1,1675.871,942.1232,1676.37,941.3331
124.531,1,1675.871,942.1232,1676.121,941.7281
124.5447,1,1673.637,944.5117,1674.879,943.1199
124.5555,1,1673.637,944.5117,1674.258,943.8158
124.5703,1,1671.794,946.6139,1673.026,945.2148
124.5837,1,1671.794,946.6139,1672.41,945.9144
124.5927,1,1671.794,946.6139,1672.102,946.2642
124.6063,1,1670.305,948.2029,1671.203,947.2335
124.6187,1,1670.305,948.2029,1670.754,947.7183
124.6283,1,1668.589,950.5917,1669.671,949.155
124.6429,1,1668.589,950.5917,1669.13,949.8733
124.6544,1,1668.589,950.5917,1668.859,950.2325
124.6677,1,1666.008,952.3067,1667.434,951.2696
124.6786,1,1666.008,952.3067,1666.721,951.7881
124.6889,1,1663.572,954.6203,1665.146,953.2042
124.703,1,1663.572,954.6203,1664.359,953.9122
124.7115,1,1663.572,954.6203,1663.965,954.2662
124.7238,1,1661.436,957.2116,1662.701,955.7389
124.735,1,1661.436,957.2116,1662.068,956.4752
124.7482,1,1658.855,959.1362,1660.462,957.8057
124.7598,1,1658.855,959.1362,1659.658,958.4709
124.7702,1,1658.855,959.1362,1659.257,958.8036
124.7848,1,1655.661,960.6268,1657.459,959.7152
124.7954,1,1655.661,960.6268,1656.56,960.171
124.8085,1,1651.682,961.8774,1654.121,961.0242
124.8213,1,1651.682,961.8774,1652.902,961.4508
124.8353,1,1651.682,961.8774,1652.292,961.6641
124.8454,1,1648.332,962.3021,1650.312,961.9831
124.8583,1,1648.332,962.3021,1649.322,962.1426
124.8692,1,1644.994,962.8347,1647.158,962.4886
124.8818,1,1644.994,962.8347,1646.076,962.6617
124.8933,1,1644.994,962.8347,1645.535,962.7482
124.9056,1,1642.207,963.3286,1643.871,963.0383
124.9194,1,1642.207,963.3286,1643.039,963.1835
124.9271,1,1642.207,963.3286,1642.623,963.256
124.9405,1,1639.594,963.7023,1641.109,963.4791
124.952,1,1639.594,963.7023,1640.352,963.5907
124.9634,1,1636.966,964.4313,1638.659,964.011
124.9745,1,1636.966,964.4313,1637.812,964.2211
124.9877,1,1636.966,964.4313,1637.389,964.3262
124.9985,1,1634.576,964.7368,1635.982,964.5315
125.0091,1,1634.576,964.7368,1635.279,964.6342
125.0217,1,1632.055,964.8494,1633.667,964.7418
125.0333,1,1632.055,964.8494,1632.861,964.7955
125.0457,1,1632.055,964.8494,1632.458,964.8224
125.0572,1,1629.198,965.3859,1630.828,965.1041
125.0683,1,1629.198,965.3859,1630.013,965.245
125.0793,1,1626.764,965.6863,1628.388,965.4656
125.0904,1,1626.764,965.6863,1627.576,965.5759
125.1041,1,1626.764,965.6863,1627.17,965.6311
125.1132,1,1624.791,966.2813,1625.98,965.9562
125.1263,1,1624.791,966.2813,1625.385,966.1188
125.1385,1,1624.791,966.2813,1625.088,966.2001
125.1478,1,1622.69,966.9762,1623.889,966.5881
125.1612,1,1622.69,966.9762,1623.289,966.7822
125.1739,1,1620.036,968.5126,1621.662,967.6474
125.1873,1,1620.036,968.5126,1620.849,968.08
125.1979,1,1620.036,968.5126,1620.442,968.2963
125.2093,1,1617.789,970.2531,1619.116,969.2747
125.2226,1,1617.789,970.2531,1618.453,969.7639
125.2352,1,1612.319,973.622,1615.386,971.693
125.2463,1,1612.319,973.622,1613.853,972.6575
125.2586,1,1612.319,973.622,1613.086,973.1398
125.2709,1,1605.472,977.6509,1609.279,975.3953
125.2842,1,1605.472,977.6509,1607.375,976.5231
125.2938,1,1598.959,981.0349,1603.167,978.779
125.3068,1,1598.959,981.0349,1601.063,979.907
125.3195,1,1598.959,981.0349,1600.011,980.4709
125.3349,1,1592.766,984.4087,1596.389,982.4398
125.347,1,1592.766,984.4087,1594.578,983.4243
125.3573,1,1588.27,986.6428,1591.424,985.0336
125.3676,1,1588.27,986.6428,1589.847,985.8382
125.3815,1,1584.281,989.7535,1587.064,987.7958
125.3919,1,1584.281,989.7535,1585.672,988.7747
125.4053,1,1584.281,989.7535,1584.977,989.264
125.4188,1,1579.812,993.6175,1582.394,991.4408
125.4297,1,1579.812,993.6175,1581.103,992.5292
125.4427,1,1575.661,997.8306,1578.382,995.1799
125.4538,1,1575.661,997.8306,1577.022,996.5052
125.4664,1,1575.661,997.8306,1576.342,997.168
125.4783,1,1571.685,1001.662,1574.013,999.4152
125.4896,1,1571.685,1001.662,1572.849,1000.539
125.5035,1,1569.607,1005.219,1571.228,1002.879
125.5142,1,1569.607,1005.219,1570.417,1004.049
125.5255,1,1569.607,1005.219,1570.012,1004.634
125.5385,1,1568.122,1007.684,1569.067,1006.159
125.5514,1,1568.122,1007.684,1568.594,1006.922
125.5638,1,1564.021,1010.281,1566.308,1008.602
125.5741,1,1564.021,1010.281,1565.164,1009.442
125.5875,1,1564.021,1010.281,1564.593,1009.862
125.598,1,1487.339,1015.699,1525.966,1012.78
125.6088,1,1487.339,1015.699,1506.652,1014.239
125.6228,1,1120.807,1033.272,1313.729,1023.755
125.6343,1,1120.807,1033.272,1217.268,1028.514
125.6474,1,1120.807,1033.272,1169.038,1030.893
125.6599,1,743.025,1049.803,956.0313,1040.348
125.6706,1,743.025,1049.803,849.5282,1045.075
125.6849,1,568.3657,1054.013,708.9469,1049.544
125.693,1,568.3657,1054.013,638.6563,1051.778
125.7052,1,568.3657,1054.013,603.511,1052.896
125.7176,1,495.0959,1059.623,549.3035,1056.259
125.7282,1,495.0959,1059.623,522.1997,1057.941
125.7423,1,495.0959,1059.623,508.6478,1058.782
125.7525,1,464.5721,1057.927,486.6099,1058.355
125.7645,1,464.5721,1057.927,475.591,1058.141
125.7779,1,451.5125,1051.453,463.5518,1054.797
125.7898,1,451.5125,1051.453,457.5322,1053.125
125.804,1,451.5125,1051.453,454.5223,1052.289
125.8142,1,458.5504,1056.684,456.5364,1054.487
125.8266,1,458.5504,1056.684,457.5434,1055.585
125.8389,1,474.9976,1060.352,466.2705,1057.969
125.8513,1,474.9976,1060.352,470.634,1059.16
125.8638,1,474.9976,1060.352,472.8158,1059.756
125.8746,1,481.6264,1062.004,477.2211,1060.88
125.8874,1,481.6264,1062.004,479.4237,1061.442
125.8987,1,485.8784,1064.982,482.651,1063.212
125.9108,1,485.8784,1064.982,484.2647,1064.097
125.9254,1,521.108,1063.964,502.6864,1064.031
125.9323,1,521.108,1063.964,511.8972,1063.997
125.9476,1,521.108,1063.964,516.5026,1063.98
125.9631,1,786.6669,1060.491,651.5848,1062.236
125.9784,1,786.6669,1060.491,719.1259,1061.364
125.9856,1,786.6669,1060.491,752.8964,1060.927
125.9951,1,1186.913,1057.078,969.9048,1059.003
126.0087,1,1186.913,1057.078,1078.409,1058.04
126.0217,1,1401.991,1057.116,1240.2,1057.578
126.033,1,1401.991,1057.116,1321.096,1057.347
126.0594,1,1496.144,1054.115,1408.62,1055.731
126.0664,1,1496.144,1054.115,1452.382,1054.923
126.0734,1,1496.144,1054.115,1474.263,1054.519
126.0874,1,1534.933,1047.725,1504.598,1051.122
126.0985,1,1534.933,1047.725,1519.766,1049.424
126.1101,1,1553.491,1044.036,1536.629,1046.73
126.1238,1,1553.491,1044.036,1545.06,1045.383
126.1357,1,1553.491,1044.036,1549.276,1044.71
126.1487,1,1563.074,1040.041,1556.175,1042.375
126.1623,1,1563.074,1040.041,1559.624,1041.208
126.1736,1,1567.29,1037.379,1563.457,1039.294
126.1869,1,1567.29,1037.379,1565.373,1038.336
126.2003,1,1570.416,1034.851,1567.895,1036.594
126.2099,1,1570.416,1034.851,1569.156,1035.722
126.2236,1,1570.416,1034.851,1569.786,1035.287
126.2353,1,1562.454,1029.863,1566.12,1032.575
126.2479,1,1562.454,1029.863,1564.287,1031.219
126.2605,1,1552.839,1024.591,1558.563,1027.905
126.2719,1,1552.839,1024.591,1555.701,1026.248
126.2869,1,1546.021,1020.004,1550.861,1023.126
126.3119,1,1546.021,1020.004,1548.441,1021.565
126.3196,1,1541.099,1016.525,1544.77,1019.045
126.326,1,1541.099,1016.525,1542.934,1017.785
126.3406,1,1541.099,1016.525,1542.016,1017.155
126.3524,1,1536.979,1013.865,1539.498,1015.51
126.3646,1,1536.979,1013.865,1538.238,1014.687
126.3772,1,1536.979,1013.865,1537.609,1014.276
126.3908,1,1533.111,1011.477,1535.36,1012.876
126.404,1,1533.111,1011.477,1534.235,1012.177
126.415,1,1529.801,1008.883,1532.018,1010.53
126.433,1,1529.801,1008.883,1530.909,1009.706
126.4464,1,1526.76,1005.871,1528.835,1007.788
126.4547,1,1526.76,1005.871,1527.797,1006.829
126.4688,1,1526.76,1005.871,1527.279,1006.35
126.4798,1,1523.516,1002.916,1525.397,1004.633
126.4939,1,1523.516,1002.916,1524.456,1003.774
126.5076,1,1520.609,1000.061,1522.533,1001.918
126.5217,1,1520.609,1000.061,1521.571,1000.989
126.5315,1,1516.891,996.9638,1519.231,998.9764
126.5444,1,1516.891,996.9638,1518.061,997.9701
126.558,1,1516.891,996.9638,1517.476,997.4669
126.5695,1,1512.756,992.0945,1515.116,994.7808
126.586,1,1512.756,992.0945,1513.936,993.4376
126.6029,1,1509.981,986.0208,1511.959,989.7292
126.6109,1,1509.981,986.0208,1510.97,987.875
126.624,1,1505.651,978.5706,1508.311,983.2228
126.6357,1,1505.651,978.5706,1506.981,980.8967
126.6474,1,1505.651,978.5706,1506.316,979.7336
126.6599,1,1497.996,972.0322,1502.156,975.8829
126.6715,1,1497.996,972.0322,1500.076,973.9575
126.6854,1,1451.694,947.534,1475.885,960.7457
126.6949,1,1451.694,947.534,1463.79,954.1399
126.7078,1,1451.694,947.534,1457.742,950.8369
126.7208,1,1195.521,800.3431,1326.631,875.59
126.7307,1,1195.521,800.3431,1261.076,837.9666
126.7452,1,694.6688,475.9413,977.8724,656.9539
126.7551,1,694.6688,475.9413,836.2706,566.4476
126.7697,1,406.8661,267.3071,621.5684,416.8774
126.7803,1,406.8661,267.3071,514.2172,342.0922
126.7931,1,406.8661,267.3071,460.5417,304.6996
126.8067,1,317.7346,196.4739,389.1381,250.5868
126.8193,1,317.7346,196.4739,353.4364,223.5303
126.8308,1,292.1792,172.0446,322.8078,197.7875
126.8464,1,292.1792,172.0446,307.4935,184.916
126.8572,1,292.1792,172.0446,299.8364,178.4803
126.8692,1,284.1258,170.0517,291.9811,174.266
126.8813,1,284.1258,170.0517,288.0535,172.1589
126.8928,1,282.3425,159.9925,285.198,166.0757
126.9074,1,282.3425,159.9925,283.7702,163.0341
126.9205,1,279.6105,148.2125,281.6904,155.6233
126.9308,1,279.6105,148.2125,280.6505,151.9179
126.9451,1,279.6105,148.2125,280.1305,150.0652
126.9577,1,284.9018,153.4974,282.5161,151.7813
126.9689,1,284.9018,153.4974,283.709,152.6393
126.9812,1,292.1743,150.4105,287.9417,151.5249
126.9932,1,292.1743,150.4105,290.058,150.9677
127.0072,1,292.1743,150.4105,291.1161,150.6891
127.0204,1,297.4963,142.7323,294.3062,146.7107
127.0308,1,297.4963,142.7323,295.9012,144.7215
127.0423,1,298.7085,135.8433,297.3049,140.2824
127.0641,1,298.7085,135.8433,298.0067,138.0629
127.0758,1,297.9269,131.7845,297.9668,134.9237
127.088,1,297.9269,131.7845,297.9468,133.3541
127.1033,1,307.6955,128.1839,302.8212,130.769
127.1127,1,307.6955,128.1839,305.2584,129.4765
127.1263,1,307.6955,128.1839,306.4769,128.8302
127.1396,1,316.8693,134.9337,311.6731,131.8819
127.1507,1,316.8693,134.9337,314.2712,133.4078
127.1647,1,335.5215,159.313,324.8964,146.3604
127.177,1,335.5215,159.313,330.2089,152.8367
127.1899,1,335.5215,159.313,332.8652,156.0748
127.2019,1,368.6689,162.0069,350.7671,159.0409
127.2174,1,368.6689,162.0069,359.718,160.5239
127.2255,1,644.955,237.1055,502.3365,198.8147
127.2387,1,644.955,237.1055,573.6458,217.9601
127.2511,1,644.955,237.1055,609.3004,227.5327
127.266,1,703.3118,375.6585,656.3062,301.5956
127.2779,1,703.3118,375.6585,679.809,338.6271
127.289,1,804.5631,514.0449,742.186,426.336
127.3041,1,804.5631,514.0449,773.3746,470.1905
127.3153,1,850.5773,633.0925,811.976,551.6415
127.3296,1,850.5773,633.0925,831.2766,592.3669
127.3467,1,857.9716,680.8757,844.6241,636.6213
127.3546,1,857.9716,680.8757,851.2979,658.7485
127.3737,1,859.5383,689.0029,855.4181,673.8757
127.3829,1,859.5383,689.0029,857.4781,681.4393
127.3944,1,859.5383,689.0029,858.5082,685.2211
127.4094,1,855.5956,690.2229,857.0519,687.722
127.4235,1,855.5956,690.2229,856.3237,688.9724
127.4373,1,874.692,682.816,865.5078,685.8942
127.446,1,874.692,682.816,870.0999,684.3551
127.4669,1,871.6062,680.4827,870.853,682.4189
127.4742,1,871.6062,680.4827,871.2296,681.4508
127.4868,1,871.6062,680.4827,871.4179,680.9667
127.4983,1,872.7897,662.2205,872.1038,671.5936
127.5115,1,872.7897,662.2205,872.4468,666.907
127.5231,1,872.7897,662.2205,872.6183,664.5637
127.5384,1,943.4613,584.6899,908.0398,624.6268
127.5552,1,1083.772,423.1347,995.9058,523.8808
127.5668,1,1083.772,423.1347,1039.839,473.5078
127.5816,1,1083.772,423.1347,1061.805,448.3212
127.5949,1,1142.107,314.8145,1101.956,381.5678
127.6066,1,1142.107,314.8145,1122.031,348.1912
127.6201,1,1156.748,265.9854,1139.39,307.0883
127.631,1,1156.748,265.9854,1148.069,286.5369
127.6449,1,1162.267,244.4114,1155.168,265.4741
127.6562,1,1162.267,244.4114,1158.718,254.9427
127.6711,1,1162.267,244.4114,1160.492,249.6771
127.6831,1,1163.894,226.9277,1162.193,238.3024
127.6944,1,1163.894,226.9277,1163.044,232.6151
127.708,1,1160.404,217.2542,1161.724,224.9346
127.7227,1,1160.404,217.2542,1161.064,221.0944
127.7352,1,1157.966,208.6034,1159.515,214.8489
127.7476,1,1157.966,208.6034,1158.741,211.7262
127.7602,1,1157.966,208.6034,1158.353,210.1648
127.7714,1,1153.038,201.2216,1155.696,205.6932
127.7856,1,1153.038,201.2216,1154.367,203.4574
127.7983,1,1148.234,200.3145,1151.301,201.886
127.8107,1,1148.234,200.3145,1149.767,201.1002
127.8254,1,1149.015,195.9095,1149.391,198.5049
127.8382,1,1149.015,195.9095,1149.203,197.2072
127.8482,1,1149.015,195.9095,1149.109,196.5584
127.864,1,1147.978,192.6219,1148.543,194.5901
127.8774,1,1147.978,192.6219,1148.26,193.606
127.8873,1,1151.339,188.4295,1149.8,191.0177
127.9009,1,1151.339,188.4295,1150.569,189.7236
127.9121,1,1151.339,188.4295,1150.954,189.0765
127.9261,1,1199.136,164.3758,1175.045,176.7262
127.9384,1,1199.136,164.3758,1187.09,170.551
127.9518,1,1261.583,139.076,1224.337,154.8135
127.9647,1,1261.583,139.076,1242.96,146.9448
127.9759,1,1261.583,139.076,1252.272,143.0104
127.9896,1,1325.837,124.3694,1289.054,133.6899
128.003,1,1325.837,124.3694,1307.446,129.0297
128.015,1,1407.751,118.2492,1357.598,123.6395
128.0283,1,1407.751,118.2492,1382.675,120.9443
128.0399,1,1476.633,116.3873,1429.654,118.6658
128.0596,1,1476.633,116.3873,1453.143,117.5266
128.0668,1,1476.633,116.3873,1464.888,116.9569
128.0784,1,1528.85,118.0467,1496.869,117.5018
128.0897,1,1528.85,118.0467,1512.86,117.7743
128.1046,1,1566.852,120.1899,1539.856,118.9821
128.1175,1,1566.852,120.1899,1553.354,119.586
128.1285,1,1566.852,120.1899,1560.103,119.888
128.1487,1,1592.18,120.9906,1576.141,120.4393
128.1556,1,1592.18,120.9906,1584.16,120.715
128.1705,1,1609.28,120.0136,1596.72,120.3643
128.1823,1,1609.28,120.0136,1603,120.1889
128.1938,1,1626.395,118.4833,1614.698,119.3361
128.214,1,1626.395,118.4833,1620.546,118.9097
128.223,1,1620.342,172.1761,1620.444,145.5429
128.232,1,1620.342,172.1761,1620.393,158.8595
128.2464,1,1620.342,172.1761,1620.367,165.5178
128.2555,1,1594.821,270.1237,1607.594,217.8207
128.2742,1,1594.821,270.1237,1601.208,243.9722
128.285,1,1569.43,363.3367,1585.319,303.6544
128.2958,1,1569.43,363.3367,1577.374,333.4955
128.3118,1,1554.019,428.586,1565.696,381.0408
128.3248,1,1554.019,428.586,1559.857,404.8134
128.3387,1,1554.019,428.586,1556.938,416.6997
128.3514,1,1544.084,465.6122,1550.511,441.1559
128.3648,1,1544.084,465.6122,1547.297,453.384
128.3759,1,1544.719,486.4748,1546.008,469.9294
128.389,1,1544.719,486.4748,1545.363,478.2021
128.404,1,1546.55,497.2126,1545.957,487.7073
128.4151,1,1546.55,497.2126,1546.253,492.46
128.4345,1,1545.979,506.6599,1546.116,499.5599
128.4433,1,1545.979,506.6599,1546.048,503.1099
128.4529,1,1545.979,506.6599,1546.014,504.8849
128.4673,1,1544.584,513.7242,1545.299,509.3046
128.4791,1,1544.584,513.7242,1544.942,511.5144
128.49,1,1544.584,513.7242,1544.763,512.6193
128.5044,1,1547.121,520.1402,1545.942,516.3798
128.5148,1,1547.121,520.1402,1546.531,518.26
128.528,1,1550.859,527.1065,1548.695,522.6832
128.5402,1,1550.859,527.1065,1549.777,524.8949
128.5524,1,1550.859,527.1065,1550.318,526.0007
128.5672,1,1552.789,533.5888,1551.554,529.7948
128.5795,1,1552.789,533.5888,1552.171,531.6918
128.589,1,1555.099,536.8559,1553.635,534.2738
128.6043,1,1555.099,536.8559,1554.367,535.5648
128.6149,1,1557.607,541.1857,1555.987,538.3752
128.6309,1,1557.607,541.1857,1556.797,539.7805
128.6435,1,1557.607,541.1857,1557.202,540.4832
128.653,1,1558.651,545.3967,1557.927,542.9399
128.6672,1,1558.651,545.3967,1558.289,544.1683
128.6784,1,1562.344,543.9268,1560.317,544.0476
128.6899,1,1562.344,543.9268,1561.331,543.9872
128.7043,1,1587.358,496.2581,1574.344,520.1227
128.7142,1,1587.358,496.2581,1580.851,508.1904
128.7281,1,1587.358,496.2581,1584.105,502.2242
128.7409,1,1641.615,391.0107,1612.86,446.6175
128.7549,1,1641.615,391.0107,1627.237,418.8141
128.7682,1,1692.145,299.8679,1659.691,359.341
128.7809,1,1692.145,299.8679,1675.918,329.6044
128.7954,1,1718.437,250.8907,1697.177,290.2476
128.8063,1,1718.437,250.8907,1707.807,270.5692
128.82,1,1718.437,250.8907,1713.122,260.7299
128.8292,1,1729.827,220.6795,1721.474,240.7047
128.846,1,1729.827,220.6795,1725.651,230.6921
128.8592,1,1743.762,202.015,1734.707,216.3536
128.871,1,1743.762,202.015,1739.234,209.1843
128.8828,1,1743.762,202.015,1741.499,205.5997
128.8958,1,1750.586,194.5374,1746.042,200.0685
128.9069,1,1750.586,194.5374,1748.314,197.303
128.9206,1,1755.889,188.3179,1752.102,192.8104
128.9296,1,1755.889,188.3179,1753.995,190.5641
128.9458,1,1757.724,187.1432,1755.86,188.8537
128.9557,1,1757.724,187.1432,1756.792,187.9984
128.9703,1,1757.724,187.1432,1757.258,187.5708
128.9848,1,1755.191,193.4697,1756.225,190.5202
128.9957,1,1755.191,193.4697,1755.708,191.995
129.0078,1,1758.674,192.8886,1757.191,192.4418
129.0226,1,1758.674,192.8886,1757.933,192.6652
129.0325,1,1758.674,192.8886,1758.303,192.7769
129.0475,1,1763.759,190.8768,1761.031,191.8268
129.0587,1,1763.759,190.8768,1762.395,191.3518
129.0714,1,1765.427,190.8498,1763.911,191.1008
129.0853,1,1765.427,190.8498,1764.669,190.9753
129.0957,1,1765.427,190.8498,1765.048,190.9125
129.1087,1,1766.991,190.9559,1766.019,190.9342
129.1202,1,1766.991,190.9559,1766.505,190.945
129.1321,1,1769.88,188.8751,1768.193,189.9101
129.1454,1,1769.88,188.8751,1769.036,189.3926
129.1557,1,1769.88,188.8751,1769.458,189.1339
129.171,1,1772.531,188.6325,1770.995,188.8832
129.1832,1,1772.531,188.6325,1771.763,188.7579
129.1957,1,1774.778,188.765,1773.271,188.7614
129.209,1,1774.778,188.765,1774.024,188.7632
129.2223,1,1776.643,187.6016,1775.334,188.1824
129.2336,1,1776.643,187.6016,1775.989,187.892
129.2471,1,1776.643,187.6016,1776.316,187.7468
129.2603,1,1778.849,187.6228,1777.582,187.6848
129.2705,1,1778.849,187.6228,1778.215,187.6538
129.2843,1,1779.785,188.3392,1779,187.9965
129.2956,1,1779.785,188.3392,1779.393,188.1679
129.3083,1,1762.903,194.2129,1771.148,191.1904
129.3205,1,1762.903,194.2129,1767.025,192.7016
129.335,1,1762.903,194.2129,1764.964,193.4572
129.3464,1,1541.173,291.5242,1653.068,242.4907
129.3589,1,1541.173,291.5242,1597.12,267.0074
129.3703,1,1158.794,409.5557,1377.957,338.2816
129.3949,1,1158.794,409.5557,1268.375,373.9186
129.402,1,960.0038,497.0905,1114.19,435.5046
129.4107,1,960.0038,497.0905,1037.097,466.2975
129.425,1,960.0038,497.0905,998.5502,481.694
129.437,1,882.7482,531.0755,940.6492,506.3848
129.4489,1,882.7482,531.0755,911.6987,518.7301
129.4631,1,854.3669,517.8937,883.0328,518.3119
129.474,1,854.3669,517.8937,868.6999,518.1028
129.4866,1,854.3669,517.8937,861.5334,517.9982
129.4996,1,838.3889,516.075,849.9612,517.0366
129.5084,1,838.3889,516.075,844.175,516.5558
129.5214,1,832.4713,526.4872,838.3231,521.5215
129.5321,1,832.4713,526.4872,835.3972,524.0043
129.5463,1,832.4713,526.4872,833.9342,525.2457
129.5581,1,833.6512,523.0612,833.7927,524.1534
129.5692,1,833.6512,523.0612,833.722,523.6073
129.58