time,is_recent,pos_x,pos_y,filtered_pos_x,filtered_pos_y
0.01881027,1,1891.867,1053.619,945.9335,526.8094
0.08114624,1,1692.026,734.2459,1318.98,630.5276
0.1137161,1,1543.628,573.8328,1431.304,602.1802
0.1533394,1,1432.788,455.2085,1432.046,528.6943
0.1586819,1,1432.788,455.2085,1432.417,491.9514
0.1672344,1,1382.318,397.3412,1407.367,444.6463
0.1739101,1,1382.318,397.3412,1394.842,420.9937
0.1816978,1,1382.318,397.3412,1388.58,409.1674
0.1886444,1,1382.318,397.3412,1385.449,403.2543
0.1968136,1,1374.095,340.0997,1379.772,371.677
0.2043648,1,1374.095,340.0997,1376.933,355.8884
0.21558,1,1374.095,340.0997,1375.514,347.994
0.2211533,1,1374.095,340.0997,1374.804,344.0469
0.2299957,1,1374.095,340.0997,1374.45,342.0733
0.2350788,1,1374.095,340.0997,1374.272,341.0865
0.2470436,1,1374.095,340.0997,1374.184,340.5931
0.2526417,1,1374.095,340.0997,1374.139,340.3464
0.2630615,1,1351.442,260.9724,1362.791,300.6594
0.283247,1,1351.442,260.9724,1357.116,280.8159
0.2905712,1,1342.309,286.1822,1349.713,283.499
0.2962494,1,1342.309,286.1822,1346.011,284.8406
0.3146725,1,1342.309,286.1822,1344.16,285.5114
0.331419,1,1335.951,306.3877,1340.056,295.9495
0.3373699,1,1335.951,306.3877,1338.003,301.1686
0.3650818,1,1333.349,318.0505,1335.676,309.6095
0.371582,1,1333.349,318.0505,1334.513,313.83
0.3844776,1,1332.334,326.4045,1333.423,320.1172
0.3902054,1,1332.334,326.4045,1332.879,323.2609
0.3967648,1,1332.334,326.4045,1332.606,324.8327
0.4021969,1,1332.334,326.4045,1332.47,325.6186
0.4106274,1,1340.872,364.7615,1336.671,345.1901
0.4160976,1,1340.872,364.7615,1338.772,354.9758
0.4215946,1,1340.872,364.7615,1339.822,359.8687
0.4328804,1,1340.872,364.7615,1340.347,362.3151
0.4402981,1,1376.022,506.3544,1358.185,434.3347
0.4470978,1,1376.022,506.3544,1367.103,470.3446
0.4567432,1,1376.022,506.3544,1371.563,488.3495
0.4622097,1,1376.022,506.3544,1373.792,497.3519
0.4817734,1,1410.859,631.099,1392.326,564.2255
0.4971848,1,1426.227,698.827,1409.276,631.5262
0.5138435,1,1426.227,698.827,1417.752,665.1766
0.5484219,1,1441.821,740.4067,1429.786,702.7917
0.5645142,1,1458.182,765.8502,1443.984,734.3209
0.5821686,1,1458.182,765.8502,1451.083,750.0856
0.5985603,1,1467.558,780.7398,1459.321,765.4127
0.6217442,1,1472.684,787.0462,1466.002,776.2295
0.6389732,1,1472.684,787.0462,1469.344,781.6378
0.6568527,1,1463.432,793.1678,1466.388,787.4028
0.675499,1,1463.432,793.1678,1464.91,790.2853
0.6912174,1,1451.509,803.5108,1458.209,796.8981
0.709034,1,1445.956,810.4658,1452.083,803.6819
0.7261238,1,1445.956,810.4658,1449.019,807.0739
0.7425079,1,1446.761,814.9127,1447.89,810.9933
0.7587643,1,1446.761,814.9127,1447.326,812.953
0.7764339,1,1446.903,816.4611,1447.115,814.707
0.7932053,1,1446.903,816.4611,1447.009,815.5841
0.8037033,1,1481.535,800.6631,1464.272,808.1236
0.8216438,1,1481.535,800.6631,1472.903,804.3933
0.8453636,1,1481.535,800.6631,1477.219,802.5282
0.8619881,1,1481.535,800.6631,1479.377,801.5956
0.8780193,1,1481.535,800.6631,1480.456,801.1294
0.8910923,1,1477.907,813.0721,1479.182,807.1008
0.9054642,1,1477.907,813.0721,1478.544,810.0864
0.915329,1,1477.907,813.0721,1478.226,811.5793
0.9217606,1,1458.469,831.1519,1468.347,821.3656
0.9443436,1,1458.469,831.1519,1463.408,826.2588
0.9583797,1,1460.355,836.1789,1461.882,831.2189
0.9635868,1,1460.355,836.1789,1461.119,833.6989
0.9698162,1,1460.355,836.1789,1460.737,834.9388
0.9767914,1,1460.355,836.1789,1460.546,835.5588
0.9818993,1,1462.906,843.7487,1461.726,839.6538
0.9937515,1,1462.906,843.7487,1462.316,841.7013
0.9982643,1,1462.906,843.7487,1462.611,842.725
1.013163,1,1465.914,852.2451,1464.262,847.485
1.028925,1,1465.914,852.2451,1465.088,849.8651
1.043133,1,1467.978,857.5982,1466.533,853.7317
1.059549,1,1467.978,857.5982,1467.255,855.6649
1.076799,1,1470.08,862.2047,1468.667,858.9348
1.093472,1,1470.08,862.2047,1469.374,860.5697
1.106018,1,1471.757,865.7397,1470.565,863.1547
1.113405,1,1471.757,865.7397,1471.161,864.4473
1.118479,1,1471.757,865.7397,1471.459,865.0935
1.12319,1,1471.757,865.7397,1471.608,865.4166
1.132231,1,1473.405,869.2139,1472.506,867.3153
1.137671,1,1473.405,869.2139,1472.956,868.2646
1.147526,1,1473.405,869.2139,1473.18,868.7393
1.152449,1,1473.405,869.2139,1473.292,868.9766
1.162634,1,1475.23,871.9306,1474.261,870.4536
1.168436,1,1475.23,871.9306,1474.746,871.1921
1.178001,1,1475.23,871.9306,1474.988,871.5614
1.182817,1,1475.23,871.9306,1475.109,871.746
1.190487,1,1475.23,871.9306,1475.17,871.8383
1.196096,1,1476.83,874.8445,1476,873.3414
1.200726,1,1476.83,874.8445,1476.415,874.093
1.211786,1,1476.83,874.8445,1476.623,874.4688
1.217079,1,1476.83,874.8445,1476.727,874.6566
1.230268,1,1478.527,877.2476,1477.627,875.9521
1.242235,1,1478.527,877.2476,1478.077,876.5999
1.259638,1,1480.105,879.7745,1479.091,878.1872
1.277405,1,1480.105,879.7745,1479.598,878.9808
1.291241,1,1481.865,882.0494,1480.731,880.5151
1.296717,1,1481.865,882.0494,1481.298,881.2822
1.301199,1,1481.865,882.0494,1481.582,881.6658
1.305819,1,1481.865,882.0494,1481.723,881.8575
1.321112,1,1483.808,884.2512,1482.766,883.0544
1.327608,1,1483.808,884.2512,1483.287,883.6528
1.332211,1,1483.808,884.2512,1483.548,883.952
1.337303,1,1483.808,884.2512,1483.678,884.1016
1.344936,1,1485.812,886.3825,1484.745,885.2421
1.350487,1,1485.812,886.3825,1485.279,885.8123
1.355774,1,1485.812,886.3825,1485.545,886.0974
1.362179,1,1485.812,886.3825,1485.679,886.24
1.36845,1,1485.812,886.3825,1485.746,886.3113
1.374559,1,1487.964,888.0958,1486.855,887.2035
1.379847,1,1487.964,888.0958,1487.409,887.6497
1.385073,1,1487.964,888.0958,1487.687,887.8727
1.395397,1,1487.964,888.0958,1487.825,887.9843
1.400576,1,1487.964,888.0958,1487.895,888.04
1.407537,1,1489.728,889.2878,1488.811,888.6639
1.413025,1,1489.728,889.2878,1489.27,888.9758
1.424122,1,1489.728,889.2878,1489.499,889.1318
1.430897,1,1489.728,889.2878,1489.613,889.2098
1.438684,1,1493.406,879.8111,1491.51,884.5105
1.444223,1,1493.406,879.8111,1492.458,882.1608
1.450396,1,1493.406,879.8111,1492.932,880.986
1.461321,1,1493.406,879.8111,1493.169,880.3986
1.475241,1,1493.406,879.8111,1493.288,880.1049
1.490927,1,1493.406,879.8111,1493.347,879.958
1.496302,1,1493.406,879.8111,1493.376,879.8845
1.511686,1,1493.406,879.8111,1493.391,879.8478
1.5306,1,1162.952,681.0794,1328.172,780.4636
1.544821,1,1162.952,681.0794,1245.562,730.7715
1.565775,1,1117.853,685.0623,1181.707,707.9169
1.582081,1,1117.853,685.0623,1149.78,696.4896
1.596785,1,1013.438,671.8328,1081.609,684.1613
1.600925,1,1013.438,671.8328,1047.524,677.9971
1.605682,1,1013.438,671.8328,1030.481,674.9149
1.617981,1,939.6857,664.0554,985.0834,669.4852
1.628103,1,939.6857,664.0554,962.3845,666.7703
1.632639,1,939.6857,664.0554,951.0352,665.4128
1.637619,1,939.6857,664.0554,945.3605,664.7341
1.648853,1,893.8604,661.4546,919.6104,663.0944
1.653318,1,893.8604,661.4546,906.7354,662.2745
1.660475,1,893.8604,661.4546,900.2979,661.8645
1.665045,1,893.8604,661.4546,897.0791,661.6595
1.671135,1,893.8604,661.4546,895.4697,661.5571
1.677649,1,866.1461,661.1364,880.8079,661.3467
1.68222,1,866.1461,661.1364,873.4771,661.2415
1.69091,1,866.1461,661.1364,869.8116,661.189
1.696039,1,866.1461,661.1364,867.9789,661.1627
1.700708,1,866.1461,661.1364,867.0625,661.1495
1.711649,1,850.8179,660.3592,858.9402,660.7544
1.716948,1,850.8179,660.3592,854.879,660.5568
1.730701,1,850.8179,660.3592,852.8485,660.458
1.745426,1,840.8505,660.2836,846.8495,660.3708
1.761244,1,840.8505,660.2836,843.85,660.3271
1.778696,1,834.2216,661.1376,839.0358,660.7324
1.794989,1,834.2216,661.1376,836.6287,660.9351
1.811554,1,830.684,661.5028,833.6564,661.2189
1.830494,1,828.3341,660.826,830.9952,661.0225
1.848402,1,828.3341,660.826,829.6647,660.9243
1.861958,1,806.8056,673.1028,818.2351,667.0135
1.881182,1,806.8056,673.1028,812.5204,670.0582
1.908167,1,755.7286,726.4488,784.1245,698.2535
1.919136,1,698.5908,791.5092,741.3577,744.8813
1.923687,1,698.5908,791.5092,719.9742,768.1953
1.930391,1,698.5908,791.5092,709.2825,779.8522
1.93498,1,698.5908,791.5092,703.9366,785.6807
1.950657,1,659.0411,833.9713,681.4889,809.826
1.968914,1,659.0411,833.9713,670.265,821.8987
1.987656,1,636.2549,855.6149,653.26,838.7568
2.005398,1,636.2549,855.6149,644.7574,847.1859
2.024555,1,629.205,846.0065,636.9812,846.5962
2.040514,1,629.205,846.0065,633.0931,846.3013
2.060148,1,629.205,846.0065,631.149,846.1539
2.075954,1,629.205,846.0065,630.177,846.0802
2.093334,1,629.205,846.0065,629.691,846.0433
2.109148,1,629.205,846.0065,629.448,846.0249
2.12586,1,629.205,846.0065,629.3265,846.0157
2.142626,1,629.205,846.0065,629.2657,846.0111
2.158442,1,629.205,846.0065,629.2354,846.0088
2.174219,1,629.205,846.0065,629.2202,846.0076
2.190832,1,845.0311,440.9896,737.1256,643.4986
2.207415,1,845.0311,440.9896,791.0784,542.2441
2.232153,1,845.0311,440.9896,818.0547,491.6168
2.247837,1,845.0311,440.9896,831.543,466.3032
2.277712,1,845.0311,440.9896,838.287,453.6464
2.296513,1,845.0311,440.9896,841.6591,447.318
2.324913,1,845.0311,440.9896,843.3451,444.1538
2.344797,1,1142.783,791.9707,993.064,618.0623
2.359461,1,1142.783,791.9707,1067.923,705.0165
2.36898,1,1142.783,791.9707,1105.353,748.4936
2.373295,1,1142.783,791.9707,1124.068,770.2322
2.377874,1,1142.783,791.9707,1133.425,781.1014
2.382355,1,1142.783,791.9707,1138.104,786.5361
2.391941,1,1142.783,791.9707,1140.443,789.2534
2.397072,1,1142.783,791.9707,1141.613,790.6121
2.401854,1,1142.783,791.9707,1142.198,791.2914
2.412424,1,1142.783,791.9707,1142.49,791.631
2.41791,1,1142.783,791.9707,1142.637,791.8009
2.427332,1,1142.783,791.9707,1142.71,791.8858
2.432009,1,1142.783,791.9707,1142.746,791.9282
2.443186,1,1142.783,791.9707,1142.765,791.9495
2.449028,1,1142.783,791.9707,1142.774,791.9601
2.464214,1,1496.948,404.0995,1319.861,598.0298
2.478891,1,1496.948,404.0995,1408.405,501.0647
2.494429,1,1558.316,402.4278,1483.36,451.7462
2.50972,1,1558.316,402.4278,1520.838,427.087
2.52424,1,1558.316,402.4278,1539.577,414.7574
2.530783,1,1558.316,402.4278,1548.947,408.5926
2.549873,1,1558.316,402.4278,1553.631,405.5102
2.564753,1,1558.316,402.4278,1555.974,403.969
2.582237,1,1558.316,402.4278,1557.145,403.1984
2.598465,1,1558.316,402.4278,1557.731,402.8131
2.617296,1,1558.316,402.4278,1558.023,402.6205
2.631992,1,1558.316,402.4278,1558.17,402.5241
2.648527,1,1558.316,402.4278,1558.243,402.476
2.653397,1,1558.316,402.4278,1558.28,402.4519
2.669046,1,1558.316,402.4278,1558.298,402.4398
2.683453,1,1558.316,402.4278,1558.307,402.4338
2.700186,1,1558.316,402.4278,1558.312,402.4308
2.704796,1,1558.316,402.4278,1558.314,402.4293
2.722183,1,1558.316,402.4278,1558.315,402.4285
2.738964,1,1558.316,402.4278,1558.316,402.4282
2.753756,1,1558.316,402.4278,1558.316,402.428
2.77,1,1558.316,402.4278,1558.316,402.4279
2.775848,1,1558.316,402.4278,1558.316,402.4279
2.791483,1,1558.316,402.4278,1558.316,402.4278
2.796312,1,1558.316,402.4278,1558.316,402.4278
2.809721,1,1558.316,402.4278,1558.316,402.4278
2.824228,1,1558.316,402.4278,1558.316,402.4278
2.829432,1,1558.316,402.4278,1558.316,402.4278
2.842127,1,1558.316,402.4278,1558.316,402.4278
2.855543,1,1558.316,402.4278,1558.316,402.4278
2.860399,1,1558.316,402.4278,1558.316,402.4278
2.885006,1,1558.316,402.4278,1558.316,402.4278
2.900465,1,1558.316,402.4278,1558.316,402.4278
2.905174,1,1558.316,402.4278,1558.316,402.4278
2.919048,1,1558.316,402.4278,1558.316,402.4278
2.93417,1,1558.316,402.4278,1558.316,402.4278
2.938654,1,1558.316,402.4278,1558.316,402.4278
2.953663,1,1558.316,402.4278,1558.316,402.4278
2.970945,1,1558.316,402.4278,1558.316,402.4278
2.975883,1,1558.316,402.4278,1558.316,402.4278
2.990898,1,1558.316,402.4278,1558.316,402.4278
3.00812,1,1558.316,402.4278,1558.316,402.4278
3.026012,1,1558.316,402.4278,1558.316,402.4278
3.040577,1,1558.316,402.4278,1558.316,402.4278
3.056742,1,1558.316,402.4278,1558.316,402.4278
3.074627,1,1558.316,402.4278,1558.316,402.4278
3.107517,1,1558.316,402.4278,1558.316,402.4278
3.140537,1,1558.316,402.4278,1558.316,402.4278
3.171686,1,1558.316,402.4278,1558.316,402.4278
3.20376,1,1558.316,402.4278,1558.316,402.4278
3.220528,1,1558.316,402.4278,1558.316,402.4278
3.224859,1,1558.316,402.4278,1558.316,402.4278
3.236086,1,1558.316,402.4278,1558.316,402.4278
3.240784,1,1558.316,402.4278,1558.316,402.4278
3.251711,1,1558.316,402.4278,1558.316,402.4278
3.256147,1,1558.316,402.4278,1558.316,402.4278
3.261106,1,1558.316,402.4278,1558.316,402.4278
3.272894,1,1558.316,402.4278,1558.316,402.4278
3.289278,1,1558.316,402.4278,1558.316,402.4278
3.305475,1,1558.316,402.4278,1558.316,402.4278
3.337885,1,1558.316,402.4278,1558.316,402.4278
3.371326,1,1558.316,402.4278,1558.316,402.4278
3.388218,1,1558.316,402.4278,1558.316,402.4278
3.419596,1,1558.316,402.4278,1558.316,402.4278
3.438494,1,1558.316,402.4278,1558.316,402.4278
3.469097,1,1558.316,402.4278,1558.316,402.4278
3.485443,1,1558.316,402.4278,1558.316,402.4278
3.504341,1,1558.316,402.4278,1558.316,402.4278
3.542742,1,1558.316,402.4278,1558.316,402.4278
3.561111,1,1558.316,402.4278,1558.316,402.4278
3.593521,1,1558.316,402.4278,1558.316,402.4278
3.613689,1,1558.316,402.4278,1558.316,402.4278
3.618219,1,1558.316,402.4278,1558.316,402.4278
3.622669,1,1558.316,402.4278,1558.316,402.4278
3.628227,1,1558.316,402.4278,1558.316,402.4278
3.633213,1,1558.316,402.4278,1558.316,402.4278
3.639112,1,1558.316,402.4278,1558.316,402.4278
3.644236,1,1558.316,402.4278,1558.316,402.4278
3.649288,1,1558.316,402.4278,1558.316,402.4278
3.66021,1,1558.316,402.4278,1558.316,402.4278
3.664766,1,1558.316,402.4278,1558.316,402.4278
3.678774,1,1558.316,402.4278,1558.316,402.4278
3.692764,1,1558.316,402.4278,1558.316,402.4278
3.710907,1,149.0927,-17.9709,853.7044,192.2285
3.742683,1,59.68476,-50.41276,456.6946,70.90785
3.762356,1,-35.20329,-45.60268,210.7456,12.65258
3.783541,1,-35.20329,-45.60268,87.77117,-16.47505
3.81566,1,-35.20329,-45.60268,26.28394,-31.03887
3.83506,1,-35.20329,-45.60268,-4.459677,-38.32078
3.852848,1,-35.20329,-45.60268,-19.83149,-41.96173
3.893541,1,-35.20329,-45.60268,-27.51739,-43.78221
3.912003,1,-35.20329,-45.60268,-31.36034,-44.69244
3.926048,1,-35.20329,-45.60268,-33.28181,-45.14756
3.943888,1,-35.20329,-45.60268,-34.24255,-45.37512
3.964151,1,-35.20329,-45.60268,-34.72292,-45.4889
3.969265,1,-35.20329,-45.60268,-34.96311,-45.54579
3.973503,1,-35.20329,-45.60268,-35.0832,-45.57424
3.978853,1,-35.20329,-45.60268,-35.14325,-45.58846
3.991793,1,-35.20329,-45.60268,-35.17327,-45.59557
4.008427,1,-35.20329,-45.60268,-35.18828,-45.59913
4.023058,1,-35.20329,-45.60268,-35.19579,-45.60091
4.03434,1,-35.20329,-45.60268,-35.19954,-45.6018
4.038904,1,-35.20329,-45.60268,-35.20142,-45.60224
4.049191,1,-35.20329,-45.60268,-35.20235,-45.60246
4.053734,1,-35.20329,-45.60268,-35.20282,-45.60257
4.063202,1,-35.20329,-45.60268,-35.20306,-45.60263
4.068897,1,-35.20329,-45.60268,-35.20317,-45.60266
4.076908,1,-35.20329,-45.60268,-35.20323,-45.60267
4.081514,1,-35.20329,-45.60268,-35.20326,-45.60268
4.087137,1,-35.20329,-45.60268,-35.20328,-45.60268
4.094952,1,-35.20329,-45.60268,-35.20329,-45.60268
4.099773,1,-35.20329,-45.60268,-35.20329,-45.60268
4.110884,1,-35.20329,-45.60268,-35.20329,-45.60268
4.115997,1,-35.20329,-45.60268,-35.20329,-45.60268
4.123117,1,-35.20329,-45.60268,-35.20329,-45.60268
4.12874,1,-35.20329,-45.60268,-35.20329,-45.60268
4.134453,1,-35.20329,-45.60268,-35.20329,-45.60268
4.144569,1,-35.20329,-45.60268,-35.20329,-45.60268
4.149994,1,-35.20329,-45.60268,-35.20329,-45.60268
4.160727,1,666.4769,379.7045,315.6368,167.0509
4.165585,1,666.4769,379.7045,491.0569,273.3777
4.177755,1,666.4769,379.7045,578.7669,326.5411
4.196598,1,992.0153,537.9638,785.3911,432.2525
4.231262,1,1257.363,679.7612,1021.377,556.0068
4.24696,1,1376.123,760.7371,1198.75,658.3719
4.252066,1,1376.123,760.7371,1287.437,709.5545
4.256493,1,1376.123,760.7371,1331.78,735.1458
4.274773,1,1434.897,804.8472,1383.339,769.9965
4.295116,1,1434.897,804.8472,1409.118,787.4218
4.311611,1,1469.433,833.1491,1439.275,810.2855
4.325392,1,1469.433,833.1491,1454.354,821.7173
4.334757,1,1480.676,853.4067,1467.515,837.562
4.339222,1,1480.676,853.4067,1474.095,845.4844
4.344311,1,1480.676,853.4067,1477.385,849.4456
4.349592,1,1480.676,853.4067,1479.031,851.4261
4.354465,1,1480.676,853.4067,1479.853,852.4164
4.363647,1,1484.209,865.3152,1482.031,858.8658
4.369743,1,1484.209,865.3152,1483.12,862.0906
4.377148,1,1484.209,865.3152,1483.664,863.7029
4.381935,1,1484.209,865.3152,1483.936,864.509
4.390631,1,1484.209,865.3152,1484.073,864.9121
4.396236,1,1466.938,838.8157,1475.505,851.8639
4.401056,1,1466.938,838.8157,1471.222,845.3398
4.412983,1,1466.938,838.8157,1469.08,842.0778
4.423918,1,1447.813,808.2786,1458.447,825.1782
4.43042,1,1447.813,808.2786,1453.13,816.7284
4.444515,1,1447.813,808.2786,1450.472,812.5035
4.457491,1,1428.716,805.4467,1439.594,808.9751
4.474442,1,1428.716,805.4467,1434.155,807.2109
4.492968,1,1428.716,805.4467,1431.435,806.3289
4.518307,1,1428.716,805.4467,1430.076,805.8878
4.552719,1,1428.716,805.4467,1429.396,805.6672
4.570671,1,1428.716,805.4467,1429.056,805.557
4.604647,1,1316.11,830.2393,1372.583,817.8982
4.620607,1,1316.11,830.2393,1344.346,824.0687
4.637911,1,1200.554,875.0317,1272.45,849.5502
4.652578,1,1200.554,875.0317,1236.502,862.291
4.657047,1,1200.554,875.0317,1218.528,868.6614
4.662695,1,1200.554,875.0317,1209.541,871.8466
4.679426,1,1199.706,871.4841,1204.623,871.6653
4.696243,1,1199.706,871.4841,1202.165,871.5747
4.724585,1,1244.016,868.4441,1223.09,870.0094
4.74577,1,1244.016,868.4441,1233.553,869.2267
4.762928,1,1253.25,879.6679,1243.401,874.4473
4.779934,1,1253.25,879.6679,1248.326,877.0576
4.792307,1,1303.926,945.7562,1276.126,911.4069
4.797056,1,1303.926,945.7562,1290.026,928.5815
4.801224,1,1303.926,945.7562,1296.976,937.1689
4.811073,1,1303.926,945.7562,1300.451,941.4625
4.815285,1,1303.926,945.7562,1302.189,943.6094
4.820518,1,1362.819,1005.416,1332.504,974.5128
4.834595,1,1362.819,1005.416,1347.661,989.9645
4.841446,1,1362.819,1005.416,1355.24,997.6903
4.84758,1,1362.819,1005.416,1359.029,1001.553
4.859314,1,1362.819,1005.416,1360.924,1003.485
4.86488,1,1362.819,1005.416,1361.871,1004.45
4.880796,1,1362.819,1005.416,1362.345,1004.933
4.897524,1,1362.819,1005.416,1362.582,1005.175
4.914944,1,1317.424,1123.256,1340.003,1064.215
4.931168,1,1317.424,1123.256,1328.714,1093.736
4.950132,1,1317.424,1123.256,1323.069,1108.496
4.970142,1,1317.424,1123.256,1320.247,1115.876
4.974619,1,1317.424,1123.256,1318.835,1119.566
4.990095,1,1317.424,1123.256,1318.13,1121.411
5.003441,1,1317.424,1123.256,1317.777,1122.333
5.021351,1,1317.424,1123.256,1317.601,1122.795
5.025822,1,1260.605,912.0859,1289.103,1017.44
5.041386,1,1260.605,912.0859,1274.854,964.7631
5.057831,1,1260.605,912.0859,1267.73,938.4246
5.062275,1,1260.605,912.0859,1264.168,925.2552
5.078323,1,1260.605,912.0859,1262.387,918.6706
5.091251,1,1260.605,912.0859,1261.496,915.3783
5.095654,1,1260.605,912.0859,1261.051,913.7321
5.111671,1,1260.605,912.0859,1260.828,912.9091
5.12303,1,1242.616,709.9243,1251.722,811.4167
5.128168,1,1242.616,709.9243,1247.169,760.6705
5.143845,1,1242.616,709.9243,1244.893,735.2974
5.165613,1,1302.887,692.6462,1273.89,713.9718
5.180984,1,1317.971,704.5089,1295.93,709.2404
5.185524,1,1317.971,704.5089,1306.951,706.8746
5.200968,1,1317.971,704.5089,1312.461,705.6918
5.213928,1,1323.97,711.5769,1318.216,708.6343
5.218502,1,1323.97,711.5769,1321.093,710.1056
5.236162,1,1323.97,711.5769,1322.532,710.8412
5.249695,1,1324.665,711.8082,1323.599,711.3247
5.265446,1,1324.665,711.8082,1324.132,711.5664
5.282619,1,1325.382,708.918,1324.757,710.2422
5.289257,1,1325.382,708.918,1325.07,709.5801
5.304213,1,1325.731,705.3456,1325.4,707.4628
5.321484,1,1325.731,705.3456,1325.565,706.4042
5.33622,1,1325.021,700.4005,1325.293,703.4023
5.353069,1,1325.021,700.4005,1325.157,701.9014
5.357862,1,1325.021,700.4005,1325.089,701.151
5.370855,1,1323.141,695.0568,1324.115,698.1039
5.376047,1,1323.141,695.0568,1323.628,696.5803
5.381552,1,1323.141,695.0568,1323.385,695.8185
5.396872,1,1321.258,689.3112,1322.322,692.5649
5.414526,1,1321.258,689.3112,1321.79,690.938
5.419886,1,1321.258,689.3112,1321.524,690.1246
5.435747,1,1319.746,683.6878,1320.635,686.9063
5.453964,1,1317.736,678.7617,1319.185,682.834
5.472721,1,1317.736,678.7617,1318.461,680.7979
5.492403,1,1315.192,675.0455,1316.826,677.9217
5.509239,1,1315.192,675.0455,1316.009,676.4836
5.541073,1,1312.597,673.0933,1314.303,674.7885
5.559086,1,1312.597,673.0933,1313.45,673.9409
5.57918,1,1310.629,670.1369,1312.039,672.0389
5.606241,1,1309.246,666.5789,1310.643,669.309
5.612387,1,1309.246,666.5789,1309.945,667.944
5.625895,1,1309.246,666.5789,1309.595,667.2615
5.631071,1,1309.246,666.5789,1309.421,666.9202
5.635807,1,1307.123,662.916,1308.272,664.9181
5.639862,1,1307.123,662.916,1307.697,663.9171
5.645113,1,1307.123,662.916,1307.41,663.4165
5.655411,1,1307.123,662.916,1307.266,663.1663
5.66017,1,1307.123,662.916,1307.195,663.0411
5.679825,1,1303.941,659.8389,1305.568,661.4401
5.709269,1,1301.428,656.5586,1303.498,658.9993
5.727844,1,1299.065,653.4664,1301.282,656.2329
5.740349,1,1299.065,653.4664,1300.173,654.8497
5.745253,1,1299.065,653.4664,1299.619,654.1581
5.750061,1,1299.065,653.4664,1299.342,653.8123
5.755119,1,1297.142,651.6985,1298.242,652.7554
5.762375,1,1297.142,651.6985,1297.692,652.2269
5.767723,1,1297.142,651.6985,1297.417,651.9628
5.774767,1,1297.142,651.6985,1297.279,651.8307
5.779919,1,1297.142,651.6985,1297.21,651.7646
5.784534,1,1296.601,649.1165,1296.906,650.4406
5.792355,1,1296.601,649.1165,1296.754,649.7785
5.797762,1,1296.601,649.1165,1296.677,649.4475
5.802889,1,1296.601,649.1165,1296.639,649.282
5.813877,1,1296.601,649.1165,1296.62,649.1992
5.82777,1,1295.486,646.4697,1296.053,647.8345
5.832748,1,1295.486,646.4697,1295.77,647.1521
5.851376,1,1294.882,644.3278,1295.326,645.74
5.871552,1,1294.882,644.3278,1295.104,645.0339
5.88467,1,1293.747,642.0682,1294.426,643.551
5.902752,1,1293.747,642.0682,1294.086,642.8096
5.921221,1,1292.003,639.4492,1293.045,641.1294
5.937668,1,1290.144,637.26,1291.594,639.1947
5.955515,1,1290.144,637.26,1290.869,638.2274
5.969263,1,1287.952,634.8704,1289.41,636.5488
5.987719,1,1287.952,634.8704,1288.681,635.7096
6.000399,1,1286.015,632.5521,1287.348,634.1309
6.005226,1,1286.015,632.5521,1286.681,633.3414
6.011404,1,1286.015,632.5521,1286.348,632.9468
6.016214,1,1286.015,632.5521,1286.181,632.7494
6.020365,1,1286.015,632.5521,1286.098,632.6508
6.031488,1,1283.597,630.3185,1284.848,631.4846
6.036049,1,1283.597,630.3185,1284.222,630.9016
6.051107,1,1283.597,630.3185,1283.91,630.61
6.074465,1,1281.591,627.2872,1282.75,628.9486
6.088865,1,1277.712,621.1241,1280.231,625.0364
6.094984,1,1277.712,621.1241,1278.971,623.0802
6.11305,1,1277.712,621.1241,1278.342,622.1022
6.131592,1,1273.736,613.815,1276.039,617.9586
6.13633,1,1273.736,613.815,1274.887,615.8868
6.153254,1,1269.913,607.0083,1272.4,611.4476
6.169842,1,1269.913,607.0083,1271.157,609.2279
6.175262,1,1269.913,607.0083,1270.535,608.1181
6.191025,1,1266.144,601.543,1268.339,604.8306
6.204218,1,1266.144,601.543,1267.242,603.1868
6.209906,1,1262.849,596.8909,1265.046,600.0388
6.222963,1,1262.849,596.8909,1263.948,598.4648
6.228107,1,1262.849,596.8909,1263.398,597.6779
6.240652,1,1260.149,593.8349,1261.774,595.7563
6.255529,1,1260.149,593.8349,1260.961,594.7957
6.260181,1,1260.149,593.8349,1260.555,594.3153
6.276358,1,1258.035,591.3032,1259.295,592.8092
6.281452,1,1258.035,591.3032,1258.665,592.0562
6.295395,1,1258.035,591.3032,1258.35,591.6797
6.300001,1,1261.536,594.5543,1259.943,593.1169
6.31222,1,1261.536,594.5543,1260.739,593.8356
6.317144,1,1261.536,594.5543,1261.137,594.1949
6.330427,1,1264.484,597.075,1262.811,595.635
6.34551,1,1264.484,597.075,1263.647,596.355
6.360987,1,1266.007,598.1995,1264.827,597.2772
6.378103,1,1266.007,598.1995,1265.417,597.7384
6.400164,1,1267.558,599.2274,1266.488,598.4829
6.40539,1,1267.558,599.2274,1267.023,598.8552
6.414827,1,1267.558,599.2274,1267.291,599.0413
6.419371,1,1269.891,600.6697,1268.591,599.8555
6.427599,1,1269.891,600.6697,1269.241,600.2626
6.432211,1,1269.891,600.6697,1269.566,600.4661
6.436945,1,1269.891,600.6697,1269.728,600.5679
6.453131,1,1272.597,602.6367,1271.163,601.6023
6.463007,1,1272.597,602.6367,1271.88,602.1195
6.468382,1,1272.597,602.6367,1272.239,602.3781
6.480955,1,1275.676,604.5301,1273.958,603.4541
6.496622,1,1275.676,604.5301,1274.817,603.9921
6.513182,1,1279.304,606.8377,1277.061,605.4149
6.530325,1,1279.304,606.8377,1278.183,606.1263
6.549032,1,1283.106,608.9406,1280.644,607.5334
6.563032,1,1283.106,608.9406,1281.875,608.2371
6.578451,1,1286.333,610.4449,1284.104,609.341
6.594687,1,1286.333,610.4449,1285.218,609.8929
6.608461,1,1289.616,612.3052,1287.417,611.0991
6.623415,1,1289.616,612.3052,1288.517,611.7021
6.634996,1,1293.188,613.5522,1290.852,612.6272
6.639658,1,1293.188,613.5522,1292.02,613.0897
6.650728,1,1293.188,613.5522,1292.604,613.321
6.655714,1,1293.188,613.5522,1292.896,613.4366
6.66118,1,1296.119,614.5481,1294.507,613.9924
6.667025,1,1296.119,614.5481,1295.313,614.2703
6.676565,1,1296.119,614.5481,1295.716,614.4092
6.681704,1,1296.119,614.5481,1295.917,614.4786
6.691912,1,1298.469,615.0914,1297.193,614.785
6.697546,1,1298.469,615.0914,1297.831,614.9382
6.707403,1,1298.469,615.0914,1298.15,615.0148
6.714361,1,1298.469,615.0914,1298.31,615.0531
6.720873,1,1300.626,615.3251,1299.468,615.1891
6.725504,1,1300.626,615.3251,1300.047,615.2571
6.73155,1,1300.626,615.3251,1300.337,615.2911
6.74365,1,1300.626,615.3251,1300.481,615.3081
6.749357,1,1300.626,615.3251,1300.554,615.3166
6.764009,1,1302.354,615.4165,1301.454,615.3666
6.78068,1,1302.354,615.4165,1301.904,615.3915
6.797495,1,1303.496,615.3428,1302.7,615.3672
6.828531,1,1306,617.1949,1304.35,616.2811
6.845682,1,1308.667,620.8187,1306.509,618.5499
6.872694,1,1311.287,624.2623,1308.898,621.4061
6.884706,1,1311.287,624.2623,1310.093,622.8342
6.890383,1,1311.287,624.2623,1310.69,623.5483
6.895346,1,1311.287,624.2623,1310.989,623.9053
6.899675,1,1311.287,624.2623,1311.138,624.0838
6.904119,1,1313.757,627.6591,1312.448,625.8715
6.914492,1,1313.757,627.6591,1313.102,626.7653
6.919554,1,1313.757,627.6591,1313.43,627.2122
6.930445,1,1313.757,627.6591,1313.593,627.4356
6.935762,1,1316.246,630.6101,1314.92,629.0228
6.945242,1,1316.246,630.6101,1315.583,629.8165
6.951307,1,1316.246,630.6101,1315.914,630.2133
6.961912,1,1316.246,630.6101,1316.08,630.4117
6.967642,1,1318.966,633.0632,1317.523,631.7374
6.977072,1,1318.966,633.0632,1318.244,632.4003
6.981466,1,1318.966,633.0632,1318.605,632.7318
6.995974,1,1321.556,635.5809,1320.081,634.1564
7.009516,1,1321.556,635.5809,1320.819,634.8687
7.014799,1,1321.556,635.5809,1321.188,635.2247
7.028963,1,1323.928,638.5214,1322.558,636.873
7.041761,1,1323.928,638.5214,1323.243,637.6973
7.055677,1,1326.477,641.2952,1324.86,639.4962
7.061384,1,1326.477,641.2952,1325.668,640.3957
7.082926,1,1326.477,641.2952,1326.073,640.8455
7.088766,1,1328.391,644.1257,1327.232,642.4856
7.094351,1,1328.391,644.1257,1327.811,643.3057
7.112055,1,1328.391,644.1257,1328.101,643.7157
7.143473,1,1330.269,647.1445,1329.185,645.4301
7.172571,1,1331.913,650.3351,1330.549,647.8826
7.183935,1,1333.779,653.6766,1332.164,650.7795
7.189219,1,1333.779,653.6766,1332.971,652.228
7.197462,1,1333.779,653.6766,1333.375,652.9523
7.201361,1,1333.779,653.6766,1333.577,653.3145
7.208902,1,1335.568,657.1017,1334.573,655.2081
7.213636,1,1335.568,657.1017,1335.07,656.1549
7.218023,1,1335.568,657.1017,1335.319,656.6283
7.224043,1,1335.568,657.1017,1335.444,656.865
7.229937,1,1335.568,657.1017,1335.506,656.9833
7.234194,1,1338.089,660.0473,1336.798,658.5153
7.241686,1,1338.089,660.0473,1337.443,659.2813
7.247408,1,1338.089,660.0473,1337.766,659.6643
7.252092,1,1338.089,660.0473,1337.928,659.8558
7.262762,1,1338.089,660.0473,1338.009,659.9515
7.2689,1,1340.63,663.1305,1339.319,661.541
7.278109,1,1340.63,663.1305,1339.975,662.3358
7.282434,1,1340.63,663.1305,1340.302,662.7332
7.296103,1,1343.342,665.6394,1341.822,664.1863
7.310228,1,1343.342,665.6394,1342.582,664.9128
7.328264,1,1345.823,668.4865,1344.202,666.6996
7.34469,1,1345.823,668.4865,1345.013,667.593
7.363565,1,1348.79,671.5896,1346.901,669.5913
7.391451,1,1351.054,674.3627,1348.978,671.9771
7.406286,1,1351.054,674.3627,1350.016,673.1699
7.421747,1,1353.666,676.8224,1351.841,674.9962
7.440638,1,1353.666,676.8224,1352.753,675.9093
7.445982,1,1356.378,679.635,1354.566,677.7722
7.459784,1,1356.378,679.635,1355.472,678.7036
7.474592,1,1356.378,679.635,1355.925,679.1693
7.492651,1,1359.244,682.9886,1357.584,681.079
7.507551,1,1361.678,686.2322,1359.631,683.6556
7.525702,1,1361.678,686.2322,1360.655,684.944
7.531919,1,1361.678,686.2322,1361.167,685.5881
7.541563,1,1363.32,689.3367,1362.244,687.4624
7.547949,1,1363.32,689.3367,1362.782,688.3995
7.557661,1,1363.32,689.3367,1363.051,688.8682
7.562975,1,1363.32,689.3367,1363.186,689.1024
7.568754,1,1365.324,692.4224,1364.255,690.7624
7.57688,1,1365.324,692.4224,1364.79,691.5924
7.581606,1,1365.324,692.4224,1365.057,692.0074
7.593596,1,1365.324,692.4224,1365.191,692.2148
7.598467,1,1367.414,695.5413,1366.302,693.8781
7.61334,1,1367.414,695.5413,1366.858,694.7097
7.628134,1,1369.841,698.7116,1368.349,696.7107
7.633062,1,1369.841,698.7116,1369.095,697.7112
7.648394,1,1369.841,698.7116,1369.468,698.2114
7.664541,1,1376.347,706.5558,1372.907,702.3837
7.671148,1,1376.347,706.5558,1374.627,704.4697
7.682467,1,1376.347,706.5558,1375.487,705.5128
7.687822,1,1386.154,719.0403,1380.82,712.2766
7.702299,1,1386.154,719.0403,1383.487,715.6584
7.718271,1,1393.312,730.7607,1388.4,723.2096
7.723692,1,1393.312,730.7607,1390.856,726.9852
7.752638,1,1398.181,739.6464,1394.518,733.3158
7.770292,1,1398.181,739.6464,1396.349,736.4811
7.775141,1,1398.181,739.6464,1397.265,738.0637
7.786085,1,1402.106,745.7302,1399.685,741.897
7.791452,1,1402.106,745.7302,1400.896,743.8136
7.796995,1,1402.106,745.7302,1401.501,744.7719
7.801619,1,1402.106,745.7302,1401.803,745.251
7.815874,1,1406.281,750.9543,1404.042,748.1027
7.820589,1,1406.281,750.9543,1405.161,749.5284
7.834383,1,1406.281,750.9543,1405.721,750.2413
7.853514,1,1410.185,755.1654,1407.953,752.7034
7.858324,1,1410.185,755.1654,1409.069,753.9344
7.871428,1,1414.029,759.126,1411.549,756.5302
7.886152,1,1414.029,759.126,1412.789,757.8281
7.891996,1,1414.029,759.126,1413.409,758.4771
7.905581,1,1416.151,761.6501,1414.78,760.0636
7.911085,1,1416.151,761.6501,1415.466,760.8568
7.925066,1,1416.151,761.6501,1415.809,761.2534
7.936033,1,1417.742,763.6685,1416.775,762.4609
7.941946,1,1417.742,763.6685,1417.259,763.0647
7.956339,1,1417.742,763.6685,1417.5,763.3666
7.972029,1,1419.213,766.3027,1418.357,764.8346
7.976835,1,1419.213,766.3027,1418.785,765.5686
7.993013,1,1420.804,768.6401,1419.795,767.1044
8.010374,1,1420.804,768.6401,1420.3,767.8722
8.015284,1,1420.804,768.6401,1420.552,768.2561
8.027521,1,1422.267,770.673,1421.41,769.4646
8.045233,1,1422.267,770.673,1421.838,770.0688
8.06864,1,1423.875,773.0737,1422.857,771.5713
8.085867,1,1425.708,774.7289,1424.282,773.1501
8.091825,1,1425.708,774.7289,1424.995,773.9395
8.106882,1,1425.708,774.7289,1425.352,774.3342
8.118425,1,1427.727,775.6331,1426.54,774.9836
8.122896,1,1427.727,775.6331,1427.134,775.3083
8.133345,1,1427.727,775.6331,1427.43,775.4707
8.139021,1,1427.727,775.6331,1427.579,775.5519
8.144228,1,1429.687,776.8258,1428.633,776.1888
8.15502,1,1429.687,776.8258,1429.16,776.5073
8.159445,1,1429.687,776.8258,1429.423,776.6666
8.172091,1,1431.335,778.0921,1430.379,777.3793
8.185507,1,1431.335,778.0921,1430.857,777.7357
8.191343,1,1431.335,778.0921,1431.096,777.9139
8.204939,1,1433.212,779.7546,1432.154,778.8343
8.222277,1,1433.212,779.7546,1432.683,779.2944
8.240011,1,1434.722,780.6516,1433.703,779.973
8.257689,1,1434.722,780.6516,1434.213,780.3123
8.274149,1,1435.751,781.3683,1434.982,780.8403
8.279825,1,1435.751,781.3683,1435.366,781.1042
8.295286,1,1436.52,782.0381,1435.943,781.5712
8.31061,1,1436.52,782.0381,1436.231,781.8047
8.328264,1,1437.312,782.8691,1436.771,782.3369
8.344912,1,1437.312,782.8691,1437.042,782.603
8.350805,1,1437.312,782.8691,1437.177,782.7361
8.367956,1,1438.563,784.6252,1437.87,783.6807
8.383352,1,1439.795,786.1799,1438.832,784.9303
8.401667,1,1439.795,786.1799,1439.313,785.5551
8.421049,1,1440.627,787.365,1439.97,786.4601
8.433977,1,1440.627,787.365,1440.298,786.9125
8.448618,1,1441.103,788.2625,1440.701,787.5875
8.453585,1,1441.103,788.2625,1440.902,787.925
8.469759,1,1441.103,788.2625,1441.002,788.0938
8.481695,1,1442.299,789.3872,1441.651,788.7405
8.496294,1,1442.299,789.3872,1441.975,789.0638
8.501326,1,1442.299,789.3872,1442.137,789.2255
8.517992,1,1443.622,790.3593,1442.879,789.7924
8.537458,1,1445.261,791.6669,1444.07,790.7296
8.555239,1,1445.261,791.6669,1444.666,791.1982
8.570124,1,1446.805,792.8267,1445.735,792.0125
8.588461,1,1446.805,792.8267,1446.27,792.4196
8.600519,1,1448.657,794.2059,1447.464,793.3127
8.604895,1,1448.657,794.2059,1448.06,793.7593
8.617186,1,1448.657,794.2059,1448.359,793.9827
8.622305,1,1448.657,794.2059,1448.508,794.0943
8.638994,1,1451.805,796.7227,1450.156,795.4085
8.653315,1,1451.805,796.7227,1450.981,796.0656
8.669905,1,1454.685,799.317,1452.833,797.6913
8.684855,1,1457.495,801.8729,1455.164,799.7821
8.702307,1,1457.495,801.8729,1456.329,800.8275
8.726767,1,1460.442,804.153,1458.386,802.4902
8.744131,1,1460.442,804.153,1459.414,803.3217
8.761255,1,1463.614,806.5603,1461.514,804.941
8.77651,1,1466.373,809.3951,1463.944,807.168
8.794165,1,1466.373,809.3951,1465.159,808.2816
8.808626,1,1468.951,811.6923,1467.055,809.9869
8.823496,1,1468.951,811.6923,1468.003,810.8396
8.830004,1,1468.951,811.6923,1468.477,811.2659
8.847872,1,1472.005,813.3597,1470.241,812.3129
8.852327,1,1472.005,813.3597,1471.123,812.8363
8.858042,1,1472.005,813.3597,1471.564,813.098
8.875181,1,1475.074,815.3632,1473.319,814.2306
8.894255,1,1475.074,815.3632,1474.196,814.7969
8.911985,1,1478.244,818.137,1476.22,816.4669
8.927683,1,1481.461,821.4858,1478.84,818.9763
8.943354,1,1481.461,821.4858,1480.151,820.2311
8.949648,1,1481.461,821.4858,1480.806,820.8584
8.964239,1,1484.259,824.2452,1482.532,822.5518
8.981436,1,1484.259,824.2452,1483.396,823.3986
8.997469,1,1486.264,827.0897,1484.83,825.2441
9.013002,1,1486.264,827.0897,1485.547,826.1669
9.024843,1,1488.04,830.3158,1486.793,828.2413
9.030352,1,1488.04,830.3158,1487.417,829.2786
9.045958,1,1488.04,830.3158,1487.728,829.7972
9.065138,1,1490.183,833.6121,1488.956,831.7047
9.079927,1,1493.469,836.6016,1491.212,834.1531
9.084368,1,1493.469,836.6016,1492.34,835.3773
9.089972,1,1493.469,836.6016,1492.904,835.9894
9.10338,1,1493.469,836.6016,1493.187,836.2955
9.110029,1,1496.85,840.1918,1495.018,838.2437
9.125364,1,1496.85,840.1918,1495.934,839.2178
9.137018,1,1496.85,840.1918,1496.392,839.7048
9.149855,1,1499.452,843.6394,1497.922,841.6721
9.154406,1,1499.452,843.6394,1498.687,842.6558
9.161909,1,1499.452,843.6394,1499.069,843.1476
9.167192,1,1499.452,843.6394,1499.26,843.3935
9.172354,1,1503.014,847.0834,1501.137,845.2384
9.180056,1,1503.014,847.0834,1502.075,846.1609
9.185144,1,1503.014,847.0834,1502.545,846.6221
9.192186,1,1503.014,847.0834,1502.779,846.8528
9.19795,1,1506.993,851.1562,1504.886,849.0045
9.206934,1,1506.993,851.1562,1505.94,850.0803
9.213655,1,1506.993,851.1562,1506.467,850.6183
9.218016,1,1506.993,851.1562,1506.73,850.8872
9.228548,1,1511.597,855.3146,1509.163,853.1009
9.233381,1,1511.597,855.3146,1510.38,854.2078
9.247156,1,1511.597,855.3146,1510.988,854.7612
9.263666,1,1515.155,859.1563,1513.072,856.9587
9.281153,1,1515.155,859.1563,1514.113,858.0575
9.297564,1,1517.815,863.8353,1515.964,860.9464
9.313425,1,1517.815,863.8353,1516.889,862.3909
9.327368,1,1520.198,867.9628,1518.543,865.1768
9.33198,1,1520.198,867.9628,1519.371,866.5698
9.336355,1,1520.198,867.9628,1519.784,867.2663
9.340837,1,1520.198,867.9628,1519.991,867.6145
9.355715,1,1522.272,871.3724,1521.131,869.4934
9.378733,1,1522.272,871.3724,1521.702,870.4329
9.385683,1,1524.104,874.9322,1522.903,872.6825
9.403582,1,1524.104,874.9322,1523.504,873.8074
9.418032,1,1526.11,878.3538,1524.807,876.0806
9.44755,1,1528.438,882.0602,1526.622,879.0704
9.466616,1,1528.438,882.0602,1527.53,880.5653
9.486044,1,1515.235,881.1238,1521.383,880.8445
9.516706,1,1484.349,877.0606,1502.866,878.9526
9.550619,1,1440.026,870.3589,1471.446,874.6558
9.565592,1,1396.555,863.1475,1434.001,868.9016
9.571054,1,1396.555,863.1475,1415.278,866.0245
9.582273,1,1396.555,863.1475,1405.917,864.586
9.587801,1,1396.555,863.1475,1401.236,863.8667
9.601492,1,1402.793,861.5749,1402.015,862.7208
9.618116,1,1402.793,861.5749,1402.404,862.1478
9.636717,1,1431.428,859.2401,1416.916,860.694
9.66625,1,1450.058,859.1782,1433.487,859.9361
9.682207,1,1479.324,863.6406,1456.406,861.7883
9.70891,1,1479.324,863.6406,1467.865,862.7145
9.716211,1,1512.836,871.2632,1490.351,866.9888
9.724337,1,1512.836,871.2632,1501.593,869.126
9.730337,1,1512.836,871.2632,1507.215,870.1946
9.743155,1,1546.236,881.1884,1526.725,875.6915
9.758314,1,1546.236,881.1884,1536.48,878.4399
9.773958,1,1575.68,890.9155,1556.08,884.6777
9.790339,1,1575.68,890.9155,1565.88,887.7966
9.807642,1,1598.774,900.3297,1582.327,894.0632
9.823481,1,1598.774,900.3297,1590.551,897.1964
9.838446,1,1616.435,906.3075,1603.493,901.752
9.843992,1,1616.435,906.3075,1609.964,904.0297
9.849092,1,1616.435,906.3075,1613.199,905.1686
9.854662,1,1616.435,906.3075,1614.817,905.738
9.863806,1,1627.931,914.0767,1621.374,909.9073
9.869383,1,1627.931,914.0767,1624.653,911.9921
9.878962,1,1627.931,914.0767,1626.292,913.0344
9.88505,1,1627.931,914.0767,1627.112,913.5555
9.896399,1,1636.893,921.0631,1632.002,917.3093
9.901972,1,1636.893,921.0631,1634.448,919.1862
9.912321,1,1636.893,921.0631,1635.67,920.1246
9.917978,1,1636.893,921.0631,1636.281,920.5939
9.928541,1,1645.73,925.3392,1641.006,922.9666
9.938551,1,1645.73,925.3392,1643.368,924.1528
9.944277,1,1645.73,925.3392,1644.549,924.746
9.958231,1,1651.248,929.522,1647.898,927.134
9.963797,1,1651.248,929.522,1649.573,928.328
9.978151,1,1651.248,929.522,1650.41,928.925
9.991507,1,1655.817,931.9637,1653.114,930.4443
10.00989,1,1655.817,931.9637,1654.465,931.204
10.03312,1,1660.456,934.7248,1657.461,932.9644
10.04847,1,1664.297,936.7717,1660.879,934.868
10.07884,1,1677.45,915.5468,1669.164,925.2074
10.09593,1,1677.45,915.5468,1673.307,920.3771
10.11458,1,1718.267,741.8077,1695.787,831.0924
10.12998,1,1718.267,741.8077,1707.027,786.4501
10.14862,1,1711.48,799.5368,1709.254,792.9934
10.16521,1,1717.75,828.296,1713.502,810.6447
10.1827,1,1717.75,828.296,1715.626,819.4703
10.20199,1,1716.888,850.3075,1716.257,834.8889
10.21967,1,1716.888,850.3075,1716.572,842.5982
10.23707,1,1717.375,874.6619,1716.974,858.6301
10.2539,1,1717.375,874.6619,1717.174,866.646
10.27244,1,1718.847,901.985,1718.011,884.3156
10.2886,1,1722.086,924.9053,1720.049,904.6104
10.30529,1,1722.086,924.9053,1721.068,914.7578
10.32085,1,1726.716,941.8937,1723.892,928.3257
10.34271,1,1726.716,941.8937,1725.304,935.1097
10.35965,1,1729.621,953.0728,1727.463,944.0912
10.39627,1,1731.353,962.2684,1729.408,953.1798
10.41268,1,1734.494,970.089,1731.951,961.6344
10.42794,1,1734.494,970.089,1733.223,965.8617
10.44102,1,1737.856,977.5261,1735.539,971.6939
10.4475,1,1737.856,977.5261,1736.698,974.61
10.46252,1,1737.856,977.5261,1737.277,976.0681
10.4759,1,1741.994,983.7911,1739.636,979.9296
10.49057,1,1741.994,983.7911,1740.815,981.8604
10.50776,1,1746.152,989.8707,1743.484,985.8655
10.52276,1,1746.152,989.8707,1744.818,987.868
10.54109,1,1751.744,1001.149,1748.281,994.5085
10.55804,1,1759.044,1015.224,1753.662,1004.866
10.58061,1,1759.044,1015.224,1756.353,1010.045
10.58566,1,1759.044,1015.224,1757.698,1012.634
10.59162,1,1765.821,1027.749,1761.76,1020.191
10.59674,1,1765.821,1027.749,1763.791,1023.97
10.60158,1,1765.821,1027.749,1764.806,1025.859
10.61244,1,1765.821,1027.749,1765.314,1026.804
10.61757,1,1765.821,1027.749,1765.568,1027.276
10.62482,1,1771.993,1037.643,1768.78,1032.46
10.63092,1,1771.993,1037.643,1770.386,1035.052
10.63744,1,1771.993,1037.643,1771.19,1036.347
10.64565,1,1771.993,1037.643,1771.591,1036.995
10.65153,1,1778.054,1047.806,1774.823,1042.401
10.66442,1,1778.054,1047.806,1776.438,1045.103
10.67848,1,1784.475,1057.894,1780.457,1051.499
10.68381,1,1784.475,1057.894,1782.466,1054.696
10.71211,1,1789.525,1065.193,1785.996,1059.944
10.73042,1,1789.525,1065.193,1787.76,1062.568
10.75775,1,1793.91,1070.306,1790.835,1066.437
10.77899,1,1799.127,1077.146,1794.981,1071.792
10.78415,1,1799.127,1077.146,1797.054,1074.469
10.78969,1,1799.127,1077.146,1798.09,1075.807
10.803,1,1803.892,1083.239,1800.991,1079.523
10.81468,1,1803.892,1083.239,1802.442,1081.381
10.81959,1,1803.892,1083.239,1803.167,1082.31
10.82433,1,1803.892,1083.239,1803.53,1082.774
10.83506,1,1808.722,1088.539,1806.126,1085.657
10.84347,1,1808.722,1088.539,1807.424,1087.098
10.84883,1,1808.722,1088.539,1808.073,1087.819
10.85355,1,1808.722,1088.539,1808.398,1088.179
10.86412,1,1812.535,1091.991,1810.466,1090.085
10.86927,1,1812.535,1091.991,1811.501,1091.038
10.88226,1,1812.535,1091.991,1812.018,1091.514
10.89647,1,1814.813,1094.797,1813.415,1093.156
10.913,1,1814.813,1094.797,1814.114,1093.976
10.92541,1,1816.591,1097.134,1815.353,1095.555
10.93233,1,1816.591,1097.134,1815.972,1096.344
10.948,1,1816.591,1097.134,1816.282,1096.739
10.96408,1,1815.76,1097.929,1816.021,1097.334
10.9987,1,1814.836,1098.222,1815.429,1097.778
11.01379,1,1813.975,1097.901,1814.702,1097.839
11.04033,1,1813.975,1097.901,1814.339,1097.87
11.06666,1,1812.854,1097.299,1813.597,1097.584
11.07405,1,1811.775,1096.796,1812.686,1097.19
11.07952,1,1811.775,1096.796,1812.23,1096.993
11.08403,1,1811.775,1096.796,1812.002,1096.894
11.09368,1,1811.775,1096.796,1811.888,1096.845
11.09829,1,1811.775,1096.796,1811.832,1096.82
11.10371,1,1810.925,1096.126,1811.378,1096.473
11.11188,1,1810.925,1096.126,1811.151,1096.299
11.11701,1,1810.925,1096.126,1811.038,1096.213
11.12152,1,1810.925,1096.126,1810.981,1096.169
11.12727,1,1810.925,1096.126,1810.953,1096.147
11.13236,1,1810.094,1095.418,1810.524,1095.783
11.1418,1,1810.094,1095.418,1810.309,1095.6
11.1482,1,1810.094,1095.418,1810.202,1095.509
11.16007,1,1810.094,1095.418,1810.148,1095.464
11.16527,1,1808.584,1093.972,1809.366,1094.718
11.1789,1,1808.584,1093.972,1808.975,1094.345
11.1935,1,1768.004,1086.573,1788.49,1090.459
11.21213,1,1768.004,1086.573,1778.247,1088.516
11.22813,1,1522.454,1067.474,1650.35,1077.995
11.24384,1,1522.454,1067.474,1586.402,1072.734
11.26295,1,1023.433,1026.83,1304.917,1049.782
11.28677,1,731.8013,993.3969,1018.359,1021.59
11.29296,1,731.8013,993.3969,875.0803,1007.493
11.29798,1,731.8013,993.3969,803.4408,1000.445
11.30264,1,731.8013,993.3969,767.6211,996.9209
11.31706,1,623.709,964.4958,695.665,980.7084
11.32877,1,623.709,964.4958,659.687,972.6021
11.3332,1,623.709,964.4958,641.698,968.549
11.34573,1,585.7471,940.2118,613.7225,954.3804
11.35201,1,585.7471,940.2118,599.7348,947.2961
11.36684,1,585.7471,940.2118,592.741,943.7539
11.38258,1,572.3547,920.6341,582.5479,932.194
11.3995,1,572.3547,920.6341,577.4513,926.4141
11.41333,1,571.2742,903.6989,574.3627,915.0565
11.43071,1,571.2742,903.6989,572.8185,909.3777
11.44404,1,688.6989,897.7214,630.7587,903.5496
11.4632,1,688.6989,897.7214,659.7288,900.6355
11.47986,1,844.0639,894.6472,751.8964,897.6414
11.50632,1,1135.08,885.137,943.4881,891.3892
11.52225,1,1135.08,885.137,1039.284,888.2631
11.53963,1,1359.878,876.5426,1199.581,882.4028
11.55478,1,1477.625,868.2443,1338.603,875.3236
11.56734,1,1477.625,868.2443,1408.114,871.7839
11.57313,1,1477.625,868.2443,1442.87,870.0142
11.57802,1,1477.625,868.2443,1460.247,869.1293
11.58242,1,1477.625,868.2443,1468.936,868.6868
11.5903,1,1539.728,863.4088,1504.332,866.0477
11.59579,1,1539.728,863.4088,1522.03,864.7283
11.60126,1,1539.728,863.4088,1530.879,864.0685
11.61107,1,1539.728,863.4088,1535.303,863.7386
11.61635,1,1570.311,859.7841,1552.807,861.7614
11.62303,1,1570.311,859.7841,1561.559,860.7727
11.6293,1,1570.311,859.7841,1565.935,860.2784
11.65119,1,1587.792,861.6367,1576.864,860.9575
11.66376,1,1587.792,861.6367,1582.328,861.2971
11.68176,1,1594.44,859.986,1588.384,860.6416
11.69727,1,1594.44,859.986,1591.412,860.3138
11.72835,1,1596.496,854.6469,1593.954,857.4803
11.74526,1,1598.776,851.4554,1596.365,854.4679
11.76312,1,1598.776,851.4554,1597.571,852.9617
11.77944,1,1599.938,849.499,1598.754,851.2303
11.79754,1,1600.843,847.4811,1599.799,849.3557
11.81457,1,1600.843,847.4811,1600.321,848.4185
11.83336,1,1600.971,845.5069,1600.646,846.9626
11.85059,1,1600.971,845.5069,1600.808,846.2347
11.86843,1,1601.202,844.5363,1601.005,845.3855
11.88321,1,1601.202,844.5363,1601.104,844.9609
11.90254,1,1600.348,843.5389,1600.726,844.2499
11.92223,1,1600.535,842.7868,1600.631,843.5183
11.9402,1,1600.535,842.7868,1600.583,843.1526
11.95271,1,1599.889,841.9339,1600.236,842.5432
11.95697,1,1599.889,841.9339,1600.062,842.2385
11.96229,1,1599.889,841.9339,1599.975,842.0862
11.9789,1,1599.526,840.713,1599.751,841.3995
11.99273,1,1599.526,840.713,1599.638,841.0563
12.00925,1,1600.405,839.9432,1600.022,840.4998
12.02384,1,1600.405,839.9432,1600.213,840.2215
12.04071,1,1601.372,839.1212,1600.793,839.6713
12.0579,1,1601.372,839.1212,1601.083,839.3962
12.07163,1,1601.697,838.4384,1601.39,838.9174
12.07683,1,1601.697,838.4384,1601.543,838.6779
12.08152,1,1601.697,838.4384,1601.62,838.5581
12.086,1,1601.697,838.4384,1601.658,838.4983
12.09413,1,1601.697,838.4384,1601.678,838.4684
12.09843,1,1601.246,836.1801,1601.462,837.3242
12.10373,1,1601.246,836.1801,1601.354,836.7522
12.11239,1,1601.246,836.1801,1601.3,836.4662
12.11737,1,1601.246,836.1801,1601.273,836.3231
12.12364,1,1601.246,836.1801,1601.26,836.2516
12.1298,1,1601.193,833.9993,1601.226,835.1255
12.13905,1,1601.193,833.9993,1601.21,834.5624
12.14441,1,1601.193,833.9993,1601.201,834.2809
12.14966,1,1601.193,833.9993,1601.197,834.1401
12.16342,1,1600.964,828.4979,1601.081,831.319
12.17661,1,1600.964,828.4979,1601.022,829.9084
12.1816,1,1600.964,828.4979,1600.993,829.2031
12.19944,1,1598.815,824.0534,1599.904,826.6283
12.22805,1,1596.369,820.0228,1598.136,823.3256
12.24842,1,1594.109,816.7913,1596.123,820.0584
12.26208,1,1594.109,816.7913,1595.116,818.4248
12.26796,1,1594.109,816.7913,1594.613,817.608
12.28279,1,1587.956,808.8718,1591.284,813.2399
12.30309,1,1587.956,808.8718,1589.62,811.0559
12.33176,1,1508.094,735.4872,1548.857,773.2716
12.3492,1,1294.448,568.2356,1421.652,670.7536
12.3633,1,1294.448,568.2356,1358.05,619.4946
12.37914,1,1132.118,455.0114,1245.084,537.2531
12.39439,1,1132.118,455.0114,1188.601,496.1322
12.40704,1,1058.681,403.4859,1123.641,449.8091
12.41237,1,1058.681,403.4859,1091.161,426.6475
12.42422,1,1058.681,403.4859,1074.921,415.0667
12.43033,1,1023.793,378.8672,1049.357,396.9669
12.44464,1,1023.793,378.8672,1036.575,387.9171
12.45963,1,1023.793,378.8672,1030.184,383.3921
12.47476,1,1007.738,365.7365,1018.961,374.5643
12.49185,1,999.9293,359.2224,1009.445,366.8933
12.50931,1,999.9293,359.2224,1004.687,363.0578
12.52538,1,995.9587,357.8091,1000.323,360.4335
12.54399,1,995.9587,357.8091,998.1409,359.1213
12.5607,1,958.3781,367.5226,978.2595,363.322
12.57363,1,958.3781,367.5226,968.3187,365.4223
12.58843,1,835.0878,438.2903,901.7032,401.8563
12.59339,1,835.0878,438.2903,868.3955,420.0733
12.5977,1,835.0878,438.2903,851.7416,429.1818
12.60264,1,835.0878,438.2903,843.4147,433.7361
12.61317,1,623.3936,572.2989,733.4041,503.0175
12.61841,1,623.3936,572.2989,678.3988,537.6582
12.62827,1,623.3936,572.2989,650.8962,554.9785
12.63359,1,623.3936,572.2989,637.1449,563.6387
12.65165,1,424.6282,710.3394,530.8866,636.989
12.66484,1,424.6282,710.3394,477.7574,673.6642
12.67884,1,327.4731,779.179,402.6153,726.4216
12.69264,1,327.4731,779.179,365.0442,752.8003
12.69775,1,327.4731,779.179,346.2587,765.9896
12.7114,1,278.601,817.445,312.4298,791.7173
12.72626,1,278.601,817.445,295.5154,804.5812
12.7404,1,251.6974,839.7926,273.6064,822.1869
12.75912,1,251.6974,839.7926,262.6519,830.9897
12.778,1,234.304,856.3464,248.4779,843.6681
12.79599,1,199.1091,842.0817,223.7935,842.8749
12.8113,1,199.1091,842.0817,211.4513,842.4783
12.84523,1,170.9604,835.086,191.2059,838.7821
12.85274,1,170.9604,835.086,181.0831,836.9341
12.85767,1,157.133,835.3729,169.1081,836.1535
12.86263,1,157.133,835.3729,163.1205,835.7632
12.86781,1,157.133,835.3729,160.1267,835.5681
12.87741,1,157.133,835.3729,158.6299,835.4705
12.88179,1,157.133,835.3729,157.8814,835.4217
12.88977,1,148.1788,837.5264,153.0301,836.4741
12.8953,1,148.1788,837.5264,150.6045,837.0002
12.89989,1,148.1788,837.5264,149.3916,837.2633
12.91084,1,148.1788,837.5264,148.7852,837.3949
12.91572,1,141.0151,839.2709,144.9002,838.3329
12.92718,1,141.0151,839.2709,142.9576,838.8019
12.93251,1,141.0151,839.2709,141.9864,839.0364
12.94404,1,135.7096,840.9362,138.848,839.9863
12.96497,1,135.7096,840.9362,137.2788,840.4613
12.97862,1,130.2457,843.2368,133.7623,841.849
12.99042,1,130.2457,843.2368,132.004,842.5428
13.00816,1,126.3891,845.7501,129.1965,844.1465
13.01585,1,126.3891,845.7501,127.7928,844.9483
13.02038,1,126.3891,845.7501,127.091,845.3492
13.03303,1,126.3891,845.7501,126.7401,845.5497
13.03789,1,122.7198,847.3899,124.7299,846.4698
13.04721,1,122.7198,847.3899,123.7248,846.9298
13.05211,1,122.7198,847.3899,123.2223,847.1599
13.05696,1,122.7198,847.3899,122.971,847.2749
13.06854,1,119.2549,849.3356,121.113,848.3052
13.07564,1,119.2549,849.3356,120.1839,848.8204
13.08184,1,119.2549,849.3356,119.7194,849.078
13.08728,1,119.2549,849.3356,119.4872,849.2068
13.09803,1,115.5664,851.6632,117.5268,850.435
13.11119,1,115.5664,851.6632,116.5466,851.0491
13.11699,1,115.5664,851.6632,116.0565,851.3561
13.12317,1,115.5664,851.6632,115.8115,851.5096
13.12993,1,112.19,854.0633,114.0007,852.7865
13.13504,1,112.19,854.0633,113.0954,853.4249
13.14358,1,112.19,854.0633,112.6427,853.7441
13.1493,1,112.19,854.0633,112.4163,853.9037
13.16033,1,108.2457,856.4393,110.331,855.1715
13.16767,1,108.2457,856.4393,109.2883,855.8054
13.18153,1,108.2457,856.4393,108.767,856.1223
13.19446,1,105.1582,858.2534,106.9626,857.1879
13.20782,1,105.1582,858.2534,106.0604,857.7206
13.21375,1,105.1582,858.2534,105.6093,857.9871
13.22811,1,102.7532,860.3897,104.1812,859.1884
13.24325,1,102.7532,860.3897,103.4672,859.7891
13.2599,1,99.80215,862.384,101.6347,861.0865
13.27864,1,96.98277,864.1976,99.30872,862.6421
13.30086,1,96.98277,864.1976,98.14574,863.4198
13.30601,1,96.98277,864.1976,97.56425,863.8087
13.31415,1,94.9076,865.8386,96.23593,864.8237
13.3203,1,94.9076,865.8386,95.57176,865.3312
13.33143,1,94.9076,865.8386,95.23969,865.5849
13.3359,1,94.9076,865.8386,95.07364,865.7118
13.34458,1,119.4775,868.3749,107.2755,867.0433
13.35028,1,119.4775,868.3749,113.3765,867.7091
13.35567,1,119.4775,868.3749,116.427,868.042
13.36899,1,356.1192,856.9733,236.2731,862.5076
13.37991,1,356.1192,856.9733,296.1962,859.7405
13.3844,1,356.1192,856.9733,326.1577,858.3569
13.39227,1,356.1192,856.9733,341.1385,857.665
13.39773,1,919.3995,825.8322,630.269,841.7486
13.41058,1,919.3995,825.8322,774.8343,833.7904
13.41604,1,919.3995,825.8322,847.1169,829.8113
13.44206,1,1283.818,786.4236,1065.467,808.1174
13.46054,1,1416.008,763.5764,1240.738,785.8469
13.47725,1,1416.008,763.5764,1328.373,774.7117
13.49432,1,1456.26,746.5153,1392.316,760.6135
13.51408,1,1456.26,746.5153,1424.288,753.5643
13.52595,1,1468.296,736.0788,1446.292,744.8215
13.54193,1,1468.296,736.0788,1457.294,740.4502
13.55556,1,1469.263,727.3273,1463.279,733.8888
13.56442,1,1469.263,727.3273,1466.271,730.608
13.56978,1,1469.263,727.3273,1467.767,728.9677
13.58104,1,1465.594,720.6699,1466.681,724.8188
13.58712,1,1465.594,720.6699,1466.137,722.7444
13.59791,1,1465.594,720.6699,1465.866,721.7072
13.60258,1,1465.594,720.6699,1465.73,721.1885
13.61896,1,1462.789,714.1896,1464.26,717.6891
13.63787,1,1462.789,714.1896,1463.524,715.9393
13.65542,1,1457.881,707.7558,1460.703,711.8475
13.68632,1,1454.384,704.6539,1457.543,708.2507
13.7075,1,1461.129,742.5517,1459.336,725.4012
13.73083,1,1466.445,789.6527,1462.89,757.527
13.73521,1,1466.445,789.6527,1464.667,773.5898
13.7398,1,1466.445,789.6527,1465.556,781.6213
13.75388,1,1466.445,789.6527,1466,785.637
13.75867,1,1466.445,789.6527,1466.222,787.6448
13.775,1,1471.064,826.5398,1468.643,807.0923
13.78988,1,1474.326,849.7822,1471.485,828.4373
13.80403,1,1474.326,849.7822,1472.905,839.1097
13.83655,1,1476.655,844.9208,1474.78,842.0153
13.85213,1,1476.655,844.9208,1475.718,843.468
13.8727,1,1476.655,844.9208,1476.187,844.1945
13.89028,1,1476.655,844.9208,1476.421,844.5576
13.92151,1,1481.041,811.3458,1478.731,827.9517
13.94245,1,1483.287,822.1453,1481.009,825.0485
13.97651,1,1483.329,840.4784,1482.169,832.7634
13.99664,1,1483.329,840.4784,1482.749,836.6209
14.00126,1,1480.699,854.9618,1481.724,845.7914
14.00707,1,1480.699,854.9618,1481.211,850.3766
14.01522,1,1480.699,854.9618,1480.955,852.6692
14.02019,1,1480.699,854.9618,1480.827,853.8155
14.0278,1,1480.699,854.9618,1480.763,854.3887
14.03252,1,1484.924,870.6584,1482.844,862.5236
14.03732,1,1484.924,870.6584,1483.884,866.5909
14.042,1,1484.924,870.6584,1484.404,868.6246
14.04856,1,1484.924,870.6584,1484.664,869.6415
14.05533,1,1484.924,870.6584,1484.794,870.1499
14.06064,1,1484.924,870.6584,1484.859,870.4042
14.06511,1,1489.536,882.7202,1487.198,876.5621
14.07272,1,1489.536,882.7202,1488.367,879.6411
14.07825,1,1489.536,882.7202,1488.952,881.1807
14.09047,1,1489.536,882.7202,1489.244,881.9504
14.09621,1,1492.186,889.8018,1490.715,885.8761
14.11349,1,1492.186,889.8018,1491.451,887.8389
14.12973,1,1493.546,895.4745,1492.498,891.6567
14.14479,1,1493.546,895.4745,1493.022,893.5656
14.16046,1,1495.852,899.5792,1494.437,896.5724
14.17643,1,1495.852,899.5792,1495.144,898.0758
14.18769,1,1497.946,900.8845,1496.545,899.4801
14.19408,1,1497.946,900.8845,1497.246,900.1823
14.20895,1,1497.946,900.8845,1497.596,900.5333
14.23224,1,1498.462,898.6505,1498.029,899.5919
14.23712,1,1498.462,898.6505,1498.245,899.1212
14.24477,1,1478.889,893.8196,1488.567,896.4704
14.25057,1,1478.889,893.8196,1483.728,895.145
14.25548,1,1478.889,893.8196,1481.309,894.4823
14.26869,1,1478.889,893.8196,1480.099,894.1509
14.28747,1,1349.563,864.7927,1414.831,879.4718
14.31978,1,1080.019,808.6451,1247.425,844.0585
14.33777,1,863.3447,752.0694,1055.385,798.064
14.36859,1,754.0247,722.6777,904.7048,760.3708
14.37305,1,754.0247,722.6777,829.3647,741.5243
14.37795,1,754.0247,722.6777,791.6947,732.101
14.39475,1,700.6229,719.8195,746.1588,725.9602
14.41489,1,700.6229,719.8195,723.3909,722.8898
14.42152,1,700.6229,719.8195,712.0069,721.3546
14.42844,1,739.5679,709.0777,725.7874,715.2162
14.4458,1,739.5679,709.0777,732.6777,712.147
14.46388,1,856.7129,724.0652,794.6953,718.1061
14.46959,1,856.7129,724.0652,825.7041,721.0856
14.47426,1,856.7129,724.0652,841.2085,722.5754
14.48838,1,950.2936,738.1893,895.7511,730.3824
14.4978,1,950.2936,738.1893,923.0223,734.2859
14.50254,1,950.2936,738.1893,936.658,736.2376
14.50852,1,950.2936,738.1893,943.4758,737.2135
14.51834,1,1151.054,765.1861,1047.265,751.1998
14.52366,1,1151.054,765.1861,1099.159,758.193
14.53366,1,1151.054,765.1861,1125.106,761.6896
14.53871,1,1151.054,765.1861,1138.08,763.4379
14.54804,1,1312.144,785.117,1225.112,774.2775
14.55293,1,1312.144,785.117,1268.628,779.6973
14.56921,1,1312.144,785.117,1290.386,782.4071
14.58308,1,1403.282,792.0876,1346.834,787.2473
14.60104,1,1403.282,792.0876,1375.058,789.6675
14.62393,1,1450.735,795.6862,1412.896,792.6768
14.64141,1,1474.659,796.8694,1443.777,794.7731
14.65727,1,1474.659,796.8694,1459.218,795.8212
14.67244,1,1488.645,794.7432,1473.932,795.2822
14.70399,1,1504.287,810.605,1489.109,802.9436
14.72326,1,1504.287,810.605,1496.698,806.7743
14.73485,1,1515.297,825.4048,1505.998,816.0896
14.73966,1,1515.297,825.4048,1510.647,820.7472
14.75045,1,1515.297,825.4048,1512.972,823.076
14.75518,1,1515.297,825.4048,1514.134,824.2405
14.77168,1,1525.256,835.4896,1519.695,829.8651
14.78805,1,1533.334,842.3333,1526.515,836.0992
14.80298,1,1533.334,842.3333,1529.924,839.2162
14.82092,1,1539.558,847.7854,1534.741,843.5009
14.8556,1,1543.749,853.1115,1539.245,848.3062
14.87747,1,1548.803,857.0021,1544.024,852.6542
14.88927,1,1548.803,857.0021,1546.414,854.8281
14.90414,1,1548.803,857.0021,1547.609,855.9152
14.92063,1,1553.368,859.6332,1550.489,857.7742
14.94219,1,1555.825,861.1545,1553.156,859.4644
14.95971,1,1555.825,861.1545,1554.49,860.3094
14.97354,1,1557.78,862.2352,1556.135,861.2723
14.97851,1,1557.78,862.2352,1556.957,861.7538
14.98268,1,1557.78,862.2352,1557.368,861.9945
14.98828,1,1557.78,862.2352,1557.574,862.1149
14.99728,1,1557.78,862.2352,1557.677,862.175
15.0028,1,1559.925,864.6805,1558.801,863.4277
15.01217,1,1559.925,864.6805,1559.363,864.0541
15.01726,1,1559.925,864.6805,1559.644,864.3673
15.02832,1,1562.782,864.8418,1561.213,864.6046
15.03354,1,1562.782,864.8418,1561.998,864.7231
15.04356,1,1562.782,864.8418,1562.39,864.7825
15.04878,1,1562.782,864.8418,1562.586,864.8121
15.06101,1,1565.59,864.1902,1564.088,864.5012
15.06562,1,1565.59,864.1902,1564.839,864.3457
15.08296,1,1565.59,864.1902,1565.214,864.2679
15.11078,1,1568.572,864.0706,1566.893,864.1693
15.12419,1,1571.815,864.7192,1569.354,864.4442
15.14011,1,1571.815,864.7192,1570.585,864.5817
15.15378,1,1575.208,865.8353,1572.896,865.2085
15.15903,1,1575.208,865.8353,1574.052,865.5219
15.17425,1,1575.208,865.8353,1574.63,865.6786
15.19397,1,1579.513,865.5537,1577.071,865.6161
15.21259,1,1585.111,863.5172,1581.091,864.5667
15.22709,1,1585.111,863.5172,1583.101,864.0419
15.23145,1,1585.111,863.5172,1584.106,863.7795
15.23618,1,1585.111,863.5172,1584.608,863.6484
15.24516,1,1591.567,861.3654,1588.087,862.5069
15.25029,1,1591.567,861.3654,1589.827,861.9362
15.26434,1,1591.567,861.3654,1590.697,861.6508
15.27944,1,1598.25,858.876,1594.473,860.2634
15.29642,1,1598.25,858.876,1596.362,859.5697
15.31366,1,1604.009,855.4557,1600.185,857.5127
15.32083,1,1604.009,855.4557,1602.097,856.4842
15.32533,1,1604.009,855.4557,1603.053,855.97
15.33158,1,1609.064,853.3098,1606.059,854.6399
15.33622,1,1609.064,853.3098,1607.562,853.9749
15.34053,1,1609.064,853.3098,1608.313,853.6423
15.35406,1,1609.064,853.3098,1608.689,853.4761
15.35956,1,1609.064,853.3098,1608.876,853.3929
15.37846,1,1613.307,851.0464,1611.092,852.2197
15.40707,1,1617.035,849.4783,1614.064,850.849
15.43197,1,1620.58,846.9322,1617.322,848.8906
15.43798,1,1620.58,846.9322,1618.951,847.9114
15.44308,1,1620.58,846.9322,1619.766,847.4218
15.44888,1,1620.58,846.9322,1620.173,847.177
15.4536,1,1623.983,845.1625,1622.078,846.1697
15.46352,1,1623.983,845.1625,1623.031,845.6661
15.4693,1,1623.983,845.1625,1623.507,845.4143
15.47503,1,1623.983,845.1625,1623.745,845.2884
15.47994,1,1623.983,845.1625,1623.864,845.2255
15.49126,1,1627.72,843.2858,1625.792,844.2556
15.49663,1,1627.72,843.2858,1626.756,843.7708
15.509,1,1627.72,843.2858,1627.238,843.5283
15.51478,1,1631.598,842.3329,1629.418,842.9306
15.53055,1,1631.598,842.3329,1630.508,842.6317
15.56077,1,1634.48,841.5896,1632.494,842.1107
15.59759,1,1636.418,841.9548,1634.456,842.0327
15.60764,1,1638.712,842.2721,1636.584,842.1524
15.61307,1,1638.712,842.2721,1637.648,842.2123
15.6173,1,1638.712,842.2721,1638.18,842.2422
15.62347,1,1638.712,842.2721,1638.446,842.2571
15.63462,1,1641.117,842.2322,1639.781,842.2447
15.6394,1,1641.117,842.2322,1640.449,842.2385
15.64877,1,1641.117,842.2322,1640.783,842.2354
15.65347,1,1641.117,842.2322,1640.95,842.2338
15.66328,1,1643.18,842.4022,1642.065,842.318
15.66906,1,1643.18,842.4022,1642.622,842.3601
15.6794,1,1643.18,842.4022,1642.901,842.3812
15.68386,1,1643.18,842.4022,1643.04,842.3917
15.69258,1,1644.907,842.2813,1643.974,842.3365
15.69807,1,1644.907,842.2813,1644.44,842.3088
15.70598,1,1644.907,842.2813,1644.673,842.295
15.71235,1,1644.907,842.2813,1644.79,842.2881
15.7177,1,1644.907,842.2813,1644.848,842.2847
15.7283,1,1646.541,841.5297,1645.694,841.9072
15.73321,1,1646.541,841.5297,1646.117,841.7184
15.74506,1,1646.541,841.5297,1646.329,841.624
15.75839,1,1647.924,839.8128,1647.126,840.7184
15.76449,1,1647.924,839.8128,1647.525,840.2656
15.78023,1,1647.924,839.8128,1647.725,840.0392
15.79286,1,1649.233,837.0186,1648.479,838.5289
15.80857,1,1649.233,837.0186,1648.855,837.7737
15.82562,1,1650.847,834.2919,1649.851,836.0328
15.84445,1,1652.601,832.9926,1651.226,834.5127
15.86407,1,1652.601,832.9926,1651.914,833.7527
15.89625,1,1654.585,832.0487,1653.249,832.9007
15.9126,1,1655.88,830.2371,1654.565,831.5689
15.93552,1,1657.041,828.3563,1655.803,829.9626
15.95369,1,1657.041,828.3563,1656.422,829.1594
15.98326,1,1658.565,828.0347,1657.494,828.597
16.00154,1,1660.477,827.7944,1658.985,828.1957
16.01903,1,1660.477,827.7944,1659.731,827.995
16.04008,1,1662.288,827.3998,1661.009,827.6974
16.06255,1,1663.349,825.8501,1662.179,826.7737
16.06847,1,1663.349,825.8501,1662.764,826.3119
16.07339,1,1663.349,825.8501,1663.056,826.081
16.08045,1,1663.349,825.8501,1663.202,825.9656
16.08478,1,1665.949,825.5316,1664.576,825.7485
16.09506,1,1665.949,825.5316,1665.263,825.64
16.10014,1,1665.949,825.5316,1665.606,825.5858
16.10883,1,1665.949,825.5316,1665.778,825.5587
16.11413,1,1665.949,825.5316,1665.864,825.5452
16.11954,1,1672.336,824.0496,1669.1,824.7974
16.12583,1,1672.336,824.0496,1670.718,824.4235
16.13161,1,1672.336,824.0496,1671.527,824.2365
16.14084,1,1672.336,824.0496,1671.931,824.1431
16.14611,1,1680.813,821.0711,1676.372,822.6071
16.15181,1,1680.813,821.0711,1678.592,821.8391
16.15626,1,1680.813,821.0711,1679.703,821.4551
16.16158,1,1680.813,821.0711,1680.258,821.2631
16.16887,1,1680.813,821.0711,1680.535,821.1671
16.17332,1,1680.813,821.0711,1680.674,821.1191
16.17873,1,1689.113,818.1409,1684.893,819.63
16.19264,1,1689.113,818.1409,1687.003,818.8855
16.20788,1,1696.059,815.4158,1691.531,817.1506
16.22377,1,1696.059,815.4158,1693.795,816.2832
16.24599,1,1702.393,810.1517,1698.094,813.2174
16.28267,1,1707.66,804.5096,1702.877,808.8635
16.30192,1,1713.075,801.2238,1707.976,805.0437
16.32113,1,1713.075,801.2238,1710.525,803.1338
16.34735,1,1718.657,799.254,1714.591,801.1938
16.3651,1,1723.959,798.8968,1719.275,800.0453
16.37897,1,1723.959,798.8968,1721.617,799.4711
16.39367,1,1728.522,797.4231,1725.07,798.4471
16.39842,1,1728.522,797.4231,1726.796,797.9351
16.41369,1,1728.522,797.4231,1727.659,797.6791
16.42455,1,1730.859,796.3811,1729.259,797.0301
16.43061,1,1730.859,796.3811,1730.059,796.7056
16.44578,1,1730.859,796.3811,1730.459,796.5433
16.45985,1,1730.985,795.0859,1730.722,795.8146
16.47567,1,1730.985,795.0859,1730.854,795.4503
16.49524,1,1731.279,792.3686,1731.066,793.9094
16.52334,1,1731.635,789.8419,1731.351,791.8757
16.54054,1,1732.046,787.3541,1731.698,789.6149
16.55122,1,1732.046,787.3541,1731.872,788.4845
16.55874,1,1732.046,787.3541,1731.959,787.9193
16.56362,1,1732.046,787.3541,1732.003,787.6367
16.56928,1,1732.433,784.7776,1732.218,786.2072
16.57991,1,1732.433,784.7776,1732.325,785.4924
16.58434,1,1732.433,784.7776,1732.379,785.135
16.59728,1,1732.433,784.7776,1732.406,784.9563
16.61173,1,1732.703,781.9302,1732.554,783.4432
16.61651,1,1732.703,781.9302,1732.629,782.6867
16.63078,1,1733.303,778.1343,1732.966,780.4105
16.64608,1,1733.303,778.1343,1733.135,779.2724
16.66418,1,1734.122,773.9927,1733.629,776.6326
16.69438,1,1735.254,771.1794,1734.441,773.906
16.71369,1,1735.254,771.1794,1734.848,772.5427
16.72849,1,1736.873,768.8857,1735.86,770.7142
16.73277,1,1736.873,768.8857,1736.366,769.7999
16.73707,1,1736.873,768.8857,1736.62,769.3428
16.74171,1,1736.873,768.8857,1736.746,769.1143
16.75182,1,1737.819,766.6617,1737.282,767.888
16.75704,1,1737.819,766.6617,1737.551,767.2749
16.76701,1,1737.819,766.6617,1737.685,766.9683
16.77218,1,1737.819,766.6617,1737.752,766.8151
16.78292,1,1738.619,764.0295,1738.185,765.4222
16.78872,1,1738.619,764.0295,1738.402,764.7258
16.79738,1,1738.619,764.0295,1738.51,764.3777
16.802,1,1738.619,764.0295,1738.564,764.2036
16.81328,1,1740.254,761.0086,1739.409,762.6061
16.8187,1,1740.254,761.0086,1739.832,761.8074
16.8252,1,1740.254,761.0086,1740.043,761.408
16.83137,1,1740.254,761.0086,1740.148,761.2083
16.84256,1,1742.23,758.6414,1741.189,759.9248
16.84897,1,1742.23,758.6414,1741.709,759.2831
16.86029,1,1742.23,758.6414,1741.97,758.9623
16.86543,1,1742.23,758.6414,1742.1,758.8019
16.8804,1,1742.933,756.578,1742.516,757.6899
16.89737,1,1742.933,756.578,1742.725,757.134
16.91003,1,1743.826,754.2193,1743.275,755.6766
16.92832,1,1743.826,754.2193,1743.551,754.948
16.94518,1,1745.284,753.3376,1744.417,754.1428
16.96332,1,1746.546,753.2362,1745.482,753.6895
16.99101,1,1746.546,753.2362,1746.014,753.4629
17.01126,1,1748.107,752.6274,1747.06,753.0452
17.02484,1,1750.222,752.6716,1748.641,752.8584
17.03517,1,1750.222,752.6716,1749.431,752.765
17.04001,1,1750.222,752.6716,1749.827,752.7183
17.04498,1,1750.222,752.6716,1750.024,752.6949
17.05039,1,1750.222,752.6716,1750.123,752.6833
17.05817,1,1750.981,752.2809,1750.552,752.4821
17.06315,1,1750.981,752.2809,1750.766,752.3815
17.06962,1,1750.981,752.2809,1750.873,752.3312
17.07631,1,1750.981,752.2809,1750.927,752.3061
17.0819,1,1751.602,752.1049,1751.264,752.2054
17.09534,1,1751.602,752.1049,1751.433,752.1552
17.11207,1,1751.602,752.1049,1751.517,752.13
17.12943,1,1751.864,751.6022,1751.691,751.8661
17.13394,1,1751.864,751.6022,1751.777,751.7341
17.13881,1,1751.864,751.6022,1751.821,751.6682
17.14497,1,1751.699,751.0983,1751.76,751.3832
17.15527,1,1751.699,751.0983,1751.729,751.2407
17.16067,1,1751.699,751.0983,1751.714,751.1695
17.16538,1,1751.699,751.0983,1751.707,751.1339
17.17082,1,1751.699,751.0983,1751.703,751.1161
17.18011,1,1751.298,750.3549,1751.5,750.7355
17.18527,1,1751.298,750.3549,1751.399,750.5452
17.19148,1,1751.298,750.3549,1751.349,750.4501
17.20455,1,1751.04,749.9404,1751.194,750.1952
17.21953,1,1751.04,749.9404,1751.117,750.0677
17.23725,1,1750.697,748.8618,1750.907,749.4648
17.28516,1,1750.191,747.7047,1750.549,748.5847
17.30224,1,1749.233,745.4783,1749.891,747.0315
17.30786,1,1749.233,745.4783,1749.562,746.2549
17.31343,1,1749.233,745.4783,1749.398,745.8666
17.32974,1,1747.417,743.0258,1748.407,744.4462
17.34452,1,1747.417,743.0258,1747.912,743.736
17.377,1,1744.778,740.9982,1746.345,742.3671
17.39247,1,1742.439,739.1922,1744.392,740.7797
17.4027,1,1742.439,739.1922,1743.416,739.986
17.40812,1,1742.439,739.1922,1742.927,739.5891
17.41831,1,1740.91,737.3521,1741.918,738.4706
17.42312,1,1740.91,737.3521,1741.414,737.9114
17.43364,1,1740.91,737.3521,1741.162,737.6317
17.43844,1,1740.91,737.3521,1741.036,737.4919
17.44779,1,1738.625,734.0239,1739.83,735.7579
17.45303,1,1738.625,734.0239,1739.228,734.8909
17.46252,1,1738.625,734.0239,1738.926,734.4574
17.46854,1,1738.625,734.0239,1738.776,734.2406
17.47494,1,1735.121,729.4598,1736.948,731.8502
17.48036,1,1735.121,729.4598,1736.035,730.655
17.485,1,1735.121,729.4598,1735.578,730.0574
17.49528,1,1735.121,729.4598,1735.35,729.7585
17.49998,1,1735.121,729.4598,1735.235,729.6091
17.5101,1,1731.473,724.6285,1733.354,727.1188
17.51482,1,1731.473,724.6285,1732.413,725.8737
17.53142,1,1731.473,724.6285,1731.943,725.2511
17.54984,1,1728.216,721.9962,1730.079,723.6237
17.58188,1,1724.254,720.3292,1727.167,721.9764
17.60007,1,1719.911,717.0202,1723.539,719.4983
17.61904,1,1719.911,717.0202,1721.725,718.2593
17.62368,1,1719.911,717.0202,1720.818,717.6398
17.64081,1,1713.028,712.3318,1716.923,714.9858
17.65635,1,1710.011,711.0367,1713.467,713.0112
17.67395,1,1710.011,711.0367,1711.739,712.0239
17.69075,1,1705.593,705.8123,1708.666,708.9181
17.70575,1,1705.593,705.8123,1707.13,707.3652
17.72173,1,1702.036,702.4104,1704.583,704.8878
17.73968,1,1702.036,702.4104,1703.31,703.6491
17.75733,1,1698.82,699.5035,1701.065,701.5763
17.77558,1,1698.82,699.5035,1699.943,700.5399
17.7811,1,1696.121,697.2578,1698.032,698.8989
17.79614,1,1696.121,697.2578,1697.076,698.0784
17.81136,1,1693.349,695.3654,1695.213,696.7219
17.82559,1,1693.349,695.3654,1694.281,696.0436
17.83208,1,1693.349,695.3654,1693.815,695.7045
17.85591,1,1689.859,694.0124,1691.837,694.8584
17.87096,1,1685.977,692.4048,1688.907,693.6316
17.88907,1,1685.977,692.4048,1687.442,693.0182
17.90503,1,1683.128,690.7146,1685.285,691.8664
17.91956,1,1683.128,690.7146,1684.207,691.2905
17.93497,1,1680.203,689.2755,1682.205,690.283
17.95378,1,1680.203,689.2755,1681.204,689.7793
17.97241,1,1677.835,687.5129,1679.52,688.6461
17.99058,1,1675.456,686.4246,1677.488,687.5353
18.00523,1,1675.456,686.4246,1676.472,686.98
18.02254,1,1673.328,685.3759,1674.9,686.178
18.04245,1,1673.328,685.3759,1674.114,685.777
18.05464,1,1652.534,689.116,1663.324,687.4465
18.06205,1,1652.534,689.116,1657.929,688.2813
18.08011,1,1500.616,710.8719,1579.272,699.5766
18.09696,1,1500.616,710.8719,1539.944,705.2242
18.11469,1,1214.592,744.0853,1377.268,724.6548
18.11981,1,1214.592,744.0853,1295.93,734.3701
18.13867,1,954.3128,766.2048,1125.121,750.2875
18.15572,1,954.3128,766.2048,1039.717,758.2462
18.17683,1,825.8694,779.5228,932.7933,768.8845
18.18902,1,825.8694,779.5228,879.3313,774.2037
18.20503,1,765.9522,786.6895,822.6417,780.4466
18.22464,1,765.9522,786.6895,794.297,783.5681
18.23903,1,743.5637,785.2692,768.9304,784.4186
18.24392,1,743.5637,785.2692,756.2471,784.8439
18.24969,1,743.5637,785.2692,749.9054,785.0565
18.27931,1,730.852,782.8022,740.3787,783.9294
18.29391,1,687.6392,768.0331,714.0089,775.9812
18.2983,1,687.6392,768.0331,700.8241,772.0071
18.3025,1,687.6392,768.0331,694.2317,770.0201
18.3081,1,687.6392,768.0331,690.9354,769.0266
18.31308,1,687.6392,768.0331,689.2874,768.5298
18.32445,1,621.0366,742.9963,655.162,755.7631
18.34189,1,621.0366,742.9963,638.0993,749.3796
18.35544,1,585.8251,720.3318,611.9622,734.8557
18.36106,1,585.8251,720.3318,598.8936,727.5938
18.37753,1,585.8251,720.3318,592.3594,723.9628
18.39429,1,567.3568,705.6923,579.8581,714.8275
18.41248,1,559.2266,688.2316,569.5424,701.5295
18.42943,1,559.2266,688.2316,564.3845,694.8806
18.44534,1,611.2696,582.5262,587.827,638.7034
18.45148,1,611.2696,582.5262,599.5483,610.6148
18.46606,1,611.2696,582.5262,605.4089,596.5706
18.4801,1,689.4926,445.2102,647.4508,520.8904
18.49922,1,689.4926,445.2102,668.4717,483.0503
18.51755,1,738.9229,359.5223,703.6973,421.2863
18.53406,1,765.1678,315.523,734.4325,368.4047
18.55406,1,765.1678,315.523,749.8002,341.9638
18.56596,1,779.6158,293.3508,764.708,317.6573
18.57138,1,779.6158,293.3508,772.1619,305.5041
18.57573,1,779.6158,293.3508,775.8888,299.4275
18.59033,1,779.6158,293.3508,777.7523,296.3892
18.60797,1,784.9826,283.2182,781.3674,289.8037
18.62472,1,785.9354,276.9645,783.6514,283.3841
18.64135,1,785.9354,276.9645,784.7935,280.1743
18.65708,1,748.3796,264.2406,766.5865,272.2075
18.67428,1,748.3796,264.2406,757.4831,268.224
18.69296,1,714.5524,254.3157,736.0177,261.2699
18.70733,1,714.5524,254.3157,725.285,257.7928
18.72094,1,691.3884,246.7303,708.3367,252.2616
18.72529,1,691.3884,246.7303,699.8625,249.496
18.73116,1,691.3884,246.7303,695.6255,248.1132
18.75037,1,675.8109,241.9585,685.7182,245.0358
18.76558,1,675.8109,241.9585,680.7645,243.4971
18.78625,1,667.1686,238.5148,673.9666,241.006
18.8007,1,667.1686,238.5148,670.5676,239.7604
18.80591,1,661.3002,234.3452,665.9339,237.0528
18.82419,1,661.3002,234.3452,663.6171,235.699
18.84457,1,656.9441,233.0915,660.2806,234.3953
18.86129,1,656.9441,233.0915,658.6123,233.7434
18.87296,1,653.958,233.2331,656.2852,233.4882
18.87794,1,653.958,233.2331,655.1216,233.3607
18.88249,1,653.958,233.2331,654.5398,233.2969
18.88763,1,653.958,233.2331,654.2489,233.265
18.89652,1,652.274,232.517,653.2615,232.891
18.90088,1,652.274,232.517,652.7678,232.704
18.91316,1,652.274,232.517,652.5209,232.6105
18.91864,1,652.274,232.517,652.3975,232.5638
18.93529,1,650.2606,232.1001,651.329,232.3319
18.95209,1,650.2606,232.1001,650.7948,232.216
18.96488,1,657.6796,234.8539,654.2372,233.5349
18.98126,1,657.6796,234.8539,655.9584,234.1944
18.99542,1,726.8376,270.4668,691.3979,252.3306
19.01342,1,726.8376,270.4668,709.1178,261.3987
19.03099,1,1010.14,462.4148,859.6288,361.9067
19.04516,1,1010.14,462.4148,934.8844,412.1608
19.06262,1,1248.299,624.1252,1091.592,518.1429
19.0796,1,1353.44,699.1069,1222.516,608.6249
19.09432,1,1353.44,699.1069,1287.978,653.8658
19.1116,1,1395.792,725.4935,1341.885,689.6797
19.1308,1,1395.792,725.4935,1368.838,707.5866
19.14296,1,1414.407,737.7853,1391.623,722.6859
19.15772,1,1414.407,737.7853,1403.015,730.2356
19.17211,1,1422.703,744.8638,1412.859,737.5497
19.1825,1,1422.703,744.8638,1417.781,741.2068
19.18732,1,1422.703,744.8638,1420.242,743.0353
19.19145,1,1422.703,744.8638,1421.473,743.9496
19.19663,1,1480.95,773.4189,1451.212,758.6842
19.20288,1,1480.95,773.4189,1466.081,766.0515
19.20799,1,1480.95,773.4189,1473.516,769.7352
19.21319,1,1480.95,773.4189,1477.233,771.577
19.22919,1,1535.256,797.3533,1506.244,784.4651
19.24728,1,1535.256,797.3533,1520.75,790.9092
19.26239,1,1565.065,809.7724,1542.907,800.3408
19.28026,1,1565.065,809.7724,1553.986,805.0566
19.29656,1,1585.143,820.7403,1569.564,812.8984
19.31382,1,1585.143,820.7403,1577.354,816.8193
19.32747,1,1595.112,826.454,1586.233,821.6367
19.3317,1,1595.112,826.454,1590.673,824.0454
19.33634,1,1595.112,826.454,1592.892,825.2498
19.34299,1,1595.112,826.454,1594.002,825.8519
19.34889,1,1651.133,804.595,1622.568,815.2235
19.35401,1,1651.133,804.595,1636.851,809.9093
19.3645,1,1651.133,804.595,1643.992,807.2522
19.37035,1,1651.133,804.595,1647.563,805.9236
19.38021,1,1618.186,747.8469,1632.874,776.8853
19.38555,1,1618.186,747.8469,1625.53,762.3661
19.39292,1,1618.186,747.8469,1621.858,755.1065
19.39786,1,1618.186,747.8469,1620.022,751.4767
19.4056,1,1618.186,747.8469,1619.104,749.6618
19.41171,1,1636.698,749.5204,1627.901,749.5911
19.41648,1,1636.698,749.5204,1632.299,749.5558
19.42807,1,1636.698,749.5204,1634.499,749.5381
19.44146,1,1643.722,773.343,1639.11,761.4406
19.4488,1,1643.722,773.343,1641.416,767.3917
19.46416,1,1643.722,773.343,1642.569,770.3673
19.48887,1,1644.91,796.5557,1643.74,783.4615
19.495,1,1644.91,796.5557,1644.325,790.0087
19.50238,1,1647.832,815.3993,1646.078,802.704
19.51091,1,1647.832,815.3993,1646.955,809.0516
19.52418,1,1647.832,815.3993,1647.393,812.2255
19.5378,1,1650.276,829.8328,1648.835,821.0292
19.55246,1,1650.276,829.8328,1649.556,825.431
19.56524,1,1651.206,839.0658,1650.381,832.2484
19.57124,1,1651.206,839.0658,1650.793,835.6571
19.58594,1,1651.206,839.0658,1651,837.3615
19.60124,1,1651.788,845.2918,1651.394,841.3267
19.61832,1,1651.788,845.2918,1651.591,843.3092
19.63881,1,1652.433,847.8062,1652.012,845.5577
19.65409,1,1652.226,847.9367,1652.119,846.7472
19.68595,1,1651.126,848.155,1651.623,847.4511
19.70584,1,1651.126,848.155,1651.374,847.8031
19.72019,1,1650.533,848.5146,1650.954,848.1588
19.72511,1,1650.533,848.5146,1650.743,848.3367
19.73153,1,1650.533,848.5146,1650.638,848.4257
19.76067,1,1650.345,849.5266,1650.492,848.9761
19.78587,1,1650.452,850.3557,1650.472,849.6659
19.79247,1,1650.452,850.3557,1650.462,850.0108
19.81792,1,1650.891,850.7478,1650.677,850.3793
19.82308,1,1650.891,850.7478,1650.784,850.5635
19.83483,1,1651.208,850.9194,1650.996,850.7415
19.83966,1,1651.208,850.9194,1651.102,850.8304
19.85333,1,1651.208,850.9194,1651.155,850.8749
19.87137,1,1651.441,850.7686,1651.298,850.8217
19.88773,1,1651.441,850.7686,1651.37,850.7952
19.90363,1,1651.69,850.7466,1651.53,850.7709
19.92285,1,1651.496,850.6213,1651.513,850.696
19.9555,1,1651.307,850.3111,1651.41,850.5035
19.97239,1,1651.307,850.3111,1651.359,850.4073
19.99138,1,1651.009,849.9457,1651.184,850.1765
20.0084,1,1651.009,849.9457,1651.097,850.0612
20.01987,1,1650.67,849.3775,1650.883,849.7194
20.0279,1,1650.67,849.3775,1650.776,849.5485
20.0496,1,1648.976,847.8221,1649.876,848.6853
20.06489,1,1648.976,847.8221,1649.426,848.2537
20.08172,1,1647.616,846.7651,1648.521,847.5094
20.09676,1,1647.616,846.7651,1648.068,847.1372
20.10935,1,1646.08,845.6884,1647.074,846.4128
20.11437,1,1646.08,845.6884,1646.577,846.0507
20.11872,1,1646.08,845.6884,1646.328,845.8695
20.12337,1,1646.08,845.6884,1646.204,845.7789
20.1397,1,1644.676,844.7138,1645.44,845.2463
20.15235,1,1644.676,844.7138,1645.058,844.9801
20.16972,1,1643.068,844.1536,1644.063,844.5669
20.18534,1,1643.068,844.1536,1643.566,844.3602
20.20137,1,1641.812,842.4289,1642.689,843.3945
20.21883,1,1641.812,842.4289,1642.25,842.9117
20.23724,1,1665.282,841.2087,1653.766,842.0602
20.25525,1,1668.964,839.8384,1661.365,840.9493
20.27241,1,1668.964,839.8384,1665.164,840.3938
20.29098,1,1648.412,820.1586,1656.788,830.2762
20.31153,1,1648.412,820.1586,1652.6,825.2174
20.32988,1,1648.015,820.7474,1650.308,822.9824
20.34476,1,1646.423,823.5081,1648.365,823.2452
20.36406,1,1646.423,823.5081,1647.394,823.3766
20.38095,1,1645.792,825.0344,1646.593,824.2056
20.3952,1,1645.792,825.0344,1646.193,824.62
20.39928,1,1645.792,825.0344,1645.992,824.8272
20.40351,1,1645.792,825.0344,1645.892,824.9308
20.41126,1,1644.964,826.4426,1645.428,825.6867
20.41569,1,1644.964,826.4426,1645.196,826.0647
20.42041,1,1644.964,826.4426,1645.08,826.2537
20.43106,1,1644.964,826.4426,1645.022,826.3481
20.43575,1,1643.741,827.7787,1644.382,827.0634
20.44309,1,1643.741,827.7787,1644.062,827.421
20.44883,1,1643.741,827.7787,1643.901,827.5999
20.45354,1,1643.741,827.7787,1643.822,827.6893
20.4691,1,1642.552,829.2267,1643.187,828.458
20.48039,1,1642.552,829.2267,1642.869,828.8424
20.48546,1,1642.552,829.2267,1642.711,829.0345
20.4984,1,1641.343,830.959,1642.027,829.9968
20.51181,1,1641.343,830.959,1641.685,830.4779
20.51649,1,1641.343,830.959,1641.514,830.7185
20.5351,1,1640.35,832.2616,1640.932,831.4901
20.55338,1,1640.35,832.2616,1640.641,831.8759
20.57118,1,1639.295,833.2133,1639.968,832.5446
20.58933,1,1638.166,834.0501,1639.067,833.2974
20.6056,1,1638.166,834.0501,1638.617,833.6737
20.62509,1,1637.068,834.8515,1637.842,834.2626
20.64423,1,1637.068,834.8515,1637.455,834.557
20.6598,1,1636.241,835.2023,1636.848,834.8796
20.67545,1,1636.241,835.2023,1636.545,835.041
20.69413,1,1635.206,835.1235,1635.875,835.0823
20.71416,1,1634.105,834.9701,1634.99,835.0262
20.73133,1,1634.105,834.9701,1634.548,834.9982
20.74687,1,1632.958,834.5234,1633.753,834.7607
20.76537,1,1632.958,834.5234,1633.355,834.6421
20.77917,1,1631.707,833.2878,1632.531,833.965
20.7923,1,1631.707,833.2878,1632.119,833.6263
20.81082,1,1629.98,832.104,1631.05,832.8652
20.84144,1,1627.875,830.0751,1629.462,831.4701
20.85684,1,1627.875,830.0751,1628.668,830.7726
20.86465,1,1625.121,827.0829,1626.895,828.9277
20.86948,1,1625.121,827.0829,1626.008,828.0054
20.87427,1,1625.121,827.0829,1625.564,827.5442
20.88307,1,1625.121,827.0829,1625.343,827.3136
20.88889,1,1621.845,823.7919,1623.594,825.5527
20.89637,1,1621.845,823.7919,1622.719,824.6724
20.90047,1,1621.845,823.7919,1622.282,824.2322
20.91162,1,1621.845,823.7919,1622.064,824.0121
20.91629,1,1621.845,823.7919,1621.954,823.902
20.93018,1,1617.712,820.055,1619.833,821.9785
20.94745,1,1617.712,820.055,1618.772,821.0167
20.96814,1,1613.77,816.0837,1616.271,818.5502
20.99609,1,1610.933,811.8997,1613.602,815.225
21.0003,1,1610.933,811.8997,1612.268,813.5624
21.00437,1,1610.933,811.8997,1611.601,812.7311
21.01264,1,1609.178,809.1315,1610.389,810.9313
21.02797,1,1609.178,809.1315,1609.783,810.0314
21.04512,1,1607.221,807.1628,1608.502,808.597
21.07026,1,1604.464,804.3983,1606.483,806.4977
21.07995,1,1604.464,804.3983,1605.473,805.448
21.08456,1,1604.464,804.3983,1604.969,804.9231
21.09101,1,1604.464,804.3983,1604.716,804.6606
21.10022,1,1586.104,790.7692,1595.41,797.715
21.1053,1,1586.104,790.7692,1590.757,794.2421
21.11833,1,1586.104,790.7692,1588.431,792.5056
21.12491,1,1586.104,790.7692,1587.267,791.6375
21.13133,1,1486.543,745.0286,1536.905,768.333
21.13598,1,1486.543,745.0286,1511.724,756.6808
21.14689,1,1486.543,745.0286,1499.133,750.8547
21.15121,1,1486.543,745.0286,1492.838,747.9417
21.16502,1,1254.148,626.4188,1373.493,687.1802
21.18271,1,1254.148,626.4188,1313.821,656.7996
21.20173,1,1038.268,510.7168,1176.044,583.7582
21.21719,1,1038.268,510.7168,1107.156,547.2375
21.23588,1,935.5408,456.9888,1021.348,502.1132
21.25504,1,890.743,433.9239,956.0457,468.0186
21.28659,1,870.2892,424.6218,913.1674,446.3202
21.29719,1,870.2892,424.6218,891.7283,435.471
21.30194,1,870.2892,424.6218,881.0087,430.0464
21.30605,1,870.2892,424.6218,875.6489,427.3341
21.31391,1,860.8947,420.1301,868.2719,423.7321
21.329,1,860.8947,420.1301,864.5833,421.9311
21.34235,1,854.8826,417.2395,859.7329,419.5853
21.35958,1,854.8826,417.2395,857.3077,418.4124
21.37563,1,893.2355,435.7554,875.2716,427.0839
21.39326,1,893.2355,435.7554,884.2535,431.4196
21.40642,1,945.5355,460.0712,914.8945,445.7454
21.42273,1,945.5355,460.0712,930.215,452.9083
21.44292,1,1118.217,540.7298,1024.216,496.8191
21.45864,1,1118.217,540.7298,1071.216,518.7744
21.47723,1,1300.3,621.3344,1185.758,570.0544
21.49475,1,1409.052,672.1927,1297.405,621.1236
21.51087,1,1409.052,672.1927,1353.229,646.6582
21.52805,1,1466.084,698.2559,1409.656,672.457
21.54239,1,1466.084,698.2559,1437.87,685.3564
21.55802,1,1492.368,711.812,1465.119,698.5842
21.57578,1,1492.368,711.812,1478.744,705.1981
21.59286,1,1505.828,716.416,1492.286,710.807
21.6088,1,1505.828,716.416,1499.057,713.6115
21.61927,1,1513.235,719.1054,1506.146,716.3584
21.62391,1,1513.235,719.1054,1509.69,717.7319
21.6294,1,1513.235,719.1054,1511.463,718.4187
21.64262,1,1513.235,719.1054,1512.349,718.7621
21.65913,1,1517.529,721.2889,1514.939,720.0255
21.6748,1,1518.755,721.9791,1516.847,721.0023
21.69096,1,1518.755,721.9791,1517.801,721.4907
21.69661,1,1518.755,721.9791,1518.278,721.7349
21.7251,1,1521.554,723.4767,1519.916,722.6058
21.73912,1,1527.574,722.8676,1523.745,722.7367
21.75628,1,1527.574,722.8676,1525.659,722.8021
21.77389,1,1529.952,722.5349,1527.805,722.6685
21.79127,1,1529.952,722.5349,1528.878,722.6017
21.80784,1,1530.376,720.9536,1529.627,721.7776
21.82358,1,1530.376,720.9536,1530.002,721.3656
21.84061,1,1530.222,719.0147,1530.112,720.1902
21.84571,1,1530.222,719.0147,1530.167,719.6024
21.86185,1,1529.314,714.8863,1529.74,717.2444
21.88047,1,1529.314,714.8863,1529.527,716.0653
21.89289,1,1529.656,710.7856,1529.592,713.4255
21.91028,1,1529.656,710.7856,1529.624,712.1056
21.92615,1,1539.555,687.3039,1534.589,699.7047
21.93226,1,1539.555,687.3039,1537.072,693.5043
21.94602,1,1536.933,609.1248,1537.003,651.3146
21.9587,1,1536.933,609.1248,1536.968,630.2197
21.96411,1,1536.933,609.1248,1536.951,619.6722
21.98042,1,1537.408,623.4015,1537.179,621.5369
21.99721,1,1537.408,623.4015,1537.293,622.4692
22.01388,1,1535.59,633.6268,1536.442,628.048
22.02923,1,1535.59,633.6268,1536.016,630.8374
22.0416,1,1533.678,637.3262,1534.847,634.0818
22.05961,1,1533.678,637.3262,1534.263,635.704
22.07347,1,1529.98,642.6149,1532.122,639.1594
22.08941,1,1529.98,642.6149,1531.051,640.8872
22.10865,1,1525.666,648.3503,1528.359,644.6188
22.12678,1,1520.809,653.6791,1524.584,649.1489
22.14298,1,1520.809,653.6791,1522.697,651.4141
22.16176,1,1515.874,657.9925,1519.285,654.7032
22.1919,1,1511.939,660.7684,1515.612,657.7358
22.21477,1,1511.939,660.7684,1513.775,659.2521
22.22779,1,1508.596,661.6072,1511.186,660.4296
22.2321,1,1508.596,661.6072,1509.891,661.0184
22.23938,1,1508.596,661.6072,1509.243,661.3128
22.24425,1,1508.596,661.6072,1508.92,661.46
22.24944,1,1505.418,661.7881,1507.169,661.624
22.26013,1,1505.418,661.7881,1506.293,661.7061
22.26518,1,1505.418,661.7881,1505.855,661.7471
22.27961,1,1502.693,660.7946,1504.274,661.2709
22.29913,1,1502.693,660.7946,1503.483,661.0327
22.34021,1,1480.648,662.2628,1492.066,661.6478
22.34699,1,1480.648,662.2628,1486.357,661.9553
22.35184,1,1480.648,662.2628,1483.502,662.1091
22.35608,1,1480.648,662.2628,1482.075,662.1859
22.36551,1,1480.648,662.2628,1481.361,662.2244
22.37107,1,1359.547,683.889,1420.454,673.0567
22.38145,1,1359.547,683.889,1390,678.4729
22.38611,1,1359.547,683.889,1374.774,681.181
22.39635,1,1359.547,683.889,1367.16,682.535
22.40127,1,1133.838,733.7777,1250.499,708.1564
22.40741,1,1133.838,733.7777,1192.168,720.967
22.42337,1,1133.838,733.7777,1163.003,727.3724
22.43741,1,963.1652,781.3278,1063.084,754.3501
22.45351,1,963.1652,781.3278,1013.125,767.8389
22.46837,1,872.0706,805.4028,942.5977,786.6208
22.48357,1,872.0706,805.4028,907.3341,796.0118
22.50807,1,825.1924,816.912,866.2633,806.4619
22.51424,1,825.1924,816.912,845.7279,811.687
22.52343,1,800.3564,820.5317,823.0421,816.1093
22.52929,1,800.3564,820.5317,811.6992,818.3205
22.54099,1,800.3564,820.5317,806.0278,819.4261
22.54584,1,800.3564,820.5317,803.1921,819.9789
22.55702,1,789.053,823.6186,796.1226,821.7987
22.56237,1,789.053,823.6186,792.5878,822.7086
22.57596,1,789.053,823.6186,790.8204,823.1636
22.59175,1,752.0722,802.4209,771.4463,812.7922
22.6085,1,752.0722,802.4209,761.7593,807.6066
22.62357,1,628.5052,752.64,695.1322,780.1233
22.63022,1,628.5052,752.64,661.8187,766.3816
22.65872,1,467.1209,700.3638,564.4698,733.3727
22.67283,1,374.5595,671.3303,469.5147,702.3515
22.67774,1,374.5595,671.3303,422.0371,686.8409
22.68255,1,374.5595,671.3303,398.2983,679.0856
22.68783,1,374.5595,671.3303,386.4289,675.208
22.69692,1,374.5595,671.3303,380.4942,673.2692
22.70173,1,325.4168,658.8355,352.9555,666.0524
22.70976,1,325.4168,658.8355,339.1862,662.444
22.71494,1,325.4168,658.8355,332.3015,660.6398
22.72014,1,325.4168,658.8355,328.8591,659.7377
22.74654,1,299.9553,651.5177,314.4072,655.6277
22.75226,1,299.9553,651.5177,307.1813,653.5727
22.7659,1,286.4944,644.6566,296.8378,649.1146
22.78303,1,286.4944,644.6566,291.6661,646.8856
22.80226,1,256.0746,621.2113,273.8704,634.0485
22.81854,1,256.0746,621.2113,264.9725,627.6299
22.8325,1,224.5027,598.9971,244.7376,613.3135
22.84843,1,224.5027,598.9971,234.6201,606.1553
22.86166,1,199.8442,585.6753,217.2321,595.9153
22.86592,1,199.8442,585.6753,208.5381,590.7953
22.87096,1,199.8442,585.6753,204.1912,588.2353
22.87579,1,199.8442,585.6753,202.0177,586.9553
22.89151,1,182.156,580.5236,192.0868,583.7394
22.90484,1,182.156,580.5236,187.1214,582.1315
22.91423,1,170.2012,579.0169,178.6613,580.5742
22.91894,1,170.2012,579.0169,174.4312,579.7955
22.92467,1,170.2012,579.0169,172.3162,579.4063
22.93519,1,170.2012,579.0169,171.2587,579.2115
22.94324,1,161.1254,578.906,166.1921,579.0588
22.94876,1,161.1254,578.906,163.6588,578.9824
22.95341,1,161.1254,578.906,162.3921,578.9442
22.9625,1,161.1254,578.906,161.7588,578.9251
22.96811,1,161.1254,578.906,161.4421,578.9155
22.97524,1,154.0776,578.9874,157.7599,578.9515
22.98078,1,154.0776,578.9874,155.9187,578.9695
22.98544,1,154.0776,578.9874,154.9982,578.9785
22.9972,1,154.0776,578.9874,154.5379,578.9829
23.0025,1,154.0776,578.9874,154.3077,578.9852
23.01404,1,147.4125,579.4734,150.8601,579.2293
23.02543,1,147.4125,579.4734,149.1363,579.3514
23.03185,1,147.4125,579.4734,148.2744,579.4124
23.05958,1,140.6082,580.8596,144.4413,580.136
23.07323,1,133.5975,582.8311,139.0194,581.4835
23.09102,1,133.5975,582.8311,136.3085,582.1573
23.10709,1,127.6777,584.5873,131.9931,583.3723
23.12435,1,122.0448,586.5839,127.0189,584.9781
23.14142,1,122.0448,586.5839,124.5318,585.781
23.15803,1,118.5262,588.5942,121.529,587.1876
23.18796,1,115.7619,589.5587,118.6455,588.3732
23.20473,1,115.7619,589.5587,117.2037,588.9659
23.2186,1,113.2654,590.4195,115.2345,589.6927
23.22313,1,113.2654,590.4195,114.25,590.0562
23.22882,1,113.2654,590.4195,113.7577,590.2378
23.23327,1,113.2654,590.4195,113.5115,590.3286
23.24473,1,110.8409,591.2239,112.1762,590.7762
23.25014,1,110.8409,591.2239,111.5086,591.0001
23.26343,1,110.8409,591.2239,111.1747,591.1121
23.28143,1,108.5312,592.1985,109.8529,591.6553
23.29898,1,108.5312,592.1985,109.192,591.9269
23.31755,1,106.8637,593.1376,108.0279,592.5322
23.33513,1,104.9843,594.6799,106.5061,593.6061
23.35592,1,104.9843,594.6799,105.7452,594.1429
23.39391,1,103.051,596.8918,104.3981,595.5174
23.40475,1,101.0307,599.0781,102.7144,597.2977
23.4238,1,101.0307,599.0781,101.8725,598.1879
23.43671,1,99.29812,600.7379,100.5853,599.4629
23.45028,1,99.29812,600.7379,99.94171,600.1004
23.46974,1,97.4649,601.8192,98.70331,600.9598
23.48462,1,97.4649,601.8192,98.08411,601.3895
23.50445,1,95.27625,603.1107,96.68018,602.2501
23.52193,1,93.32359,604.0626,95.00188,603.1564
23.54284,1,93.32359,604.0626,94.16273,603.6095
23.55417,1,92.02916,604.4585,93.09595,604.034
23.58677,1,109.9339,605.9607,101.5149,604.9973
23.60705,1,322.3253,634.7026,211.9201,619.85
23.63464,1,322.3253,634.7026,267.1227,627.2763
23.65431,1,843.4251,718.1105,555.2739,672.6934
23.68455,1,1239.433,770.6324,897.3536,721.663
23.70292,1,1403.482,782.7946,1150.418,752.2288
23.73145,1,1462.646,778.5925,1306.532,765.4106
23.76158,1,1484.888,773.8245,1395.71,769.6176
23.77931,1,1484.888,773.8245,1440.299,771.7211
23.79647,1,1492.297,769.1479,1466.298,770.4344
23.82327,1,1512.652,799.8373,1489.475,785.1359
23.82947,1,1512.652,799.8373,1501.063,792.4866
23.83421,1,1512.652,799.8373,1506.858,796.1619
23.83863,1,1512.652,799.8373,1509.755,797.9996
23.84895,1,1538.287,846.7243,1524.021,822.3619
23.85366,1,1538.287,846.7243,1531.154,834.5431
23.86233,1,1538.287,846.7243,1534.721,840.6337
23.86791,1,1538.287,846.7243,1536.504,843.679
23.87245,1,1538.287,846.7243,1537.396,845.2017
23.88538,1,1550.403,874.0109,1543.899,859.6063
23.90478,1,1550.403,874.0109,1547.151,866.8086
23.91947,1,1559.328,891.0058,1553.24,878.9072
23.92394,1,1559.328,891.0058,1556.283,884.9565
23.93035,1,1559.328,891.0058,1557.805,887.9812
23.94357,1,1567.164,904.5452,1562.485,896.2632
23.94932,1,1567.164,904.5452,1564.824,900.4042
23.96247,1,1567.164,904.5452,1565.994,902.4747
23.97581,1,1571.753,912.4576,1568.874,907.4662
23.98148,1,1571.753,912.4576,1570.313,909.9619
23.99573,1,1571.753,912.4576,1571.033,911.2098
24.00901,1,1578.854,905.0975,1574.943,908.1536
24.02424,1,1578.854,905.0975,1576.898,906.6255
24.05034,1,1581.006,896.5923,1578.952,901.6089
24.07004,1,1580.54,892.4264,1579.746,897.0176
24.08866,1,1580.54,892.4264,1580.143,894.722
24.10426,1,1579.61,890.5751,1579.877,892.6486
24.12329,1,1578.412,889.8667,1579.144,891.2576
24.13908,1,1578.412,889.8667,1578.778,890.5621
24.15422,1,1577.741,889.2868,1578.26,889.9244
24.17178,1,1577.741,889.2868,1578.001,889.6056
24.18698,1,1576.935,888.7562,1577.468,889.1809
24.20753,1,1576.935,888.7562,1577.201,888.9685
24.21934,1,1576.61,888.589,1576.906,888.7787
24.22517,1,1576.61,888.589,1576.758,888.6838
24.23131,1,1576.61,888.589,1576.684,888.6364
24.2475,1,1575.98,888.3642,1576.332,888.5003
24.26354,1,1575.98,888.3642,1576.156,888.4323
24.2812,1,1575.38,888.3055,1575.768,888.3689
24.2982,1,1575.38,888.3055,1575.573,888.3372
24.31219,1,1574.902,888.1906,1575.238,888.2639
24.31676,1,1574.902,888.1906,1575.07,888.2273
24.32147,1,1574.902,888.1906,1574.986,888.209
24.32704,1,1574.902,888.1906,1574.944,888.1998
24.33964,1,1574.317,888.0593,1574.631,888.1296
24.35664,1,1574.317,888.0593,1574.474,888.0945
24.38245,1,1573.041,888.0322,1573.757,888.0634
24.3985,1,1570.187,887.3807,1571.972,887.722
24.41866,1,1570.187,887.3807,1571.079,887.5514
24.43235,1,1566.771,886.3096,1568.925,886.9305
24.44444,1,1566.771,886.3096,1567.848,886.62
24.44988,1,1566.771,886.3096,1567.31,886.4648
24.46141,1,1563.385,885.2122,1565.348,885.8385
24.46693,1,1563.385,885.2122,1564.366,885.5254
24.47151,1,1563.385,885.2122,1563.876,885.3688
24.47748,1,1563.385,885.2122,1563.631,885.2905
24.48182,1,1563.385,885.2122,1563.508,885.2513
24.4917,1,1567.876,862.8955,1565.692,874.0734
24.49708,1,1567.876,862.8955,1566.784,868.4845
24.51281,1,1567.876,862.8955,1567.33,865.69
24.52417,1,1567.876,862.8955,1567.603,864.2927
24.53081,1,1567.876,862.8955,1567.739,863.5941
24.54493,1,1567.876,862.8955,1567.807,863.2448
24.55871,1,1567.876,862.8955,1567.842,863.0702
24.57458,1,1553.048,754.9169,1560.445,808.9935
24.59517,1,1553.048,754.9169,1556.747,781.9552
24.61382,1,1546.243,769.6415,1551.495,775.7983
24.62972,1,1546.243,769.6415,1548.869,772.72
24.64401,1,1543.646,779.3856,1546.258,776.0528
24.64942,1,1543.646,779.3856,1544.952,777.7192
24.65618,1,1543.646,779.3856,1544.299,778.5524
24.66125,1,1543.646,779.3856,1543.973,778.969
24.66585,1,1541.416,788.7608,1542.694,783.8649
24.67411,1,1541.416,788.7608,1542.055,786.3129
24.67938,1,1541.416,788.7608,1541.735,787.5369
24.6849,1,1541.416,788.7608,1541.576,788.1488
24.69809,1,1538.249,800.314,1539.912,794.2314
24.71378,1,1538.249,800.314,1539.08,797.2727
24.72941,1,1533.709,812.9972,1536.395,805.1349
24.74602,1,1533.709,812.9972,1535.052,809.066
24.76185,1,1528.352,823.5602,1531.702,816.3131
24.77972,1,1528.352,823.5602,1530.027,819.9366
24.79913,1,1524.253,831.3165,1527.14,825.6266
24.80483,1,1524.253,831.3165,1525.696,828.4716
24.81555,1,1521.624,835.6613,1523.66,832.0664
24.82039,1,1521.624,835.6613,1522.642,833.8639
24.83074,1,1521.624,835.6613,1522.133,834.7626
24.83549,1,1521.624,835.6613,1521.879,835.2119
24.84583,1,1518.834,839.7147,1520.356,837.4633
24.8518,1,1518.834,839.7147,1519.595,838.589
24.86043,1,1518.834,839.7147,1519.215,839.1519
24.86525,1,1518.834,839.7147,1519.024,839.4332
24.87143,1,1518.834,839.7147,1518.929,839.574
24.87943,1,1515.112,841.8551,1517.021,840.7145
24.88366,1,1515.112,841.8551,1516.066,841.2848
24.89448,1,1515.112,841.8551,1515.589,841.5699
24.89981,1,1515.112,841.8551,1515.351,841.7125
24.90746,1,1512.297,841.5579,1513.824,841.6352
24.91269,1,1512.297,841.5579,1513.061,841.5966
24.91842,1,1512.297,841.5579,1512.679,841.5772
24.92784,1,1512.297,841.5579,1512.488,841.5675
24.93298,1,1512.297,841.5579,1512.393,841.5627
24.94181,1,1510.365,841.864,1511.379,841.7133
24.94802,1,1510.365,841.864,1510.872,841.7886
24.96215,1,1510.365,841.864,1510.619,841.8263
24.98149,1,1508.51,842.0711,1509.564,841.9487
25.01243,1,1506.666,842.2997,1508.115,842.1243
25.03429,1,1504.779,842.2115,1506.447,842.1679
25.04739,1,1504.779,842.2115,1505.613,842.1897
25.0515,1,1504.779,842.2115,1505.196,842.2006
25.05605,1,1504.779,842.2115,1504.988,842.2061
25.06157,1,1502.362,841.8882,1503.675,842.0471
25.07302,1,1502.362,841.8882,1503.018,841.9677
25.09068,1,1500.279,841.0112,1501.649,841.4894
25.11106,1,1500.279,841.0112,1500.964,841.2502
25.12215,1,1495.384,838.8989,1498.174,840.0746
25.12773,1,1495.384,838.8989,1496.779,839.4867
25.13245,1,1495.384,838.8989,1496.082,839.1927
25.13707,1,1495.384,838.8989,1495.733,839.0458
25.14477,1,1495.384,838.8989,1495.558,838.9723
25.15059,1,1490.309,835.4227,1492.934,837.1975
25.15553,1,1490.309,835.4227,1491.621,836.3101
25.16553,1,1490.309,835.4227,1490.965,835.8665
25.17123,1,1490.309,835.4227,1490.637,835.6446
25.18028,1,1484.401,830.345,1487.519,832.9948
25.18532,1,1484.401,830.345,1485.96,831.6699
25.19592,1,1484.401,830.345,1485.18,831.0074
25.20135,1,1484.401,830.345,1484.79,830.6763
25.20782,1,1484.401,830.345,1484.595,830.5106
25.21354,1,1476.696,822.9895,1480.646,826.7501
25.22354,1,1476.696,822.9895,1478.671,824.8698
25.23017,1,1476.696,822.9895,1477.684,823.9296
25.24128,1,1468.57,816.4147,1473.127,820.1722
25.24845,1,1468.57,816.4147,1470.849,818.2935
25.26267,1,1468.57,816.4147,1469.709,817.3541
25.26777,1,1468.57,816.4147,1469.14,816.8844
25.27312,1,1461.199,808.7756,1465.169,812.83
25.27891,1,1461.199,808.7756,1463.184,810.8027
25.29018,1,1461.199,808.7756,1462.192,809.7892
25.29543,1,1461.199,808.7756,1461.695,809.2823
25.30707,1,1453.402,802.4966,1457.549,805.8895
25.3127,1,1453.402,802.4966,1455.476,804.1931
25.31763,1,1453.402,802.4966,1454.439,803.3448
25.32251,1,1453.402,802.4966,1453.921,802.9208
25.33402,1,1446.365,796.0469,1450.143,799.4839
25.33887,1,1446.365,796.0469,1448.254,797.7654
25.35348,1,1446.365,796.0469,1447.309,796.9061
25.36604,1,1442.022,791.8331,1444.666,794.3696
25.37258,1,1442.022,791.8331,1443.344,793.1013
25.38702,1,1442.022,791.8331,1442.683,792.4672
25.39172,1,1437.749,787.8551,1440.216,790.1611
25.39739,1,1437.749,787.8551,1438.982,789.0081
25.40209,1,1437.749,787.8551,1438.365,788.4316
25.40981,1,1437.749,787.8551,1438.057,788.1434
25.41464,1,1437.749,787.8551,1437.903,787.9993
25.41951,1,1433.62,783.3548,1435.761,785.677
25.42918,1,1433.62,783.3548,1434.69,784.5159
25.43444,1,1433.62,783.3548,1434.155,783.9353
25.44748,1,1433.62,783.3548,1433.887,783.645
25.46271,1,1429.964,777.9465,1431.926,780.7958
25.46911,1,1429.964,777.9465,1430.945,779.3712
25.49623,1,1425.514,772.0175,1428.229,775.6943
25.51622,1,1420.2,765.87,1424.215,770.7822
25.53482,1,1420.2,765.87,1422.207,768.326
25.56175,1,1416.297,762.314,1419.252,765.32
25.57714,1,1413.695,760.1503,1416.474,762.7351
25.58192,1,1413.695,760.1503,1415.084,761.4427
25.58712,1,1413.695,760.1503,1414.39,760.7965
25.59199,1,1413.695,760.1503,1414.042,760.4734
25.60415,1,1410.229,758.322,1412.135,759.3977
25.61049,1,1410.229,758.322,1411.182,758.8599
25.62885,1,1410.229,758.322,1410.705,758.5909
25.64433,1,1407.927,757.3016,1409.316,757.9463
25.66442,1,1405.461,757.4302,1407.389,757.6882
25.68346,1,1405.461,757.4302,1406.425,757.5592
25.71196,1,1404.087,758.0423,1405.256,757.8008
25.73026,1,1403.864,758.5419,1404.56,758.1714
25.75773,1,1403.666,758.3849,1404.113,758.2781
25.76304,1,1403.666,758.3849,1403.889,758.3315
25.77509,1,1403.666,758.3849,1403.778,758.3582
25.78077,1,1403.666,758.3849,1403.722,758.3716
25.79457,1,1403.175,757.8495,1403.448,758.1106
25.81314,1,1402.305,757.2085,1402.877,757.6595
25.84008,1,1402.305,757.2085,1402.591,757.434
25.84913,1,1401.417,756.6245,1402.004,757.0292
25.85439,1,1401.417,756.6245,1401.711,756.8268
25.85921,1,1401.417,756.6245,1401.564,756.7256
25.87436,1,1400.433,756.2726,1400.999,756.4991
25.88384,1,1400.433,756.2726,1400.716,756.3859
25.88938,1,1400.433,756.2726,1400.574,756.3292
25.90063,1,1400.433,756.2726,1400.504,756.3009
25.90551,1,1399.705,756.0761,1400.104,756.1885
25.91591,1,1399.705,756.0761,1399.905,756.1323
25.9214,1,1399.705,756.0761,1399.805,756.1042
25.93237,1,1399.705,756.0761,1399.755,756.0902
25.93768,1,1399.205,755.742,1399.48,755.9161
25.94622,1,1399.205,755.742,1399.342,755.8291
25.95195,1,1399.205,755.742,1399.273,755.7855
25.96223,1,1399.205,755.742,1399.239,755.7638
25.96816,1,1398.724,755.3565,1398.981,755.5602
25.97801,1,1398.724,755.3565,1398.853,755.4584
25.98307,1,1398.724,755.3565,1398.788,755.4075
26.00002,1,1398.109,754.5943,1398.449,755.0009
26.00852,1,1398.109,754.5943,1398.279,754.7976
26.01402,1,1398.109,754.5943,1398.194,754.6959
26.02515,1,1397.292,753.8361,1397.743,754.266
26.03224,1,1397.292,753.8361,1397.517,754.051
26.04715,1,1397.292,753.8361,1397.404,753.9435
26.06135,1,1396.351,753.1465,1396.878,753.545
26.07554,1,1396.351,753.1465,1396.614,753.3458
26.0817,1,1396.351,753.1465,1396.483,753.2462
26.09658,1,1395.017,751.7495,1395.75,752.4979
26.11515,1,1393.194,749.6389,1394.472,751.0684
26.13131,1,1393.194,749.6389,1393.833,750.3536
26.14596,1,1390.526,747.2073,1392.179,748.7805
26.16318,1,1390.526,747.2073,1391.353,747.9939
26.17905,1,1387.622,743.549,1389.488,745.7714
26.19263,1,1387.622,743.549,1388.555,744.6602
26.19739,1,1387.622,743.549,1388.089,744.1046
26.20211,1,1387.622,743.549,1387.855,743.8268
26.20924,1,1383.956,740.0096,1385.906,741.9182
26.21407,1,1383.956,740.0096,1384.931,740.9639
26.219,1,1383.956,740.0096,1384.443,740.4868
26.22495,1,1383.956,740.0096,1384.199,740.2482
26.23078,1,1383.956,740.0096,1384.078,740.1289
26.23622,1,1368.106,729.754,1376.092,734.9415
26.24289,1,1368.106,729.754,1372.099,732.3478
26.2488,1,1368.106,729.754,1370.102,731.0509
26.25527,1,1368.106,729.754,1369.104,730.4025
26.26069,1,1368.106,729.754,1368.605,730.0782
26.26589,1,1270.079,676.6275,1319.342,703.3529
26.27138,1,1270.079,676.6275,1294.711,689.9902
26.27634,1,1270.079,676.6275,1282.395,683.3088
26.28435,1,1270.079,676.6275,1276.237,679.9681
26.2899,1,1270.079,676.6275,1273.158,678.2979
26.29551,1,1114.273,603.9311,1193.716,641.1145
26.31146,1,1114.273,603.9311,1153.995,622.5228
26.33527,1,989.465,543.2487,1071.73,582.8857
26.35304,1,989.465,543.2487,1030.597,563.0673
26.36841,1,921.81,514.4683,976.2037,538.7678
26.4,1,884.4487,501.5273,930.3262,520.1476
26.41782,1,872.291,495.3523,901.3086,507.7499
26.43523,1,872.291,495.3523,886.7998,501.5511
26.45062,1,903.6834,513.9083,895.2416,507.7297
26.46921,1,903.6834,513.9083,899.4625,510.819
26.48282,1,949.9693,536.157,924.7159,523.488
26.48759,1,949.9693,536.157,937.3427,529.8225
26.49241,1,949.9693,536.157,943.656,532.9897
26.49779,1,949.9693,536.157,946.8126,534.5734
26.52851,1,1044.074,587.5573,995.4433,561.0653
26.541,1,1160.272,651.1064,1077.858,606.0859
26.54741,1,1160.272,651.1064,1119.065,628.5962
26.55174,1,1160.272,651.1064,1139.668,639.8513
26.55649,1,1160.272,651.1064,1149.97,645.4789
26.56925,1,1241.719,693.8609,1195.845,669.6699
26.57395,1,1241.719,693.8609,1218.782,681.7654
26.58283,1,1241.719,693.8609,1230.25,687.8131
26.58811,1,1241.719,693.8609,1235.985,690.837
26.59891,1,1288.185,715.3682,1262.085,703.1026
26.60394,1,1288.185,715.3682,1275.135,709.2354
26.61557,1,1288.185,715.3682,1281.66,712.3018
26.62103,1,1288.185,715.3682,1284.923,713.835
26.63204,1,1313.059,725.7182,1298.991,719.7766
26.64983,1,1313.059,725.7182,1306.025,722.7474
26.65871,1,1324.917,729.1327,1315.471,725.9401
26.66443,1,1324.917,729.1327,1320.194,727.5364
26.67879,1,1324.917,729.1327,1322.556,728.3345
26.68399,1,1324.917,729.1327,1323.737,728.7336
26.6976,1,1330.392,727.4958,1327.064,728.1147
26.71277,1,1330.392,727.4958,1328.728,727.8053
26.72472,1,1334.518,727.7045,1331.623,727.7549
26.73247,1,1334.518,727.7045,1333.07,727.7297
26.73705,1,1334.518,727.7045,1333.794,727.7172
26.74107,1,1334.518,727.7045,1334.156,727.7108
26.75379,1,1335.935,727.7213,1335.046,727.7161
26.75875,1,1335.935,727.7213,1335.49,727.7187
26.77479,1,1335.935,727.7213,1335.713,727.72
26.79245,1,1336.079,726.7258,1335.896,727.2229
26.82223,1,1335.244,726.7917,1335.57,727.0073
26.8293,1,1335.244,726.7917,1335.406,726.8995
26.83389,1,1335.244,726.7917,1335.325,726.8456
26.83792,1,1335.244,726.7917,1335.284,726.8186
26.84545,1,1334.329,728.1953,1334.806,727.507
26.85085,1,1334.329,728.1953,1334.568,727.8511
26.85836,1,1334.329,728.1953,1334.448,728.0232
26.86361,1,1334.329,728.1953,1334.388,728.1093
26.8689,1,1334.329,728.1953,1334.358,728.1522
26.87679,1,1333.531,730.0538,1333.945,729.103
26.88143,1,1333.531,730.0538,1333.738,729.5784
26.8871,1,1333.531,730.0538,1333.635,729.8162
26.89414,1,1333.531,730.0538,1333.583,729.935
26.89878,1,1333.531,730.0538,1333.557,729.9944
26.90872,1,1316.253,718.9968,1324.905,724.4956
26.91397,1,1316.253,718.9968,1320.579,721.7462
26.91909,1,1316.253,718.9968,1318.416,720.3715
26.93257,1,1197.818,655.0129,1258.117,687.6922
26.94703,1,1197.818,655.0129,1227.967,671.3525
26.96354,1,983.3132,532.9544,1105.64,602.1534
26.98316,1,983.3132,532.9544,1044.477,567.554
26.99887,1,832.3512,448.3823,938.414,507.9681
27.00332,1,832.3512,448.3823,885.3826,478.1752
27.00863,1,832.3512,448.3823,858.8669,463.2787
27.02233,1,758.0924,407.438,808.4796,435.3583
27.02881,1,758.0924,407.438,783.286,421.3982
27.04202,1,758.0924,407.438,770.6892,414.4181
27.05709,1,724.1312,388.9417,747.4102,401.6799
27.07543,1,724.1312,388.9417,735.7708,395.3108
27.08938,1,707.6567,383.4694,721.7137,389.3901
27.10044,1,707.6567,383.4694,714.6852,386.4297
27.10518,1,707.6567,383.4694,711.171,384.9495
27.11372,1,697.9515,382.8678,704.5613,383.9086
27.11928,1,697.9515,382.8678,701.2563,383.3882
27.13101,1,697.9515,382.8678,699.6039,383.128
27.13708,1,697.9515,382.8678,698.7777,382.9979
27.14806,1,694.6696,382.8515,696.7236,382.9247
27.15516,1,694.6696,382.8515,695.6967,382.8881
27.16049,1,694.6696,382.8515,695.1831,382.8698
27.16562,1,694.6696,382.8515,694.9264,382.8607
27.17937,1,692.3582,382.4933,693.6423,382.677
27.19325,1,692.3582,382.4933,693.0002,382.5852
27.20637,1,690.0603,383.933,691.5303,383.2591
27.21358,1,690.0603,383.933,690.7953,383.596
27.24264,1,647.7687,429.5611,669.282,406.5786
27.26403,1,556.7438,569.4211,613.0129,487.9998
27.30666,1,463.5706,706.5911,538.2917,597.2955
27.32399,1,413.6409,776.3717,475.9663,686.8336
27.34303,1,413.6409,776.3717,444.8036,731.6027
27.36458,1,393.0832,805.2416,418.9434,768.4221
27.37029,1,393.0832,805.2416,406.0132,786.8319
27.37477,1,393.0832,805.2416,399.5482,796.0367
27.37967,1,393.0832,805.2416,396.3157,800.6392
27.38447,1,384.1989,815.4319,390.2573,808.0355
27.39187,1,384.1989,815.4319,387.2281,811.7338
27.39695,1,384.1989,815.4319,385.7136,813.5829
27.40203,1,384.1989,815.4319,384.9562,814.5074
27.41285,1,384.1989,815.4319,384.5776,814.9697
27.42427,1,380.2742,818.9023,382.4259,816.936
27.43081,1,380.2742,818.9023,381.3501,817.9192
27.44744,1,382.318,820.0598,381.834,818.9895
27.46618,1,382.318,820.0598,382.076,819.5247
27.48562,1,385.2499,820.2706,383.663,819.8976
27.51707,1,388.1831,816.1672,385.923,818.0324
27.53712,1,410.7144,799.4519,398.3187,808.7422
27.55669,1,410.7144,799.4519,404.5166,804.097
27.58622,1,410.7144,799.4519,407.6155,801.7745
27.60652,1,424.066,747.8173,415.8408,774.7959
27.644,1,613.952,603.3602,514.8964,689.0781
27.65923,1,742.9739,519.351,628.9351,604.2145
27.66372,1,742.9739,519.351,685.9545,561.7828
27.67475,1,742.9739,519.351,714.4642,540.5669
27.6799,1,742.9739,519.351,728.719,529.959
27.69082,1,814.3648,472.2908,771.5419,501.1249
27.69591,1,814.3648,472.2908,792.9534,486.7079
27.7117,1,814.3648,472.2908,803.6591,479.4994
27.72344,1,851.9361,450.8273,827.7976,465.1633
27.73852,1,851.9361,450.8273,839.8668,457.9953
27.74811,1,950.7581,362.1138,895.3124,410.0546
27.75276,1,950.7581,362.1138,923.0353,386.0842
27.76258,1,950.7581,362.1138,936.8967,374.099
27.768,1,950.7581,362.1138,943.8274,368.1064
27.77313,1,950.7581,362.1138,947.2927,365.1101
27.78075,1,1043.502,279.4463,995.3972,322.2782
27.78577,1,1043.502,279.4463,1019.449,300.8622
27.7931,1,1043.502,279.4463,1031.475,290.1542
27.7981,1,1043.502,279.4463,1037.489,284.8002
27.80288,1,1043.502,279.4463,1040.495,282.1232
27.81381,1,1088.643,237.2953,1064.569,259.7093
27.81917,1,1088.643,237.2953,1076.606,248.5023
27.82941,1,1088.643,237.2953,1082.625,242.8988
27.83473,1,1088.643,237.2953,1085.634,240.0971
27.8418,1,1111.594,218.8973,1098.614,229.4972
27.84799,1,1111.594,218.8973,1105.104,224.1972
27.85538,1,1111.594,218.8973,1108.349,221.5473
27.86059,1,1111.594,218.8973,1109.971,220.2223
27.86527,1,1111.594,218.8973,1110.783,219.5598
27.87504,1,1124.912,211.6559,1117.847,215.6078
27.88048,1,1124.912,211.6559,1121.38,213.6318
27.89068,1,1124.912,211.6559,1123.146,212.6438
27.89715,1,1129.577,207.0495,1126.361,209.8466
27.91236,1,1129.577,207.0495,1127.969,208.4481
27.93089,1,1132.862,203.8223,1130.416,206.1352
27.96347,1,1135.273,201.0822,1132.844,203.6087
27.98347,1,1135.273,201.0822,1134.059,202.3455
28.01975,1,1123.058,195.0449,1128.558,198.6952
28.04086,1,1123.058,195.0449,1125.808,196.8701
28.07066,1,1061.625,193.4237,1093.717,195.1469
28.08439,1,991.5234,191.1971,1042.62,193.172
28.08943,1,991.5234,191.1971,1017.072,192.1846
28.09485,1,991.5234,191.1971,1004.298,191.6908
28.09966,1,991.5234,191.1971,997.9105,191.444
28.11376,1,926.7357,187.3574,962.3231,189.4007
28.12794,1,926.7357,187.3574,944.5294,188.3791
28.13323,1,926.7357,187.3574,935.6326,187.8682
28.14786,1,876.8843,185.147,906.2584,186.5076
28.16123,1,876.8843,185.147,891.5714,185.8273
28.1743,1,842.2675,184.5379,866.9194,185.1826
28.17929,1,842.2675,184.5379,854.5934,184.8603
28.19407,1,842.2675,184.5379,848.4304,184.6991
28.19865,1,818.2472,183.4286,833.3388,184.0639
28.20369,1,818.2472,183.4286,825.793,183.7462
28.20944,1,818.2472,183.4286,822.0201,183.5874
28.22175,1,818.2472,183.4286,820.1337,183.508
28.23921,1,804.4377,181.5005,812.2857,182.5043
28.24582,1,804.4377,181.5005,808.3617,182.0024
28.28232,1,737.5425,174.7422,772.9521,178.3723
28.30326,1,737.5425,174.7422,755.2473,176.5572
28.33709,1,855.0613,30.81512,805.1543,103.6862
28.35753,1,894.9249,11.60096,850.0396,57.64357
28.38538,1,920.4068,3.117498,885.2231,30.38053
28.39036,1,920.4068,3.117498,902.8149,16.74901
28.39548,1,920.4068,3.117498,911.6108,9.933256
28.41619,1,940.0004,-3.753544,925.8057,3.089856
28.44567,1,953.9575,-8.375139,939.8816,-2.642642
28.4635,1,953.9575,-8.375139,946.9196,-5.50889
28.47732,1,964.9317,-11.01821,955.9257,-8.263552
28.48167,1,964.9317,-11.01821,960.4287,-9.640882
28.48585,1,964.9317,-11.01821,962.6802,-10.32955
28.49544,1,964.9317,-11.01821,963.8059,-10.67388
28.50011,1,964.9317,-11.01821,964.3688,-10.84605
28.50527,1,969.0872,-5.157262,966.728,-8.001655
28.51441,1,969.0872,-5.157262,967.9076,-6.579458
28.51913,1,969.0872,-5.157262,968.4974,-5.868361
28.52989,1,969.0872,-5.157262,968.7922,-5.512812
28.53518,1,970.6048,0.7486977,969.6985,-2.382057
28.54453,1,970.6048,0.7486977,970.1516,-0.8166796
28.54983,1,970.6048,0.7486977,970.3782,-0.03399095
28.55776,1,970.6048,0.7486977,970.4915,0.3573534
28.56258,1,971.6812,4.80969,971.0863,2.583522
28.56829,1,971.6812,4.80969,971.3838,3.696606
28.57791,1,971.6812,4.80969,971.5325,4.253148
28.58258,1,971.6812,4.80969,971.6068,4.531419
28.60057,1,972.0643,7.955231,971.8356,6.243325
28.61538,1,972.0643,7.955231,971.95,7.099277
28.62968,1,971.8724,10.42657,971.9112,8.762926
28.64562,1,971.8724,10.42657,971.8918,9.594749
28.6625,1,1006.692,55.44403,989.2917,32.51939
28.68052,1,1006.692,55.44403,997.9917,43.9817
28.71276,1,1375.642,576.7695,1186.817,310.3756
28.74497,1,1460.888,697.8154,1323.852,504.0955
28.75786,1,1460.888,697.8154,1392.37,600.9554
28.76287,1,1460.888,697.8154,1426.629,649.3854
28.76856,1,1460.888,697.8154,1443.758,673.6005
28.77771,1,1491.858,740.5299,1467.808,707.0652
28.78356,1,1491.858,740.5299,1479.833,723.7975
28.79462,1,1491.858,740.5299,1485.846,732.1637
28.79918,1,1491.858,740.5299,1488.852,736.3468
28.80844,1,1499.205,754.4285,1494.028,745.3877
28.81372,1,1499.205,754.4285,1496.617,749.9081
28.81935,1,1499.205,754.4285,1497.911,752.1683
28.82978,1,1499.205,754.4285,1498.558,753.2985
28.83765,1,1502.081,759.1833,1500.319,756.2408
28.84333,1,1502.081,759.1833,1501.2,757.712
28.84934,1,1502.081,759.1833,1501.64,758.4476
28.86075,1,1502.081,759.1833,1501.86,758.8154
28.86529,1,1502.429,758.6036,1502.145,758.7095
28.8729,1,1502.429,758.6036,1502.287,758.6565
28.88809,1,1502.429,758.6036,1502.358,758.63
28.89407,1,1501.515,759.7185,1501.937,759.1743
28.91048,1,1501.515,759.7185,1501.726,759.4464
28.93455,1,1508.625,772.391,1505.176,765.9187
28.94784,1,1508.625,772.391,1506.9,769.1548
28.95228,1,1508.625,772.391,1507.763,770.7729
28.95745,1,1516.376,779.2344,1512.07,775.0037
28.96697,1,1516.376,779.2344,1514.223,777.119
28.97251,1,1516.376,779.2344,1515.3,778.1767
28.97954,1,1516.376,779.2344,1515.838,778.7056
28.98422,1,1520.956,783.043,1518.397,780.8743
28.9946,1,1520.956,783.043,1519.676,781.9586
28.99985,1,1520.956,783.043,1520.316,782.5009
29.00506,1,1520.956,783.043,1520.636,782.772
29.01343,1,1520.956,783.043,1520.796,782.9075
29.01873,1,1523.653,784.9733,1522.225,783.9404
29.02916,1,1523.653,784.9733,1522.939,784.4569
29.03456,1,1523.653,784.9733,1523.296,784.7151
29.04114,1,1523.653,784.9733,1523.475,784.8442
29.04741,1,1527.024,787.6675,1525.249,786.2559
29.05984,1,1527.024,787.6675,1526.136,786.9617
29.06495,1,1527.024,787.6675,1526.58,787.3146
29.08154,1,1528.86,790.4917,1527.72,788.9031
29.10003,1,1528.86,790.4917,1528.29,789.6974
29.11472,1,1529.523,792.2302,1528.906,790.9637
29.1195,1,1529.523,792.2302,1529.215,791.5969
29.12414,1,1529.523,792.2302,1529.369,791.9136
29.13865,1,1530.075,793.2354,1529.722,792.5745
29.14617,1,1530.075,793.2354,1529.898,792.9049
29.15832,1,1530.075,793.2354,1529.986,793.0701
29.17234,1,1531.419,794.9467,1530.703,794.0084
29.18185,1,1531.419,794.9467,1531.061,794.4775
29.18768,1,1531.419,794.9467,1531.24,794.7121
29.19876,1,1531.93,797.3781,1531.585,796.045
29.20355,1,1531.93,797.3781,1531.758,796.7115
29.21652,1,1531.93,797.3781,1531.844,797.0448
29.22143,1,1531.93,797.3781,1531.887,797.2114
29.23102,1,1532.574,800.0129,1532.231,798.6122
29.23623,1,1532.574,800.0129,1532.402,799.3126
29.25484,1,1532.574,800.0129,1532.488,799.6627
29.26185,1,1532.644,801.686,1532.566,800.6743
29.26752,1,1532.644,801.686,1532.605,801.1802
29.28294,1,1532.644,801.686,1532.625,801.4331
29.29749,1,1532.387,802.8419,1532.506,802.1375
29.31719,1,1532.139,802.9253,1532.322,802.5314
29.35218,1,1531.53,801.7207,1531.926,802.126
29.36779,1,1531.53,801.7207,1531.728,801.9233
29.37191,1,1531.53,801.7207,1531.629,801.822
29.37689,1,1506.854,761.4208,1519.241,781.6214
29.38754,1,1506.854,761.4208,1513.048,771.5211
29.39255,1,1506.854,761.4208,1509.951,766.4709
29.41611,1,1354.252,563.7595,1432.101,665.1152
29.42062,1,1354.252,563.7595,1393.176,614.4374
29.42995,1,1354.252,563.7595,1373.714,589.0984
29.43429,1,1354.252,563.7595,1363.983,576.429
29.43908,1,1189.643,374.3616,1276.813,475.3953
29.44946,1,1189.643,374.3616,1233.228,424.8784
29.45428,1,1189.643,374.3616,1211.435,399.62
29.46493,1,1189.643,374.3616,1200.539,386.9908
29.4706,1,1106.929,279.063,1153.734,333.0269
29.47777,1,1106.929,279.063,1130.332,306.045
29.48228,1,1106.929,279.063,1118.63,292.554
29.48876,1,1106.929,279.063,1112.78,285.8085
29.4979,1,1071.469,234.3152,1092.124,260.0619
29.50303,1,1071.469,234.3152,1081.796,247.1886
29.50849,1,1071.469,234.3152,1076.633,240.7519
29.51408,1,1071.469,234.3152,1074.051,237.5336
29.51859,1,1071.469,234.3152,1072.76,235.9244
29.53018,1,1053.9,213.9555,1063.33,224.9399
29.53551,1,1053.9,213.9555,1058.615,219.4477
29.54328,1,1053.9,213.9555,1056.257,216.7016
29.54908,1,1053.9,213.9555,1055.079,215.3285
29.56085,1,1046.363,207.0594,1050.721,211.194
29.56582,1,1046.363,207.0594,1048.542,209.1267
29.60002,1,975.59,252.4687,1012.066,230.7977
29.61883,1,833.676,383.2607,922.871,307.0292
29.63632,1,833.676,383.2607,878.2736,345.1449
29.65358,1,631.9618,594.4344,755.1177,469.7896
29.68153,1,494.7359,731.1544,624.9268,600.472
29.70185,1,494.7359,731.1544,559.8313,665.8132
29.71705,1,436.5788,791.2416,498.205,728.5273
29.72145,1,436.5788,791.2416,467.3919,759.8845
29.73637,1,436.5788,791.2416,451.9854,775.563
29.75536,1,408.4458,817.4875,430.2156,796.5253
29.77314,1,395.7527,830.0245,412.9842,813.2749
29.80111,1,386.7285,835.1696,399.8563,824.2223
29.81825,1,386.7285,835.1696,393.2924,829.6959
29.8338,1,422.2874,827.3602,407.7899,828.5281
29.85411,1,422.2874,827.3602,415.0387,827.9441
29.87045,1,422.2874,827.3602,418.663,827.6521
29.90187,1,603.9189,789.5461,511.291,808.5991
29.92115,1,906.8887,759.3998,709.0898,783.9995
29.93596,1,906.8887,759.3998,807.9893,771.6997
29.94128,1,906.8887,759.3998,857.439,765.5498
29.95413,1,1209.481,734.7632,1033.46,750.1565
29.96082,1,1209.481,734.7632,1121.471,742.4598
29.97169,1,1209.481,734.7632,1165.476,738.6115
29.98018,1,1209.481,734.7632,1187.479,736.6874
29.98533,1,1368.755,720.6312,1278.117,728.6593
29.99129,1,1368.755,720.6312,1323.436,724.6453
30.00417,1,1368.755,720.6312,1346.096,722.6382
30.01686,1,1452.295,723.5275,1399.196,723.0829
30.03415,1,1452.295,723.5275,1425.745,723.3052
30.03942,1,1452.295,723.5275,1439.02,723.4163
30.06865,1,1493.515,725.4364,1466.268,724.4264
30.08837,1,1505.215,715.0305,1485.741,719.7285
30.10595,1,1508.693,713.7134,1497.217,716.7209
30.13722,1,1492.357,708.3469,1494.787,712.5339
30.15603,1,1492.357,708.3469,1493.572,710.4404
30.18474,1,1479.782,710.7625,1486.677,710.6014
30.20503,1,1468.47,708.8041,1477.574,709.7028
30.22206,1,1464.42,710.8207,1470.997,710.2617
30.25769,1,1460.597,709.0278,1465.797,709.6448
30.27408,1,1460.597,709.0278,1463.197,709.3363
30.30445,1,1458.043,707.3561,1460.62,708.3462
30.31877,1,1455.764,705.4013,1458.192,706.8738
30.32314,1,1455.764,705.4013,1456.978,706.1376
30.32861,1,1455.764,705.4013,1456.371,705.7694
30.33769,1,1455.764,705.4013,1456.067,705.5853
30.34262,1,1455.764,705.4013,1455.916,705.4933
30.3487,1,1453.614,703.6586,1454.765,704.5759
30.36185,1,1453.614,703.6586,1454.189,704.1173
30.37724,1,1451.716,701.895,1452.952,703.0061
30.39646,1,1451.716,701.895,1452.334,702.4506
30.41396,1,1448.839,699.0955,1450.586,700.773
30.43095,1,1448.839,699.0955,1449.712,699.9342
30.4441,1,1445.215,695.5223,1447.464,697.7283
30.44944,1,1445.215,695.5223,1446.339,696.6253
30.45403,1,1445.215,695.5223,1445.777,696.0739
30.45857,1,1445.215,695.5223,1445.496,695.7981
30.47031,1,1440.955,690.8441,1443.226,693.3211
30.47943,1,1440.955,690.8441,1442.091,692.0826
30.48423,1,1440.955,690.8441,1441.523,691.4634
30.4952,1,1436.416,685.2013,1438.969,688.3323
30.49998,1,1436.416,685.2013,1437.693,686.7668
30.50536,1,1436.416,685.2013,1437.054,685.9841
30.51438,1,1436.416,685.2013,1436.735,685.5927
30.51911,1,1436.416,685.2013,1436.575,685.397
30.5301,1,1431.26,678.8248,1433.918,682.1108
30.53512,1,1431.26,678.8248,1432.589,680.4678
30.54549,1,1431.26,678.8248,1431.925,679.6462
30.55148,1,1431.26,678.8248,1431.593,679.2355
30.55996,1,1425.284,672.3718,1428.438,675.8036
30.56522,1,1425.284,672.3718,1426.861,674.0878
30.58198,1,1425.284,672.3718,1426.073,673.2298
30.59911,1,1420.087,665.389,1423.08,669.3094
30.61604,1,1414.996,656.3683,1419.038,662.8389
30.64574,1,1409.081,647.3784,1414.06,655.1086
30.66767,1,1409.081,647.3784,1411.57,651.2435
30.687,1,1404.123,640.5268,1407.847,645.8851
30.70573,1,1399.303,636.2374,1403.575,641.0613
30.73792,1,1395.055,632.8729,1399.315,636.967
30.75744,1,1395.055,632.8729,1397.185,634.9199
30.77436,1,1391.758,630.4054,1394.471,632.6627
30.80295,1,1389.416,627.2118,1391.943,629.9373
30.82271,1,1389.416,627.2118,1390.679,628.5745
30.83488,1,1386.76,623.9114,1388.72,626.243
30.83899,1,1386.76,623.9114,1387.74,625.0772
30.84444,1,1386.76,623.9114,1387.25,624.4943
30.84972,1,1386.76,623.9114,1387.005,624.2029
30.8631,1,1384.854,619.1674,1385.929,621.6851
30.88093,1,1384.854,619.1674,1385.392,620.4263
30.8969,1,1383.18,614.8122,1384.286,617.6193
30.91544,1,1383.18,614.8122,1383.733,616.2157
30.92587,1,1382.391,611.9391,1383.062,614.0774
30.94219,1,1382.391,611.9391,1382.726,613.0082
30.96078,1,1381.549,609.0917,1382.137,611.0499
30.99113,1,1380.265,606.5521,1381.201,608.801
31.01106,1,1379.056,603.3724,1380.128,606.0867
31.02806,1,1379.056,603.3724,1379.592,604.7296
31.04173,1,1377.053,600.5746,1378.322,602.6521
31.05202,1,1377.053,600.5746,1377.688,601.6134
31.06822,1,1375.161,598.339,1376.424,599.9762
31.08098,1,1375.161,598.339,1375.792,599.1576
31.0878,1,1375.161,598.339,1375.476,598.7483
31.09403,1,1375.161,598.339,1375.318,598.5436
31.09837,1,1375.161,598.339,1375.24,598.4413
31.10844,1,1373.846,597.5601,1374.543,598.0007
31.11388,1,1373.846,597.5601,1374.195,597.7804
31.11946,1,1373.846,597.5601,1374.021,597.6703
31.12731,1,1373.846,597.5601,1373.933,597.6152
31.13276,1,1372.571,597.6432,1373.252,597.6292
31.14529,1,1372.571,597.6432,1372.911,597.6362
31.16301,1,1371.532,597.0081,1372.222,597.3221
31.17735,1,1371.532,597.0081,1371.877,597.1651
31.19665,1,1370.301,596.5593,1371.089,596.8622
31.21428,1,1370.301,596.5593,1370.695,596.7107
31.25356,1,1369.041,596.2012,1369.868,596.4559
31.27412,1,1369.041,596.2012,1369.454,596.3286
31.28757,1,1368.65,596.36,1369.052,596.3443
31.3003,1,1368.65,596.36,1368.851,596.3522
31.30502,1,1368.65,596.36,1368.75,596.3561
31.31778,1,1368.266,596.8165,1368.508,596.5863
31.33314,1,1368.266,596.8165,1368.387,596.7014
31.35264,1,1374.946,603.7961,1371.667,600.2488
31.37092,1,1408.142,633.4796,1389.904,616.8642
31.3903,1,1408.142,633.4796,1399.023,625.1719
31.42084,1,1450.042,672.7728,1424.533,648.9724
31.43651,1,1485.344,707.3917,1454.938,678.182
31.4552,1,1485.344,707.3917,1470.141,692.7869
31.47251,1,1511.64,734.1514,1490.891,713.4691
31.48845,1,1511.64,734.1514,1501.265,723.8103
31.50498,1,1523.761,729.2482,1512.513,726.5293
31.52312,1,1529.692,738.3557,1521.103,732.4425
31.55265,1,1544.189,760.1112,1532.646,746.2769
31.57149,1,1544.189,760.1112,1538.418,753.194
31.60177,1,1557.594,779.1058,1548.006,766.1499
31.62303,1,1567.632,793.9915,1557.819,780.0707
31.6389,1,1567.632,793.9915,1562.725,787.0311
31.65181,1,1574.423,803.9164,1568.574,795.4738
31.65594,1,1574.423,803.9164,1571.499,799.6951
31.6609,1,1574.423,803.9164,1572.961,801.8057
31.66588,1,1574.423,803.9164,1573.692,802.8611
31.68161,1,1580.007,811.4125,1576.85,807.1368
31.70714,1,1585.242,816.8668,1581.046,812.0018
31.71329,1,1585.242,816.8668,1583.144,814.4343
31.72873,1,1585.242,816.8668,1584.193,815.6506
31.73956,1,1589.185,817.9081,1586.689,816.7793
31.75851,1,1589.185,817.9081,1587.937,817.3437
31.77685,1,1593.531,821.3543,1590.734,819.349
31.80784,1,1596.007,825.4021,1593.37,822.3755
31.82838,1,1598.453,829.2536,1595.912,825.8146
31.85846,1,1600.56,833.8681,1598.236,829.8413
31.88118,1,1600.56,833.8681,1599.398,831.8547
31.9056,1,1602.366,837.9334,1600.882,834.894
31.91895,1,1604.908,841.7603,1602.895,838.3271
31.92306,1,1604.908,841.7603,1603.901,840.0437
31.93091,1,1604.908,841.7603,1604.405,840.902
31.94769,1,1608.082,848.4761,1606.243,844.689
31.97373,1,1608.082,848.4761,1607.163,846.5825
31.99384,1,1611.234,855.209,1609.198,850.8958
32.01295,1,1615.069,860.6813,1612.134,855.7886
32.01746,1,1615.069,860.6813,1613.601,858.235
32.02235,1,1615.069,860.6813,1614.335,859.4581
32.0341,1,1615.069,860.6813,1614.702,860.0697
32.03972,1,1617.968,863.7827,1616.335,861.9261
32.04987,1,1617.968,863.7827,1617.151,862.8544
32.05502,1,1617.968,863.7827,1617.56,863.3185
32.06521,1,1617.968,863.7827,1617.764,863.5505
32.0715,1,1622.888,866.3574,1620.326,864.954
32.09352,1,1622.888,866.3574,1621.607,865.6556
32.09832,1,1631.347,872.2114,1626.477,868.9335
32.11456,1,1631.347,872.2114,1628.912,870.5725
32.13377,1,1643.076,881.9754,1635.994,876.2739
32.15254,1,1643.076,881.9754,1639.535,879.1246
32.1694,1,1654.224,892.2816,1646.88,885.7031
32.18763,1,1696.33,904.1525,1671.605,894.9278
32.2036,1,1696.33,904.1525,1683.967,899.5402
32.22687,1,1696.33,904.1525,1690.148,901.8463
32.24282,1,1696.33,904.1525,1693.239,902.9994
32.26025,1,1696.33,904.1525,1694.784,903.5759
32.27761,1,1663.348,843.9905,1679.066,873.7832
32.29403,1,1663.348,843.9905,1671.207,858.8868
32.31331,1,1668.773,855.275,1669.99,857.0809
32.32826,1,1668.773,855.275,1669.382,856.178
32.34605,1,1696.792,901.2447,1683.087,878.7113
32.36554,1,1696.792,901.2447,1689.94,889.978
32.3836,1,1700.182,917.3905,1695.061,903.6843
32.40094,1,1704.914,932.3895,1699.987,918.0369
32.41947,1,1704.914,932.3895,1702.45,925.2131
32.43436,1,1709.815,944.2222,1706.133,934.7177
32.45008,1,1709.815,944.2222,1707.974,939.4699
32.46778,1,1713.522,954.6316,1710.748,947.0508
32.48443,1,1713.522,954.6316,1712.135,950.8412
32.50116,1,1717.054,962.8599,1714.594,956.8506
32.51868,1,1720.142,968.364,1717.368,962.6073
32.53371,1,1720.142,968.364,1718.755,965.4856
32.55295,1,1722.959,972.8141,1720.857,969.1499
32.57948,1,1726.656,978.0166,1723.757,973.5833
32.59241,1,1726.656,978.0166,1725.206,975.7999
32.59757,1,1726.656,978.0166,1725.931,976.9083
32.61519,1,1728.391,983.7867,1727.161,980.3475
32.63137,1,1728.391,983.7867,1727.776,982.0671
32.64595,1,1729.467,987.0382,1728.622,984.5527
32.66322,1,1729.467,987.0382,1729.044,985.7954
32.68058,1,1730.758,987.5178,1729.901,986.6566
32.69778,1,1730.758,987.5178,1730.33,987.0872
32.7154,1,1732.063,987.6779,1731.197,987.3826
32.73232,1,1732.909,986.9855,1732.053,987.1841
32.75082,1,1732.909,986.9855,1732.481,987.0848
32.76639,1,1733.598,986.7537,1733.039,986.9193
32.78458,1,1733.598,986.7537,1733.318,986.8364
32.80313,1,1733.909,986.3867,1733.614,986.6116
32.80947,1,1733.909,986.3867,1733.761,986.4991
32.82362,1,1734.194,986.1103,1733.978,986.3047
32.84216,1,1734.194,986.1103,1734.086,986.2075
32.86114,1,1734.578,985.8336,1734.332,986.0205
32.87405,1,1734.578,985.8336,1734.455,985.927
32.8891,1,1734.948,985.5794,1734.702,985.7532
32.9047,1,1734.948,985.5794,1734.825,985.6663
32.92033,1,1735.046,985.5172,1734.935,985.5917
32.93773,1,1735.046,985.5172,1734.991,985.5544
32.95628,1,1734.983,985.6597,1734.987,985.6071
32.97462,1,1734.782,985.9661,1734.884,985.7866
32.98888,1,1734.782,985.9661,1734.833,985.8763
33.00446,1,1734.509,986.5431,1734.671,986.2097
33.02155,1,1734.509,986.5431,1734.59,986.3764
33.03651,1,1734.088,987.3087,1734.339,986.8425
33.05522,1,1734.088,987.3087,1734.214,987.0756
33.08389,1,1733.613,988.3818,1733.913,987.7288
33.09785,1,1733.259,989.3279,1733.586,988.5283
33.10236,1,1733.259,989.3279,1733.423,988.9281
33.10745,1,1733.259,989.3279,1733.341,989.1281
33.113,1,1733.259,989.3279,1733.3,989.228
33.12398,1,1733.003,988.4934,1733.151,988.8607
33.13026,1,1733.003,988.4934,1733.077,988.6771
33.14468,1,1733.003,988.4934,1733.04,988.5852
33.15726,1,1732.452,987.4534,1732.746,988.0193
33.16272,1,1732.452,987.4534,1732.599,987.7363
33.17677,1,1732.452,987.4534,1732.525,987.5948
33.19293,1,1731.865,985.8806,1732.195,986.7377
33.21008,1,1731.865,985.8806,1732.03,986.3092
33.22797,1,1730.646,982.3841,1731.338,984.3467
33.24223,1,1730.646,982.3841,1730.992,983.3654
33.25887,1,1728.878,978.6426,1729.935,981.004
33.27508,1,1726.217,974.8563,1728.076,977.9302
33.2805,1,1726.217,974.8563,1727.146,976.3932
33.31057,1,1723.76,970.6571,1725.453,973.5251
33.32669,1,1723.76,970.6571,1724.607,972.0911
33.34641,1,1720.271,965.5672,1722.439,968.8292
33.36117,1,1720.271,965.5672,1721.355,967.1982
33.37943,1,1716.261,959.0528,1718.808,963.1255
33.39504,1,1713.519,954.0542,1716.163,958.5898
33.41489,1,1713.519,954.0542,1714.841,956.322
33.42175,1,1713.519,954.0542,1714.18,955.1881
33.42847,1,1710.694,949.5081,1712.437,952.3481
33.43629,1,1710.694,949.5081,1711.566,950.9281
33.44167,1,1710.694,949.5081,1711.13,950.2181
33.45802,1,1706.509,945.7064,1708.819,947.9623
33.47652,1,1706.509,945.7064,1707.664,946.8344
33.49352,1,1702.287,941.5841,1704.976,944.2092
33.50216,1,1702.287,941.5841,1703.632,942.8967
33.50806,1,1702.287,941.5841,1702.959,942.2404
33.51329,1,1702.287,941.5841,1702.623,941.9122
33.51847,1,1697.726,937.8798,1700.175,939.896
33.52488,1,1697.726,937.8798,1698.951,938.8879
33.5312,1,1697.726,937.8798,1698.338,938.3839
33.53649,1,1697.726,937.8798,1698.032,938.1318
33.55119,1,1693.294,931.9772,1695.663,935.0546
33.56409,1,1693.294,931.9772,1694.478,933.5159
33.58217,1,1688.844,926.0632,1691.661,929.7896
33.60233,1,1688.844,926.0632,1690.253,927.9264
33.61681,1,1685.37,922.3382,1687.811,925.1323
33.62128,1,1685.37,922.3382,1686.591,923.7352
33.62728,1,1685.37,922.3382,1685.98,923.0367
33.64182,1,1680.931,918.9719,1683.456,921.0043
33.66191,1,1680.931,918.9719,1682.193,919.988
33.68146,1,1678.986,915.2569,1680.59,917.6224
33.69715,1,1676.118,911.1001,1678.354,914.3613
33.70182,1,1676.118,911.1001,1677.236,912.7307
33.70741,1,1676.118,911.1001,1676.677,911.9154
33.71703,1,1676.118,911.1001,1676.397,911.5078
33.73111,1,1671.987,905.9652,1674.192,908.7365
33.73598,1,1671.987,905.9652,1673.09,907.3508
33.74554,1,1671.987,905.9652,1672.539,906.658
33.75122,1,1671.987,905.9652,1672.263,906.3116
33.75927,1,1666.607,900.5834,1669.435,903.4475
33.76441,1,1666.607,900.5834,1668.021,902.0155
33.77057,1,1666.607,900.5834,1667.314,901.2994
33.78019,1,1666.607,900.5834,1666.96,900.9414
33.78544,1,1666.607,900.5834,1666.783,900.7625
33.79428,1,1663.041,896.6365,1664.912,898.6995
33.7999,1,1663.041,896.6365,1663.977,897.668
33.80698,1,1663.041,896.6365,1663.509,897.1522
33.8123,1,1663.041,896.6365,1663.275,896.8944
33.82104,1,1660.672,893.6644,1661.974,895.2794
33.82862,1,1660.672,893.6644,1661.323,894.4719
33.83994,1,1660.672,893.6644,1660.997,894.0681
33.84586,1,1660.672,893.6644,1660.835,893.8662
33.87202,1,1657.541,890.5884,1659.188,892.2273
33.89882,1,1654.28,887.6,1656.734,889.9137
33.91917,1,1650.63,884.5646,1653.682,887.2391
33.93557,1,1650.63,884.5646,1652.156,885.9019
33.95323,1,1645.875,881.7531,1649.016,883.8275
33.98466,1,1626.811,865.6642,1637.913,874.7458
34.00222,1,1503.675,761.816,1570.794,818.2809
34.0229,1,1503.675,761.816,1537.234,790.0485
34.03711,1,1210.958,527.2415,1374.096,658.645
34.05595,1,1210.958,527.2415,1292.527,592.9432
34.07201,1,983.9072,360.9179,1138.217,476.9306
34.08437,1,983.9072,360.9179,1061.062,418.9243
34.08907,1,894.8376,296.863,977.95,357.8936
34.09485,1,894.8376,296.863,936.3938,327.3783
34.11138,1,894.8376,296.863,915.6157,312.1207
34.12406,1,859.8599,274.3432,887.7378,293.2319
34.13094,1,859.8599,274.3432,873.7988,283.7875
34.14591,1,859.8599,274.3432,866.8293,279.0654
34.15836,1,845.0538,262.1972,855.9415,270.6313
34.17568,1,845.0538,262.1972,850.4977,266.4142
34.20111,1,785.989,180.2859,818.2433,223.3501
34.2153,1,719.4813,108.1637,768.8623,165.7569
34.24516,1,692.9426,78.13795,730.9025,121.9474
34.26616,1,692.9426,78.13795,711.9225,100.0427
34.28382,1,673.9464,63.6697,692.9344,81.85619
34.30247,1,667.6429,56.85176,680.2887,69.35397
34.31992,1,667.6429,56.85176,673.9658,63.10287
34.33749,1,664.5158,52.81207,669.2408,57.95747
34.35744,1,664.5158,52.81207,666.8783,55.38477
34.37472,1,661.7297,52.81435,664.304,54.09956
34.39385,1,660.1334,51.48076,662.2187,52.79016
34.42746,1,689.9144,66.91563,676.0665,59.8529
34.44285,1,689.9144,66.91563,682.9905,63.38427
34.45664,1,749.8431,95.1529,716.4168,79.26859
34.46749,1,749.8431,95.1529,733.13,87.21074
34.47213,1,749.8431,95.1529,741.4866,91.18182
34.47724,1,749.8431,95.1529,745.6649,93.16736
34.48222,1,1033.964,280.0388,889.8147,186.6031
34.48719,1,1033.964,280.0388,961.8896,233.321
34.49409,1,1033.964,280.0388,997.927,256.6799
34.49873,1,1033.964,280.0388,1015.946,268.3593
34.50604,1,1033.964,280.0388,1024.955,274.1991
34.52798,1,1252.968,438.8895,1138.962,356.5443
34.53398,1,1252.968,438.8895,1195.965,397.7169
34.54858,1,1392.606,568.6329,1294.285,483.1749
34.56276,1,1392.606,568.6329,1343.446,525.9039
34.58056,1,1448.026,622.1945,1395.736,574.0492
34.6022,1,1448.026,622.1945,1421.881,598.1218
34.63364,1,1477.926,642.976,1449.904,620.5489
34.66691,1,1482.619,644.7294,1466.261,632.6392
34.68385,1,1482.619,644.7294,1474.44,638.6843
34.68888,1,1482.619,644.7294,1478.529,641.7069
34.69648,1,1487.035,657.5341,1482.782,649.6205
34.70099,1,1487.035,657.5341,1484.909,653.5773
34.70596,1,1487.035,657.5341,1485.972,655.5557
34.71685,1,1487.035,657.5341,1486.504,656.5449
34.72171,1,1487.035,657.5341,1486.77,657.0394
34.73203,1,1498.849,689.8229,1492.809,673.4312
34.73688,1,1498.849,689.8229,1495.829,681.6271
34.74398,1,1498.849,689.8229,1497.339,685.725
34.74964,1,1498.849,689.8229,1498.094,687.7739
34.75474,1,1512.399,716.8121,1505.246,702.293
34.76231,1,1512.399,716.8121,1508.823,709.5525
34.76824,1,1512.399,716.8121,1510.611,713.1823
34.77842,1,1512.399,716.8121,1511.505,714.9972
34.78333,1,1512.399,716.8121,1511.952,715.9047
34.79278,1,1513.765,729.1279,1512.858,722.5162
34.79805,1,1513.765,729.1279,1513.312,725.822
34.80802,1,1513.765,729.1279,1513.538,727.475
34.81413,1,1513.765,729.1279,1513.651,728.3014
34.83212,1,1514.981,735.2948,1514.316,731.7981
34.85773,1,1518.026,741.5446,1516.171,736.6713
34.86362,1,1518.026,741.5446,1517.098,739.1079
34.87553,1,1520.265,746.6138,1518.682,742.8608
34.89042,1,1520.265,746.6138,1519.473,744.7373
34.90838,1,1520.817,751.1525,1520.145,747.9449
34.92574,1,1520.817,751.1525,1520.481,749.5487
34.94396,1,1519.298,753.6726,1519.889,751.6107
34.96557,1,1517.319,756.8359,1518.604,754.2233
34.97186,1,1517.319,756.8359,1517.962,755.5296
34.98212,1,1517.319,756.8359,1517.64,756.1827
34.98759,1,1517.319,756.8359,1517.48,756.5093
34.9966,1,1515.27,758.3412,1516.375,757.4253
35.00172,1,1515.27,758.3412,1515.823,757.8832
35.01056,1,1515.27,758.3412,1515.546,758.1122
35.0154,1,1515.27,758.3412,1515.408,758.2267
35.0209,1,1515.27,758.3412,1515.339,758.2839
35.02879,1,1512.49,756.3414,1513.915,757.3127
35.03448,1,1512.49,756.3414,1513.202,756.827
35.04058,1,1512.49,756.3414,1512.846,756.5842
35.04565,1,1512.49,756.3414,1512.668,756.4628
35.05117,1,1512.49,756.3414,1512.579,756.4021
35.06001,1,1510.1,754.2759,1511.34,755.339
35.065,1,1510.1,754.2759,1510.72,754.8075
35.07424,1,1510.1,754.2759,1510.41,754.5417
35.08038,1,1510.1,754.2759,1510.255,754.4088
35.09617,1,1508.786,752.6913,1509.521,753.55
35.10857,1,1508.786,752.6913,1509.153,753.1207
35.11508,1,1508.786,752.6913,1508.969,752.906
35.12778,1,1507.234,749.0555,1508.102,750.9808
35.14904,1,1504.84,743.8695,1506.471,747.4252
35.17775,1,1501.553,737.5307,1504.012,742.4779
35.19689,1,1501.553,737.5307,1502.783,740.0043
35.21288,1,1498.897,730.8786,1500.84,735.4414
35.23128,1,1498.897,730.8786,1499.868,733.16
35.26022,1,1495.595,723.9856,1497.731,728.5728
35.27479,1,1493.655,713.2393,1495.693,720.9061
35.28007,1,1493.655,713.2393,1494.674,717.0727
35.28442,1,1493.655,713.2393,1494.165,715.156
35.29863,1,1488.846,708.71,1491.505,711.933
35.31321,1,1488.846,708.71,1490.176,710.3215
35.33153,1,1485.743,706.572,1487.959,708.4467
35.36112,1,1482.923,704.5616,1485.441,706.5042
35.3916,1,1479.898,702.4749,1482.67,704.4895
35.40955,1,1479.898,702.4749,1481.284,703.4822
35.41831,1,1477.966,698.9323,1479.625,701.2072
35.42915,1,1477.966,698.9323,1478.795,700.0697
35.43384,1,1477.966,698.9323,1478.38,699.501
35.43862,1,1477.966,698.9323,1478.173,699.2166
35.44877,1,1477.024,694.5991,1477.598,696.9078
35.45422,1,1477.024,694.5991,1477.311,695.7535
35.47056,1,1477.024,694.5991,1477.167,695.1763
35.48219,1,1476.074,690.9562,1476.62,693.0662
35.49937,1,1476.074,690.9562,1476.347,692.0112
35.51515,1,1475.209,688.0958,1475.778,690.0535
35.53361,1,1475.209,688.0958,1475.493,689.0747
35.55206,1,1473.872,686.0974,1474.683,687.5861
35.57059,1,1472.706,683.7814,1473.694,685.6837
35.58894,1,1472.706,683.7814,1473.2,684.7325
35.60411,1,1472.003,682.3859,1472.602,683.5592
35.6238,1,1472.003,682.3859,1472.302,682.9725
35.63639,1,1466.361,682.5158,1469.332,682.7441
35.64141,1,1466.361,682.5158,1467.846,682.63
35.65528,1,1466.361,682.5158,1467.104,682.5729
35.67088,1,1458.556,680.4545,1462.83,681.5137
35.69041,1,1451.221,677.9758,1457.025,679.7448
35.70849,1,1451.221,677.9758,1454.123,678.8602
35.72598,1,1444.032,676.1126,1449.078,677.4865
35.74142,1,1444.032,676.1126,1446.555,676.7996
35.75581,1,1437.961,674.7957,1442.258,675.7976
35.77505,1,1437.961,674.7957,1440.11,675.2966
35.81142,1,1430.311,678.0215,1435.21,676.6591
35.83015,1,1430.311,678.0215,1432.761,677.3403
35.84636,1,1426.004,678.9999,1429.383,678.1701
35.86311,1,1426.004,678.9999,1427.693,678.585
35.87612,1,1422.457,678.8908,1425.075,678.7379
35.88113,1,1422.457,678.8908,1423.766,678.8143
35.8856,1,1422.457,678.8908,1423.111,678.8525
35.89085,1,1422.457,678.8908,1422.784,678.8717
35.90517,1,1419.52,677.5862,1421.152,678.2289
35.91501,1,1419.52,677.5862,1420.336,677.9076
35.91946,1,1419.52,677.5862,1419.928,677.7469
35.92979,1,1419.52,677.5862,1419.724,677.6665
35.93468,1,1419.359,680.1465,1419.542,678.9065
35.93951,1,1419.359,680.1465,1419.45,679.5265
35.94903,1,1419.359,680.1465,1419.405,679.8365
35.95402,1,1419.359,680.1465,1419.382,679.9916
35.96424,1,1420.96,684.938,1420.171,682.4648
35.96974,1,1420.96,684.938,1420.566,683.7014
35.97887,1,1420.96,684.938,1420.763,684.3197
35.98406,1,1420.96,684.938,1420.862,684.6289
35.99529,1,1422.941,690.7437,1421.901,687.6863
36.00033,1,1422.941,690.7437,1422.421,689.215
36.01165,1,1422.941,690.7437,1422.681,689.9793
36.0177,1,1422.941,690.7437,1422.811,690.3615
36.02451,1,1425.777,698.0543,1424.294,694.2079
36.03048,1,1425.777,698.0543,1425.036,696.1311
36.04183,1,1425.777,698.0543,1425.406,697.0927
36.04832,1,1425.777,698.0543,1425.592,697.5735
36.062,1,1429.109,705.136,1427.35,701.3547
36.07816,1,1429.109,705.136,1428.229,703.2454
36.09598,1,1432.195,710.8644,1430.212,707.0549
36.1122,1,1432.195,710.8644,1431.204,708.9596
36.1301,1,1434.656,715.302,1432.93,712.1308
36.14871,1,1436.652,719.5018,1434.791,715.8163
36.16631,1,1436.652,719.5018,1435.722,717.6591
36.186,1,1438.127,723.3196,1436.924,720.4893
36.20473,1,1439.44,726.8694,1438.182,723.6794
36.22444,1,1439.44,726.8694,1438.811,725.2744
36.23854,1,1439.388,729.3237,1439.1,727.2991
36.25469,1,1439.388,729.3237,1439.244,728.3114
36.27087,1,1438.743,730.8058,1438.994,729.5586
36.28773,1,1438.743,730.8058,1438.868,730.1822
36.30009,1,1439.069,731.5851,1438.969,730.8837
36.30434,1,1439.069,731.5851,1439.019,731.2344
36.31046,1,1439.069,731.5851,1439.044,731.4097
36.31543,1,1439.069,731.5851,1439.056,731.4974
36.32276,1,1439.069,731.5851,1439.063,731.5413
36.32893,1,1440.515,732.4973,1439.789,732.0193
36.33421,1,1440.515,732.4973,1440.152,732.2583
36.34772,1,1440.515,732.4973,1440.334,732.3778
36.36102,1,1441.446,734.6124,1440.89,733.4951
36.37539,1,1441.446,734.6124,1441.168,734.0537
36.3893,1,1441.752,735.4217,1441.46,734.7377
36.39452,1,1441.752,735.4217,1441.606,735.0797
36.41897,1,1442.889,736.1763,1442.248,735.628
36.42461,1,1442.889,736.1763,1442.568,735.9021
36.43492,1,1442.889,736.1763,1442.729,736.0392
36.4397,1,1442.889,736.1763,1442.809,736.1077
36.44917,1,1443.988,736.6111,1443.398,736.3594
36.45412,1,1443.988,736.6111,1443.693,736.4852
36.46981,1,1443.988,736.6111,1443.841,736.5482
36.48092,1,1445.064,736.9461,1444.452,736.7471
36.48528,1,1445.064,736.9461,1444.758,736.8466
36.50026,1,1445.064,736.9461,1444.911,736.8964
36.51411,1,1445.561,736.3594,1445.236,736.6279
36.5279,1,1445.561,736.3594,1445.399,736.4937
36.53329,1,1445.561,736.3594,1445.48,736.4265
36.54552,1,1446.395,736.424,1445.938,736.4253
36.56028,1,1446.395,736.424,1446.167,736.4247
36.56554,1,1446.395,736.424,1446.281,736.4243
36.58107,1,1447.827,737.0302,1447.054,736.7272
36.58562,1,1447.827,737.0302,1447.441,736.8787
36.59115,1,1447.827,737.0302,1447.634,736.9544
36.59657,1,1449.89,737.964,1448.762,737.4592
36.61173,1,1449.89,737.964,1449.326,737.7116
36.63029,1,1451.954,738.5292,1450.64,738.1204
36.65704,1,1453.33,738.2097,1451.985,738.165
36.66859,1,1453.33,738.2097,1452.657,738.1874
36.67774,1,1453.33,738.2097,1452.993,738.1985
36.68284,1,1453.33,738.2097,1453.161,738.2041
36.68948,1,1455.016,738.614,1454.089,738.4091
36.69861,1,1455.016,738.614,1454.552,738.5115
36.70396,1,1455.016,738.614,1454.784,738.5627
36.71439,1,1455.016,738.614,1454.9,738.5884
36.71961,1,1457.88,741.9049,1456.39,740.2466
36.7258,1,1457.88,741.9049,1457.135,741.0758
36.73228,1,1457.88,741.9049,1457.508,741.4904
36.73737,1,1457.88,741.9049,1457.694,741.6976
36.74571,1,1457.88,741.9049,1457.787,741.8013
36.75175,1,1463.15,746.5281,1460.469,744.1647
36.7577,1,1463.15,746.5281,1461.809,745.3464
36.76324,1,1463.15,746.5281,1462.48,745.9373
36.7748,1,1463.15,746.5281,1462.815,746.2327
36.78074,1,1471.985,760.9276,1467.4,753.5801
36.79634,1,1471.985,760.9276,1469.693,757.2539
36.81355,1,1481.316,774.3972,1475.505,765.8256
36.83281,1,1481.316,774.3972,1478.411,770.1113
36.85058,1,1490.967,785.3605,1484.688,777.7359
36.87532,1,1499.024,793.1132,1491.856,785.4246
36.89127,1,1499.024,793.1132,1495.44,789.2689
36.90823,1,1505.007,797.8776,1500.224,793.5732
36.92477,1,1505.007,797.8776,1502.615,795.7255
36.94305,1,1511.993,803.658,1507.304,799.6917
36.9631,1,1517.757,807.6188,1512.531,803.6553
36.97839,1,1517.757,807.6188,1515.144,805.637
36.98312,1,1517.757,807.6188,1516.45,806.6279
36.99117,1,1522.415,811.5331,1519.433,809.0805
36.99609,1,1522.415,811.5331,1520.924,810.3068
37.00095,1,1522.415,811.5331,1521.67,810.9199
37.01202,1,1522.415,811.5331,1522.042,811.2265
37.01645,1,1522.415,811.5331,1522.229,811.3798
37.02826,1,1528.645,817.5853,1525.437,814.4825
37.03341,1,1528.645,817.5853,1527.041,816.0339
37.04255,1,1528.645,817.5853,1527.843,816.8096
37.04815,1,1528.645,817.5853,1528.244,817.1975
37.05708,1,1534.436,825.3856,1531.34,821.2915
37.0621,1,1534.436,825.3856,1532.888,823.3385
37.07446,1,1534.436,825.3856,1533.662,824.3621
37.07983,1,1540.099,832.9147,1536.881,828.6384
37.09618,1,1540.099,832.9147,1538.49,830.7765
37.13146,1,1529.004,804.6922,1533.747,817.7344
37.1485,1,1480.324,665.3185,1507.036,741.5264
37.16541,1,1480.324,665.3185,1493.68,703.4225
37.18159,1,1426.877,508.2479,1460.279,605.8352
37.21338,1,1394.921,415.6182,1427.6,510.7267
37.24724,1,1380.874,370.6917,1404.237,440.7092
37.26557,1,1374.966,349.64,1389.602,395.1746
37.29657,1,1379.871,383.4081,1384.736,389.2914
37.31568,1,1379.871,383.4081,1382.304,386.3498
37.33466,1,1407.562,414.9564,1394.933,400.6531
37.36312,1,1440.828,465.1668,1417.88,432.9099
37.36837,1,1440.828,465.1668,1429.354,449.0384
37.37274,1,1440.828,465.1668,1435.091,457.1026
37.38434,1,1479.466,587.8525,1457.278,522.4775
37.39042,1,1479.466,587.8525,1468.372,555.165
37.40406,1,1479.466,587.8525,1473.919,571.5088
37.41923,1,1533.356,724.5936,1503.637,648.0511
37.43487,1,1533.356,724.5936,1518.496,686.3224
37.45427,1,1571.86,819.2852,1545.178,752.8038
37.48463,1,1592.508,865.9067,1568.843,809.3552
37.50271,1,1603.688,889.1482,1586.266,849.2517
37.51957,1,1603.688,889.1482,1594.977,869.2
37.53844,1,1607.745,897.7747,1601.361,883.4873
37.57113,1,1607.393,901.1351,1604.377,892.3112
37.59556,1,1605.58,903.9222,1604.978,898.1167
37.60037,1,1605.58,903.9222,1605.279,901.0194
37.60504,1,1605.58,903.9222,1605.429,902.4708
37.61427,1,1605.58,903.9222,1605.505,903.1965
37.61874,1,1605.58,903.9222,1605.542,903.5593
37.62336,1,1605.58,903.9222,1605.561,903.7407
37.63275,1,1605.957,906.0646,1605.759,904.9026
37.63774,1,1605.957,906.0646,1605.858,905.4836
37.6478,1,1605.957,906.0646,1605.908,905.7741
37.65237,1,1605.957,906.0646,1605.932,905.9193
37.65854,1,1606.268,909.4467,1606.1,907.683
37.66379,1,1606.268,909.4467,1606.184,908.5648
37.66964,1,1606.268,909.4467,1606.226,909.0057
37.67928,1,1606.268,909.4467,1606.247,909.2262
37.68412,1,1606.689,912.2028,1606.468,910.7145
37.69475,1,1606.689,912.2028,1606.578,911.4586
37.69994,1,1606.689,912.2028,1606.634,911.8307
37.71226,1,1606.689,912.2028,1606.661,912.0167
37.71748,1,1607.876,916.4661,1607.269,914.2415
37.72379,1,1607.876,916.4661,1607.573,915.3538
37.72993,1,1607.876,916.4661,1607.724,915.9099
37.73735,1,1607.876,916.4661,1607.8,916.188
37.74332,1,1607.876,916.4661,1607.838,916.327
37.75571,1,1609.677,921.072,1608.758,918.6995
37.76157,1,1609.677,921.072,1609.218,919.8857
37.78201,1,1612.248,924.4257,1610.733,922.1558
37.80268,1,1612.248,924.4257,1611.49,923.2908
37.83888,1,1617.604,930.2046,1614.547,926.7477
37.85561,1,1617.604,930.2046,1616.076,928.4761
37.88934,1,1620.392,932.8134,1618.234,930.6448
37.90279,1,1623.037,934.9427,1620.636,932.7937
37.91956,1,1623.037,934.9427,1621.837,933.8682
37.93152,1,1624.792,937.0028,1623.314,935.4355
37.93639,1,1624.792,937.0028,1624.053,936.2191
37.95189,1,1624.792,937.0028,1624.423,936.611
37.97137,1,1626.176,938.6046,1625.299,937.6078
38.00173,1,1628.2,940.1817,1626.75,938.8948
38.02148,1,1630.059,942.0449,1628.405,940.4698
38.03644,1,1630.059,942.0449,1629.232,941.2574
38.04123,1,1630.059,942.0449,1629.646,941.6511
38.04787,1,1633.098,944.0962,1631.372,942.8737
38.06304,1,1633.098,944.0962,1632.235,943.4849
38.07816,1,1636.29,946.7639,1634.262,945.1244
38.09607,1,1636.29,946.7639,1635.276,945.9441
38.11551,1,1639.134,949.5248,1637.205,947.7345
38.14204,1,1641.93,951.9058,1639.567,949.8201
38.14832,1,1641.93,951.9058,1640.748,950.8629
38.15353,1,1641.93,951.9058,1641.339,951.3843
38.16373,1,1641.93,951.9058,1641.634,951.645
38.16975,1,1643.969,954.7637,1642.802,953.2043
38.1797,1,1643.969,954.7637,1643.385,953.984
38.18499,1,1643.969,954.7637,1643.677,954.3738
38.19501,1,1643.969,954.7637,1643.823,954.5687
38.20041,1,1645.108,957.8618,1644.465,956.2152
38.21083,1,1645.108,957.8618,1644.787,957.0385
38.21535,1,1645.108,957.8618,1644.947,957.4501
38.22824,1,1644.639,957.5228,1644.793,957.4865
38.23352,1,1644.639,957.5228,1644.716,957.5046
38.246,1,1644.639,957.5228,1644.678,957.5137
38.26285,1,1644.667,957.4225,1644.673,957.4681
38.28222,1,1644.667,957.4225,1644.67,957.4453
38.29838,1,1644.05,957.4899,1644.36,957.4677
38.32356,1,1643.361,957.1349,1643.86,957.3013
38.3427,1,1643.361,957.1349,1643.611,957.2181
38.35956,1,1642.391,956.8251,1643.001,957.0216
38.36398,1,1642.391,956.8251,1642.696,956.9233
38.36928,1,1642.391,956.8251,1642.544,956.8743
38.37367,1,1642.391,956.8251,1642.468,956.8497
38.38393,1,1641.392,956.2216,1641.93,956.5356
38.38985,1,1641.392,956.2216,1641.661,956.3786
38.39764,1,1641.392,956.2216,1641.527,956.3
38.40191,1,1641.392,956.2216,1641.459,956.2608
38.41109,1,1639.843,955.1245,1640.651,955.6926
38.41601,1,1639.843,955.1245,1640.247,955.4086
38.43133,1,1639.843,955.1245,1640.045,955.2665
38.43649,1,1639.843,955.1245,1639.944,955.1956
38.45165,1,1638.017,953.9731,1638.98,954.5844
38.46439,1,1638.017,953.9731,1638.499,954.2787
38.48357,1,1635.911,952.8253,1637.205,953.552
38.50183,1,1632.627,950.5826,1634.916,952.0673
38.53257,1,1628.812,947.2325,1631.864,949.6499
38.55026,1,1628.812,947.2325,1630.338,948.4412
38.60057,1,1618.95,936.6088,1624.644,942.525
38.62048,1,1613.112,930.0521,1618.878,936.2886
38.63731,1,1613.112,930.0521,1615.995,933.1703
38.65388,1,1607.264,922.7636,1611.629,927.967
38.67429,1,1607.264,922.7636,1609.447,925.3653
38.68905,1,1602.174,915.4563,1605.811,920.4108
38.71715,1,1596.591,907.3548,1601.201,913.8828
38.72323,1,1596.591,907.3548,1598.896,910.6188
38.73036,1,1596.591,907.3548,1597.743,908.9868
38.73457,1,1596.591,907.3548,1597.167,908.1708
38.75228,1,1590.421,899.8912,1593.794,904.031
38.7656,1,1590.421,899.8912,1592.107,901.9611
38.78027,1,1586.22,894.7606,1589.164,898.3608
38.79413,1,1586.22,894.7606,1587.692,896.5607
38.80577,1,1580.993,889.5156,1584.342,893.0381
38.81225,1,1580.993,889.5156,1582.667,891.2769
38.82817,1,1580.993,889.5156,1581.83,890.3962
38.84715,1,1570.035,883.5699,1575.932,886.983
38.86434,1,1527.961,860.3089,1551.947,873.646
38.88158,1,1527.961,860.3089,1539.954,866.9774
38.90919,1,1373.314,839.1635,1456.634,853.0704
38.92343,1,1067.658,841.2613,1262.146,847.1659
38.9423,1,1067.658,841.2613,1164.902,844.2136
38.96175,1,700.353,840.1337,932.6276,842.1737
38.97498,1,700.353,840.1337,816.4903,841.1537
38.98304,1,478.4268,843.4039,647.4585,842.2788
38.98875,1,478.4268,843.4039,562.9426,842.8413
38.99358,1,478.4268,843.4039,520.6847,843.1226
38.99818,1,478.4268,843.4039,499.5557,843.2632
39.00228,1,478.4268,843.4039,488.9912,843.3335
39.01257,1,379.3503,840.4958,434.1707,841.9147
39.01733,1,379.3503,840.4958,406.7605,841.2052
39.02742,1,379.3503,840.4958,393.0554,840.8505
39.03227,1,379.3503,840.4958,386.2028,840.6731
39.04353,1,345.355,834.3884,365.7789,837.5308
39.049,1,345.355,834.3884,355.567,835.9596
39.06506,1,345.355,834.3884,350.461,835.174
39.08067,1,324.4316,835.1152,337.4463,835.1445
39.0969,1,324.4316,835.1152,330.939,835.1299
39.11214,1,292.944,808.6332,311.9415,821.8816
39.1246,1,292.944,808.6332,302.4427,815.2574
39.13985,1,247.0309,869.6914,274.7368,842.4744
39.15137,1,247.0309,869.6914,260.8839,856.0829
39.1569,1,247.0309,869.6914,253.9574,862.8871
39.16719,1,221.9731,882.377,237.9653,872.6321
39.17202,1,221.9731,882.377,229.9692,877.5045
39.18286,1,221.9731,882.377,225.9711,879.9407
39.18838,1,221.9731,882.377,223.9721,881.1588
39.197,1,208.7338,890.1977,216.353,885.6782
39.20162,1,208.7338,890.1977,212.5434,887.938
39.21239,1,208.7338,890.1977,210.6386,889.0679
39.21746,1,208.7338,890.1977,209.6862,889.6328
39.22357,1,208.7338,890.1977,209.21,889.9153
39.22968,1,198.8494,898.6343,204.0297,894.2748
39.23466,1,198.8494,898.6343,201.4395,896.4545
39.24257,1,198.8494,898.6343,200.1445,897.5444
39.24843,1,198.8494,898.6343,199.4969,898.0894
39.25444,1,198.8494,898.6343,199.1732,898.3618
39.25941,1,189.74,905.3734,194.4566,901.8676
39.26494,1,189.74,905.3734,192.0983,903.6205
39.27847,1,189.74,905.3734,190.9191,904.4969
39.28915,1,181.0949,910.4976,186.007,907.4973
39.29442,1,181.0949,910.4976,183.551,908.9974
39.30953,1,181.0949,910.4976,182.3229,909.7476
39.32821,1,215.7601,924.9719,199.0415,917.3597
39.34553,1,330.6917,916.6122,264.8666,916.986
39.36534,1,330.6917,916.6122,297.7792,916.7991
39.38663,1,730.1819,883.3916,513.9806,900.0953
39.39439,1,730.1819,883.3916,622.0813,891.7435
39.40147,1,730.1819,883.3916,676.1316,887.5675
39.40608,1,1179.984,893.0502,928.058,890.3088
39.42255,1,1179.984,893.0502,1054.021,891.6796
39.4399,1,1397.533,887.2752,1225.777,889.4774
39.46859,1,1482.346,881.9683,1354.062,885.7229
39.48746,1,1482.346,881.9683,1418.204,883.8456
39.51769,1,1513.216,874.1801,1465.71,879.0128
39.53378,1,1523.505,869.7157,1494.607,874.3643
39.54092,1,1523.505,869.7157,1509.056,872.04
39.55716,1,1525.682,862.1468,1517.369,867.0934
39.56416,1,1525.682,862.1468,1521.526,864.6201
39.57783,1,1525.682,862.1468,1523.604,863.3834
39.59129,1,1525.851,854.4219,1524.727,858.9027
39.608,1,1525.851,854.4219,1525.289,856.6624
39.64078,1,1526.14,845.5762,1525.714,851.1193
39.66051,1,1525.816,838.703,1525.765,844.9111
39.67804,1,1524.149,832.7974,1524.957,838.8542
39.70547,1,1524.149,832.7974,1524.553,835.8258
39.72081,1,1522.002,828.2335,1523.278,832.0297
39.72503,1,1522.002,828.2335,1522.64,830.1316
39.73065,1,1522.002,828.2335,1522.321,829.1826
39.74505,1,1518.96,823.6203,1520.64,826.4014
39.76582,1,1518.96,823.6203,1519.8,825.0109
39.78397,1,1517.489,813.3757,1518.645,819.1933
39.80978,1,1515.963,804.2809,1517.304,811.7371
39.81552,1,1515.963,804.2809,1516.634,808.009
39.8202,1,1515.963,804.2809,1516.298,806.145
39.82514,1,1515.963,804.2809,1516.131,805.213
39.84971,1,1514.712,799.2955,1515.421,802.2543
39.85608,1,1514.712,799.2955,1515.066,800.7749
39.86527,1,1512.763,795.126,1513.915,797.9504
39.87132,1,1512.763,795.126,1513.339,796.5382
39.88032,1,1512.763,795.126,1513.051,795.8322
39.8857,1,1512.763,795.126,1512.907,795.4791
39.8923,1,1510.257,792.6007,1511.582,794.0399
39.9006,1,1510.257,792.6007,1510.92,793.3203
39.90557,1,1510.257,792.6007,1510.589,792.9605
39.91729,1,1510.257,792.6007,1510.423,792.7806
39.92312,1,1509.076,787.5948,1509.75,790.1877
39.93223,1,1509.076,787.5948,1509.413,788.8913
39.93755,1,1509.076,787.5948,1509.245,788.243
39.94817,1,1509.076,787.5948,1509.16,787.9189
39.9545,1,1507.981,779.85,1508.571,783.8845
39.964,1,1507.981,779.85,1508.276,781.8673
39.96999,1,1507.981,779.85,1508.128,780.8586
39.97987,1,1506.529,774.122,1507.329,777.4904
39.98556,1,1506.529,774.122,1506.929,775.8062
39.99494,1,1506.529,774.122,1506.729,774.9641
40.00023,1,1506.529,774.122,1506.629,774.5431
40.02973,1,1503.114,769.1526,1504.871,771.8478
40.04636,1,1498.531,765.3519,1501.701,768.5999
40.06561,1,1498.531,765.3519,1500.116,766.9758
40.09209,1,1494.448,760.9116,1497.282,763.9437
40.10792,1,1489.821,755.9815,1493.552,759.9626
40.11711,1,1489.821,755.9815,1491.686,757.972
40.12254,1,1489.821,755.9815,1490.753,756.9768
40.13364,1,1482.633,748.8022,1486.693,752.8895
40.13959,1,1482.633,748.8022,1484.663,750.8459
40.15062,1,1482.633,748.8022,1483.648,749.8241
40.15968,1,1482.633,748.8022,1483.14,749.3132
40.16552,1,1474.607,742.4851,1478.874,745.8992
40.17271,1,1474.607,742.4851,1476.74,744.1921
40.18079,1,1474.607,742.4851,1475.674,743.3386
40.18719,1,1474.607,742.4851,1475.14,742.9119
40.19563,1,1466.141,735.9344,1470.641,739.4231
40.20066,1,1466.141,735.9344,1468.391,737.6787
40.21141,1,1466.141,735.9344,1467.266,736.8065
40.21629,1,1466.141,735.9344,1466.704,736.3705
40.23092,1,1459.455,729.8004,1463.08,733.0854
40.24815,1,1459.455,729.8004,1461.267,731.4429
40.26039,1,1453.445,723.7931,1457.356,727.618
40.27869,1,1453.445,723.7931,1455.401,725.7056
40.29937,1,1447.88,716.4631,1451.64,721.0844
40.32994,1,1441.546,709.9482,1446.593,715.5163
40.3515,1,1434.263,702.4089,1440.428,708.9626
40.37991,1,1427.02,690.9855,1433.724,699.9741
40.38506,1,1427.02,690.9855,1430.372,695.4797
40.39989,1,1427.02,690.9855,1428.696,693.2326
40.40511,1,1419.364,680.5933,1424.03,686.913
40.42071,1,1419.364,680.5933,1421.697,683.7531
40.43684,1,1413.301,673.8558,1417.499,678.8044
40.4678,1,1409.975,670.8848,1413.737,674.8446
40.48517,1,1409.975,670.8848,1411.856,672.8647
40.52011,1,1407.711,667.6381,1409.783,670.2515
40.53902,1,1405.476,663.6014,1407.63,666.9264
40.55694,1,1403.635,659.2888,1405.632,663.1076
40.58668,1,1402.289,655.8576,1403.96,659.4826
40.60686,1,1402.289,655.8576,1403.125,657.6701
40.62392,1,1400.807,652.5435,1401.966,655.1068
40.65041,1,1398.286,648.7656,1400.126,651.9362
40.66773,1,1398.286,648.7656,1399.206,650.351
40.68604,1,1395.62,645.3414,1397.413,647.8462
40.7004,1,1395.62,645.3414,1396.517,646.5938
40.72116,1,1393.074,642.9609,1394.795,644.7773
40.73792,1,1391.58,642.5602,1393.188,643.6688
40.76709,1,1391.332,641.9481,1392.26,642.8085
40.78851,1,1391.332,641.9481,1391.796,642.3783
40.82095,1,1390.966,640.5983,1391.381,641.4883
40.83992,1,1390.271,639.3103,1390.826,640.3993
40.87103,1,1389.917,638.8395,1390.371,639.6194
40.90298,1,1390.02,637.884,1390.196,638.7517
40.92191,1,1389.972,636.4619,1390.084,637.6068
40.94547,1,1389.972,636.4619,1390.028,637.0343
40.97239,1,1389.267,634.8606,1389.647,635.9474
40.99998,1,1387.404,635.2773,1388.526,635.6124
41.01403,1,1385.536,636.0654,1387.031,635.8389
41.01814,1,1385.536,636.0654,1386.283,635.9521
41.02254,1,1385.536,636.0654,1385.91,636.0088
41.05778,1,1344.673,645.6372,1365.292,640.823
41.06646,1,1137.83,686.9542,1251.561,663.8886
41.07394,1,1137.83,686.9542,1194.695,675.4214
41.08427,1,1137.83,686.9542,1166.263,681.1878
41.09155,1,1137.83,686.9542,1152.046,684.071
41.10227,1,794.1058,731.4926,973.0761,707.7818
41.11307,1,794.1058,731.4926,883.5909,719.6372
41.1201,1,794.1058,731.4926,838.8484,725.5649
41.1324,1,515.2083,763.3476,677.0283,744.4562
41.13924,1,515.2083,763.3476,596.1183,753.9019
41.15105,1,515.2083,763.3476,555.6633,758.6248
41.16352,1,411.002,774.6238,483.3326,766.6243
41.17741,1,411.002,774.6238,447.1674,770.624
41.18472,1,411.002,774.6238,429.0847,772.6239
41.19392,1,360.498,763.4238,394.7914,768.0239
41.20628,1,360.498,763.4238,377.6447,765.7239
41.21487,1,360.498,763.4238,369.0714,764.5739
41.22828,1,360.498,763.4238,364.7847,763.9988
41.23953,1,360.498,763.4238,362.6414,763.7113
41.25576,1,360.498,763.4238,361.5697,763.5676
41.27522,1,360.498,763.4238,361.0339,763.4957
41.30878,1,387.8633,727.8182,374.4485,745.657
41.32612,1,471.0078,738.5131,422.7282,742.0851
41.35441,1,579.3698,741.0319,501.049,741.5585
41.36512,1,579.3698,741.0319,540.2094,741.2952
41.37196,1,860.2393,711.8002,700.2244,726.5477
41.38138,1,860.2393,711.8002,780.2318,719.174
41.38791,1,860.2393,711.8002,820.2356,715.4871
41.3959,1,860.2393,711.8002,840.2374,713.6437
41.40176,1,1097.987,687.1059,969.1123,700.3748
41.41488,1,1097.987,687.1059,1033.55,693.7404
41.42309,1,1097.987,687.1059,1065.769,690.4231
41.43024,1,1224.87,676.267,1145.319,683.345
41.43941,1,1224.87,676.267,1185.095,679.806
41.44564,1,1224.87,676.267,1204.982,678.0365
41.45682,1,1224.87,676.267,1214.926,677.1517
41.46292,1,1286.42,666.8375,1250.673,671.9946
41.4736,1,1286.42,666.8375,1268.547,669.416
41.47969,1,1286.42,666.8375,1277.484,668.1267
41.49188,1,1316.074,662.9363,1296.779,665.5315
41.49808,1,1316.074,662.9363,1306.426,664.2339
41.51446,1,1316.074,662.9363,1311.25,663.5851
41.54185,1,1333.162,661.3864,1322.206,662.4857
41.54883,1,1333.162,661.3864,1327.684,661.936
41.55409,1,1340.002,664.2694,1333.843,663.1027
41.55873,1,1340.002,664.2694,1336.922,663.686
41.57407,1,1340.002,664.2694,1338.462,663.9777
41.58423,1,1354.589,689.4705,1346.525,676.7241
41.58988,1,1354.589,689.4705,1350.557,683.0973
41.60102,1,1354.589,689.4705,1352.573,686.2839
41.60578,1,1354.589,689.4705,1353.581,687.8772
41.61636,1,1379.404,719.2449,1366.492,703.561
41.62174,1,1379.404,719.2449,1372.948,711.403
41.63511,1,1379.404,719.2449,1376.176,715.3239
41.64558,1,1397.5,737.4291,1386.838,726.3765
41.65103,1,1397.5,737.4291,1392.169,731.9028
41.6636,1,1397.5,737.4291,1394.835,734.6659
41.66939,1,1397.5,737.4291,1396.167,736.0475
41.67957,1,1408.649,748.3159,1402.408,742.1816
41.68455,1,1408.649,748.3159,1405.529,745.2488
41.69817,1,1408.649,748.3159,1407.089,746.7823
41.71568,1,1415.203,756.1684,1411.146,751.4753
41.73387,1,1419.975,763.9199,1415.56,757.6976
41.765,1,1424.449,768.7495,1420.004,763.2236
41.7855,1,1424.449,768.7495,1422.227,765.9866
41.82053,1,1424.449,768.7495,1423.338,767.368
41.83674,1,1424.449,768.7495,1423.893,768.0588
41.85279,1,1407.298,715.8726,1415.595,741.9657
41.8686,1,1407.298,715.8726,1411.447,728.9192
41.8853,1,1386.893,731.601,1399.17,730.2601
41.90189,1,1386.893,731.601,1393.031,730.9305
41.93194,1,1382.202,735.4241,1387.616,733.1773
41.95306,1,1379.292,740.9605,1383.454,737.0689
41.98165,1,1383.519,750.1442,1383.486,743.6066
42.00085,1,1383.519,750.1442,1383.502,746.8754
42.01836,1,1404.009,765.1355,1393.756,756.0054
42.03587,1,1428.115,781.4073,1410.935,768.7064
42.05277,1,1428.115,781.4073,1419.525,775.0568
42.07056,1,1450.38,798.0323,1434.952,786.5446
42.10153,1,1469.647,814.6363,1452.3,800.5905
42.11756,1,1469.647,814.6363,1460.973,807.6134
42.13728,1,1483.956,827.3949,1472.465,817.5042
42.1541,1,1483.956,827.3949,1478.21,822.4495
42.17101,1,1494.556,839.129,1486.383,830.7892
42.18601,1,1501.009,844.324,1493.696,837.5566
42.20493,1,1501.009,844.324,1497.353,840.9403
42.23672,1,1505.987,849.5347,1501.67,845.2375
42.25092,1,1510.546,854.0802,1506.108,849.6588
42.26849,1,1510.546,854.0802,1508.327,851.8695
42.2857,1,1509.282,855.437,1508.805,853.6533
42.30292,1,1509.282,855.437,1509.043,854.5452
42.31974,1,1507.946,856.2134,1508.495,855.3793
42.33669,1,1507.443,856.5023,1507.969,855.9408
42.35265,1,1507.443,856.5023,1507.706,856.2216
42.36832,1,1507.7,857.4118,1507.703,856.8167
42.38413,1,1507.7,857.4118,1507.701,857.1143
42.4012,1,1508.238,858.1434,1507.969,857.6288
42.41843,1,1508.238,858.1434,1508.104,857.8861
42.4321,1,1508.676,858.7375,1508.39,858.3118
42.43661,1,1508.676,858.7375,1508.533,858.5247
42.44073,1,1508.676,858.7375,1508.605,858.6311
42.4469,1,1508.676,858.7375,1508.641,858.6843
42.46181,1,1509.769,857.8999,1509.205,858.2921
42.47831,1,1509.769,857.8999,1509.487,858.096
42.49191,1,1510.483,857.9684,1509.985,858.0322
42.49751,1,1510.483,857.9684,1510.234,858.0004
42.50191,1,1510.483,857.9684,1510.358,857.9844
42.50728,1,1510.483,857.9684,1510.421,857.9764
42.51949,1,1511.068,858.0139,1510.744,857.9952
42.52431,1,1511.068,858.0139,1510.906,858.0045
42.54128,1,1511.068,858.0139,1510.987,858.0092
42.55495,1,1511.606,857.7745,1511.297,857.8918
42.56434,1,1511.606,857.7745,1511.451,857.8331
42.57018,1,1511.606,857.7745,1511.529,857.8038
42.57816,1,1512.261,857.9752,1511.895,857.8895
42.58308,1,1512.261,857.9752,1512.078,857.9324
42.58897,1,1512.261,857.9752,1512.169,857.9537
42.60416,1,1512.261,857.9752,1512.215,857.9645
42.61897,1,1513.143,858.0823,1512.679,858.0234
42.6357,1,1513.143,858.0823,1512.911,858.0529
42.65379,1,1513.731,858.0443,1513.321,858.0486
42.67116,1,1514.007,857.6834,1513.664,857.866
42.68535,1,1514.007,857.6834,1513.835,857.7747
42.70428,1,1514.438,857.2962,1514.137,857.5354
42.7221,1,1514.438,857.2962,1514.287,857.4158
42.73566,1,1515.002,857.2776,1514.645,857.3467
42.74135,1,1515.002,857.2776,1514.823,857.3121
42.76883,1,1515.936,857.669,1515.38,857.4906
42.77508,1,1515.936,857.669,1515.658,857.5798
42.7925,1,1517.342,858.0493,1516.5,857.8146
42.81194,1,1517.342,858.0493,1516.921,857.9319
42.82552,1,1518.718,858.1281,1517.819,858.03
42.83564,1,1518.718,858.1281,1518.268,858.079
42.84006,1,1518.718,858.1281,1518.493,858.1035
42.84514,1,1518.718,858.1281,1518.605,858.1158
42.85078,1,1519.485,858.5532,1519.045,858.3345
42.85712,1,1519.485,858.5532,1519.265,858.4438
42.86208,1,1519.485,858.5532,1519.375,858.4985
42.86753,1,1519.485,858.5532,1519.43,858.5259
42.87738,1,1519.485,858.5532,1519.458,858.5396
42.88219,1,1482.832,801.9264,1501.145,830.233
42.89507,1,1482.832,801.9264,1491.989,816.0797
42.90009,1,1482.832,801.9264,1487.41,809.0031
42.91358,1,1316.756,551.2943,1402.083,680.1487
42.93273,1,1316.756,551.2943,1359.419,615.7215
42.94831,1,1173.512,333.7002,1266.466,474.7108
42.96278,1,1173.512,333.7002,1219.989,404.2055
42.97828,1,1116.055,240.3646,1168.022,322.2851
42.99258,1,1116.055,240.3646,1142.039,281.3249
43.00949,1,1089.381,202.1531,1115.71,241.739
43.02489,1,1089.381,202.1531,1102.546,221.946
43.03951,1,1079.697,187.9617,1091.121,204.9539
43.0503,1,1079.697,187.9617,1085.409,196.4578
43.05502,1,1079.697,187.9617,1082.553,192.2097
43.06221,1,1074.963,182.7894,1078.758,187.4996
43.06799,1,1074.963,182.7894,1076.86,185.1445
43.07909,1,1074.963,182.7894,1075.912,183.9669
43.08493,1,1074.963,182.7894,1075.437,183.3782
43.09611,1,1071.546,177.4433,1073.492,180.4107
43.10356,1,1071.546,177.4433,1072.519,178.927
43.11085,1,1071.546,177.4433,1072.032,178.1851
43.12182,1,1069.898,175.4381,1070.965,176.8116
43.12886,1,1069.898,175.4381,1070.432,176.1248
43.14233,1,1069.898,175.4381,1070.165,175.7814
43.15771,1,1069.507,172.5661,1069.836,174.1738
43.16373,1,1069.507,172.5661,1069.672,173.3699
43.17806,1,1069.507,172.5661,1069.589,172.968
43.19834,1,1068.077,171.9109,1068.833,172.4394
43.22887,1,1067.99,172.0046,1068.412,172.222
43.247,1,1066.874,172.5059,1067.643,172.3639
43.27696,1,1066.023,172.5523,1066.833,172.4581
43.29578,1,1066.023,172.5523,1066.428,172.5052
43.31105,1,1065.22,172.4728,1065.824,172.489
43.33002,1,1065.22,172.4728,1065.522,172.4809
43.34245,1,1064.832,172.6928,1065.177,172.5869
43.35291,1,1064.832,172.6928,1065.005,172.6398
43.35773,1,1064.832,172.6928,1064.918,172.6663
43.36241,1,1064.832,172.6928,1064.875,172.6795
43.37272,1,1064.742,172.7985,1064.809,172.739
43.37816,1,1064.742,172.7985,1064.775,172.7687
43.38268,1,1064.742,172.7985,1064.759,172.7836
43.3945,1,1064.742,173.1383,1064.75,172.9609
43.40008,1,1064.742,173.1383,1064.746,173.0496
43.41505,1,1064.742,173.1383,1064.744,173.0939
43.42894,1,1057.557,166.8116,1061.15,169.9528
43.44129,1,1057.557,166.8116,1059.354,168.3822
43.46336,1,1034.409,146.4002,1046.881,157.3912
43.47946,1,1034.409,146.4002,1040.645,151.8957
43.4949,1,1007.751,125.1235,1024.198,138.5096
43.51013,1,1007.751,125.1235,1015.974,131.8165
43.52469,1,997.3976,113.9187,1006.686,122.8676
43.53605,1,997.3976,113.9187,1002.042,118.3932
43.54533,1,1013.795,131.7533,1007.918,125.0733
43.55063,1,1013.795,131.7533,1010.857,128.4133
43.55605,1,1013.795,131.7533,1012.326,130.0833
43.56394,1,1013.795,131.7533,1013.061,130.9183
43.56902,1,1013.795,131.7533,1013.428,131.3358
43.58321,1,1216.208,397.1668,1114.818,264.2513
43.58935,1,1216.208,397.1668,1165.513,330.7091
43.59771,1,1216.208,397.1668,1190.861,363.938
43.60318,1,1216.208,397.1668,1203.535,380.5524
43.61277,1,1446.184,701.1163,1324.86,540.8344
43.6184,1,1446.184,701.1163,1385.522,620.9753
43.62967,1,1446.184,701.1163,1415.853,661.0458
43.63715,1,1544.215,826.0383,1480.034,743.5421
43.64205,1,1544.215,826.0383,1512.125,784.7902
43.64868,1,1544.215,826.0383,1528.17,805.4142
43.66039,1,1544.215,826.0383,1536.193,815.7262
43.67639,1,1579.211,879.3155,1557.702,847.5209
43.69375,1,1579.211,879.3155,1568.456,863.4182
43.71394,1,1594.071,901.7822,1581.264,882.6002
43.73003,1,1602.417,911.8947,1591.84,897.2474
43.75681,1,1610.878,916.4512,1601.359,906.8493
43.76951,1,1610.878,916.4512,1606.118,911.6503
43.78063,1,1610.878,916.4512,1608.498,914.0507
43.78596,1,1585.675,908.0283,1597.087,911.0395
43.79444,1,1585.675,908.0283,1591.381,909.5339
43.7993,1,1585.675,908.0283,1588.528,908.7811
43.8051,1,1585.675,908.0283,1587.102,908.4047
43.81454,1,1585.675,908.0283,1586.389,908.2164
43.82026,1,1565.289,903.6123,1575.839,905.9144
43.82835,1,1565.289,903.6123,1570.564,904.7633
43.83353,1,1565.289,903.6123,1567.926,904.1878
43.84398,1,1565.289,903.6123,1566.607,903.9
43.84992,1,1551.935,901.4211,1559.271,902.6605
43.85937,1,1551.935,901.4211,1555.603,902.0408
43.86449,1,1551.935,901.4211,1553.769,901.731
43.87791,1,1542.444,897.9147,1548.107,899.8228
43.88436,1,1542.444,897.9147,1545.276,898.8688
43.90191,1,1542.444,897.9147,1543.86,898.3917
43.93068,1,1535.708,894.2382,1539.784,896.3149
43.94414,1,1531.812,891.3631,1535.798,893.839
43.94952,1,1531.812,891.3631,1533.805,892.6011
43.95439,1,1531.812,891.3631,1532.808,891.9821
43.95908,1,1531.812,891.3631,1532.31,891.6726
43.97487,1,1527.803,889.2579,1530.056,890.4653
43.99219,1,1527.803,889.2579,1528.93,889.8616
44.00588,1,1524.18,886.9039,1526.555,888.3827
44.01829,1,1524.18,886.9039,1525.368,887.6433
44.02333,1,1524.18,886.9039,1524.774,887.2736
44.03296,1,1520.441,883.2492,1522.607,885.2614
44.03771,1,1520.441,883.2492,1521.524,884.2552
44.04913,1,1520.441,883.2492,1520.982,883.7522
44.05416,1,1520.441,883.2492,1520.712,883.5007
44.06281,1,1516.816,881.3873,1518.764,882.444
44.06825,1,1516.816,881.3873,1517.79,881.9156
44.07816,1,1516.816,881.3873,1517.302,881.6515
44.08257,1,1516.816,881.3873,1517.059,881.5194
44.09025,1,1512.018,877.3734,1514.538,879.4464
44.09571,1,1512.018,877.3734,1513.278,878.4099
44.10081,1,1512.018,877.3734,1512.648,877.8916
44.11164,1,1512.018,877.3734,1512.333,877.6324
44.11649,1,1512.018,877.3734,1512.175,877.5029
44.12946,1,1504.392,870.473,1508.284,873.9879
44.13686,1,1504.392,870.473,1506.338,872.2305
44.14161,1,1504.392,870.473,1505.365,871.3517
44.14771,1,1504.392,870.473,1504.879,870.9124
44.15897,1,1496.977,866.2644,1500.928,868.5884
44.16525,1,1496.977,866.2644,1498.953,867.4264
44.17946,1,1459.246,859.1346,1479.099,863.2805
44.19444,1,1459.246,859.1346,1469.173,861.2075
44.23534,1,1327.407,853.7644,1398.29,857.486
44.24596,1,1043.214,842.5114,1220.752,849.9987
44.25957,1,1043.214,842.5114,1131.983,846.255
44.26397,1,1043.214,842.5114,1087.599,844.3832
44.26932,1,770.9285,817.2871,929.2637,830.8351
44.2845,1,770.9285,817.2871,850.0961,824.0612
44.30231,1,634.325,804.3214,742.2106,814.1913
44.33026,1,569.6602,801.6375,655.9354,807.9144
44.33557,1,569.6602,801.6375,612.7979,804.776
44.33971,1,569.6602,801.6375,591.229,803.2068
44.34435,1,569.6602,801.6375,580.4446,802.4221
44.35035,1,569.6602,801.6375,575.0524,802.0298
44.36285,1,544.0898,801.6183,559.571,801.824
44.36844,1,544.0898,801.6183,551.8304,801.7212
44.39586,1,528.3439,795.7492,540.0872,798.7352
44.41273,1,528.3439,795.7492,534.2156,797.2422
44.42985,1,546.7302,750.8776,540.4729,774.0599
44.44852,1,546.7302,750.8776,543.6016,762.4688
44.46438,1,661.049,485.8851,602.3253,624.1769
44.4819,1,761.9239,255.6089,682.1246,439.8929
44.51638,1,802.3432,152.7734,742.2339,296.3331
44.53542,1,802.3432,152.7734,772.2886,224.5533
44.54939,1,818.7764,109.0936,795.5325,166.8235
44.57487,1,827.8927,89.35738,811.7126,128.0904
44.58012,1,827.8927,89.35738,819.8026,108.7239
44.58873,1,827.8927,89.35738,823.8477,99.04065
44.59383,1,827.8927,89.35738,825.8702,94.19902
44.59929,1,827.8927,89.35738,826.8815,91.7782
44.61125,1,833.6848,80.33683,830.2831,86.05751
44.61632,1,833.6848,80.33683,831.9839,83.19717
44.63144,1,833.6848,80.33683,832.8344,81.767
44.6486,1,782.3514,67.9138,807.5929,74.8404
44.66469,1,737.6335,62.64474,772.6132,68.74257
44.69633,1,714.1328,59.54146,743.373,64.14201
44.72838,1,698.9131,59.79972,721.1431,61.97087
44.73744,1,698.9131,59.79972,710.0281,60.8853
44.74207,1,698.9131,59.79972,704.4706,60.34251
44.74824,1,698.9131,59.79972,701.6918,60.07112
44.75226,1,688.0815,59.58165,694.8867,59.82639
44.75741,1,688.0815,59.58165,691.4841,59.70402
44.76723,1,688.0815,59.58165,689.7828,59.64283
44.77198,1,688.0815,59.58165,688.9322,59.61224
44.78138,1,688.0815,59.58165,688.5068,59.59694
44.7875,1,681.1304,57.35658,684.8186,58.47676
44.79691,1,681.1304,57.35658,682.9745,57.91667
44.8019,1,681.1304,57.35658,682.0524,57.63663
44.81245,1,681.1304,57.35658,681.5914,57.4966
44.81783,1,674.6926,56.22472,678.142,56.86066
44.82867,1,674.6926,56.22472,676.4174,56.54269
44.834,1,674.6926,56.22472,675.555,56.38371
44.84414,1,669.1723,55.2798,672.3636,55.83176
44.84994,1,669.1723,55.2798,670.7679,55.55578
44.86072,1,669.1723,55.2798,669.9701,55.41779
44.8655,1,669.1723,55.2798,669.5712,55.34879
44.87826,1,666.4906,55.95065,668.0309,55.64972
44.89747,1,666.4906,55.95065,667.2607,55.80019
44.92973,1,677.1429,55.6088,672.2018,55.70449
44.98318,1,997.0492,187.2317,834.6255,121.4681
44.99822,1,1077.376,420.7691,956.0007,271.1186
45.00301,1,1077.376,420.7691,1016.688,345.9438
45.01806,1,1077.376,420.7691,1047.032,383.3565
45.03101,1,1228.612,612.2115,1137.822,497.784
45.03658,1,1228.612,612.2115,1183.217,554.9978
45.06934,1,1288.453,693.2531,1235.835,624.1254
45.10534,1,1310.119,731.4432,1272.977,677.7843
45.13882,1,1327.055,748.7974,1300.016,713.2908
45.17032,1,1338.279,751.6977,1319.147,732.4943
45.18762,1,1342.004,752.9798,1330.575,742.7371
45.20813,1,1338.432,752.0363,1334.504,747.3867
45.23954,1,1337.337,758.4694,1335.92,752.928
45.25736,1,1337.337,758.4694,1336.628,755.6987
45.27641,1,1336.014,762.0894,1336.321,758.894
45.30933,1,1333.758,764.9729,1335.04,761.9335
45.32882,1,1334.615,762.7117,1334.827,762.3226
45.34574,1,1334.615,762.7117,1334.721,762.5172
45.37576,1,1335.229,757.5148,1334.975,760.016
45.39139,1,1334.932,755.0414,1334.954,757.5287
45.41023,1,1334.932,755.0414,1334.943,756.285
45.42381,1,1333.742,754.4795,1334.342,755.3823
45.4296,1,1333.742,754.4795,1334.042,754.9309
45.44365,1,1333.742,754.4795,1333.892,754.7052
45.46169,1,1333.296,752.9094,1333.594,753.8073
45.47728,1,1333.296,752.9094,1333.445,753.3583
45.493,1,1332.322,753.4234,1332.883,753.3909
45.5088,1,1331.15,751.7101,1332.017,752.5505
45.51573,1,1331.15,751.7101,1331.583,752.1304
45.51964,1,1331.15,751.7101,1331.366,751.9203
45.52442,1,1331.15,751.7101,1331.258,751.8152
45.53419,1,1331.15,751.7101,1331.204,751.7627
45.53951,1,1329.395,748.976,1330.299,750.3693
45.55885,1,1329.395,748.976,1329.847,749.6726
45.57391,1,1327.194,745.3578,1328.521,747.5152
45.58195,1,1327.194,745.3578,1327.857,746.4365
45.58722,1,1327.194,745.3578,1327.526,745.8972
45.59187,1,1327.194,745.3578,1327.36,745.6274
45.59708,1,1327.194,745.3578,1327.277,745.4926
45.60271,1,1324.874,740.4648,1326.075,742.9787
45.61307,1,1324.874,740.4648,1325.475,741.7217
45.61819,1,1324.874,740.4648,1325.174,741.0933
45.62396,1,1324.874,740.4648,1325.024,740.7791
45.62999,1,1322.671,734.7037,1323.847,737.7414
45.63554,1,1322.671,734.7037,1323.259,736.2225
45.64462,1,1322.671,734.7037,1322.965,735.4631
45.65085,1,1322.671,734.7037,1322.818,735.0834
45.66188,1,1321.023,726.915,1321.92,730.9993
45.6748,1,1321.023,726.915,1321.472,728.9572
45.68038,1,1321.023,726.915,1321.247,727.9361
45.69498,1,1318.433,718.4673,1319.84,723.2017
45.71127,1,1318.433,718.4673,1319.136,720.8345
45.72547,1,1314.4,712.2625,1316.768,716.5485
45.73997,1,1314.4,712.2625,1315.584,714.4055
45.74564,1,1314.4,712.2625,1314.992,713.334
45.75888,1,1310.556,707.2987,1312.774,710.3163
45.77545,1,1310.556,707.2987,1311.665,708.8075
45.784,1,1307.371,703.9354,1309.518,706.3715
45.79008,1,1307.371,703.9354,1308.445,705.1534
45.79988,1,1307.371,703.9354,1307.908,704.5444
45.80443,1,1307.371,703.9354,1307.639,704.2399
45.81373,1,1303.85,702.0051,1305.745,703.1226
45.8189,1,1303.85,702.0051,1304.798,702.5638
45.82913,1,1303.85,702.0051,1304.324,702.2845
45.83416,1,1303.85,702.0051,1304.087,702.1448
45.8418,1,1299.721,699.9511,1301.904,701.048
45.84809,1,1299.721,699.9511,1300.813,700.4995
45.85338,1,1299.721,699.9511,1300.267,700.2253
45.86877,1,1299.721,699.9511,1299.994,700.0883
45.87762,1,1295.814,697.4211,1297.904,698.7547
45.88252,1,1295.814,697.4211,1296.859,698.0879
45.89668,1,1295.814,697.4211,1296.337,697.7545
45.91178,1,1292.466,693.7749,1294.402,695.7647
45.9306,1,1292.466,693.7749,1293.434,694.7698
45.94769,1,1291.067,689.0621,1292.25,691.9159
45.96413,1,1289.582,687.7035,1290.916,689.8097
45.98318,1,1289.582,687.7035,1290.249,688.7566
46.00343,1,1287.353,687.4963,1288.801,688.1265
46.02164,1,1284.526,686.9022,1286.663,687.5143
46.03893,1,1284.526,686.9022,1285.595,687.2083
46.05629,1,1281.871,686.9172,1283.733,687.0627
46.07393,1,1281.871,686.9172,1282.802,686.99
46.08612,1,1280.443,687.6127,1281.622,687.3013
46.10538,1,1280.443,687.6127,1281.033,687.457
46.11994,1,1279.368,689.1086,1280.2,688.2828
46.13643,1,1279.368,689.1086,1279.784,688.6957
46.15065,1,1278.825,690.8701,1279.304,689.7828
46.16904,1,1278.825,690.8701,1279.064,690.3264
46.18429,1,1277.593,692.2966,1278.329,691.3115
46.20639,1,1275.77,692.0128,1277.049,691.6622
46.2393,1,1270.487,689.9819,1273.768,690.822
46.25751,1,1270.487,689.9819,1272.128,690.402
46.27161,1,1261.015,688.7618,1266.572,689.5819
46.2775,1,1261.015,688.7618,1263.793,689.1719
46.28745,1,1261.015,688.7618,1262.404,688.9668
46.29221,1,1261.015,688.7618,1261.71,688.8643
46.30869,1,1251.861,685.0547,1256.786,686.9595
46.32327,1,1251.861,685.0547,1254.323,686.0071
46.34489,1,1244.235,680.5576,1249.279,683.2823
46.35986,1,1237.977,678.3527,1243.628,680.8175
46.36887,1,1237.977,678.3527,1240.802,679.5851
46.37357,1,1237.977,678.3527,1239.39,678.9689
46.37892,1,1237.977,678.3527,1238.683,678.6608
46.38383,1,1237.977,678.3527,1238.33,678.5067
46.39483,1,1232.274,678.1756,1235.302,678.3412
46.39964,1,1232.274,678.1756,1233.788,678.2584
46.40452,1,1232.274,678.1756,1233.031,678.217
46.41344,1,1232.274,678.1756,1232.652,678.1963
46.41908,1,1226.059,675.8425,1229.356,677.0194
46.42364,1,1226.059,675.8425,1227.708,676.4309
46.43007,1,1226.059,675.8425,1226.883,676.1367
46.4375,1,1226.059,675.8425,1226.471,675.9896
46.44267,1,1226.059,675.8425,1226.265,675.916
46.44922,1,1219.534,673.4571,1222.9,674.6865
46.45892,1,1219.534,673.4571,1221.217,674.0718
46.4642,1,1219.534,673.4571,1220.376,673.7644
46.46972,1,1219.534,673.4571,1219.955,673.6107
46.47473,1,1214.372,671.4995,1217.164,672.5551
46.48594,1,1214.372,671.4995,1215.768,672.0272
46.4924,1,1214.372,671.4995,1215.07,671.7633
46.50597,1,1210.087,666.1398,1212.578,668.9515
46.52514,1,1210.087,666.1398,1211.333,667.5457
46.54012,1,1207.237,661.4549,1209.285,664.5002
46.54566,1,1207.237,661.4549,1208.261,662.9775
46.55138,1,1207.237,661.4549,1207.749,662.2162
46.55703,1,1207.237,661.4549,1207.493,661.8356
46.56854,1,1205.622,659.241,1206.557,660.5383
46.57417,1,1205.622,659.241,1206.09,659.8896
46.58436,1,1205.622,659.241,1205.856,659.5653
46.59378,1,1205.622,659.241,1205.739,659.4031
46.59923,1,1203.718,657.6404,1204.728,658.5217
46.60451,1,1203.718,657.6404,1204.223,658.0811
46.6134,1,1203.718,657.6404,1203.97,657.8607
46.61871,1,1203.718,657.6404,1203.844,657.7505
46.62927,1,1201.707,656.5108,1202.776,657.1307
46.63478,1,1201.707,656.5108,1202.242,656.8207
46.64101,1,1201.707,656.5108,1201.974,656.6658
46.64745,1,1201.707,656.5108,1201.841,656.5883
46.65447,1,1201.707,656.5108,1201.774,656.5496
46.66027,1,1199.803,657.8079,1200.789,657.1787
46.66587,1,1199.803,657.8079,1200.296,657.4933
46.67823,1,1199.803,657.8079,1200.05,657.6506
46.68971,1,1199.683,658.3803,1199.866,658.0155
46.69601,1,1199.683,658.3803,1199.775,658.1979
46.71114,1,1199.683,658.3803,1199.729,658.2891
46.72379,1,1199.851,659.262,1199.79,658.7755
46.73074,1,1199.851,659.262,1199.821,659.0187
46.74516,1,1199.851,659.262,1199.836,659.1404
46.751,1,1199.733,659.2928,1199.784,659.2166
46.7563,1,1199.733,659.2928,1199.759,659.2546
46.76854,1,1199.733,659.2928,1199.746,659.2737
46.77346,1,1199.733,659.2928,1199.739,659.2832
46.78157,1,1199.469,659.1549,1199.604,659.2191
46.78745,1,1199.469,659.1549,1199.537,659.187
46.79816,1,1199.469,659.1549,1199.503,659.171
46.80329,1,1199.469,659.1549,1199.486,659.163
46.81217,1,1201.43,661.0043,1200.458,660.0836
46.81727,1,1201.43,661.0043,1200.944,660.5439
46.82526,1,1201.43,661.0043,1201.187,660.7742
46.832,1,1201.43,661.0043,1201.309,660.8893
46.83981,1,1204.302,664.3702,1202.806,662.6298
46.84997,1,1204.302,664.3702,1203.554,663.5
46.86,1,1204.302,664.3702,1203.928,663.9351
46.86485,1,1204.302,664.3702,1204.115,664.1527
46.87306,1,1207.949,666.5168,1206.032,665.3347
46.87868,1,1207.949,666.5168,1206.991,665.9258
46.88376,1,1207.949,666.5168,1207.47,666.2213
46.89433,1,1207.949,666.5168,1207.71,666.369
46.89998,1,1210.741,668.7014,1209.226,667.5352
46.91341,1,1210.741,668.7014,1209.984,668.1183
46.92505,1,1210.741,668.7014,1210.363,668.4099
46.93221,1,1214.915,672.0449,1212.639,670.2274
46.94778,1,1214.915,672.0449,1213.777,671.1362
46.97498,1,1219.33,673.5237,1216.554,672.33
46.99393,1,1222.599,671.8873,1219.576,672.1086
47.01194,1,1222.599,671.8873,1221.088,671.9979
47.02547,1,1225.502,669.6406,1223.295,670.8193
47.04308,1,1225.502,669.6406,1224.399,670.23
47.05611,1,1227.988,666.3342,1226.193,668.2821
47.06128,1,1227.988,666.3342,1227.091,667.3082
47.06593,1,1227.988,666.3342,1227.539,666.8212
47.07162,1,1227.988,666.3342,1227.764,666.5777
47.07919,1,1230.461,662.6528,1229.112,664.6152
47.08448,1,1230.461,662.6528,1229.787,663.634
47.09518,1,1230.461,662.6528,1230.124,663.1434
47.10018,1,1230.461,662.6528,1230.292,662.8981
47.11192,1,1232.17,659.5669,1231.231,661.2325
47.11697,1,1232.17,659.5669,1231.7,660.3997
47.12731,1,1232.17,659.5669,1231.935,659.9833
47.13263,1,1232.17,659.5669,1232.052,659.7751
47.14174,1,1233.109,657.4176,1232.581,658.5963
47.14822,1,1233.109,657.4176,1232.845,658.007
47.1639,1,1233.109,657.4176,1232.977,657.7123
47.17873,1,1234.546,655.2189,1233.762,656.4656
47.195,1,1234.546,655.2189,1234.154,655.8422
47.21042,1,1235.626,653.3622,1234.89,654.6022
47.225,1,1235.626,653.3622,1235.258,653.9822
47.24192,1,1236.76,653.3373,1236.009,653.6597
47.26105,1,1238.844,653.2565,1237.426,653.4581
47.27978,1,1238.844,653.2565,1238.135,653.3573
47.31141,1,1240.945,653.9489,1239.54,653.6531
47.32723,1,1243.549,652.8553,1241.545,653.2542
47.33186,1,1243.549,652.8553,1242.547,653.0547
47.34102,1,1243.549,652.8553,1243.048,652.955
47.34591,1,1243.549,652.8553,1243.299,652.9052
47.35127,1,1247.051,650.9879,1245.175,651.9465
47.3602,1,1247.051,650.9879,1246.113,651.4672
47.36484,1,1247.051,650.9879,1246.582,651.2275
47.37781,1,1247.051,650.9879,1246.817,651.1077
47.39655,1,1250.044,650.0726,1248.43,650.5901
47.41541,1,1252.018,649.6472,1250.224,650.1187
47.44574,1,1253.991,649.2004,1252.108,649.6595
47.46328,1,1253.991,649.2004,1253.05,649.4299
47.49156,1,1256.01,648.4742,1254.53,648.9521
47.51092,1,1257.871,647.6308,1256.201,648.2914
47.52506,1,1257.871,647.6308,1257.036,647.9611
47.53452,1,1259.448,647.5909,1258.242,647.776
47.53913,1,1259.448,647.5909,1258.845,647.6835
47.54427,1,1259.448,647.5909,1259.147,647.6372
47.54967,1,1259.448,647.5909,1259.297,647.6141
47.5542,1,1259.448,647.5909,1259.373,647.6025
47.56036,1,1259.448,647.5909,1259.41,647.5967
47.56479,1,1260.283,647.8837,1259.847,647.7402
47.57069,1,1260.283,647.8837,1260.065,647.812
47.57803,1,1260.283,647.8837,1260.174,647.8478
47.58274,1,1260.283,647.8837,1260.228,647.8657
47.59402,1,1260.899,647.3368,1260.563,647.6013
47.59888,1,1260.899,647.3368,1260.731,647.469
47.60403,1,1260.899,647.3368,1260.815,647.4029
47.60944,1,1260.899,647.3368,1260.857,647.3699
47.615,1,1260.899,647.3368,1260.878,647.3533
47.62392,1,1261.944,645.6645,1261.411,646.5089
47.63009,1,1261.944,645.6645,1261.678,646.0867
47.64043,1,1261.944,645.6645,1261.811,645.8756
47.64692,1,1261.944,645.6645,1261.878,645.77
47.66238,1,1262.771,643.9922,1262.324,644.8811
47.67857,1,1262.771,643.9922,1262.548,644.4366
47.69157,1,1264.04,643.2994,1263.294,643.868
47.70766,1,1264.04,643.2994,1263.667,643.5837
47.72876,1,1265.89,642.7949,1264.779,643.1893
47.75667,1,1268.07,641.88,1266.424,642.5347
47.7683,1,1268.07,641.88,1267.247,642.2073
47.77318,1,1268.07,641.88,1267.659,642.0437
47.78061,1,1271.105,640.1561,1269.382,641.0999
47.78502,1,1271.105,640.1561,1270.243,640.6279
47.7915,1,1271.105,640.1561,1270.674,640.392
47.80517,1,1275.628,639.579,1273.151,639.9855
47.82027,1,1275.628,639.579,1274.39,639.7822
47.85216,1,1279.619,640.272,1277.004,640.0271
47.87053,1,1283.282,640.8125,1280.143,640.4198
47.88702,1,1283.282,640.8125,1281.713,640.6161
47.91637,1,1286.06,642.4146,1283.886,641.5154
47.93163,1,1288.042,644.5813,1285.964,643.0483
47.95031,1,1288.042,644.5813,1287.003,643.8148
47.96488,1,1289.465,644.712,1288.234,644.2634
47.9698,1,1289.465,644.712,1288.85,644.4877
47.97397,1,1289.465,644.712,1289.157,644.5999
47.97906,1,1289.465,644.712,1289.311,644.6559
47.9899,1,1291.332,643.2774,1290.322,643.9667
47.99517,1,1291.332,643.2774,1290.827,643.6221
48.00946,1,1291.332,643.2774,1291.079,643.4497
48.02214,1,1292.035,639.6644,1291.557,641.5571
48.03326,1,1292.035,639.6644,1291.796,640.6107
48.03816,1,1292.035,639.6644,1291.915,640.1376
48.04836,1,1292.766,637.5728,1292.341,638.8552
48.05354,1,1292.766,637.5728,1292.553,638.214
48.0652,1,1292.766,637.5728,1292.66,637.8934
48.07097,1,1292.766,637.5728,1292.713,637.7332
48.08004,1,1297.335,634.1996,1295.024,635.9664
48.08556,1,1297.335,634.1996,1296.18,635.083
48.09644,1,1297.335,634.1996,1296.757,634.6413
48.10168,1,1297.335,634.1996,1297.046,634.4204
48.11122,1,1326.389,634.7375,1311.718,634.579
48.11642,1,1326.389,634.7375,1319.054,634.6582
48.13298,1,1326.389,634.7375,1322.722,634.6979
48.14193,1,1366.409,637.7159,1344.565,636.2069
48.14828,1,1366.409,637.7159,1355.487,636.9614
48.16018,1,1366.409,637.7159,1360.948,637.3386
48.16549,1,1366.409,637.7159,1363.678,637.5272
48.181,1,1404.274,641.7952,1383.976,639.6612
48.19764,1,1436.762,644.2823,1410.369,641.9717
48.21327,1,1436.762,644.2823,1423.566,643.127
48.22829,1,1463.334,642.5402,1443.45,642.8336
48.24388,1,1463.334,642.5402,1453.392,642.6869
48.25951,1,1482.813,649.6948,1468.102,646.1908
48.27489,1,1482.813,649.6948,1475.458,647.9427
48.29056,1,1481.155,633.9651,1478.306,640.954
48.29824,1,1481.155,633.9651,1479.731,637.4596
48.3037,1,1481.155,633.9651,1480.443,635.7124
48.31438,1,1481.155,633.9651,1480.799,634.8387
48.31966,1,1417.609,615.3447,1449.204,625.0917
48.32951,1,1417.609,615.3447,1433.406,620.2181
48.33434,1,1417.609,615.3447,1425.507,617.7814
48.34386,1,1417.609,615.3447,1421.558,616.563
48.34964,1,1217.918,627.6191,1319.738,622.0911
48.36121,1,1217.918,627.6191,1268.828,624.8551
48.3661,1,1217.918,627.6191,1243.373,626.2371
48.37962,1,906.6955,667.0579,1075.034,646.6475
48.39429,1,906.6955,667.0579,990.8649,656.8527
48.41078,1,694.3795,708.539,842.6222,682.6958
48.43089,1,694.3795,708.539,768.5009,695.6174
48.45008,1,587.8942,730.8773,678.1975,713.2473
48.47341,1,539.08,733.522,608.6387,723.3846
48.47925,1,539.08,733.522,573.8594,728.4534
48.48345,1,539.08,733.522,556.4697,730.9877
48.48885,1,539.08,733.522,547.7748,732.2549
48.49831,1,516.6929,738.4786,532.2339,735.3668
48.50287,1,516.6929,738.4786,524.4634,736.9227
48.51374,1,516.6929,738.4786,520.5781,737.7007
48.51856,1,516.6929,738.4786,518.6355,738.0897
48.52392,1,516.6929,738.4786,517.6642,738.2842
48.53429,1,503.7146,740.1205,510.6894,739.2024
48.53989,1,503.7146,740.1205,507.202,739.6615
48.54865,1,503.7146,740.1205,505.4583,739.891
48.55386,1,503.7146,740.1205,504.5864,740.0057
48.5633,1,497.4908,742.6956,501.0386,741.3507
48.56853,1,497.4908,742.6956,499.2647,742.0232
48.5779,1,497.4908,742.6956,498.3777,742.3594
48.58234,1,497.4908,742.6956,497.9343,742.5275
48.59058,1,494.7596,744.0659,496.3469,743.2967
48.59585,1,494.7596,744.0659,495.5533,743.6813
48.60117,1,494.7596,744.0659,495.1564,743.8736
48.60923,1,494.7596,744.0659,494.958,743.9697
48.61447,1,494.7596,744.0659,494.8588,744.0178
48.62206,1,492.7883,743.4104,493.8236,743.7141
48.63268,1,492.7883,743.4104,493.306,743.5623
48.64187,1,492.7883,743.4104,493.0471,743.4863
48.64892,1,492.7883,743.4104,492.9177,743.4484
48.65751,1,492.5368,743.4023,492.7273,743.4254
48.66344,1,492.5368,743.4023,492.6321,743.4138
48.66916,1,492.5368,743.4023,492.5845,743.4081
48.67378,1,492.5368,743.4023,492.5607,743.4052
48.67967,1,520.811,696.5793,506.6859,719.9923
48.69338,1,520.811,696.5793,513.7484,708.2858
48.71052,1,628.894,521.4513,571.3212,614.8685
48.72382,1,628.894,521.4513,600.1075,568.1599
48.74157,1,739.2777,349.8855,669.6926,459.0227
48.75385,1,739.2777,349.8855,704.4852,404.4541
48.76928,1,739.2777,349.8855,721.8815,377.1698
48.78095,1,797.2947,262.5542,759.5881,319.862
48.78593,1,797.2947,262.5542,778.4414,291.2081
48.81863,1,823.8974,225.8017,801.1694,258.5049
48.8365,1,836.847,207.5501,819.0082,233.0275
48.85326,1,836.847,207.5501,827.9276,220.2888
48.87733,1,842.1865,200.9658,835.0571,210.6273
48.88229,1,842.1865,200.9658,838.6218,205.7966
48.89489,1,836.1013,198.9785,837.3616,202.3875
48.90769,1,836.1013,198.9785,836.7314,200.683
48.9129,1,836.1013,198.9785,836.4164,199.8307
48.92805,1,786.7374,203.8175,811.5769,201.8241
48.94434,1,786.7374,203.8175,799.1571,202.8208
48.96004,1,750.2955,206.7444,774.7263,204.7826
48.97731,1,750.2955,206.7444,762.5109,205.7635
48.991,1,726.1337,208.4715,744.3223,207.1175
49.00791,1,726.1337,208.4715,735.228,207.7945
49.0201,1,709.3035,209.6347,722.2657,208.7146
49.02481,1,709.3035,209.6347,715.7846,209.1747
49.04057,1,709.3035,209.6347,712.5441,209.4047
49.05797,1,696.0123,209.5217,704.2782,209.4632
49.09374,1,686.2181,208.7184,695.2482,209.0908
49.11459,1,679.6962,208.0132,687.4722,208.552
49.11958,1,679.6962,208.0132,683.5842,208.2826
49.12427,1,679.6962,208.0132,681.6401,208.1479
49.1304,1,679.6962,208.0132,680.6682,208.0806
49.13807,1,673.6478,208.746,677.158,208.4133
49.14356,1,673.6478,208.746,675.4028,208.5796
49.14935,1,673.6478,208.746,674.5253,208.6628
49.16033,1,673.6478,208.746,674.0865,208.7044
49.16547,1,669.8758,208.6822,671.9812,208.6933
49.17116,1,669.8758,208.6822,670.9285,208.6877
49.17635,1,669.8758,208.6822,670.4021,208.685
49.18427,1,669.8758,208.6822,670.1389,208.6836
49.18997,1,669.8758,208.6822,670.0073,208.6829
49.196,1,667.2368,207.8553,668.6221,208.2691
49.20982,1,667.2368,207.8553,667.9294,208.0622
49.22328,1,667.2368,207.8553,667.5831,207.9587
49.24377,1,675.1226,211.6091,671.3529,209.7839
49.25582,1,770.1168,284.0955,720.7349,246.9397
49.26895,1,770.1168,284.0955,745.4258,265.5176
49.27392,1,770.1168,284.0955,757.7714,274.8066
49.28399,1,770.1168,284.0955,763.9441,279.451
49.29063,1,1092.394,485.2729,928.1689,382.362
49.29971,1,1092.394,485.2729,1010.281,433.8174
49.30457,1,1092.394,485.2729,1051.338,459.5452
49.31476,1,1347.734,640.2396,1199.536,549.8923
49.3196,1,1347.734,640.2396,1273.635,595.0659
49.33266,1,1347.734,640.2396,1310.685,617.6527
49.34861,1,1464.008,711.7579,1387.346,664.7053
49.37758,1,1512.527,737.6868,1449.937,701.196
49.38364,1,1512.527,737.6868,1481.232,719.4414
49.39098,1,1512.527,737.6868,1496.879,728.5641
49.39616,1,1512.527,737.6868,1504.703,733.1255
49.41776,1,1529.673,747.0145,1517.188,740.0699
49.44054,1,1534.951,754.9558,1526.069,747.5129
49.45889,1,1534.951,754.9558,1530.51,751.2344
49.47567,1,1539.643,759.012,1535.076,755.1232
49.49824,1,1587.308,800.6374,1561.192,777.8802
49.50352,1,1587.308,800.6374,1574.25,789.2588
49.50928,1,1587.308,800.6374,1580.779,794.9481
49.5247,1,1587.308,800.6374,1584.043,797.7927
49.54443,1,1628.921,824.8555,1606.482,811.3241
49.56654,1,1653.603,847.0981,1630.043,829.2111
49.57206,1,1653.603,847.0981,1641.823,838.1545
49.57754,1,1653.603,847.0981,1647.713,842.6263
49.58228,1,1653.603,847.0981,1650.658,844.8622
49.5881,1,1670.371,862.0247,1660.514,853.4435
49.59567,1,1670.371,862.0247,1665.443,857.7341
49.60119,1,1670.371,862.0247,1667.907,859.8794
49.60712,1,1670.371,862.0247,1669.139,860.952
49.61263,1,1670.371,862.0247,1669.755,861.4884
49.61871,1,1679.326,871.9818,1674.541,866.7351
49.62991,1,1679.326,871.9818,1676.933,869.3585
49.63692,1,1679.326,871.9818,1678.13,870.6702
49.64189,1,1679.326,871.9818,1678.728,871.326
49.64838,1,1688.529,867.4803,1683.628,869.4032
49.66017,1,1688.529,867.4803,1686.079,868.4418
49.66505,1,1688.529,867.4803,1687.304,867.9611
49.67099,1,1688.529,867.4803,1687.916,867.7207
49.67567,1,1688.529,867.4803,1688.223,867.6005
49.68382,1,1698.071,835.0519,1693.147,851.3262
49.68974,1,1698.071,835.0519,1695.609,843.1891
49.70613,1,1698.071,835.0519,1696.84,839.1205
49.72363,1,1707.611,840.0413,1702.226,839.5809
49.7444,1,1711.084,860.4669,1706.655,850.0239
49.76377,1,1711.084,860.4669,1708.87,855.2454
49.77816,1,1714.911,878.176,1711.89,866.7107
49.78329,1,1714.911,878.176,1713.4,872.4434
49.79395,1,1714.911,878.176,1714.156,875.3097
49.79893,1,1719.452,893.8554,1716.804,884.5825
49.80457,1,1719.452,893.8554,1718.128,889.219
49.81497,1,1719.452,893.8554,1718.79,891.5372
49.8203,1,1719.452,893.8554,1719.121,892.6963
49.82911,1,1723.072,911.4103,1721.097,902.0533
49.83474,1,1723.072,911.4103,1722.084,906.7318
49.84174,1,1723.072,911.4103,1722.578,909.071
49.84806,1,1723.072,911.4103,1722.825,910.2407
49.85625,1,1723.072,911.4103,1722.948,910.8256
49.86228,1,1727.069,923.7258,1725.009,917.2756
49.87276,1,1727.069,923.7258,1726.039,920.5007
49.87895,1,1727.069,923.7258,1726.554,922.1133
49.89095,1,1731.409,933.6993,1728.981,927.9063
49.89707,1,1731.409,933.6993,1730.195,930.8027
49.91313,1,1731.409,933.6993,1730.802,932.251
49.92426,1,1736.345,941.0329,1733.573,936.642
49.94038,1,1736.345,941.0329,1734.959,938.8374
49.95355,1,1741.469,948.1166,1738.214,943.4771
49.96009,1,1741.469,948.1166,1739.842,945.7969
49.97515,1,1741.469,948.1166,1740.656,946.9568
50.00496,1,1745.718,955.679,1743.187,951.3179
50.01794,1,1747.585,963.1711,1745.386,957.2445
50.02322,1,1747.585,963.1711,1746.486,960.2078
50.03521,1,1747.585,963.1711,1747.036,961.6895
50.04095,1,1749.07,968.7979,1748.053,965.2437
50.05025,1,1749.07,968.7979,1748.561,967.0208
50.05581,1,1749.07,968.7979,1748.816,967.9093
50.08144,1,1750.255,973.994,1749.536,970.9517
50.08758,1,1750.255,973.994,1749.896,972.4728
50.09219,1,1750.255,973.994,1750.075,973.2334
50.09769,1,1750.255,973.994,1750.166,973.6136
50.10956,1,1750.441,977.8269,1750.303,975.7203
50.11493,1,1750.441,977.8269,1750.372,976.7736
50.12536,1,1750.441,977.8269,1750.406,977.3002
50.13195,1,1751.943,982.3309,1751.175,979.8156
50.14589,1,1751.943,982.3309,1751.559,981.0732
50.15897,1,1751.943,982.3309,1751.751,981.7021
50.16505,1,1752.452,985.8216,1752.102,983.7618
50.18044,1,1752.452,985.8216,1752.277,984.7917
50.1955,1,1753.352,989.1246,1752.815,986.9581
50.21135,1,1753.352,989.1246,1753.083,988.0414
50.21624,1,1753.352,989.1246,1753.218,988.583
50.22182,1,1751.058,994.7062,1752.138,991.6446
50.22847,1,1751.058,994.7062,1751.598,993.1754
50.24136,1,1751.058,994.7062,1751.328,993.9408
50.25805,1,1747.543,1000.003,1749.435,996.9722
50.27514,1,1747.543,1000.003,1748.489,998.4878
50.29248,1,1742.871,1002.988,1745.68,1000.738
50.30447,1,1742.871,1002.988,1744.275,1001.863
50.31098,1,1738.893,1003.719,1741.584,1002.791
50.31564,1,1738.893,1003.719,1740.239,1003.255
50.32069,1,1738.893,1003.719,1739.566,1003.487
50.33156,1,1738.893,1003.719,1739.229,1003.603
50.33652,1,1738.893,1003.719,1739.061,1003.661
50.34438,1,1735.588,1004.588,1737.325,1004.124
50.35004,1,1735.588,1004.588,1736.457,1004.356
50.36074,1,1735.588,1004.588,1736.022,1004.472
50.3657,1,1735.588,1004.588,1735.805,1004.53
50.37445,1,1732.75,1005.508,1734.278,1005.019
50.38125,1,1732.75,1005.508,1733.514,1005.263
50.38902,1,1732.75,1005.508,1733.132,1005.385
50.39568,1,1732.75,1005.508,1732.941,1005.446
50.40414,1,1728.739,1006.216,1730.84,1005.831
50.41042,1,1728.739,1006.216,1729.79,1006.023
50.42467,1,1728.739,1006.216,1729.265,1006.119
50.43171,1,1724.207,1007.13,1726.736,1006.625
50.45958,1,1724.207,1007.13,1725.471,1006.877
50.47789,1,1718.805,1007.405,1722.138,1007.141
50.50703,1,1712.999,1008.59,1717.568,1007.866
50.5258,1,1708.324,1009.855,1712.946,1008.86
50.5331,1,1708.324,1009.855,1710.635,1009.357
50.53815,1,1708.324,1009.855,1709.479,1009.606
50.54901,1,1708.324,1009.855,1708.902,1009.73
50.55366,1,1705.301,1009.946,1707.101,1009.838
50.56287,1,1705.301,1009.946,1706.201,1009.892
50.5681,1,1705.301,1009.946,1705.751,1009.919
50.57526,1,1705.301,1009.946,1705.526,1009.932
50.58038,1,1705.301,1009.946,1705.414,1009.939
50.58572,1,1702.186,1010.494,1703.8,1010.217
50.59638,1,1702.186,1010.494,1702.993,1010.355
50.60187,1,1702.186,1010.494,1702.589,1010.425
50.61195,1,1702.186,1010.494,1702.388,1010.459
50.61766,1,1699.249,1010.29,1700.818,1010.375
50.62399,1,1699.249,1010.29,1700.033,1010.332
50.63017,1,1699.249,1010.29,1699.641,1010.311
50.63555,1,1699.249,1010.29,1699.445,1010.3
50.6419,1,1699.249,1010.29,1699.347,1010.295
50.64791,1,1696.963,1009.542,1698.155,1009.918
50.65468,1,1696.963,1009.542,1697.559,1009.73
50.66003,1,1696.963,1009.542,1697.261,1009.636
50.66514,1,1696.963,1009.542,1697.112,1009.589
50.67789,1,1695.079,1008.747,1696.095,1009.168
50.69738,1,1695.079,1008.747,1695.587,1008.957
50.71593,1,1693.556,1007.705,1694.572,1008.331
50.7357,1,1692.011,1006.035,1693.291,1007.183
50.7533,1,1692.011,1006.035,1692.651,1006.609
50.77251,1,1689.615,1002.146,1691.133,1004.377
50.79939,1,1688.495,998.5983,1689.814,1001.488
50.8045,1,1688.495,998.5983,1689.155,1000.043
50.82091,1,1688.495,998.5983,1688.825,999.3207
50.83908,1,1685.91,996.7001,1687.368,998.0104
50.85806,1,1683.193,994.9815,1685.28,996.496
50.87643,1,1683.193,994.9815,1684.237,995.7388
50.90696,1,1680.164,993.3821,1682.2,994.5604
50.92059,1,1677.579,991.5524,1679.89,993.0564
50.92525,1,1677.579,991.5524,1678.735,992.3044
50.93195,1,1677.579,991.5524,1678.157,991.9285
50.94042,1,1677.579,991.5524,1677.868,991.7405
50.94601,1,1675.082,990.1749,1676.475,990.9576
50.95476,1,1675.082,990.1749,1675.778,990.5663
50.96003,1,1675.082,990.1749,1675.43,990.3706
50.97033,1,1675.082,990.1749,1675.256,990.2727
50.9755,1,1675.082,990.1749,1675.169,990.2238
50.98856,1,1673.646,988.9612,1674.407,989.5925
50.99382,1,1673.646,988.9612,1674.026,989.2769
51.01185,1,1671.635,985.6992,1672.831,987.488
51.02567,1,1671.635,985.6992,1672.233,986.5936
51.04147,1,1668.852,981.9054,1670.542,984.2495
51.06618,1,1664.828,977.9122,1667.685,981.0809
51.07617,1,1664.828,977.9122,1666.256,979.4966
51.08188,1,1664.828,977.9122,1665.542,978.7044
51.08777,1,1664.828,977.9122,1665.185,978.3083
51.09593,1,1664.828,977.9122,1665.006,978.1103
51.10087,1,1660.151,973.4037,1662.579,975.757
51.1109,1,1660.151,973.4037,1661.365,974.5804
51.11571,1,1660.151,973.4037,1660.758,973.9921
51.1275,1,1655.562,969.2227,1658.16,971.6074
51.13358,1,1655.562,969.2227,1656.861,970.415
51.14114,1,1655.562,969.2227,1656.211,969.8188
51.14714,1,1655.562,969.2227,1655.886,969.5208
51.15414,1,1655.562,969.2227,1655.724,969.3717
51.15944,1,1649.988,963.5898,1652.856,966.4807
51.16491,1,1649.988,963.5898,1651.422,965.0353
51.1776,1,1649.988,963.5898,1650.705,964.3125
51.19044,1,1643.058,957.2281,1646.882,960.7703
51.19705,1,1643.058,957.2281,1644.97,958.9991
51.21302,1,1643.058,957.2281,1644.014,958.1136
51.22395,1,1635.741,948.8347,1639.878,953.4741
51.23037,1,1635.741,948.8347,1637.809,951.1544
51.24725,1,1635.741,948.8347,1636.775,949.9945
51.26329,1,1628.412,939.4733,1632.594,944.7339
51.27578,1,1628.412,939.4733,1630.503,942.1036
51.28059,1,1622.249,930.656,1626.376,936.3798
51.28555,1,1622.249,930.656,1624.312,933.5179
51.29384,1,1622.249,930.656,1623.28,932.0869
51.29858,1,1622.249,930.656,1622.764,931.3715
51.30383,1,1622.249,930.656,1622.506,931.0137
51.31158,1,1617.161,925.4272,1619.834,928.2205
51.31674,1,1617.161,925.4272,1618.498,926.8239
51.33125,1,1617.161,925.4272,1617.83,926.1255
51.34166,1,1612.213,921.5575,1615.021,923.8415
51.34883,1,1612.213,921.5575,1613.617,922.6995
51.36123,1,1612.213,921.5575,1612.915,922.1285
51.36638,1,1612.213,921.5575,1612.564,921.843
51.37849,1,1607.637,916.0916,1610.101,918.9673
51.39301,1,1607.637,916.0916,1608.869,917.5294
51.41069,1,1603.131,911.5426,1606,914.536
51.42834,1,1603.131,911.5426,1604.565,913.0393
51.45045,1,1599.085,907.2834,1601.825,910.1614
51.45543,1,1599.085,907.2834,1600.455,908.7224
51.46124,1,1594.175,902.8796,1597.315,905.801
51.47642,1,1594.175,902.8796,1595.745,904.3403
51.49789,1,1588.586,897.6204,1592.166,900.9803
51.50233,1,1588.586,897.6204,1590.376,899.3004
51.51341,1,1588.586,897.6204,1589.481,898.4604
51.51839,1,1588.586,897.6204,1589.034,898.0404
51.52773,1,1583.949,892.8043,1586.491,895.4224
51.53233,1,1583.949,892.8043,1585.22,894.1133
51.53722,1,1583.949,892.8043,1584.584,893.4587
51.54774,1,1583.949,892.8043,1584.267,893.1315
51.55279,1,1579.877,886.9694,1582.072,890.0504
51.56173,1,1579.877,886.9694,1580.974,888.5099
51.56727,1,1579.877,886.9694,1580.426,887.7396
51.57381,1,1579.877,886.9694,1580.151,887.3545
51.57919,1,1579.877,886.9694,1580.014,887.162
51.58448,1,1575.05,881.7452,1577.532,884.4536
51.59423,1,1575.05,881.7452,1576.291,883.0994
51.60001,1,1575.05,881.7452,1575.671,882.4222
51.61411,1,1570.183,877.3005,1572.927,879.8614
51.63325,1,1570.183,877.3005,1571.555,878.5809
51.67021,1,1565.8,873.4839,1568.678,876.0325
51.68917,1,1562.093,869.9023,1565.385,872.9674
51.70515,1,1558.788,866.6083,1562.086,869.7878
51.72639,1,1558.788,866.6083,1560.437,868.1981
51.75405,1,1555.381,863.6641,1557.909,865.931
51.76838,1,1552.254,860.9368,1555.081,863.4339
51.78384,1,1552.254,860.9368,1553.668,862.1853
51.80389,1,1548.971,859.4294,1551.319,860.8074
51.82357,1,1546.525,858.3918,1548.922,859.5996
51.8308,1,1546.525,858.3918,1547.724,858.9957
51.83576,1,1546.525,858.3918,1547.124,858.6937
51.84005,1,1546.525,858.3918,1546.825,858.5427
51.84571,1,1546.525,858.3918,1546.675,858.4673
51.86099,1,1543.843,857.0246,1545.259,857.746
51.8679,1,1543.843,857.0246,1544.551,857.3853
51.89601,1,1541.151,856.4322,1542.851,856.9087
51.91621,1,1539.19,855.3307,1541.021,856.1198
51.94607,1,1537.317,854.0712,1539.169,855.0955
51.96509,1,1537.317,854.0712,1538.243,854.5833
51.99691,1,1531.989,848.5372,1535.116,851.5603
52.01211,1,1535.868,825.3505,1535.492,838.4554
52.01621,1,1535.868,825.3505,1535.68,831.903
52.02128,1,1535.868,825.3505,1535.774,828.6267
52.03133,1,1535.868,825.3505,1535.821,826.9886
52.03601,1,1532.064,810.0184,1533.943,818.5035
52.04584,1,1532.064,810.0184,1533.004,814.261
52.05141,1,1532.064,810.0184,1532.534,812.1397
52.06181,1,1532.064,810.0184,1532.299,811.0791
52.06734,1,1524.837,808.9832,1528.568,810.0311
52.07661,1,1524.837,808.9832,1526.702,809.5072
52.08155,1,1524.837,808.9832,1525.77,809.2452
52.08876,1,1524.837,808.9832,1525.303,809.1143
52.09389,1,1520.743,808.8611,1523.023,808.9877
52.09875,1,1520.743,808.8611,1521.883,808.9244
52.11111,1,1520.743,808.8611,1521.313,808.8927
52.12789,1,1518.076,809.0087,1519.695,808.9507
52.13341,1,1518.076,809.0087,1518.885,808.9797
52.14867,1,1518.076,809.0087,1518.481,808.9941
52.15995,1,1515.264,808.2523,1516.873,808.6232
52.17649,1,1515.264,808.2523,1516.069,808.4377
52.19215,1,1512.708,805.8215,1514.388,807.1296
52.20924,1,1512.708,805.8215,1513.548,806.4756
52.22145,1,1510.44,804.027,1511.994,805.2513
52.23322,1,1510.44,804.027,1511.217,804.6392
52.23866,1,1510.44,804.027,1510.828,804.3331
52.2494,1,1509.069,803.6754,1509.949,804.0043
52.25494,1,1509.069,803.6754,1509.509,803.8398
52.26436,1,1509.069,803.6754,1509.289,803.7576
52.26949,1,1509.069,803.6754,1509.179,803.7166
52.27959,1,1507.169,803.4175,1508.174,803.567
52.28483,1,1507.169,803.4175,1507.672,803.4923
52.29514,1,1507.169,803.4175,1507.421,803.455
52.30051,1,1507.169,803.4175,1507.295,803.4363
52.31495,1,1505.031,801.71,1506.163,802.5731
52.32126,1,1505.031,801.71,1505.597,802.1415
52.32749,1,1505.031,801.71,1505.314,801.9258
52.33308,1,1505.031,801.71,1505.172,801.8179
52.34726,1,1503.573,801.2115,1504.373,801.5147
52.36166,1,1503.573,801.2115,1503.973,801.3632
52.37516,1,1501.913,799.0234,1502.943,800.1932
52.39204,1,1501.913,799.0234,1502.428,799.6083
52.41061,1,1499.578,795.742,1501.003,797.6752
52.43069,1,1495.858,789.6447,1498.43,793.6599
52.4369,1,1495.858,789.6447,1497.144,791.6523
52.44865,1,1495.858,789.6447,1496.501,790.6486
52.45336,1,1495.858,789.6447,1496.18,790.1466
52.46181,1,1492.773,786.8684,1494.476,788.5075
52.46761,1,1492.773,786.8684,1493.625,787.688
52.47278,1,1492.773,786.8684,1493.199,787.2782
52.48209,1,1492.773,786.8684,1492.986,787.0733
52.48803,1,1490.933,785.4667,1491.96,786.27
52.49698,1,1490.933,785.4667,1491.446,785.8684
52.50156,1,1490.933,785.4667,1491.19,785.6676
52.51271,1,1490.933,785.4667,1491.061,785.5671
52.51757,1,1488.423,780.0654,1489.742,782.8163
52.52853,1,1488.423,780.0654,1489.083,781.4409
52.53358,1,1488.423,780.0654,1488.753,780.7532
52.54449,1,1488.423,780.0654,1488.588,780.4093
52.5507,1,1485.268,773.8501,1486.928,777.1297
52.56384,1,1485.268,773.8501,1486.098,775.4899
52.57999,1,1482.512,766.787,1484.305,771.1384
52.59497,1,1482.512,766.787,1483.408,768.9628
52.61321,1,1479.204,760.5611,1481.306,764.762
52.65052,1,1474.699,756.421,1478.003,760.5915
52.6699,1,1470.599,752.9948,1474.301,756.7931
52.68768,1,1470.599,752.9948,1472.45,754.8939
52.71587,1,1466.954,750.5171,1469.702,752.7055
52.73238,1,1462.186,747.4865,1465.944,750.0959
52.75132,1,1462.186,747.4865,1464.065,748.7912
52.76563,1,1458.284,744.3363,1461.175,746.5637
52.78245,1,1458.284,744.3363,1459.729,745.45
52.79713,1,1453.892,739.716,1456.811,742.583
52.82512,1,1447.472,736.2303,1452.141,739.4066
52.84415,1,1447.472,736.2303,1449.807,737.8185
52.85537,1,1443.188,731.654,1446.498,734.7362
52.86495,1,1443.188,731.654,1444.843,733.1951
52.87016,1,1443.188,731.654,1444.016,732.4246
52.88013,1,1439.687,723.1699,1441.852,727.7972
52.88473,1,1439.687,723.1699,1440.77,725.4836
52.89082,1,1439.687,723.1699,1440.229,724.3268
52.89824,1,1439.687,723.1699,1439.958,723.7484
52.90321,1,1439.687,723.1699,1439.823,723.4591
52.91393,1,1435.851,716.8598,1437.837,720.1594
52.91911,1,1435.851,716.8598,1436.844,718.5096
52.93022,1,1435.851,716.8598,1436.347,717.6847
52.9353,1,1435.851,716.8598,1436.099,717.2722
52.95069,1,1431.571,711.9962,1433.835,714.6342
52.96281,1,1431.571,711.9962,1432.703,713.3152
52.97604,1,1427.124,707.3653,1429.914,710.3402
52.98155,1,1427.124,707.3653,1428.519,708.8528
52.99487,1,1427.124,707.3653,1427.822,708.109
53.01048,1,1419.787,703.9259,1423.804,706.0175
53.02785,1,1419.787,703.9259,1421.796,704.9717
53.04497,1,1347.125,659.7751,1384.46,682.3734
53.07291,1,1111.317,539.9367,1247.888,611.155
53.09161,1,871.5428,453.341,1059.716,532.248
53.12531,1,752.5862,422.4255,906.1509,477.3368
53.14217,1,752.5862,422.4255,829.3685,449.8812
53.1616,1,700.6846,410.9464,765.0266,430.4138
53.18909,1,636.6652,428.9813,700.8459,429.6975
53.1994,1,636.6652,428.9813,668.7555,429.3394
53.20411,1,636.6652,428.9813,652.7103,429.1603
53.21085,1,529.26,514.0958,590.9852,471.6281
53.21591,1,529.26,514.0958,560.1226,492.8619
53.22047,1,529.26,514.0958,544.6913,503.4789
53.22969,1,529.26,514.0958,536.9756,508.7874
53.23463,1,529.26,514.0958,533.1178,511.4416
53.24459,1,419.3326,605.3832,476.2252,558.4124
53.2496,1,419.3326,605.3832,447.7789,581.8978
53.2623,1,419.3326,605.3832,433.5557,593.6405
53.27434,1,351.0589,658.4663,392.3073,626.0534
53.28014,1,351.0589,658.4663,371.6831,642.2599
53.29373,1,351.0589,658.4663,361.371,650.3631
53.29955,1,351.0589,658.4663,356.215,654.4147
53.31057,1,309.7462,689.9484,332.9806,672.1815
53.31535,1,309.7462,689.9484,321.3633,681.0649
53.3282,1,309.7462,689.9484,315.5547,685.5067
53.34367,1,288.986,707.4255,302.2704,696.4661
53.36134,1,288.986,707.4255,295.6282,701.9458
53.38016,1,276.9745,717.5656,286.3014,709.7557
53.39679,1,246.6157,719.0034,266.4585,714.3795
53.42458,1,217.0269,723.9544,241.7427,719.167
53.44936,1,217.0269,723.9544,229.3848,721.5607
53.455,1,196.5693,730.2381,212.9771,725.8994
53.46425,1,196.5693,730.2381,204.7732,728.0687
53.46968,1,196.5693,730.2381,200.6713,729.1534
53.47958,1,196.5693,730.2381,198.6203,729.6958
53.48428,1,181.4252,737.0033,190.0228,733.3495
53.49505,1,181.4252,737.0033,185.724,735.1764
53.50008,1,181.4252,737.0033,183.5746,736.0898
53.50476,1,181.4252,737.0033,182.4999,736.5466
53.51665,1,168.6406,743.4036,175.5703,739.9751
53.52867,1,168.6406,743.4036,172.1055,741.6893
53.53381,1,168.6406,743.4036,170.373,742.5465
53.54064,1,168.6406,743.4036,169.5068,742.9751
53.54698,1,159.7628,747.5228,164.6348,745.249
53.55202,1,159.7628,747.5228,162.1988,746.3859
53.56101,1,159.7628,747.5228,160.9808,746.9543
53.56599,1,159.7628,747.5228,160.3718,747.2386
53.58188,1,153.0099,750.1575,156.6909,748.6981
53.58893,1,153.0099,750.1575,154.8504,749.4278
53.59669,1,153.0099,750.1575,153.9301,749.7927
53.61499,1,147.3005,753.6947,150.6153,751.7437
53.63022,1,147.3005,753.6947,148.9579,752.7192
53.64507,1,140.558,758.1401,144.758,755.4297
53.67421,1,166.0535,762.4061,155.4057,758.9179
53.69364,1,166.0535,762.4061,160.7296,760.662
53.71148,1,306.7777,774.063,233.7537,767.3625
53.72915,1,745.5327,834.866,489.6432,801.1143
53.7428,1,745.5327,834.866,617.5879,817.9901
53.74797,1,745.5327,834.866,681.5603,826.4281
53.75224,1,745.5327,834.866,713.5465,830.6471
53.75832,1,1160.546,866.7446,937.0461,848.6959
53.76322,1,1160.546,866.7446,1048.796,857.7202
53.76811,1,1160.546,866.7446,1104.671,862.2324
53.77458,1,1160.546,866.7446,1132.608,864.4885
53.77969,1,1160.546,866.7446,1146.577,865.6166
53.78448,1,1160.546,866.7446,1153.561,866.1806
53.79608,1,1357.845,878.0144,1255.703,872.0975
53.80139,1,1357.845,878.0144,1306.774,875.056
53.81136,1,1357.845,878.0144,1332.309,876.5352
53.8159,1,1433.613,882.8857,1382.961,879.7104
53.82713,1,1433.613,882.8857,1408.287,881.2981
53.83163,1,1433.613,882.8857,1420.95,882.0919
53.84445,1,1433.613,882.8857,1427.281,882.4888
53.85676,1,1464.905,881.8876,1446.093,882.1882
53.86372,1,1464.905,881.8876,1455.499,882.0378
53.89681,1,1475.863,876.6728,1465.681,879.3553
53.91344,1,1481.528,870.9094,1473.604,875.1323
53.91821,1,1481.528,870.9094,1477.566,873.0209
53.9224,1,1481.528,870.9094,1479.547,871.9651
53.93446,1,1481.528,870.9094,1480.538,871.4373
53.93929,1,1482.297,866.446,1481.417,868.9417
53.9534,1,1482.297,866.446,1481.857,867.6938
53.95795,1,1482.297,866.446,1482.077,867.0699
53.97318,1,1480.729,861.8726,1481.403,864.4713
53.98936,1,1480.729,861.8726,1481.066,863.172
54.00031,1,1480.41,857.1266,1480.738,860.1493
54.01791,1,1480.41,857.1266,1480.574,858.6379
54.03274,1,1470.077,859.019,1475.326,858.8285
54.05178,1,1470.077,859.019,1472.701,858.9238
54.06491,1,1459.889,861.0816,1466.295,860.0027
54.08374,1,1459.889,861.0816,1463.092,860.5421
54.09816,1,1452.719,861.9021,1457.906,861.2221
54.12364,1,1448.221,861.0045,1453.063,861.1133
54.14278,1,1448.221,861.0045,1450.642,861.0589
54.16244,1,1458.257,836.0814,1454.449,848.5701
54.19022,1,1444.469,825.6074,1449.459,837.0887
54.19975,1,1444.469,825.6074,1446.964,831.348
54.20424,1,1444.469,825.6074,1445.717,828.4777
54.21957,1,1402.481,830.153,1424.099,829.3153
54.23723,1,1402.481,830.153,1413.29,829.7341
54.2674,1,1403.88,832.7751,1408.585,831.2546
54.28587,1,1405,835.614,1406.792,833.4343
54.30332,1,1405.364,837.5948,1406.078,835.5146
54.33561,1,1405.574,839.9275,1405.826,837.7211
54.35371,1,1405.574,839.9275,1405.7,838.8243
54.38394,1,1406.358,842.8249,1406.029,840.8246
54.39455,1,1407.724,844.7846,1406.877,842.8046
54.40021,1,1407.724,844.7846,1407.301,843.7946
54.4046,1,1407.724,844.7846,1407.513,844.2896
54.41207,1,1407.724,844.7846,1407.619,844.5371
54.43883,1,1407.892,845.865,1407.755,845.201
54.45079,1,1406.401,846.1318,1407.078,845.6664
54.45568,1,1406.401,846.1318,1406.74,845.8992
54.46802,1,1406.401,846.1318,1406.57,846.0155
54.47303,1,1406.401,846.1318,1406.486,846.0737
54.48323,1,1404.69,845.1136,1405.588,845.5936
54.48902,1,1404.69,845.1136,1405.139,845.3536
54.49919,1,1404.69,845.1136,1404.915,845.2336
54.50481,1,1404.69,845.1136,1404.802,845.1736
54.51491,1,1401.968,842.7584,1403.385,843.966
54.52061,1,1401.968,842.7584,1402.677,843.3622
54.54419,1,1400.398,841.9707,1401.537,842.6664
54.5508,1,1400.398,841.9707,1400.968,842.3186
54.56785,1,1400.398,841.9707,1400.683,842.1447
54.58694,1,1388.444,833.8881,1394.563,838.0164
54.61987,1,1303.521,757.5328,1349.042,797.7746
54.63813,1,1119.707,554.7565,1234.375,676.2655
54.66447,1,983.5106,401.2245,1108.943,538.745
54.67046,1,983.5106,401.2245,1046.227,469.9847
54.67619,1,983.5106,401.2245,1014.869,435.6046
54.69112,1,923.6504,336.2844,969.2595,385.9445
54.6964,1,923.6504,336.2844,946.455,361.1145
54.70175,1,923.6504,336.2844,935.0527,348.6995
54.70713,1,923.6504,336.2844,929.3516,342.4919
54.72108,1,898.0121,307.9833,913.6818,325.2376
54.73802,1,898.0121,307.9833,905.8469,316.6105
54.75536,1,884.5663,296.1506,895.2067,306.3806
54.78886,1,876.819,292.3164,886.0128,299.3484
54.80522,1,876.819,292.3164,881.4159,295.8324
54.81933,1,911.9179,332.4393,896.6669,314.1358
54.82353,1,911.9179,332.4393,904.2924,323.2875
54.83011,1,911.9179,332.4393,908.1051,327.8634
54.84599,1,951.1327,375.7583,929.6189,351.8109
54.86215,1,951.1327,375.7583,940.3758,363.7846
54.86881,1,951.1327,375.7583,945.7543,369.7715
54.88139,1,1074.482,503.2063,1010.118,436.4889
54.89687,1,1074.482,503.2063,1042.3,469.8476
54.90977,1,1186.532,614.3646,1114.416,542.1061
54.92451,1,1186.532,614.3646,1150.474,578.2354
54.93909,1,1247.815,690.9698,1199.144,634.6025
54.94521,1,1247.815,690.9698,1223.479,662.7861
54.95953,1,1247.815,690.9698,1235.647,676.8779
54.97889,1,1275.228,711.4039,1255.437,694.1409
55.01226,1,1287.275,715.8883,1271.356,705.0146
55.03083,1,1291.187,730.3157,1281.271,717.6652
55.05832,1,1295.27,727.7147,1288.271,722.6899
55.06345,1,1295.27,727.7147,1291.771,725.2023
55.06995,1,1295.27,727.7147,1293.52,726.4585
55.07685,1,1295.27,727.7147,1294.395,727.0865
55.0814,1,1295.27,727.7147,1294.833,727.4006
55.08931,1,1298.216,726.0682,1296.524,726.7344
55.09504,1,1298.216,726.0682,1297.37,726.4014
55.09974,1,1298.216,726.0682,1297.793,726.2348
55.11141,1,1298.216,726.0682,1298.005,726.1515
55.12463,1,1302.838,723.5577,1300.421,724.8546
55.13116,1,1302.838,723.5577,1301.63,724.2062
55.1489,1,1302.094,720.967,1301.862,722.5866
55.18826,1,1299.527,722.8474,1300.695,722.717
55.22141,1,1308.498,688.0104,1304.596,705.3637
55.24052,1,1310.833,673.264,1307.715,689.3138
55.25934,1,1310.833,673.264,1309.274,681.2889
55.27459,1,1298.332,713.3243,1303.803,697.3066
55.28029,1,1298.332,713.3243,1301.068,705.3155
55.28557,1,1298.332,713.3243,1299.7,709.3199
55.30185,1,1297.45,712.8668,1298.575,711.0934
55.33067,1,1297.581,715.3715,1298.078,713.2324
55.34801,1,1297.581,715.3715,1297.829,714.3019
55.36961,1,1297.653,719.5049,1297.741,716.9034
55.38708,1,1297.533,723.6819,1297.637,720.2927
55.41533,1,1297.533,723.6819,1297.585,721.9873
55.43312,1,1295.38,724.9728,1296.483,723.48
55.45121,1,1295.196,729.392,1295.84,726.436
55.46921,1,1295.196,729.392,1295.518,727.914
55.48,1,1295.232,734.591,1295.375,731.2525
55.5025,1,1295.232,734.591,1295.303,732.9218
55.5209,1,1294.883,739.3868,1295.093,736.1543
55.53982,1,1294.711,743.6779,1294.902,739.9161
55.55702,1,1294.711,743.6779,1294.807,741.797
55.58656,1,1294.909,748.2162,1294.858,745.0066
55.60177,1,1294.673,752.2963,1294.765,748.6515
55.62124,1,1294.673,752.2963,1294.719,750.4739
55.63901,1,1292.595,751.5903,1293.657,751.0321
55.65449,1,1292.595,751.5903,1293.126,751.3112
55.6684,1,1292.759,752.8307,1292.942,752.071
55.6851,1,1292.759,752.8307,1292.85,752.4509
55.70285,1,1292.562,754.6842,1292.706,753.5675
55.73445,1,1292.04,755.6073,1292.373,754.5874
55.76566,1,1291.58,756.1452,1291.976,755.3663
55.7859,1,1291.593,756.2455,1291.785,755.8059
55.80559,1,1291.593,756.2455,1291.689,756.0257
55.84434,1,1289.54,754.2152,1290.614,755.1205
55.86543,1,1289.54,754.2152,1290.077,754.6678
55.88508,1,1287.157,751.5148,1288.617,753.0913
55.9031,1,1283.674,748.116,1286.146,750.6036
55.93777,1,1280.708,744.5877,1283.427,747.5957
55.9531,1,1280.708,744.5877,1282.067,746.0917
55.96944,1,1277.362,740.9352,1279.714,743.5134
55.9884,1,1277.362,740.9352,1278.538,742.2244
56.00489,1,1273.449,736.2136,1275.994,739.219
56.02408,1,1270.439,729.5034,1273.217,734.3612
56.0433,1,1270.439,729.5034,1271.828,731.9323
56.06949,1,1265.476,721.3778,1268.652,726.655
56.07954,1,1265.476,721.3778,1267.064,724.0164
56.0949,1,1260.952,718.3748,1264.008,721.1956
56.11121,1,1257.194,715.9755,1260.601,718.5856
56.12975,1,1257.194,715.9755,1258.897,717.2805
56.14781,1,1250.93,710.0383,1254.914,713.6594
56.17548,1,1249.249,705.1326,1252.081,709.396
56.17989,1,1249.249,705.1326,1250.665,707.2643
56.18396,1,1249.249,705.1326,1249.957,706.1984
56.18941,1,1249.249,705.1326,1249.603,705.6655
56.19849,1,1249.249,705.1326,1249.426,705.399
56.20312,1,1246.514,696.3369,1247.97,700.868
56.21087,1,1246.514,696.3369,1247.242,698.6024
56.21667,1,1246.514,696.3369,1246.878,697.4697
56.22121,1,1246.514,696.3369,1246.696,696.9033
56.2282,1,1246.514,696.3369,1246.604,696.6201
56.23264,1,1241.689,687.2028,1244.147,691.9115
56.23788,1,1241.689,687.2028,1242.918,689.5571
56.24556,1,1241.689,687.2028,1242.303,688.38
56.25114,1,1241.689,687.2028,1241.996,687.7914
56.26167,1,1241.689,687.2028,1241.843,687.4971
56.26879,1,1236.546,680.8513,1239.195,684.1742
56.27519,1,1236.546,680.8513,1237.87,682.5127
56.28038,1,1236.546,680.8513,1237.208,681.682
56.29121,1,1236.546,680.8513,1236.877,681.2666
56.29689,1,1230.858,673.7275,1233.868,677.4971
56.31535,1,1230.858,673.7275,1232.363,675.6123
56.33179,1,1221.266,666.8525,1226.814,671.2324
56.34815,1,1221.266,666.8525,1224.04,669.0425
56.3651,1,1211.323,660.2637,1217.681,664.6531
56.38314,1,1205.177,655.8907,1211.429,660.2719
56.39848,1,1205.177,655.8907,1208.303,658.0813
56.41485,1,1201.889,652.9272,1205.096,655.5043
56.43336,1,1201.889,652.9272,1203.492,654.2157
56.44868,1,1199.556,649.6814,1201.524,651.9485
56.46404,1,1199.556,649.6814,1200.54,650.8149
56.4817,1,1197.6,648.1921,1199.07,649.5035
56.50225,1,1197.6,648.1921,1198.335,648.8478
56.51936,1,1196.205,647.2208,1197.27,648.0343
56.53839,1,1195.981,647.3055,1196.625,647.6699
56.55401,1,1195.981,647.3055,1196.303,647.4877
56.57078,1,1194.749,646.8743,1195.526,647.181
56.5901,1,1194.749,646.8743,1195.138,647.0277
56.6015,1,1194.585,646.5812,1194.861,646.8044
56.60809,1,1194.585,646.5812,1194.723,646.6928
56.62149,1,1194.585,646.5812,1194.654,646.637
56.62752,1,1196.392,647.2692,1195.523,646.9531
56.64243,1,1196.392,647.2692,1195.957,647.1111
56.65961,1,1198.425,647.2832,1197.191,647.1971
56.68008,1,1198.425,647.2832,1197.808,647.2402
56.69269,1,1200.516,647.8257,1199.162,647.533
56.69776,1,1200.516,647.8257,1199.839,647.6793
56.70246,1,1200.516,647.8257,1200.178,647.7526
56.7093,1,1200.516,647.8257,1200.347,647.7892
56.71419,1,1200.516,647.8257,1200.432,647.8075
56.71921,1,1203.701,649.3696,1202.066,648.5886
56.72953,1,1203.701,649.3696,1202.884,648.9791
56.73461,1,1203.701,649.3696,1203.292,649.1744
56.74529,1,1207.032,650.9803,1205.162,650.0773
56.75143,1,1207.032,650.9803,1206.097,650.5288
56.76069,1,1207.032,650.9803,1206.565,650.7545
56.76562,1,1207.032,650.9803,1206.798,650.8674
56.77831,1,1210.91,653.4336,1208.854,652.1505
56.79294,1,1210.91,653.4336,1209.882,652.7921
56.81496,1,1196.234,653.9556,1203.058,653.3738
56.84805,1,1075.836,645.9509,1139.447,649.6624
56.86876,1,751.5112,601.3235,945.4792,625.4929
56.90073,1,492.1818,555.5801,718.8305,590.5365
56.91185,1,492.1818,555.5801,605.5061,573.0583
56.91651,1,492.1818,555.5801,548.8439,564.3192
56.92066,1,492.1818,555.5801,520.5128,559.9497
56.93758,1,366.2809,537.1752,443.3969,548.5624
56.95359,1,366.2809,537.1752,404.8389,542.8688
56.98479,1,308.3123,528.0647,356.5756,535.4667
57.00107,1,280.1258,522.6943,318.3507,529.0805
57.0201,1,263.1803,522.1439,290.7655,525.6122
57.04437,1,263.1803,522.1439,276.9729,523.8781
57.05814,1,250.6006,523.4429,263.7867,523.6605
57.06372,1,250.6006,523.4429,257.1937,523.5516
57.08127,1,242.1226,527.0143,249.6581,525.283
57.09649,1,242.1226,527.0143,245.8903,526.1487
57.12748,1,231.1076,536.4518,238.4989,531.3002
57.15034,1,220.8292,545.0441,229.6641,538.1722
57.17461,1,213.7004,551.3716,221.6822,544.7719
57.17997,1,213.7004,551.3716,217.6913,548.0717
57.18435,1,213.7004,551.3716,215.6958,549.7217
57.19736,1,213.7004,551.3716,214.6981,550.5466
57.20201,1,206.9408,552.7963,210.8195,551.6715
57.21741,1,206.9408,552.7963,208.8801,552.2339
57.2326,1,238.9901,543.339,223.9351,547.7864
57.24619,1,238.9901,543.339,231.4626,545.5627
57.26821,1,238.9901,543.339,235.2263,544.4509
57.29524,1,633.2593,563.256,434.2428,553.8535
57.3131,1,633.2593,563.256,533.751,558.5547
57.32611,1,952.8179,640.0363,743.2844,599.2955
57.34438,1,952.8179,640.0363,848.0511,619.6659
57.35889,1,1151.241,698.7965,999.6463,659.2312
57.37766,1,1151.241,698.7965,1075.444,679.0139
57.39168,1,1246.843,726.5681,1161.144,702.791
57.41286,1,1292.734,738.6736,1226.938,720.7323
57.41781,1,1292.734,738.6736,1259.836,729.7029
57.42285,1,1292.734,738.6736,1276.285,734.1882
57.43279,1,1292.734,738.6736,1284.509,736.4309
57.43743,1,1292.734,738.6736,1288.621,737.5522
57.44536,1,1316.525,743.7117,1302.573,740.632
57.45109,1,1316.525,743.7117,1309.549,742.1719
57.45641,1,1316.525,743.7117,1313.037,742.9418
57.47223,1,1329.087,745.2739,1321.062,744.1078
57.47784,1,1329.087,745.2739,1325.074,744.6909
57.48243,1,1329.087,745.2739,1327.081,744.9824
57.48858,1,1329.087,745.2739,1328.084,745.1282
57.49517,1,1329.087,745.2739,1328.585,745.201
57.49973,1,1329.087,745.2739,1328.836,745.2375
57.50833,1,1332.679,743.9977,1330.758,744.6176
57.51395,1,1332.679,743.9977,1331.719,744.3077
57.51915,1,1332.679,743.9977,1332.199,744.1527
57.52962,1,1332.679,743.9977,1332.439,744.0752
57.53483,1,1324.565,743.6086,1328.502,743.8419
57.54409,1,1324.565,743.6086,1326.533,743.7252
57.54975,1,1324.565,743.6086,1325.549,743.6669
57.56155,1,1317.981,744.1808,1321.765,743.9238
57.56763,1,1317.981,744.1808,1319.873,744.0524
57.58115,1,1317.981,744.1808,1318.927,744.1166
57.59393,1,1313.904,758.4431,1316.415,751.2798
57.59899,1,1313.904,758.4431,1315.16,754.8615
57.62711,1,1312.412,771.7098,1313.786,763.2856
57.64506,1,1312.412,771.7098,1313.099,767.4977
57.66422,1,1311.453,782.283,1312.276,774.8903
57.68168,1,1311.453,782.283,1311.864,778.5867
57.70012,1,1312.39,778.6876,1312.127,778.6371
57.71831,1,1313.922,788.9935,1313.025,783.8153
57.73661,1,1313.922,788.9935,1313.474,786.4044
57.75555,1,1315.249,797.6415,1314.361,792.0229
57.77408,1,1317.594,805.4768,1315.977,798.7499
57.79602,1,1317.594,805.4768,1316.785,802.1133
57.80971,1,1318.841,811.7636,1317.813,806.9385
57.81458,1,1318.841,811.7636,1318.327,809.3511
57.8276,1,1318.841,811.7636,1318.584,810.5574
57.84275,1,1320.125,815.5952,1319.355,813.0763
57.86165,1,1320.125,815.5952,1319.74,814.3358
57.87999,1,1320.61,821.4523,1320.175,817.894
57.91212,1,1321.541,825.3276,1320.858,821.6108
57.94447,1,1322.707,826.9828,1321.783,824.2969
57.95608,1,1323.305,828.9441,1322.544,826.6205
57.96212,1,1323.305,828.9441,1322.925,827.7823
57.96753,1,1323.305,828.9441,1323.115,828.3632
57.97267,1,1323.305,828.9441,1323.21,828.6536
57.98215,1,1323.305,828.9441,1323.258,828.7988
57.98815,1,1323.434,833.1044,1323.346,830.9516
57.99664,1,1323.434,833.1044,1323.39,832.028
58.00219,1,1323.434,833.1044,1323.412,832.5662
58.01395,1,1323.434,833.1044,1323.423,832.8353
58.01892,1,1324.5,838.8523,1323.961,835.8438
58.02803,1,1324.5,838.8523,1324.23,837.348
58.03262,1,1324.5,838.8523,1324.365,838.1002
58.04359,1,1324.5,838.8523,1324.432,838.4762
58.04963,1,1324.465,842.8211,1324.449,840.6487
58.05934,1,1324.465,842.8211,1324.457,841.7349
58.06426,1,1324.465,842.8211,1324.461,842.278
58.07856,1,1324.216,845.8829,1324.339,844.0804
58.09155,1,1324.216,845.8829,1324.277,844.9817
58.09731,1,1324.216,845.8829,1324.247,845.4323
58.11327,1,1325.051,849.3902,1324.649,847.4113
58.12911,1,1325.051,849.3902,1324.85,848.4008
58.14134,1,1326.552,851.2431,1325.701,849.8219
58.15888,1,1326.552,851.2431,1326.126,850.5325
58.17483,1,1327.325,852.3662,1326.726,851.4493
58.18495,1,1327.325,852.3662,1327.025,851.9078
58.19089,1,1327.325,852.3662,1327.175,852.137
58.20081,1,1327.425,852.5919,1327.3,852.3644
58.20511,1,1327.425,852.5919,1327.363,852.4781
58.21663,1,1327.425,852.5919,1327.394,852.535
58.22163,1,1327.425,852.5919,1327.41,852.5635
58.23406,1,1326.839,851.9861,1327.124,852.2748
58.23951,1,1326.839,851.9861,1326.981,852.1305
58.25008,1,1326.839,851.9861,1326.91,852.0583
58.25494,1,1326.839,851.9861,1326.875,852.0222
58.26276,1,1326.57,852.0909,1326.722,852.0566
58.26848,1,1326.57,852.0909,1326.646,852.0737
58.27515,1,1326.57,852.0909,1326.608,852.0823
58.28141,1,1326.57,852.0909,1326.589,852.0867
58.28762,1,1326.227,852.1855,1326.408,852.1361
58.29371,1,1326.227,852.1855,1326.317,852.1608
58.29822,1,1326.227,852.1855,1326.272,852.1731
58.30358,1,1326.227,852.1855,1326.249,852.1793
58.31084,1,1326.227,852.1855,1326.238,852.1824
58.31564,1,1326.227,852.1855,1326.232,852.184
58.32498,1,1326.501,852.6863,1326.367,852.4352
58.33156,1,1326.501,852.6863,1326.434,852.5608
58.3391,1,1326.501,852.6863,1326.468,852.6235
58.34484,1,1326.501,852.6863,1326.485,852.6549
58.35161,1,1326.912,852.9089,1326.698,852.7819
58.36179,1,1326.912,852.9089,1326.805,852.8453
58.36795,1,1326.912,852.9089,1326.858,852.8771
58.37405,1,1326.912,852.9089,1326.885,852.8929
58.37956,1,1327.739,853.3666,1327.312,853.1298
58.39304,1,1327.739,853.3666,1327.525,853.2482
58.39827,1,1327.739,853.3666,1327.632,853.3074
58.4137,1,1329.943,854.7096,1328.788,854.0085
58.4478,1,1332.99,856.2776,1330.889,855.1431
58.46648,1,1332.99,856.2776,1331.939,855.7103
58.478,1,1335.901,857.7243,1333.92,856.7173
58.48347,1,1335.901,857.7243,1334.911,857.2208
58.48931,1,1335.901,857.7243,1335.406,857.4725
58.50089,1,1338.45,858.2408,1336.928,857.8567
58.50706,1,1338.45,858.2408,1337.689,858.0488
58.51709,1,1338.45,858.2408,1338.069,858.1448
58.52233,1,1338.45,858.2408,1338.26,858.1928
58.53267,1,1340.716,858.8201,1339.488,858.5065
58.53819,1,1340.716,858.8201,1340.102,858.6633
58.54922,1,1340.716,858.8201,1340.409,858.7417
58.55474,1,1340.716,858.8201,1340.563,858.7809
58.56332,1,1342.679,858.7276,1341.621,858.7543
58.56921,1,1342.679,858.7276,1342.15,858.741
58.57433,1,1342.679,858.7276,1342.415,858.7343
58.57967,1,1342.679,858.7276,1342.547,858.731
58.58479,1,1342.679,858.7276,1342.613,858.7292
58.59415,1,1344.45,858.4654,1343.531,858.5973
58.59911,1,1344.45,858.4654,1343.99,858.5314
58.60833,1,1344.45,858.4654,1344.22,858.4984
58.61416,1,1344.45,858.4654,1344.335,858.4819
58.62145,1,1345.926,858.0282,1345.13,858.2551
58.62762,1,1345.926,858.0282,1345.528,858.1416
58.63323,1,1345.926,858.0282,1345.727,858.0849
58.64599,1,1345.926,858.0282,1345.827,858.0565
58.66351,1,1347.442,857.6438,1346.634,857.8502
58.67937,1,1348.556,857.0769,1347.595,857.4635
58.71141,1,1348.259,855.723,1347.927,856.5933
58.7283,1,1348.259,855.723,1348.093,856.1581
58.73306,1,1348.259,855.723,1348.176,855.9406
58.73838,1,1348.259,855.723,1348.218,855.8318
58.75445,1,1355.93,842.3436,1352.074,849.0877
58.76856,1,1373.317,805.0972,1362.695,827.0925
58.78329,1,1373.317,805.0972,1368.006,816.0948
58.80217,1,1377.677,810.8661,1372.841,813.4805
58.82192,1,1377.677,810.8661,1375.259,812.1733
58.85308,1,1379.04,820.9667,1377.149,816.5699
58.86769,1,1380.66,827.6339,1378.905,822.1019
58.87199,1,1380.66,827.6339,1379.782,824.8679
58.87746,1,1380.66,827.6339,1380.221,826.2509
58.89436,1,1382.314,833.0092,1381.267,829.63
58.91324,1,1382.314,833.0092,1381.791,831.3196
58.94146,1,1383.976,838.2632,1382.883,834.7914
58.95576,1,1385.601,843.6201,1384.242,839.2057
58.9672,1,1385.601,843.6201,1384.922,841.4128
58.97207,1,1385.601,843.6201,1385.261,842.5165
58.98186,1,1386.782,847.8837,1386.022,845.2001
58.98723,1,1386.782,847.8837,1386.402,846.5419
58.99688,1,1386.782,847.8837,1386.592,847.2128
59.00132,1,1386.782,847.8837,1386.687,847.5482
59.01288,1,1387.647,851.6948,1387.167,849.6215
59.01801,1,1387.647,851.6948,1387.407,850.6581
59.03358,1,1387.647,851.6948,1387.527,851.1764
59.05117,1,1385.885,853.7169,1386.706,852.4467
59.0886,1,1381.057,853.5443,1383.882,852.9955
59.10526,1,1377.765,851.3587,1380.823,852.1771
59.13852,1,1375.858,850.4009,1378.341,851.289
59.15599,1,1375.858,850.4009,1377.1,850.845
59.16966,1,1373.656,849.7427,1375.378,850.2938
59.17484,1,1373.656,849.7427,1374.517,850.0183
59.18588,1,1373.656,849.7427,1374.087,849.8805
59.19739,1,1371.335,849.3059,1372.711,849.5932
59.20218,1,1371.335,849.3059,1372.023,849.4496
59.21906,1,1371.335,849.3059,1371.679,849.3777
59.23738,1,1368.809,848.8211,1370.244,849.0994
59.25475,1,1366.123,848.9791,1368.184,849.0393
59.28574,1,1363.308,848.9158,1365.746,848.9775
59.30578,1,1363.308,848.9158,1364.527,848.9467
59.32315,1,1359.016,846.3311,1361.771,847.6389
59.3485,1,1353.466,842.2125,1357.619,844.9257
59.35442,1,1353.466,842.2125,1355.542,843.5691
59.3593,1,1353.466,842.2125,1354.504,842.8907
59.3684,1,1353.466,842.2125,1353.985,842.5516
59.37287,1,1353.466,842.2125,1353.726,842.3821
59.37824,1,1348.089,838.7144,1350.908,840.5482
59.39285,1,1348.089,838.7144,1349.499,839.6313
59.40298,1,1348.089,838.7144,1348.794,839.1729
59.40807,1,1343.194,837.6566,1345.994,838.4147
59.4224,1,1343.194,837.6566,1344.594,838.0356
59.4385,1,1338.557,836.0569,1341.576,837.0463
59.45572,1,1338.557,836.0569,1340.067,836.5516
59.47144,1,1333.688,834.0627,1336.877,835.3072
59.47742,1,1333.688,834.0627,1335.283,834.6849
59.48236,1,1333.688,834.0627,1334.486,834.3738
59.49724,1,1329.557,833.8884,1332.021,834.1311
59.50214,1,1329.557,833.8884,1330.789,834.0098
59.51791,1,1329.557,833.8884,1330.173,833.9491
59.5361,1,1326.262,831.6339,1328.218,832.7915
59.55603,1,1322.484,829.2082,1325.351,830.9999
59.58435,1,1322.484,829.2082,1323.918,830.104
59.60452,1,1320.602,826.5142,1322.26,828.3091
59.63856,1,1318.522,824.977,1320.391,826.6431
59.65255,1,1316.148,823.2083,1318.269,824.9257
59.65701,1,1316.148,823.2083,1317.209,824.067
59.66799,1,1316.148,823.2083,1316.678,823.6376
59.6726,1,1316.148,823.2083,1316.413,823.4229
59.68417,1,1314.446,823.0953,1315.43,823.2591
59.69038,1,1314.446,823.0953,1314.938,823.1772
59.72363,1,1313.038,822.9446,1313.988,823.0609
59.73756,1,1311.086,822.8276,1312.537,822.9442
59.7428,1,1311.086,822.8276,1311.811,822.8859
59.74848,1,1311.086,822.8276,1311.448,822.8567
59.75399,1,1311.086,822.8276,1311.267,822.8422
59.76027,1,1311.086,822.8276,1311.177,822.8348
59.76476,1,1311.086,822.8276,1311.131,822.8312
59.77359,1,1309.682,822.2368,1310.406,822.534
59.77896,1,1309.682,822.2368,1310.044,822.3854
59.78407,1,1309.682,822.2368,1309.863,822.3111
59.79621,1,1309.682,822.2368,1309.772,822.2739
59.80918,1,1308.034,822.3016,1308.903,822.2878
59.81451,1,1308.034,822.3016,1308.469,822.2947
59.83001,1,1306.095,822.958,1307.282,822.6263
59.84762,1,1306.095,822.958,1306.688,822.7922
59.86536,1,1304.49,823.9224,1305.589,823.3573
59.87112,1,1304.49,823.9224,1305.04,823.6399
59.87679,1,1304.49,823.9224,1304.765,823.7811
59.9066,1,1303.115,824.5505,1303.94,824.1658
59.92268,1,1301.34,825.4184,1302.64,824.7921
59.93505,1,1301.34,825.4184,1301.99,825.1052
59.93996,1,1301.34,825.4184,1301.665,825.2618
59.95049,1,1299.83,826.0479,1300.748,825.6549
59.95556,1,1299.83,826.0479,1300.289,825.8514
59.96518,1,1299.83,826.0479,1300.059,825.9497
59.97099,1,1299.83,826.0479,1299.945,825.9988
59.97659,1,1299.83,826.0479,1299.887,826.0233
59.98212,1,1297.866,826.3207,1298.876,826.172
59.98807,1,1297.866,826.3207,1298.371,826.2463
59.99483,1,1297.866,826.3207,1298.118,826.2835
59.99937,1,1297.866,826.3207,1297.992,826.3021
60.00558,1,1297.866,826.3207,1297.929,826.3114
60.01199,1,1296.216,826.1161,1297.073,826.2137
60.01736,1,1296.216,826.1161,1296.644,826.1649
60.02867,1,1296.216,826.1161,1296.43,826.1405
60.03323,1,1296.216,826.1161,1296.323,826.1283
60.04621,1,1294.236,826.392,1295.28,826.2601
60.05762,1,1294.236,826.392,1294.758,826.326
60.06311,1,1294.236,826.392,1294.497,826.359
60.07857,1,1293.113,826.082,1293.805,826.2205
60.09659,1,1293.113,826.082,1293.459,826.1512
60.11307,1,1291.785,825.9907,1292.622,826.0709
60.14272,1,1289.793,825.2382,1291.207,825.6545
60.16139,1,1287.896,824.6805,1289.552,825.1675
60.17554,1,1287.896,824.6805,1288.724,824.9241
60.18279,1,1287.896,824.6805,1288.31,824.8023
60.18826,1,1287.896,824.6805,1288.103,824.7415
60.1935,1,1286.425,823.5862,1287.264,824.1638
60.19916,1,1286.425,823.5862,1286.844,823.875
60.20757,1,1286.425,823.5862,1286.635,823.7306
60.21273,1,1286.425,823.5862,1286.53,823.6584
60.2175,1,1286.425,823.5862,1286.477,823.6223
60.22302,1,1285.113,822.0173,1285.795,822.8198
60.2291,1,1285.113,822.0173,1285.454,822.4186
60.23436,1,1285.113,822.0173,1285.284,822.218
60.24062,1,1285.113,822.0173,1285.198,822.1177
60.24561,1,1285.113,822.0173,1285.156,822.0675
60.25146,1,1284.167,820.1741,1284.662,821.1208
60.26206,1,1284.167,820.1741,1284.415,820.6475
60.27654,1,1284.167,820.1741,1284.291,820.4108
60.29311,1,1283.087,818.0674,1283.689,819.2391
60.31052,1,1282.45,816.2188,1283.069,817.7289
60.32975,1,1282.45,816.2188,1282.76,816.9738
60.35698,1,1281.923,815.0477,1282.341,816.0107
60.36312,1,1281.923,815.0477,1282.132,815.5292
60.36949,1,1281.923,815.0477,1282.027,815.2885
60.37816,1,1281.946,814.0924,1281.987,814.6904
60.38296,1,1281.946,814.0924,1281.966,814.3914
60.39001,1,1281.946,814.0924,1281.956,814.2419
60.39705,1,1281.946,814.0924,1281.951,814.1672
60.40221,1,1282.175,811.3245,1282.063,812.7458
60.41286,1,1282.175,811.3245,1282.119,812.0352
60.41825,1,1282.175,811.3245,1282.147,811.6798
60.42789,1,1282.175,811.3245,1282.161,811.5021
60.43291,1,1282.301,808.1876,1282.231,809.8448
60.44462,1,1282.301,808.1876,1282.266,809.0162
60.45012,1,1282.301,808.1876,1282.284,808.6019
60.46162,1,1281.58,805.7296,1281.932,807.1658
60.46795,1,1281.58,805.7296,1281.756,806.4476
60.47949,1,1281.58,805.7296,1281.668,806.0886
60.49813,1,1280.824,805.533,1281.246,805.8108
60.52543,1,1279.618,805.8345,1280.432,805.8226
60.54414,1,1279.618,805.8345,1280.025,805.8286
60.55964,1,1278.33,806.2697,1279.177,806.0491
60.57681,1,1278.33,806.2697,1278.754,806.1594
60.59032,1,1277.268,805.6511,1278.011,805.9053
60.59997,1,1277.268,805.6511,1277.639,805.7782
60.60547,1,1277.268,805.6511,1277.453,805.7146
60.61689,1,1257.209,799.6349,1267.331,802.6747
60.62976,1,1257.209,799.6349,1262.27,801.1548
60.63509,1,1257.209,799.6349,1259.74,800.3948
60.6835,1,910.5944,783.8552,1085.167,792.125
60.70608,1,682.9584,795.6437,884.0627,793.8844
60.73539,1,562.2299,797.1984,723.1463,795.5414
60.74399,1,562.2299,797.1984,642.6881,796.3699
60.76035,1,562.2299,797.1984,602.459,796.7842
60.7832,1,505.1612,803.2119,553.8101,799.998
60.79177,1,505.1612,803.2119,529.4856,801.605
60.81081,1,478.941,805.9931,504.2133,803.7991
60.82485,1,464.6718,803.1556,484.4426,803.4774
60.83284,1,464.6718,803.1556,474.5572,803.3165
60.83755,1,464.6718,803.1556,469.6145,803.2361
60.84582,1,464.6718,803.1556,467.1432,803.1959
60.85147,1,464.6718,803.1556,465.9075,803.1758
60.85689,1,467.3583,785.3728,466.6329,794.2743
60.86464,1,467.3583,785.3728,466.9956,789.8235
60.87033,1,467.3583,785.3728,467.1769,787.5981
60.87976,1,467.3583,785.3728,467.2676,786.4855
60.88435,1,551.7255,682.3088,509.4966,734.3971
60.89246,1,551.7255,682.3088,530.6111,708.3529
60.89775,1,551.7255,682.3088,541.1683,695.3308
60.90292,1,551.7255,682.3088,546.4469,688.8198
60.91093,1,551.7255,682.3088,549.0862,685.5643
60.91573,1,694.0112,493.2951,621.5487,589.4297
60.9227,1,694.0112,493.2951,657.7799,541.3624
60.92879,1,694.0112,493.2951,675.8955,517.3287
60.93456,1,694.0112,493.2951,684.9534,505.3119
60.9405,1,694.0112,493.2951,689.4823,499.3035
60.94586,1,794.9168,361.0428,742.1996,430.1732
60.95779,1,794.9168,361.0428,768.5582,395.608
60.96295,1,794.9168,361.0428,781.7375,378.3254
60.97643,1,844.7878,294.6954,813.2627,336.5104
61.00054,1,844.7878,294.6954,829.0253,315.6029
61.01395,1,868.8304,259.9986,848.9279,287.8008
61.02058,1,868.8304,259.9986,858.8792,273.8997
61.02784,1,868.8304,259.9986,863.8548,266.9492
61.0396,1,881.5161,247.2255,872.6854,257.0873
61.0592,1,881.5161,247.2255,877.1007,252.1564
61.07834,1,884.9576,241.7958,881.0292,246.9761
61.10644,1,887.0308,237.906,884.03,242.4411
61.11887,1,887.0308,237.906,885.5304,240.1736
61.12415,1,887.0308,237.906,886.2806,239.0398
61.13088,1,887.1332,237.2284,886.7069,238.1341
61.15043,1,887.1332,237.2284,886.92,237.6813
61.1714,1,905.8541,255.902,896.3871,246.7916
61.17918,1,905.8541,255.902,901.1206,251.3468
61.18402,1,905.8541,255.902,903.4873,253.6244
61.1892,1,940.0754,308.0163,921.7814,280.8204
61.19485,1,940.0754,308.0163,930.9284,294.4183
61.22289,1,1023.618,446.2683,977.273,370.3433
61.23006,1,1023.618,446.2683,1000.445,408.3058
61.24378,1,1023.618,446.2683,1012.031,427.287
61.25597,1,1091.886,567.035,1051.959,497.161
61.26214,1,1091.886,567.035,1071.923,532.098
61.27831,1,1131.762,627.2652,1101.842,579.6816
61.29819,1,1131.762,627.2652,1116.802,603.4734
61.30289,1,1131.762,627.2652,1124.282,615.3693
61.30889,1,1149.63,652.3661,1136.956,633.8677
61.32311,1,1149.63,652.3661,1143.293,643.1169
61.33578,1,1149.63,652.3661,1146.462,647.7415
61.35251,1,1131.486,587.6349,1138.974,617.6882
61.37651,1,1118.171,522.3418,1128.573,570.015
61.38165,1,1118.171,522.3418,1123.372,546.1784
61.38684,1,1118.171,522.3418,1120.772,534.2601
61.40067,1,1098.906,413.9825,1109.839,474.1213
61.4183,1,1098.906,413.9825,1104.372,444.0519
61.43734,1,1081.832,309.0799,1093.102,376.5659
61.46469,1,1070.289,242.2154,1081.696,309.3906
61.48304,1,1070.289,242.2154,1075.992,275.803
61.51449,1,1064.738,207.2124,1070.365,241.5077
61.53252,1,1036.242,176.9115,1053.303,209.2096
61.54417,1,1036.242,176.9115,1044.772,193.0605
61.54917,1,1014.637,154.9496,1029.705,174.0051
61.55403,1,1014.637,154.9496,1022.171,164.4773
61.5718,1,1014.637,154.9496,1018.404,159.7135
61.5879,1,1001.431,141.7445,1009.917,150.729
61.60568,1,1001.431,141.7445,1005.674,146.2368
61.66063,1,1029.665,261.4754,1017.67,203.8561
61.67791,1,1078.017,478.0607,1047.844,340.9584
61.68261,1,1078.017,478.0607,1062.93,409.5096
61.69037,1,1078.017,478.0607,1070.474,443.7852
61.69528,1,1078.017,478.0607,1074.246,460.9229
61.70619,1,1109.242,623.7271,1091.744,542.325
61.71222,1,1109.242,623.7271,1100.493,583.026
61.7298,1,1125.779,698.4698,1113.136,640.7479
61.74444,1,1125.779,698.4698,1119.458,669.6089
61.77464,1,1135.695,735.7657,1127.576,702.6873
61.79487,1,1144.607,754.6351,1136.092,728.6613
61.8268,1,1149.675,765.7142,1142.883,747.1877
61.84637,1,1149.675,765.7142,1146.279,756.451
61.86079,1,1151.082,767.9755,1148.68,762.2133
61.86543,1,1151.082,767.9755,1149.881,765.0944
61.87112,1,1151.082,767.9755,1150.481,766.5349
61.87965,1,1151.082,767.9755,1150.781,767.2552
61.88473,1,1152.512,769.6326,1151.647,768.4439
61.89442,1,1152.512,769.6326,1152.08,769.0383
61.89907,1,1152.512,769.6326,1152.296,769.3354
61.91204,1,1160.392,753.4388,1156.344,761.3871
61.91728,1,1160.392,753.4388,1158.368,757.413
61.92944,1,1160.392,753.4388,1159.38,755.4259
61.94029,1,1160.392,753.4388,1159.886,754.4324
61.94744,1,1189.631,739.7872,1174.759,747.1098
61.96036,1,1189.631,739.7872,1182.195,743.4485
61.97639,1,1218.696,728.6452,1200.445,736.0469
61.9915,1,1218.696,728.6452,1209.57,732.3461
62.00048,1,1218.696,728.6452,1214.133,730.4956
62.00581,1,1248.048,713.323,1231.09,721.9093
62.01797,1,1248.048,713.323,1239.569,717.6161
62.02406,1,1248.048,713.323,1243.808,715.4696
62.03428,1,1276.768,694.6364,1260.288,705.053
62.04184,1,1276.768,694.6364,1268.528,699.8447
62.0485,1,1276.768,694.6364,1272.648,697.2405
62.05416,1,1276.768,694.6364,1274.708,695.9384
62.06052,1,1276.768,694.6364,1275.738,695.2874
62.06548,1,1295.511,689.6279,1285.625,692.4576
62.07404,1,1295.511,689.6279,1290.568,691.0428
62.0795,1,1295.511,689.6279,1293.04,690.3353
62.08504,1,1295.511,689.6279,1294.276,689.9816
62.09473,1,1306.418,681.558,1300.347,685.7698
62.10024,1,1306.418,681.558,1303.383,683.6639
62.11168,1,1306.418,681.558,1304.9,682.611
62.12429,1,1317.644,675.0402,1311.272,678.8256
62.13151,1,1317.644,675.0402,1314.458,676.9329
62.14404,1,1317.644,675.0402,1316.052,675.9865
62.15655,1,1328.979,665.4442,1322.515,670.7153
62.16254,1,1328.979,665.4442,1325.747,668.0797
62.17845,1,1328.979,665.4442,1327.363,666.762
62.19121,1,1338.668,657.9802,1333.016,662.3711
62.20827,1,1338.668,657.9802,1335.842,660.1757
62.22374,1,1340.544,658.465,1338.193,659.3203
62.24171,1,1340.544,658.465,1339.368,658.8927
62.26093,1,1347.159,662.4428,1343.263,660.6677
62.27646,1,1353.421,664.6201,1348.342,662.6439
62.29578,1,1353.421,664.6201,1350.882,663.632
62.31059,1,1359.148,669.7761,1355.015,666.704
62.32938,1,1359.148,669.7761,1357.081,668.2401
62.34576,1,1365.55,675.5238,1361.316,671.882
62.37713,1,1371.849,682.6465,1366.583,677.2643
62.39742,1,1376.576,686.1873,1371.579,681.7258
62.40223,1,1376.576,686.1873,1374.078,683.9565
62.40733,1,1376.576,686.1873,1375.327,685.0719
62.41256,1,1376.576,686.1873,1375.951,685.6296
62.42181,1,1376.576,686.1873,1376.264,685.9084
62.42807,1,1381.455,689.8452,1378.859,687.8768
62.44329,1,1381.455,689.8452,1380.157,688.861
62.45995,1,1385.307,693.2735,1382.732,691.0673
62.47717,1,1385.307,693.2735,1384.02,692.1704
62.4949,1,1391.073,691.8917,1387.547,692.031
62.51073,1,1391.073,691.8917,1389.31,691.9613
62.52283,1,1394.829,688.9255,1392.07,690.4434
62.52851,1,1394.829,688.9255,1393.45,689.6844
62.53288,1,1394.829,688.9255,1394.14,689.3049
62.53751,1,1394.829,688.9255,1394.485,689.1152
62.54759,1,1396.78,685.8938,1395.632,687.5045
62.55236,1,1396.78,685.8938,1396.206,686.6992
62.56212,1,1396.78,685.8938,1396.493,686.2965
62.56776,1,1396.78,685.8938,1396.637,686.0952
62.57827,1,1398.036,682.0746,1397.336,684.0849
62.58392,1,1398.036,682.0746,1397.686,683.0798
62.60126,1,1398.036,682.0746,1397.861,682.5772
62.61456,1,1394.284,678.0781,1396.073,680.3276
62.63258,1,1394.284,678.0781,1395.178,679.2029
62.65124,1,1385.218,672.217,1390.198,675.71
62.68188,1,1374.513,666.7932,1382.355,671.2516
62.69912,1,1361.528,666.83,1371.942,669.0408
62.71597,1,1361.528,666.83,1366.735,667.9354
62.73562,1,1350.46,663.681,1358.597,665.8082
62.75352,1,1350.46,663.681,1354.529,664.7446
62.77148,1,1341.839,658.4739,1348.184,661.6093
62.78918,1,1334.726,653.1277,1341.455,657.3685
62.80447,1,1334.726,653.1277,1338.091,655.2482
62.82193,1,1327.261,648.6822,1332.676,651.9652
62.83835,1,1327.261,648.6822,1329.968,650.3237
62.85286,1,1320.567,649.5677,1325.268,649.9457
62.87057,1,1320.567,649.5677,1322.917,649.7567
62.90098,1,1314.649,649.1049,1318.783,649.4308
62.92484,1,1308.682,648.7047,1313.733,649.0677
62.94212,1,1303.739,647.7003,1308.736,648.384
62.96159,1,1303.739,647.7003,1306.238,648.0422
62.97784,1,1299.307,648.2943,1302.772,648.1682
62.99466,1,1299.307,648.2943,1301.04,648.2313
63.0072,1,1295.215,649.574,1298.127,648.9026
63.0173,1,1295.215,649.574,1296.671,649.2383
63.0226,1,1295.215,649.574,1295.943,649.4062
63.03256,1,1292.429,649.9326,1294.186,649.6694
63.03764,1,1292.429,649.9326,1293.308,649.801
63.04759,1,1292.429,649.9326,1292.869,649.8668
63.05213,1,1292.429,649.9326,1292.649,649.8997
63.05957,1,1289.918,650.0023,1291.284,649.951
63.06455,1,1289.918,650.0023,1290.601,649.9767
63.07019,1,1289.918,650.0023,1290.26,649.9895
63.07936,1,1289.918,650.0023,1290.089,649.9959
63.08453,1,1289.918,650.0023,1290.004,649.9991
63.0949,1,1288.584,652.1807,1289.294,651.09
63.10002,1,1288.584,652.1807,1288.939,651.6354
63.11089,1,1288.584,652.1807,1288.762,651.9081
63.11594,1,1288.584,652.1807,1288.673,652.0444
63.12465,1,1288.229,657.1289,1288.451,654.5867
63.13096,1,1288.229,657.1289,1288.34,655.8578
63.14381,1,1288.229,657.1289,1288.284,656.4933
63.15009,1,1285.626,660.8568,1286.955,658.675
63.16371,1,1285.626,660.8568,1286.291,659.7659
63.17986,1,1283.008,662.8395,1284.649,661.3027
63.19637,1,1283.008,662.8395,1283.829,662.0712
63.21335,1,1280.019,662.1973,1281.924,662.1343
63.2291,1,1280.019,662.1973,1280.971,662.1658
63.24985,1,1277.944,660.4258,1279.458,661.2958
63.26484,1,1277.944,660.4258,1278.701,660.8608
63.27785,1,1277.008,659.1432,1277.855,660.002
63.29335,1,1277.008,659.1432,1277.432,659.5726
63.31138,1,1276.145,658.5869,1276.788,659.0798
63.32744,1,1276.145,658.5869,1276.466,658.8334
63.34361,1,1274.92,658.1156,1275.693,658.4745
63.34995,1,1274.92,658.1156,1275.306,658.295
63.36406,1,1273.213,656.8263,1274.26,657.5607
63.38016,1,1273.213,656.8263,1273.736,657.1935
63.39964,1,1271.344,654.7045,1272.54,655.949
63.41656,1,1271.344,654.7045,1271.942,655.3268
63.42182,1,1268.992,653.0464,1270.467,654.1866
63.43775,1,1268.992,653.0464,1269.73,653.6166
63.45239,1,1266.077,651.2449,1267.903,652.4307
63.46854,1,1266.077,651.2449,1266.99,651.8378
63.48457,1,1260.278,643.3528,1263.634,647.5953
63.49057,1,1260.278,643.3528,1261.956,645.4741
63.50591,1,1260.278,643.3528,1261.117,644.4135
63.51794,1,1251.272,622.4696,1256.194,633.4415
63.52255,1,1251.272,622.4696,1253.733,627.9556
63.52898,1,1251.272,622.4696,1252.503,625.2126
63.53796,1,1251.272,622.4696,1251.887,623.8411
63.54335,1,1249.166,621.4308,1250.527,622.6359
63.56284,1,1249.166,621.4308,1249.847,622.0333
63.57033,1,1249.166,621.4308,1249.506,621.7321
63.58278,1,1246.502,623.4938,1248.004,622.6129
63.59661,1,1246.502,623.4938,1247.253,623.0533
63.61087,1,1245.507,625.854,1246.38,624.4537
63.61576,1,1245.507,625.854,1245.944,625.1538
63.62455,1,1245.507,625.854,1245.726,625.5039
63.63053,1,1245.507,625.854,1245.616,625.679
63.63771,1,1244.86,626.8415,1245.238,626.2603
63.64278,1,1244.86,626.8415,1245.049,626.5509
63.64906,1,1244.86,626.8415,1244.954,626.6962
63.65903,1,1244.86,626.8415,1244.907,626.7688
63.66426,1,1243.78,629.2286,1244.344,627.9987
63.67896,1,1243.78,629.2286,1244.062,628.6136
63.69642,1,1242.938,632.2552,1243.5,630.4344
63.71355,1,1242.938,632.2552,1243.219,631.3448
63.72809,1,1241.957,635.0088,1242.588,633.1768
63.74561,1,1241.957,635.0088,1242.272,634.0928
63.76336,1,1241.752,637.3207,1242.012,635.7068
63.78001,1,1241.752,637.3207,1241.882,636.5138
63.79428,1,1242.13,638.8289,1242.006,637.6713
63.79896,1,1242.13,638.8289,1242.068,638.2501
63.80413,1,1242.13,638.8289,1242.099,638.5395
63.8138,1,1243.066,640.7242,1242.583,639.6318
63.81909,1,1243.066,640.7242,1242.824,640.178
63.83009,1,1243.066,640.7242,1242.945,640.4512
63.83557,1,1243.066,640.7242,1243.006,640.5877
63.84422,1,1244.608,641.9657,1243.807,641.2767
63.85047,1,1244.608,641.9657,1244.207,641.6212
63.85941,1,1244.608,641.9657,1244.407,641.7935
63.86561,1,1244.608,641.9657,1244.508,641.8796
63.87395,1,1244.608,641.9657,1244.558,641.9226
63.87921,1,1245.768,643.3774,1245.163,642.65
63.8853,1,1245.768,643.3774,1245.465,643.0137
63.89584,1,1245.768,643.3774,1245.617,643.1956
63.90835,1,1246.986,644.5681,1246.301,643.8818
63.91485,1,1246.986,644.5681,1246.643,644.225
63.92219,1,1246.986,644.5681,1246.814,644.3965
63.92892,1,1246.986,644.5681,1246.9,644.4823
63.94185,1,1246.649,645.2314,1246.774,644.8569
63.9482,1,1246.649,645.2314,1246.712,645.0442
63.97688,1,1246.194,645.571,1246.453,645.3076
63.99595,1,1242.923,645.9848,1244.688,645.6462
64.0137,1,1242.923,645.9848,1243.806,645.8156
64.02915,1,1212.637,650.9163,1228.221,648.366
64.06106,1,1037.149,661.8661,1132.685,655.1161
64.07816,1,1037.149,661.8661,1084.917,658.4911
64.09441,1,737.137,672.6745,911.0269,665.5828
64.0996,1,737.137,672.6745,824.0819,669.1287
64.1125,1,737.137,672.6745,780.6095,670.9016
64.11729,1,521.4401,677.1789,651.0248,674.0403
64.13382,1,521.4401,677.1789,586.2324,675.6096
64.14577,1,521.4401,677.1789,553.8363,676.3943
64.16117,1,413.1737,679.3517,483.505,677.873
64.17822,1,362.315,689.4133,422.91,683.6432
64.19702,1,362.315,689.4133,392.6125,686.5282
64.22984,1,337.1294,700.0865,364.871,693.3074
64.25047,1,325.7516,706.3754,345.3113,699.8414
64.26817,1,354.0823,706.8893,349.6968,703.3654
64.28493,1,354.0823,706.8893,351.8895,705.1273
64.30437,1,441.2834,718.0666,396.5864,711.5969
64.32045,1,441.2834,718.0666,418.9349,714.8318
64.33476,1,594.6235,733.5452,506.7792,724.1885
64.35779,1,806.038,753.8159,656.4086,739.0022
64.37347,1,806.038,753.8159,731.2233,746.4091
64.39006,1,947.9506,765.1533,839.5869,755.7812
64.40603,1,947.9506,765.1533,893.7687,760.4673
64.42596,1,1026.603,765.1698,960.1857,762.8185
64.45075,1,1064.042,761.7261,1012.114,762.2723
64.46855,1,1064.042,761.7261,1038.078,761.9992
64.48187,1,1067.381,770.0114,1052.729,766.0052
64.50258,1,1067.381,770.0114,1060.055,768.0083
64.52018,1,987.1471,790.3903,1023.601,779.1993
64.53507,1,987.1471,790.3903,1005.374,784.7948
64.54006,1,851.3099,811.9187,928.342,798.3568
64.54529,1,851.3099,811.9187,889.826,805.1377
64.55082,1,851.3099,811.9187,870.568,808.5282
64.56061,1,851.3099,811.9187,860.939,810.2234
64.56511,1,851.3099,811.9187,856.1245,811.071
64.57258,1,652.9464,827.4079,754.5354,819.2395
64.57797,1,652.9464,827.4079,703.7408,823.3237
64.58298,1,652.9464,827.4079,678.3436,825.3658
64.59441,1,652.9464,827.4079,665.645,826.3868
64.59897,1,652.9464,827.4079,659.2957,826.8973
64.60424,1,499.8478,852.3237,579.5717,839.6105
64.61001,1,499.8478,852.3237,539.7097,845.9672
64.61715,1,499.8478,852.3237,519.7787,849.1454
64.62174,1,499.8478,852.3237,509.8133,850.7346
64.62775,1,499.8478,852.3237,504.8305,851.5292
64.64448,1,400.3216,879.2914,452.576,865.4103
64.66257,1,342.0416,897.8134,397.3088,881.6118
64.69099,1,311.2105,912.6812,354.2596,897.1465
64.70952,1,311.2105,912.6812,332.7351,904.9138
64.73354,1,293.28,919.7726,313.0076,912.3433
64.73845,1,293.28,919.7726,303.1438,916.058
64.74371,1,293.28,919.7726,298.2119,917.9153
64.749,1,293.28,919.7726,295.746,918.844
64.75603,1,256.2382,903.1995,275.9921,911.0217
64.76221,1,256.2382,903.1995,266.1151,907.1106
64.76761,1,256.2382,903.1995,261.1766,905.155
64.77451,1,256.2382,903.1995,258.7074,904.1772
64.7795,1,256.2382,903.1995,257.4728,903.6884
64.7913,1,222.308,887.1865,239.8904,895.4374
64.79721,1,222.308,887.1865,231.0992,891.3119
64.811,1,204.1201,883.8732,217.6096,887.5925
64.82358,1,204.1201,883.8732,210.8649,885.7328
64.83033,1,204.1201,883.8732,207.4925,884.803
64.84864,1,188.7654,884.1439,198.1289,884.4734
64.86391,1,188.7654,884.1439,193.4471,884.3087
64.89651,1,171.6142,885.7787,182.5306,885.0437
64.91202,1,157.5131,888.252,170.0219,886.6478
64.91626,1,157.5131,888.252,163.7675,887.45
64.92088,1,157.5131,888.252,160.6403,887.851
64.93027,1,157.5131,888.252,159.0767,888.0515
64.93556,1,145.4802,890.7328,152.2784,889.3922
64.94037,1,145.4802,890.7328,148.8793,890.0625
64.94911,1,145.4802,890.7328,147.1797,890.3976
64.95444,1,145.4802,890.7328,146.33,890.5652
64.96327,1,136.2071,893.0043,141.2685,891.7848
64.96922,1,136.2071,893.0043,138.7378,892.3945
64.9792,1,136.2071,893.0043,137.4725,892.6995
64.98462,1,136.2071,893.0043,136.8398,892.8519
64.9978,1,129.0925,895.0847,132.9661,893.9683
65.01168,1,129.0925,895.0847,131.0293,894.5265
65.02041,1,129.0925,895.0847,130.0609,894.8056
65.02811,1,127.3183,899.2521,128.6896,897.0289
65.0424,1,127.3183,899.2521,128.004,898.1405
65.05587,1,127.7458,904.9551,127.8749,901.5478
65.06151,1,127.7458,904.9551,127.8104,903.2515
65.07468,1,127.7458,904.9551,127.7781,904.1033
65.08051,1,127.7458,904.9551,127.762,904.5292
65.09439,1,126.2251,910.0239,126.9935,907.2766
65.10957,1,126.2251,910.0239,126.6093,908.6503
65.12788,1,132.3396,918.1096,129.4745,913.3799
65.14567,1,257.6407,949.8668,193.5576,931.6234
65.16886,1,257.6407,949.8668,225.5991,940.7451
65.174,1,625.5818,948.9123,425.5905,944.8287
65.17941,1,625.5818,948.9123,525.5862,946.8705
65.18369,1,625.5818,948.9123,575.584,947.8914
65.18988,1,625.5818,948.9123,600.5829,948.4019
65.19633,1,625.5818,948.9123,613.0824,948.6571
65.2014,1,625.5818,948.9123,619.3322,948.7847
65.20815,1,952.7076,950.9994,786.0199,949.892
65.21356,1,952.7076,950.9994,869.3638,950.4457
65.21862,1,952.7076,950.9994,911.0356,950.7225
65.22939,1,952.7076,950.9994,931.8716,950.861
65.23438,1,1108.202,949.179,1020.037,950.02
65.24123,1,1108.202,949.179,1064.12,949.5995
65.24738,1,1108.202,949.179,1086.161,949.3893
65.25681,1,1108.202,949.179,1097.182,949.2842
65.26247,1,1108.202,949.179,1102.692,949.2316
65.27716,1,1178.618,946.8691,1140.655,948.0503
65.2988,1,1208.838,950.5388,1174.747,949.2946
65.33717,1,1225.82,952.3129,1200.283,950.8037
65.36678,1,1235.068,951.1467,1217.676,950.9752
65.38303,1,1235.068,951.1467,1226.372,951.0609
65.40454,1,1242.858,949.2893,1234.615,950.1751
65.43698,1,1247.156,947.9177,1240.885,949.0464
65.45067,1,1257.137,940.9177,1249.011,944.9821
65.45545,1,1257.137,940.9177,1253.074,942.9498
65.46011,1,1257.137,940.9177,1255.106,941.9337
65.46493,1,1257.137,940.9177,1256.122,941.4257
65.48112,1,1272.237,856.5868,1264.179,899.0062
65.49558,1,1272.237,856.5868,1268.208,877.7965
65.51173,1,1335.502,826.652,1301.855,852.2242
65.52649,1,1335.502,826.652,1318.678,839.4381
65.54038,1,1331.05,701.366,1324.864,770.402
65.54698,1,1331.05,701.366,1327.957,735.884
65.573,1,1330.125,742.5732,1329.041,739.2286
65.59182,1,1330.125,742.5732,1329.583,740.9009
65.61214,1,1329.803,775.4283,1329.693,758.1646
65.64084,1,1330.65,806.053,1330.171,782.1088
65.65845,1,1332.403,829.6452,1331.287,805.877
65.67675,1,1332.403,829.6452,1331.845,817.7611
65.6974,1,1335.646,843.7187,1333.746,830.7399
65.71442,1,1335.646,843.7187,1334.696,837.2292
65.72851,1,1337.069,852.696,1335.883,844.9626
65.74034,1,1337.069,852.696,1336.476,848.8293
65.74572,1,1337.069,852.696,1336.772,850.7627
65.76184,1,1339.118,857.4565,1337.945,854.1096
65.78191,1,1339.873,860.5409,1338.909,857.3253
65.81081,1,1339.77,860.3536,1339.34,858.8394
65.82825,1,1339.77,860.3536,1339.555,859.5965
65.84112,1,1339.408,860.5311,1339.482,860.0638
65.84703,1,1339.408,860.5311,1339.445,860.2974
65.85173,1,1339.408,860.5311,1339.427,860.4142
65.86162,1,1339.408,860.5311,1339.417,860.4727
65.86705,1,1339.408,860.5311,1339.413,860.5018
65.87399,1,1339.324,860.2197,1339.369,860.3608
65.8789,1,1339.324,860.2197,1339.346,860.2903
65.88346,1,1339.324,860.2197,1339.335,860.255
65.89238,1,1339.324,860.2197,1339.33,860.2374
65.89749,1,1339.324,860.2197,1339.327,860.2285
65.90746,1,1339.718,859.507,1339.523,859.8678
65.91279,1,1339.718,859.507,1339.62,859.6874
65.91776,1,1339.718,859.507,1339.669,859.5972
65.92916,1,1340.095,859.3475,1339.882,859.4723
65.93488,1,1340.095,859.3475,1339.988,859.4099
65.94595,1,1340.095,859.3475,1340.042,859.3787
65.9614,1,1340.258,859.2753,1340.15,859.327
65.96737,1,1340.258,859.2753,1340.204,859.3011
65.99693,1,1340.475,859.0673,1340.339,859.1842
66.01619,1,1340.475,859.0673,1340.407,859.1257
66.0303,1,1340.466,858.7648,1340.437,858.9453
66.03489,1,1340.466,858.7648,1340.451,858.8551
66.03961,1,1340.466,858.7648,1340.459,858.8099
66.04491,1,1340.466,858.7648,1340.462,858.7874
66.05957,1,1340.454,858.2516,1340.458,858.5195
66.07813,1,1340.454,858.2516,1340.456,858.3856
66.09372,1,1340.089,857.5196,1340.273,857.9526
66.12466,1,1339.776,856.9387,1340.025,857.4457
66.16056,1,1339.486,856.5524,1339.755,856.999
66.18197,1,1339.291,856.1591,1339.523,856.579
66.20164,1,1338.803,855.3838,1339.163,855.9814
66.21865,1,1338.803,855.3838,1338.983,855.6826
66.23417,1,1338.315,853.9368,1338.649,854.8097
66.25378,1,1338.315,853.9368,1338.482,854.3733
66.26843,1,1337.442,852.2706,1337.962,853.322
66.27321,1,1337.442,852.2706,1337.702,852.7963
66.27896,1,1337.442,852.2706,1337.572,852.5334
66.29519,1,1336.8,850.2415,1337.186,851.3875
66.31348,1,1336.8,850.2415,1336.993,850.8145
66.34133,1,1336.574,848.3435,1336.783,849.579
66.3564,1,1338.311,845.9932,1337.547,847.7861
66.36194,1,1338.311,845.9932,1337.929,846.8896
66.36727,1,1338.311,845.9932,1338.12,846.4414
66.37203,1,1338.311,845.9932,1338.215,846.2173
66.37873,1,1338.311,845.9932,1338.263,846.1052
66.3832,1,1340.664,842.7114,1339.464,844.4083
66.39335,1,1340.664,842.7114,1340.064,843.5598
66.39835,1,1340.664,842.7114,1340.364,843.1356
66.40321,1,1340.664,842.7114,1340.514,842.9235
66.41076,1,1340.664,842.7114,1340.589,842.8174
66.41547,1,1342.649,839.4629,1341.619,841.1401
66.42386,1,1342.649,839.4629,1342.134,840.3015
66.43008,1,1342.649,839.4629,1342.392,839.8822
66.43528,1,1342.649,839.4629,1342.521,839.6725
66.44138,1,1342.649,839.4629,1342.585,839.5677
66.44788,1,1344.212,827.6824,1343.399,833.6251
66.46137,1,1344.212,827.6824,1343.805,830.6538
66.48132,1,1346.674,825.3478,1345.24,828.0009
66.50227,1,1351.103,785.4208,1348.171,806.7108
66.51139,1,1351.103,785.4208,1349.637,796.0658
66.51631,1,1351.103,785.4208,1350.37,790.7433
66.52035,1,1351.103,785.4208,1350.736,788.082
66.52509,1,1351.103,785.4208,1350.919,786.7515
66.53946,1,1354.696,785.3631,1352.808,786.0573
66.55497,1,1354.696,785.3631,1353.752,785.7102
66.57053,1,1356.366,795.9056,1355.059,790.8079
66.5753,1,1356.366,795.9056,1355.713,793.3568
66.59487,1,1357.781,801.955,1356.747,797.6559
66.62089,1,1357.781,801.955,1357.264,799.8054
66.62614,1,1358.943,805.506,1358.104,802.6558
66.63177,1,1358.943,805.506,1358.523,804.0809
66.63654,1,1358.943,805.506,1358.733,804.7935
66.64718,1,1358.943,805.506,1358.838,805.1498
66.65193,1,1358.943,805.506,1358.891,805.3279
66.6588,1,1360.346,810.4509,1359.618,807.8894
66.66366,1,1360.346,810.4509,1359.982,809.1702
66.66896,1,1360.346,810.4509,1360.164,809.8105
66.67709,1,1360.346,810.4509,1360.255,810.1307
66.68188,1,1360.346,810.4509,1360.301,810.2908
66.68916,1,1362.719,816.4565,1361.51,813.3737
66.69434,1,1362.719,816.4565,1362.115,814.915
66.69924,1,1362.719,816.4565,1362.417,815.6858
66.71189,1,1362.719,816.4565,1362.568,816.0712
66.71696,1,1365.523,822.8764,1364.045,819.4738
66.73058,1,1365.523,822.8764,1364.784,821.175
66.74554,1,1368.325,828.7932,1366.555,824.9841
66.76413,1,1368.325,828.7932,1367.44,826.8887
66.78461,1,1370.162,834.1529,1368.801,830.5208
66.81215,1,1372.2,841.3522,1370.501,835.9365
66.83208,1,1372.2,841.3522,1371.35,838.6444
66.84962,1,1374.075,847.7726,1372.713,843.2085
66.8811,1,1375.271,852.912,1373.992,848.0603
66.89856,1,1376.066,857.5787,1375.029,852.8195
66.914,1,1376.066,857.5787,1375.547,855.1991
66.91798,1,1376.066,857.5787,1375.807,856.3889
66.93155,1,1376.478,863.3418,1376.143,859.8654
66.94651,1,1376.478,863.3418,1376.311,861.6036
66.95255,1,1376.478,863.3418,1376.395,862.4727
66.96908,1,1377.301,870.1377,1376.848,866.3052
66.98304,1,1377.301,870.1377,1377.075,868.2214
67.00128,1,1379.242,876.0294,1378.158,872.1254
67.03218,1,1381.915,881.6306,1380.037,876.8779
67.05125,1,1383.183,886.238,1381.61,881.558
67.0808,1,1384.08,889.9829,1382.845,885.7704
67.11724,1,1384.203,892.2384,1383.524,889.0044
67.136,1,1384.203,892.2384,1383.863,890.6214
67.15527,1,1382.322,891.2562,1383.093,890.9388
67.18665,1,1379.777,888.605,1381.435,889.7719
67.20236,1,1377.609,886.8513,1379.522,888.3115
67.21906,1,1377.609,886.8513,1378.565,887.5814
67.23397,1,1375.152,884.4153,1376.859,885.9984
67.25014,1,1375.152,884.4153,1376.005,885.2068
67.28336,1,1372.517,882.1204,1374.261,883.6636
67.30083,1,1369.579,878.6881,1371.92,881.1758
67.33411,1,1366.23,874.6823,1369.075,877.9291
67.3672,1,1362.25,869.4393,1365.663,873.6842
67.38445,1,1357.503,862.1838,1361.583,867.934
67.40412,1,1357.503,862.1838,1359.543,865.0588
67.41878,1,1352.284,854.7925,1355.913,859.9257
67.43775,1,1352.284,854.7925,1354.098,857.3591
67.45553,1,1346.567,849.6404,1350.333,853.4998
67.48516,1,1341.775,844.4218,1346.054,848.9608
67.50423,1,1336.899,839.4518,1341.476,844.2063
67.53534,1,1325.133,822.0144,1333.305,833.1104
67.55379,1,1325.133,822.0144,1329.219,827.5624
67.58441,1,1323.417,746.2408,1326.318,786.9016
67.61854,1,1319.9,759.381,1323.109,773.1414
67.6404,1,1316.26,770.9927,1319.685,772.067
67.66905,1,1315.337,774.4619,1317.511,773.2645
67.68497,1,1314.588,776.1341,1316.05,774.6993
67.71579,1,1312.779,774.4741,1314.414,774.5867
67.73212,1,1312.779,774.4741,1313.597,774.5304
67.74939,1,1310.639,772.9807,1312.118,773.7555
67.78243,1,1308.041,772.6414,1310.079,773.1985
67.79991,1,1308.041,772.6414,1309.06,772.9199
67.83378,1,1305.526,769.7904,1307.293,771.3552
67.8533,1,1305.526,769.7904,1306.41,770.5728
67.86814,1,1304.545,766.8826,1305.477,768.7277
67.87234,1,1304.545,766.8826,1305.011,767.8052
67.88342,1,1304.545,766.8826,1304.778,767.3439
67.88905,1,1304.545,766.8826,1304.661,767.1133
67.9007,1,1303.801,762.3439,1304.231,764.7286
67.90514,1,1303.801,762.3439,1304.016,763.5363
67.92113,1,1303.801,762.3439,1303.908,762.9401
67.93849,1,1302.515,758.5803,1303.211,760.7601
67.96873,1,1300.811,757.1418,1302.011,758.951
67.98601,1,1300.386,758.1861,1301.199,758.5685
68.01917,1,1300.303,760.1141,1300.751,759.3413
68.03682,1,1300.303,760.1141,1300.527,759.7277
68.05083,1,1300.428,761.6201,1300.478,760.6739
68.05514,1,1300.428,761.6201,1300.453,761.147
68.06049,1,1300.428,761.6201,1300.44,761.3835
68.06973,1,1300.428,761.6201,1300.434,761.5018
68.07458,1,1300.321,762.116,1300.378,761.8089
68.09784,1,1300.321,762.116,1300.349,761.9624
68.11261,1,1299.762,763.3345,1300.056,762.6484
68.11706,1,1299.762,763.3345,1299.909,762.9915
68.12248,1,1299.762,763.3345,1299.835,763.163
68.13815,1,1298.986,764.6427,1299.411,763.9028
68.1482,1,1298.986,764.6427,1299.198,764.2728
68.15329,1,1298.986,764.6427,1299.092,764.4578
68.16292,1,1298.986,764.6427,1299.039,764.5502
68.16875,1,1297.685,764.7612,1298.362,764.6557
68.17916,1,1297.685,764.7612,1298.024,764.7084
68.18415,1,1297.685,764.7612,1297.854,764.7348
68.19555,1,1296.252,764.0516,1297.053,764.3932
68.20087,1,1296.252,764.0516,1296.652,764.2224
68.21098,1,1296.252,764.0516,1296.452,764.137
68.21759,1,1296.252,764.0516,1296.352,764.0942
68.22949,1,1295.012,763.0287,1295.682,763.5615
68.23682,1,1295.012,763.0287,1295.347,763.2952
68.24163,1,1295.012,763.0287,1295.18,763.162
68.24771,1,1295.012,763.0287,1295.096,763.0953
68.26025,1,1293.937,762.6162,1294.517,762.8558
68.27782,1,1293.937,762.6162,1294.227,762.736
68.29385,1,1292.019,759.7682,1293.123,761.2521
68.31266,1,1292.019,759.7682,1292.571,760.5101
68.34131,1,1291.391,760.42,1291.981,760.4651
68.36348,1,1290.694,761.185,1291.338,760.8251
68.36907,1,1290.694,761.185,1291.016,761.005
68.37388,1,1290.694,761.185,1290.855,761.095
68.38351,1,1290.046,761.9301,1290.45,761.5125
68.38896,1,1290.046,761.9301,1290.248,761.7213
68.3979,1,1290.046,761.9301,1290.147,761.8257
68.40279,1,1290.046,761.9301,1290.096,761.8779
68.41808,1,1289.476,763.1716,1289.786,762.5248
68.43255,1,1289.476,763.1716,1289.631,762.8482
68.43807,1,1288.772,764.5899,1289.202,763.7191
68.45435,1,1288.772,764.5899,1288.987,764.1545
68.47184,1,1287.834,766.3635,1288.411,765.259
68.50256,1,1287.06,767.5386,1287.735,766.3988
68.52126,1,1287.06,767.5386,1287.397,766.9688
68.53577,1,1286.376,767.1212,1286.887,767.0449
68.54021,1,1286.376,767.1212,1286.632,767.083
68.5459,1,1286.376,767.1212,1286.504,767.1021
68.56394,1,1285.629,767.9278,1286.066,767.5149
68.59441,1,1284.62,768.9194,1285.343,768.2172
68.6123,1,1284.62,768.9194,1284.982,768.5683
68.62437,1,1283.665,770.1296,1284.323,769.3489
68.64134,1,1283.665,770.1296,1283.994,769.7393
68.65092,1,1282.82,771.4794,1283.407,770.6094
68.65583,1,1282.82,771.4794,1283.113,771.0444
68.66727,1,1282.82,771.4794,1282.966,771.262
68.67187,1,1282.82,771.4794,1282.893,771.3707
68.68156,1,1281.768,772.286,1282.33,771.8284
68.68714,1,1281.768,772.286,1282.049,772.0572
68.69675,1,1281.768,772.286,1281.908,772.1716
68.70169,1,1281.768,772.286,1281.838,772.2288
68.71252,1,1280.874,772.7291,1281.356,772.4789
68.71763,1,1280.874,772.7291,1281.115,772.604
68.72838,1,1280.874,772.7291,1280.994,772.6665
68.73373,1,1280.874,772.7291,1280.934,772.6978
68.7458,1,1279.966,772.8492,1280.45,772.7734
68.75707,1,1279.966,772.8492,1280.208,772.8113
68.76246,1,1279.966,772.8492,1280.087,772.8302
68.77309,1,1278.536,772.4554,1279.312,772.6428
68.77902,1,1278.536,772.4554,1278.924,772.5491
68.7943,1,1278.536,772.4554,1278.73,772.5023
68.81207,1,1231.42,773.3251,1255.075,772.9137
68.82793,1,1006.394,744.9555,1130.734,758.9346
68.83258,1,1006.394,744.9555,1068.564,751.9451
68.8371,1,1006.394,744.9555,1037.479,748.4503
68.84227,1,1006.394,744.9555,1021.936,746.7029
68.85331,1,1006.394,744.9555,1014.165,745.8292
68.86105,1,649.875,659.6862,832.02,702.7577
68.86571,1,649.875,659.6862,740.9475,681.2219
68.87135,1,649.875,659.6862,695.4113,670.4541
68.88266,1,649.875,659.6862,672.6431,665.0702
68.88839,1,410.8156,600.4487,541.7294,632.7595
68.89763,1,410.8156,600.4487,476.2725,616.6041
68.90238,1,410.8156,600.4487,443.544,608.5264
68.91145,1,410.8156,600.4487,427.1798,604.4875
68.91617,1,410.8156,600.4487,418.9977,602.4681
68.92511,1,296.8377,576.5823,357.9177,589.5252
68.93143,1,296.8377,576.5823,327.3777,583.0537
68.93674,1,296.8377,576.5823,312.1077,579.818
68.94476,1,296.8377,576.5823,304.4727,578.2001
68.95074,1,245.7428,566.7274,275.1077,572.4637
68.95982,1,245.7428,566.7274,260.4253,569.5956
68.96445,1,245.7428,566.7274,253.084,568.1615
68.97212,1,245.7428,566.7274,249.4134,567.4445
68.97727,1,245.7428,566.7274,247.5781,567.0859
68.98244,1,225.4092,560.3356,236.4937,563.7108
68.99459,1,225.4092,560.3356,230.9514,562.0232
68.9996,1,225.4092,560.3356,228.1803,561.1794
69.01226,1,211.6113,558.3876,219.8958,559.7836
69.01688,1,211.6113,558.3876,215.7535,559.0856
69.02189,1,211.6113,558.3876,213.6824,558.7366
69.02821,1,211.6113,558.3876,212.6468,558.5621
69.03925,1,211.6113,558.3876,212.1291,558.4749
69.04504,1,203.7911,557.9578,207.9601,558.2163
69.06917,1,203.7911,557.9578,205.8756,558.087
69.08724,1,199.1476,557.6808,202.5116,557.8839
69.12078,1,193.3308,560.5544,197.9212,559.2192
69.14147,1,188.144,562.1215,193.0326,560.6703
69.15652,1,188.144,562.1215,190.5883,561.3959
69.18854,1,185.9214,563.3703,188.2548,562.3831
69.20461,1,185.2683,562.9303,186.7616,562.6567
69.22137,1,184.659,563.1205,185.7103,562.8886
69.24057,1,184.659,563.1205,185.1847,563.0045
69.27003,1,184.6467,562.6589,184.9157,562.8317
69.29021,1,184.3838,561.6503,184.6497,562.241
69.30938,1,184.3838,561.6503,184.5168,561.9457
69.32522,1,184.723,561.2042,184.6199,561.575
69.3442,1,184.9621,561.0231,184.791,561.299
69.36159,1,184.9621,561.0231,184.8765,561.161
69.38251,1,185.1898,560.6906,185.0332,560.9258
69.39471,1,185.1898,560.6906,185.1115,560.8082
69.41315,1,185.6767,560.5215,185.3941,560.6649
69.44509,1,185.914,560.3792,185.654,560.522
69.46313,1,186.5257,559.9433,186.0898,560.2327
69.48013,1,186.5257,559.9433,186.3077,560.088
69.50957,1,187.044,559.293,186.6758,559.6905
69.52251,1,187.044,559.293,186.8599,559.4917
69.54025,1,187.889,558.446,187.3744,558.9689
69.55756,1,188.805,557.5403,188.0897,558.2546
69.57768,1,188.805,557.5403,188.4474,557.8975
69.58973,1,190.1578,556.7495,189.3026,557.3235
69.59507,1,190.1578,556.7495,189.7302,557.0365
69.59931,1,190.1578,556.7495,189.944,556.8929
69.60483,1,190.1578,556.7495,190.0509,556.8212
69.6161,1,206.5302,556.2053,198.2906,556.5132
69.62862,1,206.5302,556.2053,202.4104,556.3593
69.63461,1,206.5302,556.2053,204.4703,556.2823
69.6413,1,206.5302,556.2053,205.5002,556.2438
69.64917,1,354.8959,557.1883,280.1981,556.7161
69.65734,1,354.8959,557.1883,317.547,556.9521
69.66226,1,354.8959,557.1883,336.2214,557.0702
69.66772,1,354.8959,557.1883,345.5587,557.1293
69.67765,1,688.8123,612.6796,517.1855,584.9044
69.68233,1,688.8123,612.6796,602.9989,598.792
69.69885,1,688.8123,612.6796,645.9056,605.7358
69.71205,1,923.7542,652.7624,784.8299,629.2491
69.72771,1,923.7542,652.7624,854.292,641.0057
69.7404,1,1036.735,675.5851,945.5137,658.2954
69.74711,1,1036.735,675.5851,991.1246,666.9402
69.76099,1,1036.735,675.5851,1013.93,671.2627
69.77766,1,1091.193,691.2982,1052.562,681.2804
69.79787,1,1116.908,684.3125,1084.735,682.7964
69.83221,1,1133.518,683.5871,1109.126,683.1918
69.85098,1,1133.518,683.5871,1121.322,683.3894
69.86499,1,1144.129,692.0982,1132.725,687.7438
69.87195,1,1144.129,692.0982,1138.427,689.921
69.88485,1,1144.129,692.0982,1141.278,691.0096
69.9037,1,1173.117,703.0233,1157.198,697.0165
69.93414,1,1196.86,708.6661,1177.029,702.8413
69.95239,1,1213.71,713.4329,1195.37,708.1371
69.97,1,1213.71,713.4329,1204.54,710.785
69.99677,1,1228.386,715.507,1216.463,713.146
70.01804,1,1232.786,717.7045,1224.624,715.4253
70.03637,1,1232.786,717.7045,1228.705,716.5649
70.05447,1,1241.167,712.1127,1234.936,714.3389
70.08545,1,1252.801,675.3209,1243.868,694.8299
70.1017,1,1262.115,635.2764,1252.992,665.0532
70.12151,1,1262.115,635.2764,1257.554,650.1648
70.13415,1,1266.443,636.2325,1261.998,643.1986
70.13898,1,1266.443,636.2325,1264.22,639.7156
70.15236,1,1266.443,636.2325,1265.332,637.974
70.16982,1,1272.193,640.2065,1268.762,639.0903
70.18606,1,1272.193,640.2065,1270.478,639.6484
70.20427,1,1279.197,647.891,1274.837,643.7697
70.23544,1,1284.895,656.6632,1279.866,650.2164
70.25401,1,1289.842,661.4406,1284.854,655.8285
70.28329,1,1292.743,664.7738,1288.798,660.3011
70.30193,1,1292.743,664.7738,1290.771,662.5375
70.31679,1,1297.429,672.6938,1294.1,667.6156
70.34702,1,1301.473,674.9725,1297.787,671.2941
70.3652,1,1301.473,674.9725,1299.63,673.1333
70.37878,1,1304.151,676.0557,1301.891,674.5945
70.38321,1,1304.151,676.0557,1303.021,675.3251
70.38849,1,1304.151,676.0557,1303.586,675.6904
70.39992,1,1306.571,669.5414,1305.079,672.6159
70.40414,1,1306.571,669.5414,1305.825,671.0787
70.41051,1,1306.571,669.5414,1306.198,670.3101
70.41512,1,1306.571,669.5414,1306.385,669.9258
70.41992,1,1306.571,669.5414,1306.478,669.7336
70.43137,1,1306.571,669.5414,1306.525,669.6376
70.43627,1,1306.571,669.5414,1306.548,669.5895
70.44813,1,1306.571,669.5414,1306.56,669.5654
70.46021,1,1306.571,669.5414,1306.566,669.5535
70.46788,1,1306.571,669.5414,1306.569,669.5475
70.47969,1,1306.571,669.5414,1306.57,669.5444
70.49133,1,1356.182,572.2812,1331.376,620.9128
70.49861,1,1356.182,572.2812,1343.779,596.597
70.50477,1,1356.182,572.2812,1349.98,584.4391
70.51176,1,1356.182,572.2812,1353.081,578.3601
70.52071,1,1313.719,629.1249,1333.4,603.7426
70.52881,1,1313.719,629.1249,1323.56,616.4337
70.542,1,1313.719,629.1249,1318.639,622.7793
70.55537,1,1311.384,626.3073,1315.012,624.5433
70.56203,1,1311.384,626.3073,1313.198,625.4253
70.57315,1,1311.384,626.3073,1312.291,625.8663
70.58418,1,1312.551,627.5576,1312.421,626.7119
70.59109,1,1312.551,627.5576,1312.486,627.1348
70.60307,1,1312.551,627.5576,1312.518,627.3462
70.61504,1,1313.885,626.8921,1313.202,627.1191
70.62029,1,1313.885,626.8921,1313.543,627.0056
70.63197,1,1313.885,626.8921,1313.714,626.9489
70.63699,1,1313.885,626.8921,1313.8,626.9205
70.64581,1,1313.819,631.0878,1313.809,629.0042
70.65186,1,1313.819,631.0878,1313.814,630.046
70.66908,1,1313.819,631.0878,1313.816,630.5669
70.68436,1,1315.655,637.2761,1314.736,633.9215
70.70312,1,1320.155,645.6763,1317.445,639.7989
70.73452,1,1325.946,650.9807,1321.696,645.3898
70.75402,1,1325.946,650.9807,1323.821,648.1852
70.78503,1,1332.323,654.9088,1328.072,651.547
70.80067,1,1339.129,659.9813,1333.6,655.7642
70.80492,1,1339.129,659.9813,1336.365,657.8727
70.81787,1,1339.129,659.9813,1337.747,658.927
70.82262,1,1337.246,650.8453,1337.496,654.8861
70.83873,1,1337.246,650.8453,1337.371,652.8657
70.85448,1,1340.422,654.0708,1338.896,653.4683
70.87102,1,1340.422,654.0708,1339.659,653.7695
70.88531,1,1340.711,652.0706,1340.185,652.92
70.9165,1,1340.862,650.1164,1340.524,651.5182
70.9357,1,1340.862,650.1164,1340.693,650.8173
70.95078,1,1341.508,648.6707,1341.1,649.744
70.95603,1,1341.508,648.6707,1341.304,649.2074
70.96204,1,1341.508,648.6707,1341.406,648.9391
70.98006,1,1342.181,646.0152,1341.794,647.4772
70.99592,1,1342.181,646.0152,1341.987,646.7462
71.01137,1,1343.52,643.2734,1342.754,645.0098
71.02715,1,1343.52,643.2734,1343.137,644.1416
71.04407,1,1346.731,644.8585,1344.934,644.5001
71.06682,1,1349.254,645.3144,1347.094,644.9072
71.07655,1,1349.254,645.3144,1348.174,645.1108
71.0857,1,1349.254,645.3144,1348.714,645.2126
71.09098,1,1349.254,645.3144,1348.984,645.2635
71.10067,1,1352.466,645.6298,1350.725,645.4467
71.10519,1,1352.466,645.6298,1351.595,645.5382
71.11682,1,1352.466,645.6298,1352.03,645.584
71.12232,1,1352.466,645.6298,1352.248,645.6069
71.13328,1,1359.261,649.0876,1355.754,647.3473
71.1386,1,1359.261,649.0876,1357.508,648.2175
71.14399,1,1359.261,649.0876,1358.384,648.6526
71.14957,1,1359.261,649.0876,1358.823,648.8701
71.15601,1,1366.751,656.2943,1362.787,652.5822
71.16156,1,1366.751,656.2943,1364.769,654.4382
71.16784,1,1366.751,656.2943,1365.76,655.3662
71.17476,1,1366.751,656.2943,1366.256,655.8302
71.18006,1,1366.751,656.2943,1366.503,656.0623
71.1895,1,1376.887,641.8079,1371.695,648.9351
71.19556,1,1376.887,641.8079,1374.291,645.3715
71.20028,1,1376.887,641.8079,1375.589,643.5897
71.20518,1,1376.887,641.8079,1376.238,642.6989
71.21113,1,1376.887,641.8079,1376.562,642.2534
71.21943,1,1380.266,638.6289,1378.414,640.4412
71.22398,1,1380.266,638.6289,1379.34,639.535
71.23026,1,1380.266,638.6289,1379.803,639.082
71.24436,1,1380.266,638.6289,1380.035,638.8555
71.26196,1,1379.864,641.2062,1379.95,640.0309
71.27661,1,1379.827,642.9016,1379.888,641.4662
71.30998,1,1379.79,642.9439,1379.839,642.2051
71.32667,1,1379.79,642.9439,1379.814,642.5745
71.34361,1,1380.462,643.6181,1380.138,643.0963
71.35827,1,1380.462,643.6181,1380.3,643.3572
71.36321,1,1380.462,643.6181,1380.381,643.4877
71.36894,1,1380.79,643.4743,1380.585,643.481
71.37969,1,1380.79,643.4743,1380.688,643.4777
71.38428,1,1380.79,643.4743,1380.739,643.476
71.39496,1,1380.79,643.4743,1380.764,643.4751
71.40015,1,1381.313,643.8775,1381.039,643.6763
71.41119,1,1381.313,643.8775,1381.176,643.7769
71.41602,1,1381.313,643.8775,1381.245,643.8271
71.42544,1,1381.313,643.8775,1381.279,643.8523
71.43172,1,1382.015,645.1567,1381.647,644.5045
71.43981,1,1382.015,645.1567,1381.831,644.8306
71.44552,1,1382.015,645.1567,1381.923,644.9937
71.45448,1,1382.015,645.1567,1381.969,645.0752
71.46007,1,1382.738,647.0547,1382.353,646.0649
71.46519,1,1382.738,647.0547,1382.546,646.5598
71.47846,1,1382.738,647.0547,1382.642,646.8073
71.49134,1,1383.831,648.6089,1383.236,647.7081
71.49761,1,1383.831,648.6089,1383.533,648.1584
71.53184,1,1385.165,650.9156,1384.349,649.537
71.55013,1,1386.821,654.7241,1385.585,652.1306
71.57892,1,1388.946,659.9405,1387.266,656.0355
71.59721,1,1388.946,659.9405,1388.106,657.988
71.62805,1,1391.35,663.4871,1389.728,660.7375
71.66269,1,1364.549,646.7014,1377.138,653.7195
71.68111,1,1141.373,508.4376,1259.256,581.0785
71.70107,1,743.4398,292.6658,1001.348,436.8721
71.73491,1,449.5319,149.9,725.4398,293.3861
71.75235,1,449.5319,149.9,587.4858,221.643
71.7682,1,331.1933,95.94384,459.3396,158.7934
71.78777,1,331.1933,95.94384,395.2665,127.3686
71.8184,1,270.5213,74.03805,332.8939,100.7033
71.8373,1,270.5213,74.03805,301.7076,87.3707
71.8672,1,266.338,67.33887,284.0228,77.35478
71.88776,1,260.9203,63.45704,272.4716,70.40591
71.916,1,263.276,58.66164,267.8738,64.53378
71.92059,1,263.276,58.66164,265.5749,61.59771
71.93663,1,263.276,58.66164,264.4254,60.12967
71.95518,1,334.5493,49.96727,299.4874,55.04847
71.99376,1,334.5493,49.96727,317.0184,52.50787
72.00706,1,560.2327,161.4133,438.6255,106.9606
72.01212,1,560.2327,161.4133,499.4291,134.187
72.01678,1,560.2327,161.4133,529.8309,147.8002
72.02828,1,560.2327,161.4133,545.0319,154.6068
72.0423,1,1028.993,435.0695,787.0124,294.8381
72.04869,1,1028.993,435.0695,908.0027,364.9538
72.06429,1,1352.149,645.5318,1130.076,505.2428
72.07982,1,1352.149,645.5318,1241.112,575.3873
72.09435,1,1471.097,721.6531,1356.104,648.5202
72.12348,1,1518.561,758.5886,1437.333,703.5544
72.1446,1,1518.561,758.5886,1477.947,731.0715
72.1608,1,1539.79,774.2043,1508.868,752.6379
72.17767,1,1539.79,774.2043,1524.329,763.4211
72.19048,1,1549.875,781.2855,1537.102,772.3533
72.19569,1,1549.875,781.2855,1543.488,776.8195
72.20039,1,1549.875,781.2855,1546.681,779.0525
72.2055,1,1549.875,781.2855,1548.278,780.169
72.21598,1,1529.964,760.971,1539.121,770.57
72.22085,1,1529.964,760.971,1534.543,765.7705
72.22984,1,1529.964,760.971,1532.254,763.3707
72.23469,1,1529.964,760.971,1531.109,762.1709
72.241,1,1529.964,760.971,1530.537,761.5709
72.24702,1,1519.013,744.0554,1524.775,752.8131
72.25242,1,1519.013,744.0554,1521.894,748.4342
72.26108,1,1519.013,744.0554,1520.454,746.2448
72.26626,1,1519.013,744.0554,1519.734,745.15
72.27792,1,1513.209,735.8461,1516.471,740.498
72.28284,1,1513.209,735.8461,1514.84,738.1721
72.30032,1,1513.209,735.8461,1514.024,737.0092
72.33292,1,1507.326,729.9836,1510.675,733.4964
72.35455,1,1507.326,729.9836,1509,731.74
72.38885,1,1506.152,728.6168,1507.576,730.1784
72.40588,1,1504.987,726.7941,1506.282,728.4862
72.43845,1,1504.008,725.6594,1505.145,727.0728
72.4668,1,1503.48,725.3571,1504.313,726.2149
72.48531,1,1503.064,724.6832,1503.688,725.449
72.5013,1,1503.064,724.6832,1503.376,725.0661
72.53264,1,1502.883,724.3093,1503.129,724.6877
72.55274,1,1502.736,724.0604,1502.933,724.374
72.57182,1,1502.736,724.0604,1502.835,724.2172
72.58495,1,1502.663,724.1757,1502.749,724.1964
72.59146,1,1502.663,724.1757,1502.706,724.186
72.61078,1,1502.562,724.3369,1502.634,724.2615
72.62773,1,1502.562,724.3369,1502.598,724.2992
72.63957,1,1502.649,724.8025,1502.624,724.5508
72.65649,1,1502.649,724.8025,1502.637,724.6766
72.66969,1,1502.637,725.3849,1502.637,725.0308
72.67448,1,1502.637,725.3849,1502.637,725.2078
72.68412,1,1502.637,725.3849,1502.637,725.2964
72.69022,1,1502.637,725.3849,1502.637,725.3406
72.69794,1,1502.475,726.4732,1502.556,725.9069
72.70218,1,1502.475,726.4732,1502.515,726.1901
72.71084,1,1502.475,726.4732,1502.495,726.3317
72.71533,1,1502.475,726.4732,1502.485,726.4025
72.72028,1,1502.475,726.4732,1502.48,726.4379
72.7319,1,1502.639,728.3001,1502.56,727.369
72.7394,1,1502.639,728.3001,1502.599,727.8346
72.74567,1,1502.639,728.3001,1502.619,728.0674
72.75124,1,1502.639,728.3001,1502.629,728.1837
72.76075,1,1502.478,730.6752,1502.554,729.4294
72.76832,1,1502.478,730.6752,1502.516,730.0524
72.77761,1,1502.478,730.6752,1502.497,730.3638
72.78188,1,1502.478,730.6752,1502.487,730.5195
72.79669,1,1501.962,733.2646,1502.225,731.8921
72.81176,1,1501.962,733.2646,1502.094,732.5784
72.83086,1,1501.544,735.7302,1501.819,734.1543
72.85777,1,1501.195,737.9584,1501.507,736.0564
72.87727,1,1501.168,739.893,1501.337,737.9747
72.89703,1,1501.168,739.893,1501.253,738.9338
72.91241,1,1502.086,743.5263,1501.669,741.2301
72.92741,1,1502.086,743.5263,1501.878,742.3782
72.9455,1,1502.526,744.2036,1502.202,743.2909
72.96204,1,1502.526,744.2036,1502.364,743.7473
72.97458,1,1502.179,744.3212,1502.271,744.0342
72.97951,1,1502.179,744.3212,1502.225,744.1777
72.98435,1,1502.179,744.3212,1502.202,744.2494
72.99476,1,1502.179,744.3212,1502.19,744.2853
72.99968,1,1502.868,744.1687,1502.529,744.227
73.01344,1,1502.868,744.1687,1502.699,744.1979
73.03117,1,1504.189,744.5594,1503.444,744.3787
73.05919,1,1505.594,745.19,1504.519,744.7843
73.07703,1,1505.594,745.19,1505.056,744.9872
73.09144,1,1506.904,745.5709,1505.98,745.2791
73.10967,1,1506.904,745.5709,1506.442,745.4249
73.12793,1,1508.135,745.664,1507.288,745.5444
73.15599,1,1509.748,746.655,1508.518,746.0997
73.16171,1,1509.748,746.655,1509.133,746.3773
73.16699,1,1509.748,746.655,1509.44,746.5161
73.17348,1,1509.748,746.655,1509.594,746.5856
73.17869,1,1486.209,747.6803,1497.902,747.1329
73.18302,1,1486.209,747.6803,1492.055,747.4066
73.1906,1,1486.209,747.6803,1489.132,747.5435
73.19596,1,1486.209,747.6803,1487.671,747.6119
73.20052,1,1486.209,747.6803,1486.94,747.6461
73.20712,1,1486.209,747.6803,1486.575,747.6632
73.21256,1,1328.53,765.8408,1407.552,756.752
73.21706,1,1328.53,765.8408,1368.041,761.2964
73.22173,1,1328.53,765.8408,1348.285,763.5686
73.2281,1,1328.53,765.8408,1338.407,764.7047
73.2362,1,1328.53,765.8408,1333.469,765.2727
73.24236,1,912.7048,775.2845,1123.087,770.2786
73.24857,1,912.7048,775.2845,1017.896,772.7815
73.26256,1,912.7048,775.2845,965.3003,774.033
73.27424,1,508.4825,757.4478,736.8914,765.7404
73.29297,1,508.4825,757.4478,622.687,761.5941
73.31076,1,295.1392,744.3976,458.9131,752.9958
73.33031,1,211.208,760.7558,335.0605,756.8759
73.36353,1,182.3795,758.0082,258.72,757.442
73.38259,1,182.3795,758.0082,220.5497,757.7251
73.40037,1,170.4268,757.3749,195.4883,757.55
73.42441,1,162.2763,778.5698,178.8823,768.0599
73.43067,1,162.2763,778.5698,170.5793,773.3149
73.43555,1,162.2763,778.5698,166.4278,775.9424
73.44971,1,168.5122,794.4625,167.47,785.2024
73.46548,1,168.5122,794.4625,167.9911,789.8324
73.48317,1,174.2923,821.9628,171.1417,805.8976
73.50295,1,174.2923,821.9628,172.717,813.9302
73.53532,1,175.2509,829.9109,173.9839,821.9205
73.55594,1,176.0751,847.8611,175.0295,834.8909
73.59261,1,173.5216,854.7783,174.2756,844.8346
73.60464,1,171.4903,867.818,172.8829,856.3263
73.611,1,171.4903,867.818,172.1866,862.0721
73.62361,1,171.4903,867.818,171.8385,864.9451
73.64227,1,166.3595,869.137,169.099,867.041
73.65817,1,166.3595,869.137,167.7293,868.089
73.67204,1,160.8067,872.8491,164.268,870.469
73.70132,1,179.1252,875.2743,171.6966,872.8716
73.72233,1,179.1252,875.2743,175.4109,874.073
73.754,1,750.81,886.5224,463.1105,880.2977
73.77007,1,750.81,886.5224,606.9602,883.41
73.83186,1,1465.168,912.9744,1036.064,898.1923
73.83773,1,1465.168,912.9744,1250.616,905.5834
73.84271,1,1465.168,912.9744,1357.892,909.2789
73.85628,1,1546.464,904.8815,1452.178,907.0802
73.863,1,1546.464,904.8815,1499.321,905.9808
73.8688,1,1546.464,904.8815,1522.893,905.4312
73.87342,1,1578.468,899.3516,1550.68,902.3914
73.88213,1,1578.468,899.3516,1564.574,900.8715
73.88786,1,1578.468,899.3516,1571.521,900.1116
73.90288,1,1578.468,899.3516,1574.994,899.7316
73.91773,1,1593.05,891.5899,1584.022,895.6608
73.92242,1,1593.05,891.5899,1588.536,893.6254
73.92848,1,1593.05,891.5899,1590.793,892.6077
73.933,1,1593.05,891.5899,1591.922,892.0988
73.94164,1,1601.214,886.2083,1596.568,889.1535
73.94824,1,1601.214,886.2083,1598.891,887.6809
73.95934,1,1601.214,886.2083,1600.052,886.9446
73.96468,1,1606.561,887.2446,1603.307,887.0946
73.97695,1,1606.561,887.2446,1604.934,887.1696
73.98217,1,1606.561,887.2446,1605.747,887.207
73.9969,1,1606.259,882.2374,1606.003,884.7222
74.01172,1,1606.259,882.2374,1606.131,883.4799
74.03027,1,1606.896,883.1422,1606.513,883.311
74.0603,1,1606.819,882.9005,1606.666,883.1058
74.07005,1,1606.819,882.9005,1606.743,883.0032
74.07511,1,1606.819,882.9005,1606.781,882.9518
74.08864,1,1627.835,830.8022,1617.308,856.8771
74.10545,1,1627.835,830.8022,1622.572,843.8397
74.1182,1,1644.842,801.5347,1633.707,822.6871
74.12326,1,1644.842,801.5347,1639.275,812.1109
74.13271,1,1644.842,801.5347,1642.058,806.8228
74.13749,1,1644.842,801.5347,1643.45,804.1787
74.14589,1,1650.789,834.2581,1647.12,819.2184
74.15179,1,1650.789,834.2581,1648.954,826.7383
74.16035,1,1650.789,834.2581,1649.872,830.4982
74.1654,1,1650.789,834.2581,1650.33,832.3782
74.17169,1,1650.789,834.2581,1650.56,833.3181
74.17683,1,1656.04,860.9026,1653.3,847.1104
74.18176,1,1656.04,860.9026,1654.67,854.0065
74.19193,1,1656.04,860.9026,1655.355,857.4545
74.19758,1,1656.04,860.9026,1655.698,859.1786
74.20827,1,1661.34,885.136,1658.519,872.1573
74.21343,1,1661.34,885.136,1659.929,878.6466
74.23042,1,1661.34,885.136,1660.634,881.8913
74.25012,1,1665.618,906.6866,1663.126,894.2889
74.26874,1,1669.254,924.3909,1666.19,909.3399
74.29902,1,1672.725,938.5015,1669.458,923.9207
74.31881,1,1672.725,938.5015,1671.092,931.2111
74.35268,1,1676.196,950.6229,1673.644,940.917
74.37151,1,1679.86,958.2059,1676.752,949.5615
74.40349,1,1682.193,964.6791,1679.472,957.1203
74.42187,1,1684.69,969.2997,1682.081,963.21
74.4524,1,1686.965,972.7064,1684.523,967.9582
74.47211,1,1686.965,972.7064,1685.744,970.3323
74.48532,1,1689.009,975.5549,1687.377,972.9436
74.49072,1,1689.009,975.5549,1688.193,974.2493
74.50103,1,1689.009,975.5549,1688.601,974.9021
74.50579,1,1689.009,975.5549,1688.805,975.2285
74.51273,1,1690.57,978.4415,1689.688,976.835
74.55667,1,1690.71,981.3976,1690.199,979.1163
74.57049,1,1691.745,983.5352,1690.972,981.3257
74.57568,1,1691.745,983.5352,1691.359,982.4304
74.59078,1,1691.745,983.5352,1691.552,982.9828
74.60493,1,1692.937,986.2209,1692.244,984.6019
74.62105,1,1692.937,986.2209,1692.591,985.4114
74.63757,1,1694.16,990.7184,1693.375,988.0649
74.6548,1,1694.16,990.7184,1693.768,989.3916
74.67004,1,1696.994,994.8038,1695.381,992.0977
74.70187,1,1699.291,997.4521,1697.336,994.7749
74.73476,1,1701.29,998.1664,1699.313,996.4706
74.75507,1,1704.384,999.6614,1701.848,998.066
74.77436,1,1704.384,999.6614,1703.116,998.8638
74.78764,1,1708.06,1001.571,1705.588,1000.217
74.80218,1,1708.06,1001.571,1706.824,1000.894
74.808,1,1708.06,1001.571,1707.442,1001.232
74.82362,1,1711.541,1003.707,1709.492,1002.47
74.84091,1,1717.006,1008.975,1713.249,1005.722
74.87512,1,1722.893,1012.54,1718.071,1009.131
74.89317,1,1722.893,1012.54,1720.482,1010.835
74.92317,1,1727.162,1015.673,1723.822,1013.254
74.9403,1,1729.596,1017.987,1726.709,1015.62
74.96257,1,1728.155,1018.808,1727.432,1017.214
74.9681,1,1728.155,1018.808,1727.793,1018.011
74.9733,1,1728.155,1018.808,1727.974,1018.41
74.97897,1,1728.155,1018.808,1728.064,1018.609
74.98846,1,1728.155,1018.808,1728.109,1018.709
74.99374,1,1725.847,1018.901,1726.978,1018.805
75.01368,1,1725.847,1018.901,1726.413,1018.853
75.02967,1,1724.182,1018.951,1725.297,1018.902
75.03388,1,1724.182,1018.951,1724.74,1018.927
75.03848,1,1724.182,1018.951,1724.461,1018.939
75.04687,1,1724.182,1018.951,1724.322,1018.945
75.05181,1,1722.513,1019.828,1723.417,1019.386
75.0572,1,1722.513,1019.828,1722.965,1019.607
75.06824,1,1722.513,1019.828,1722.739,1019.718
75.07335,1,1722.513,1019.828,1722.626,1019.773
75.08294,1,1721.427,1020.036,1722.026,1019.905
75.08853,1,1721.427,1020.036,1721.726,1019.97
75.09633,1,1721.427,1020.036,1721.576,1020.003
75.10108,1,1721.427,1020.036,1721.501,1020.02
75.11257,1,1720.286,1018.133,1720.894,1019.076
75.11765,1,1720.286,1018.133,1720.59,1018.604
75.12788,1,1720.286,1018.133,1720.438,1018.368
75.13293,1,1720.286,1018.133,1720.362,1018.25
75.13979,1,1720.286,1018.133,1720.323,1018.192
75.14606,1,1718.881,1014.057,1719.602,1016.124
75.1521,1,1718.881,1014.057,1719.241,1015.09
75.16229,1,1718.881,1014.057,1719.061,1014.574
75.17385,1,1716.735,1009.423,1717.898,1011.998
75.17987,1,1716.735,1009.423,1717.317,1010.711
75.19827,1,1716.735,1009.423,1717.026,1010.067
75.21207,1,1714.498,1003.94,1715.762,1007.003
75.23009,1,1714.498,1003.94,1715.13,1005.472
75.24303,1,1711.875,997.1273,1713.503,1001.299
75.26161,1,1711.875,997.1273,1712.689,999.2134
75.27957,1,1708.318,991.9692,1710.504,995.5913
75.30628,1,1704.866,988.9733,1707.685,992.2823
75.3177,1,1704.866,988.9733,1706.276,990.6278
75.32314,1,1701.462,985.7823,1703.869,988.2051
75.32923,1,1701.462,985.7823,1702.666,986.9937
75.33389,1,1701.462,985.7823,1702.064,986.3879
75.34244,1,1701.462,985.7823,1701.763,986.0851
75.34825,1,1701.462,985.7823,1701.613,985.9337
75.35907,1,1698.401,982.2401,1700.007,984.0869
75.3642,1,1698.401,982.2401,1699.204,983.1635
75.37209,1,1698.401,982.2401,1698.802,982.7018
75.3773,1,1698.401,982.2401,1698.602,982.4709
75.38203,1,1698.401,982.2401,1698.501,982.3555
75.39238,1,1695.313,978.2501,1696.907,980.3028
75.39774,1,1695.313,978.2501,1696.11,979.2764
75.41188,1,1695.313,978.2501,1695.711,978.7632
75.43018,1,1691.443,975.255,1693.577,977.0092
75.45914,1,1688.236,973.1615,1690.906,975.0853
75.4783,1,1684.364,970.8605,1687.635,972.9729
75.49384,1,1684.364,970.8605,1686,971.9167
75.52775,1,1681.681,966.9266,1683.84,969.4216
75.54121,1,1678.429,963.0609,1681.135,966.2412
75.54731,1,1678.429,963.0609,1679.782,964.651
75.55251,1,1678.429,963.0609,1679.106,963.856
75.56238,1,1678.429,963.0609,1678.768,963.4584
75.56846,1,1674.531,957.137,1676.649,960.2977
75.57489,1,1674.531,957.137,1675.59,958.7174
75.58006,1,1674.531,957.137,1675.06,957.9272
75.58496,1,1674.531,957.137,1674.795,957.5321
75.5921,1,1674.531,957.137,1674.663,957.3346
75.59745,1,1670.174,949.1598,1672.418,953.2472
75.6098,1,1670.174,949.1598,1671.296,951.2035
75.61498,1,1670.174,949.1598,1670.735,950.1816
75.62963,1,1662.28,939.5613,1666.508,944.8715
75.64516,1,1662.28,939.5613,1664.394,942.2164
75.66362,1,1653.958,911.0502,1659.176,926.6333
75.69385,1,1644.818,880.9603,1651.997,903.7968
75.71172,1,1644.818,880.9603,1648.407,892.3785
75.7237,1,1638.141,871.4613,1643.274,881.9199
75.72973,1,1638.141,871.4613,1640.708,876.6906
75.73424,1,1638.141,871.4613,1639.425,874.0759
75.73918,1,1638.141,871.4613,1638.783,872.7686
75.7476,1,1631.332,860.767,1635.058,866.7678
75.75299,1,1631.332,860.767,1633.195,863.7674
75.76323,1,1631.332,860.767,1632.263,862.2672
75.76907,1,1631.332,860.767,1631.798,861.5171
75.77862,1,1624.213,854.5648,1628.005,858.0409
75.78352,1,1624.213,854.5648,1626.109,856.3029
75.79471,1,1624.213,854.5648,1625.161,855.4338
75.79951,1,1624.213,854.5648,1624.687,854.9993
75.81111,1,1619.263,851.2095,1621.975,853.1044
75.81592,1,1619.263,851.2095,1620.619,852.1569
75.84091,1,1616.313,849.9838,1618.466,851.0703
75.84771,1,1616.313,849.9838,1617.389,850.527
75.86056,1,1616.313,849.9838,1616.851,850.2554
75.87247,1,1613.737,848.7021,1615.294,849.4788
75.87823,1,1613.737,848.7021,1614.516,849.0905
75.89391,1,1613.737,848.7021,1614.126,848.8963
75.91185,1,1611.514,846.6267,1612.82,847.7615
75.92656,1,1611.514,846.6267,1612.167,847.1941
75.94352,1,1608.477,843.7313,1610.322,845.4626
75.961,1,1605.629,839.562,1607.975,842.5123
75.98058,1,1605.629,839.562,1606.802,841.0371
75.98567,1,1605.629,839.562,1606.215,840.2996
75.99197,1,1602.731,831.8443,1604.473,836.0719
76.00147,1,1602.731,831.8443,1603.602,833.9581
76.00732,1,1602.731,831.8443,1603.167,832.9012
76.01655,1,1602.731,831.8443,1602.949,832.3728
76.02129,1,1600.712,822.9506,1601.831,827.6617
76.03183,1,1600.712,822.9506,1601.271,825.3062
76.03638,1,1600.712,822.9506,1600.992,824.1284
76.04942,1,1599.553,822.4749,1600.272,823.3016
76.05761,1,1599.553,822.4749,1599.913,822.8883
76.07296,1,1599.553,822.4749,1599.733,822.6816
76.08806,1,1597.506,819.1066,1598.619,820.8941
76.1152,1,1596.345,815.8818,1597.482,818.3879
76.13335,1,1596.345,815.8818,1596.914,817.1349
76.14985,1,1596.143,817.2034,1596.528,817.1692
76.16531,1,1596.143,817.2034,1596.335,817.1863
76.18317,1,1595.492,816.5308,1595.914,816.8585
76.20121,1,1594.591,815.6388,1595.252,816.2487
76.23199,1,1593.42,814.6492,1594.336,815.4489
76.24803,1,1593.42,814.6492,1593.878,815.0491
76.26337,1,1592.167,809.626,1593.022,812.3375
76.28012,1,1592.167,809.626,1592.595,810.9818
76.29686,1,1591.536,810.0364,1592.065,810.5091
76.32347,1,1590.477,809.8295,1591.271,810.1693
76.32925,1,1590.477,809.8295,1590.874,809.9994
76.33388,1,1590.477,809.8295,1590.676,809.9144
76.34408,1,1590.477,809.8295,1590.576,809.8719
76.34957,1,1590.477,809.8295,1590.527,809.8507
76.35556,1,1588.515,808.8729,1589.521,809.3618
76.36049,1,1588.515,808.8729,1589.018,809.1173
76.36516,1,1588.515,808.8729,1588.767,808.9951
76.37425,1,1588.515,808.8729,1588.641,808.934
76.37985,1,1588.515,808.8729,1588.578,808.9034
76.39038,1,1585.806,807.2343,1587.192,808.0688
76.39576,1,1585.806,807.2343,1586.499,807.6516
76.40857,1,1585.806,807.2343,1586.152,807.443
76.41488,1,1583.195,806.111,1584.673,806.777
76.42749,1,1583.195,806.111,1583.934,806.444
76.44026,1,1583.195,806.111,1583.564,806.2775
76.44756,1,1581.097,804.8475,1582.331,805.5625
76.46288,1,1581.097,804.8475,1581.714,805.205
76.48949,1,1578.164,802.8168,1579.939,804.0109
76.50507,1,1575.915,801.1926,1577.927,802.6017
76.51555,1,1575.915,801.1926,1576.921,801.8972
76.52011,1,1575.915,801.1926,1576.418,801.5449
76.53036,1,1575.915,801.1926,1576.166,801.3687
76.53546,1,1574.429,799.8704,1575.298,800.6195
76.54081,1,1574.429,799.8704,1574.863,800.2449
76.55066,1,1574.429,799.8704,1574.646,800.0576
76.5565,1,1574.429,799.8704,1574.538,799.964
76.56548,1,1574.505,798.8019,1574.521,799.3829
76.57138,1,1574.505,798.8019,1574.513,799.0924
76.58134,1,1574.505,798.8019,1574.509,798.9471
76.58755,1,1574.505,798.8019,1574.507,798.8745
76.59415,1,1574.54,797.7162,1574.524,798.2954
76.59911,1,1574.54,797.7162,1574.532,798.0059
76.61061,1,1574.54,797.7162,1574.536,797.8611
76.61593,1,1574.54,797.7162,1574.538,797.7887
76.62718,1,1573.721,797.4803,1574.13,797.6345
76.63235,1,1573.721,797.4803,1573.925,797.5574
76.64256,1,1573.721,797.4803,1573.823,797.5189
76.65496,1,1572.181,796.6144,1573.002,797.0667
76.66259,1,1572.181,796.6144,1572.592,796.8405
76.66953,1,1572.181,796.6144,1572.386,796.7274
76.67514,1,1572.181,796.6144,1572.284,796.6709
76.68785,1,1561.624,793.3727,1566.954,795.0219
76.69405,1,1561.624,793.3727,1564.289,794.1973
76.70962,1,1561.624,793.3727,1562.957,793.785
76.71484,1,1476.369,760.7441,1519.663,777.2646
76.71976,1,1476.369,760.7441,1498.016,769.0044
76.7253,1,1476.369,760.7441,1487.192,764.8743
76.74045,1,1476.369,760.7441,1481.781,762.8092
76.7616,1,1255.289,652.4756,1368.535,707.6424
76.77754,1,1052.261,544.1975,1210.398,625.9199
76.79717,1,1052.261,544.1975,1131.33,585.0587
76.80171,1,1052.261,544.1975,1091.795,564.6281
76.81218,1,949.5424,500.2789,1020.669,532.4535
76.81751,1,949.5424,500.2789,985.1057,516.3662
76.82207,1,949.5424,500.2789,967.3241,508.3225
76.82749,1,949.5424,500.2789,958.4332,504.3007
76.83245,1,949.5424,500.2789,953.9878,502.2898
76.83926,1,900.8478,468.5779,927.4178,485.4338
76.84492,1,900.8478,468.5779,914.1328,477.0059
76.85767,1,900.8478,468.5779,907.4903,472.7919
76.86304,1,900.8478,468.5779,904.1691,470.6849
76.87897,1,878.3417,454.6022,891.2554,462.6436
76.89435,1,870.1611,442.0183,880.7083,452.3309
76.91355,1,870.1611,442.0183,875.4347,447.1746
76.94206,1,863.0516,444.4315,869.2432,445.8031
76.96603,1,859.0518,444.1187,864.1475,444.9609
76.97259,1,859.0518,444.1187,861.5996,444.5398
76.98264,1,859.0518,444.1187,860.3257,444.3293
76.98924,1,855.8066,442.4598,858.0662,443.3945
76.99713,1,855.8066,442.4598,856.9364,442.9272
77.00212,1,855.8066,442.4598,856.3715,442.6935
77.01138,1,855.8066,442.4598,856.089,442.5767
77.01641,1,855.7411,440.1544,855.915,441.3655
77.02519,1,855.7411,440.1544,855.8281,440.76
77.03181,1,855.7411,440.1544,855.7847,440.4572
77.04147,1,855.7411,440.1544,855.7629,440.3058
77.04845,1,805.0195,463.9118,830.3912,452.1088
77.05844,1,805.0195,463.9118,817.7054,458.0103
77.06382,1,805.0195,463.9118,811.3624,460.9611
77.07186,1,805.0195,463.9118,808.191,462.4365
77.07776,1,667.9784,540.2585,738.0847,501.3475
77.08944,1,667.9784,540.2585,703.0316,520.803
77.09703,1,667.9784,540.2585,685.505,530.5308
77.11195,1,520.6304,626.31,603.0677,578.4204
77.13123,1,520.6304,626.31,561.849,602.3652
77.14555,1,433.9984,691.6093,497.9237,646.9872
77.15985,1,433.9984,691.6093,465.9611,669.2982
77.17477,1,380.9308,711.4043,423.446,690.3513
77.19143,1,380.9308,711.4043,402.1884,700.8778
77.20101,1,356.5204,726.9084,379.3544,713.8931
77.20573,1,356.5204,726.9084,367.9374,720.4008
77.219,1,356.5204,726.9084,362.2289,723.6545
77.23376,1,342.2806,742.6621,352.2548,733.1583
77.23885,1,342.2806,742.6621,347.2677,737.9102
77.24868,1,342.2806,742.6621,344.7742,740.2861
77.25497,1,342.2806,742.6621,343.5274,741.4741
77.26273,1,333.7095,752.8511,338.6184,747.1626
77.26814,1,333.7095,752.8511,336.1639,750.0068
77.27544,1,333.7095,752.8511,334.9367,751.429
77.28093,1,333.7095,752.8511,334.3231,752.14
77.28773,1,326.6178,759.2517,330.4704,755.6959
77.2963,1,326.6178,759.2517,328.5441,757.4738
77.30158,1,326.6178,759.2517,327.5809,758.3627
77.31116,1,326.6178,759.2517,327.0994,758.8073
77.31606,1,326.6178,759.2517,326.8586,759.0295
77.32497,1,324.9954,768.9564,325.927,763.9929
77.33103,1,324.9954,768.9564,325.4612,766.4746
77.33924,1,324.9954,768.9564,325.2283,767.7155
77.34483,1,324.9954,768.9564,325.1119,768.3359
77.3567,1,363.6221,741.568,344.367,754.952
77.36314,1,363.6221,741.568,353.9945,748.26
77.37683,1,363.6221,741.568,358.8083,744.914
77.39319,1,521.67,605.2581,440.2392,675.0861
77.41106,1,750.1946,392.4008,595.2169,533.7434
77.43668,1,750.1946,392.4008,672.7057,463.0721
77.47051,1,930.9893,223.79,801.8475,343.4311
77.48888,1,930.9893,223.79,866.4185,283.6105
77.52145,1,954.6539,198.9739,910.5362,241.2922
77.53624,1,966.8209,189.1144,938.6786,215.2033
77.5406,1,966.8209,189.1144,952.7498,202.1588
77.54597,1,966.8209,189.1144,959.7853,195.6366
77.55096,1,966.8209,189.1144,963.3031,192.3755
77.56306,1,911.8053,188.6886,937.5542,190.5321
77.58115,1,911.8053,188.6886,924.6797,189.6104
77.5991,1,831.3267,199.0945,878.0032,194.3524
77.62508,1,778.2472,205.8293,828.1252,200.0909
77.64075,1,778.2472,205.8293,803.1862,202.9601
77.64722,1,778.2472,205.8293,790.7167,204.3947
77.65808,1,744.0751,211.222,767.3959,207.8083
77.67301,1,744.0751,211.222,755.7355,209.5152
77.69163,1,720.0046,215.4058,737.87,212.4605
77.711,1,701.6175,219.8833,719.7438,216.1719
77.72604,1,701.6175,219.8833,710.6807,218.0276
77.76155,1,687.6576,222.2438,699.1691,220.1357
77.7809,1,677.6793,222.8204,688.4242,221.4781
77.79828,1,677.6793,222.8204,683.0518,222.1493
77.83163,1,673.3666,215.9969,678.2092,219.0731
77.86231,1,741.6572,250.491,709.9332,234.782
77.89244,1,1054.456,439.7111,882.1945,337.2466
77.91202,1,1054.456,439.7111,968.3252,388.4788
77.94111,1,1281.076,581.074,1124.701,484.7764
77.95922,1,1383.053,646.0466,1253.877,565.4115
77.97919,1,1383.053,646.0466,1318.465,605.7291
77.98341,1,1430.007,680.4046,1374.236,643.0668
77.98869,1,1430.007,680.4046,1402.121,661.7357
77.9938,1,1430.007,680.4046,1416.064,671.0702
77.99974,1,1430.007,680.4046,1423.035,675.7374
78.01154,1,1430.007,680.4046,1426.521,678.071
78.01606,1,1449.49,700.6444,1438.005,689.3577
78.02839,1,1449.49,700.6444,1443.748,695.0011
78.03307,1,1449.49,700.6444,1446.619,697.8228
78.04716,1,1454.166,706.767,1450.393,702.2949
78.06283,1,1454.166,706.767,1452.28,704.5309
78.08405,1,1454.572,707.8544,1453.426,706.1926
78.09798,1,1454.572,707.8544,1453.999,707.0235
78.10229,1,1454.572,707.8544,1454.285,707.439
78.10897,1,1464.09,711.5687,1459.188,709.5038
78.12352,1,1464.09,711.5687,1461.639,710.5363
78.1298,1,1464.09,711.5687,1462.865,711.0525
78.14179,1,1494.381,772.4626,1478.623,741.7576
78.15956,1,1494.381,772.4626,1486.502,757.1101
78.17651,1,1519.361,819.8439,1502.931,788.4771
78.20508,1,1535.444,850.3981,1519.188,819.4376
78.21611,1,1535.444,850.3981,1527.316,834.9178
78.22078,1,1535.444,850.3981,1531.38,842.658
78.22536,1,1545.996,868.2885,1538.688,855.4733
78.23147,1,1545.996,868.2885,1542.342,861.8809
78.23621,1,1545.996,868.2885,1544.169,865.0847
78.2437,1,1545.996,868.2885,1545.083,866.6866
78.24876,1,1545.996,868.2885,1545.54,867.4875
78.25601,1,1548.95,875.6314,1547.245,871.5594
78.2612,1,1548.95,875.6314,1548.098,873.5955
78.26611,1,1548.95,875.6314,1548.524,874.6134
78.27739,1,1548.95,875.6314,1548.737,875.1224
78.28189,1,1548.95,875.6314,1548.844,875.377
78.29178,1,1551.866,878.5698,1550.355,876.9734
78.2971,1,1551.866,878.5698,1551.111,877.7716
78.30754,1,1551.866,878.5698,1551.488,878.1707
78.313,1,1551.866,878.5698,1551.677,878.3702
78.32484,1,1556.149,881.7596,1553.913,880.0649
78.33136,1,1556.149,881.7596,1555.031,880.9123
78.34403,1,1557.636,881.8569,1556.333,881.3846
78.36024,1,1557.636,881.8569,1556.985,881.6207
78.37691,1,1557.741,879.5613,1557.363,880.591
78.40057,1,1557.741,879.5613,1557.552,880.0762
78.41489,1,1557.342,877.0472,1557.447,878.5616
78.44502,1,1559.418,870.2747,1558.432,874.4182
78.46315,1,1559.418,870.2747,1558.925,872.3464
78.48042,1,1561.593,862.4875,1560.259,867.417
78.49844,1,1564.388,852.0819,1562.323,859.7495
78.5169,1,1564.388,852.0819,1563.356,855.9156
78.53144,1,1566.277,842.8353,1564.816,849.3755
78.5508,1,1566.277,842.8353,1565.547,846.1053
78.56809,1,1569.627,839.3848,1567.587,842.7451
78.58352,1,1569.627,839.3848,1568.607,841.0649
78.60222,1,1572.994,837.2808,1570.801,839.1729
78.62006,1,1576.191,833.6683,1573.496,836.4206
78.63835,1,1576.191,833.6683,1574.843,835.0444
78.65211,1,1579.53,828.4636,1577.187,831.754
78.65746,1,1579.53,828.4636,1578.358,830.1088
78.66957,1,1579.53,828.4636,1578.944,829.2861
78.67419,1,1579.53,828.4636,1579.237,828.8749
78.68616,1,1582.189,823.9251,1580.713,826.4
78.69191,1,1582.189,823.9251,1581.451,825.1626
78.70492,1,1582.189,823.9251,1581.82,824.5438
78.72352,1,1584.816,819.9598,1583.318,822.2518
78.7526,1,1587.479,818.7367,1585.398,820.4943
78.77157,1,1589.698,814.8271,1587.548,817.6607
78.79023,1,1589.698,814.8271,1588.623,816.2439
78.81964,1,1591.865,809.8878,1590.244,813.0659
78.8388,1,1593.106,808.9967,1591.675,811.0313
78.85905,1,1594.454,809.3169,1593.065,810.1741
78.89121,1,1596.652,810.8658,1594.858,810.52
78.9114,1,1596.652,810.8658,1595.755,810.6929
78.92386,1,1599.071,812.8182,1597.413,811.7555
78.93403,1,1599.071,812.8182,1598.242,812.2869
78.93938,1,1599.071,812.8182,1598.656,812.5525
78.9446,1,1599.071,812.8182,1598.863,812.6853
78.95544,1,1601.55,814.497,1600.206,813.5912
78.96519,1,1601.55,814.497,1600.878,814.0441
78.971,1,1601.55,814.497,1601.214,814.2705
78.98361,1,1604.33,813.0021,1602.772,813.6364
78.9892,1,1604.33,813.0021,1603.551,813.3192
79.00107,1,1604.33,813.0021,1603.94,813.1606
79.01455,1,1605.677,813.6406,1604.808,813.4006
79.01939,1,1605.677,813.6406,1605.242,813.5206
79.04013,1,1606.477,813.9268,1605.86,813.7237
79.07234,1,1606.725,814.067,1606.292,813.8954
79.09018,1,1606.725,814.067,1606.509,813.9812
79.11761,1,1606.642,814.2256,1606.575,814.1034
79.13779,1,1607.131,814.3372,1606.853,814.2203
79.15476,1,1607.131,814.3372,1606.992,814.2787
79.16879,1,1609.094,815.8006,1608.043,815.0397
79.17384,1,1609.094,815.8006,1608.568,815.4202
79.18436,1,1609.094,815.8006,1608.831,815.6104
79.18979,1,1609.094,815.8006,1608.962,815.7054
79.20002,1,1611.133,817.0948,1610.048,816.4001
79.20515,1,1611.133,817.0948,1610.59,816.7474
79.21822,1,1611.133,817.0948,1610.862,816.9211
79.22311,1,1623.12,786.7595,1616.991,801.8403
79.23803,1,1623.12,786.7595,1620.056,794.2999
79.2533,1,1623.12,786.7595,1621.588,790.5297
79.26896,1,1623.12,786.7595,1622.354,788.6445
79.284,1,1619.066,770.9884,1620.71,779.8165
79.30074,1,1619.066,770.9884,1619.888,775.4025
79.32121,1,1629.626,765.3078,1624.757,770.3551
79.33718,1,1629.626,765.3078,1627.192,767.8314
79.35122,1,1650.122,790.1361,1638.657,778.9838
79.36777,1,1650.122,790.1361,1644.389,784.5599
79.39449,1,1651.285,797.3959,1647.837,790.9779
79.40891,1,1652.57,805.1645,1650.204,798.0712
79.42429,1,1652.57,805.1645,1651.387,801.6178
79.4418,1,1654.205,814.0305,1652.796,807.8241
79.458,1,1654.205,814.0305,1653.501,810.9272
79.47503,1,1656.193,820.9617,1654.847,815.9445
79.4911,1,1656.193,820.9617,1655.52,818.4531
79.50624,1,1657.446,827.0645,1656.483,822.7588
79.52493,1,1658.513,830.603,1657.498,826.6809
79.54451,1,1658.513,830.603,1658.005,828.642
79.57604,1,1661.596,832.5843,1659.801,830.6132
79.59637,1,1664.409,832.2899,1662.105,831.4515
79.62916,1,1668.06,832.9709,1665.083,832.2112
79.64846,1,1671.272,837.2832,1668.177,834.7472
79.66402,1,1671.272,837.2832,1669.724,836.0152
79.68384,1,1673.627,841.5391,1671.676,838.7772
79.71877,1,1675.88,843.5295,1673.778,841.1533
79.73353,1,1678.035,844.8661,1675.906,843.0097
79.75432,1,1678.035,844.8661,1676.971,843.9379
79.78269,1,1680.99,845.9214,1678.98,844.9297
79.80122,1,1682.443,847.18,1680.712,846.0548
79.81754,1,1682.443,847.18,1681.577,846.6174
79.83791,1,1686.693,845.1344,1684.135,845.8759
79.8526,1,1686.693,845.1344,1685.414,845.5051
79.88414,1,1691.128,843.9368,1688.271,844.7209
79.90182,1,1695.755,842.8974,1692.013,843.8092
79.93315,1,1700.121,841.2969,1696.067,842.553
79.95427,1,1704.285,840.478,1700.176,841.5155
79.97082,1,1704.285,840.478,1702.23,840.9968
79.98451,1,1708.271,838.8819,1705.251,839.9393
79.99972,1,1708.271,838.8819,1706.761,839.4106
80.00439,1,1708.271,838.8819,1707.516,839.1462
80.04301,1,1715.95,836.2321,1711.733,837.6891
80.06193,1,1715.95,836.2321,1713.841,836.9606
80.08204,1,1718.606,834.0829,1716.223,835.5217
80.08775,1,1718.606,834.0829,1717.415,834.8023
80.09299,1,1718.606,834.0829,1718.01,834.4426
80.10548,1,1720.535,832.5974,1719.273,833.52
80.11186,1,1720.535,832.5974,1719.904,833.0587
80.12589,1,1720.535,832.5974,1720.22,832.828
80.14582,1,1721.7,831.224,1720.96,832.026
80.17602,1,1723.016,828.7938,1721.988,830.4099
80.19595,1,1723.892,826.3867,1722.94,828.3983
80.21367,1,1723.892,826.3867,1723.416,827.3925
80.22614,1,1724.627,824.6022,1724.021,825.9973
80.23139,1,1724.627,824.6022,1724.324,825.2997
80.23651,1,1724.627,824.6022,1724.475,824.9509
80.24294,1,1724.627,824.6022,1724.551,824.7766
80.24875,1,1725.518,823.9118,1725.034,824.3442
80.25621,1,1725.518,823.9118,1725.276,824.128
80.26172,1,1725.518,823.9118,1725.397,824.0199
80.26748,1,1725.518,823.9118,1725.457,823.9658
80.27736,1,1725.518,823.9118,1725.488,823.9388
80.28226,1,1726.059,823.5011,1725.773,823.72
80.28977,1,1726.059,823.5011,1725.916,823.6105
80.29518,1,1726.059,823.5011,1725.988,823.5558
80.30793,1,1727.071,821.7789,1726.529,822.6674
80.31381,1,1727.071,821.7789,1726.8,822.2231
80.33025,1,1727.071,821.7789,1726.936,822.001
80.34763,1,1728.218,818.7418,1727.577,820.3715
80.38825,1,1729.675,818.0727,1728.626,819.222
80.40311,1,1732.899,814.9778,1730.762,817.1
80.40903,1,1732.899,814.9778,1731.831,816.0389
80.42172,1,1732.899,814.9778,1732.365,815.5084
80.43438,1,1738.397,802.5221,1735.381,809.0153
80.43906,1,1738.397,802.5221,1736.889,805.7687
80.4536,1,1738.397,802.5221,1737.643,804.1454
80.46838,1,1745.655,789.9561,1741.649,797.0507
80.48299,1,1745.655,789.9561,1743.652,793.5034
80.50174,1,1753.401,783.3253,1748.526,788.4144
80.53452,1,1759.925,783.6431,1754.225,786.0287
80.55127,1,1764.02,788.3309,1759.123,787.1798
80.58172,1,1767.627,792.5902,1763.375,789.885
80.59995,1,1767.627,792.5902,1765.501,791.2376
80.61905,1,1772.048,793.8049,1768.774,792.5212
80.64713,1,1775.305,795.6144,1772.04,794.0679
80.67467,1,1778.053,790.8702,1775.047,792.469
80.69146,1,1778.053,790.8702,1776.55,791.6696
80.70757,1,1778.63,781.2928,1777.59,786.4812
80.71574,1,1778.63,781.2928,1778.11,783.887
80.72079,1,1778.63,781.2928,1778.37,782.5898
80.7279,1,1778.63,781.2928,1778.5,781.9413
80.73397,1,1778.27,774.8569,1778.385,778.3991
80.74352,1,1778.27,774.8569,1778.327,776.6281
80.7492,1,1778.27,774.8569,1778.298,775.7425
80.76008,1,1778.27,774.8569,1778.284,775.2997
80.76511,1,1778.211,766.2997,1778.247,770.7997
80.77912,1,1778.211,766.2997,1778.229,768.5497
80.79533,1,1777.14,757.5867,1777.684,763.0682
80.81445,1,1777.14,757.5867,1777.412,760.3274
80.83069,1,1775.521,746.0844,1776.467,753.2059
80.83524,1,1775.521,746.0844,1775.994,749.6451
80.83977,1,1775.521,746.0844,1775.758,747.8647
80.85287,1,1774.953,735.2386,1775.355,741.5517
80.85784,1,1774.953,735.2386,1775.154,738.3951
80.86733,1,1774.953,735.2386,1775.054,736.8169
80.87229,1,1774.953,735.2386,1775.003,736.0278
80.884,1,1774.629,728.2548,1774.816,732.1412
80.88969,1,1774.629,728.2548,1774.723,730.198
80.90031,1,1774.629,728.2548,1774.676,729.2264
80.90914,1,1774.629,728.2548,1774.653,728.7406
80.91427,1,1770.519,724.8602,1772.586,726.8004
80.91931,1,1770.519,724.8602,1771.552,725.8303
80.92832,1,1770.519,724.8602,1771.035,725.3452
80.93343,1,1770.519,724.8602,1770.777,725.1027
80.94554,1,1766.159,733.7637,1768.468,729.4332
80.95161,1,1766.159,733.7637,1767.314,731.5985
80.96546,1,1766.159,733.7637,1766.737,732.6812
80.98304,1,1764.755,737.8615,1765.746,735.2713
81.01799,1,1762.953,741.4407,1764.35,738.356
81.03792,1,1759.347,747.1808,1761.848,742.7684
81.06312,1,1755.207,755.3428,1758.528,749.0556
81.06951,1,1755.207,755.3428,1756.868,752.1992
81.07398,1,1755.207,755.3428,1756.038,753.771
81.08963,1,1755.207,755.3428,1755.623,754.5569
81.12063,1,1750.617,765.7682,1753.12,760.1625
81.13814,1,1745.112,774.7914,1749.116,767.4769
81.15697,1,1730.018,765.7483,1739.567,766.6126
81.18478,1,1718.174,749.181,1728.871,757.8969
81.20258,1,1718.174,749.181,1723.522,753.5389
81.23501,1,1713.285,747.6041,1718.404,750.5715
81.24986,1,1709.47,763.5414,1713.937,757.0565
81.25386,1,1709.47,763.5414,1711.703,760.299
81.2584,1,1709.47,763.5414,1710.587,761.9202
81.26393,1,1709.47,763.5414,1710.028,762.7308
81.29395,1,1705.483,780.7035,1707.755,771.7172
81.31068,1,1702.487,799.6835,1705.121,785.7003
81.3277,1,1702.487,799.6835,1703.804,792.6919
81.34384,1,1648.012,812.2207,1675.908,802.4563
81.37119,1,1440.552,842.4883,1558.23,822.4723
81.38053,1,1440.552,842.4883,1499.391,832.4803
81.38499,1,1440.552,842.4883,1469.971,837.4843
81.39442,1,1018.358,859.3522,1244.165,848.4182
81.39925,1,1018.358,859.3522,1131.261,853.8852
81.40409,1,1018.358,859.3522,1074.81,856.6187
81.41691,1,1018.358,859.3522,1046.584,857.9854
81.43089,1,577.3154,863.8456,811.9496,860.9155
81.4356,1,577.3154,863.8456,694.6324,862.3806
81.45289,1,577.3154,863.8456,635.9739,863.1132
81.48449,1,349.7502,866.1927,492.862,864.653
81.50201,1,261.4904,876.4073,377.1762,870.5302
81.51827,1,228.896,874.3554,303.0361,872.4427
81.53684,1,228.896,874.3554,265.9661,873.399
81.55428,1,207.8701,861.639,236.9181,867.519
81.57263,1,207.8701,861.639,222.3941,864.579
81.58974,1,200.5194,858.7289,211.4568,861.6539
81.60437,1,200.5194,858.7289,205.9881,860.1914
81.62193,1,175.7886,842.0576,190.8883,851.1245
81.63917,1,151.5746,805.1088,171.2314,828.1167
81.65463,1,151.5746,805.1088,161.403,816.6128
81.67229,1,134.6251,780.6949,148.014,798.6539
81.6883,1,134.6251,780.6949,141.3195,789.6744
81.70223,1,124.3877,768.4733,132.8536,779.0739
81.7217,1,124.3877,768.4733,128.6207,773.7736
81.73476,1,114.1663,770.1733,121.3935,771.9734
81.739,1,114.1663,770.1733,117.7799,771.0734
81.74371,1,114.1663,770.1733,115.9731,770.6234
81.74949,1,114.1663,770.1733,115.0697,770.3983
81.76351,1,106.9292,771.0325,110.9995,770.7155
81.77941,1,106.9292,771.0325,108.9643,770.874
81.79594,1,102.2061,772.2282,105.5852,771.5511
81.81309,1,102.2061,772.2282,103.8957,771.8896
81.82549,1,99.33247,772.7212,101.6141,772.3054
81.84301,1,99.33247,772.7212,100.4733,772.5133
81.85531,1,97.75198,773.0473,99.11263,772.7803
81.8635,1,97.75198,773.0473,98.4323,772.9138
81.86868,1,97.75198,773.0473,98.09213,772.9806
81.87375,1,97.75198,773.0473,97.92206,773.0139
81.8811,1,96.67408,772.9283,97.29807,772.9711
81.88699,1,96.67408,772.9283,96.98607,772.9497
81.89796,1,96.67408,772.9283,96.83008,772.939
81.90269,1,96.67408,772.9283,96.75208,772.9336
81.91099,1,132.2094,775.5285,114.4807,774.2311
81.91599,1,132.2094,775.5285,123.3451,774.8798
81.92108,1,132.2094,775.5285,127.7772,775.2041
81.93172,1,132.2094,775.5285,129.9933,775.3663
81.94039,1,457.0865,807.0196,293.5399,791.193
81.94921,1,457.0865,807.0196,375.3132,799.1063
81.95571,1,457.0865,807.0196,416.1998,803.063
81.96079,1,457.0865,807.0196,436.6431,805.0413
81.96551,1,457.0865,807.0196,446.8648,806.0304
81.97986,1,1055.57,840.6443,751.2173,823.3373
82.00177,1,1401.567,836.9918,1076.392,830.1646
82.02158,1,1401.567,836.9918,1238.979,833.5781
82.05267,1,1528.016,832.4319,1383.498,833.005
82.07256,1,1574.64,832.0308,1479.069,832.5179
82.09321,1,1595.831,833.0995,1537.45,832.8087
82.10874,1,1595.831,833.0995,1566.64,832.9541
82.12291,1,1607.313,835.7852,1586.976,834.3696
82.14256,1,1607.313,835.7852,1597.145,835.0774
82.16105,1,1613.519,842.0905,1605.332,838.5839
82.17566,1,1613.519,842.0905,1609.425,840.3372
82.18911,1,1615.793,840.5947,1612.609,840.4659
82.19379,1,1615.793,840.5947,1614.201,840.5303
82.19861,1,1615.793,840.5947,1614.997,840.5625
82.21543,1,1617.204,842.3217,1616.1,841.4421
82.23227,1,1617.204,842.3217,1616.652,841.8818
82.24748,1,1620.046,851.7822,1618.349,846.832
82.26421,1,1620.046,851.7822,1619.197,849.3071
82.28366,1,1621.004,852.1244,1620.101,850.7158
82.30202,1,1618.837,850.8854,1619.469,850.8006
82.32039,1,1618.837,850.8854,1619.153,850.843
82.33949,1,1616.914,853.7416,1618.033,852.2923
82.35583,1,1616.914,853.7416,1617.474,853.017
82.37331,1,1615.653,856.7033,1616.563,854.8601
82.39104,1,1615.653,856.7033,1616.108,855.7817
82.39661,1,1615.168,854.7158,1615.638,855.2488
82.4123,1,1615.168,854.7158,1615.403,854.9823
82.42892,1,1611.383,859.4232,1613.393,857.2028
82.44581,1,1611.383,859.4232,1612.388,858.313
82.46329,1,1608.715,867.4208,1610.551,862.8669
82.48824,1,1605.399,875.6929,1607.975,869.2799
82.49519,1,1605.399,875.6929,1606.687,872.4865
82.50955,1,1605.399,875.6929,1606.043,874.0897
82.51482,1,1601.8,882.7532,1603.922,878.4214
82.53111,1,1601.8,882.7532,1602.861,880.5873
82.54404,1,1597.392,887.7698,1600.127,884.1786
82.56118,1,1597.392,887.7698,1598.759,885.9742
82.5774,1,1590.928,890.9923,1594.844,888.4833
82.59623,1,1590.928,890.9923,1592.886,889.7378
82.61443,1,1586.537,895.2989,1589.711,892.5183
82.64415,1,1584.141,899.7274,1586.927,896.1229
82.66633,1,1580.926,897.9799,1583.926,897.0514
82.67939,1,1580.926,897.9799,1582.426,897.5156
82.6841,1,1580.926,897.9799,1581.676,897.7477
82.69666,1,1580.926,897.9799,1581.301,897.8638
82.70172,1,1580.926,897.9799,1581.113,897.9218
82.71576,1,1580.926,897.9799,1581.02,897.9508
82.73094,1,1580.926,897.9799,1580.973,897.9653
82.74641,1,1580.926,897.9799,1580.949,897.9726
82.7649,1,1580.091,879.8568,1580.52,888.9147
82.78433,1,1580.091,879.8568,1580.306,884.3857
82.8021,1,1579.884,879.6401,1580.095,882.0129
82.81821,1,1576.175,886.9598,1578.135,884.4863
82.83738,1,1576.175,886.9598,1577.155,885.723
82.85466,1,1571.538,898.2876,1574.346,892.0053
82.87308,1,1571.538,898.2876,1572.942,895.1465
82.89058,1,1566.136,909.9313,1569.539,902.5389
82.90524,1,1566.136,909.9313,1567.837,906.2351
82.92215,1,1560.271,919.4579,1564.054,912.8465
82.93812,1,1556.193,925.9899,1560.124,919.4182
82.95518,1,1556.193,925.9899,1558.158,922.704
82.97244,1,1551.677,929.5527,1554.918,926.1284
82.9963,1,1551.677,929.5527,1553.297,927.8406
83.01445,1,1546.037,932.1978,1549.667,930.0192
83.03072,1,1541.173,932.2088,1545.42,931.114
83.04999,1,1541.173,932.2088,1543.297,931.6614
83.07669,1,1537.083,932.5259,1540.19,932.0936
83.09888,1,1533.133,932.334,1536.661,932.2138
83.11518,1,1533.133,932.334,1534.897,932.2739
83.13407,1,1526.93,933.4313,1530.914,932.8526
83.15195,1,1518.378,932.2194,1524.646,932.536
83.16982,1,1518.378,932.2194,1521.512,932.3777
83.18268,1,1511.345,932.7318,1516.428,932.5547
83.20071,1,1511.345,932.7318,1513.887,932.6432
83.20592,1,1511.345,932.7318,1512.616,932.6875
83.22408,1,1505.156,932.6561,1508.886,932.6718
83.23875,1,1499.796,931.1974,1504.341,931.9346
83.25474,1,1499.796,931.1974,1502.068,931.566
83.27139,1,1494.583,929.1886,1498.325,930.3773
83.30042,1,1489.071,928.2043,1493.698,929.2908
83.327,1,1489.071,928.2043,1491.384,928.7476
83.34279,1,1484.276,927.7516,1487.83,928.2496
83.36125,1,1482.104,928.3737,1484.967,928.3116
83.37933,1,1482.104,928.3737,1483.535,928.3427
83.39269,1,1480.734,928.908,1482.135,928.6254
83.39743,1,1480.734,928.908,1481.434,928.7667
83.40167,1,1480.734,928.908,1481.084,928.8374
83.40697,1,1480.734,928.908,1480.909,928.8727
83.41779,1,1480.734,928.908,1480.821,928.8904
83.42287,1,1479.785,928.8017,1480.303,928.8461
83.43156,1,1479.785,928.8017,1480.044,928.8239
83.43637,1,1479.785,928.8017,1479.914,928.8127
83.44857,1,1479.785,928.8017,1479.849,928.8073
83.46628,1,1478.392,928.6755,1479.121,928.7414
83.48885,1,1477.036,928.7269,1478.078,928.7341
83.51481,1,1475.852,928.8757,1476.965,928.8049
83.51971,1,1475.852,928.8757,1476.408,928.8403
83.5245,1,1475.852,928.8757,1476.13,928.858
83.53168,1,1475.852,928.8757,1475.991,928.8668
83.5488,1,1474.44,928.7289,1475.215,928.7979
83.57857,1,1472.524,928.037,1473.87,928.4175
83.59509,1,1472.524,928.037,1473.197,928.2273
83.61302,1,1470.079,926.8023,1471.638,927.5148
83.63038,1,1470.079,926.8023,1470.858,927.1586
83.65545,1,1467.798,925.7713,1469.328,926.465
83.66925,1,1465.667,925.0398,1467.498,925.7524
83.68333,1,1465.667,925.0398,1466.583,925.3961
83.70071,1,1463.205,924.4557,1464.894,924.9259
83.71878,1,1463.205,924.4557,1464.049,924.6908
83.73892,1,1461.344,917.0244,1462.697,920.8575
83.75534,1,1459.438,903.6585,1461.067,912.2581
83.78536,1,1456.367,888.8215,1458.717,900.5398
83.80291,1,1456.367,888.8215,1457.542,894.6807
83.82019,1,1452.629,874.1674,1455.085,884.4241
83.83762,1,1452.629,874.1674,1453.857,879.2958
83.85132,1,1448.491,859.6303,1451.174,869.463
83.85561,1,1448.491,859.6303,1449.833,864.5466
83.86126,1,1448.491,859.6303,1449.162,862.0885
83.89178,1,1444.959,846.573,1447.06,854.3307
83.90878,1,1442.651,840.5195,1444.856,847.4251
83.92487,1,1442.651,840.5195,1443.754,843.9723
83.94047,1,1440.526,831.5836,1442.14,837.778
83.94698,1,1440.526,831.5836,1441.333,834.6808
83.95162,1,1440.526,831.5836,1440.93,833.1322
83.96468,1,1437.812,822.3902,1439.371,827.7612
83.97054,1,1437.812,822.3902,1438.591,825.0757
83.97622,1,1437.812,822.3902,1438.201,823.7329
83.98092,1,1437.812,822.3902,1438.007,823.0615
83.99036,1,1437.812,822.3902,1437.909,822.7258
83.99633,1,1435.789,815.4474,1436.849,819.0867
84.00166,1,1435.789,815.4474,1436.319,817.2671
84.01286,1,1435.789,815.4474,1436.054,816.3573
84.02426,1,1433.166,810.0187,1434.61,813.188
84.03085,1,1433.166,810.0187,1433.888,811.6034
84.04488,1,1433.166,810.0187,1433.527,810.811
84.06083,1,1430.709,803.6968,1432.118,807.2539
84.07928,1,1430.709,803.6968,1431.414,805.4753
84.11088,1,1428.721,799.2464,1430.067,802.3608
84.1304,1,1423.399,788.242,1426.733,795.3014
84.14587,1,1418.455,780.0269,1422.594,787.6642
84.16136,1,1418.455,780.0269,1420.525,783.8456
84.17951,1,1416.421,776.4079,1418.473,780.1267
84.18489,1,1416.421,776.4079,1417.447,778.2673
84.19591,1,1416.421,776.4079,1416.934,777.3376
84.20034,1,1416.421,776.4079,1416.677,776.8728
84.21034,1,1414.426,773.8008,1415.551,775.3368
84.2152,1,1414.426,773.8008,1414.989,774.5688
84.22028,1,1414.426,773.8008,1414.707,774.1848
84.2323,1,1414.426,773.8008,1414.566,773.9928
84.24833,1,1412.634,772.8176,1413.6,773.4052
84.25883,1,1412.634,772.8176,1413.117,773.1115
84.26403,1,1412.634,772.8176,1412.875,772.9645
84.27808,1,1412.978,774.9689,1412.927,773.9667
84.29687,1,1412.52,774.5109,1412.723,774.2388
84.31783,1,1412.52,774.5109,1412.621,774.3748
84.33687,1,1411.523,773.7614,1412.072,774.0681
84.35484,1,1411.523,773.7614,1411.797,773.9147
84.3853,1,1410.321,772.6206,1411.059,773.2677
84.40305,1,1409.828,773.223,1410.444,773.2454
84.43639,1,1409.279,773.0832,1409.861,773.1643
84.45673,1,1408.734,773.6266,1409.297,773.3955
84.48218,1,1408.087,774.8045,1408.692,774.1
84.50069,1,1408.087,774.8045,1408.39,774.4523
84.51486,1,1407.377,776.6556,1407.883,775.554
84.52845,1,1407.377,776.6556,1407.63,776.1047
84.53354,1,1407.377,776.6556,1407.503,776.3801
84.548,1,1406.992,777.9112,1407.247,777.1456
84.56165,1,1406.992,777.9112,1407.119,777.5284
84.57405,1,1406.921,778.2731,1407.02,777.9008
84.58028,1,1406.921,778.2731,1406.97,778.0869
84.59541,1,1406.921,778.2731,1406.946,778.18
84.613,1,1406.258,777.6962,1406.602,777.9381
84.64245,1,1405.194,777.4792,1405.898,777.7087
84.6608,1,1403.797,776.5737,1404.847,777.1412
84.67553,1,1403.797,776.5737,1404.322,776.8575
84.68403,1,1403.797,776.5737,1404.06,776.7156
84.69231,1,1401.761,775.631,1402.91,776.1733
84.69754,1,1401.761,775.631,1402.336,775.9021
84.70246,1,1401.761,775.631,1402.048,775.7665
84.71213,1,1401.761,775.631,1401.905,775.6987
84.71738,1,1401.761,775.631,1401.833,775.6649
84.72395,1,1399.881,775.3311,1400.857,775.4979
84.73028,1,1399.881,775.3311,1400.369,775.4145
84.73729,1,1399.881,775.3311,1400.125,775.3728
84.74287,1,1399.881,775.3311,1400.003,775.3519
84.74943,1,1397.972,775.3608,1398.988,775.3564
84.76052,1,1397.972,775.3608,1398.48,775.3586
84.7659,1,1397.972,775.3608,1398.226,775.3597
84.7801,1,1395.601,774.3082,1396.913,774.834
84.79762,1,1395.601,774.3082,1396.257,774.5711
84.82681,1,1393.176,773.1837,1394.716,773.8774
84.84409,1,1391.727,771.8065,1393.222,772.8419
84.8613,1,1391.727,771.8065,1392.475,772.3242
84.87385,1,1389.948,771.4614,1391.211,771.8928
84.87962,1,1389.948,771.4614,1390.58,771.6771
84.88423,1,1389.948,771.4614,1390.264,771.5692
84.88988,1,1389.948,771.4614,1390.106,771.5153
84.90119,1,1352.597,723.9232,1371.352,747.7192
84.9074,1,1352.597,723.9232,1361.975,735.8212
84.91693,1,1352.597,723.9232,1357.286,729.8722
84.92182,1,1352.597,723.9232,1354.942,726.8977
84.93081,1,1280.894,632.9213,1317.918,679.9095
84.9355,1,1280.894,632.9213,1299.406,656.4154
84.95107,1,1280.894,632.9213,1290.15,644.6683
84.96358,1,1226.871,570.6082,1258.511,607.6383
84.96986,1,1226.871,570.6082,1242.691,589.1233
84.98206,1,1226.871,570.6082,1234.781,579.8657
84.99999,1,1192.67,530.1022,1213.726,554.984
85.01772,1,1192.67,530.1022,1203.198,542.5431
85.0369,1,1172.526,507.2065,1187.862,524.8748
85.0536,1,1169.755,503.648,1178.808,514.2614
85.07207,1,1169.755,503.648,1174.281,508.9547
85.10281,1,1202.733,550.9045,1188.507,529.9296
85.11626,1,1217.729,572.7516,1203.118,551.3406
85.12106,1,1217.729,572.7516,1210.424,562.0461
85.13443,1,1217.729,572.7516,1214.076,567.3988
85.13882,1,1217.729,572.7516,1215.903,570.0752
85.15589,1,1250.87,620.5717,1233.386,595.3234
85.17113,1,1250.87,620.5717,1242.128,607.9475
85.18753,1,1285.323,669.7387,1263.725,638.8431
85.20367,1,1309.57,706.015,1286.648,672.4291
85.22404,1,1309.57,706.015,1298.109,689.222
85.2542,1,1326.936,728.8105,1312.522,709.0163
85.27785,1,1338.938,746.5859,1325.73,727.8011
85.29395,1,1344.734,760.433,1335.232,744.1171
85.30884,1,1344.734,760.433,1339.983,752.275
85.32324,1,1347.15,768.8267,1343.567,760.5509
85.34174,1,1347.15,768.8267,1345.359,764.6888
85.35389,1,1349.881,774.2957,1347.62,769.4923
85.3613,1,1349.881,774.2957,1348.75,771.894
85.36582,1,1349.881,774.2957,1349.315,773.0948
85.37138,1,1349.881,774.2957,1349.598,773.6953
85.38232,1,1351.757,777.0143,1350.678,775.3548
85.39089,1,1351.757,777.0143,1351.217,776.1846
85.39626,1,1351.757,777.0143,1351.487,776.5994
85.40092,1,1351.757,777.0143,1351.622,776.8069
85.40896,1,1351.757,777.0143,1351.69,776.9106
85.41392,1,1354.177,779.6337,1352.934,778.2722
85.41949,1,1354.177,779.6337,1353.555,778.9529
85.42846,1,1354.177,779.6337,1353.866,779.2933
85.43343,1,1354.177,779.6337,1354.022,779.4635
85.43983,1,1354.177,779.6337,1354.1,779.5486
85.44541,1,1351.731,777.3255,1352.915,778.437
85.45148,1,1351.731,777.3255,1352.323,777.8812
85.46122,1,1351.731,777.3255,1352.027,777.6034
85.46696,1,1351.731,777.3255,1351.879,777.4645
85.47791,1,1308.559,737.1082,1330.219,757.2863
85.48305,1,1308.559,737.1082,1319.389,747.1973
85.49837,1,1308.559,737.1082,1313.974,742.1527
85.51176,1,1105.043,539.61,1209.509,640.8813
85.52541,1,1105.043,539.61,1157.276,590.2457
85.53876,1,932.9646,374.1909,1045.12,482.2183
85.54444,1,932.9646,374.1909,989.0424,428.2046
85.55071,1,932.9646,374.1909,961.0035,401.1978
85.55559,1,932.9646,374.1909,946.9841,387.6943
85.56725,1,849.453,295.3134,898.2185,341.5039
85.57245,1,849.453,295.3134,873.8358,318.4087
85.59113,1,849.453,295.3134,861.6444,306.8611
85.60976,1,811.7206,261.5121,836.6825,284.1866
85.62987,1,794.9562,243.6913,815.8193,263.9389
85.64862,1,794.9562,243.6913,805.3878,253.8151
85.66216,1,786.1362,235.4963,795.762,244.6557
85.66738,1,786.1362,235.4963,790.9491,240.076
85.67893,1,786.1362,235.4963,788.5426,237.7862
85.68388,1,785.2941,229.0285,786.9183,233.4073
85.69843,1,785.2941,229.0285,786.1062,231.2179
85.71317,1,785.2941,229.0285,785.7002,230.1232
85.73138,1,783.1741,220.057,784.4371,225.0901
85.76254,1,757.2434,233.3091,770.8403,229.1996
85.77913,1,676.7756,309.4646,723.808,269.3321
85.7971,1,676.7756,309.4646,700.2918,289.3984
85.81039,1,535.962,491.8812,618.127,390.6398
85.81513,1,535.962,491.8812,577.0445,441.2605
85.81951,1,535.962,491.8812,556.5033,466.5709
85.8242,1,535.962,491.8812,546.2327,479.226
85.84296,1,432.3334,610.8667,489.283,545.0464
85.8588,1,432.3334,610.8667,460.8082,577.9565
85.8698,1,380.8535,670.42,420.8309,624.1883
85.88085,1,380.8535,670.42,400.8422,647.3042
85.88521,1,380.8535,670.42,390.8478,658.8621
85.90026,1,355.3857,699.4448,373.1168,679.1534
85.91759,1,355.3857,699.4448,364.2512,689.2991
85.93362,1,344.1976,712.5489,354.2244,700.924
85.94953,1,344.1976,712.5489,349.211,706.7365
85.96229,1,334.8136,717.5536,342.0123,712.145
85.97972,1,334.8136,717.5536,338.413,714.8493
85.99453,1,333.6968,743.805,336.0549,729.3271
86.01215,1,333.6968,743.805,334.8759,736.566
86.02342,1,333.5763,756.683,334.2261,746.6245
86.03008,1,333.5763,756.683,333.9012,751.6538
86.0443,1,333.5763,756.683,333.7387,754.1685
86.06839,1,299.0328,728.3362,316.3858,741.2523
86.07754,1,261.9773,707.9838,289.1815,724.618
86.08245,1,261.9773,707.9838,275.5794,716.3009
86.08823,1,261.9773,707.9838,268.7783,712.1423
86.09978,1,261.9773,707.9838,265.3778,710.0631
86.10961,1,234.991,696.6964,250.1844,703.3798
86.11562,1,234.991,696.6964,242.5877,700.0381
86.1208,1,234.991,696.6964,238.7893,698.3672
86.12949,1,234.991,696.6964,236.8901,697.5317
86.13422,1,234.991,696.6964,235.9406,697.114
86.14222,1,227.3356,657.1494,231.6381,677.1317
86.14825,1,227.3356,657.1494,229.4868,667.1405
86.15898,1,227.3356,657.1494,228.4112,662.1449
86.1647,1,227.3356,657.1494,227.8734,659.6471
86.17317,1,227.3356,657.1494,227.6045,658.3982
86.17848,1,227.3356,657.1494,227.4701,657.7738
86.18363,1,227.3356,657.1494,227.4028,657.4615
86.19411,1,227.3356,657.1494,227.3692,657.3054
86.19914,1,478.4262,641.6153,352.8977,649.4603
86.20406,1,478.4262,641.6153,415.662,645.5378
86.20972,1,478.4262,641.6153,447.0441,643.5765
86.22859,1,478.4262,641.6153,462.7351,642.5959
86.24332,1,718.51,660.9655,590.6226,651.7808
86.25895,1,1087.466,720.9656,839.0444,686.3732
86.27535,1,1087.466,720.9656,963.2554,703.6694
86.29288,1,1315.057,751.0029,1139.156,727.3361
86.32719,1,1414.286,762.7017,1276.721,745.0189
86.34464,1,1414.286,762.7017,1345.503,753.8604
86.36172,1,1460.643,767.1979,1403.073,760.5291
86.38261,1,1486.103,770.5655,1444.588,765.5473
86.4137,1,1497.6,774.0301,1471.094,769.7887
86.43244,1,1497.6,774.0301,1484.347,771.9094
86.45055,1,1503.455,776.9175,1493.901,774.4135
86.47494,1,1504.794,779.6742,1499.348,777.0438
86.47998,1,1504.794,779.6742,1502.071,778.359
86.49114,1,1504.794,779.6742,1503.433,779.0166
86.50333,1,1507.214,779.8245,1505.323,779.4205
86.50882,1,1507.214,779.8245,1506.269,779.6226
86.52042,1,1507.214,779.8245,1506.741,779.7235
86.52569,1,1507.214,779.8245,1506.978,779.774
86.53938,1,1465.592,743.821,1486.285,761.7975
86.55869,1,1465.592,743.821,1475.938,752.8092
86.57816,1,1307.812,600.4516,1391.875,676.6304
86.59502,1,1060.704,387.9064,1226.29,532.2684
86.61283,1,1060.704,387.9064,1143.497,460.0874
86.63188,1,911.8085,265.2956,1027.653,362.6915
86.6368,1,911.8085,265.2956,969.7307,313.9936
86.6413,1,911.8085,265.2956,940.7695,289.6446
86.64603,1,911.8085,265.2956,926.289,277.4701
86.65147,1,845.3616,212.9851,885.8253,245.2276
86.65784,1,845.3616,212.9851,865.5934,229.1064
86.66297,1,845.3616,212.9851,855.4775,221.0457
86.67365,1,845.3616,212.9851,850.4196,217.0154
86.67932,1,845.3616,212.9851,847.8906,215.0002
86.69112,1,819.2514,190.995,833.571,202.9976
86.69777,1,819.2514,190.995,826.4112,196.9963
86.71425,1,807.8177,180.6161,817.1145,188.8062
86.72931,1,807.8177,180.6161,812.4661,184.7112
86.74515,1,802.3599,174.0693,807.413,179.3902
86.77593,1,755.0386,126.7379,781.2258,153.0641
86.79459,1,755.0386,126.7379,768.1322,139.901
86.81761,1,709.4276,87.43399,738.7799,113.6675
86.82344,1,709.4276,87.43399,724.1038,100.5507
86.83338,1,685.1137,69.15932,704.6088,84.85503
86.84428,1,685.1137,69.15932,694.8612,77.00717
86.85041,1,685.1137,69.15932,689.9874,73.08324
86.865,1,672.9856,60.49596,681.4865,66.7896
86.88157,1,672.9856,60.49596,677.2361,63.64278
86.8979,1,666.2571,54.70366,671.7466,59.17322
86.91644,1,666.2571,54.70366,669.0018,56.93844
86.9342,1,663.5205,49.85541,666.2612,53.39692
86.96593,1,661.3049,46.13734,663.7831,49.76714
86.99886,1,661.4271,43.59661,662.6051,46.68188
87.01897,1,672.3079,49.57611,667.4565,48.129
87.03847,1,672.3079,49.57611,669.8822,48.85255
87.05293,1,719.3607,85.53939,694.6215,67.19597
87.08839,1,992.5915,316.4292,843.6064,191.8126
87.12006,1,1323.591,630.6183,1083.599,411.2155
87.13828,1,1467.715,770.3107,1275.657,590.7631
87.16912,1,1522.106,825.488,1398.881,708.1255
87.18895,1,1522.106,825.488,1460.494,766.8068
87.22342,1,1544.363,847.6955,1502.429,807.2511
87.23629,1,1549.77,853.5292,1526.099,830.3901
87.24852,1,1549.77,853.5292,1537.934,841.9597
87.25381,1,1549.77,853.5292,1543.852,847.7445
87.2618,1,1552.129,854.5104,1547.99,851.1274
87.26753,1,1552.129,854.5104,1550.06,852.819
87.27895,1,1552.129,854.5104,1551.094,853.6647
87.28381,1,1552.129,854.5104,1551.612,854.0875
87.2923,1,1554.389,856.6499,1553,855.3687
87.29791,1,1554.389,856.6499,1553.694,856.0093
87.30311,1,1554.389,856.6499,1554.042,856.3296
87.31257,1,1554.389,856.6499,1554.215,856.4897
87.31764,1,1554.389,856.6499,1554.302,856.5698
87.32549,1,1555.37,861.7234,1554.836,859.1466
87.33121,1,1555.37,861.7234,1555.103,860.435
87.33886,1,1555.37,861.7234,1555.236,861.0792
87.3449,1,1555.37,861.7234,1555.303,861.4013
87.35088,1,1557.343,864.2209,1556.323,862.8111
87.36103,1,1557.343,864.2209,1556.833,863.516
87.36606,1,1557.343,864.2209,1557.088,863.8684
87.38058,1,1558.489,869.8379,1557.788,866.8531
87.39558,1,1558.489,869.8379,1558.138,868.3455
87.41113,1,1558.972,870.3953,1558.555,869.3704
87.42724,1,1558.972,870.3953,1558.764,869.8829
87.44153,1,1558.632,872.2708,1558.698,871.0768
87.45583,1,1558.632,872.2708,1558.665,871.6738
87.47458,1,1557.576,872.0813,1558.121,871.8776
87.49271,1,1557.576,872.0813,1557.848,871.9794
87.51222,1,1556.087,870.3096,1556.968,871.1445
87.53704,1,1555.557,875.111,1556.262,873.1277
87.54247,1,1555.557,875.111,1555.91,874.1194
87.54879,1,1555.557,875.111,1555.733,874.6152
87.56106,1,1555.523,884.3489,1555.628,879.4821
87.56718,1,1555.523,884.3489,1555.576,881.9155
87.58198,1,1555.523,884.3489,1555.549,883.1322
87.59844,1,1555.098,888.2144,1555.324,885.6733
87.61736,1,1555.098,888.2144,1555.211,886.9438
87.647,1,1554.082,889.5452,1554.646,888.2445
87.6768,1,1552.408,890.3578,1553.527,889.3011
87.69708,1,1550.929,890.3633,1552.228,889.8323
87.72407,1,1550.249,889.9692,1551.239,889.9008
87.74489,1,1549.764,877.6716,1550.502,883.7861
87.76391,1,1549.764,877.6716,1550.133,880.7289
87.7691,1,1563.372,847.5387,1556.753,864.1338
87.77421,1,1563.372,847.5387,1560.062,855.8362
87.77917,1,1563.372,847.5387,1561.717,851.6875
87.78393,1,1563.372,847.5387,1562.545,849.6131
87.79145,1,1563.372,847.5387,1562.958,848.5759
87.79705,1,1563.372,847.5387,1563.165,848.0573
87.80223,1,1564.931,845.7842,1564.048,846.9208
87.81175,1,1564.931,845.7842,1564.49,846.3525
87.81696,1,1564.931,845.7842,1564.71,846.0684
87.82407,1,1564.931,845.7842,1564.821,845.9263
87.83007,1,1560.917,854.6548,1562.869,850.2905
87.84422,1,1560.917,854.6548,1561.893,852.4727
87.86503,1,1558.936,857.8986,1560.414,855.1856
87.88256,1,1558.936,857.8986,1559.675,856.5421
87.90228,1,1557.398,860.2719,1558.537,858.407
87.91833,1,1557.398,860.2719,1557.967,859.3394
87.93478,1,1555.667,863.2639,1556.817,861.3016
87.95436,1,1552.512,866.1591,1554.665,863.7303
87.97267,1,1552.512,866.1591,1553.589,864.9447
88.00034,1,1548.983,865.8204,1551.286,865.3826
88.01458,1,1545.354,863.8218,1548.32,864.6022
88.0318,1,1545.354,863.8218,1546.837,864.212
88.04785,1,1541.14,860.2911,1543.988,862.2515
88.06718,1,1541.14,860.2911,1542.564,861.2713
88.08314,1,1536.24,856.6901,1539.402,858.9807
88.10293,1,1531.179,853.2136,1535.291,856.0972
88.11862,1,1531.179,853.2136,1533.235,854.6554
88.13534,1,1526.382,849.3152,1529.808,851.9854
88.15192,1,1526.382,849.3152,1528.095,850.6503
88.17062,1,1522.427,846.8886,1525.261,848.7694
88.19218,1,1519.234,845.0223,1522.247,846.8959
88.2191,1,1519.234,845.0223,1520.74,845.9591
88.23721,1,1515.623,842.0761,1518.182,844.0176
88.25394,1,1511,838.261,1514.591,841.1393
88.2714,1,1511,838.261,1512.796,839.7002
88.28831,1,1504.668,833.8751,1508.732,836.7877
88.3032,1,1504.668,833.8751,1506.7,835.3314
88.31861,1,1499.6,829.0823,1503.15,832.2069
88.33561,1,1499.6,829.0823,1501.375,830.6447
88.34962,1,1493.903,824.1697,1497.639,827.4072
88.35413,1,1493.903,824.1697,1495.771,825.7885
88.35839,1,1493.903,824.1697,1494.837,824.9791
88.36364,1,1493.903,824.1697,1494.37,824.5745
88.38046,1,1488.328,818.4512,1491.349,821.5128
88.39965,1,1488.328,818.4512,1489.839,819.9821
88.41479,1,1484.489,814.9883,1487.164,817.4852
88.419,1,1484.489,814.9883,1485.826,816.2368
88.42311,1,1484.489,814.9883,1485.157,815.6125
88.42952,1,1484.489,814.9883,1484.823,815.3004
88.44188,1,1480.866,813.6923,1482.845,814.4963
88.45764,1,1480.866,813.6923,1481.856,814.0943
88.47565,1,1477.48,810.9559,1479.668,812.5251
88.49389,1,1475.505,806.5901,1477.586,809.5576
88.51686,1,1475.505,806.5901,1476.546,808.0739
88.54886,1,1452.088,732.4786,1464.317,770.2762
88.56808,1,1445.082,638.5193,1454.699,704.3978
88.59985,1,1446.661,675.1362,1450.68,689.767
88.63039,1,1444.837,695.8803,1447.758,692.8236
88.65174,1,1444.489,706.1512,1446.123,699.4874
88.66891,1,1444.489,706.1512,1445.306,702.8193
88.68242,1,1443.797,712.108,1444.552,707.4636
88.68746,1,1443.797,712.108,1444.175,709.7858
88.69185,1,1443.797,712.108,1443.986,710.9469
88.70793,1,1442.613,718.7632,1443.3,714.8551
88.72327,1,1442.613,718.7632,1442.956,716.8092
88.74194,1,1441.791,725.3025,1442.374,721.0558
88.75964,1,1441.791,725.3025,1442.082,723.1792
88.7746,1,1440.144,728.9454,1441.113,726.0623
88.77941,1,1440.144,728.9454,1440.628,727.5039
88.78378,1,1440.144,728.9454,1440.386,728.2247
88.79558,1,1440.144,728.9454,1440.265,728.5851
88.80082,1,1438.113,733.2455,1439.189,730.9153
88.81065,1,1438.113,733.2455,1438.651,732.0804
88.81515,1,1438.113,733.2455,1438.382,732.663
88.83373,1,1435.058,736.1113,1436.72,734.3871
88.86226,1,1431.701,738.9568,1434.211,736.672
88.87898,1,1431.701,738.9568,1432.956,737.8145
88.89593,1,1429.654,740.9163,1431.305,739.3654
88.91153,1,1429.654,740.9163,1430.479,740.1408
88.92307,1,1427.496,742.7992,1428.988,741.47
88.93974,1,1427.496,742.7992,1428.242,742.1346
88.94585,1,1427.496,742.7992,1427.869,742.4669
88.9625,1,1429.578,745.8882,1428.724,744.1776
88.98158,1,1431.201,747.503,1429.962,745.8403
88.98606,1,1431.201,747.503,1430.582,746.6716
88.9958,1,1431.201,747.503,1430.891,747.0873
89.00061,1,1431.201,747.503,1431.046,747.2952
89.00551,1,1431.201,747.503,1431.123,747.399
89.01493,1,1432.149,747.5098,1431.636,747.4545
89.02073,1,1432.149,747.5098,1431.893,747.4822
89.03036,1,1432.149,747.5098,1432.021,747.496
89.03528,1,1432.149,747.5098,1432.085,747.5029
89.0423,1,1432.859,747.4911,1432.472,747.4971
89.04803,1,1432.859,747.4911,1432.665,747.4941
89.0534,1,1432.859,747.4911,1432.762,747.4927
89.06247,1,1432.859,747.4911,1432.81,747.4919
89.06854,1,1433.154,747.067,1432.982,747.2795
89.07504,1,1433.154,747.067,1433.068,747.1732
89.08014,1,1433.154,747.067,1433.111,747.1201
89.08561,1,1433.154,747.067,1433.132,747.0936
89.09397,1,1433.154,747.067,1433.143,747.0803
89.09925,1,1433.179,746.7237,1433.161,746.902
89.10962,1,1433.179,746.7237,1433.17,746.8129
89.11527,1,1433.179,746.7237,1433.175,746.7683
89.12946,1,1432.26,746.8543,1432.718,746.8113
89.14024,1,1432.26,746.8543,1432.489,746.8328
89.14812,1,1432.26,746.8543,1432.375,746.8435
89.16045,1,1430.959,747.655,1431.667,747.2493
89.17591,1,1430.959,747.655,1431.313,747.4521
89.19161,1,1429.839,748.7076,1430.576,748.0798
89.20985,1,1429.839,748.7076,1430.208,748.3937
89.22385,1,1428.128,749.8101,1429.168,749.1019
89.22946,1,1428.128,749.8101,1428.648,749.4559
89.23396,1,1428.128,749.8101,1428.388,749.633
89.2384,1,1428.128,749.8101,1428.258,749.7216
89.24885,1,1428.128,749.8101,1428.193,749.7658
89.25373,1,1427.127,750.4766,1427.66,750.1212
89.26423,1,1427.127,750.4766,1427.394,750.299
89.26968,1,1427.127,750.4766,1427.26,750.3878
89.28173,1,1426.328,750.8904,1426.794,750.6392
89.28728,1,1426.328,750.8904,1426.561,750.7648
89.3,1,1426.328,750.8904,1426.444,750.8276
89.31373,1,1424.986,750.8484,1425.715,750.838
89.31876,1,1424.986,750.8484,1425.351,750.8433
89.3341,1,1424.986,750.8484,1425.169,750.8458
89.3517,1,1423.188,750.6981,1424.178,750.772
89.368,1,1423.188,750.6981,1423.683,750.735
89.38795,1,1420.982,750.2749,1422.333,750.5049
89.40392,1,1418.101,749.9741,1420.217,750.2395
89.42135,1,1418.101,749.9741,1419.159,750.1068
89.43822,1,1416.046,749.0593,1417.603,749.5831
89.47088,1,1414.339,747.8647,1415.971,748.7239
89.48896,1,1414.339,747.8647,1415.155,748.2943
89.50412,1,1412.701,747.3563,1413.928,747.8253
89.52336,1,1410.629,747.2894,1412.278,747.5574
89.5405,1,1410.629,747.2894,1411.454,747.4233
89.55539,1,1408.164,747.599,1409.809,747.5112
89.57088,1,1408.164,747.599,1408.986,747.5551
89.58594,1,1404.805,747.3329,1406.896,747.444
89.60384,1,1404.805,747.3329,1405.85,747.3884
89.62116,1,1398.388,744.6698,1402.119,746.0291
89.65002,1,1390.02,741.5307,1396.069,743.7799
89.66859,1,1390.02,741.5307,1393.044,742.6553
89.68281,1,1384.018,740.4755,1388.531,741.5654
89.70066,1,1384.018,740.4755,1386.275,741.0204
89.71701,1,1380.224,741.0196,1383.249,741.02
89.73346,1,1376.881,741.2788,1380.065,741.1494
89.7499,1,1376.881,741.2788,1378.473,741.2141
89.76526,1,1373.793,739.9118,1376.133,740.563
89.79132,1,1373.793,739.9118,1374.963,740.2374
89.80896,1,1370.997,736.7769,1372.98,738.5071
89.82538,1,1369.812,734.7115,1371.396,736.6093
89.84356,1,1369.812,734.7115,1370.604,735.6604
89.86193,1,1368.845,731.3987,1369.724,733.5295
89.87965,1,1368.845,731.3987,1369.284,732.4641
89.89149,1,1368.254,728.6707,1368.769,730.5674
89.89695,1,1368.254,728.6707,1368.511,729.619
89.91028,1,1368.254,728.6707,1368.383,729.1449
89.92892,1,1368.046,727.158,1368.214,728.1515
89.94243,1,1368.046,727.158,1368.13,727.6548
89.9583,1,1367.912,725.5892,1368.021,726.6219
89.96742,1,1367.912,725.5892,1367.967,726.1056
89.97219,1,1367.912,725.5892,1367.94,725.8474
89.98223,1,1367.372,723.8132,1367.656,724.8303
89.98792,1,1367.372,723.8132,1367.514,724.3218
89.99987,1,1367.372,723.8132,1367.443,724.0675
90.00448,1,1367.324,723.1659,1367.384,723.6167
90.01352,1,1367.324,723.1659,1367.354,723.3913
90.0181,1,1367.324,723.1659,1367.339,723.2786
90.02774,1,1367.324,723.1659,1367.332,723.2222
90.03246,1,1367.324,723.1659,1367.328,723.1941
90.03744,1,1367.795,723.2986,1367.562,723.2463
90.0421,1,1367.795,723.2986,1367.678,723.2725
90.04862,1,1367.795,723.2986,1367.737,723.2855
90.0536,1,1367.795,723.2986,1367.766,723.2921
90.06335,1,1367.795,723.2986,1367.781,723.2954
90.07168,1,1368.404,723.1742,1368.092,723.2348
90.07754,1,1368.404,723.1742,1368.248,723.2045
90.08232,1,1368.404,723.1742,1368.326,723.1893
90.08985,1,1368.404,723.1742,1368.365,723.1818
90.09535,1,1368.372,721.9903,1368.368,722.5861
90.10146,1,1368.372,721.9903,1368.37,722.2882
90.11961,1,1368.372,721.9903,1368.371,722.1393
90.15125,1,1368.072,720.9789,1368.221,721.5591
90.18097,1,1366.738,718.9749,1367.48,720.267
90.19722,1,1364.728,717.3496,1366.104,718.8083
90.20227,1,1364.728,717.3496,1365.416,718.079
90.20837,1,1364.728,717.3496,1365.072,717.7143
90.22404,1,1362.797,715.5494,1363.935,716.6318
90.24043,1,1362.797,715.5494,1363.366,716.0906
90.25716,1,1361.209,714.5164,1362.288,715.3035
90.27553,1,1361.209,714.5164,1361.749,714.91
90.28362,1,1357.915,712.7969,1359.832,713.8534
90.28949,1,1357.915,712.7969,1358.874,713.3251
90.29484,1,1357.915,712.7969,1358.395,713.061
90.30001,1,1357.915,712.7969,1358.155,712.929
90.31013,1,1353.581,707.5442,1355.868,710.2366
90.3152,1,1353.581,707.5442,1354.725,708.8904
90.32442,1,1353.581,707.5442,1354.153,708.2173
90.33008,1,1353.581,707.5442,1353.867,707.8807
90.34367,1,1351.564,704.08,1352.715,705.9803
90.36216,1,1351.564,704.08,1352.14,705.0302
90.38251,1,1343.99,693.5852,1348.065,699.3077
90.41505,1,1332.958,678.277,1340.511,688.7924
90.43492,1,1270.949,672.1524,1305.73,680.4724
90.45483,1,1270.949,672.1524,1288.34,676.3124
90.47221,1,1059.399,681.9357,1173.869,679.124
90.48859,1,744.4106,717.3878,959.14,698.2559
90.51879,1,530.2042,731.205,744.6721,714.7305
90.53761,1,530.2042,731.205,637.4381,722.9677
90.55583,1,432.244,740.004,534.8411,731.4858
90.58268,1,385.4028,742.3779,460.1219,736.9319
90.58801,1,385.4028,742.3779,422.7624,739.6549
90.59402,1,385.4028,742.3779,404.0826,741.0164
90.60843,1,356.3598,739.0519,380.2212,740.0342
90.62569,1,356.3598,739.0519,368.2905,739.543
90.64081,1,338.5279,741.482,353.4092,740.5125
90.65971,1,338.5279,741.482,345.9686,740.9973
90.68817,1,327.4669,745.1875,336.7177,743.0924
90.69815,1,327.4669,745.1875,332.0923,744.14
90.70303,1,317.2226,748.7095,324.6574,746.4247
90.71142,1,317.2226,748.7095,320.94,747.5671
90.71626,1,317.2226,748.7095,319.0813,748.1383
90.72081,1,317.2226,748.7095,318.1519,748.4239
90.73181,1,314.6867,764.0003,316.4193,756.2121
90.74626,1,314.6867,764.0003,315.553,760.1062
90.75318,1,314.6867,764.0003,315.1198,762.0532
90.76238,1,325.6863,740.0391,320.4031,751.0461
90.77013,1,325.6863,740.0391,323.0447,745.5426
90.77951,1,325.6863,740.0391,324.3655,742.7908
90.79474,1,408.5688,629.9268,366.4672,686.3588
90.80835,1,408.5688,629.9268,387.518,658.1428
90.82147,1,568.8928,432.9929,478.2054,545.5679
90.82998,1,568.8928,432.9929,523.5491,489.2804
90.84206,1,568.8928,432.9929,546.2209,461.1367
90.85375,1,674.7053,296.6222,610.4631,378.8794
90.85995,1,674.7053,296.6222,642.5842,337.7508
90.8739,1,674.7053,296.6222,658.6448,317.1865
90.89311,1,726.4148,232.7733,692.5298,274.9799
90.91365,1,750.3942,205.0066,721.462,239.9932
90.9445,1,760.6526,190.5435,741.0573,215.2684
90.96446,1,760.6526,190.5435,750.855,202.906
90.98024,1,766.0857,181.9065,758.4703,192.4063
90.99951,1,766.0857,181.9065,762.278,187.1564
91.02066,1,788.4574,162.9934,775.3677,175.0749
91.05079,1,846.4952,123.4981,810.9315,149.2865
91.07265,1,891.9657,94.03391,851.4486,121.6602
91.07921,1,891.9657,94.03391,871.7072,107.8471
91.08405,1,891.9657,94.03391,881.8364,100.9405
91.10019,1,916.937,77.62704,899.3867,89.28377
91.11674,1,916.937,77.62704,908.1619,83.45541
91.1524,1,939.5521,60.02597,923.857,71.74069
91.17087,1,939.5521,60.02597,931.7046,65.88333
91.18771,1,944.5055,57.23528,938.105,61.5593
91.22027,1,953.3016,60.24767,945.7034,60.90349
91.25084,1,978.1935,43.32348,961.9484,52.11348
91.26699,1,978.1935,43.32348,970.0709,47.71848
91.29487,1,1042.818,133.5218,1006.444,90.62015
91.31187,1,1161.115,374.2524,1083.78,232.4363
91.31623,1,1161.115,374.2524,1122.448,303.3444
91.32976,1,1161.115,374.2524,1141.781,338.7984
91.34512,1,1236.623,567.2285,1189.202,453.0135
91.36212,1,1236.623,567.2285,1212.912,510.121
91.38378,1,1271.355,681.6866,1242.134,595.9038
91.41895,1,1282.857,702.9802,1262.495,649.442
91.43349,1,1289.671,727.0646,1276.083,688.2533
91.43766,1,1289.671,727.0646,1282.877,707.6589
91.44906,1,1289.671,727.0646,1286.274,717.3618
91.45525,1,1290.161,721.6424,1288.218,719.5021
91.4659,1,1290.161,721.6424,1289.189,720.5723
91.47114,1,1290.161,721.6424,1289.675,721.1073
91.48335,1,1290.161,721.6424,1289.918,721.3749
91.48892,1,1286.774,715.5115,1288.346,718.4432
91.50577,1,1286.774,715.5115,1287.56,716.9773
91.53925,1,1286.105,709.7795,1286.833,713.3784
91.55527,1,1284.732,706.8082,1285.782,710.0933
91.57595,1,1314.793,710.9322,1300.288,710.5128
91.59455,1,1314.793,710.9322,1307.541,710.7225
91.61259,1,1408.954,751.7019,1358.247,731.2122
91.62923,1,1408.954,751.7019,1383.601,741.457
91.66006,1,1504.466,800.3552,1444.033,770.9061
91.67825,1,1569.448,836.014,1506.74,803.4601
91.69389,1,1569.448,836.014,1538.094,819.7371
91.7142,1,1609.591,858.85,1573.843,839.2936
91.74711,1,1636.26,879.7877,1605.052,859.5406
91.76326,1,1653.611,894.3107,1629.331,876.9257
91.78049,1,1653.611,894.3107,1641.471,885.6182
91.81104,1,1663.524,901.5522,1652.497,893.5852
91.83086,1,1670.607,910.3408,1661.552,901.963
91.84698,1,1670.607,910.3408,1666.08,906.1519
91.86594,1,1672.2,916.809,1669.14,911.4804
91.88247,1,1675.57,920.1614,1672.355,915.8209
91.91364,1,1678.415,920.2568,1675.385,918.0389
91.9332,1,1678.415,920.2568,1676.9,919.1478
91.94874,1,1681.101,921.8355,1679.001,920.4917
91.96422,1,1681.101,921.8355,1680.051,921.1636
91.98158,1,1683.974,922.6459,1682.013,921.9048
92.01168,1,1676.225,915.1379,1679.119,918.5214
92.02945,1,1619.772,862.8149,1649.445,890.6682
92.06228,1,1370.439,673.1511,1509.942,781.9097
92.07777,1,1370.439,673.1511,1440.191,727.5304
92.09711,1,1083.362,482.6986,1261.776,605.1145
92.12161,1,950.8983,393.1494,1106.337,499.132
92.12761,1,950.8983,393.1494,1028.618,446.1407
92.14161,1,950.8983,393.1494,989.7581,419.645
92.15533,1,895.8811,358.4217,942.8196,389.0334
92.1611,1,895.8811,358.4217,919.3503,373.7275
92.17531,1,895.8811,358.4217,907.6157,366.0746
92.18352,1,872.9202,345.9709,890.2679,356.0228
92.18936,1,872.9202,345.9709,881.5941,350.9968
92.19913,1,872.9202,345.9709,877.2571,348.4839
92.2038,1,872.9202,345.9709,875.0886,347.2274
92.21239,1,975.7546,347.6827,925.4216,347.455
92.21741,1,975.7546,347.6827,950.5881,347.5688
92.22505,1,975.7546,347.6827,963.1714,347.6258
92.23166,1,975.7546,347.6827,969.463,347.6542
92.23715,1,975.7546,347.6827,972.6088,347.6685
92.2419,1,1131.424,406.8218,1052.016,377.2451
92.24815,1,1131.424,406.8218,1091.72,392.0334
92.25506,1,1131.424,406.8218,1111.572,399.4276
92.26035,1,1131.424,406.8218,1121.498,403.1247
92.26545,1,1131.424,406.8218,1126.461,404.9732
92.27702,1,1266.846,511.474,1196.653,458.2236
92.28203,1,1266.846,511.474,1231.75,484.8488
92.2953,1,1266.846,511.474,1249.298,498.1614
92.31062,1,1425.497,651.3256,1337.397,574.7435
92.32909,1,1425.497,651.3256,1381.447,613.0345
92.34876,1,1531.402,748.6234,1456.425,680.829
92.36416,1,1588.359,790.2172,1522.392,735.5231
92.38278,1,1588.359,790.2172,1555.375,762.8701
92.4003,1,1612.402,810.9836,1583.889,786.9269
92.41788,1,1612.402,810.9836,1598.145,798.9553
92.43619,1,1624.29,828.9242,1611.218,813.9397
92.45392,1,1628.447,835.582,1619.832,824.7609
92.46999,1,1628.447,835.582,1624.139,830.1714
92.48473,1,1631.789,838.8351,1627.964,834.5033
92.5039,1,1631.789,838.8351,1629.877,836.6692
92.52042,1,1631.454,843.9089,1630.665,840.2891
92.53566,1,1631.454,843.9089,1631.06,842.099
92.55062,1,1632.097,839.4717,1631.578,840.7853
92.56592,1,1632.097,839.4717,1631.837,840.1285
92.58654,1,1632.767,834.2112,1632.302,837.1699
92.6018,1,1632.767,834.2112,1632.535,835.6906
92.63338,1,1626.485,833.0651,1629.51,834.3778
92.65115,1,1626.485,833.0651,1627.997,833.7214
92.668,1,1625.337,807.2118,1626.667,820.4666
92.68251,1,1625.337,807.2118,1626.002,813.8392
92.69727,1,1636.775,719.503,1631.389,766.6711
92.70222,1,1636.775,719.503,1634.082,743.087
92.72036,1,1636.775,719.503,1635.428,731.295
92.73834,1,1637.156,743.7708,1636.292,737.533
92.7543,1,1635.008,760.3326,1635.65,748.9328
92.78267,1,1635.008,760.3326,1635.329,754.6327
92.80143,1,1634.353,766.8099,1634.841,760.7213
92.81937,1,1634.22,779.6193,1634.531,770.1703
92.83599,1,1634.22,779.6193,1634.375,774.8948
92.85154,1,1632.191,794.8862,1633.283,784.8905
92.85613,1,1632.191,794.8862,1632.737,789.8883
92.86934,1,1632.191,794.8862,1632.464,792.3872
92.88429,1,1628.86,808.1731,1630.662,800.2802
92.90098,1,1628.86,808.1731,1629.761,804.2266
92.91824,1,1625.304,820.3795,1627.532,812.3031
92.93598,1,1620.844,829.7532,1624.188,821.0281
92.95487,1,1620.844,829.7532,1622.516,825.3906
92.96933,1,1616.153,834.6291,1619.334,830.0099
92.98909,1,1616.153,834.6291,1617.744,832.3195
93.00519,1,1613.493,837.3926,1615.618,834.8561
93.02238,1,1613.493,837.3926,1614.556,836.1244
93.03929,1,1611.171,839.9539,1612.864,838.0391
93.05809,1,1608.788,841.9572,1610.826,839.9982
93.07211,1,1608.788,841.9572,1609.807,840.9777
93.08609,1,1606.846,842.6199,1608.326,841.7988
93.09189,1,1606.846,842.6199,1607.586,842.2094
93.10711,1,1606.846,842.6199,1607.216,842.4146
93.12231,1,1606.112,842.6331,1606.664,842.5239
93.13748,1,1606.112,842.6331,1606.388,842.5785
93.15415,1,1605.456,842.6899,1605.922,842.6342
93.17028,1,1605.456,842.6899,1605.689,842.662
93.18414,1,1604.989,842.4302,1605.339,842.5461
93.20227,1,1604.989,842.4302,1605.164,842.4882
93.2167,1,1603.924,842.097,1604.544,842.2926
93.22109,1,1603.924,842.097,1604.234,842.1948
93.22737,1,1603.924,842.097,1604.079,842.1459
93.23225,1,1603.924,842.097,1604.002,842.1215
93.24477,1,1602.916,842.382,1603.459,842.2517
93.25949,1,1602.916,842.382,1603.187,842.3168
93.27325,1,1602.047,842.593,1602.617,842.455
93.27897,1,1602.047,842.593,1602.332,842.524
93.29549,1,1602.047,842.593,1602.189,842.5585
93.31249,1,1601.967,842.5086,1602.078,842.5336
93.32796,1,1601.606,841.8981,1601.842,842.2158
93.3424,1,1601.606,841.8981,1601.724,842.057
93.35837,1,1601.294,840.1174,1601.509,841.0872
93.3758,1,1601.294,840.1174,1601.401,840.6023
93.3844,1,1601.294,840.1174,1601.347,840.3599
93.39041,1,1600.164,837.53,1600.755,838.9449
93.39544,1,1600.164,837.53,1600.459,838.2374
93.40047,1,1600.164,837.53,1600.312,837.8837
93.411,1,1600.164,837.53,1600.238,837.7068
93.41549,1,1600.164,837.53,1600.201,837.6184
93.42232,1,1599.017,835.951,1599.609,836.7847
93.42848,1,1599.017,835.951,1599.313,836.3678
93.43321,1,1599.017,835.951,1599.165,836.1594
93.44533,1,1599.017,835.951,1599.091,836.0552
93.46259,1,1597.868,834.8419,1598.479,835.4485
93.47896,1,1597.095,833.8437,1597.787,834.6461
93.49584,1,1597.095,833.8437,1597.441,834.2449
93.51199,1,1595.851,832.2694,1596.646,833.2571
93.5401,1,1594.52,831.0464,1595.583,832.1517
93.55106,1,1594.52,831.0464,1595.051,831.5991
93.55595,1,1594.52,831.0464,1594.785,831.3228
93.56574,1,1594.52,831.0464,1594.652,831.1846
93.57107,1,1592.671,828.3008,1593.662,829.7427
93.58099,1,1592.671,828.3008,1593.166,829.0217
93.58527,1,1592.671,828.3008,1592.919,828.6613
93.5927,1,1592.671,828.3008,1592.795,828.4811
93.59743,1,1592.671,828.3008,1592.733,828.391
93.60295,1,1591.073,825.96,1591.903,827.1755
93.61421,1,1591.073,825.96,1591.488,826.5677
93.61951,1,1591.073,825.96,1591.281,826.2639
93.62753,1,1591.073,825.96,1591.177,826.1119
93.6338,1,1588.934,822.9589,1590.055,824.5354
93.64478,1,1588.934,822.9589,1589.495,823.7472
93.65153,1,1588.934,822.9589,1589.214,823.353
93.65807,1,1588.934,822.9589,1589.074,823.156
93.66447,1,1586.894,820.1279,1587.984,821.642
93.69044,1,1602.65,809.7653,1595.317,815.7036
93.69801,1,1602.65,809.7653,1598.984,812.7344
93.71045,1,1602.65,809.7653,1600.817,811.2499
93.72115,1,1602.65,809.7653,1601.734,810.5076
93.72815,1,1602.65,809.7653,1602.192,810.1364
93.74267,1,1602.65,809.7653,1602.421,809.9508
93.75767,1,1638.074,727.7528,1620.248,768.8518
93.77236,1,1638.074,727.7528,1629.161,748.3023
93.78507,1,1625.769,730.3887,1627.465,739.3455
93.79095,1,1625.769,730.3887,1626.617,734.8671
93.80518,1,1625.769,730.3887,1626.193,732.6279
93.82092,1,1618.628,736.9993,1622.411,734.8136
93.83782,1,1618.628,736.9993,1620.519,735.9065
93.85572,1,1612.154,741.3405,1616.337,738.6235
93.8888,1,1603.66,747.6194,1609.998,743.1215
93.91899,1,1595.01,756.6453,1602.504,749.8834
93.93659,1,1586.707,761.6447,1594.605,755.764
93.96941,1,1579.97,768.7999,1587.288,762.282
93.98845,1,1579.97,768.7999,1583.629,765.541
94.01733,1,1574.45,770.2112,1579.039,767.8761
94.02782,1,1569.87,770.3941,1574.455,769.1351
94.03233,1,1569.87,770.3941,1572.162,769.7646
94.03735,1,1569.87,770.3941,1571.016,770.0793
94.042,1,1569.87,770.3941,1570.443,770.2367
94.05794,1,1565.817,769.0251,1568.13,769.6309
94.07393,1,1565.817,769.0251,1566.973,769.328
94.07936,1,1565.817,769.0251,1566.395,769.1765
94.08418,1,1562.33,768.6013,1564.362,768.8889
94.08994,1,1562.33,768.6013,1563.346,768.7451
94.10266,1,1562.33,768.6013,1562.838,768.6732
94.11161,1,1562.33,768.6013,1562.584,768.6373
94.11682,1,1559.59,766.9329,1561.087,767.785
94.12805,1,1559.59,766.9329,1560.338,767.3589
94.1335,1,1559.59,766.9329,1559.964,767.1459
94.14897,1,1556.999,764.7888,1558.481,765.9673
94.16425,1,1556.999,764.7888,1557.74,765.3781
94.18379,1,1553.987,761.8585,1555.864,763.6183
94.21792,1,1549.97,758.1694,1552.917,760.8939
94.23253,1,1549.97,758.1694,1551.444,759.5316
94.23717,1,1544.975,754.0751,1548.209,756.8033
94.24274,1,1544.975,754.0751,1546.592,755.4392
94.26122,1,1544.975,754.0751,1545.784,754.7572
94.27854,1,1540.315,749.7868,1543.049,752.272
94.29332,1,1540.315,749.7868,1541.682,751.0294
94.3154,1,1536.184,746.4259,1538.933,748.7277
94.32059,1,1536.184,746.4259,1537.558,747.5768
94.3308,1,1531.193,743.778,1534.375,745.6774
94.33603,1,1531.193,743.778,1532.784,744.7277
94.34244,1,1531.193,743.778,1531.989,744.2528
94.34824,1,1531.193,743.778,1531.591,744.0154
94.35349,1,1531.193,743.778,1531.392,743.8967
94.36008,1,1526.106,740.2795,1528.749,742.0881
94.36446,1,1526.106,740.2795,1527.427,741.1838
94.37106,1,1526.106,740.2795,1526.767,740.7316
94.3779,1,1526.106,740.2795,1526.437,740.5056
94.38262,1,1526.106,740.2795,1526.271,740.3925
94.39122,1,1521.334,736.1828,1523.803,738.2877
94.39689,1,1521.334,736.1828,1522.568,737.2352
94.40398,1,1521.334,736.1828,1521.951,736.709
94.40996,1,1521.334,736.1828,1521.643,736.4459
94.41503,1,1517.07,731.8638,1519.356,734.1549
94.42775,1,1517.07,731.8638,1518.213,733.0094
94.44432,1,1517.07,731.8638,1517.642,732.4366
94.46445,1,1512.804,726.6747,1515.223,729.5557
94.49433,1,1508.248,721.2773,1511.735,725.4165
94.51089,1,1504.23,714.6716,1507.983,720.0441
94.52585,1,1504.23,714.6716,1506.107,717.3578
94.54626,1,1499.853,707.0134,1502.98,712.1855
94.57236,1,1496.393,700.865,1499.686,706.5253
94.57761,1,1496.393,700.865,1498.04,703.6951
94.5819,1,1496.393,700.865,1497.216,702.28
94.5878,1,1496.393,700.865,1496.805,701.5725
94.59702,1,1494.065,696.5157,1495.435,699.0441
94.60258,1,1494.065,696.5157,1494.75,697.7799
94.6137,1,1494.065,696.5157,1494.408,697.1478
94.61896,1,1494.065,696.5157,1494.236,696.8318
94.62897,1,1492.24,691.9288,1493.238,694.3802
94.63458,1,1492.24,691.9288,1492.739,693.1545
94.65131,1,1492.24,691.9288,1492.489,692.5416
94.65616,1,1492.24,691.9288,1492.364,692.2352
94.66169,1,1489.694,686.6061,1491.029,689.4207
94.67068,1,1489.694,686.6061,1490.361,688.0134
94.6759,1,1489.694,686.6061,1490.028,687.3098
94.68077,1,1489.694,686.6061,1489.861,686.958
94.69591,1,1486.965,682.2772,1488.413,684.6176
94.71386,1,1486.965,682.2772,1487.689,683.4474
94.72805,1,1484.008,677.7747,1485.848,680.6111
94.74368,1,1484.008,677.7747,1484.928,679.1929
94.76002,1,1480.645,673.5309,1482.786,676.3619
94.78797,1,1477.987,671.6599,1480.386,674.0109
94.80555,1,1477.987,671.6599,1479.187,672.8354
94.81522,1,1476.216,670.8174,1477.701,671.8264
94.81969,1,1476.216,670.8174,1476.959,671.3219
94.82811,1,1476.216,670.8174,1476.587,671.0696
94.83253,1,1476.216,670.8174,1476.402,670.9435
94.83707,1,1476.216,670.8174,1476.309,670.8804
94.84433,1,1474.827,670.6942,1475.568,670.7873
94.84969,1,1474.827,670.6942,1475.197,670.7407
94.85744,1,1474.827,670.6942,1475.012,670.7174
94.86269,1,1474.827,670.6942,1474.919,670.7058
94.86856,1,1473.576,670.6943,1474.248,670.7001
94.87707,1,1473.576,670.6943,1473.912,670.6971
94.88158,1,1473.576,670.6943,1473.744,670.6957
94.88952,1,1473.576,670.6943,1473.66,670.6949
94.89483,1,1473.576,670.6943,1473.618,670.6946
94.8999,1,1473.194,670.6865,1473.406,670.6906
94.90799,1,1473.194,670.6865,1473.3,670.6885
94.91359,1,1473.194,670.6865,1473.247,670.6875
94.9282,1,1473.183,670.8734,1473.215,670.7804
94.93977,1,1473.183,670.8734,1473.199,670.8269
94.94591,1,1473.183,670.8734,1473.191,670.8501
94.96117,1,1473.265,671.1581,1473.228,671.0042
94.99582,1,1473.154,671.0598,1473.191,671.032
95.01438,1,1473.154,671.0598,1473.172,671.0459
95.02944,1,1472.953,670.3212,1473.063,670.6835
95.03387,1,1472.953,670.3212,1473.008,670.5023
95.03841,1,1472.953,670.3212,1472.98,670.4117
95.04608,1,1472.953,670.3212,1472.967,670.3665
95.05162,1,1470.856,668.7361,1471.911,669.5513
95.05695,1,1470.856,668.7361,1471.384,669.1437
95.0676,1,1470.856,668.7361,1471.12,668.9399
95.07214,1,1470.856,668.7361,1470.988,668.838
95.08267,1,1467.495,666.2835,1469.241,667.5608
95.08865,1,1467.495,666.2835,1468.368,666.9221
95.09644,1,1467.495,666.2835,1467.932,666.6028
95.10133,1,1467.495,666.2835,1467.714,666.4431
95.10751,1,1467.495,666.2835,1467.604,666.3633
95.11423,1,1463.327,663.3891,1465.466,664.8762
95.11904,1,1463.327,663.3891,1464.396,664.1327
95.13085,1,1463.327,663.3891,1463.862,663.7609
95.13603,1,1463.327,663.3891,1463.594,663.575
95.14478,1,1460.501,660.239,1462.047,661.907
95.15102,1,1460.501,660.239,1461.274,661.073
95.16098,1,1460.501,660.239,1460.887,660.656
95.1672,1,1460.501,660.239,1460.694,660.4475
95.17684,1,1457.766,654.9648,1459.23,657.7062
95.18239,1,1457.766,654.9648,1458.498,656.3354
95.19668,1,1457.766,654.9648,1458.132,655.6501
95.20948,1,1454.539,649.0787,1456.336,652.3644
95.22339,1,1454.539,649.0787,1455.438,650.7216
95.2432,1,1451.417,645.6167,1453.427,648.1691
95.2626,1,1449.12,644.4617,1451.274,646.3154
95.29343,1,1448.3,644.8289,1449.787,645.5721
95.31593,1,1448.3,644.8289,1449.044,645.2006
95.3302,1,1449.414,645.9991,1449.229,645.5999
95.33458,1,1449.414,645.9991,1449.322,645.7994
95.34238,1,1449.414,645.9991,1449.368,645.8993
95.3483,1,1449.414,645.9991,1449.391,645.9492
95.3539,1,1450.594,647.7212,1449.993,646.8352
95.36222,1,1450.594,647.7212,1450.293,647.2782
95.36743,1,1450.594,647.7212,1450.443,647.4997
95.37693,1,1450.594,647.7212,1450.519,647.6105
95.38186,1,1451.583,648.5676,1451.051,648.0891
95.39436,1,1451.583,648.5676,1451.317,648.3284
95.40096,1,1451.583,648.5676,1451.45,648.448
95.41199,1,1452.465,648.9219,1451.958,648.6849
95.41711,1,1452.465,648.9219,1452.211,648.8035
95.42966,1,1452.465,648.9219,1452.338,648.8627
95.44317,1,1452.738,648.8992,1452.538,648.881
95.45973,1,1452.738,648.8992,1452.638,648.8901
95.47719,1,1452.798,648.848,1452.718,648.8691
95.49551,1,1452.798,648.848,1452.758,648.8585
95.52621,1,1452.515,648.7161,1452.637,648.7874
95.54072,1,1452.096,648.6999,1452.366,648.7437
95.55226,1,1452.096,648.6999,1452.231,648.7218
95.55685,1,1452.096,648.6999,1452.164,648.7108
95.56208,1,1452.096,648.6999,1452.13,648.7053
95.56731,1,1451.545,648.6105,1451.837,648.6579
95.57211,1,1451.545,648.6105,1451.691,648.6342
95.57986,1,1451.545,648.6105,1451.618,648.6223
95.58427,1,1451.545,648.6105,1451.581,648.6164
95.5945,1,1451.063,648.4273,1451.322,648.5219
95.59925,1,1451.063,648.4273,1451.193,648.4746
95.60966,1,1451.063,648.4273,1451.128,648.4509
95.61444,1,1451.063,648.4273,1451.095,648.4391
95.61986,1,1451.063,648.4273,1451.079,648.4332
95.63022,1,1448.391,647.2137,1449.735,647.8235
95.63506,1,1448.391,647.2137,1449.063,647.5186
95.64607,1,1448.391,647.2137,1448.727,647.3662
95.65211,1,1396.433,649.6403,1422.58,648.5033
95.66196,1,1396.433,649.6403,1409.506,649.0718
95.67445,1,1396.433,649.6403,1402.97,649.3561
95.68,1,1396.433,649.6403,1399.701,649.4982
95.69114,1,1146.413,659.9967,1273.057,654.7474
95.70918,1,1146.413,659.9967,1209.735,657.3721
95.72353,1,764.6858,675.8962,987.2103,666.6342
95.74046,1,764.6858,675.8962,875.9481,671.2651
95.75855,1,511.1527,685.7238,693.5504,678.4944
95.77448,1,405.019,689.6696,549.2847,684.082
95.79343,1,405.019,689.6696,477.1518,686.8758
95.81374,1,356.1901,690.6352,416.671,688.7555
95.81879,1,356.1901,690.6352,386.4305,689.6953
95.82333,1,356.1901,690.6352,371.3103,690.1653
95.82908,1,356.1901,690.6352,363.7502,690.4003
95.83368,1,332.0521,688.3781,347.9012,689.3892
95.84013,1,332.0521,688.3781,339.9766,688.8836
95.84571,1,332.0521,688.3781,336.0143,688.6309
95.85148,1,332.0521,688.3781,334.0332,688.5045
95.86069,1,332.0521,688.3781,333.0426,688.4413
95.86559,1,320.1984,689.3778,326.6205,688.9095
95.87321,1,320.1984,689.3778,323.4095,689.1437
95.87925,1,320.1984,689.3778,321.8039,689.2607
95.88464,1,320.1984,689.3778,321.0012,689.3193
95.89619,1,315.1574,690.2224,318.0793,689.7708
95.90925,1,315.1574,690.2224,316.6183,689.9966
95.9159,1,315.1574,690.2224,315.8879,690.1095
95.93121,1,329.274,671.5585,322.5809,680.834
95.94965,1,329.274,671.5585,325.9275,676.1963
95.96323,1,413.3782,581.4098,369.6528,628.803
95.96947,1,413.3782,581.4098,391.5155,605.1064
95.97619,1,413.3782,581.4098,402.4468,593.2581
95.98852,1,540.0735,449.0914,471.2602,521.1747
95.99419,1,540.0735,449.0914,505.6669,485.1331
96.01121,1,540.0735,449.0914,522.8702,467.1122
96.02895,1,626.6541,356.1589,574.7622,411.6356
96.04443,1,626.6541,356.1589,600.7081,383.8972
96.0675,1,672.6309,302.9664,636.6696,343.4318
96.07565,1,672.6309,302.9664,654.6503,323.1991
96.08095,1,696.3633,273.896,675.5068,298.5476
96.08595,1,696.3633,273.896,685.9351,286.2218
96.09621,1,696.3633,273.896,691.1492,280.0589
96.10129,1,696.3633,273.896,693.7562,276.9775
96.11192,1,707.6323,261.9261,700.6943,269.4518
96.11755,1,707.6323,261.9261,704.1633,265.689
96.12451,1,707.6323,261.9261,705.8978,263.8076
96.13069,1,707.6323,261.9261,706.7651,262.8668
96.13939,1,714.698,253.8327,710.7316,258.3497
96.14523,1,714.698,253.8327,712.7148,256.0912
96.15098,1,714.698,253.8327,713.7064,254.9619
96.16219,1,714.698,253.8327,714.2022,254.3973
96.17535,1,718.7002,251.1478,716.4512,252.7725
96.18052,1,718.7002,251.1478,717.5757,251.9601
96.19474,1,718.7002,251.1478,718.1379,251.554
96.21292,1,722.5075,246.764,720.3228,249.159
96.22954,1,724.6063,242.7812,722.4645,245.9701
96.24294,1,724.6063,242.7812,723.5354,244.3756
96.26261,1,705.4655,219.9449,714.5004,232.1603
96.28137,1,705.4655,219.9449,709.9829,226.0526
96.29785,1,668.8042,192.0273,689.3936,209.0399
96.30227,1,668.8042,192.0273,679.0989,200.5336
96.30784,1,668.8042,192.0273,673.9515,196.2805
96.31744,1,668.8042,192.0273,671.3779,194.1539
96.32261,1,642.3282,173.7108,656.853,183.9323
96.33314,1,642.3282,173.7108,649.5906,178.8216
96.33915,1,642.3282,173.7108,645.9595,176.2662
96.34934,1,623.6137,160.3477,634.7866,168.3069
96.35974,1,623.6137,160.3477,629.2002,164.3273
96.36505,1,623.6137,160.3477,626.407,162.3375
96.37101,1,623.6137,160.3477,625.0104,161.3426
96.3788,1,611.0233,151.285,618.0168,156.3138
96.38375,1,611.0233,151.285,614.5201,153.7994
96.39543,1,611.0233,151.285,612.7717,152.5422
96.40041,1,611.0233,151.285,611.8975,151.9136
96.41092,1,603.2338,144.9163,607.5657,148.415
96.41558,1,603.2338,144.9163,605.3998,146.6656
96.42796,1,603.2338,144.9163,604.3168,145.791
96.43279,1,603.2338,144.9163,603.7753,145.3537
96.4453,1,598.4337,140.5377,601.1045,142.9457
96.46151,1,598.4337,140.5377,599.769,141.7417
96.47661,1,580.0034,165.8863,589.8862,153.814
96.49291,1,580.0034,165.8863,584.9448,159.8502
96.51031,1,516.6807,302.1273,550.8127,230.9887
96.52716,1,516.6807,302.1273,533.7467,266.558
96.54352,1,430.0472,531.1414,481.8969,398.8497
96.56157,1,375.0652,667.1223,428.4811,532.986
96.57799,1,375.0652,667.1223,401.7731,600.0541
96.61401,1,351.5326,731.2037,376.6529,665.6289
96.62865,1,339.8793,760.7227,358.2661,713.1758
96.63335,1,339.8793,760.7227,349.0727,736.9492
96.64223,1,339.8793,760.7227,344.476,748.8359
96.64828,1,339.8793,760.7227,342.1777,754.7793
96.65565,1,334.5792,772.5261,338.3784,763.6527
96.66109,1,334.5792,772.5261,336.4788,768.0894
96.6674,1,334.5792,772.5261,335.529,770.3077
96.67631,1,334.5792,772.5261,335.0541,771.4169
96.68157,1,333.4647,776.8127,334.2594,774.1148
96.69458,1,333.4647,776.8127,333.862,775.4637
96.7013,1,333.4647,776.8127,333.6633,776.1382
96.71461,1,332.0268,781.213,332.8451,778.6755
96.72868,1,332.0268,781.213,332.436,779.9442
96.74412,1,327.8112,767.4086,330.1236,773.6764
96.7627,1,327.8112,767.4086,328.9673,770.5425
96.78063,1,325.1213,761.3796,327.0443,765.9611
96.79637,1,325.1213,761.3796,326.0828,763.6703
96.82457,1,344.1186,769.5989,335.1007,766.6346
96.83905,1,459.5153,772.9001,397.308,769.7673
96.84496,1,459.5153,772.9001,428.4117,771.3337
96.85047,1,459.5153,772.9001,443.9635,772.1169
96.85513,1,459.5153,772.9001,451.7394,772.5085
96.86443,1,791.0757,791.5327,621.4076,782.0206
96.87005,1,791.0757,791.5327,706.2417,786.7766
96.87968,1,791.0757,791.5327,748.6587,789.1547
96.8841,1,791.0757,791.5327,769.8672,790.3436
96.89548,1,1212.805,792.9283,991.3362,791.636
96.90029,1,1212.805,792.9283,1102.071,792.2821
96.91424,1,1212.805,792.9283,1157.438,792.6052
96.91932,1,1212.805,792.9283,1185.122,792.7667
96.92797,1,1435.403,802.4507,1310.262,797.6087
96.93337,1,1435.403,802.4507,1372.832,800.0297
96.93819,1,1435.403,802.4507,1404.117,801.2402
96.94341,1,1435.403,802.4507,1419.76,801.8455
96.94958,1,1435.403,802.4507,1427.581,802.1481
96.95741,1,1524.569,814.8658,1476.075,808.507
96.96278,1,1524.569,814.8658,1500.322,811.6864
96.97538,1,1524.569,814.8658,1512.446,813.2761
96.98018,1,1524.569,814.8658,1518.508,814.0709
96.99255,1,1564.48,815.1244,1541.494,814.5977
96.99757,1,1564.48,815.1244,1552.987,814.861
97.01396,1,1585.482,822.7382,1569.234,818.7996
97.04436,1,1595.851,824.2975,1582.543,821.5486
97.07767,1,1601.645,827.366,1592.094,824.4573
97.09464,1,1601.645,827.366,1596.869,825.9116
97.11306,1,1607.496,830.5748,1602.183,828.2432
97.11823,1,1607.496,830.5748,1604.84,829.4091
97.12308,1,1607.496,830.5748,1606.168,829.9919
97.12901,1,1607.496,830.5748,1606.832,830.2834
97.13371,1,1610.974,831.7346,1608.903,831.009
97.14043,1,1610.974,831.7346,1609.938,831.3718
97.14613,1,1610.974,831.7346,1610.456,831.5532
97.15192,1,1610.974,831.7346,1610.715,831.6439
97.15878,1,1610.974,831.7346,1610.844,831.6893
97.16413,1,1610.974,831.7346,1610.909,831.7119
97.17238,1,1618.14,832.8076,1614.525,832.2598
97.17807,1,1618.14,832.8076,1616.333,832.5337
97.18299,1,1618.14,832.8076,1617.236,832.6707
97.19125,1,1618.14,832.8076,1617.688,832.7391
97.19728,1,1632.039,854.481,1624.864,843.6101
97.21116,1,1632.039,854.481,1628.451,849.0455
97.23256,1,1648.633,877.2532,1638.542,863.1494
97.2519,1,1648.633,877.2532,1643.588,870.2013
97.27592,1,1663.793,897.7644,1653.69,883.9828
97.28073,1,1663.793,897.7644,1658.741,890.8737
97.28536,1,1674.479,915.1783,1666.61,903.026
97.29066,1,1674.479,915.1783,1670.544,909.1022
97.30113,1,1674.479,915.1783,1672.512,912.1403
97.30584,1,1674.479,915.1783,1673.495,913.6593
97.31961,1,1681.798,927.9605,1677.646,920.8099
97.33802,1,1681.798,927.9605,1679.722,924.3853
97.35003,1,1687.658,937.3459,1683.69,930.8656
97.35564,1,1687.658,937.3459,1685.674,934.1058
97.36411,1,1687.658,937.3459,1686.666,935.7258
97.36968,1,1687.658,937.3459,1687.162,936.5359
97.37681,1,1691.836,944.4584,1689.499,940.4971
97.3815,1,1691.836,944.4584,1690.668,942.4778
97.38979,1,1691.836,944.4584,1691.252,943.4681
97.39513,1,1691.836,944.4584,1691.544,943.9633
97.40014,1,1691.836,944.4584,1691.69,944.2108
97.41067,1,1694.985,950.8021,1693.338,947.5065
97.41578,1,1694.985,950.8021,1694.162,949.1543
97.42751,1,1694.985,950.8021,1694.573,949.9782
97.43309,1,1694.985,950.8021,1694.779,950.3901
97.445,1,1697.001,956.2037,1695.89,953.2969
97.45715,1,1697.001,956.2037,1696.446,954.7502
97.46256,1,1697.001,956.2037,1696.724,955.4769
97.47448,1,1698.65,959.287,1697.687,957.382
97.48001,1,1698.65,959.287,1698.168,958.3345
97.48492,1,1698.65,959.287,1698.409,958.8107
97.49018,1,1698.65,959.287,1698.53,959.0488
97.50068,1,1698.685,958.6388,1698.607,958.8438
97.50607,1,1698.685,958.6388,1698.646,958.7413
97.52416,1,1698.685,958.6388,1698.666,958.6901
97.55317,1,1661.341,925.6202,1680.003,942.1552
97.56866,1,1368.228,696.1813,1524.116,819.1682
97.58311,1,1368.228,696.1813,1446.172,757.6747
97.59982,1,1070.379,475.7124,1258.275,616.6935
97.61751,1,939.163,371.1952,1098.719,493.9444
97.63552,1,939.163,371.1952,1018.941,432.5698
97.66527,1,887.4872,333.419,953.2142,382.9944
97.6853,1,868.9852,313.5103,911.0997,348.2524
97.71531,1,861.736,306.6584,886.4178,327.4554
97.75011,1,858.9143,302.0419,872.6661,314.7487
97.76965,1,858.0917,299.0164,865.3789,306.8825
97.78941,1,858.0917,299.0164,861.7354,302.9495
97.82119,1,859.42,298.5373,860.5776,300.7433
97.83447,1,851.7421,296.8948,856.1599,298.8191
97.84998,1,851.7421,296.8948,853.9509,297.8569
97.86356,1,804.0093,341.0366,828.9801,319.4467
97.86889,1,804.0093,341.0366,816.4948,330.2416
97.88869,1,703.3551,466.4821,759.9249,398.3619
97.91943,1,590.9944,642.897,675.4597,520.6295
97.93753,1,590.9944,642.897,633.2271,581.7632
97.95451,1,527.8287,740.3619,580.5279,661.0626
97.97291,1,527.8287,740.3619,554.1783,700.7122
97.98606,1,500.7608,780.9887,527.4696,740.8505
97.99109,1,500.7608,780.9887,514.1152,760.9196
97.99883,1,500.7608,780.9887,507.438,770.9541
98.0033,1,500.7608,780.9887,504.0994,775.9714
98.01452,1,493.2877,799.0126,498.6935,787.4921
98.01938,1,493.2877,799.0126,495.9906,793.2523
98.02402,1,493.2877,799.0126,494.6392,796.1324
98.03697,1,493.2877,799.0126,493.9634,797.5725
98.05103,1,487.0557,804.9965,490.5096,801.2845
98.0662,1,487.0557,804.9965,488.7827,803.1405
98.07273,1,484.3334,806.5327,486.558,804.8365
98.08807,1,484.3334,806.5327,485.4457,805.6846
98.10413,1,482.7881,805.5583,484.1169,805.6215
98.13409,1,465.9566,782.2595,475.0367,793.9405
98.15282,1,465.9566,782.2595,470.4966,788.1
98.17286,1,431.8305,758.8073,451.1636,773.4536
98.20228,1,399.0195,737.7776,425.0916,755.6156
98.22493,1,372.0984,722.5062,398.595,739.0609
98.24403,1,372.0984,722.5062,385.3467,730.7836
98.26137,1,351.4779,711.5648,368.4124,721.1742
98.27755,1,351.4779,711.5648,359.9451,716.3695
98.29037,1,340.164,703.4137,350.0546,709.8916
98.29977,1,340.164,703.4137,345.1093,706.6526
98.30405,1,340.164,703.4137,342.6366,705.0332
98.31168,1,340.164,703.4137,341.4003,704.2234
98.31615,1,340.164,703.4137,340.7821,703.8186
98.32075,1,340.164,703.4137,340.473,703.6161
98.3317,1,340.164,703.4137,340.3185,703.5149
98.33659,1,340.164,703.4137,340.2412,703.4643
98.34582,1,340.164,703.4137,340.2026,703.439
98.35159,1,340.164,703.4137,340.1833,703.4263
98.36127,1,340.164,703.4137,340.1736,703.42
98.36707,1,340.164,703.4137,340.1688,703.4169
98.37626,1,413.4868,367.5126,376.8278,535.4647
98.38109,1,413.4868,367.5126,395.1573,451.4886
98.39373,1,413.4868,367.5126,404.322,409.5006
98.39848,1,413.4868,367.5126,408.9044,388.5066
98.4093,1,517.1498,274.2512,463.0271,331.3789
98.41452,1,517.1498,274.2512,490.0885,302.8151
98.42902,1,517.1498,274.2512,503.6191,288.5331
98.44855,1,582.3344,218.3679,542.9767,253.4505
98.47842,1,618.9174,190.6471,580.947,222.0488
98.49745,1,640.5935,173.3824,610.7703,197.7156
98.52576,1,652.2915,165.1725,631.5309,181.4441
98.55532,1,659.595,162.4636,645.563,171.9538
98.58511,1,663.1381,160.1719,654.3506,166.0629
98.60162,1,663.1381,160.1719,658.7444,163.1174
98.62318,1,675.9015,165.4305,667.3229,164.274
98.64036,1,675.9015,165.4305,671.6122,164.8522
98.673,1,741.828,214.0497,706.7201,189.4509
98.69201,1,1085.121,468.9701,895.9205,329.2105
98.70603,1,1393.337,676.7092,1144.629,502.9599
98.73013,1,1393.337,676.7092,1268.983,589.8345
98.73438,1,1393.337,676.7092,1331.16,633.2719
98.73965,1,1529.441,767.5654,1430.3,700.4186
98.75238,1,1529.441,767.5654,1479.871,733.9919
98.75702,1,1529.441,767.5654,1504.656,750.7787
98.77411,1,1581.314,800.5622,1542.985,775.6704
98.78738,1,1581.314,800.5622,1562.149,788.1163
98.80383,1,1601.043,800.431,1581.596,794.2737
98.82202,1,1601.043,800.431,1591.319,797.3524
98.83905,1,1606.118,813.4765,1598.719,805.4144
98.87157,1,1605.815,822.7792,1602.267,814.0968
98.89373,1,1604.696,820.2261,1603.481,817.1614
98.90025,1,1604.696,820.2261,1604.088,818.6937
98.90437,1,1604.696,820.2261,1604.392,819.4599
98.91019,1,1604.696,820.2261,1604.544,819.843
98.91495,1,1604.696,820.2261,1604.62,820.0345
98.92314,1,1606.994,821.4981,1605.807,820.7664
98.92926,1,1606.994,821.4981,1606.401,821.1322
98.94414,1,1606.994,821.4981,1606.698,821.3152
98.96082,1,1605.762,820.9449,1606.23,821.1301
98.97643,1,1605.762,820.9449,1605.996,821.0375
99.00889,1,1559.885,825.0491,1582.941,823.0433
99.02372,1,1559.885,825.0491,1571.413,824.0461
99.04168,1,1410.375,825.5422,1490.894,824.7942
99.05624,1,1410.375,825.5422,1450.634,825.1682
99.06731,1,1005.525,798.871,1228.08,812.0196
99.07211,1,1005.525,798.871,1116.802,805.4453
99.07711,1,1005.525,798.871,1061.164,802.1581
99.08209,1,1005.525,798.871,1033.344,800.5145
99.09155,1,1005.525,798.871,1019.435,799.6927
99.09704,1,591.0967,747.0675,805.2656,773.3801
99.10185,1,591.0967,747.0675,698.1812,760.2238
99.1105,1,591.0967,747.0675,644.6389,753.6456
99.11572,1,591.0967,747.0675,617.8678,750.3566
99.12477,1,591.0967,747.0675,604.4823,748.712
99.13125,1,368.6757,713.0546,486.579,730.8833
99.1416,1,368.6757,713.0546,427.6273,721.969
99.14781,1,368.6757,713.0546,398.1515,717.5118
99.16007,1,286.489,700.8942,342.3202,709.203
99.16523,1,286.489,700.8942,314.4046,705.0486
99.18143,1,286.489,700.8942,300.4468,702.9714
99.19633,1,240.9129,697.0234,270.6798,699.9974
99.22977,1,223.2513,693.7534,246.9656,696.8754
99.2506,1,214.9302,694.6329,230.9479,695.7542
99.27104,1,214.9302,694.6329,222.939,695.1935
99.28485,1,210.4737,694.709,216.7063,694.9513
99.29861,1,210.4737,694.709,213.59,694.8301
99.30406,1,210.4737,694.709,212.0318,694.7695
99.32072,1,236.8175,665.961,224.4247,680.3652
99.33763,1,236.8175,665.961,230.6211,673.1631
99.35612,1,339.0039,526.0969,284.8125,599.63
99.37267,1,472.1855,334.5786,378.499,467.1043
99.40285,1,558.9539,219.0897,468.7265,343.097
99.41866,1,558.9539,219.0897,513.8402,281.0934
99.43782,1,599.2426,161.9443,556.5414,221.5188
99.45518,1,599.2426,161.9443,577.892,191.7316
99.46838,1,620.0698,134.9259,598.9808,163.3287
99.47236,1,620.0698,134.9259,609.5253,149.1273
99.47765,1,620.0698,134.9259,614.7975,142.0266
99.48753,1,620.0698,134.9259,617.4336,138.4762
99.493,1,632.4431,123.0374,624.9384,130.7568
99.5107,1,632.4431,123.0374,628.6907,126.8971
99.53541,1,637.8301,116.7456,633.2604,121.8214
99.55454,1,639.8839,113.6539,636.5721,117.7377
99.58681,1,641.4438,112.4273,639.0079,115.0825
99.61514,1,640.6849,110.607,639.8464,112.8447
99.6341,1,640.6849,110.607,640.2657,111.7259
99.65243,1,639.5036,109.5813,639.8846,110.6536
99.68444,1,646.8384,116.7835,643.3615,113.7185
99.70156,1,701.203,157.5795,672.2822,135.649
99.73354,1,875.8105,285.5008,774.0464,210.5749
99.74965,1,875.8105,285.5008,824.9285,248.0379
99.75474,1,875.8105,285.5008,850.3695,266.7693
99.7605,1,875.8105,285.5008,863.09,276.1351
99.77959,1,1037.861,402.8808,950.4753,339.5079
99.80947,1,1126.852,463.9456,1038.664,401.7268
99.8262,1,1167.066,492.7553,1102.865,447.2411
99.85072,1,1167.066,492.7553,1134.965,469.9982
99.8559,1,1185.538,503.3467,1160.252,486.6724
99.86138,1,1185.538,503.3467,1172.895,495.0096
99.86626,1,1185.538,503.3467,1179.216,499.1782
99.87206,1,1185.538,503.3467,1182.377,501.2625
99.88062,1,1185.538,503.3467,1183.958,502.3046
99.88544,1,1238.164,537.8957,1211.061,520.1001
99.89508,1,1238.164,537.8957,1224.612,528.9979
99.90029,1,1238.164,537.8957,1231.388,533.4468
99.90788,1,1238.164,537.8957,1234.776,535.6713
99.9137,1,1331.039,623.9803,1282.908,579.8258
99.9189,1,1331.039,623.9803,1306.974,601.9031
99.92966,1,1331.039,623.9803,1319.007,612.9417
99.93491,1,1331.039,623.9803,1325.023,618.4609
99.94589,1,1389.259,682.7885,1357.141,650.6248
99.9523,1,1389.259,682.7885,1373.2,666.7067
99.95982,1,1389.259,682.7885,1381.229,674.7476
99.96503,1,1389.259,682.7885,1385.244,678.7681
99.97625,1,1420.321,714.2414,1402.782,696.5048
99.98325,1,1420.321,714.2414,1411.552,705.373
99.99038,1,1420.321,714.2414,1415.936,709.8073
99.99557,1,1420.321,714.2414,1418.128,712.0243
100.0092,1,1437.302,731.1186,1427.715,721.5714
100.0285,1,1437.302,731.1186,1432.508,726.345
100.049,1,1445.618,739.0878,1439.063,732.7164
100.0827,1,1449.966,741.6407,1444.514,737.1786
100.1036,1,1452.752,747.1815,1448.633,742.1801
100.1373,1,1423.586,749.1664,1436.109,745.6732
100.1644,1,1310.731,767.8242,1373.42,756.7487
100.1969,1,1012.787,770.0992,1193.104,763.424
100.216,1,665.6789,756.2546,929.3912,759.8393
100.2442,1,665.6789,756.2546,797.535,758.047
100.2637,1,477.8409,753.5381,637.688,755.7926
100.2913,1,392.5208,753.0669,515.1044,754.4297
100.3083,1,354.3235,755.7722,434.7139,755.101
100.3164,1,354.3235,755.7722,394.5187,755.4365
100.321,1,354.3235,755.7722,374.4211,755.6044
100.326,1,354.3235,755.7722,364.3723,755.6882
100.341,1,333.4556,757.4976,348.9139,756.5929
100.35,1,333.4556,757.4976,341.1848,757.0453
100.3546,1,333.4556,757.4976,337.3202,757.2715
100.3616,1,333.4556,757.4976,335.3879,757.3845
100.366,1,313.3514,758.5689,324.3697,757.9767
100.3721,1,313.3514,758.5689,318.8605,758.2728
100.382,1,313.3514,758.5689,316.106,758.4209
100.3875,1,313.3514,758.5689,314.7287,758.4949
100.3981,1,302.7394,761.4846,308.7341,759.9897
100.4031,1,302.7394,761.4846,305.7368,760.7372
100.409,1,302.7394,761.4846,304.2381,761.1109
100.4143,1,302.7394,761.4846,303.4888,761.2977
100.4209,1,302.7394,761.4846,303.1141,761.3912
100.4276,1,298.1636,762.9951,300.6388,762.1931
100.4326,1,298.1636,762.9951,299.4012,762.5941
100.4429,1,298.1636,762.9951,298.7824,762.7946
100.4485,1,298.1636,762.9951,298.473,762.8948
100.4611,1,295.725,762.5803,297.099,762.7375
100.4796,1,295.725,762.5803,296.412,762.6589
100.4984,1,294.2446,760.4142,295.3283,761.5366
100.5323,1,269.8978,760.2681,282.613,760.9023
100.5657,1,228.5129,772.5064,255.563,766.7043
100.583,1,192.882,783.5927,224.2225,775.1485
100.6007,1,192.882,783.5927,208.5522,779.3706
100.6215,1,166.6841,791.963,187.6181,785.6668
100.6511,1,148.7252,795.7925,168.1717,790.7297
100.6711,1,130.2075,800.6836,149.1896,795.7067
100.6849,1,130.2075,800.6836,139.6985,798.1951
100.7046,1,131.2824,780.0551,135.4905,789.1251
100.7336,1,184.5956,730.2295,160.043,759.6773
100.7528,1,184.5956,730.2295,172.3193,744.9534
100.7828,1,334.4005,617.0994,253.3599,681.0264
100.8036,1,493.1553,495.5999,373.2576,588.3131
100.8153,1,493.1553,495.5999,433.2065,541.9565
100.8197,1,583.8942,429.5475,508.5504,485.752
100.8244,1,583.8942,429.5475,546.2223,457.6497
100.8342,1,583.8942,429.5475,565.0582,443.5986
100.8384,1,583.8942,429.5475,574.4762,436.573
100.8545,1,629.2738,393.4115,601.875,414.9922
100.8725,1,629.2738,393.4115,615.5744,404.2019
100.9033,1,651.5849,375.3838,633.5797,389.7928
100.9186,1,665.0216,363.3799,649.3007,376.5864
100.925,1,665.0216,363.3799,657.1611,369.9832
100.931,1,665.0216,363.3799,661.0914,366.6815
100.9434,1,672.0591,356.6954,666.5752,361.6885
100.9583,1,672.0591,356.6954,669.3171,359.192
100.9651,1,672.0591,356.6954,670.6881,357.9437
100.9783,1,676.6929,352.5388,673.6906,355.2412
100.9904,1,676.6929,352.5388,675.1918,353.89
100.9961,1,676.6929,352.5388,675.9424,353.2144
101.008,1,677.8999,349.4351,676.9211,351.3247
101.0231,1,677.8999,349.4351,677.4105,350.3799
101.0424,1,680.4128,345.8942,678.9117,348.137
101.0737,1,682.1457,344.1849,680.5287,346.1609
101.088,1,682.1457,344.1849,681.3372,345.1729
101.0935,1,683.6961,343.5626,682.5166,344.3678
101.0982,1,683.6961,343.5626,683.1063,343.9652
101.1028,1,683.6961,343.5626,683.4012,343.7639
101.1151,1,683.6961,343.5626,683.5487,343.6633
101.1196,1,683.6961,343.5626,683.6224,343.6129
101.1288,1,724.279,343.9257,703.9507,343.7693
101.1335,1,724.279,343.9257,714.1149,343.8475
101.1389,1,724.279,343.9257,719.1969,343.8866
101.1475,1,724.279,343.9257,721.7379,343.9062
101.1526,1,793.9625,342.0896,757.8502,342.9979
101.1634,1,793.9625,342.0896,775.9064,342.5437
101.1692,1,793.9625,342.0896,784.9344,342.3167
101.1762,1,793.9625,342.0896,789.4485,342.2031
101.1813,1,853.512,338.5027,821.4802,340.3529
101.1921,1,853.512,338.5027,837.4961,339.4278
101.1971,1,853.512,338.5027,845.504,338.9652
101.2051,1,853.512,338.5027,849.5081,338.7339
101.2114,1,896.9573,336.5873,873.2327,337.6606
101.2168,1,896.9573,336.5873,885.095,337.124
101.2263,1,896.9573,336.5873,891.0261,336.8557
101.232,1,896.9573,336.5873,893.9917,336.7215
101.2433,1,925.4774,334.8882,909.7346,335.8048
101.2593,1,925.4774,334.8882,917.606,335.3465
101.2747,1,944.2062,333.3069,930.9061,334.3267
101.2934,1,944.2062,333.3069,937.5562,333.8168
101.3033,1,957.4874,332.3535,947.5217,333.0851
101.3097,1,957.4874,332.3535,952.5045,332.7193
101.3277,1,957.4874,332.3535,954.996,332.5364
101.3403,1,919.5599,369.7485,937.278,351.1425
101.3522,1,919.5599,369.7485,928.4189,360.4455
101.3571,1,919.5599,369.7485,923.9894,365.097
101.3676,1,775.2072,474.4621,849.5983,419.7795
101.3813,1,775.2072,474.4621,812.4027,447.1208
101.3877,1,775.2072,474.4621,793.8049,460.7914
101.4028,1,586.0403,605.0462,689.9226,532.9188
101.4235,1,471.3708,675.027,580.6467,603.9729
101.4594,1,413.3735,704.4626,497.0101,654.2178
101.4643,1,413.3735,704.4626,455.1918,679.3402
101.4773,1,413.3735,704.4626,434.2827,691.9014
101.4826,1,413.3735,704.4626,423.8281,698.182
101.4996,1,384.135,717.5233,403.9816,707.8527
101.5154,1,371.0432,717.1791,387.5124,712.5159
101.5296,1,371.0432,717.1791,379.2778,714.8475
101.5446,1,347.0612,714.6207,363.1695,714.7341
101.5605,1,347.0612,714.6207,355.1154,714.6774
101.5774,1,291.8804,702.5448,323.4979,708.6111
101.5904,1,291.8804,702.5448,307.6892,705.5779
101.6099,1,248.1098,691.5764,277.8995,698.5771
101.6297,1,248.1098,691.5764,263.0046,695.0768
101.642,1,221.8381,686.5876,242.4214,690.8322
101.6508,1,221.8381,686.5876,232.1297,688.7098
101.6553,1,221.8381,686.5876,226.9839,687.6487
101.6603,1,221.8381,686.5876,224.411,687.1182
101.6648,1,201.3204,684.3488,212.8657,685.7335
101.6706,1,201.3204,684.3488,207.093,685.0411
101.6811,1,201.3204,684.3488,204.2067,684.6949
101.6853,1,201.3204,684.3488,202.7636,684.5219
101.6937,1,201.3204,684.3488,202.042,684.4353
101.6984,1,189.3235,683.3067,195.6827,683.871
101.7038,1,189.3235,683.3067,192.5031,683.5889
101.7119,1,189.3235,683.3067,190.9133,683.4478
101.7171,1,189.3235,683.3067,190.1184,683.3772
101.7241,1,189.3235,683.3067,189.7209,683.3419
101.7308,1,181.9802,682.07,185.8506,682.7059
101.7462,1,181.9802,682.07,183.9154,682.3879
101.7595,1,176.4501,682.0988,180.1827,682.2434
101.7646,1,176.4501,682.0988,178.3164,682.1711
101.7791,1,176.4501,682.0988,177.3832,682.135
101.7916,1,169.5892,685.679,173.4862,683.907
101.798,1,169.5892,685.679,171.5377,684.793
101.8135,1,169.5892,685.679,170.5635,685.236
101.8245,1,163.2086,689.1789,166.886,687.2074
101.842,1,163.2086,689.1789,165.0473,688.1931
101.8578,1,158.4784,692.4334,161.7629,690.3132
101.874,1,158.4784,692.4334,160.1207,691.3733
101.8811,1,153.4601,694.9745,156.7904,693.174
101.8876,1,153.4601,694.9745,155.1252,694.0742
101.8919,1,153.4601,694.9745,154.2927,694.5244
101.9015,1,153.4601,694.9745,153.8764,694.7495
101.906,1,153.4601,694.9745,153.6683,694.8621
101.9166,1,148.8254,696.9471,151.2468,695.9046
101.9212,1,148.8254,696.9471,150.0361,696.4259
101.9329,1,148.8254,696.9471,149.4308,696.6865
101.9377,1,146.1688,697.1201,147.7998,696.9033
101.9491,1,146.1688,697.1201,146.9843,697.0117
101.954,1,146.1688,697.1201,146.5766,697.0659
101.9643,1,146.1688,697.1201,146.3727,697.093
101.9704,1,144.1432,697.6802,145.258,697.3866
101.9768,1,144.1432,697.6802,144.7006,697.5334
101.9814,1,144.1432,697.6802,144.4219,697.6068
101.9881,1,144.1432,697.6802,144.2826,697.6436
101.9959,1,144.1432,697.6802,144.2129,697.6619
102.001,1,141.3354,698.3283,142.7741,697.9951
102.0117,1,141.3354,698.3283,142.0548,698.1617
102.0162,1,141.3354,698.3283,141.6951,698.245
102.029,1,154.1496,699.4572,147.9224,698.8511
102.0408,1,154.1496,699.4572,151.036,699.1541
102.0477,1,154.1496,699.4572,152.5928,699.3057
102.0685,1,292.6567,696.4662,222.6248,697.8859
102.0945,1,708.4841,691.5384,465.5544,694.7122
102.1142,1,708.4841,691.5384,587.0192,693.1252
102.1347,1,1128.62,791.9745,857.8195,742.5499
102.1665,1,1309.086,839.5847,1083.453,791.0673
102.1845,1,1376.18,845.1014,1229.817,818.0844
102.2016,1,1376.18,845.1014,1302.999,831.5929
102.2215,1,1400.248,843.2376,1351.623,837.4153
102.2373,1,1400.248,843.2376,1375.936,840.3264
102.256,1,1409.638,839.4095,1392.787,839.868
102.2851,1,1412.829,836.0499,1402.808,837.9589
102.3009,1,1413.992,831.5766,1408.4,834.7678
102.3051,1,1413.992,831.5766,1411.196,833.1722
102.3116,1,1413.992,831.5766,1412.594,832.3744
102.3303,1,1413.92,827.9568,1413.257,830.1656
102.3455,1,1413.92,827.9568,1413.589,829.0612
102.3629,1,1411.984,824.8818,1412.786,826.9715
102.3957,1,1410.017,822.492,1411.402,824.7318
102.4112,1,1410.017,822.492,1410.709,823.6119
102.4157,1,1410.017,822.492,1410.363,823.0519
102.4203,1,1407.209,819.531,1408.786,821.2915
102.4291,1,1407.209,819.531,1407.997,820.4113
102.4339,1,1407.209,819.531,1407.603,819.9711
102.4385,1,1407.209,819.531,1407.406,819.7511
102.4492,1,1407.209,819.531,1407.307,819.6411
102.4564,1,1404.388,819.9609,1405.848,819.801
102.4621,1,1404.388,819.9609,1405.118,819.881
102.4677,1,1404.388,819.9609,1404.753,819.921
102.478,1,1404.388,819.9609,1404.571,819.9409
102.4828,1,1402.653,821.4665,1403.612,820.7037
102.4904,1,1402.653,821.4665,1403.132,821.0851
102.4963,1,1402.653,821.4665,1402.892,821.2758
102.5012,1,1402.653,821.4665,1402.772,821.3711
102.5115,1,1402.492,822.2909,1402.632,821.831
102.5164,1,1402.492,822.2909,1402.562,822.0609
102.5291,1,1402.492,822.2909,1402.527,822.1759
102.5337,1,1402.492,822.2909,1402.51,822.2334
102.5457,1,1402.672,822.7081,1402.591,822.4707
102.5513,1,1402.672,822.7081,1402.631,822.5894
102.5643,1,1402.672,822.7081,1402.652,822.6487
102.5816,1,1403.115,823.1103,1402.884,822.8795
102.599,1,1403.115,823.1103,1403,822.9949
102.6316,1,1401.895,823.8141,1402.447,823.4045
102.6497,1,1401.895,823.8141,1402.171,823.6094
102.6794,1,1400.153,823.4178,1401.162,823.5136
102.6964,1,1398.736,822.8621,1399.949,823.1879
102.7313,1,1396.906,821.3273,1398.427,822.2576
102.7421,1,1396.906,821.3273,1397.667,821.7925
102.7482,1,1396.906,821.3273,1397.286,821.5599
102.7647,1,1394.171,820.5219,1395.729,821.0409
102.7838,1,1391.391,819.6677,1393.56,820.3542
102.8149,1,1382.063,817.012,1387.812,818.6831
102.8373,1,1382.063,817.012,1384.937,817.8475
102.8523,1,1296.104,806.6044,1340.521,812.226
102.857,1,1296.104,806.6044,1318.313,809.4152
102.8645,1,1296.104,806.6044,1307.209,808.0098
102.8702,1,1296.104,806.6044,1301.656,807.3071
102.8761,1,995.812,776.1849,1148.734,791.746
102.8935,1,995.812,776.1849,1072.273,783.9655
102.9021,1,612.7916,724.674,842.5324,754.3197
102.9098,1,612.7916,724.674,727.662,739.4968
102.9167,1,612.7916,724.674,670.2268,732.0854
102.9221,1,612.7916,724.674,641.5092,728.3796
102.9351,1,391.3213,689.5388,516.4153,708.9592
102.9438,1,391.3213,689.5388,453.8683,699.249
102.9498,1,391.3213,689.5388,422.5948,694.3939
102.9621,1,391.3213,689.5388,406.958,691.9663
102.968,1,297.2915,676.3082,352.1248,684.1372
102.9784,1,297.2915,676.3082,324.7081,680.2227
102.9843,1,297.2915,676.3082,310.9998,678.2654
102.996,1,249.8284,676.123,280.4141,677.1942
103.0014,1,249.8284,676.123,265.1213,676.6586
103.0089,1,249.8284,676.123,257.4749,676.3909
103.0142,1,249.8284,676.123,253.6516,676.257
103.0238,1,230.5814,674.3778,242.1165,675.3174
103.0308,1,230.5814,674.3778,236.349,674.8476
103.0432,1,230.5814,674.3778,233.4652,674.6127
103.0493,1,230.5814,674.3778,232.0233,674.4952
103.064,1,213.7413,681.4157,222.8823,677.9554
103.089,1,201.8244,686.1769,212.3533,682.0662
103.0966,1,201.8244,686.1769,207.0889,684.1216
103.1129,1,201.8244,686.1769,204.4566,685.1493
103.1279,1,196.2953,689.4892,200.376,687.3192
103.1591,1,206.7123,693.8515,203.5441,690.5853
103.1933,1,263.8881,701.8275,233.7161,696.2064
103.2166,1,520.517,731.9733,377.1166,714.0898
103.2213,1,520.517,731.9733,448.8168,723.0316
103.2273,1,520.517,731.9733,484.6669,727.5024
103.2317,1,520.517,731.9733,502.592,729.7379
103.2386,1,866.1507,773.6215,684.3713,751.6797
103.2444,1,866.1507,773.6215,775.261,762.6506
103.2497,1,866.1507,773.6215,820.7058,768.136
103.2607,1,866.1507,773.6215,843.4282,770.8787
103.2651,1,866.1507,773.6215,854.7894,772.2501
103.2791,1,1068.953,789.4992,961.8713,780.8746
103.2962,1,1164.506,795.0115,1063.189,787.9431
103.316,1,1164.506,795.0115,1113.847,791.4773
103.3485,1,1205.613,797.6042,1159.73,794.5408
103.3882,1,1235.351,799.6525,1197.541,797.0966
103.4139,1,1235.351,799.6525,1216.446,798.3745
103.4194,1,1259.343,786.524,1237.894,792.4492
103.4371,1,1259.343,786.524,1248.618,789.4866
103.456,1,1271.719,780.6804,1260.168,785.0835
103.4725,1,1271.719,780.6804,1265.944,782.882
103.486,1,1277.583,779.9128,1271.763,781.3973
103.4909,1,1277.583,779.9128,1274.673,780.655
103.496,1,1277.583,779.9128,1276.128,780.2839
103.5105,1,1282.374,778.9449,1279.251,779.6144
103.5156,1,1282.374,778.9449,1280.813,779.2797
103.5201,1,1282.374,778.9449,1281.594,779.1123
103.5247,1,1282.374,778.9449,1281.984,779.0286
103.5309,1,1282.374,778.9449,1282.179,778.9868
103.5428,1,1286.829,779.7262,1284.504,779.3565
103.5567,1,1286.829,779.7262,1285.667,779.5414
103.5624,1,1286.829,779.7262,1286.248,779.6338
103.5939,1,1291.838,780.8406,1289.043,780.2372
103.6091,1,1296.178,780.8038,1292.61,780.5205
103.6215,1,1296.178,780.8038,1294.394,780.6622
103.6303,1,1298.027,778.4965,1296.211,779.5793
103.6352,1,1298.027,778.4965,1297.119,779.0379
103.6397,1,1298.027,778.4965,1297.573,778.7672
103.6507,1,1298.027,778.4965,1297.8,778.6318
103.6557,1,1298.027,778.4965,1297.913,778.5641
103.667,1,1298.997,755.3023,1298.455,766.9332
103.6722,1,1298.997,755.3023,1298.726,761.1178
103.6816,1,1298.997,755.3023,1298.861,758.2101
103.6874,1,1309.203,703.1803,1304.032,730.6952
103.6999,1,1309.203,703.1803,1306.618,716.9377
103.7081,1,1309.203,703.1803,1307.91,710.059
103.7137,1,1309.203,703.1803,1308.557,706.6196
103.7192,1,1309.203,703.1803,1308.88,704.9
103.7296,1,1297.679,684.8698,1303.279,694.8849
103.7344,1,1297.679,684.8698,1300.479,689.8773
103.7445,1,1297.679,684.8698,1299.079,687.3735
103.7503,1,1292.375,696.0465,1295.727,691.71
103.7627,1,1292.375,696.0465,1294.051,693.8783
103.7806,1,1291.907,704.7642,1292.979,699.3212
103.8124,1,1292.69,710.9861,1292.834,705.1537
103.8324,1,1292.69,710.9861,1292.762,708.0699
103.8603,1,1292.399,714.2986,1292.58,711.1843
103.8745,1,1291.401,719.0334,1291.991,715.1089
103.8796,1,1291.401,719.0334,1291.696,717.0712
103.8843,1,1291.401,719.0334,1291.549,718.0522
103.8898,1,1291.401,719.0334,1291.475,718.5428
103.8985,1,1291.401,719.0334,1291.438,718.7881
103.9032,1,1290.289,724.3526,1290.864,721.5703
103.912,1,1290.289,724.3526,1290.576,722.9614
103.917,1,1290.289,724.3526,1290.433,723.657
103.9222,1,1290.289,724.3526,1290.361,724.0048
103.9302,1,1290.289,724.3526,1290.325,724.1787
103.9355,1,1288.848,729.7678,1289.586,726.9733
103.9449,1,1288.848,729.7678,1289.217,728.3705
103.9506,1,1288.848,729.7678,1289.032,729.0691
103.9608,1,1287.429,733.7055,1288.231,731.3873
103.9657,1,1287.429,733.7055,1287.83,732.5464
103.9772,1,1287.429,733.7055,1287.63,733.126
103.9821,1,1287.429,733.7055,1287.53,733.4158
103.9952,1,1285.846,735.9015,1286.688,734.6586
104.0118,1,1285.846,735.9015,1286.267,735.28
104.0241,1,1283.893,737.1147,1285.08,736.1974
104.0309,1,1283.893,737.1147,1284.487,736.6561
104.0446,1,1283.893,737.1147,1284.19,736.8854
104.0612,1,1281.81,737.5227,1283,737.204
104.0773,1,1281.81,737.5227,1282.405,737.3634
104.0904,1,1279.155,738.5472,1280.78,737.9553
104.1056,1,1279.155,738.5472,1279.967,738.2512
104.1131,1,1276.302,738.8978,1278.135,738.5745
104.1314,1,1276.302,738.8978,1277.218,738.7361
104.136,1,1276.302,738.8978,1276.76,738.8169
104.1493,1,1274.408,739.8526,1275.584,739.3347
104.1543,1,1274.408,739.8526,1274.996,739.5936
104.1698,1,1274.408,739.8526,1274.702,739.7231
104.188,1,1272.107,740.2347,1273.405,739.9789
104.2213,1,1270.144,740.4982,1271.774,740.2386
104.2382,1,1268.06,740.1386,1269.917,740.1886
104.2689,1,1266.065,739.7,1267.991,739.9443
104.2873,1,1266.065,739.7,1267.028,739.8221
104.3017,1,1264.008,738.8073,1265.518,739.3147
104.3089,1,1264.008,738.8073,1264.763,739.061
104.3264,1,1262.038,737.3014,1263.4,738.1812
104.3412,1,1262.038,737.3014,1262.719,737.7413
104.3615,1,1260.169,735.4129,1261.444,736.5771
104.3814,1,1260.169,735.4129,1260.806,735.995
104.3881,1,1247.781,733.3409,1254.294,734.668
104.3982,1,1247.781,733.3409,1251.038,734.0044
104.4022,1,1247.781,733.3409,1249.41,733.6726
104.4143,1,1152.715,721.9788,1201.062,727.8257
104.4193,1,1152.715,721.9788,1176.889,724.9022
104.4305,1,1152.715,721.9788,1164.802,723.4406
104.4351,1,1152.715,721.9788,1158.759,722.7097
104.4455,1,874.8497,701.4245,1016.804,712.0671
104.4513,1,874.8497,701.4245,945.8269,706.7458
104.4611,1,874.8497,701.4245,910.3383,704.0852
104.4658,1,874.8497,701.4245,892.594,702.7549
104.4771,1,576.9305,691.1435,734.7623,696.9492
104.4817,1,576.9305,691.1435,655.8464,694.0464
104.4913,1,576.9305,691.1435,616.3885,692.595
104.4972,1,576.9305,691.1435,596.6595,691.8693
104.5088,1,408.2991,689.4109,502.4793,690.6401
104.5142,1,408.2991,689.4109,455.3892,690.0255
104.5287,1,408.2991,689.4109,431.8442,689.7182
104.539,1,327.5424,690.1578,379.6933,689.938
104.5449,1,327.5424,690.1578,353.6178,690.0479
104.5621,1,327.5424,690.1578,340.5801,690.1028
104.5894,1,287.2688,693.7972,313.9244,691.95
104.5965,1,262.5848,701.5331,288.2546,696.7415
104.6236,1,262.5848,701.5331,275.4197,699.1373
104.644,1,249.0169,705.9324,262.2183,702.5349
104.6681,1,241.0737,708.1873,251.646,705.3611
104.6725,1,241.0737,708.1873,246.3598,706.7742
104.6778,1,241.0737,708.1873,243.7167,707.4807
104.6824,1,241.0737,708.1873,242.3952,707.834
104.6885,1,236.6041,710.4729,239.4997,709.1534
104.6967,1,236.6041,710.4729,238.0519,709.8132
104.7013,1,236.6041,710.4729,237.328,710.1431
104.7112,1,236.6041,710.4729,236.9661,710.308
104.7161,1,234.1877,710.1406,235.5769,710.2242
104.7291,1,234.1877,710.1406,234.8823,710.1824
104.7337,1,234.1877,710.1406,234.535,710.1615
104.7474,1,292.2013,639.2162,263.3682,674.6888
104.7586,1,292.2013,639.2162,277.7847,656.9525
104.7645,1,292.2013,639.2162,284.993,648.0844
104.7811,1,424.9465,491.16,354.9698,569.6222
104.7976,1,424.9465,491.16,389.9581,530.3911
104.8161,1,537.2104,362.92,463.5843,446.6556
104.8446,1,597.9439,292.237,530.7641,369.4463
104.8617,1,597.9439,292.237,564.354,330.8416
104.8751,1,628.1228,259.9298,596.2384,295.3857
104.8818,1,628.1228,259.9298,612.1806,277.6577
104.886,1,628.1228,259.9298,620.1517,268.7938
104.8954,1,628.1228,259.9298,624.1373,264.3618
104.9003,1,643.2291,245.1532,633.6832,254.7575
104.9051,1,643.2291,245.1532,638.4561,249.9554
104.9159,1,643.2291,245.1532,640.8426,247.5543
104.9208,1,643.2291,245.1532,642.0358,246.3538
104.9307,1,650.0249,236.5738,646.0304,241.4638
104.9356,1,650.0249,236.5738,648.0276,239.0188
104.9404,1,650.0249,236.5738,649.0262,237.7963
104.9455,1,650.0249,236.5738,649.5256,237.185
104.9512,1,650.0249,236.5738,649.7753,236.8794
104.9606,1,653.611,229.5472,651.6931,233.2133
104.9658,1,653.611,229.5472,652.652,231.3802
104.9842,1,653.611,229.5472,653.1315,230.4637
104.9973,1,663.5944,224.4044,658.3629,227.4341
105.0146,1,663.5944,224.4044,660.9786,225.9192
105.0297,1,737.822,285.0589,699.4003,255.489
105.0442,1,737.822,285.0589,718.6112,270.274
105.0581,1,935.3494,470.9797,826.9803,370.6268
105.0723,1,935.3494,470.9797,881.1648,420.8033
105.0783,1,1154.795,682.0247,1017.98,551.4139
105.0951,1,1154.795,682.0247,1086.387,616.7193
105.1096,1,1262.948,783.628,1174.668,700.1736
105.1403,1,1305.097,818.2078,1239.882,759.1907
105.1592,1,1305.097,818.2078,1272.49,788.6992
105.1795,1,1321.692,835.6064,1297.091,812.1528
105.2119,1,1327.774,840.9943,1312.432,826.5736
105.2311,1,1331.441,842.2761,1321.937,834.4249
105.2606,1,1330.1,833.7896,1326.018,834.1072
105.2783,1,1330.1,833.7896,1328.059,833.9484
105.3083,1,1333.347,833.2042,1330.703,833.5763
105.3263,1,1335.365,832.3411,1333.034,832.9587
105.3433,1,1335.365,832.3411,1334.2,832.6499
105.3637,1,1336.441,831.9321,1335.32,832.291
105.369,1,1336.441,831.9321,1335.881,832.1116
105.374,1,1336.441,831.9321,1336.161,832.0219
105.3795,1,1336.441,831.9321,1336.301,831.977
105.3844,1,1336.589,830.3694,1336.445,831.1732
105.3934,1,1336.589,830.3694,1336.517,830.7714
105.3984,1,1336.589,830.3694,1336.553,830.5704
105.4033,1,1336.589,830.3694,1336.571,830.47
105.4126,1,1337.284,830.0527,1336.927,830.2614
105.4179,1,1337.284,830.0527,1337.105,830.157
105.4282,1,1337.284,830.0527,1337.195,830.1049
105.4331,1,1337.284,830.0527,1337.239,830.0788
105.4432,1,1342.019,829.5638,1339.629,829.8213
105.4496,1,1342.019,829.5638,1340.824,829.6925
105.4607,1,1342.019,829.5638,1341.421,829.6282
105.4762,1,1345.806,830.3619,1343.614,829.995
105.4909,1,1345.806,830.3619,1344.71,830.1785
105.5053,1,1348.781,830.7231,1346.745,830.4508
105.5118,1,1348.781,830.7231,1347.763,830.587
105.5271,1,1348.781,830.7231,1348.272,830.655
105.5399,1,1350.383,830.0991,1349.328,830.3771
105.5556,1,1350.383,830.0991,1349.855,830.2381
105.5671,1,1352.507,829.487,1351.181,829.8625
105.5733,1,1352.507,829.487,1351.844,829.6748
105.583,1,1352.507,829.487,1352.176,829.5809
105.5885,1,1352.507,829.487,1352.342,829.5339
105.5977,1,1355.046,828.8419,1353.694,829.1879
105.6028,1,1355.046,828.8419,1354.37,829.0149
105.6157,1,1355.046,828.8419,1354.708,828.9283
105.6283,1,1356.885,828.1588,1355.796,828.5436
105.6333,1,1356.885,828.1588,1356.341,828.3512
105.646,1,1356.885,828.1588,1356.613,828.255
105.6526,1,1358.575,826.9551,1357.594,827.605
105.6813,1,1358.575,826.9551,1358.084,827.28
105.7005,1,1361.178,825.8152,1359.631,826.5476
105.7192,1,1363.647,826.519,1361.639,826.5333
105.7377,1,1363.647,826.519,1362.643,826.5262
105.7554,1,1365.233,827.4656,1363.938,826.9959
105.7734,1,1367.181,828.3306,1365.559,827.6632
105.7922,1,1367.181,828.3306,1366.37,827.9969
105.8089,1,1368.489,828.3729,1367.429,828.1849
105.8237,1,1368.489,828.3729,1367.959,828.2789
105.8399,1,1369.292,827.7393,1368.625,828.0092
105.8579,1,1369.292,827.7393,1368.959,827.8743
105.8775,1,1369.747,827.2096,1369.353,827.5419
105.8878,1,1369.747,827.2096,1369.55,827.3757
105.8934,1,1369.747,827.2096,1369.649,827.2927
105.8988,1,1369.623,826.8384,1369.636,827.0656
105.9119,1,1369.623,826.8384,1369.629,826.952
105.9263,1,1369.556,826.0685,1369.593,826.5103
105.9519,1,1369.556,826.0685,1369.574,826.2894
105.9622,1,1369.212,824.9633,1369.393,825.6263
105.9765,1,1369.212,824.9633,1369.303,825.2948
105.9883,1,1369.014,824.5876,1369.158,824.9412
105.9938,1,1369.014,824.5876,1369.086,824.7644
106.0103,1,1369.014,824.5876,1369.05,824.676
106.0211,1,1367.196,824.3767,1368.123,824.5264
106.0273,1,1367.196,824.3767,1367.66,824.4515
106.0404,1,1367.196,824.3767,1367.428,824.4141
106.0634,1,1303.223,814.0912,1335.325,819.2527
106.078,1,1042.839,768.3439,1189.082,793.7983
106.0828,1,1042.839,768.3439,1115.96,781.071
106.0881,1,1042.839,768.3439,1079.4,774.7075
106.1028,1,1042.839,768.3439,1061.119,771.5256
106.1185,1,684.0793,706.6877,872.5992,739.1067
106.1353,1,461.1738,665.5392,666.8865,702.323
106.15,1,461.1738,665.5392,564.0302,683.9312
106.1688,1,367.5547,651.2487,465.7924,667.5899
106.1851,1,367.5547,651.2487,416.6736,659.4193
106.2044,1,321.7515,649.2888,369.2125,654.354
106.2324,1,296.3086,649.9333,332.7606,652.1437
106.2371,1,296.3086,649.9333,314.5346,651.0385
106.2421,1,296.3086,649.9333,305.4216,650.4858
106.2616,1,282.5005,650.9432,293.9611,650.7145
106.2938,1,277.0603,651.0237,285.5107,650.8691
106.2992,1,277.0603,651.0237,281.2855,650.9464
106.3049,1,277.0603,651.0237,279.1729,650.985
106.3138,1,277.0603,651.0237,278.1166,651.0044
106.3184,1,351.0898,662.745,314.6032,656.8747
106.3275,1,351.0898,662.745,332.8465,659.8098
106.3322,1,351.0898,662.745,341.9682,661.2774
106.3368,1,351.0898,662.745,346.529,662.0112
106.3478,1,450.2841,685.7622,398.4066,673.8867
106.3528,1,450.2841,685.7622,424.3453,679.8245
106.3599,1,450.2841,685.7622,437.3147,682.7933
106.3651,1,450.2841,685.7622,443.7994,684.2778
106.3728,1,450.2841,685.7622,447.0417,685.02
106.3783,1,787.9932,746.9699,617.5175,715.995
106.3836,1,787.9932,746.9699,702.7553,731.4824
106.3942,1,787.9932,746.9699,745.3743,739.2262
106.3993,1,787.9932,746.9699,766.6837,743.098
106.4102,1,1052.735,788.5294,909.7095,765.8137
106.4161,1,1052.735,788.5294,981.2224,777.1715
106.428,1,1052.735,788.5294,1016.979,782.8505
106.4397,1,1186.395,806.1462,1101.687,794.4983
106.4461,1,1186.395,806.1462,1144.041,800.3223
106.4615,1,1186.395,806.1462,1165.218,803.2343
106.4781,1,1248.714,812.6006,1206.966,807.9175
106.5094,1,1280.335,817.405,1243.65,812.6613
106.5306,1,1295.297,817.9661,1269.473,815.3137
106.55,1,1295.297,817.9661,1282.385,816.6399
106.5644,1,1301.761,816.8693,1292.073,816.7546
106.6044,1,1315.249,813.6036,1303.661,815.1791
106.6242,1,1322.872,810.2527,1313.267,812.7159
106.6392,1,1322.872,810.2527,1318.069,811.4843
106.6442,1,1322.872,810.2527,1320.471,810.8685
106.6502,1,1326.21,806.4946,1323.34,808.6815
106.6641,1,1326.21,806.4946,1324.775,807.5881
106.6837,1,1328.206,802.5843,1326.491,805.0862
106.706,1,1328.206,802.5843,1327.349,803.8352
106.719,1,1328.697,797.9342,1328.023,800.8847
106.7234,1,1328.697,797.9342,1328.36,799.4094
106.73,1,1328.697,797.9342,1328.528,798.6718
106.747,1,1327.858,794.5804,1328.193,796.6261
106.7745,1,1328.218,795.8707,1328.206,796.2484
106.794,1,1328.218,795.8707,1328.212,796.0596
106.8095,1,1325.755,792.1831,1326.984,794.1213
106.8317,1,1265.573,735.7045,1296.278,764.9129
106.8371,1,1265.573,735.7045,1280.925,750.3087
106.8422,1,1265.573,735.7045,1273.249,743.0066
106.8479,1,1265.573,735.7045,1269.411,739.3555
106.8528,1,1265.573,735.7045,1267.492,737.53
106.8618,1,1053.203,543.3716,1160.347,640.4508
106.8675,1,1053.203,543.3716,1106.775,591.9113
106.8776,1,1053.203,543.3716,1079.989,567.6415
106.882,1,1053.203,543.3716,1066.596,555.5066
106.8905,1,849.725,365.0592,958.1605,460.2829
106.8957,1,849.725,365.0592,903.9427,412.6711
106.9079,1,849.725,365.0592,876.8339,388.8652
106.9142,1,849.725,365.0592,863.2794,376.9622
106.9337,1,758.8645,285.834,811.072,331.3981
106.9578,1,719.8884,252.3384,765.4802,291.8682
106.964,1,719.8884,252.3384,742.6843,272.1033
106.9796,1,719.8884,252.3384,731.2863,262.2208
107.0112,1,704.833,241.0607,718.0597,251.6407
107.0303,1,697.2825,233.2839,707.6711,242.4623
107.0456,1,691.4891,231.3552,699.5801,236.9088
107.0756,1,689.3462,227.9419,694.4631,232.4253
107.0909,1,689.3462,227.9419,691.9047,230.1836
107.1077,1,680.5713,226.323,686.238,228.2533
107.1258,1,680.5713,226.323,683.4047,227.2881
107.144,1,668.3048,225.9417,675.8547,226.6149
107.1625,1,660.9018,225.7763,668.3783,226.1956
107.1795,1,660.9018,225.7763,664.64,225.986
107.1982,1,655.3685,225.7218,660.0043,225.8539
107.2314,1,651.2269,225.5813,655.6156,225.7176
107.2516,1,651.2269,225.5813,653.4213,225.6495
107.2785,1,647.0152,225.6886,650.2183,225.669
107.2915,1,661.1487,235.062,655.6835,230.3655
107.3063,1,661.1487,235.062,658.4161,232.7138
107.3205,1,739.8778,217.2829,699.147,224.9984
107.3337,1,739.8778,217.2829,719.5124,221.1406
107.3385,1,739.8778,217.2829,729.6951,219.2118
107.3509,1,949.1107,387.7505,839.4028,303.4812
107.3647,1,949.1107,387.7505,894.2567,345.6158
107.371,1,949.1107,387.7505,921.6837,366.6832
107.3794,1,1120.536,562.4925,1021.11,464.5878
107.3841,1,1120.536,562.4925,1070.823,513.5402
107.3958,1,1120.536,562.4925,1095.68,538.0164
107.4002,1,1120.536,562.4925,1108.108,550.2544
107.4125,1,1202.974,664.7095,1155.541,607.4819
107.4239,1,1202.974,664.7095,1179.258,636.0957
107.4304,1,1202.974,664.7095,1191.116,650.4026
107.4407,1,1237.203,709.1277,1214.16,679.7651
107.4483,1,1237.203,709.1277,1225.682,694.4464
107.4618,1,1237.203,709.1277,1231.443,701.787
107.466,1,1249.989,729.6249,1240.716,715.7059
107.4716,1,1249.989,729.6249,1245.352,722.6654
107.4769,1,1249.989,729.6249,1247.67,726.1451
107.492,1,1249.989,729.6249,1248.83,727.885
107.5289,1,1262.64,737.9933,1255.735,732.9391
107.5652,1,1265.159,736.3767,1260.447,734.658
107.5971,1,1263.443,732.2524,1261.945,733.4552
107.6175,1,1261.438,729.2083,1261.692,731.3317
107.6523,1,1258.885,726.8939,1260.288,729.1128
107.6683,1,1258.885,726.8939,1259.587,728.0034
107.6882,1,1256.176,725.0078,1257.881,726.5056
107.7182,1,1254.114,722.8845,1255.998,724.6951
107.7339,1,1254.114,722.8845,1255.056,723.7898
107.7511,1,1252.259,720.6339,1253.658,722.2119
107.7713,1,1250.959,719.1966,1252.308,720.7042
107.8011,1,1250.084,718.1882,1251.196,719.4462
107.8202,1,1250.084,718.1882,1250.64,718.8171
107.8352,1,1248.791,716.1661,1249.716,717.4916
107.8395,1,1248.791,716.1661,1249.253,716.8289
107.8445,1,1248.791,716.1661,1249.022,716.4974
107.85,1,1248.791,716.1661,1248.906,716.3318
107.8622,1,1246.652,711.7535,1247.779,714.0426
107.8758,1,1246.652,711.7535,1247.215,712.8981
107.8812,1,1246.652,711.7535,1246.934,712.3258
107.8951,1,1243.55,706.4617,1245.242,709.3937
107.9186,1,1240.344,701.649,1242.793,705.5214
107.9346,1,1240.344,701.649,1241.568,703.5852
107.9523,1,1237.713,695.2997,1239.641,699.4425
107.9717,1,1237.713,695.2997,1238.677,697.3711
108.0013,1,1234.375,683.6421,1236.526,690.5066
108.0208,1,1231.758,672.8917,1234.142,681.6991
108.0389,1,1229.459,667.9067,1231.801,674.8029
108.0685,1,1227.12,663.8345,1229.46,669.3187
108.0866,1,1227.12,663.8345,1228.29,666.5766
108.1033,1,1224.261,656.748,1226.276,661.6624
108.1189,1,1224.261,656.748,1225.268,659.2052
108.1334,1,1219.906,649.8879,1222.587,654.5466
108.1512,1,1219.906,649.8879,1221.246,652.2173
108.1703,1,1215.402,644.6515,1218.324,648.4344
108.1854,1,1215.402,644.6515,1216.863,646.543
108.2051,1,1211.938,641.5453,1214.401,644.0442
108.2228,1,1208.773,637.9203,1211.587,640.9823
108.2416,1,1208.773,637.9203,1210.18,639.4513
108.2555,1,1206.906,632.8707,1208.543,636.161
108.2745,1,1206.906,632.8707,1207.724,634.5159
108.2873,1,1206.034,628.0043,1206.879,631.2601
108.2931,1,1206.034,628.0043,1206.457,629.6322
108.2979,1,1206.034,628.0043,1206.245,628.8182
108.3024,1,1206.034,628.0043,1206.139,628.4113
108.3161,1,1205.049,623.5052,1205.594,625.9583
108.3345,1,1205.049,623.5052,1205.322,624.7318
108.3517,1,1205.232,618.3423,1205.277,621.537
108.3698,1,1205.232,618.3423,1205.254,619.9397
108.3841,1,1205.259,613.5674,1205.257,616.7535
108.4036,1,1204.343,616.0022,1204.8,616.3779
108.4214,1,1204.343,616.0022,1204.572,616.1901
108.4378,1,1202.965,614.1124,1203.768,615.1512
108.4571,1,1202.965,614.1124,1203.367,614.6318
108.4693,1,1205.26,612.6512,1204.313,613.6415
108.4749,1,1205.26,612.6512,1204.787,613.1464
108.4875,1,1205.26,612.6512,1205.023,612.8988
108.5006,1,1208.935,612.2958,1206.979,612.5973
108.5053,1,1208.935,612.2958,1207.957,612.4465
108.523,1,1212.819,612.1948,1210.388,612.3207
108.5389,1,1212.819,612.1948,1211.603,612.2577
108.5559,1,1216.872,610.7142,1214.238,611.486
108.5802,1,1216.872,610.7142,1215.555,611.1001
108.5928,1,1220.871,609.2289,1218.213,610.1646
108.5972,1,1220.871,609.2289,1219.542,609.6968
108.6043,1,1220.871,609.2289,1220.207,609.4629
108.6107,1,1220.871,609.2289,1220.539,609.3459
108.6225,1,1224.937,608.2551,1222.738,608.8005
108.6291,1,1224.937,608.2551,1223.837,608.5278
108.6435,1,1228.35,606.7338,1226.094,607.6308
108.6605,1,1228.35,606.7338,1227.222,607.1823
108.6788,1,1231.016,605.3911,1229.119,606.2866
108.6949,1,1231.016,605.3911,1230.068,605.8389
108.7112,1,1233.122,604.2181,1231.595,605.0284
108.7262,1,1233.122,604.2181,1232.358,604.6233
108.7374,1,1235.349,602.157,1233.854,603.3901
108.7423,1,1235.349,602.157,1234.601,602.7736
108.7479,1,1235.349,602.157,1234.975,602.4653
108.7534,1,1235.349,602.157,1235.162,602.3112
108.7628,1,1235.349,602.157,1235.255,602.2341
108.7684,1,1238.455,600.4174,1236.855,601.3258
108.7776,1,1238.455,600.4174,1237.656,600.8716
108.7822,1,1238.455,600.4174,1238.055,600.6445
108.7915,1,1238.455,600.4174,1238.255,600.531
108.7974,1,1241.481,598.5874,1239.868,599.5592
108.8047,1,1241.481,598.5874,1240.675,599.0733
108.8107,1,1241.481,598.5874,1241.078,598.8303
108.8155,1,1241.481,598.5874,1241.28,598.7089
108.8288,1,1243.991,596.3307,1242.635,597.5198
108.8421,1,1243.991,596.3307,1243.313,596.9253
108.8612,1,1245.506,595.5935,1244.41,596.2594
108.8805,1,1245.506,595.5935,1244.958,595.9265
108.9054,1,1247.158,594.6061,1246.058,595.2662
108.9186,1,1248.748,593.9666,1247.403,594.6165
108.9234,1,1248.748,593.9666,1248.076,594.2915
108.9317,1,1248.748,593.9666,1248.412,594.129
108.9361,1,1248.748,593.9666,1248.58,594.0479
108.9414,1,1248.748,593.9666,1248.664,594.0072
108.9508,1,1249.486,593.6833,1249.075,593.8453
108.9567,1,1249.486,593.6833,1249.28,593.7643
108.9671,1,1249.486,593.6833,1249.383,593.7238
108.9724,1,1249.486,593.6833,1249.434,593.7036
108.9817,1,1250.432,593.0363,1249.933,593.3699
108.9876,1,1250.432,593.0363,1250.182,593.2031
108.9977,1,1250.432,593.0363,1250.307,593.1197
109.0021,1,1250.432,593.0363,1250.369,593.078
109.0145,1,1251.428,592.0445,1250.899,592.5613
109.0197,1,1251.428,592.0445,1251.163,592.3029
109.0298,1,1251.428,592.0445,1251.296,592.1737
109.0353,1,1251.428,592.0445,1251.362,592.1091
109.043,1,1252.429,590.9807,1251.896,591.5449
109.0491,1,1252.429,590.9807,1252.162,591.2628
109.0603,1,1252.429,590.9807,1252.295,591.1218
109.0653,1,1252.429,590.9807,1252.362,591.0513
109.0782,1,1253.65,590.0058,1253.006,590.5286
109.084,1,1253.65,590.0058,1253.328,590.2672
109.0947,1,1253.65,590.0058,1253.489,590.1365
109.1007,1,1247.767,585.7845,1250.628,587.9605
109.114,1,1247.767,585.7845,1249.197,586.8726
109.1276,1,1174.066,542.2023,1211.632,564.5374
109.1401,1,1174.066,542.2023,1192.849,553.3699
109.1475,1,1174.066,542.2023,1183.458,547.7861
109.161,1,969.0051,405.7256,1076.231,476.7559
109.1741,1,969.0051,405.7256,1022.618,441.2408
109.1804,1,969.0051,405.7256,995.8117,423.4832
109.1971,1,789.93,283.9939,892.8708,353.7386
109.214,1,789.93,283.9939,841.4004,318.8663
109.2322,1,701.241,225.6314,771.3207,272.2488
109.2382,1,701.241,225.6314,736.2809,248.9401
109.2509,1,658.5794,198.6919,697.4302,223.816
109.2633,1,658.5794,198.6919,678.0048,211.254
109.27,1,658.5794,198.6919,668.2921,204.9729
109.2804,1,636.6577,189.7866,652.4749,197.3798
109.2862,1,636.6577,189.7866,644.5663,193.5832
109.2972,1,636.6577,189.7866,640.6119,191.6849
109.3025,1,636.6577,189.7866,638.6348,190.7357
109.3111,1,624.7924,186.886,631.7136,188.8109
109.316,1,624.7924,186.886,628.2529,187.8484
109.3276,1,624.7924,186.886,626.5226,187.3672
109.3333,1,624.7924,186.886,625.6575,187.1266
109.3431,1,615.6533,185.5314,620.6554,186.329
109.3492,1,615.6533,185.5314,618.1543,185.9302
109.3602,1,615.6533,185.5314,616.9038,185.7308
109.3656,1,615.6533,185.5314,616.2786,185.6311
109.3753,1,526.616,209.5224,571.4473,197.5767
109.3809,1,526.616,209.5224,549.0316,203.5495
109.395,1,526.616,209.5224,537.8238,206.5359
109.4098,1,382.7822,290.5664,460.303,248.5512
109.4244,1,382.7822,290.5664,421.5426,269.5588
109.4447,1,274.4206,456.7999,347.9816,363.1794
109.4635,1,227.5769,595.1478,287.7792,479.1636
109.494,1,206.9349,665.7806,247.3571,572.4721
109.5133,1,206.9349,665.7806,227.146,619.1263
109.5254,1,195.3168,701.4988,211.2314,660.3126
109.5312,1,195.3168,701.4988,203.274,680.9058
109.5374,1,195.3168,701.4988,199.2954,691.2023
109.5584,1,185.812,720.2928,192.5537,705.7476
109.5727,1,185.812,720.2928,189.1829,713.0202
109.5877,1,183.4842,730.8677,186.3335,721.944
109.5929,1,183.4842,730.8677,184.9088,726.4058
109.5982,1,183.4842,730.8677,184.1965,728.6367
109.6097,1,183.6772,734.4357,183.9368,731.5363
109.6151,1,183.6772,734.4357,183.807,732.986
109.6276,1,183.6772,734.4357,183.7421,733.7108
109.6324,1,183.6772,734.4357,183.7096,734.0732
109.6458,1,184.4863,734.597,184.0979,734.3351
109.6628,1,184.4863,734.597,184.2921,734.4661
109.6783,1,186.3291,734.9677,185.3106,734.7169
109.696,1,186.3291,734.9677,185.8199,734.8423
109.7108,1,188.0745,736.0359,186.9472,735.4391
109.7259,1,188.0745,736.0359,187.5109,735.7375
109.7396,1,183.628,736.9632,185.5694,736.3503
109.7522,1,183.628,736.9632,184.5987,736.6567
109.7579,1,183.628,736.9632,184.1133,736.8099
109.7686,1,172.5237,676.8254,178.3185,706.8177
109.7797,1,172.5237,676.8254,175.4211,691.8215
109.7848,1,172.5237,676.8254,173.9724,684.3235
109.7942,1,165.7939,469.5148,169.8832,576.9191
109.7996,1,165.7939,469.5148,167.8385,523.217
109.8051,1,165.7939,469.5148,166.8162,496.3659
109.8151,1,165.7939,469.5148,166.3051,482.9404
109.821,1,165.1924,293.105,165.7487,388.0227
109.8291,1,165.1924,293.105,165.4706,340.5638
109.8343,1,165.1924,293.105,165.3315,316.8344
109.8435,1,165.1924,293.105,165.262,304.9697
109.8493,1,165.1924,293.105,165.2272,299.0374
109.8592,1,165.2568,202.3387,165.242,250.688
109.8644,1,165.2568,202.3387,165.2494,226.5134
109.8884,1,166.1457,159.5317,165.6976,193.0225
109.9159,1,165.1233,140.7024,165.4104,166.8625
109.9212,1,165.1233,140.7024,165.2668,153.7824
109.9279,1,165.1233,140.7024,165.1951,147.2424
109.9453,1,171.4462,87.69553,168.3206,117.469
109.9619,1,171.4462,87.69553,169.8834,102.5822
109.9809,1,173.287,42.45799,171.5852,72.52012
109.986,1,173.287,42.45799,172.4361,57.48906
109.992,1,173.287,42.45799,172.8616,49.97353
110.0058,1,173.8383,16.52369,173.35,33.24861
110.017,1,173.8383,16.52369,173.5942,24.88615
110.0222,1,173.8383,16.52369,173.7162,20.70492
110.0333,1,173.9877,1.590474,173.852,11.1477
110.0385,1,173.9877,1.590474,173.9198,6.369084
110.0489,1,173.9877,1.590474,173.9537,3.979779
110.0537,1,173.9877,1.590474,173.9707,2.785126
110.0623,1,173.0537,-6.266145,173.5122,-1.74051
110.0683,1,173.0537,-6.266145,173.2829,-4.003327
110.0775,1,173.0537,-6.266145,173.1683,-5.134736
110.0828,1,173.0537,-6.266145,173.111,-5.70044
110.0935,1,258.2347,39.38707,215.6729,16.84331
110.0985,1,258.2347,39.38707,236.9538,28.11519
110.1072,1,258.2347,39.38707,247.5943,33.75113
110.1128,1,258.2347,39.38707,252.9145,36.5691
110.1184,1,258.2347,39.38707,255.5746,37.97808
110.1306,1,350.2676,63.12396,302.9211,50.55102
110.1426,1,350.2676,63.12396,326.5944,56.83749
110.1489,1,350.2676,63.12396,338.431,59.98073
110.1593,1,717.7261,206.1623,528.0786,133.0715
110.1653,1,717.7261,206.1623,622.9023,169.6169
110.1793,1,717.7261,206.1623,670.3142,187.8896
110.193,1,1156.485,496.1528,913.3994,342.0212
110.2095,1,1156.485,496.1528,1034.942,419.087
110.2288,1,1388.128,674.6538,1211.535,546.8704
110.2608,1,1474.711,740.9509,1343.123,643.9106
110.2771,1,1502.091,760.4176,1422.607,702.1641
110.3101,1,1513.237,763.106,1467.922,732.6351
110.3278,1,1513.237,763.106,1490.579,747.8705
110.3577,1,1519.04,765.7902,1504.81,756.8303
110.3708,1,1518.893,764.0978,1511.851,760.4641
110.3757,1,1518.893,764.0978,1515.372,762.2809
110.3904,1,1518.893,764.0978,1517.132,763.1893
110.3975,1,1520.421,761.4206,1518.777,762.3049
110.4266,1,1533.849,798.8367,1526.313,780.5708
110.4465,1,1533.849,798.8367,1530.081,789.7037
110.4621,1,1542.763,834.2147,1536.422,811.9592
110.4789,1,1542.763,834.2147,1539.593,823.0869
110.4918,1,1550.246,861.8755,1544.919,842.4812
110.4966,1,1550.246,861.8755,1547.582,852.1783
110.5011,1,1550.246,861.8755,1548.914,857.0269
110.5059,1,1550.246,861.8755,1549.58,859.4512
110.5142,1,1550.246,861.8755,1549.913,860.6633
110.5193,1,1554.257,879.9553,1552.085,870.3093
110.5336,1,1554.257,879.9553,1553.171,875.1323
110.5476,1,1559.315,895.9214,1556.243,885.5269
110.5527,1,1559.315,895.9214,1557.779,890.7241
110.5683,1,1559.315,895.9214,1558.547,893.3228
110.5875,1,1564.368,911.761,1561.457,902.5419
110.6052,1,1564.368,911.761,1562.913,907.1515
110.6225,1,1568.037,921.344,1565.475,914.2477
110.6402,1,1569.508,927.0368,1567.491,920.6423
110.6704,1,1570.424,932.2474,1568.958,926.4448
110.6896,1,1570.424,932.2474,1569.691,929.3461
110.7045,1,1573.303,933.5121,1571.497,931.4291
110.7229,1,1573.303,933.5121,1572.4,932.4706
110.7371,1,1575.895,934.0068,1574.148,933.2386
110.751,1,1575.895,934.0068,1575.021,933.6227
110.7559,1,1575.895,934.0068,1575.458,933.8147
110.7713,1,1578.533,940.1159,1576.996,936.9653
110.7894,1,1582.419,946.4662,1579.707,941.7158
110.817,1,1582.419,946.4662,1581.063,944.0911
110.8352,1,1586.657,952.3276,1583.86,948.2094
110.8498,1,1589.913,958.1674,1586.887,953.1884
110.8746,1,1589.913,958.1674,1588.4,955.6779
110.8854,1,1590.768,957.1404,1589.584,956.4091
110.8926,1,1590.768,957.1404,1590.176,956.7748
110.8985,1,1590.768,957.1404,1590.472,956.9576
110.9138,1,1591.665,956.5465,1591.069,956.7521
110.9401,1,1591.835,958.2904,1591.452,957.5212
110.9589,1,1591.835,958.2904,1591.644,957.9058
110.9741,1,1591.848,958.6102,1591.746,958.2581
110.9913,1,1591.848,958.6102,1591.797,958.4341
111.0049,1,1592.623,955.6476,1592.21,957.0409
111.0171,1,1592.623,955.6476,1592.417,956.3442
111.0235,1,1592.623,955.6476,1592.52,955.9959
111.0306,1,1592.382,953.1382,1592.451,954.567
111.0374,1,1592.382,953.1382,1592.417,953.8526
111.0471,1,1592.382,953.1382,1592.399,953.4954
111.0564,1,1592.382,953.1382,1592.391,953.3168
111.0641,1,1591.487,949.2744,1591.939,951.2955
111.075,1,1591.487,949.2744,1591.713,950.2849
111.0819,1,1591.487,949.2744,1591.6,949.7797
111.0882,1,1591.487,949.2744,1591.543,949.527
111.0943,1,1589.422,943.853,1590.483,946.6899
111.1019,1,1589.422,943.853,1589.952,945.2715
111.1088,1,1589.422,943.853,1589.687,944.5623
111.1148,1,1589.422,943.853,1589.555,944.2076
111.1279,1,1586.272,935.8746,1587.913,940.0411
111.1455,1,1586.272,935.8746,1587.093,937.9579
111.1604,1,1582.789,927.1857,1584.941,932.5718
111.1789,1,1582.789,927.1857,1583.865,929.8788
111.2202,1,1573.592,908.5399,1578.729,919.2094
111.2382,1,1573.592,908.5399,1576.16,913.8746
111.2564,1,1568.955,901.49,1572.557,907.6823
111.2823,1,1564.304,894.8212,1568.431,901.2518
111.3002,1,1564.304,894.8212,1566.368,898.0365
111.3209,1,1560.261,886.2073,1563.314,892.1219
111.3523,1,1556.392,877.0551,1559.853,884.5885
111.3713,1,1554.583,871.1142,1557.218,877.8513
111.4019,1,1552.685,866.2743,1554.952,872.0628
111.4209,1,1552.685,866.2743,1553.819,869.1686
111.4392,1,1550.79,861.9216,1552.304,865.5451
111.4562,1,1548.15,856.7375,1550.227,861.1414
111.483,1,1545.006,850.953,1547.616,856.0472
111.504,1,1545.006,850.953,1546.311,853.5001
111.5348,1,1542.23,844.1665,1544.27,848.8333
111.5544,1,1539.603,838.5204,1541.937,843.6769
111.5731,1,1537.074,833.7164,1539.505,838.6967
111.6041,1,1533.939,830.5057,1536.722,834.6012
111.6236,1,1533.939,830.5057,1535.331,832.5535
111.6408,1,1488.287,815.1992,1511.809,823.8763
111.6689,1,1312.298,776.1608,1412.053,800.0186
111.6737,1,1312.298,776.1608,1362.176,788.0897
111.6874,1,1312.298,776.1608,1337.237,782.1252
111.6978,1,923.2148,695.0058,1130.226,738.5656
111.7021,1,923.2148,695.0058,1026.72,716.7856
111.7173,1,923.2148,695.0058,974.9676,705.8958
111.7348,1,550.8564,608.6157,762.912,657.2557
111.7537,1,550.8564,608.6157,656.8842,632.9357
111.7826,1,357.5319,569.7866,507.208,601.3612
111.802,1,280.9522,554.6358,394.0801,577.9985
111.8354,1,250.0661,551.9823,322.0731,564.9904
111.8515,1,234.9846,553.1599,278.5289,559.0751
111.8557,1,234.9846,553.1599,256.7567,556.1175
111.8602,1,234.9846,553.1599,245.8707,554.6387
111.8707,1,234.9846,553.1599,240.4277,553.8993
111.8758,1,226.8096,553.9318,233.6187,553.9155
111.8925,1,226.8096,553.9318,230.2141,553.9236
111.9082,1,209.8616,551.0053,220.0379,552.4645
111.926,1,209.8616,551.0053,214.9498,551.7349
111.9524,1,190.093,552.1827,202.5214,551.9588
111.9706,1,175.9123,552.2018,189.2169,552.0803
111.9886,1,175.9123,552.2018,182.5646,552.1411
112.0209,1,168.3387,551.3595,175.4516,551.7503
112.0336,1,160.8076,552.2855,168.1296,552.0179
112.038,1,160.8076,552.2855,164.4686,552.1517
112.0445,1,160.8076,552.2855,162.6382,552.2186
112.0497,1,160.8076,552.2855,161.7229,552.252
112.0623,1,186.2593,558.1071,173.9911,555.1796
112.0796,1,186.2593,558.1071,180.1252,556.6433
112.0968,1,270.0128,563.3331,225.069,559.9882
112.1242,1,684.8161,600.7913,454.9426,580.3897
112.1429,1,684.8161,600.7913,569.8793,590.5905
112.1608,1,1101.6,706.743,835.7395,648.6667
112.2124,1,1374.246,790.2627,1104.993,719.4647
112.2332,1,1374.246,790.2627,1239.62,754.8637
112.2699,1,1422.578,805.7706,1331.099,780.3171
112.3026,1,1429.838,804.8827,1380.469,792.5999
112.3346,1,1433.814,804.6709,1407.141,798.6354
112.3517,1,1433.814,804.6709,1420.478,801.6531
112.3801,1,1433.853,802.755,1427.166,802.2041
112.3972,1,1434.261,803.3928,1430.714,802.7985
112.415,1,1434.261,803.3928,1432.487,803.0956
112.4301,1,1433.595,802.7573,1433.041,802.9264
112.4342,1,1433.595,802.7573,1433.318,802.8418
112.439,1,1433.595,802.7573,1433.457,802.7996
112.4495,1,1438.055,795.6249,1435.756,799.2122
112.4547,1,1438.055,795.6249,1436.906,797.4186
112.4648,1,1438.055,795.6249,1437.48,796.5217
112.4702,1,1438.055,795.6249,1437.768,796.0733
112.4807,1,1440.749,789.4999,1439.258,792.7866
112.4853,1,1440.749,789.4999,1440.004,791.1432
112.5012,1,1440.749,789.4999,1440.376,790.3215
112.5199,1,1440.638,784.3881,1440.507,787.3549
112.5474,1,1439.449,780.4302,1439.978,783.8925
112.5678,1,1439.449,780.4302,1439.714,782.1614
112.5962,1,1439.282,776.9822,1439.498,779.5718
112.6152,1,1439.644,775.2266,1439.571,777.3992
112.6491,1,1439.114,774.4199,1439.343,775.9095
112.6682,1,1438.194,772.2253,1438.768,774.0674
112.6974,1,1437.618,769.6622,1438.193,771.8648
112.7017,1,1437.618,769.6622,1437.906,770.7635
112.7073,1,1437.618,769.6622,1437.762,770.2129
112.7181,1,1437.618,769.6622,1437.69,769.9376
112.7325,1,1436.83,766.6716,1437.26,768.3046
112.7519,1,1435.352,761.6937,1436.306,764.9991
112.7841,1,1433.787,753.3719,1435.046,759.1855
112.8025,1,1433.787,753.3719,1434.417,756.2787
112.823,1,1431.676,748.9249,1433.046,752.6018
112.8536,1,1428.042,745.3356,1430.544,748.9687
112.8852,1,1424.939,743.1127,1427.742,746.0407
112.9038,1,1421.905,740.5638,1424.823,743.3022
112.9237,1,1421.905,740.5638,1423.364,741.933
112.9548,1,1419.346,738.8412,1421.355,740.3871
112.9688,1,1416.708,737.2965,1419.032,738.8418
112.9827,1,1416.708,737.2965,1417.87,738.0692
112.989,1,1416.708,737.2965,1417.289,737.6829
113.0018,1,1413.551,735.8468,1415.42,736.7648
113.0193,1,1413.551,735.8468,1414.485,736.3058
113.0509,1,1410.452,734.4673,1412.469,735.3865
113.0698,1,1408.117,733.9011,1410.293,734.6438
113.0989,1,1406.934,733.1969,1408.614,733.9203
113.1173,1,1405.359,729.5824,1406.986,731.7513
113.1514,1,1402,724.9186,1404.493,728.335
113.1648,1,1402,724.9186,1403.247,726.6268
113.1696,1,1402,724.9186,1402.623,725.7727
113.179,1,1398.061,719.4433,1400.342,722.608
113.1838,1,1398.061,719.4433,1399.202,721.0256
113.1894,1,1398.061,719.4433,1398.632,720.2345
113.2002,1,1398.061,719.4433,1398.346,719.8389
113.2048,1,1395.259,714.7534,1396.803,717.2961
113.221,1,1395.259,714.7534,1396.031,716.0248
113.2372,1,1392.251,710.6309,1394.141,713.3279
113.2547,1,1392.251,710.6309,1393.196,711.9794
113.2844,1,1389.577,706.2749,1391.386,709.1271
113.3012,1,1387.435,702.5298,1389.411,705.8285
113.3213,1,1387.435,702.5298,1388.423,704.1792
113.3538,1,1384.886,700.2464,1386.654,702.2128
113.3845,1,1382.624,699.4619,1384.639,700.8373
113.4156,1,1380.875,700.9204,1382.757,700.8789
113.4507,1,1380.425,701.3998,1381.591,701.1394
113.4732,1,1380.425,701.3998,1381.008,701.2697
113.4852,1,1379.845,701.0142,1380.427,701.1419
113.5005,1,1379.845,701.0142,1380.136,701.078
113.5211,1,1378.456,700.3098,1379.296,700.6939
113.5518,1,1377.404,699.5499,1378.35,700.1219
113.5708,1,1376.027,699.0685,1377.188,699.5952
113.5994,1,1374.63,698.4894,1375.909,699.0423
113.6191,1,1374.63,698.4894,1375.269,698.7659
113.6378,1,1373.499,698.2805,1374.384,698.5232
113.6556,1,1373.499,698.2805,1373.942,698.4019
113.6865,1,1373.032,698.4257,1373.487,698.4138
113.7053,1,1373.698,699.2795,1373.592,698.8467
113.735,1,1350.974,691.6138,1362.283,695.2302
113.7531,1,1191.611,624.5456,1276.947,659.8879
113.7722,1,1191.611,624.5456,1234.279,642.2168
113.7887,1,890.6709,461.3983,1062.475,551.8076
113.8151,1,661.3455,314.9371,861.9103,433.3723
113.8324,1,661.3455,314.9371,761.6279,374.1547
113.8485,1,563.744,250.8441,662.6859,312.4994
113.8645,1,563.744,250.8441,613.215,281.6718
113.8788,1,521.1158,226.1873,567.1654,253.9295
113.8835,1,521.1158,226.1873,544.1406,240.0584
113.8889,1,521.1158,226.1873,532.6282,233.1229
113.896,1,521.1158,226.1873,526.8721,229.6551
113.9008,1,502.9959,215.5824,514.934,222.6188
113.9095,1,502.9959,215.5824,508.965,219.1006
113.9145,1,502.9959,215.5824,505.9805,217.3415
113.9192,1,502.9959,215.5824,504.4882,216.462
113.9297,1,493.4754,210.6244,498.9818,213.5432
113.9346,1,493.4754,210.6244,496.2286,212.0838
113.9435,1,493.4754,210.6244,494.852,211.3541
113.9489,1,493.4754,210.6244,494.1637,210.9893
113.9601,1,456.011,188.3736,475.0873,199.6814
113.9649,1,456.011,188.3736,465.5492,194.0275
113.9793,1,456.011,188.3736,460.7801,191.2006
113.9845,1,456.011,188.3736,458.3956,189.7871
113.9975,1,367.0615,142.0755,412.7285,165.9313
114.0148,1,367.0615,142.0755,389.895,154.0034
114.0281,1,277.7487,104.5359,333.8219,129.2697
114.0419,1,277.7487,104.5359,305.7853,116.9028
114.0625,1,228.777,82.7057,267.2811,99.80426
114.0804,1,203.7264,72.22852,235.5038,86.01639
114.0986,1,203.7264,72.22852,219.6151,79.12245
114.115,1,190.6131,67.09052,205.1141,73.10648
114.1373,1,190.6131,67.09052,197.8636,70.0985
114.1556,1,183.5634,62.51292,190.7135,66.30571
114.1719,1,180.5308,60.00293,185.6221,63.15432
114.1902,1,180.5308,60.00293,183.0764,61.57863
114.2041,1,160.9828,94.46926,172.0296,78.02394
114.2098,1,160.9828,94.46926,166.5062,86.2466
114.215,1,160.9828,94.46926,163.7445,90.35793
114.2331,1,140.4109,196.2622,152.0777,143.3101
114.2505,1,140.4109,196.2622,146.2443,169.7862
114.2785,1,123.7358,376.4215,134.9901,273.1038
114.2968,1,115.9132,494.4014,125.4517,383.7526
114.3152,1,115.9132,494.4014,120.6824,439.077
114.3318,1,111.6011,554.7798,116.1418,496.9284
114.3452,1,111.6011,554.7798,113.8715,525.8541
114.3628,1,107.2889,586.7919,110.5802,556.323
114.3786,1,107.2889,586.7919,108.9346,571.5574
114.3919,1,105.5048,602.6702,107.2197,587.1138
114.3969,1,105.5048,602.6702,106.3622,594.892
114.4015,1,105.5048,602.6702,105.9335,598.7811
114.4082,1,105.5048,602.6702,105.7191,600.7257
114.4133,1,105.5887,611.3955,105.6539,606.0606
114.4183,1,105.5887,611.3955,105.6213,608.728
114.4278,1,105.5887,611.3955,105.605,610.0618
114.4325,1,105.5887,611.3955,105.5968,610.7286
114.4389,1,105.5887,611.3955,105.5927,611.0621
114.4453,1,106.2865,617.5867,105.9396,614.3243
114.4633,1,106.2865,617.5867,106.1131,615.9555
114.4837,1,154.1456,640.6982,130.1293,628.3268
114.5161,1,232.2735,668.5764,181.2014,648.4517
114.5361,1,292.9063,688.686,237.0538,668.5688
114.567,1,337.9839,700.3758,287.5189,684.4723
114.5984,1,481.0542,719.152,384.2865,701.8121
114.6181,1,481.0542,719.152,432.6703,710.4821
114.6376,1,745.7723,748.1,589.2213,729.291
114.6669,1,1070.294,770.9072,829.7579,750.0991
114.6968,1,1271.479,790.09,1050.618,770.0946
114.7288,1,1353.532,793.6711,1202.075,781.8828
114.7485,1,1387.367,792.3914,1294.721,787.1371
114.7657,1,1387.367,792.3914,1341.044,789.7642
114.7846,1,1400.078,787.7794,1370.561,788.7718
114.8179,1,1406.119,783.5602,1388.34,786.166
114.8381,1,1412.541,777.6161,1400.441,781.8911
114.8675,1,1436.773,799.5462,1418.607,790.7186
114.8863,1,1436.773,799.5462,1427.69,795.1324
114.9015,1,1456.627,821.8707,1442.159,808.5016
114.9182,1,1456.627,821.8707,1449.393,815.1862
114.936,1,1471.667,838.1967,1460.53,826.6914
114.9522,1,1471.667,838.1967,1466.099,832.4441
114.9848,1,1481.167,848.4029,1473.633,840.4235
114.9996,1,1486.047,856.2629,1479.84,848.3431
115.0184,1,1478.717,854.0453,1479.279,851.1942
115.037,1,1478.717,854.0453,1478.998,852.6198
115.0541,1,1444.232,814.024,1461.615,833.3219
115.0726,1,1444.232,814.024,1452.923,823.673
115.0852,1,1249.956,563.3848,1351.439,693.5289
115.1012,1,1249.956,563.3848,1300.698,628.4568
115.1166,1,1039.559,423.0255,1170.128,525.7411
115.1222,1,1039.559,423.0255,1104.844,474.3833
115.1503,1,931.8964,325.2571,1018.37,399.8202
115.1676,1,883.8164,278.5901,951.0933,339.2052
115.1833,1,883.8164,278.5901,917.4548,308.8976
115.2025,1,861.5239,261.1186,889.4894,285.0081
115.2208,1,861.5239,261.1186,875.5066,273.0634
115.25,1,851.1471,252.2911,863.3268,262.6772
115.2653,1,847.6891,247.4977,855.5079,255.0875
115.2713,1,847.6891,247.4977,851.5985,251.2926
115.2832,1,847.6891,247.4977,849.6438,249.3951
115.2893,1,846.7476,244.751,848.1957,247.0731
115.3011,1,846.7476,244.751,847.4717,245.912
115.3076,1,846.7476,244.751,847.1096,245.3315
115.3165,1,846.7476,244.751,846.9286,245.0412
115.3216,1,847.1934,244.9506,847.061,244.9959
115.3294,1,847.1934,244.9506,847.1272,244.9733
115.3342,1,847.1934,244.9506,847.1603,244.9619
115.3397,1,847.1934,244.9506,847.1768,244.9563
115.3509,1,847.3816,244.835,847.2792,244.8956
115.3605,1,847.3816,244.835,847.3304,244.8653
115.3656,1,847.3816,244.835,847.356,244.8502
115.3767,1,847.3816,244.835,847.3688,244.8426
115.3822,1,819.0636,259.1816,833.2162,252.0121
115.3919,1,819.0636,259.1816,826.1399,255.5968
115.3973,1,819.0636,259.1816,822.6017,257.3892
115.4033,1,819.0636,259.1816,820.8326,258.2854
115.4222,1,769.6266,308.5002,795.2296,283.3928
115.4341,1,769.6266,308.5002,782.4281,295.9465
115.4521,1,716.2519,371.7099,749.34,333.8282
115.4578,1,716.2519,371.7099,732.7959,352.769
115.4645,1,716.2519,371.7099,724.5239,362.2394
115.4772,1,672.6074,410.8978,698.5657,386.5686
115.4898,1,672.6074,410.8978,685.5865,398.7332
115.4961,1,672.6074,410.8978,679.097,404.8155
115.5088,1,664.0787,347.6674,671.5879,376.2415
115.5239,1,664.0787,347.6674,667.8333,361.9544
115.5423,1,665.5872,264.0699,666.7103,313.0122
115.5587,1,665.5872,264.0699,666.1487,288.541
115.5756,1,667.6489,181.3476,666.8988,234.9443
115.5957,1,669.2672,122.4093,668.083,178.6768
115.6133,1,669.2672,122.4093,668.675,150.543
115.646,1,668.7482,83.46883,668.7116,117.0059
115.6628,1,669.6359,60.50366,669.1738,88.7548
115.6833,1,670.8156,48.39208,669.9946,68.57344
115.7,1,670.8156,48.39208,670.4051,58.48276
115.7161,1,666.0695,55.09173,668.2373,56.78725
115.7553,1,652.0052,113.2866,660.1213,85.03691
115.7721,1,598.7501,307.225,629.4357,196.131
115.7935,1,598.7501,307.225,614.0929,251.678
115.8085,1,548.5704,511.7239,581.3317,381.7009
115.823,1,548.5704,511.7239,564.951,446.7124
115.8408,1,520.3948,630.3898,542.6729,538.5511
115.8579,1,520.3948,630.3898,531.5338,584.4705
115.8716,1,508.4008,681.2421,519.9673,632.8563
115.8763,1,508.4008,681.2421,514.184,657.0492
115.8812,1,508.4008,681.2421,511.2924,669.1456
115.8857,1,508.4008,681.2421,509.8466,675.1938
115.9008,1,504.5517,700.7934,507.1991,687.9937
115.9188,1,504.5517,700.7934,505.8754,694.3936
115.9325,1,503.8927,712.4916,504.8841,703.4426
115.951,1,503.8927,712.4916,504.3884,707.9672
115.9691,1,503.3796,715.295,503.884,711.6311
115.9859,1,504.8832,717.8541,504.3836,714.7426
116.003,1,504.8832,717.8541,504.6334,716.2983
116.0196,1,459.6108,722.39,482.1221,719.3441
116.0399,1,459.6108,722.39,470.8665,720.8671
116.0546,1,360.2338,762.5455,415.5501,741.7063
116.0933,1,274.2664,807.2366,344.9083,774.4714
116.1083,1,219.7512,840.9555,282.3297,807.7135
116.1236,1,219.7512,840.9555,251.0405,824.3345
116.1341,1,219.7512,840.9555,235.3959,832.645
116.139,1,183.871,865.8824,209.6334,849.2637
116.1438,1,183.871,865.8824,196.7522,857.573
116.1495,1,183.871,865.8824,190.3116,861.7277
116.1577,1,183.871,865.8824,187.0913,863.8051
116.1632,1,183.871,865.8824,185.4812,864.8438
116.1734,1,159.112,884.7059,172.2966,874.7748
116.1791,1,159.112,884.7059,165.7043,879.7404
116.193,1,159.112,884.7059,162.4081,882.2231
116.2112,1,143.3112,899.8151,152.8596,891.0191
116.242,1,131.8547,912.8119,142.3572,901.9155
116.2573,1,133.9233,925.8069,138.1403,913.8612
116.2734,1,133.9233,925.8069,136.0318,919.834
116.2834,1,133.9233,925.8069,134.9776,922.8204
116.2897,1,144.2779,938.9106,139.6277,930.8655
116.3047,1,144.2779,938.9106,141.9528,934.8881
116.314,1,144.2779,938.9106,143.1154,936.8994
116.3199,1,148.8767,948.4258,145.996,942.6626
116.3293,1,148.8767,948.4258,147.4363,945.5442
116.3343,1,148.8767,948.4258,148.1565,946.985
116.3413,1,148.8767,948.4258,148.5166,947.7054
116.348,1,151.4099,953.5266,149.9632,950.616
116.3543,1,151.4099,953.5266,150.6866,952.0713
116.3697,1,151.4099,953.5266,151.0482,952.799
116.3975,1,174.3458,961.7563,162.697,957.2776
116.4172,1,326.2474,975.3631,244.4722,966.3203
116.4597,1,732.114,962.0677,488.2931,964.194
116.4782,1,1133.048,940.3093,810.6703,952.2516
116.4826,1,1133.048,940.3093,971.859,946.2805
116.4877,1,1133.048,940.3093,1052.453,943.2949
116.4927,1,1133.048,940.3093,1092.75,941.8021
116.5041,1,1325.673,921.9677,1209.212,931.8849
116.5154,1,1325.673,921.9677,1267.443,926.9263
116.5207,1,1325.673,921.9677,1296.558,924.447
116.5299,1,1401.122,906.3668,1348.84,915.4069
116.5344,1,1401.122,906.3668,1374.981,910.8868
116.54,1,1401.122,906.3668,1388.051,908.6268
116.5492,1,1401.122,906.3668,1394.587,907.4968
116.5554,1,1401.122,906.3668,1397.854,906.9318
116.5657,1,1428.525,890.9887,1413.19,898.9603
116.5772,1,1428.525,890.9887,1420.857,894.9745
116.5823,1,1428.525,890.9887,1424.691,892.9816
116.5906,1,1436.463,878.2344,1430.577,885.608
116.5967,1,1436.463,878.2344,1433.52,881.9213
116.6029,1,1436.463,878.2344,1434.992,880.0779
116.613,1,1436.463,878.2344,1435.728,879.1561
116.6206,1,1436.879,869.5497,1436.303,874.3529
116.627,1,1436.879,869.5497,1436.591,871.9513
116.6322,1,1436.879,869.5497,1436.735,870.7505
116.6432,1,1436.879,869.5497,1436.807,870.1501
116.6567,1,1435.627,861.6216,1436.217,865.8859
116.6631,1,1435.627,861.6216,1435.922,863.7537
116.6781,1,1435.627,861.6216,1435.774,862.6876
116.7094,1,1413.882,829.225,1424.828,845.9563
116.743,1,1406.314,819.7263,1415.571,832.8413
116.7629,1,1406.314,819.7263,1410.943,826.2838
116.7784,1,1400.468,811.825,1405.705,819.0544
116.7829,1,1400.468,811.825,1403.086,815.4397
116.7893,1,1400.468,811.825,1401.777,813.6323
116.7972,1,1400.468,811.825,1401.122,812.7286
116.8027,1,1396.222,806.3667,1398.672,809.5477
116.8137,1,1396.222,806.3667,1397.447,807.9572
116.8187,1,1396.222,806.3667,1396.834,807.1619
116.8301,1,1390.683,799.938,1393.759,803.55
116.8354,1,1390.683,799.938,1392.221,801.744
116.8426,1,1390.683,799.938,1391.452,800.8411
116.8481,1,1390.683,799.938,1391.068,800.3895
116.8547,1,1390.683,799.938,1390.875,800.1638
116.8598,1,1385.373,797.8506,1388.124,799.0072
116.8655,1,1385.373,797.8506,1386.749,798.429
116.8774,1,1385.373,797.8506,1386.061,798.1398
116.8826,1,1385.373,797.8506,1385.717,797.9952
116.8963,1,1372.144,739.8186,1378.93,768.9069
116.9102,1,1372.144,739.8186,1375.537,754.3628
116.9155,1,1372.144,739.8186,1373.841,747.0907
116.9296,1,1346.599,667.4603,1360.22,707.2755
116.945,1,1346.599,667.4603,1353.409,687.3679
116.9588,1,1345.185,665.6027,1349.297,676.4853
116.9739,1,1345.185,665.6027,1347.241,671.0439
116.9862,1,1346.78,689.4361,1347.011,680.24
116.9929,1,1346.78,689.4361,1346.895,684.838
117.0211,1,1347.268,700.6362,1347.082,692.7371
117.0488,1,1346.633,705.3964,1346.857,699.0668
117.0537,1,1346.633,705.3964,1346.745,702.2316
117.0682,1,1346.633,705.3964,1346.689,703.814
117.0815,1,1346.273,707.7767,1346.481,705.7953
117.0876,1,1346.273,707.7767,1346.377,706.786
117.1211,1,1345.227,710.0505,1345.802,708.4182
117.1403,1,1342.947,712.1823,1344.375,710.3002
117.1557,1,1342.947,712.1823,1343.661,711.2412
117.1842,1,1341.126,713.1458,1342.393,712.1935
117.2021,1,1338.527,712.73,1340.46,712.4618
117.2186,1,1338.527,712.73,1339.493,712.5959
117.2229,1,1336.373,712.7064,1337.933,712.6512
117.2299,1,1336.373,712.7064,1337.153,712.6788
117.2379,1,1336.373,712.7064,1336.763,712.6926
117.2453,1,1336.373,712.7064,1336.568,712.6995
117.2568,1,1334.469,712.2935,1335.519,712.4965
117.2693,1,1334.469,712.2935,1334.994,712.395
117.2742,1,1334.469,712.2935,1334.731,712.3442
117.2885,1,1332.281,711.1726,1333.506,711.7584
117.3039,1,1332.281,711.1726,1332.893,711.4655
117.3211,1,1330.371,710.035,1331.632,710.7502
117.3427,1,1328.082,708.5643,1329.857,709.6572
117.3732,1,1325.388,706.4167,1327.623,708.037
117.3903,1,1325.388,706.4167,1326.506,707.2269
117.4228,1,1321.844,703.5309,1324.175,705.3789
117.4411,1,1318.327,699.34,1321.251,702.3594
117.4687,1,1314.831,694.2947,1318.041,698.327
117.4731,1,1314.831,694.2947,1316.436,696.3109
117.4781,1,1314.831,694.2947,1315.633,695.3027
117.4891,1,1314.831,694.2947,1315.232,694.7987
117.5049,1,1309.765,687.5699,1312.499,691.1843
117.5218,1,1309.765,687.5699,1311.132,689.3771
117.5406,1,1303.009,679.7898,1307.071,684.5834
117.5563,1,1297.888,671.9479,1302.479,678.2656
117.5864,1,1290.779,663.6619,1296.629,670.9637
117.6019,1,1290.779,663.6619,1293.704,667.3129
117.6207,1,1283.711,656.0818,1288.708,661.6974
117.6494,1,1279.435,648.2281,1284.071,654.9628
117.6637,1,1279.435,648.2281,1281.753,651.5955
117.6839,1,1274.76,639.4033,1278.257,645.4994
117.7026,1,1274.76,639.4033,1276.509,642.4514
117.737,1,1265.222,618.6747,1270.865,630.563
117.7545,1,1265.222,618.6747,1268.044,624.6189
117.787,1,1260.609,607.8347,1264.326,616.2268
117.8015,1,1256.072,598.5456,1260.199,607.3862
117.8073,1,1256.072,598.5456,1258.136,602.9659
117.8204,1,1256.072,598.5456,1257.104,600.7557
117.8335,1,1251.873,592.5854,1254.489,596.6705
117.8514,1,1251.873,592.5854,1253.181,594.6279
117.8708,1,1249.502,588.9651,1251.341,591.7965
117.9021,1,1247.652,587.4211,1249.497,589.6088
117.9218,1,1246.131,587.5972,1247.814,588.603
117.9542,1,1245.776,589.4526,1246.795,589.0278
117.9804,1,1245.553,591.541,1246.174,590.2844
117.9973,1,1245.553,591.541,1245.864,590.9127
118.0177,1,1245.306,592.7213,1245.585,591.817
118.0355,1,1245.306,592.7213,1245.445,592.2692
118.0666,1,1244.394,593.3345,1244.92,592.8018
118.0842,1,1243.356,593.8021,1244.138,593.302
118.1034,1,1242.385,594.3458,1243.261,593.8239
118.1229,1,1242.385,594.3458,1242.823,594.0848
118.1525,1,1241.399,595.3155,1242.111,594.7002
118.1659,1,1240.881,595.9443,1241.496,595.3223
118.1711,1,1240.881,595.9443,1241.189,595.6333
118.176,1,1240.881,595.9443,1241.035,595.7888
118.1926,1,1240.632,596.6592,1240.834,596.224
118.2092,1,1240.632,596.6592,1240.733,596.4417
118.2231,1,1240.008,597.4852,1240.37,596.9634
118.2421,1,1240.008,597.4852,1240.189,597.2242
118.2572,1,1239.281,598.966,1239.735,598.0951
118.2688,1,1239.281,598.966,1239.508,598.5305
118.2735,1,1239.281,598.966,1239.394,598.7483
118.283,1,1238.414,600.176,1238.904,599.4622
118.2886,1,1238.414,600.176,1238.659,599.8191
118.2979,1,1238.414,600.176,1238.537,599.9976
118.303,1,1238.414,600.176,1238.475,600.0868
118.314,1,1237.325,601.0157,1237.9,600.5513
118.3198,1,1237.325,601.0157,1237.613,600.7834
118.3321,1,1237.325,601.0157,1237.469,600.8995
118.3375,1,1237.325,601.0157,1237.397,600.9576
118.35,1,1236.225,601.3328,1236.811,601.1452
118.3678,1,1236.225,601.3328,1236.518,601.239
118.402,1,1234.507,601.1071,1235.513,601.1731
118.4206,1,1234.507,601.1071,1235.01,601.1401
118.4365,1,1233.606,600.7215,1234.308,600.9308
118.4666,1,1232.687,600.3518,1233.498,600.6413
118.4841,1,1232.687,600.3518,1233.092,600.4966
118.5029,1,1232.029,599.8134,1232.561,600.155
118.5187,1,1232.029,599.8134,1232.295,599.9841
118.5396,1,1231.403,599.3476,1231.849,599.6659
118.5549,1,1230.674,598.722,1231.261,599.194
118.5704,1,1230.674,598.722,1230.967,598.958
118.601,1,1229.606,597.8179,1230.287,598.3879
118.6196,1,1228.901,597.0353,1229.594,597.7117
118.6455,1,1229.83,595.571,1229.712,596.6414
118.6722,1,1230.928,592.2985,1230.32,594.4699
118.6916,1,1230.928,592.2985,1230.624,593.3842
118.7081,1,1232.166,587.5224,1231.395,590.4532
118.723,1,1232.166,587.5224,1231.781,588.9878
118.7381,1,1233.903,582.4616,1232.842,585.7247
118.7478,1,1233.903,582.4616,1233.372,584.0931
118.7521,1,1233.903,582.4616,1233.638,583.2773
118.7619,1,1233.903,582.4616,1233.77,582.8695
118.7674,1,1235.78,581.072,1234.775,581.9707
118.7771,1,1235.78,581.072,1235.278,581.5214
118.7817,1,1235.78,581.072,1235.529,581.2966
118.7877,1,1235.78,581.072,1235.655,581.1843
118.7989,1,1237.877,579.9399,1236.766,580.5621
118.8135,1,1237.877,579.9399,1237.321,580.251
118.8184,1,1237.877,579.9399,1237.599,580.0955
118.8461,1,1239.93,578.5294,1238.764,579.3124
118.8645,1,1241.799,577.6442,1240.281,578.4783
118.8845,1,1243.325,576.0546,1241.803,577.2665
118.901,1,1243.325,576.0546,1242.564,576.6605
118.9179,1,1244.459,574.5113,1243.512,575.5859
118.9378,1,1244.459,574.5113,1243.986,575.0486
118.9515,1,1244.185,575.3063,1244.085,575.1775
118.9569,1,1244.185,575.3063,1244.135,575.2419
118.9902,1,1242.928,576.9791,1243.532,576.1105
119.0052,1,1241.974,577.7861,1242.753,576.9482
119.0242,1,1241.974,577.7861,1242.363,577.3672
119.0308,1,1241.974,577.7861,1242.168,577.5767
119.0414,1,1240.564,578.8409,1241.366,578.2088
119.0479,1,1240.564,578.8409,1240.965,578.5249
119.0591,1,1240.564,578.8409,1240.765,578.6829
119.0764,1,1238.588,580.4902,1239.677,579.5865
119.0959,1,1236.261,582.708,1237.969,581.1473
119.1129,1,1236.261,582.708,1237.115,581.9276
119.1402,1,1233.563,585.4301,1235.339,583.6788
119.16,1,1231.404,588.0717,1233.371,585.8752
119.1756,1,1231.404,588.0717,1232.388,586.9734
119.1804,1,1231.404,588.0717,1231.896,587.5226
119.1849,1,1231.404,588.0717,1231.65,587.7971
119.1946,1,1229.316,590.2338,1230.483,589.0154
119.1996,1,1229.316,590.2338,1229.9,589.6246
119.2089,1,1229.316,590.2338,1229.608,589.9292
119.2138,1,1229.316,590.2338,1229.462,590.0815
119.2191,1,1228.053,592.0622,1228.757,591.0718
119.2278,1,1228.053,592.0622,1228.405,591.567
119.2326,1,1228.053,592.0622,1228.229,591.8146
119.2388,1,1228.053,592.0622,1228.141,591.9384
119.245,1,1228.053,592.0622,1228.097,592.0002
119.2548,1,1227.307,593.4601,1227.702,592.7302
119.2605,1,1227.307,593.4601,1227.505,593.0952
119.2655,1,1227.307,593.4601,1227.406,593.2777
119.2783,1,1227.769,597.225,1227.587,595.2513
119.2965,1,1227.769,597.225,1227.678,596.2382
119.3255,1,1232.408,603.5922,1230.043,599.9152
119.349,1,1236.429,610.8785,1233.236,605.3969
119.3546,1,1236.429,610.8785,1234.832,608.1377
119.3628,1,1236.429,610.8785,1235.63,609.5081
119.3686,1,1240.519,616.7141,1238.075,613.1111
119.3736,1,1240.519,616.7141,1239.297,614.9126
119.3832,1,1240.519,616.7141,1239.908,615.8134
119.3889,1,1240.519,616.7141,1240.214,616.2637
119.3973,1,1243.893,622.7489,1242.053,619.5063
119.4021,1,1243.893,622.7489,1242.973,621.1276
119.4105,1,1243.893,622.7489,1243.433,621.9382
119.4154,1,1243.893,622.7489,1243.663,622.3436
119.4207,1,1243.893,622.7489,1243.778,622.5463
119.4308,1,1246.298,629.3068,1245.038,625.9265
119.4369,1,1246.298,629.3068,1245.668,627.6166
119.444,1,1246.298,629.3068,1245.983,628.4617
119.45,1,1246.298,629.3068,1246.141,628.8842
119.4609,1,1248.738,634.7827,1247.439,631.8335
119.4657,1,1248.738,634.7827,1248.089,633.3081
119.4793,1,1248.738,634.7827,1248.413,634.0454
119.4962,1,1251.591,639.9667,1250.002,637.0061
119.5133,1,1251.591,639.9667,1250.796,638.4865
119.5294,1,1253.511,643.1605,1252.154,640.8235
119.5455,1,1253.511,643.1605,1252.833,641.992
119.5572,1,1256.24,645.1191,1254.536,643.5555
119.573,1,1256.24,645.1191,1255.388,644.3373
119.5833,1,1258.919,646.3294,1257.153,645.3334
119.5901,1,1258.919,646.3294,1258.036,645.8314
119.6046,1,1258.919,646.3294,1258.477,646.0804
119.6204,1,1262.283,647.0756,1260.38,646.578
119.6368,1,1262.283,647.0756,1261.332,646.8268
119.6676,1,1264.04,647.5232,1262.686,647.175
119.6883,1,1265.154,647.6533,1263.92,647.4141
119.7046,1,1266.466,647.1612,1265.193,647.2877
119.7353,1,1266.688,646.5745,1265.94,646.931
119.7632,1,1264.671,645.155,1265.306,646.043
119.7694,1,1264.671,645.155,1264.989,645.599
119.7743,1,1264.671,645.155,1264.83,645.377
119.7859,1,1264.671,645.155,1264.751,645.266
119.7923,1,1243.194,635.0328,1253.973,640.1494
119.8153,1,1243.194,635.0328,1248.583,637.5911
119.8205,1,1131.241,534.9188,1189.912,586.2549
119.8308,1,1131.241,534.9188,1160.577,560.5868
119.8359,1,1131.241,534.9188,1145.909,547.7528
119.8489,1,1131.241,534.9188,1138.575,541.3358
119.8544,1,1001.869,370.2581,1070.222,455.797
119.8669,1,1001.869,370.2581,1036.046,413.0276
119.8829,1,925.179,268.7794,980.6124,340.9035
119.902,1,925.179,268.7794,952.8956,304.8414
119.9362,1,889.2689,219.5051,921.0823,262.1732
119.955,1,869.8785,196.2105,895.4803,229.1919
119.9873,1,862.0698,186.3502,878.7751,207.7711
120.0204,1,823.8156,200.6299,851.2953,204.2005
120.0383,1,727.6433,280.5458,789.4694,242.3731
120.0665,1,575.1966,439.9023,682.333,341.1377
120.0722,1,575.1966,439.9023,628.7648,390.52
120.087,1,575.1966,439.9023,601.9807,415.2112
120.1029,1,448.8871,585.1833,525.4339,500.1972
120.134,1,380.3695,662.7971,452.9017,581.4971
120.1547,1,341.0421,700.3201,396.9719,640.9086
120.1856,1,322.0055,720.9841,359.4887,680.9464
120.2054,1,322.0055,720.9841,340.7471,700.9652
120.2376,1,314.9265,731.13,327.8368,716.0476
120.2568,1,307.8843,737.2556,317.8605,726.6516
120.2724,1,307.8843,737.2556,312.8724,731.9536
120.2777,1,304.2878,744.0345,308.5801,737.994
120.305,1,306.2519,751.3366,307.416,744.6653
120.3252,1,306.2519,751.3366,306.834,748.001
120.3546,1,306.2371,756.4301,306.5355,752.2156
120.3697,1,296.6986,734.7294,301.6171,743.4725
120.3737,1,296.6986,734.7294,299.1578,739.101
120.379,1,296.6986,734.7294,297.9282,736.9152
120.3835,1,296.6986,734.7294,297.3134,735.8223
120.3982,1,278.0267,714.33,287.67,725.0762
120.4151,1,278.0267,714.33,282.8484,719.7031
120.4316,1,312.6684,751.0656,297.7584,735.3844
120.4474,1,312.6684,751.0656,305.2134,743.225
120.4788,1,427.0101,799.058,366.1118,771.1415
120.4989,1,560.9274,844.4914,463.5196,807.8164
120.5297,1,655.3212,873.7678,559.4203,840.7921
120.5459,1,710.0641,888.2514,634.7422,864.5217
120.579,1,741.1884,893.1918,687.9653,878.8568
120.5925,1,741.1884,893.1918,714.5768,886.0243
120.5967,1,741.1884,893.1918,727.8826,889.608
120.6008,1,741.1884,893.1918,734.5355,891.3999
120.6092,1,796.6913,894.8144,765.6134,893.1072
120.6136,1,796.6913,894.8144,781.1523,893.9608
120.6187,1,796.6913,894.8144,788.9219,894.3876
120.6286,1,796.6913,894.8144,792.8066,894.601
120.6333,1,796.6913,894.8144,794.749,894.7076
120.6405,1,995.5447,894.9643,895.1469,894.8359
120.6457,1,995.5447,894.9643,945.3458,894.9001
120.6582,1,995.5447,894.9643,970.4452,894.9323
120.6637,1,995.5447,894.9643,982.9949,894.9482
120.6744,1,1230.054,896.8791,1106.524,895.9137
120.68,1,1230.054,896.8791,1168.289,896.3964
120.6934,1,1230.054,896.8791,1199.171,896.6377
120.7079,1,1369.389,889.1121,1284.28,892.8749
120.725,1,1369.389,889.1121,1326.835,890.9935
120.7419,1,1432.103,877.3482,1379.469,884.1709
120.7598,1,1460.38,867.455,1419.924,875.8129
120.7795,1,1460.38,867.455,1440.152,871.6339
120.8113,1,1471.028,855.4012,1455.59,863.5176
120.8241,1,1477.86,848.2749,1466.725,855.8962
120.8297,1,1477.86,848.2749,1472.293,852.0856
120.834,1,1477.86,848.2749,1475.076,850.1802
120.8392,1,1477.86,848.2749,1476.468,849.2275
120.849,1,1481.037,841.9028,1478.752,845.5652
120.8541,1,1481.037,841.9028,1479.895,843.734
120.8612,1,1481.037,841.9028,1480.466,842.8184
120.8657,1,1481.037,841.9028,1480.751,842.3606
120.876,1,1481.037,841.9028,1480.894,842.1317
120.8811,1,1483.069,835.269,1481.982,838.7004
120.8975,1,1483.069,835.269,1482.526,836.9847
120.9098,1,1481.906,827.8666,1482.216,832.4257
120.9148,1,1481.906,827.8666,1482.061,830.1461
120.9295,1,1481.906,827.8666,1481.984,829.0063
120.9405,1,1480.268,823.1786,1481.126,826.0925
120.9473,1,1480.268,823.1786,1480.697,824.6356
120.9615,1,1480.268,823.1786,1480.483,823.9071
120.9739,1,1478.888,820.074,1479.685,821.9906
120.9799,1,1478.888,820.074,1479.286,821.0323
120.9951,1,1478.888,820.074,1479.087,820.5532
121.006,1,1477.921,817.3333,1478.504,818.9432
121.025,1,1477.921,817.3333,1478.212,818.1382
121.0437,1,1497.842,819.4302,1488.027,818.7842
121.0692,1,1524.65,824.7698,1506.339,821.777
121.0751,1,1524.65,824.7698,1515.494,823.2734
121.0809,1,1524.65,824.7698,1520.072,824.0216
121.086,1,1524.65,824.7698,1522.361,824.3957
121.0959,1,1547.573,832.5237,1534.967,828.4597
121.1009,1,1547.573,832.5237,1541.27,830.4917
121.1098,1,1547.573,832.5237,1544.422,831.5077
121.1151,1,1547.573,832.5237,1545.998,832.0157
121.123,1,1567.463,841.5617,1556.73,836.7887
121.1331,1,1567.463,841.5617,1562.097,839.1752
121.1439,1,1567.463,841.5617,1564.78,840.3684
121.1548,1,1588.334,852.9557,1576.557,846.6621
121.164,1,1588.334,852.9557,1582.446,849.809
121.176,1,1588.334,852.9557,1585.39,851.3823
121.1814,1,1610.636,867.4276,1598.013,859.405
121.1944,1,1610.636,867.4276,1604.325,863.4163
121.1993,1,1610.636,867.4276,1607.48,865.4219
121.2042,1,1610.636,867.4276,1609.058,866.4248
121.211,1,1630.846,881.4139,1619.952,873.9193
121.2283,1,1630.846,881.4139,1625.399,877.6666
121.2438,1,1648.933,894.0019,1637.166,885.8342
121.2583,1,1648.933,894.0019,1643.05,889.9181
121.2682,1,1648.933,894.0019,1645.991,891.96
121.2738,1,1659.537,907.6355,1652.764,899.7977
121.283,1,1659.537,907.6355,1656.15,903.7166
121.2889,1,1659.537,907.6355,1657.844,905.676
121.2969,1,1659.537,907.6355,1658.69,906.6558
121.3018,1,1662.847,912.8602,1660.769,909.7579
121.3133,1,1662.847,912.8602,1661.808,911.3091
121.3186,1,1662.847,912.8602,1662.328,912.0846
121.3299,1,1662.847,912.8602,1662.587,912.4724
121.3352,1,1666.749,917.7645,1664.668,915.1185
121.3454,1,1666.749,917.7645,1665.709,916.4415
121.3516,1,1666.749,917.7645,1666.229,917.103
121.3621,1,1672.21,923.6441,1669.219,920.3735
121.3735,1,1672.21,923.6441,1670.714,922.0088
121.3793,1,1672.21,923.6441,1671.462,922.8264
121.3921,1,1672.754,922.939,1672.108,922.8827
121.398,1,1672.754,922.939,1672.431,922.9108
121.4126,1,1672.754,922.939,1672.592,922.9249
121.4253,1,1670.821,922.5005,1671.707,922.7128
121.4313,1,1670.821,922.5005,1671.264,922.6067
121.436,1,1670.821,922.5005,1671.043,922.5536
121.4413,1,1670.821,922.5005,1670.932,922.5271
121.456,1,1669.936,922.1854,1670.434,922.3562
121.4722,1,1669.936,922.1854,1670.185,922.2708
121.478,1,1669.936,922.1854,1670.06,922.228
121.4913,1,1669.309,921.9926,1669.685,922.1103
121.5011,1,1669.309,921.9926,1669.497,922.0514
121.5056,1,1669.309,921.9926,1669.403,922.022
121.5171,1,1668.585,921.7566,1668.994,921.8893
121.5229,1,1668.585,921.7566,1668.789,921.8229
121.533,1,1668.585,921.7566,1668.687,921.7898
121.5383,1,1668.585,921.7566,1668.636,921.7732
121.551,1,1667.913,921.0374,1668.274,921.4053
121.5612,1,1667.913,921.0374,1668.094,921.2213
121.5661,1,1667.913,921.0374,1668.003,921.1293
121.5795,1,1667.17,920.3753,1667.586,920.7523
121.5847,1,1667.17,920.3753,1667.378,920.5638
121.5988,1,1667.17,920.3753,1667.274,920.4696
121.6336,1,1664.667,918.6671,1665.971,919.5684
121.6549,1,1664.667,918.6671,1665.319,919.1177
121.6883,1,1663.278,917.2579,1664.298,918.1879
121.7074,1,1661.852,915.7681,1663.075,916.978
121.7408,1,1659.683,913.4618,1661.379,915.2198
121.7608,1,1657.136,910.079,1659.258,912.6494
121.7896,1,1655.208,907.2085,1657.233,909.929
121.8169,1,1652.563,903.9923,1654.898,906.9606
121.8216,1,1652.563,903.9923,1653.73,905.4764
121.8271,1,1652.563,903.9923,1653.147,904.7344
121.8317,1,1652.563,903.9923,1652.855,904.3633
121.8362,1,1652.563,903.9923,1652.709,904.1779
121.8509,1,1648.898,899.2659,1650.803,901.7219
121.8845,1,1643.523,895.2407,1647.163,898.4813
121.9025,1,1643.523,895.2407,1645.343,896.861
121.934,1,1638.714,891.4864,1642.029,894.1737
121.9503,1,1634.503,887.2472,1638.266,890.7104
121.9545,1,1634.503,887.2472,1636.385,888.9788
121.9659,1,1631.147,883.6241,1633.766,886.3015
121.9717,1,1631.147,883.6241,1632.457,884.9628
121.9876,1,1631.147,883.6241,1631.802,884.2935
122.0012,1,1626.7,879.098,1629.251,881.6957
122.0059,1,1626.7,879.098,1627.975,880.3969
122.0211,1,1626.7,879.098,1627.337,879.7474
122.0262,1,1622.249,873.8845,1624.793,876.8159
122.032,1,1622.249,873.8845,1623.521,875.3502
122.0429,1,1622.249,873.8845,1622.885,874.6173
122.0485,1,1622.249,873.8845,1622.567,874.2509
122.0604,1,1600.896,839.4325,1611.732,856.8417
122.0652,1,1600.896,839.4325,1606.314,848.1371
122.0795,1,1600.896,839.4325,1603.605,843.7848
122.0962,1,1427.768,626.6967,1515.687,735.2407
122.1132,1,1427.768,626.6967,1471.727,680.9687
122.133,1,1195.75,343.0789,1333.738,512.0238
122.1494,1,1083.829,205.4081,1208.784,358.7159
122.1809,1,1039.972,148.3862,1124.378,253.5511
122.2044,1,1039.972,148.3862,1082.175,200.9686
122.2223,1,1021.596,127.8955,1051.885,164.4321
122.2363,1,1012.523,116.2665,1032.204,140.3493
122.255,1,1012.523,116.2665,1022.364,128.3079
122.2836,1,1011.483,111.1584,1016.923,119.7331
122.3012,1,1010.088,106.1318,1013.506,112.9324
122.3349,1,1009.534,103.2859,1011.52,108.1092
122.3512,1,1009.534,103.2859,1010.527,105.6976
122.3654,1,996.183,91.68098,1003.355,98.68927
122.3726,1,996.183,91.68098,999.7689,95.18512
122.378,1,996.183,91.68098,997.976,93.43304
122.3903,1,983.8513,79.9304,990.9136,86.68172
122.3957,1,983.8513,79.9304,987.3824,83.30606
122.4227,1,975.2481,72.35965,981.3153,77.83286
122.4356,1,975.2481,72.35965,978.2817,75.09625
122.4475,1,975.2481,72.35965,976.7649,73.72795
122.4538,1,968.8746,69.48779,972.8197,71.60786
122.4642,1,968.8746,69.48779,970.8472,70.54782
122.4695,1,968.8746,69.48779,969.8608,70.01781
122.4798,1,965.9518,66.63708,967.9064,68.32744
122.4856,1,965.9518,66.63708,966.9291,67.48225
122.4944,1,965.9518,66.63708,966.4404,67.05966
122.499,1,965.9518,66.63708,966.1962,66.84837
122.5071,1,965.9518,66.63708,966.074,66.74272
122.5125,1,963.5839,65.56296,964.8289,66.15284
122.5177,1,963.5839,65.56296,964.2064,65.85789
122.5449,1,962.1077,65.50127,963.157,65.67958
122.5635,1,962.1077,65.50127,962.6323,65.59042
122.5835,1,966.5662,71.33423,964.5992,68.46233
122.6167,1,1023.652,143.6265,994.1255,106.0444
122.6352,1,1258.932,418.7165,1126.529,262.3804
122.6641,1,1420.487,609.647,1273.508,436.0137
122.6695,1,1420.487,609.647,1346.998,522.8304
122.6741,1,1420.487,609.647,1383.742,566.2387
122.6818,1,1420.487,609.647,1402.115,587.9429
122.6869,1,1420.487,609.647,1411.301,598.7949
122.6975,1,1487.66,709.0369,1449.48,653.9159
122.7031,1,1487.66,709.0369,1468.57,681.4764
122.7183,1,1516.199,740.3675,1492.385,710.9219
122.7322,1,1516.199,740.3675,1504.292,725.6447
122.7369,1,1516.199,740.3675,1510.245,733.0061
122.7682,1,1535.456,704.6027,1522.85,718.8044
122.8027,1,1568.325,626.4741,1545.588,672.6393
122.8174,1,1577.992,662.9579,1561.79,667.7986
122.8218,1,1577.992,662.9579,1569.891,665.3783
122.8286,1,1577.992,662.9579,1573.942,664.1681
122.8619,1,1577.888,722.7645,1575.915,693.4663
122.8789,1,1571.638,758.3277,1573.776,725.897
122.896,1,1571.638,758.3277,1572.707,742.1123
122.9103,1,1564.758,777.4347,1568.733,759.7735
122.9238,1,1564.758,777.4347,1566.746,768.6041
122.9343,1,1563.237,790.3445,1564.991,779.4744
122.9396,1,1563.237,790.3445,1564.114,784.9094
122.9507,1,1563.237,790.3445,1563.676,787.627
122.9556,1,1563.237,790.3445,1563.457,788.9857
122.9649,1,1559.84,794.7582,1561.648,791.8719
122.9707,1,1559.84,794.7582,1560.744,793.3151
122.9811,1,1559.84,794.7582,1560.292,794.0366
122.9871,1,1559.84,794.7582,1560.066,794.3974
122.9962,1,1557.547,795.2285,1558.807,794.8129
123.0007,1,1557.547,795.2285,1558.177,795.0207
123.0106,1,1557.547,795.2285,1557.862,795.1246
123.0153,1,1557.547,795.2285,1557.705,795.1765
123.0255,1,1557.884,796.0222,1557.794,795.5994
123.0312,1,1557.884,796.0222,1557.839,795.8108
123.0384,1,1557.884,796.0222,1557.861,795.9165
123.0435,1,1557.884,796.0222,1557.873,795.9694
123.0488,1,1557.884,796.0222,1557.878,795.9957
123.0615,1,1557.791,796.6642,1557.835,796.33
123.0674,1,1557.791,796.6642,1557.813,796.4971
123.0804,1,1557.791,796.6642,1557.802,796.5806
123.0976,1,1556.47,796.2751,1557.136,796.4279
123.1273,1,1554.38,794.8953,1555.758,795.6616
123.1454,1,1552.4,794.2853,1554.079,794.9734
123.1652,1,1552.4,794.2853,1553.24,794.6294
123.1978,1,1551.35,794.6302,1552.295,794.6298
123.2099,1,1550.564,795.1291,1551.429,794.8795
123.2147,1,1550.564,795.1291,1550.996,795.0043
123.2192,1,1550.564,795.1291,1550.78,795.0667
123.224,1,1550.564,795.1291,1550.672,795.0979
123.2352,1,1550.007,795.366,1550.339,795.2319
123.2445,1,1550.007,795.366,1550.173,795.299
123.2506,1,1550.007,795.366,1550.09,795.3325
123.2615,1,1550.007,795.366,1550.049,795.3492
123.2674,1,1549.585,795.0568,1549.817,795.203
123.2757,1,1549.585,795.0568,1549.701,795.1299
123.2803,1,1549.585,795.0568,1549.643,795.0933
123.2859,1,1549.585,795.0568,1549.614,795.0751
123.2942,1,1549.185,794.1181,1549.399,794.5966
123.2987,1,1549.185,794.1181,1549.292,794.3573
123.3093,1,1549.185,794.1181,1549.239,794.2377
123.3142,1,1549.185,794.1181,1549.212,794.1779
123.3216,1,1549.185,794.1181,1549.198,794.1479
123.3282,1,1548.176,792.8843,1548.687,793.5161
123.333,1,1548.176,792.8843,1548.431,793.2002
123.3434,1,1548.176,792.8843,1548.304,793.0422
123.3493,1,1548.176,792.8843,1548.24,792.9633
123.3599,1,1548.35,792.123,1548.295,792.5431
123.3649,1,1548.35,792.123,1548.323,792.333
123.382,1,1548.35,792.123,1548.336,792.228
123.3968,1,1549.188,791.0742,1548.762,791.6511
123.4139,1,1549.188,791.0742,1548.975,791.3627
123.4419,1,1549.733,790.2659,1549.354,790.8143
123.4605,1,1549.607,790.0052,1549.481,790.4098
123.4766,1,1548.932,790.2773,1549.206,790.3435
123.4818,1,1548.932,790.2773,1549.069,790.3104
123.4877,1,1548.932,790.2773,1549,790.2938
123.497,1,1548.932,790.2773,1548.966,790.2855
123.5017,1,1548.932,790.2773,1548.949,790.2814
123.5135,1,1547.404,790.3891,1548.176,790.3352
123.5182,1,1547.404,790.3891,1547.79,790.3622
123.5299,1,1547.404,790.3891,1547.597,790.3756
123.5344,1,1547.404,790.3891,1547.5,790.3823
123.545,1,1547.282,787.9623,1547.391,789.1724
123.5506,1,1547.282,787.9623,1547.337,788.5674
123.5631,1,1547.282,787.9623,1547.31,788.2649
123.5808,1,1546.775,784.0111,1547.042,786.138
123.6119,1,1547.296,777.9067,1547.169,782.0223
123.6312,1,1547.758,769.2847,1547.463,775.6536
123.6497,1,1547.758,769.2847,1547.611,772.4691
123.6674,1,1547.609,760.024,1547.61,766.2466
123.7019,1,1548.026,750.9001,1547.818,758.5734
123.7227,1,1549.83,742.6545,1548.824,750.614
123.7539,1,1550.878,737.4145,1549.851,744.0142
123.7802,1,1551.542,733.5125,1550.697,738.7634
123.7852,1,1551.542,733.5125,1551.12,736.1379
123.7974,1,1551.542,733.5125,1551.331,734.8252
123.8024,1,1551.542,733.5125,1551.437,734.1688
123.8173,1,1553.134,729.0259,1552.285,731.5974
123.8365,1,1553.134,729.0259,1552.71,730.3116
123.8574,1,1553.692,723.6912,1553.201,727.0014
123.8714,1,1554.749,720.621,1553.975,723.8112
123.904,1,1554.667,719.5296,1554.321,721.6704
123.921,1,1554.667,719.5296,1554.494,720.6
123.9395,1,1554.644,720.0884,1554.569,720.3442
123.952,1,1554.644,720.0884,1554.607,720.2163
123.9624,1,1554.437,718.8724,1554.522,719.5443
123.9719,1,1554.437,718.8724,1554.479,719.2084
123.9852,1,1554.437,718.8724,1554.458,719.0404
123.9947,1,1553.142,718.0525,1553.8,718.5464
124.0129,1,1553.142,718.0525,1553.471,718.2994
124.0187,1,1553.142,718.0525,1553.306,718.176
124.028,1,1551.797,717.0829,1552.552,717.6294
124.0336,1,1551.797,717.0829,1552.174,717.3561
124.0436,1,1551.797,717.0829,1551.986,717.2195
124.0489,1,1550.115,718.2919,1551.05,717.7557
124.0613,1,1550.115,718.2919,1550.583,718.0238
124.0658,1,1550.115,718.2919,1550.349,718.1578
124.0814,1,1549.218,718.1718,1549.783,718.1648
124.0978,1,1549.218,718.1718,1549.501,718.1683
124.1147,1,1548.69,718.3078,1549.095,718.238
124.1193,1,1548.69,718.3078,1548.893,718.2729
124.1242,1,1548.69,718.3078,1548.791,718.2904
124.1419,1,1548.526,717.7517,1548.659,718.0211
124.1661,1,1548.526,717.7517,1548.592,717.8864
124.1776,1,1548.517,717.4269,1548.555,717.6566
124.1827,1,1548.517,717.4269,1548.536,717.5417
124.188,1,1548.517,717.4269,1548.526,717.4844
124.1987,1,1548.517,717.4269,1548.521,717.4557
124.2038,1,1548.59,716.5181,1548.556,716.9869
124.2102,1,1548.59,716.5181,1548.573,716.7524
124.216,1,1548.59,716.5181,1548.581,716.6353
124.2212,1,1548.59,716.5181,1548.585,716.5767
124.2333,1,1548.208,715.3671,1548.397,715.9719
124.2484,1,1548.208,715.3671,1548.302,715.6694
124.2537,1,1548.208,715.3671,1548.255,715.5182
124.271,1,1547.202,713.8399,1547.729,714.6791
124.2978,1,1545.45,711.0436,1546.589,712.8613
124.3188,1,1545.45,711.0436,1546.02,711.9525
124.3543,1,1538.092,702.4504,1542.056,707.2015
124.3694,1,1538.092,702.4504,1540.074,704.8259
124.375,1,1538.092,702.4504,1539.083,703.6382
124.3871,1,1532.406,697.1963,1535.744,700.4172
124.3924,1,1532.406,697.1963,1534.075,698.8068
124.4104,1,1532.406,697.1963,1533.24,698.0015
124.4245,1,1524.447,691.1425,1528.844,694.572
124.4413,1,1524.447,691.1425,1526.646,692.8572
124.4513,1,1423.747,625.5536,1475.196,659.2054
124.4567,1,1423.747,625.5536,1449.471,642.3795
124.4677,1,1423.747,625.5536,1436.609,633.9666
124.4736,1,1139.991,442.9375,1288.3,538.452
124.4859,1,1139.991,442.9375,1214.146,490.6948
124.4982,1,1139.991,442.9375,1177.069,466.8161
124.5039,1,908.5298,283.4677,1042.799,375.1419
124.5194,1,908.5298,283.4677,975.6646,329.3048
124.5367,1,797.0876,210.8823,886.3761,270.0936
124.5659,1,753.8137,181.9652,820.0948,226.0294
124.5849,1,753.8137,181.9652,786.9542,203.9973
124.602,1,733.8179,170.5073,760.3861,187.2523
124.6352,1,724.0651,164.0107,742.2256,175.6315
124.6547,1,717.6929,161.9348,729.9592,168.7832
124.6864,1,696.593,173.9988,713.2761,171.391
124.718,1,609.1183,265.6331,661.1973,218.512
124.7293,1,609.1183,265.6331,635.1578,242.0725
124.7338,1,609.1183,265.6331,622.1381,253.8528
124.7439,1,492.4464,466.1143,557.2922,359.9836
124.7494,1,492.4464,466.1143,524.8693,413.049
124.7551,1,492.4464,466.1143,508.6578,439.5816
124.7621,1,492.4464,466.1143,500.5521,452.848
124.7673,1,492.4464,466.1143,496.4992,459.4811
124.7734,1,492.4464,466.1143,494.4728,462.7977
124.7789,1,407.4321,632.5273,450.9525,547.6625
124.7835,1,407.4321,632.5273,429.1923,590.0948
124.7957,1,407.4321,632.5273,418.3122,611.311
124.8097,1,366.9247,715.0048,392.6184,663.158
124.8163,1,366.9247,715.0048,379.7715,689.0814
124.8296,1,366.9247,715.0048,373.3481,702.0431
124.8438,1,349.8296,748.042,361.5888,725.0425
124.86,1,349.8296,748.042,355.7092,736.5422
124.8784,1,343.041,764.1461,349.3751,750.3441
124.8941,1,343.041,764.1461,346.2081,757.2451
124.9107,1,340.0854,769.4459,343.1467,763.3455
124.9276,1,386.4993,779.3731,364.823,771.3593
124.9456,1,386.4993,779.3731,375.6612,775.3662
124.9643,1,548.7658,792.5174,462.2135,783.9418
124.9903,1,831.7175,771.0598,646.9655,777.5008
125.0019,1,831.7175,771.0598,739.3416,774.2803
125.0059,1,831.7175,771.0598,785.5295,772.67
125.0116,1,831.7175,771.0598,808.6235,771.8649
125.0156,1,1102.048,757.1772,955.336,764.5211
125.0307,1,1102.048,757.1772,1028.692,760.8491
125.0473,1,1261.281,746.0527,1144.986,753.4509
125.0634,1,1261.281,746.0527,1203.133,749.7518
125.0823,1,1335.792,734.8342,1269.463,742.293
125.1015,1,1335.792,734.8342,1302.627,738.5636
125.1191,1,1368.547,728.4409,1335.587,733.5022
125.1429,1,1382.406,721.9362,1358.997,727.7192
125.1615,1,1382.406,721.9362,1370.702,724.8278
125.1798,1,1395.783,718.752,1383.242,721.7899
125.1976,1,1420.577,764.8107,1401.91,743.3003
125.2117,1,1420.577,764.8107,1411.243,754.0555
125.216,1,1420.577,764.8107,1415.91,759.4331
125.2202,1,1420.577,764.8107,1418.244,762.1219
125.2335,1,1439.298,805.3858,1428.771,783.7539
125.238,1,1439.298,805.3858,1434.034,794.5698
125.2518,1,1439.298,805.3858,1436.666,799.9778
125.2687,1,1454.321,833.9228,1445.493,816.9503
125.2841,1,1454.321,833.9228,1449.907,825.4365
125.3012,1,1463.798,851.3617,1456.853,838.3991
125.3191,1,1468.942,861.5217,1462.897,849.9604
125.3351,1,1468.942,861.5217,1465.919,855.741
125.3516,1,1462.472,838.4219,1464.196,847.0814
125.3696,1,1462.472,838.4219,1463.334,842.7516
125.3829,1,1478.088,831.054,1470.711,836.9028
125.389,1,1478.088,831.054,1474.399,833.9784
125.4032,1,1478.088,831.054,1476.244,832.5162
125.4183,1,1483.805,837.9595,1480.024,835.2378
125.4345,1,1483.805,837.9595,1481.914,836.5986
125.4503,1,1482.682,842.5544,1482.298,839.5765
125.4649,1,1482.682,842.5544,1482.49,841.0654
125.4799,1,1480.713,844.561,1481.602,842.8132
125.4955,1,1480.713,844.561,1481.157,843.6871
125.509,1,1479.855,844.5139,1480.506,844.1005
125.5138,1,1479.855,844.5139,1480.181,844.3071
125.5183,1,1479.855,844.5139,1480.018,844.4105
125.5243,1,1479.855,844.5139,1479.937,844.4622
125.5305,1,1478.702,843.5602,1479.319,844.0112
125.5358,1,1478.702,843.5602,1479.011,843.7856
125.5454,1,1478.702,843.5602,1478.856,843.6729
125.5512,1,1478.702,843.5602,1478.779,843.6166
125.5619,1,1477.403,842.1508,1478.091,842.8837
125.5672,1,1477.403,842.1508,1477.747,842.5172
125.5776,1,1477.403,842.1508,1477.575,842.334
125.5819,1,1477.403,842.1508,1477.489,842.2424
125.5949,1,1476.393,840.9755,1476.941,841.6089
125.6091,1,1476.393,840.9755,1476.667,841.2922
125.6149,1,1476.393,840.9755,1476.53,841.1339
125.6445,1,1475.371,839.9178,1475.951,840.5259
125.6648,1,1474.142,838.7975,1475.046,839.6617
125.7109,1,1470.838,835.2736,1472.942,837.4677
125.7301,1,1470.838,835.2736,1471.89,836.3706
125.761,1,1468.743,833.0565,1470.316,834.7136
125.7768,1,1465.982,830.803,1468.149,832.7583
125.7809,1,1465.982,830.803,1467.066,831.7806
125.7871,1,1465.982,830.803,1466.524,831.2919
125.8008,1,1463.194,828.5339,1464.859,829.9129
125.8167,1,1463.194,828.5339,1464.027,829.2234
125.8324,1,1460.455,826.6304,1462.241,827.9269
125.8509,1,1460.455,826.6304,1461.348,827.2786
125.8808,1,1458.174,824.8784,1459.761,826.0785
125.9008,1,1455.801,823.7056,1457.781,824.892
125.9275,1,1453.478,822.2363,1455.63,823.5642
125.9485,1,1453.478,822.2363,1454.554,822.9003
125.9788,1,1451.472,820.4532,1453.013,821.6768
125.9924,1,1449.749,818.9647,1451.381,820.3207
125.9975,1,1449.749,818.9647,1450.565,819.6427
126.0025,1,1449.749,818.9647,1450.157,819.3037
126.018,1,1448.371,818.0234,1449.264,818.6636
126.0359,1,1448.371,818.0234,1448.817,818.3435
126.0447,1,1446.959,817.4026,1447.888,817.873
126.0505,1,1446.959,817.4026,1447.424,817.6378
126.0591,1,1446.959,817.4026,1447.191,817.5203
126.0652,1,1446.959,817.4026,1447.075,817.4614
126.0798,1,1445.515,816.6035,1446.295,817.0325
126.0936,1,1445.515,816.6035,1445.905,816.818
126.1178,1,1444.093,816.051,1444.999,816.4344
126.1521,1,1442.725,815.5109,1443.862,815.9727
126.1751,1,1441.155,814.8498,1442.508,815.4113
126.1997,1,1440.212,814.76,1441.36,815.0856
126.2044,1,1440.212,814.76,1440.786,814.9229
126.2177,1,1440.212,814.76,1440.499,814.8414
126.2226,1,1440.212,814.76,1440.356,814.8007
126.2395,1,1439.61,814.6163,1439.983,814.7085
126.2697,1,1438.573,814.5717,1439.278,814.6401
126.2874,1,1437.375,814.521,1438.326,814.5806
126.316,1,1435.58,814.5219,1436.953,814.5513
126.3372,1,1435.58,814.5219,1436.267,814.5366
126.3685,1,1433.178,813.9136,1434.723,814.2251
126.3834,1,1430.472,812.5417,1432.597,813.3834
126.3885,1,1430.472,812.5417,1431.534,812.9625
126.3945,1,1430.472,812.5417,1431.003,812.7521
126.4153,1,1428.424,811.811,1429.714,812.2816
126.4201,1,1428.424,811.811,1429.069,812.0463
126.4374,1,1426.829,811.4525,1427.949,811.7494
126.4513,1,1426.829,811.4525,1427.389,811.601
126.4558,1,1426.829,811.4525,1427.109,811.5267
126.47,1,1425.305,811.3665,1426.207,811.4467
126.4851,1,1425.305,811.3665,1425.756,811.4066
126.5012,1,1423.769,810.9576,1424.763,811.1821
126.518,1,1423.769,810.9576,1424.266,811.0699
126.5335,1,1421.674,810.7689,1422.97,810.9194
126.5586,1,1419.388,810.5582,1421.179,810.7388
126.5638,1,1419.388,810.5582,1420.283,810.6486
126.5694,1,1419.388,810.5582,1419.835,810.6034
126.5739,1,1419.388,810.5582,1419.612,810.5808
126.5793,1,1419.388,810.5582,1419.5,810.5695
126.5906,1,1418.62,811.0589,1419.06,810.8142
126.5961,1,1418.62,811.0589,1418.84,810.9365
126.613,1,1418.62,811.0589,1418.73,810.9977
126.6247,1,1418.271,811.5106,1418.5,811.2542
126.6436,1,1418.271,811.5106,1418.386,811.3823
126.6567,1,1417.653,812.0861,1418.019,811.7342
126.6682,1,1417.653,812.0861,1417.836,811.9102
126.6732,1,1417.653,812.0861,1417.745,811.9981
126.6817,1,1417.172,812.0453,1417.458,812.0217
126.6873,1,1417.172,812.0453,1417.315,812.0335
126.6989,1,1417.172,812.0453,1417.244,812.0394
126.7034,1,1417.172,812.0453,1417.208,812.0424
126.7147,1,1416.259,811.575,1416.734,811.8087
126.7196,1,1416.259,811.575,1416.496,811.6919
126.7277,1,1416.259,811.575,1416.378,811.6334
126.7325,1,1416.259,811.575,1416.319,811.6042
126.7401,1,1414.995,811.2239,1415.657,811.4141
126.7457,1,1414.995,811.2239,1415.326,811.319
126.752,1,1414.995,811.2239,1415.161,811.2715
126.7671,1,1412.889,811.6718,1414.025,811.4717
126.7797,1,1412.889,811.6718,1413.457,811.5718
126.7962,1,1412.889,811.6718,1413.173,811.6218
126.8123,1,1411.087,812.5117,1412.13,812.0668
126.8285,1,1409.528,812.9727,1410.829,812.5198
126.8602,1,1407.602,813.1059,1409.216,812.8129
126.8811,1,1407.602,813.1059,1408.409,812.9594
126.8971,1,1406.912,812.8844,1407.66,812.9219
126.9018,1,1406.912,812.8844,1407.286,812.9031
126.9077,1,1406.912,812.8844,1407.099,812.8938
126.918,1,1359.743,801.6069,1383.421,807.2504
126.9275,1,1359.743,801.6069,1371.582,804.4286
126.9324,1,1359.743,801.6069,1365.663,803.0177
126.9376,1,1359.743,801.6069,1362.703,802.3123
126.9481,1,1086.506,730.3283,1224.604,766.3203
126.9537,1,1086.506,730.3283,1155.555,748.3243
126.9624,1,1086.506,730.3283,1121.031,739.3263
126.9683,1,1086.506,730.3283,1103.768,734.8273
126.9781,1,649.6832,607.9816,876.7258,671.4044
126.9837,1,649.6832,607.9816,763.2045,639.693
126.9939,1,649.6832,607.9816,706.4438,623.8373
126.9985,1,649.6832,607.9816,678.0635,615.9094
127.0111,1,355.9648,523.5074,517.0142,569.7084
127.0158,1,355.9648,523.5074,436.4895,546.6079
127.0286,1,355.9648,523.5074,396.2272,535.0576
127.0411,1,244.6218,483.5848,320.4245,509.3212
127.048,1,244.6218,483.5848,282.5232,496.453
127.0655,1,244.6218,483.5848,263.5725,490.0189
127.0997,1,171.4831,466.9516,217.5278,478.4852
127.1205,1,171.4831,466.9516,194.5055,472.7184
127.1396,1,162.0767,463.1331,178.2911,467.9257
127.1655,1,159.8769,475.9901,169.084,471.9579
127.171,1,159.8769,475.9901,164.4804,473.974
127.1845,1,159.8769,475.9901,162.1786,474.9821
127.2018,1,158.7283,486.2224,160.4535,480.6022
127.2219,1,157.7261,492.5759,159.0898,486.5891
127.2513,1,156.1238,495.8215,157.6068,491.2053
127.2713,1,156.1238,495.8215,156.8653,493.5134
127.3018,1,154.679,498.5142,155.7722,496.0138
127.3153,1,152.8424,501.3003,154.3073,498.657
127.3198,1,152.8424,501.3003,153.5748,499.9786
127.3252,1,152.8424,501.3003,153.2086,500.6395
127.3365,1,152.8424,501.3003,153.0255,500.9698
127.3417,1,151.197,502.6101,152.1113,501.79
127.3572,1,151.197,502.6101,151.6541,502.2
127.3684,1,151.197,502.6101,151.4256,502.4051
127.3732,1,161.7994,508.4956,156.6125,505.4503
127.3835,1,161.7994,508.4956,159.2059,506.973
127.3892,1,161.7994,508.4956,160.5027,507.7343
127.3971,1,161.7994,508.4956,161.151,508.1149
127.4016,1,161.7994,508.4956,161.4752,508.3053
127.422,1,266.4774,537.1038,213.9763,522.7045
127.4421,1,676.4924,628.5023,445.2343,575.6034
127.471,1,1050.413,701.0575,747.8236,638.3304
127.5068,1,1223.641,730.5422,985.7324,684.4363
127.5139,1,1223.641,730.5422,1104.687,707.4893
127.5218,1,1223.641,730.5422,1164.164,719.0157
127.5284,1,1291.822,739.913,1227.993,729.4644
127.5401,1,1291.822,739.913,1259.907,734.6887
127.555,1,1318.229,740.8386,1289.068,737.7637
127.5609,1,1318.229,740.8386,1303.648,739.3011
127.5758,1,1318.229,740.8386,1310.939,740.0698
127.5962,1,1328.484,740.8192,1319.712,740.4445
127.628,1,1333.051,740.9357,1326.381,740.6901
127.6439,1,1333.051,740.9357,1329.716,740.8129
127.6488,1,1335.372,737.0567,1332.544,738.9348
127.6573,1,1335.372,737.0567,1333.958,737.9957
127.6623,1,1335.372,737.0567,1334.665,737.5262
127.6672,1,1335.372,737.0567,1335.019,737.2915
127.6767,1,1336.074,732.6103,1335.546,734.9509
127.6816,1,1336.074,732.6103,1335.81,733.7806
127.695,1,1336.074,732.6103,1335.942,733.1954
127.71,1,1335.752,730.1111,1335.847,731.6533
127.7149,1,1335.752,730.1111,1335.799,730.8822
127.7306,1,1335.752,730.1111,1335.776,730.4967
127.749,1,1334.595,725.7125,1335.185,728.1046
127.7634,1,1334.595,725.7125,1334.89,726.9086
127.7815,1,1333.33,722.6839,1334.11,724.7963
127.7999,1,1333.293,721.0912,1333.702,722.9437
127.8195,1,1333.293,721.0912,1333.497,722.0175
127.8349,1,1333.157,721.0927,1333.327,721.5551
127.8509,1,1333.157,721.0927,1333.242,721.3239
127.8838,1,1333.329,721.0119,1333.286,721.1678
127.8957,1,1333.131,719.9823,1333.208,720.5751
127.8998,1,1333.131,719.9823,1333.17,720.2787
127.9096,1,1333.131,719.9823,1333.151,720.1305
127.9145,1,1333.131,719.9823,1333.141,720.0564
127.9244,1,1333.195,719.6366,1333.168,719.8465
127.9309,1,1333.195,719.6366,1333.181,719.7416
127.9427,1,1333.195,719.6366,1333.188,719.6891
127.949,1,1333.425,719.1453,1333.307,719.4172
127.9631,1,1333.425,719.1453,1333.366,719.2813
127.9767,1,1333.678,718.9794,1333.522,719.1304
127.9933,1,1333.678,718.9794,1333.6,719.0549
128.0119,1,1334.274,718.3179,1333.937,718.6864
128.0271,1,1334.274,718.3179,1334.106,718.5022
128.0442,1,1334.623,717.7897,1334.364,718.146
128.0629,1,1334.623,717.7897,1334.493,717.9679
128.0823,1,1334.508,717.0078,1334.501,717.4879
128.0984,1,1334.397,715.5194,1334.449,716.5037
128.1157,1,1334.397,715.5194,1334.423,716.0115
128.1483,1,1334.049,713.3476,1334.236,714.6796
128.1646,1,1333.219,711.0317,1333.728,712.8557
128.1923,1,1332.4,709.1131,1333.064,710.9844
128.1987,1,1332.4,709.1131,1332.732,710.0487
128.2119,1,1332.4,709.1131,1332.566,709.5809
128.2254,1,1330.928,707.6683,1331.747,708.6246
128.2399,1,1330.928,707.6683,1331.337,708.1465
128.2537,1,1329.909,706.6003,1330.623,707.3734
128.2588,1,1329.909,706.6003,1330.266,706.9869
128.274,1,1329.909,706.6003,1330.088,706.7936
128.2919,1,1328.638,705.3121,1329.363,706.0529
128.3081,1,1328.638,705.3121,1329,705.6825
128.3247,1,1327.082,701.9363,1328.041,703.8094
128.3447,1,1324.448,698.3138,1326.245,701.0616
128.3767,1,1321.71,693.7161,1323.977,697.3889
128.4024,1,1317.635,687.4623,1320.806,692.4255
128.4081,1,1317.635,687.4623,1319.221,689.9439
128.4134,1,1317.635,687.4623,1318.428,688.7031
128.4252,1,1317.635,687.4623,1318.031,688.0827
128.4317,1,1315.049,685.4481,1316.54,686.7654
128.4471,1,1315.049,685.4481,1315.795,686.1067
128.478,1,1315.553,679.027,1315.674,682.5668
128.4961,1,1328.719,682.2626,1322.197,682.4147
128.5249,1,1336.864,686.9562,1329.53,684.6855
128.5408,1,1336.864,686.9562,1333.197,685.8209
128.5528,1,1343.691,690.2025,1338.444,688.0117
128.5577,1,1343.691,690.2025,1341.067,689.1071
128.563,1,1343.691,690.2025,1342.379,689.6548
128.5681,1,1343.691,690.2025,1343.035,689.9286
128.5779,1,1343.691,690.2025,1343.363,690.0656
128.5823,1,1350.688,692.3249,1347.025,691.1952
128.5903,1,1350.688,692.3249,1348.857,691.76
128.5956,1,1350.688,692.3249,1349.772,692.0425
128.6004,1,1350.688,692.3249,1350.23,692.1837
128.6116,1,1357.472,694.1088,1353.851,693.1462
128.6164,1,1357.472,694.1088,1355.662,693.6275
128.6298,1,1357.472,694.1088,1356.567,693.8682
128.6448,1,1363.543,695.6644,1360.055,694.7662
128.661,1,1363.543,695.6644,1361.799,695.2153
128.6759,1,1368.161,696.5538,1364.98,695.8845
128.6815,1,1368.161,696.5538,1366.571,696.2191
128.6952,1,1368.161,696.5538,1367.366,696.3865
128.7085,1,1373.777,695.9303,1370.572,696.1584
128.7276,1,1373.777,695.9303,1372.175,696.0443
128.7471,1,1392.101,666.4608,1382.138,681.2526
128.776,1,1438.592,601.6976,1410.365,641.4751
128.7947,1,1445.269,620.2833,1427.817,630.8792
128.8085,1,1445.269,620.2833,1436.543,625.5812
128.8173,1,1445.269,620.2833,1440.906,622.9323
128.8215,1,1430.512,629.2188,1435.709,626.0755
128.8328,1,1430.512,629.2188,1433.111,627.6471
128.8377,1,1430.512,629.2188,1431.812,628.4329
128.8501,1,1430.512,629.2188,1431.162,628.8258
128.8647,1,1377.876,606.0173,1404.519,617.4215
128.8808,1,1108.475,456.0045,1256.497,536.713
128.899,1,1108.475,456.0045,1182.486,496.3587
128.9319,1,644.5557,206.3881,913.5209,351.3734
128.9505,1,313.5092,39.85149,613.5151,195.6125
128.9782,1,171.8008,-23.47379,392.6579,86.06934
128.9965,1,171.8008,-23.47379,282.2294,31.29777
129.0256,1,115.6091,-48.84227,198.9192,-8.772246
129.0454,1,92.23379,-55.44265,145.5765,-32.10745
129.0714,1,134.2748,-41.29227,139.9257,-36.69986
129.0818,1,134.2748,-41.29227,137.1003,-38.99606
129.0869,1,134.2748,-41.29227,135.6875,-40.14417
129.0963,1,169.8424,-30.02434,152.765,-35.08425
129.1013,1,169.8424,-30.02434,161.3037,-32.5543
129.1059,1,169.8424,-30.02434,165.5731,-31.28932
129.1143,1,169.8424,-30.02434,167.7077,-30.65683
129.1189,1,169.8424,-30.02434,168.7751,-30.34059
129.13,1,184.699,-23.26,176.737,-26.80029
129.1351,1,184.699,-23.26,180.718,-25.03014
129.1417,1,184.699,-23.26,182.7085,-24.14507
129.1483,1,184.699,-23.26,183.7037,-23.70253
129.1532,1,184.699,-23.26,184.2014,-23.48127
129.1603,1,193.7558,-20.48605,188.9786,-21.98366
129.1649,1,193.7558,-20.48605,191.3672,-21.23485
129.1706,1,193.7558,-20.48605,192.5615,-20.86045
129.1803,1,193.7558,-20.48605,193.1586,-20.67325
129.1853,1,198.2076,-18.45528,195.6831,-19.56427
129.1956,1,198.2076,-18.45528,196.9454,-19.00977
129.2005,1,198.2076,-18.45528,197.5765,-18.73253
129.2111,1,198.2076,-18.45528,197.8921,-18.59391
129.2161,1,200.3353,-17.04902,199.1137,-17.82146
129.2272,1,200.3353,-17.04902,199.7245,-17.43524
129.2323,1,200.3353,-17.04902,200.0299,-17.24213
129.2446,1,201.6072,-16.45399,200.8186,-16.84806
129.2613,1,201.6072,-16.45399,201.2129,-16.65102
129.2802,1,203.2802,-16.08186,202.2465,-16.36644
129.2985,1,203.2802,-16.08186,202.7633,-16.22415
129.3113,1,204.0833,-15.28724,203.4233,-15.7557
129.3155,1,204.0833,-15.28724,203.7533,-15.52147
129.3198,1,204.0833,-15.28724,203.9183,-15.40435
129.3249,1,204.0833,-15.28724,204.0008,-15.34579
129.3382,1,204.6776,-14.52838,204.3392,-14.93709
129.3436,1,204.6776,-14.52838,204.5084,-14.73273
129.3633,1,204.6776,-14.52838,204.593,-14.63056
129.3808,1,204.076,-13.38681,204.3345,-14.00869
129.3873,1,204.076,-13.38681,204.2053,-13.69775
129.398,1,198.7462,-5.591948,201.4758,-9.644848
129.4036,1,198.7462,-5.591948,200.111,-7.618398
129.4156,1,198.7462,-5.591948,199.4286,-6.605173
129.4272,1,189.237,8.087511,194.3328,0.7411692
129.4325,1,189.237,8.087511,191.7849,4.41434
129.4402,1,189.237,8.087511,190.511,6.250926
129.4458,1,189.237,8.087511,189.874,7.169218
129.4532,1,189.237,8.087511,189.5555,7.628365
129.4606,1,179.1221,23.03754,184.3388,15.33295
129.4675,1,179.1221,23.03754,181.7305,19.18524
129.4739,1,179.1221,23.03754,180.4263,21.11139
129.4792,1,179.1221,23.03754,179.7742,22.07446
129.4924,1,170.5183,37.65113,175.1463,29.8628
129.4984,1,170.5183,37.65113,172.8323,33.75697
129.5154,1,227.7842,56.54019,200.3082,45.14857
129.5463,1,227.7842,56.54019,214.0462,50.84438
129.5695,1,227.7842,56.54019,220.9152,53.69228
129.6,1,958.655,431.3395,589.7851,242.5159
129.6169,1,1277.659,624.2835,933.7219,433.3997
129.6217,1,1277.659,624.2835,1105.69,528.8416
129.6528,1,1405.317,706.3727,1255.504,617.6072
129.6702,1,1451.405,736.8036,1353.454,677.2054
129.7003,1,1472.504,748.1274,1412.979,712.6664
129.712,1,1472.504,748.1274,1442.741,730.397
129.7169,1,1472.504,748.1274,1457.623,739.2622
129.7211,1,1472.504,748.1274,1465.063,743.6948
129.7272,1,1472.504,748.1274,1468.784,745.9111
129.739,1,1484.765,752.9158,1476.774,749.4135
129.7448,1,1484.765,752.9158,1480.77,751.1647
129.7611,1,1490.427,754.5927,1485.598,752.8787
129.7778,1,1490.427,754.5927,1488.013,753.7357
129.7959,1,1508.54,800.226,1498.276,776.9808
129.8259,1,1522.787,837.2488,1510.531,807.1149
129.846,1,1522.787,837.2488,1516.659,822.1819
129.8598,1,1531.024,859.5619,1523.841,840.8719
129.8644,1,1531.024,859.5619,1527.433,850.2169
129.8704,1,1531.024,859.5619,1529.228,854.8894
129.881,1,1533.977,871.79,1531.603,863.3397
129.8858,1,1533.977,871.79,1532.79,867.5648
129.8974,1,1533.977,871.79,1533.383,869.6774
129.9019,1,1533.977,871.79,1533.68,870.7336
129.9121,1,1536.328,876.4509,1535.004,873.5923
129.9171,1,1536.328,876.4509,1535.666,875.0216
129.9234,1,1536.328,876.4509,1535.997,875.7363
129.9294,1,1536.328,876.4509,1536.162,876.0936
129.9345,1,1536.328,876.4509,1536.245,876.2723
129.9429,1,1536.783,877.6084,1536.514,876.9403
129.9487,1,1536.783,877.6084,1536.648,877.2744
129.961,1,1536.783,877.6084,1536.716,877.4414
129.9655,1,1536.783,877.6084,1536.749,877.5249
129.9803,1,1536.341,876.4302,1536.545,876.9775
129.9961,1,1536.341,876.4302,1536.443,876.7039
130.0153,1,1536.118,875.2664,1536.28,875.9851
130.0361,1,1536.017,874.3279,1536.148,875.1565
130.0645,1,1536.219,873.5331,1536.184,874.3448
130.0702,1,1536.219,873.5331,1536.202,873.939
130.0755,1,1536.219,873.5331,1536.21,873.7361
130.0945,1,1513.59,855.9534,1524.9,864.8447
130.1108,1,1513.59,855.9534,1519.245,860.399
130.1311,1,1262.773,672.8607,1391.009,766.6299
130.1374,1,1262.773,672.8607,1326.891,719.7453
130.143,1,1262.773,672.8607,1294.832,696.303
130.1483,1,1262.773,672.8607,1278.803,684.5818
130.1535,1,771.1246,353.5627,1024.964,519.0723
130.1596,1,771.1246,353.5627,898.0441,436.3175
130.164,1,771.1246,353.5627,834.5844,394.9401
130.1748,1,771.1246,353.5627,802.8545,374.2514
130.1799,1,430.6935,157.1655,616.774,265.7085
130.1848,1,430.6935,157.1655,523.7338,211.437
130.1901,1,430.6935,157.1655,477.2136,184.3013
130.1954,1,430.6935,157.1655,453.9536,170.7334
130.2056,1,430.6935,157.1655,442.3235,163.9495
130.2121,1,308.0239,90.67765,375.1737,127.3136
130.2242,1,308.0239,90.67765,341.5988,108.9956
130.23,1,308.0239,90.67765,324.8113,99.83662
130.2434,1,270.6662,69.03246,297.7388,84.43454
130.2585,1,270.6662,69.03246,284.2025,76.73351
130.2762,1,255.448,59.50703,269.8253,68.12027
130.2896,1,255.448,59.50703,262.6367,63.81365
130.295,1,255.448,59.50703,259.0424,61.66034
130.3,1,255.448,59.50703,257.2452,60.58369
130.3076,1,246.8295,51.24989,252.0373,55.91679
130.316,1,246.8295,51.24989,249.4334,53.58334
130.3206,1,246.8295,51.24989,248.1314,52.41661
130.3672,1,243.6504,46.49366,245.8909,49.45514
130.3765,1,243.6504,46.49366,244.7707,47.9744
130.3816,1,243.6504,46.49366,244.2106,47.23403
130.3884,1,243.6504,46.49366,243.9305,46.86385
130.3964,1,237.5793,46.54243,240.7549,46.70314
130.4017,1,237.5793,46.54243,239.1671,46.62278
130.4131,1,237.5793,46.54243,238.3732,46.5826
130.419,1,237.5793,46.54243,237.9762,46.56252
130.4296,1,218.5324,54.38183,228.2543,50.47217
130.4445,1,218.5324,54.38183,223.3934,52.427
130.4552,1,203.3101,59.69041,213.3517,56.05871
130.4619,1,203.3101,59.69041,208.3309,57.87456
130.4785,1,203.3101,59.69041,205.8205,58.78249
130.4878,1,194.8923,62.82055,200.3564,60.80152
130.4944,1,194.8923,62.82055,197.6243,61.81104
130.5142,1,190.0317,64.72178,193.828,63.26641
130.5287,1,190.0317,64.72178,191.9299,63.99409
130.5426,1,195.797,82.97147,193.8635,73.48278
130.5569,1,195.797,82.97147,194.8303,78.22713
130.5796,1,234.5779,206.4345,214.7041,142.3308
130.6227,1,304.599,483.8779,259.6516,313.1044
130.6438,1,347.7714,653.614,303.7115,483.3592
130.6694,1,366.2533,722.9607,334.9824,603.1599
130.6755,1,366.2533,722.9607,350.6178,663.0603
130.6803,1,366.2533,722.9607,358.4355,693.0105
130.6919,1,366.2533,722.9607,362.3444,707.9856
130.6972,1,376.2695,741.0665,369.3069,724.526
130.7074,1,376.2695,741.0665,372.7882,732.7963
130.7137,1,376.2695,741.0665,374.5289,736.9314
130.7286,1,385.0859,754.2827,379.8074,745.6071
130.7401,1,385.0859,754.2827,382.4467,749.9449
130.7472,1,385.0859,754.2827,383.7663,752.1138
130.7876,1,589.0785,788.5267,486.4224,770.3202
130.7949,1,589.0785,788.5267,537.7504,779.4235
130.7998,1,589.0785,788.5267,563.4144,783.9751
130.8042,1,589.0785,788.5267,576.2465,786.2509
130.8102,1,589.0785,788.5267,582.6625,787.3888
130.8246,1,911.661,799.8572,747.1617,793.623
130.8409,1,911.661,799.8572,829.4114,796.7401
130.8606,1,1212.014,798.5022,1020.713,797.6212
130.8774,1,1366.324,786.6772,1193.519,792.1492
130.8954,1,1366.324,786.6772,1279.921,789.4132
130.9133,1,1433.512,775.9268,1356.717,782.67
130.931,1,1433.512,775.9268,1395.114,779.2985
130.9478,1,1466.353,779.4539,1430.733,779.3762
130.9651,1,1466.353,779.4539,1448.543,779.415
130.9888,1,1480.407,776.5173,1464.475,777.9662
131.0007,1,1486.41,765.4248,1475.442,771.6955
131.0195,1,1486.41,765.4248,1480.926,768.5602
131.025,1,1486.41,765.4248,1483.668,766.9925
131.0411,1,1528.28,779.8207,1505.974,773.4066
131.0584,1,1567.904,806.6544,1536.939,790.0305
131.0736,1,1567.904,806.6544,1552.421,798.3424
131.0794,1,1567.904,806.6544,1560.162,802.4984
131.0967,1,1591.138,821.7548,1575.65,812.1266
131.1122,1,1591.138,821.7548,1583.394,816.9407
131.1177,1,1591.138,821.7548,1587.266,819.3477
131.1358,1,1607.099,829.4145,1597.183,824.3811
131.1485,1,1626.8,801.2701,1611.991,812.8256
131.1674,1,1626.8,801.2701,1619.396,807.0479
131.1858,1,1643.617,763.7388,1631.506,785.3933
131.2012,1,1643.617,763.7388,1637.562,774.566
131.2195,1,1641.411,751.4021,1639.486,762.9841
131.233,1,1641.411,751.4021,1640.448,757.1931
131.2488,1,1639.991,743.437,1640.219,750.3151
131.2676,1,1639.991,743.437,1640.105,746.876
131.2823,1,1645.254,714.4847,1642.679,730.6803
131.2991,1,1646.121,716.5437,1644.4,723.612
131.3177,1,1646.121,716.5437,1645.26,720.0779
131.3252,1,1646.121,716.5437,1645.69,718.3108
131.3418,1,1650.128,715.9338,1647.909,717.1223
131.3599,1,1653.833,714.6636,1650.871,715.8929
131.3767,1,1653.833,714.6636,1652.352,715.2783
131.3894,1,1653.833,714.6636,1653.093,714.9709
131.4074,1,1657.941,715.2969,1655.517,715.1339
131.4221,1,1665.232,717.2788,1660.374,716.2064
131.4372,1,1665.232,717.2788,1662.803,716.7426
131.4561,1,1672.377,717.1491,1667.59,716.9458
131.4729,1,1672.377,717.1491,1669.984,717.0475
131.4784,1,1672.377,717.1491,1671.181,717.0983
131.4935,1,1658.219,714.5289,1664.7,715.8136
131.5092,1,1511.487,645.9445,1588.093,680.879
131.5145,1,1511.487,645.9445,1549.79,663.4117
131.5282,1,1511.487,645.9445,1530.638,654.6781
131.5499,1,1073.93,447.506,1302.284,551.092
131.5638,1,1073.93,447.506,1188.107,499.299
131.5779,1,635.3728,250.9191,911.7399,375.1091
131.5917,1,635.3728,250.9191,773.5563,313.0141
131.5969,1,635.3728,250.9191,704.4646,281.9666
131.6088,1,368.2441,126.3049,536.3544,204.1358
131.6138,1,368.2441,126.3049,452.2992,165.2203
131.6191,1,368.2441,126.3049,410.2717,145.7626
131.624,1,368.2441,126.3049,389.2579,136.0338
131.6467,1,279.9541,85.842,334.606,110.9379
131.6658,1,244.953,73.80356,289.7795,92.37071
131.6823,1,244.953,73.80356,267.3663,83.08714
131.6884,1,244.953,73.80356,256.1596,78.44534
131.6994,1,232.9107,67.93202,244.5352,73.18868
131.718,1,232.9107,67.93202,238.7229,70.56035
131.7324,1,232.024,59.84071,235.3735,65.20053
131.7375,1,232.024,59.84071,233.6988,62.52062
131.7547,1,232.9373,54.62014,233.3181,58.57038
131.769,1,232.9373,54.62014,233.1277,56.59526
131.786,1,228.439,54.96782,230.7833,55.78154
131.8033,1,228.439,54.96782,229.6112,55.37468
131.8091,1,228.439,54.96782,229.0251,55.17125
131.8202,1,227.5624,54.45303,228.2938,54.81214
131.8244,1,227.5624,54.45303,227.9281,54.63258
131.8304,1,227.5624,54.45303,227.7453,54.54281
131.8402,1,227.5624,54.45303,227.6539,54.49792
131.8542,1,213.3697,89.79207,220.5118,72.14499
131.8734,1,202.884,255.0944,211.6979,163.6197
131.9021,1,202.884,255.0944,207.2909,209.357
131.9342,1,250.4788,651.3771,228.8849,430.3671
131.9565,1,250.4788,651.3771,239.6818,540.8721
131.9871,1,261.3296,716.9423,250.5057,628.9072
132.0064,1,262.4123,746.997,256.459,687.9521
132.0292,1,262.1274,764.0969,259.2932,726.0245
132.0563,1,259.7371,775.1369,259.5152,750.5807
132.0736,1,259.7371,775.1369,259.6262,762.8588
132.0904,1,257.7127,782.7767,258.6694,772.8177
132.1052,1,257.7127,782.7767,258.1911,777.7972
132.125,1,255.4476,787.2254,256.8193,782.5114
132.142,1,255.4476,787.2254,256.1335,784.8684
132.1603,1,252.8049,789.7693,254.4692,787.3188
132.1729,1,252.8049,789.7693,253.637,788.5441
132.1787,1,249.7407,791.6682,251.6889,790.1061
132.1832,1,249.7407,791.6682,250.7148,790.8871
132.201,1,249.7407,791.6682,250.2277,791.2776
132.2167,1,247.4033,793.6804,248.8155,792.479
132.2349,1,247.4033,793.6804,248.1094,793.0797
132.2533,1,245.4874,796.443,246.7984,794.7614
132.2698,1,244.0074,799.1694,245.4029,796.9653
132.2965,1,272.1847,797.4231,258.7938,797.1942
132.3126,1,272.1847,797.4231,265.4893,797.3087
132.3296,1,401.269,782.2171,333.3792,789.7629
132.3438,1,401.269,782.2171,367.3241,785.99
132.3625,1,694.6677,745.8251,530.9959,765.9075
132.3939,1,922.897,714.4862,726.9464,740.1969
132.411,1,922.897,714.4862,824.9217,727.3416
132.4231,1,1040.164,697.3875,932.5426,712.3645
132.429,1,1040.164,697.3875,986.3531,704.876
132.4338,1,1040.164,697.3875,1013.258,701.1317
132.4456,1,1040.164,697.3875,1026.711,699.2596
132.459,1,1100.8,684.4242,1063.755,691.8419
132.4644,1,1100.8,684.4242,1082.278,688.1331
132.4798,1,1131.425,679.0087,1106.851,683.5709
132.4935,1,1131.425,679.0087,1119.138,681.2898
132.512,1,1147.871,674.7286,1133.505,678.0092
132.5403,1,1157.415,669.6964,1145.46,673.8528
132.5579,1,1157.415,669.6964,1151.438,671.7746
132.5725,1,1154.953,610.4581,1153.195,641.1163
132.5904,1,1154.953,610.4581,1154.074,625.7872
132.6076,1,1120.802,414.7838,1137.438,520.2855
132.6189,1,1120.802,414.7838,1129.12,467.5347
132.6302,1,1088.051,241.441,1108.585,354.4878
132.6353,1,1088.051,241.441,1098.318,297.9644
132.6484,1,1088.051,241.441,1093.185,269.7027
132.6533,1,1088.051,241.441,1090.618,255.5718
132.6644,1,1074.199,154.6213,1082.409,205.0966
132.6702,1,1074.199,154.6213,1078.304,179.8589
132.6845,1,1074.199,154.6213,1076.251,167.2401
132.7174,1,1063.703,114.6087,1069.977,140.9244
132.737,1,1057.388,96.90182,1063.682,118.9131
132.7529,1,1053.418,87.99808,1058.55,103.4556
132.7857,1,1028.629,68.43248,1043.59,85.94404
132.805