time,is_recent,pos_x,pos_y,filtered_pos_x,filtered_pos_y
0.04549217,1,794.7528,-55.16844,397.3764,-27.58422
0.1039753,1,794.7528,-55.16844,596.0646,-41.37633
0.1140461,1,794.7528,-55.16844,695.4087,-48.27238
0.1210289,1,794.7528,-55.16844,745.0807,-51.72041
0.134613,1,794.7528,-55.16844,769.9167,-53.44443
0.1418247,1,794.7528,-55.16844,782.3348,-54.30643
0.1477928,1,794.7528,-55.16844,788.5438,-54.73744
0.1526947,1,794.7528,-55.16844,791.6483,-54.95294
0.1593113,1,794.7528,-55.16844,793.2006,-55.06069
0.1640835,1,794.7528,-55.16844,793.9767,-55.11457
0.1698017,1,794.7528,-55.16844,794.3647,-55.1415
0.177639,1,794.7528,-55.16844,794.5588,-55.15497
0.1829758,1,794.7528,-55.16844,794.6558,-55.16171
0.1970615,1,794.7528,-55.16844,794.7043,-55.16507
0.2117405,1,794.7528,-55.16844,794.7285,-55.16676
0.231081,1,794.7528,-55.16844,794.7407,-55.1676
0.2509346,1,794.7528,-55.16844,794.7467,-55.16802
0.2695217,1,794.7528,-55.16844,794.7498,-55.16823
0.3001995,1,794.7528,-55.16844,794.7513,-55.16833
0.3719654,1,794.7528,-55.16844,794.7521,-55.16839
0.3835983,1,794.7528,-55.16844,794.7524,-55.16842
0.3972244,1,794.7528,-55.16844,794.7526,-55.16843
0.4517746,1,794.7528,-55.16844,794.7527,-55.16843
0.4766331,1,794.7528,-55.16844,794.7527,-55.16844
0.4826756,1,794.7528,-55.16844,794.7528,-55.16844
0.4883156,1,794.7528,-55.16844,794.7528,-55.16844
0.4935017,1,794.7528,-55.16844,794.7528,-55.16844
0.5028019,1,794.7528,-55.16844,794.7528,-55.16844
0.5084724,1,794.7528,-55.16844,794.7528,-55.16844
0.5251904,1,794.7528,-55.16844,794.7528,-55.16844
0.5584755,1,794.7528,-55.16844,794.7528,-55.16844
0.5906601,1,794.7528,-55.16844,794.7528,-55.16844
0.6088142,1,794.7528,-55.16844,794.7528,-55.16844
0.6247253,1,794.7528,-55.16844,794.7528,-55.16844
0.6339474,1,794.7528,-55.16844,794.7528,-55.16844
0.6387157,1,794.7528,-55.16844,794.7528,-55.16844
0.643959,1,794.7528,-55.16844,794.7528,-55.16844
0.6504841,1,1198.447,138.6597,996.5998,41.74561
0.6595459,1,1198.447,138.6597,1097.523,90.20264
0.6647587,1,1198.447,138.6597,1147.985,114.4312
0.6751423,1,1198.447,138.6597,1173.216,126.5454
0.6795883,1,1198.447,138.6597,1185.831,132.6025
0.6963882,1,1335.799,313.4506,1260.815,223.0266
0.7117729,1,1294.387,407.2552,1277.601,315.1409
0.716835,1,1294.387,407.2552,1285.994,361.1981
0.7450733,1,1361.923,566.0862,1323.959,463.6422
0.7642117,1,1361.923,566.0862,1342.941,514.8642
0.7972946,1,1343.586,592.7327,1343.264,553.7985
0.8122845,1,1367.309,633.4833,1355.286,593.6409
0.8171062,1,1367.309,633.4833,1361.297,613.5621
0.821867,1,1367.309,633.4833,1364.303,623.5227
0.8292484,1,1367.309,633.4833,1365.806,628.503
0.8339596,1,1375.764,656.3109,1370.785,642.4069
0.8400383,1,1375.764,656.3109,1373.274,649.3589
0.846962,1,1375.764,656.3109,1374.519,652.8348
0.8514957,1,1375.764,656.3109,1375.141,654.5729
0.8584633,1,1375.764,656.3109,1375.452,655.4419
0.8639069,1,1375.764,656.3109,1375.608,655.8763
0.8692532,1,1375.764,656.3109,1375.686,656.0936
0.8783741,1,1375.764,656.3109,1375.725,656.2023
0.8845787,1,1375.764,656.3109,1375.744,656.2566
0.8957119,1,1443.674,676.877,1409.709,666.5668
0.9038982,1,1443.674,676.877,1426.691,671.7219
0.9100189,1,1443.674,676.877,1435.183,674.2994
0.9152699,1,1443.674,676.877,1439.428,675.5883
0.927372,1,1403.234,707.6425,1421.331,691.6154
0.9418716,1,1403.234,707.6425,1412.282,699.6289
0.9565582,1,1520.458,796.5678,1466.37,748.0984
0.9622135,1,1520.458,796.5678,1493.414,772.3331
0.9757557,1,1520.458,796.5678,1506.936,784.4504
0.9876537,1,1500.15,879.4303,1503.543,831.9404
0.9927559,1,1500.15,879.4303,1501.847,855.6853
1.008884,1,1500.15,879.4303,1500.999,867.5578
1.021206,1,1546.097,945.1777,1523.548,906.3678
1.031176,1,1546.097,945.1777,1534.822,925.7728
1.036362,1,1546.097,945.1777,1540.459,935.4752
1.046997,1,1590.455,988.6798,1565.457,962.0775
1.052977,1,1590.455,988.6798,1577.956,975.3787
1.059662,1,1590.455,988.6798,1584.206,982.0292
1.067802,1,1590.455,988.6798,1587.33,985.3545
1.073994,1,1590.455,988.6798,1588.893,987.0172
1.079836,1,1590.455,988.6798,1589.674,987.8485
1.086916,1,1590.455,988.6798,1590.064,988.2642
1.10903,1,1590.455,988.6798,1590.26,988.472
1.114986,1,1590.455,988.6798,1590.357,988.5759
1.129471,1,1590.455,988.6798,1590.406,988.6279
1.142986,1,1785.452,998.0037,1687.929,993.3158
1.15065,1,1785.452,998.0037,1736.69,995.6598
1.163729,1,1785.452,998.0037,1761.071,996.8318
1.181953,1,1780.03,953.6196,1770.551,975.2257
1.20446,1,1770.809,998.1649,1770.68,986.6953
1.21221,1,1770.809,998.1649,1770.744,992.4301
1.227438,1,1748.537,1072.688,1759.641,1032.559
1.239773,1,1748.537,1072.688,1754.089,1052.623
1.2568,1,1737.939,1123.912,1746.014,1088.268
1.273203,1,1737.939,1123.912,1741.976,1106.09
1.291922,1,1722.068,1161.816,1732.022,1133.953
1.320679,1,1713.146,1188.456,1722.584,1161.205
1.330696,1,1713.146,1188.456,1717.865,1174.83
1.335302,1,1713.146,1188.456,1715.505,1181.643
1.34037,1,1713.146,1188.456,1714.326,1185.049
1.350328,1,1708.735,1209.535,1711.53,1197.292
1.356283,1,1708.735,1209.535,1710.133,1203.414
1.363079,1,1708.735,1209.535,1709.434,1206.474
1.368532,1,1708.735,1209.535,1709.084,1208.005
1.375652,1,1708.735,1209.535,1708.909,1208.77
1.38048,1,1708.712,1227.116,1708.811,1217.943
1.386566,1,1708.712,1227.116,1708.761,1222.53
1.396685,1,1708.712,1227.116,1708.737,1224.823
1.401287,1,1708.712,1227.116,1708.724,1225.969
1.416714,1,1638.12,1227.666,1673.422,1226.818
1.432089,1,1638.12,1227.666,1655.771,1227.242
1.444811,1,1542.822,1219.622,1599.296,1223.432
1.460886,1,1542.822,1219.622,1571.059,1221.527
1.480181,1,1451.504,1218.251,1511.282,1219.889
1.499458,1,1344.613,1225.804,1427.947,1222.846
1.514965,1,1344.613,1225.804,1386.28,1224.325
1.519636,1,1344.613,1225.804,1365.446,1225.064
1.524889,1,1344.613,1225.804,1355.03,1225.434
1.538313,1,1301.04,1234.969,1328.035,1230.202
1.546562,1,1301.04,1234.969,1314.538,1232.586
1.551022,1,1301.04,1234.969,1307.789,1233.778
1.55662,1,1382.969,1236.441,1345.379,1235.109
1.562826,1,1382.969,1236.441,1364.174,1235.775
1.567793,1,1382.969,1236.441,1373.572,1236.108
1.577797,1,1382.969,1236.441,1378.27,1236.274
1.582294,1,1382.969,1236.441,1380.62,1236.357
1.58843,1,1382.969,1236.441,1381.794,1236.399
1.598173,1,1382.969,1236.441,1382.382,1236.42
1.60273,1,1382.969,1236.441,1382.675,1236.43
1.614534,1,1382.969,1236.441,1382.822,1236.435
1.620087,1,1382.969,1236.441,1382.896,1236.438
1.630157,1,1382.969,1236.441,1382.932,1236.439
1.634995,1,1382.969,1236.441,1382.951,1236.44
1.644005,1,1382.969,1236.441,1382.96,1236.44
1.649565,1,1382.969,1236.441,1382.964,1236.44
1.660858,1,1382.969,1236.441,1382.967,1236.44
1.665251,1,1382.969,1236.441,1382.968,1236.44
1.677923,1,1382.969,1236.441,1382.968,1236.44
1.682285,1,1382.969,1236.441,1382.969,1236.44
1.697247,1,1382.969,1236.441,1382.969,1236.44
1.714415,1,1382.969,1236.441,1382.969,1236.44
1.753626,1,1382.969,1236.441,1382.969,1236.44
1.766554,1,1382.969,1236.441,1382.969,1236.44
1.771404,1,1382.969,1236.441,1382.969,1236.44
1.775709,1,1382.969,1236.441,1382.969,1236.44
1.784208,1,1382.969,1236.441,1382.969,1236.44
1.789852,1,1382.969,1236.441,1382.969,1236.44
1.804741,1,1382.969,1236.441,1382.969,1236.44
1.824047,1,1382.969,1236.441,1382.969,1236.44
1.853369,1,1382.969,1236.441,1382.969,1236.44
1.872543,1,1382.969,1236.441,1382.969,1236.44
1.888618,1,1382.969,1236.441,1382.969,1236.44
1.918089,1,1382.969,1236.441,1382.969,1236.44
1.949953,1,1382.969,1236.441,1382.969,1236.44
1.969069,1,1382.969,1236.441,1382.969,1236.44
1.985373,1,1493.063,1265.618,1438.016,1251.029
2.003735,1,1493.063,1265.618,1465.54,1258.324
2.017832,1,1495.281,1269.354,1480.41,1263.839
2.023409,1,1495.281,1269.354,1487.846,1266.597
2.030838,1,1495.281,1269.354,1491.563,1267.975
2.034939,1,1495.281,1269.354,1493.422,1268.665
2.039869,1,1495.281,1269.354,1494.352,1269.01
2.048841,1,1669.905,1285.896,1582.128,1277.453
2.053621,1,1669.905,1285.896,1626.017,1281.674
2.072372,1,1629.208,1267.976,1627.613,1274.825
2.091856,1,1629.208,1267.976,1628.41,1271.4
2.110079,1,1744.802,1286.694,1686.606,1279.047
2.124784,1,1744.802,1286.694,1715.704,1282.871
2.153503,1,1747.207,1263.255,1731.456,1273.063
2.171156,1,1719.786,1203.341,1725.621,1238.202
2.199003,1,1636.35,1109.076,1680.985,1173.639
2.216063,1,1636.35,1109.076,1658.667,1141.358
2.230309,1,1687.007,1054.43,1672.837,1097.894
2.235809,1,1687.007,1054.43,1679.922,1076.162
2.241386,1,1687.007,1054.43,1683.464,1065.296
2.255955,1,1675.852,1014.926,1679.658,1040.111
2.274338,1,1675.852,1014.926,1677.755,1027.518
2.291344,1,1673.092,994.4596,1675.423,1010.989
2.3002,1,1673.092,994.4596,1674.258,1002.724
2.306421,1,1673.092,994.4596,1673.675,998.5919
2.311567,1,1673.092,994.4596,1673.383,996.5258
2.316292,1,1667.226,976.7614,1670.304,986.6436
2.321672,1,1667.226,976.7614,1668.765,981.7025
2.331141,1,1667.226,976.7614,1667.995,979.2319
2.336195,1,1667.226,976.7614,1667.61,977.9966
2.347361,1,1661.355,962.3517,1664.483,970.1742
2.352055,1,1661.355,962.3517,1662.919,966.2629
2.361755,1,1661.355,962.3517,1662.137,964.3074
2.366863,1,1661.355,962.3517,1661.746,963.3296
2.379663,1,1658.59,952.2753,1660.168,957.8024
2.392548,1,1658.59,952.2753,1659.379,955.0388
2.397337,1,1658.59,952.2753,1658.984,953.657
2.4128,1,1654.99,945.6801,1656.987,949.6686
2.430326,1,1654.99,945.6801,1655.988,947.6743
2.443094,1,1651.59,942.5031,1653.789,945.0887
2.459717,1,1651.59,942.5031,1652.69,943.7959
2.479954,1,1648.68,940.6294,1650.685,942.2126
2.511532,1,1646.276,939.0431,1648.48,940.6279
2.5436,1,1644.661,937.7073,1646.571,939.1676
2.577787,1,1645.021,937.7528,1645.796,938.4602
2.592503,1,1641.565,933.0375,1643.681,935.7488
2.597069,1,1641.565,933.0375,1642.623,934.3932
2.601379,1,1641.565,933.0375,1642.094,933.7153
2.615164,1,1641.565,933.0375,1641.83,933.3764
2.624504,1,1632.522,920.6542,1637.176,927.0153
2.629728,1,1632.522,920.6542,1634.849,923.8348
2.634764,1,1632.522,920.6542,1633.685,922.2445
2.644871,1,1632.522,920.6542,1633.104,921.4493
2.651264,1,1627.212,914.0287,1630.158,917.739
2.660965,1,1627.212,914.0287,1628.685,915.8839
2.66543,1,1627.212,914.0287,1627.948,914.9563
2.680758,1,1621.363,907.3309,1624.656,911.1436
2.69912,1,1621.363,907.3309,1623.009,909.2373
2.715305,1,1615.687,900.4316,1619.348,904.8345
2.742315,1,1610.57,894.1917,1614.959,899.5131
2.759813,1,1610.57,894.1917,1612.765,896.8524
2.775999,1,1605.003,889.091,1608.884,892.9717
2.780338,1,1605.003,889.091,1606.944,891.0314
2.785324,1,1605.003,889.091,1605.973,890.0612
2.793474,1,1605.003,889.091,1605.488,889.576
2.798397,1,1600.148,884.6969,1602.818,887.1365
2.804216,1,1600.148,884.6969,1601.483,885.9167
2.814892,1,1600.148,884.6969,1600.815,885.3068
2.820778,1,1600.148,884.6969,1600.481,885.0018
2.831034,1,1597.315,881.116,1598.898,883.059
2.836197,1,1597.315,881.116,1598.106,882.0875
2.847183,1,1597.315,881.116,1597.711,881.6018
2.852196,1,1597.315,881.116,1597.513,881.3589
2.862032,1,1594.691,877.9483,1596.102,879.6536
2.867886,1,1594.691,877.9483,1595.397,878.8009
2.875685,1,1594.691,877.9483,1595.044,878.3746
2.879908,1,1594.691,877.9483,1594.868,878.1615
2.89253,1,1591.887,875.543,1593.378,876.8522
2.897316,1,1591.887,875.543,1592.633,876.1976
2.91156,1,1591.887,875.543,1592.26,875.8703
2.925594,1,1589.817,873.581,1591.039,874.7256
2.931932,1,1589.817,873.581,1590.428,874.1533
2.962938,1,1587.806,871.4867,1589.117,872.82
2.984154,1,1586.05,869.4036,1587.583,871.1118
3.01395,1,1587.22,866.7199,1587.402,868.9159
3.01823,1,1587.22,866.7199,1587.311,867.8179
3.024035,1,1587.22,866.7199,1587.266,867.2689
3.034533,1,1587.22,866.7199,1587.243,866.9944
3.039549,1,1587.22,866.7199,1587.231,866.8572
3.052788,1,1588.359,863.0173,1587.795,864.9373
3.070385,1,1588.6,859.576,1588.198,862.2567
3.090496,1,1588.6,859.576,1588.399,860.9164
3.121899,1,1589.004,856.8354,1588.702,858.8759
3.129766,1,1589.004,856.8354,1588.853,857.8556
3.135256,1,1588.814,854.5944,1588.833,856.225
3.140667,1,1588.814,854.5944,1588.824,855.4097
3.145168,1,1588.814,854.5944,1588.819,855.0021
3.15336,1,1588.814,854.5944,1588.816,854.7982
3.158092,1,1588.814,854.5944,1588.815,854.6963
3.162956,1,1588.736,852.8098,1588.776,853.7531
3.176207,1,1588.736,852.8098,1588.756,853.2814
3.191175,1,1588.705,851.0632,1588.73,852.1723
3.196123,1,1588.705,851.0632,1588.718,851.6178
3.224726,1,1586.838,847.7188,1587.778,849.6683
3.253132,1,1586.836,846.2042,1587.307,847.9363
3.258194,1,1586.836,846.2042,1587.072,847.0703
3.262609,1,1586.836,846.2042,1586.954,846.6372
3.267458,1,1586.836,846.2042,1586.895,846.4207
3.273813,1,1586.836,846.2042,1586.865,846.3125
3.28088,1,1586.836,846.2042,1586.851,846.2584
3.285059,1,1586.646,844.6202,1586.748,845.4393
3.29343,1,1586.646,844.6202,1586.697,845.0297
3.297726,1,1586.646,844.6202,1586.671,844.825
3.302919,1,1586.646,844.6202,1586.659,844.7225
3.314131,1,1586.348,842.9971,1586.503,843.8598
3.319586,1,1586.348,842.9971,1586.426,843.4285
3.338669,1,1586.348,842.9971,1586.387,843.2128
3.349497,1,1584.474,840.5343,1585.43,841.8735
3.364565,1,1584.474,840.5343,1584.952,841.2039
3.379238,1,1582.034,838.2599,1583.493,839.7319
3.395672,1,1582.034,838.2599,1582.764,838.9959
3.413651,1,1581.229,836.8019,1581.996,837.8989
3.43149,1,1581.229,836.8019,1581.613,837.3505
3.449741,1,1580.096,834.9366,1580.854,836.1436
3.466639,1,1578.944,832.6753,1579.899,834.4094
3.494064,1,1577.361,830.3701,1578.63,832.3898
3.513723,1,1577.361,830.3701,1577.996,831.3799
3.52869,1,1575.4,827.2842,1576.698,829.332
3.532648,1,1575.4,827.2842,1576.049,828.3081
3.538115,1,1575.4,827.2842,1575.724,827.7961
3.547821,1,1575.4,827.2842,1575.562,827.5402
3.552399,1,1575.4,827.2842,1575.481,827.4122
3.563051,1,1573.144,823.9965,1574.312,825.7043
3.568665,1,1573.144,823.9965,1573.728,824.8504
3.580814,1,1573.144,823.9965,1573.436,824.4235
3.585438,1,1571.186,819.6362,1572.311,822.0298
3.591869,1,1571.186,819.6362,1571.749,820.833
3.596676,1,1571.186,819.6362,1571.467,820.2346
3.610624,1,1571.186,819.6362,1571.327,819.9354
3.629398,1,1568.296,814.9225,1569.811,817.429
3.648851,1,1564.699,808.463,1567.255,812.9459
3.671988,1,1564.699,808.463,1565.977,810.7045
3.682049,1,1559.908,801.7696,1562.942,806.2371
3.687782,1,1559.908,801.7696,1561.425,804.0033
3.692574,1,1559.908,801.7696,1560.666,802.8865
3.702971,1,1559.908,801.7696,1560.287,802.328
3.71603,1,1557.785,796.1363,1559.036,799.2322
3.723101,1,1557.785,796.1363,1558.41,797.6842
3.736324,1,1555.249,790.4997,1556.83,794.0919
3.750158,1,1555.249,790.4997,1556.039,792.2958
3.755819,1,1555.249,790.4997,1555.644,791.3977
3.771427,1,1552.067,786.0032,1553.855,788.7004
3.802513,1,1549.244,781.7307,1551.549,785.2156
3.820715,1,1549.244,781.7307,1550.396,783.4731
3.840776,1,1546.138,777.7895,1548.267,780.6313
3.858627,1,1542.736,774.1546,1545.502,777.3929
3.875891,1,1542.736,774.1546,1544.119,775.7738
3.893412,1,1538.91,770.4649,1541.514,773.1194
3.91054,1,1538.91,770.4649,1540.212,771.7921
3.923338,1,1535.549,767.3656,1537.881,769.5789
3.941235,1,1535.549,767.3656,1536.715,768.4722
3.956123,1,1533.203,764.8371,1534.959,766.6547
3.971397,1,1533.203,764.8371,1534.081,765.7458
3.988417,1,1532.761,762.3693,1533.421,764.0576
4.00252,1,1532.761,762.3693,1533.091,763.2135
4.017841,1,1532.046,759.2845,1532.569,761.249
4.035637,1,1532.046,759.2845,1532.307,760.2668
4.05221,1,1530.204,756.4969,1531.255,758.3818
4.067638,1,1527.465,752.3752,1529.36,755.3785
4.083302,1,1527.465,752.3752,1528.413,753.8768
4.100943,1,1524.448,747.9045,1526.43,750.8906
4.128681,1,1521.852,744.0875,1524.141,747.489
4.14831,1,1521.852,744.0875,1522.996,745.7882
4.164063,1,1519.637,740.0745,1521.317,742.9313
4.182367,1,1519.637,740.0745,1520.477,741.5029
4.195871,1,1516.799,736.9818,1518.638,739.2424
4.199905,1,1516.799,736.9818,1517.718,738.1121
4.204966,1,1516.799,736.9818,1517.259,737.5469
4.213852,1,1516.799,736.9818,1517.029,737.2644
4.218204,1,1513.758,734.7952,1515.393,736.0298
4.227608,1,1513.758,734.7952,1514.575,735.4125
4.232527,1,1513.758,734.7952,1514.167,735.1038
4.237906,1,1513.758,734.7952,1513.962,734.9495
4.247799,1,1511.341,733.0235,1512.652,733.9865
4.253986,1,1511.341,733.0235,1511.997,733.505
4.263618,1,1511.341,733.0235,1511.669,733.2643
4.269728,1,1511.341,733.0235,1511.505,733.1439
4.279814,1,1509.22,731.804,1510.363,732.474
4.284861,1,1509.22,731.804,1509.792,732.139
4.300661,1,1509.22,731.804,1509.506,731.9716
4.312956,1,1507.597,730.8723,1508.551,731.4219
4.330799,1,1507.597,730.8723,1508.074,731.1471
4.343504,1,1506.192,730.0085,1507.133,730.5778
4.349173,1,1506.192,730.0085,1506.662,730.2932
4.354523,1,1506.192,730.0085,1506.427,730.1509
4.360058,1,1506.192,730.0085,1506.31,730.0797
4.376513,1,1505.168,729.0063,1505.739,729.543
4.395641,1,1505.168,729.0063,1505.453,729.2747
4.425766,1,1504.015,728.7321,1504.734,729.0034
4.441889,1,1503.12,728.5988,1503.927,728.8011
4.459337,1,1503.12,728.5988,1503.524,728.7
4.478594,1,1500.133,725.7678,1501.828,727.2339
4.510075,1,1496.185,721.2346,1499.006,724.2343
4.526833,1,1492.34,717.1718,1495.673,720.703
4.543472,1,1492.34,717.1718,1494.007,718.9374
4.575224,1,1487.787,713.0272,1490.897,715.9823
4.593012,1,1483.189,709.4117,1487.043,712.697
4.607697,1,1483.189,709.4117,1485.116,711.0544
4.626577,1,1478.815,705.834,1481.965,708.4442
4.641706,1,1475.172,702.8029,1478.569,705.6235
4.649137,1,1475.172,702.8029,1476.87,704.2132
4.654936,1,1475.172,702.8029,1476.021,703.5081
4.665108,1,1475.172,702.8029,1475.596,703.1555
4.671062,1,1472.25,699.9308,1473.923,701.5432
4.680983,1,1472.25,699.9308,1473.087,700.737
4.686596,1,1472.25,699.9308,1472.668,700.3339
4.693983,1,1472.25,699.9308,1472.459,700.1324
4.698351,1,1472.25,699.9308,1472.355,700.0316
4.704277,1,1469.303,696.5184,1470.829,698.275
4.71368,1,1469.303,696.5184,1470.066,697.3967
4.718632,1,1469.303,696.5184,1469.685,696.9576
4.730297,1,1469.303,696.5184,1469.494,696.738
4.735672,1,1466.216,693.559,1467.855,695.1485
4.744495,1,1466.216,693.559,1467.035,694.3538
4.750359,1,1466.216,693.559,1466.625,693.9564
4.760986,1,1466.216,693.559,1466.42,693.7577
4.766659,1,1463.729,691.3222,1465.075,692.5399
4.776066,1,1463.729,691.3222,1464.402,691.931
4.7803,1,1463.729,691.3222,1464.066,691.6266
4.791132,1,1463.729,691.3222,1463.897,691.4744
4.795818,1,1461.126,689.0312,1462.512,690.2528
4.80899,1,1461.126,689.0312,1461.819,689.642
4.813906,1,1461.126,689.0312,1461.473,689.3365
4.838421,1,1458.29,686.4044,1459.881,687.8705
4.844322,1,1458.29,686.4044,1459.085,687.1375
4.857105,1,1455.563,683.3079,1457.324,685.2227
4.868073,1,1455.563,683.3079,1456.443,684.2653
4.874949,1,1455.563,683.3079,1456.003,683.7866
4.892084,1,1452.542,680.1393,1454.272,681.963
4.906727,1,1452.542,680.1393,1453.407,681.0511
4.918177,1,1449.221,677.0262,1451.314,679.0387
4.923994,1,1449.221,677.0262,1450.268,678.0325
4.941923,1,1449.221,677.0262,1449.744,677.5293
4.955616,1,1446.153,673.4134,1447.949,675.4713
4.972931,1,1442.791,669.7257,1445.37,672.5985
4.991108,1,1442.791,669.7257,1444.081,671.1621
5.021515,1,1438.875,665.1754,1441.478,668.1687
5.038359,1,1434.538,660.4359,1438.008,664.3023
5.042475,1,1434.538,660.4359,1436.273,662.3691
5.047815,1,1434.538,660.4359,1435.406,661.4025
5.063623,1,1430.615,656.1666,1433.01,658.7845
5.082394,1,1430.615,656.1666,1431.812,657.4756
5.10042,1,1426.767,652.3881,1429.29,654.9319
5.115095,1,1426.767,652.3881,1428.028,653.66
5.120445,1,1426.767,652.3881,1427.397,653.024
5.127287,1,1422.862,649.0154,1425.13,651.0198
5.14451,1,1422.862,649.0154,1423.996,650.0176
5.150381,1,1422.862,649.0154,1423.429,649.5165
5.157381,1,1419.321,645.72,1421.375,647.6182
5.162966,1,1419.321,645.72,1420.348,646.6691
5.167919,1,1419.321,645.72,1419.834,646.1945
5.17309,1,1419.321,645.72,1419.578,645.9573
5.180346,1,1419.321,645.72,1419.449,645.8386
5.184294,1,1416.621,642.9727,1418.035,644.4056
5.194857,1,1416.621,642.9727,1417.328,643.6891
5.199333,1,1416.621,642.9727,1416.975,643.3309
5.204214,1,1416.621,642.9727,1416.798,643.1518
5.213987,1,1416.621,642.9727,1416.71,643.0623
5.219158,1,1414.279,640.6204,1415.494,641.8413
5.228516,1,1414.279,640.6204,1414.887,641.2308
5.233385,1,1414.279,640.6204,1414.583,640.9256
5.243561,1,1414.279,640.6204,1414.431,640.7729
5.249357,1,1412.01,638.6146,1413.22,639.6938
5.259262,1,1412.01,638.6146,1412.615,639.1542
5.264006,1,1412.01,638.6146,1412.312,638.8844
5.279861,1,1409.654,636.6088,1410.983,637.7466
5.298153,1,1409.654,636.6088,1410.318,637.1777
5.311459,1,1407.725,634.3417,1409.022,635.7596
5.315613,1,1407.725,634.3417,1408.374,635.0507
5.32095,1,1407.725,634.3417,1408.049,634.6962
5.3265,1,1407.725,634.3417,1407.887,634.5189
5.341129,1,1406.834,632.6409,1407.361,633.5799
5.356956,1,1406.834,632.6409,1407.098,633.1104
5.371881,1,1403.953,637.3762,1405.525,635.2433
5.389046,1,1403.953,637.3762,1404.739,636.3097
5.402582,1,1400.88,644.544,1402.809,640.4269
5.411985,1,1400.88,644.544,1401.844,642.4855
5.416435,1,1400.88,644.544,1401.362,643.5148
5.421896,1,1400.88,644.544,1401.121,644.0294
5.430885,1,1397.138,653.7409,1399.13,648.8851
5.435574,1,1397.138,653.7409,1398.134,651.313
5.440887,1,1397.138,653.7409,1397.636,652.527
5.448765,1,1397.138,653.7409,1397.387,653.1339
5.454475,1,1397.138,653.7409,1397.263,653.4374
5.46056,1,1393.449,663.8629,1395.356,658.6501
5.465065,1,1393.449,663.8629,1394.403,661.2565
5.471287,1,1393.449,663.8629,1393.926,662.5597
5.481359,1,1393.449,663.8629,1393.688,663.2113
5.487858,1,1390.488,672.9977,1392.088,668.1045
5.497202,1,1390.488,672.9977,1391.288,670.5511
5.501772,1,1390.488,672.9977,1390.888,671.7744
5.513033,1,1390.488,672.9977,1390.688,672.386
5.51758,1,1390.488,672.9977,1390.588,672.6919
5.532173,1,1390.488,672.9977,1390.538,672.8448
5.545244,1,1398.566,675.353,1394.552,674.0989
5.551245,1,1398.566,675.353,1396.559,674.726
5.566431,1,1398.566,675.353,1397.562,675.0394
5.58213,1,1376.999,680.8401,1387.28,677.9398
5.603216,1,1376.999,680.8401,1382.139,679.3899
5.630682,1,1377.739,697.6265,1379.939,688.5082
5.647385,1,1377.834,717.8957,1378.887,703.2019
5.66456,1,1377.834,717.8957,1378.36,710.5488
5.682817,1,1377.836,734.1317,1378.098,722.3403
5.698603,1,1376.678,746.5639,1377.388,734.4521
5.716974,1,1376.678,746.5639,1377.033,740.508
5.745193,1,1376.025,755.4788,1376.529,747.9934
5.762409,1,1375.348,761.1661,1375.938,754.5798
5.782856,1,1375.348,761.1661,1375.643,757.8729
5.795639,1,1375.491,766.3109,1375.567,762.0919
5.800243,1,1375.491,766.3109,1375.529,764.2014
5.816048,1,1375.491,766.3109,1375.51,765.2562
5.834772,1,1376.344,770.7014,1375.927,767.9788
5.851482,1,1377.869,775.447,1376.898,771.7129
5.866909,1,1377.869,775.447,1377.384,773.58
5.88266,1,1379.77,778.7187,1378.577,776.1493
5.89916,1,1379.77,778.7187,1379.173,777.434
5.913918,1,1381.201,781.2912,1380.187,779.3625
5.9417,1,1382.761,783.462,1381.474,781.4122
5.97179,1,1385.314,786.1752,1383.394,783.7937
5.994944,1,1385.314,786.1752,1384.354,784.9845
5.999199,1,1385.314,786.1752,1384.834,785.5798
6.003901,1,1388.874,789.196,1386.854,787.3879
6.0089,1,1388.874,789.196,1387.864,788.292
6.013132,1,1388.874,789.196,1388.369,788.744
6.018015,1,1388.874,789.196,1388.622,788.97
6.034447,1,1391.817,791.8972,1390.219,790.4336
6.0522,1,1391.817,791.8972,1391.018,791.1654
6.080767,1,1394.339,794.2518,1392.678,792.7086
6.091551,1,1396.719,796.8621,1394.699,794.7854
6.097445,1,1396.719,796.8621,1395.709,795.8237
6.102434,1,1396.719,796.8621,1396.214,796.3429
6.109243,1,1396.719,796.8621,1396.467,796.6025
6.120895,1,1396.719,796.8621,1396.593,796.7323
6.128391,1,1398.87,799.2815,1397.731,798.0069
6.142761,1,1398.87,799.2815,1398.301,798.6442
6.160833,1,1401.074,801.2687,1399.688,799.9564
6.174818,1,1401.074,801.2687,1400.381,800.6125
6.188684,1,1402.757,801.8721,1401.569,801.2423
6.19685,1,1402.757,801.8721,1402.163,801.5572
6.20118,1,1402.757,801.8721,1402.46,801.7146
6.208168,1,1402.757,801.8721,1402.608,801.7933
6.217094,1,1404.937,801.781,1403.773,801.7872
6.223032,1,1404.937,801.781,1404.355,801.7841
6.229088,1,1404.937,801.781,1404.646,801.7825
6.233433,1,1404.937,801.781,1404.791,801.7817
6.239555,1,1404.937,801.781,1404.864,801.7814
6.257822,1,1409.634,802.7787,1407.249,802.28
6.268911,1,1409.634,802.7787,1408.442,802.5294
6.280304,1,1414.755,803.547,1411.598,803.0382
6.296566,1,1414.755,803.547,1413.177,803.2926
6.309624,1,1419.376,804.5232,1416.276,803.9079
6.315327,1,1419.376,804.5232,1417.826,804.2156
6.33213,1,1424.164,805.8983,1420.995,805.0569
6.361952,1,1424.164,805.8983,1422.58,805.4775
6.381809,1,1429.538,807.7316,1426.059,806.6046
6.396626,1,1434.58,809.29,1430.319,807.9473
6.416397,1,1434.58,809.29,1432.449,808.6187
6.446051,1,1417.603,796.2023,1425.026,802.4105
6.462915,1,1278.112,699.0059,1351.569,750.7081
6.479101,1,1278.112,699.0059,1314.84,724.857
6.493631,1,1056.398,548.6552,1185.619,636.7561
6.51129,1,1056.398,548.6552,1121.009,592.7056
6.526306,1,912.8921,453.6826,1016.95,523.1941
6.530481,1,912.8921,453.6826,964.9213,488.4384
6.539072,1,912.8921,453.6826,938.9067,471.0605
6.544304,1,845.4122,409.5109,892.1594,440.2857
6.557487,1,845.4122,409.5109,868.7858,424.8983
6.563555,1,845.4122,409.5109,857.099,417.2046
6.592459,1,815.1105,390.7323,836.1047,403.9684
6.628778,1,800.8375,380.3843,818.4711,392.1764
6.644905,1,806.9389,384.3301,812.705,388.2533
6.667591,1,873.5593,433.3008,843.1321,410.777
6.683838,1,873.5593,433.3008,858.3457,422.0389
6.717817,1,1014.067,535.6368,936.2063,478.8379
6.731441,1,1247.415,706.1001,1091.811,592.469
6.736038,1,1247.415,706.1001,1169.613,649.2845
6.748178,1,1247.415,706.1001,1208.514,677.6923
6.753321,1,1247.415,706.1001,1227.965,691.8962
6.764067,1,1387.08,810.6666,1307.522,751.2814
6.769854,1,1387.08,810.6666,1347.301,780.974
6.783195,1,1387.08,810.6666,1367.191,795.8203
6.802338,1,1451.578,862.5776,1409.384,829.199
6.817387,1,1482.096,886.4488,1445.74,857.8239
6.833429,1,1482.096,886.4488,1463.918,872.1364
6.861767,1,1495.874,896.3422,1479.896,884.2393
6.879736,1,1501.888,898.6644,1490.892,891.4518
6.906261,1,1501.888,898.6644,1496.39,895.0581
6.938141,1,1511.432,902.0507,1503.911,898.5544
6.957546,1,1511.432,902.0507,1507.671,900.3026
6.984867,1,1512.589,903.3215,1510.13,901.812
7.00157,1,1515.544,906.2029,1512.837,904.0074
7.019127,1,1515.544,906.2029,1514.19,905.1052
7.050964,1,1523.66,915.7512,1518.925,910.4282
7.064276,1,1530.174,924.5412,1524.55,917.4847
7.068724,1,1530.174,924.5412,1527.362,921.0129
7.074196,1,1530.174,924.5412,1528.768,922.7771
7.089233,1,1534.594,930.3301,1531.681,926.5536
7.105486,1,1534.594,930.3301,1533.137,928.4419
7.113914,1,1534.594,930.3301,1533.866,929.386
7.118273,1,1537.769,935.5486,1535.818,932.4673
7.128975,1,1537.769,935.5486,1536.793,934.0079
7.13381,1,1537.769,935.5486,1537.281,934.7783
7.139328,1,1537.769,935.5486,1537.525,935.1635
7.149046,1,1539.666,938.555,1538.596,936.8593
7.155336,1,1539.666,938.555,1539.131,937.7072
7.161268,1,1539.666,938.555,1539.398,938.1311
7.166428,1,1539.666,938.555,1539.532,938.343
7.171988,1,1539.666,938.555,1539.599,938.449
7.181854,1,1541.534,940.6146,1540.567,939.5317
7.188959,1,1541.534,940.6146,1541.05,940.0731
7.196774,1,1541.534,940.6146,1541.292,940.3439
7.201628,1,1541.534,940.6146,1541.413,940.4792
7.21484,1,1542.774,942.5324,1542.094,941.5059
7.227621,1,1542.774,942.5324,1542.434,942.0192
7.232271,1,1542.774,942.5324,1542.604,942.2758
7.247232,1,1543.939,943.9263,1543.272,943.101
7.26293,1,1543.939,943.9263,1543.605,943.5137
7.278524,1,1544.657,944.3151,1544.131,943.9144
7.283583,1,1544.657,944.3151,1544.394,944.1147
7.29022,1,1544.657,944.3151,1544.526,944.2149
7.295025,1,1544.657,944.3151,1544.592,944.265
7.309963,1,1545.448,944.4877,1545.02,944.3763
7.324776,1,1545.448,944.4877,1545.234,944.432
7.339327,1,1546.021,944.7831,1545.627,944.6075
7.350576,1,1546.021,944.7831,1545.824,944.6953
7.357073,1,1546.021,944.7831,1545.922,944.7393
7.36488,1,1546.739,945.2288,1546.331,944.984
7.371239,1,1546.739,945.2288,1546.535,945.1064
7.381502,1,1546.739,945.2288,1546.637,945.1676
7.387604,1,1546.739,945.2288,1546.688,945.1982
7.39784,1,1547.459,945.3157,1547.073,945.257
7.402464,1,1547.459,945.3157,1547.266,945.2864
7.415333,1,1547.459,945.3157,1547.363,945.301
7.419733,1,1547.459,945.3157,1547.411,945.3083
7.429514,1,1548.688,945.2392,1548.049,945.2738
7.434298,1,1548.688,945.2392,1548.369,945.2565
7.448048,1,1548.688,945.2392,1548.528,945.2478
7.461529,1,1549.981,945.4996,1549.254,945.3737
7.467209,1,1549.981,945.4996,1549.617,945.4366
7.498198,1,1551.444,945.8231,1550.531,945.6299
7.536755,1,1552.903,945.9854,1551.717,945.8076
7.553854,1,1554.404,945.869,1553.06,945.8383
7.571968,1,1556.111,945.6216,1554.586,945.73
7.600224,1,1556.111,945.6216,1555.348,945.6758
7.616781,1,1557.558,945.2797,1556.453,945.4777
7.649397,1,1559.213,944.5773,1557.833,945.0275
7.668173,1,1566.193,938.0921,1562.013,941.5598
7.683661,1,1566.193,938.0921,1564.103,939.8259
7.714809,1,1576.802,928.2009,1570.453,934.0134
7.730011,1,1587.225,917.6637,1578.839,925.8386
7.742685,1,1587.225,917.6637,1583.032,921.7511
7.74777,1,1587.225,917.6637,1585.129,919.7074
7.760868,1,1596.839,908.0274,1590.984,913.8674
7.766706,1,1596.839,908.0274,1593.911,910.9474
7.780073,1,1596.839,908.0274,1595.375,909.4874
7.797846,1,1605.225,901.1528,1600.3,905.3201
7.82954,1,1612.673,895.5755,1606.486,900.4478
7.865461,1,1619.219,891.5103,1612.853,895.979
7.876348,1,1621.74,893.4312,1617.296,894.7051
7.880747,1,1621.74,893.4312,1619.518,894.0681
7.886896,1,1621.74,893.4312,1620.629,893.7496
7.894255,1,1621.74,893.4312,1621.185,893.5904
7.898863,1,1621.74,893.4312,1621.462,893.5107
7.904165,1,1622.566,895.3183,1622.014,894.4146
7.916658,1,1622.566,895.3183,1622.29,894.8665
7.922031,1,1622.566,895.3183,1622.428,895.0924
7.933558,1,1622.566,895.3183,1622.497,895.2053
7.950672,1,1623.976,896.5083,1623.237,895.8568
7.961929,1,1623.976,896.5083,1623.606,896.1826
7.967306,1,1625.072,897.5237,1624.339,896.8531
7.976315,1,1625.072,897.5237,1624.706,897.1884
7.981451,1,1625.072,897.5237,1624.889,897.3561
7.994513,1,1625.985,898.595,1625.437,897.9755
8.012318,1,1625.985,898.595,1625.711,898.2853
8.043257,1,1626.702,899.37,1626.207,898.8276
8.063251,1,1627.522,899.6654,1626.865,899.2465
8.082029,1,1627.522,899.6654,1627.193,899.4559
8.11647,1,1630.9,899.6574,1629.047,899.5566
8.134726,1,1630.9,899.6574,1629.973,899.6071
8.16349,1,1632.365,899.1658,1631.169,899.3864
8.202766,1,1633.844,898.5829,1632.507,898.9847
8.214352,1,1635.491,898.0002,1633.999,898.4924
8.220388,1,1635.491,898.0002,1634.745,898.2463
8.224833,1,1635.491,898.0002,1635.118,898.1233
8.22962,1,1635.491,898.0002,1635.304,898.0618
8.242743,1,1637.211,897.2734,1636.258,897.6676
8.25975,1,1637.211,897.2734,1636.734,897.4705
8.280062,1,1638.807,896.3659,1637.771,896.9182
8.296251,1,1640.547,895.2228,1639.159,896.0706
8.329393,1,1642.598,893.9347,1640.878,895.0026
8.347563,1,1642.598,893.9347,1641.738,894.4686
8.378777,1,1645.046,892.3836,1643.392,893.4261
8.394806,1,1648.028,891.6938,1645.71,892.56
8.42309,1,1651.44,890.7651,1648.575,891.6626
8.428358,1,1651.44,890.7651,1650.008,891.2139
8.432304,1,1651.44,890.7651,1650.724,890.9895
8.441708,1,1651.44,890.7651,1651.082,890.8773
8.447178,1,1655.067,889.7632,1653.074,890.3203
8.456615,1,1655.067,889.7632,1654.071,890.0417
8.461575,1,1655.067,889.7632,1654.569,889.9025
8.466415,1,1655.067,889.7632,1654.818,889.8328
8.47179,1,1655.067,889.7632,1654.942,889.798
8.475731,1,1655.067,889.7632,1655.005,889.7806
8.480528,1,1658.338,889.0881,1656.671,889.4343
8.487774,1,1658.338,889.0881,1657.504,889.2612
8.492195,1,1658.338,889.0881,1657.921,889.1747
8.496538,1,1658.338,889.0881,1658.129,889.1313
8.516132,1,1661.872,887.4013,1660.001,888.2664
8.545214,1,1666.632,885.2822,1663.317,886.7743
8.550961,1,1666.632,885.2822,1664.974,886.0283
8.556446,1,1666.632,885.2822,1665.803,885.6553
8.560759,1,1666.632,885.2822,1666.218,885.4688
8.575413,1,1670.92,883.4738,1668.569,884.4713
8.593706,1,1670.92,883.4738,1669.745,883.9725
8.60821,1,1675.588,882.3419,1672.666,883.1572
8.614801,1,1675.588,882.3419,1674.127,882.7496
8.620892,1,1675.588,882.3419,1674.857,882.5458
8.627329,1,1675.588,882.3419,1675.222,882.4438
8.63209,1,1680.093,881.0314,1677.657,881.7377
8.63768,1,1680.093,881.0314,1678.875,881.3845
8.647482,1,1680.093,881.0314,1679.484,881.208
8.652288,1,1680.093,881.0314,1679.788,881.1198
8.659523,1,1684.312,879.8775,1682.05,880.4987
8.664442,1,1684.312,879.8775,1683.181,880.1881
8.670471,1,1684.312,879.8775,1683.747,880.0328
8.680273,1,1684.312,879.8775,1684.029,879.9552
8.685387,1,1684.312,879.8775,1684.171,879.9164
8.694538,1,1688.274,879.2191,1686.222,879.5677
8.699289,1,1688.274,879.2191,1687.248,879.3934
8.711353,1,1688.274,879.2191,1687.761,879.3063
8.716574,1,1688.274,879.2191,1688.018,879.2627
8.724567,1,1691.81,877.3369,1689.914,878.2998
8.729662,1,1691.81,877.3369,1690.862,877.8184
8.738634,1,1691.81,877.3369,1691.336,877.5776
8.743666,1,1691.81,877.3369,1691.573,877.4573
8.748615,1,1691.81,877.3369,1691.691,877.3971
8.758427,1,1695.074,874.3727,1693.383,875.8849
8.763048,1,1695.074,874.3727,1694.229,875.1288
8.779755,1,1697.566,871.7647,1695.897,873.4468
8.795637,1,1697.566,871.7647,1696.731,872.6057
8.80998,1,1700.233,869.1088,1698.482,870.8573
8.826866,1,1700.233,869.1088,1699.357,869.983
8.844696,1,1703.718,866.4439,1701.538,868.2135
8.862555,1,1703.718,866.4439,1702.628,867.3287
8.875187,1,1706.642,864.5716,1704.635,865.9502
8.880072,1,1706.642,864.5716,1705.639,865.2609
8.884195,1,1706.642,864.5716,1706.141,864.9163
8.890539,1,1706.642,864.5716,1706.392,864.7439
8.907734,1,1708.869,863.1109,1707.63,863.9274
8.924484,1,1708.869,863.1109,1708.249,863.5192
8.941128,1,1711.288,861.1848,1709.769,862.352
8.947939,1,1711.288,861.1848,1710.528,861.7684
8.965137,1,1714.22,859.6922,1712.374,860.7303
8.983343,1,1714.22,859.6922,1713.297,860.2113
8.996582,1,1718.181,858.557,1715.739,859.3842
9.01585,1,1718.181,858.557,1716.96,858.9706
9.028316,1,1722.023,856.982,1719.492,857.9763
9.032736,1,1722.023,856.982,1720.757,857.4791
9.044481,1,1722.023,856.982,1721.39,857.2306
9.049639,1,1722.023,856.982,1721.707,857.1063
9.065599,1,1726.041,855.0529,1723.874,856.0796
9.083221,1,1730.547,852.9891,1727.21,854.5343
9.088936,1,1730.547,852.9891,1728.879,853.7617
9.103018,1,1730.547,852.9891,1729.713,853.3754
9.116251,1,1735.026,851.4034,1732.369,852.3894
9.121218,1,1735.026,851.4034,1733.698,851.8964
9.136356,1,1735.026,851.4034,1734.362,851.6499
9.148586,1,1739.334,849.6917,1736.848,850.6708
9.153831,1,1739.334,849.6917,1738.091,850.1813
9.168921,1,1739.334,849.6917,1738.713,849.9365
9.179749,1,1743.268,848.3131,1740.99,849.1248
9.199432,1,1743.268,848.3131,1742.129,848.719
9.214085,1,1749.869,843.226,1745.999,845.9725
9.218548,1,1749.869,843.226,1747.934,844.5992
9.236158,1,1757.043,837.5563,1752.489,841.0778
9.25128,1,1757.043,837.5563,1754.766,839.317
9.257053,1,1757.043,837.5563,1755.905,838.4366
9.264196,1,1762.294,832.8252,1759.099,835.6309
9.269968,1,1762.294,832.8252,1760.696,834.228
9.281155,1,1762.294,832.8252,1761.495,833.5266
9.285301,1,1762.294,832.8252,1761.894,833.1759
9.290247,1,1762.294,832.8252,1762.094,833.0005
9.299433,1,1765.284,828.5903,1763.689,830.7954
9.303749,1,1765.284,828.5903,1764.487,829.6929
9.321541,1,1765.284,828.5903,1764.886,829.1416
9.327101,1,1768.419,823.9146,1766.652,826.5281
9.340328,1,1768.419,823.9146,1767.536,825.2213
9.354044,1,1771.829,819.7946,1769.682,822.5079
9.358952,1,1771.829,819.7946,1770.756,821.1512
9.373756,1,1771.829,819.7946,1771.292,820.4729
9.390514,1,1774.957,817.1247,1773.125,818.7988
9.395962,1,1774.957,817.1247,1774.041,817.9618
9.412115,1,1774.957,817.1247,1774.499,817.5432
9.416779,1,1777.706,814.8629,1776.102,816.203
9.431948,1,1777.706,814.8629,1776.904,815.533
9.446795,1,1779.932,813.1298,1778.418,814.3314
9.461349,1,1779.932,813.1298,1779.175,813.7306
9.467388,1,1779.932,813.1298,1779.553,813.4302
9.482862,1,1779.065,811.6542,1779.309,812.5422
9.507364,1,1777.43,810.4818,1778.37,811.512
9.511763,1,1777.43,810.4818,1777.9,810.9969
9.525217,1,1777.43,810.4818,1777.665,810.7394
9.530251,1,1777.43,810.4818,1777.548,810.6106
9.54332,1,1775.918,808.4413,1776.733,809.5259
9.559381,1,1775.918,808.4413,1776.325,808.9836
9.564516,1,1774.569,805.991,1775.447,807.4873
9.579241,1,1774.569,805.991,1775.008,806.7391
9.584909,1,1774.569,805.991,1774.789,806.3651
9.597872,1,1770.968,803.2374,1772.878,804.8012
9.61594,1,1770.968,803.2374,1771.923,804.0193
9.634212,1,1767.973,800.2234,1769.948,802.1213
9.651186,1,1767.973,800.2234,1768.96,801.1724
9.664003,1,1763.538,795.888,1766.249,798.5302
9.682226,1,1763.538,795.888,1764.894,797.2091
9.69639,1,1758.336,791.3833,1761.615,794.2962
9.7162,1,1754.582,786.9686,1758.098,790.6324
9.732655,1,1754.582,786.9686,1756.34,788.8005
9.747711,1,1750.137,782.3324,1753.239,785.5664
9.765171,1,1750.137,782.3324,1751.688,783.9494
9.782043,1,1719.137,776.9213,1735.412,780.4354
9.801979,1,1719.137,776.9213,1727.275,778.6783
9.813814,1,1590.642,788.7952,1658.959,783.7368
9.834291,1,1590.642,788.7952,1624.801,786.266
9.852818,1,1268.19,819.9773,1446.495,803.1216
9.87204,1,828.6281,822.6203,1137.562,812.871
9.890011,1,828.6281,822.6203,983.0948,817.7456
9.90728,1,536.1282,814.2469,759.6115,815.9963
9.930758,1,421.1666,810.5039,590.389,813.2501
9.935629,1,421.1666,810.5039,505.7778,811.877
9.941927,1,421.1666,810.5039,463.4722,811.1904
9.97402,1,373.658,809.7761,418.5651,810.4833
10.00508,1,353.9388,809.7385,386.252,810.1109
10.01568,1,353.9388,809.7385,370.0954,809.9247
10.02138,1,343.8675,811.1973,356.9814,810.561
10.02634,1,343.8675,811.1973,350.4245,810.8792
10.03092,1,343.8675,811.1973,347.146,811.0382
10.03536,1,343.8675,811.1973,345.5068,811.1178
10.05059,1,337.8985,815.3477,341.7026,813.2328
10.06349,1,337.8985,815.3477,339.8006,814.2903
10.06981,1,337.8985,815.3477,338.8495,814.819
10.08226,1,353.3487,741.6224,346.0991,778.2207
10.10069,1,353.3487,741.6224,349.7239,759.9215
10.11779,1,353.3487,741.6224,351.5363,750.772
10.14969,1,602.6915,447.3339,477.1139,599.0529
10.17202,1,780.6622,293.2372,628.8881,446.1451
10.19929,1,891.1566,232.9506,760.0223,339.5479
10.21756,1,891.1566,232.9506,825.5895,286.2492
10.23842,1,942.3647,205.0699,883.9771,245.6596
10.25637,1,942.3647,205.0699,913.1709,225.3648
10.26897,1,968.9919,189.7807,941.0814,207.5727
10.27399,1,968.9919,189.7807,955.0367,198.6767
10.28813,1,968.9919,189.7807,962.0143,194.2287
10.30459,1,980.2656,180.1083,971.1399,187.1685
10.31895,1,980.2656,180.1083,975.7028,183.6384
10.33609,1,985.2048,176.1827,980.4538,179.9106
10.35458,1,987.6017,172.478,984.0277,176.1943
10.38345,1,931.9259,173.7076,957.9768,174.951
10.40324,1,931.9259,173.7076,944.9514,174.3293
10.41663,1,866.1414,179.7721,905.5464,177.0507
10.42135,1,866.1414,179.7721,885.8439,178.4114
10.42676,1,866.1414,179.7721,875.9927,179.0917
10.4316,1,866.1414,179.7721,871.067,179.4319
10.445,1,810.2452,186.1927,840.6561,182.8123
10.46279,1,810.2452,186.1927,825.4507,184.5025
10.47756,1,766.4384,190.5117,795.9445,187.5071
10.49143,1,766.4384,190.5117,781.1914,189.0094
10.51068,1,732.5066,194.6312,756.849,191.8203
10.52765,1,732.5066,194.6312,744.6778,193.2258
10.54418,1,707.8402,196.8735,726.259,195.0496
10.54923,1,707.8402,196.8735,717.0496,195.9615
10.55453,1,707.8402,196.8735,712.4449,196.4175
10.56307,1,691.2564,199.1466,701.8507,197.7821
10.56864,1,691.2564,199.1466,696.5536,198.4644
10.5759,1,691.2564,199.1466,693.905,198.8055
10.5805,1,691.2564,199.1466,692.5807,198.9761
10.58653,1,691.2564,199.1466,691.9186,199.0614
10.5962,1,680.8688,200.9412,686.3937,200.0013
10.60118,1,680.8688,200.9412,683.6312,200.4712
10.61282,1,680.8688,200.9412,682.25,200.7062
10.61794,1,680.8688,200.9412,681.5594,200.8237
10.6285,1,674.3205,202.2413,677.9399,201.5325
10.6344,1,674.3205,202.2413,676.1302,201.8869
10.64177,1,674.3205,202.2413,675.2253,202.0641
10.64681,1,674.3205,202.2413,674.7729,202.1527
10.65837,1,668.9304,203.1769,671.8517,202.6648
10.66355,1,668.9304,203.1769,670.3911,202.9208
10.67525,1,668.9304,203.1769,669.6608,203.0489
10.68023,1,668.9304,203.1769,669.2956,203.1129
10.69624,1,664.8588,204.1352,667.0771,203.624
10.71229,1,661.4997,204.4224,664.2885,204.0232
10.73115,1,661.4997,204.4224,662.894,204.2228
10.76279,1,675.7766,211.4955,669.3353,207.8592
10.79139,1,802.3034,277.0557,735.8193,242.4574
10.85151,1,1410.678,539.8202,1073.249,391.1388
10.88601,1,1509.037,580.0268,1291.143,485.5828
10.90419,1,1552.262,597.5714,1421.702,541.5771
10.92281,1,1552.262,597.5714,1486.982,569.5742
10.93975,1,1569.268,603.0237,1528.125,586.299
10.95718,1,1573.263,605.933,1550.694,596.116
10.98878,1,1575.413,605.2647,1563.054,600.6903
11.00811,1,1575.413,605.2647,1569.234,602.9775
11.03285,1,1575.115,603.2632,1572.174,603.1204
11.04026,1,1575.115,603.2632,1573.645,603.1918
11.05093,1,1574.661,601.8056,1574.153,602.4987
11.06474,1,1574.661,601.8056,1574.407,602.1521
11.07046,1,1574.661,601.8056,1574.534,601.9789
11.08004,1,1578.981,605.1453,1576.758,603.5621
11.08481,1,1578.981,605.1453,1577.869,604.3536
11.09896,1,1578.981,605.1453,1578.425,604.7495
11.11303,1,1575.675,624.8239,1577.05,614.7866
11.11808,1,1575.675,624.8239,1576.362,619.8052
11.1551,1,1571.553,644.3359,1573.958,632.0706
11.17172,1,1567.928,659.8272,1570.943,645.9489
11.20371,1,1566.662,672.1813,1568.802,659.0651
11.22467,1,1566.662,672.1813,1567.732,665.6232
11.24356,1,1565.02,681.3694,1566.376,673.4963
11.27243,1,1563.306,688.4564,1564.841,680.9763
11.29001,1,1560.941,693.2922,1562.891,687.1343
11.31935,1,1558.724,695.7305,1560.808,691.4324
11.33681,1,1558.724,695.7305,1559.766,693.5814
11.36555,1,1556.804,696.7673,1558.285,695.1743
11.38315,1,1553.796,697.0565,1556.041,696.1154
11.40231,1,1553.796,697.0565,1554.919,696.5859
11.4144,1,1551.054,697.1519,1552.987,696.8689
11.42,1,1551.054,697.1519,1552.021,697.0104
11.42449,1,1551.054,697.1519,1551.537,697.0811
11.42948,1,1551.054,697.1519,1551.296,697.1165
11.44203,1,1548.612,696.7355,1549.954,696.926
11.46168,1,1548.612,696.7355,1549.283,696.8307
11.47775,1,1545.838,695.6036,1547.561,696.2172
11.48185,1,1545.838,695.6036,1546.699,695.9104
11.48803,1,1545.838,695.6036,1546.269,695.757
11.49294,1,1545.838,695.6036,1546.053,695.6803
11.50921,1,1544.009,695.0524,1545.031,695.3663
11.52348,1,1544.009,695.0524,1544.52,695.2094
11.53404,1,1542.701,695.1348,1543.61,695.1721
11.53966,1,1542.701,695.1348,1543.156,695.1534
11.54708,1,1542.701,695.1348,1542.928,695.1441
11.5512,1,1542.701,695.1348,1542.815,695.1394
11.55633,1,1542.701,695.1348,1542.758,695.1371
11.56306,1,1542.822,698.1613,1542.79,696.6492
11.56846,1,1542.822,698.1613,1542.806,697.4052
11.57815,1,1542.822,698.1613,1542.814,697.7832
11.58299,1,1542.822,698.1613,1542.818,697.9722
11.58992,1,1543.097,702.4285,1542.958,700.2003
11.59674,1,1543.097,702.4285,1543.027,701.3144
11.6019,1,1543.097,702.4285,1543.062,701.8715
11.61267,1,1543.097,702.4285,1543.08,702.15
11.61731,1,1543.097,702.4285,1543.088,702.2892
11.62498,1,1544.098,706.4709,1543.593,704.3801
11.63027,1,1544.098,706.4709,1543.845,705.4255
11.6391,1,1544.098,706.4709,1543.971,705.9482
11.64406,1,1544.098,706.4709,1544.035,706.2096
11.6498,1,1545.206,710.0027,1544.62,708.1062
11.66194,1,1545.206,710.0027,1544.913,709.0544
11.68004,1,1545.89,713.3079,1545.402,711.1812
11.70197,1,1545.89,713.3079,1545.646,712.2445
11.73339,1,1546.288,715.7172,1545.967,713.9808
11.74801,1,1545.883,714.6703,1545.925,714.3256
11.75331,1,1545.883,714.6703,1545.904,714.4979
11.75907,1,1545.883,714.6703,1545.894,714.5841
11.77765,1,1545.917,715.4986,1545.905,715.0414
11.81125,1,1545.886,717.0971,1545.896,716.0692
11.82767,1,1545.886,717.0971,1545.891,716.5831
11.84519,1,1545.193,718.6824,1545.542,717.6328
11.86606,1,1545.193,718.6824,1545.368,718.1576
11.89901,1,1545.193,718.6824,1545.281,718.42
11.91409,1,1545.193,718.6824,1545.237,718.5513
11.92742,1,1539.138,709.3802,1542.188,713.9658
11.94207,1,1539.138,709.3802,1540.663,711.673
11.95755,1,1536.893,715.3935,1538.778,713.5332
11.96263,1,1536.893,715.3935,1537.836,714.4634
11.97867,1,1536.893,715.3935,1537.365,714.9285
11.98296,1,1534.628,731.2053,1535.996,723.0669
11.98908,1,1534.628,731.2053,1535.312,727.1361
12.00287,1,1534.628,731.2053,1534.97,729.1707
12.00887,1,1534.628,731.2053,1534.799,730.188
12.0224,1,1532.597,748.9482,1533.698,739.5681
12.03274,1,1532.597,748.9482,1533.148,744.2582
12.03781,1,1532.597,748.9482,1532.873,746.6031
12.04251,1,1530.79,764.5295,1531.831,755.5663
12.04737,1,1530.79,764.5295,1531.311,760.048
12.05228,1,1530.79,764.5295,1531.05,762.2888
12.06073,1,1530.79,764.5295,1530.92,763.4092
12.06525,1,1530.79,764.5295,1530.855,763.9694
12.07431,1,1530.211,776.6304,1530.533,770.2999
12.07916,1,1530.211,776.6304,1530.372,773.4651
12.08371,1,1530.211,776.6304,1530.292,775.0477
12.10279,1,1530.211,776.6304,1530.252,775.8391
12.11331,1,1529.489,787.8591,1529.871,781.8491
12.1311,1,1529.489,787.8591,1529.68,784.8541
12.14856,1,1528.287,793.9346,1528.983,789.3944
12.16877,1,1528.246,797.4476,1528.615,793.421
12.1832,1,1528.246,797.4476,1528.43,795.4343
12.20317,1,1528.837,798.6559,1528.634,797.0451
12.21667,1,1528.837,798.6559,1528.735,797.8505
12.23009,1,1528.443,799.8942,1528.589,798.8723
12.23409,1,1528.443,799.8942,1528.516,799.3832
12.23986,1,1528.443,799.8942,1528.479,799.6387
12.25606,1,1527.593,801.5919,1528.036,800.6152
12.26244,1,1527.593,801.5919,1527.814,801.1035
12.26773,1,1527.593,801.5919,1527.704,801.3477
12.27313,1,1527.593,801.5919,1527.648,801.4697
12.28341,1,1527.347,804.4349,1527.497,802.9523
12.29012,1,1527.347,804.4349,1527.422,803.6936
12.29637,1,1527.347,804.4349,1527.384,804.0643
12.30095,1,1527.347,804.4349,1527.365,804.2496
12.31047,1,1527.347,804.4349,1527.356,804.3423
12.31578,1,1528.592,807.4338,1527.974,805.8881
12.32116,1,1528.592,807.4338,1528.283,806.6609
12.33129,1,1528.592,807.4338,1528.438,807.0474
12.33673,1,1528.592,807.4338,1528.515,807.2406
12.34701,1,1530.825,810.3221,1529.67,808.7814
12.35176,1,1530.825,810.3221,1530.247,809.5518
12.36286,1,1530.825,810.3221,1530.536,809.9369
12.36797,1,1530.825,810.3221,1530.681,810.1295
12.37749,1,1530.473,812.4138,1530.577,811.2717
12.3818,1,1530.473,812.4138,1530.525,811.8428
12.3918,1,1530.473,812.4138,1530.499,812.1283
12.39646,1,1530.473,812.4138,1530.486,812.2711
12.40183,1,1530.473,812.4138,1530.479,812.3424
12.41233,1,1530.501,814.2789,1530.49,813.3107
12.41802,1,1530.501,814.2789,1530.496,813.7948
12.44844,1,1531.896,813.514,1531.196,813.6544
12.46491,1,1530.925,813.223,1531.06,813.4387
12.48189,1,1530.925,813.223,1530.993,813.3308
12.49785,1,1531.321,812.8696,1531.157,813.1002
12.51723,1,1531.321,812.8696,1531.239,812.9849
12.54745,1,1531.561,812.9658,1531.4,812.9753
12.56258,1,1528.931,816.0858,1530.166,814.5306
12.56778,1,1528.931,816.0858,1529.549,815.3082
12.57317,1,1528.931,816.0858,1529.24,815.697
12.5835,1,1528.931,816.0858,1529.086,815.8914
12.58955,1,1525.888,818.9446,1527.487,817.418
12.59417,1,1525.888,818.9446,1526.688,818.1813
12.5987,1,1525.888,818.9446,1526.288,818.5629
12.6085,1,1525.888,818.9446,1526.088,818.7538
12.6131,1,1525.888,818.9446,1525.988,818.8492
12.61784,1,1521.96,823.0946,1523.974,820.9719
12.62943,1,1521.96,823.0946,1522.967,822.0333
12.63419,1,1521.96,823.0946,1522.464,822.564
12.64834,1,1517.447,826.8909,1519.956,824.7274
12.66228,1,1517.447,826.8909,1518.701,825.8092
12.67954,1,1515.222,828.22,1516.962,827.0146
12.69525,1,1515.222,828.22,1516.092,827.6173
12.71422,1,1511.376,828.3608,1513.734,827.989
12.73269,1,1511.376,828.3608,1512.555,828.1749
12.75069,1,1506.576,827.2553,1509.565,827.7151
12.77663,1,1500.944,826.1095,1505.255,826.9123
12.79488,1,1500.944,826.1095,1503.099,826.5109
12.80936,1,1495.76,824.966,1499.43,825.7384
12.81333,1,1495.76,824.966,1497.595,825.3522
12.81763,1,1495.76,824.966,1496.677,825.1591
12.82477,1,1495.76,824.966,1496.219,825.0625
12.82965,1,1491.842,824.1727,1494.03,824.6176
12.83391,1,1491.842,824.1727,1492.936,824.3951
12.84421,1,1491.842,824.1727,1492.389,824.2839
12.8491,1,1491.842,824.1727,1492.115,824.2283
12.8606,1,1488.36,823.9222,1490.238,824.0752
12.86474,1,1488.36,823.9222,1489.299,823.9987
12.88126,1,1488.36,823.9222,1488.829,823.9604
12.89493,1,1485.008,824.188,1486.918,824.0742
12.91254,1,1485.008,824.188,1485.963,824.1311
12.93234,1,1482.141,824.3705,1484.052,824.2509
12.94979,1,1480.044,824.7646,1482.048,824.5077
12.9802,1,1477.658,824.9905,1479.853,824.7491
12.9999,1,1477.658,824.9905,1478.755,824.8699
13.01749,1,1475.169,824.8776,1476.962,824.8737
13.04516,1,1472.569,824.7286,1474.766,824.8011
13.04991,1,1472.569,824.7286,1473.667,824.7649
13.05607,1,1472.569,824.7286,1473.118,824.7468
13.06247,1,1472.569,824.7286,1472.843,824.7377
13.06729,1,1472.569,824.7286,1472.706,824.7332
13.07286,1,1471.206,825.3597,1471.956,825.0464
13.08642,1,1471.206,825.3597,1471.581,825.2031
13.09853,1,1471.206,825.3597,1471.393,825.2814
13.11469,1,1470.188,826.4108,1470.791,825.8461
13.13166,1,1469.102,827.2486,1469.946,826.5474
13.14871,1,1469.102,827.2486,1469.524,826.8979
13.1641,1,1468.029,827.6425,1468.777,827.2702
13.18117,1,1468.029,827.6425,1468.403,827.4563
13.19946,1,1466.67,827.7544,1467.537,827.6053
13.22606,1,1464.792,828.6655,1466.164,828.1354
13.2332,1,1464.792,828.6655,1465.478,828.4005
13.23869,1,1464.792,828.6655,1465.135,828.533
13.24358,1,1464.792,828.6655,1464.963,828.5992
13.25702,1,1462.233,829.2578,1463.598,828.9285
13.26756,1,1462.233,829.2578,1462.916,829.0931
13.2736,1,1462.233,829.2578,1462.574,829.1755
13.28859,1,1458.966,829.5471,1460.77,829.3613
13.30321,1,1458.966,829.5471,1459.868,829.4542
13.31222,1,1455.658,830.1158,1457.763,829.785
13.31683,1,1455.658,830.1158,1456.71,829.9504
13.32314,1,1455.658,830.1158,1456.184,830.0331
13.32952,1,1455.658,830.1158,1455.921,830.0745
13.3344,1,1455.658,830.1158,1455.789,830.0951
13.34506,1,1452.066,830.5214,1453.927,830.3082
13.35069,1,1452.066,830.5214,1452.997,830.4148
13.3583,1,1452.066,830.5214,1452.531,830.4681
13.3628,1,1452.066,830.5214,1452.298,830.4948
13.36829,1,1452.066,830.5214,1452.182,830.5081
13.37369,1,1449.516,830.5395,1450.849,830.5238
13.37798,1,1449.516,830.5395,1450.182,830.5316
13.38317,1,1449.516,830.5395,1449.849,830.5355
13.39341,1,1449.516,830.5395,1449.682,830.5375
13.39792,1,1449.516,830.5395,1449.599,830.5385
13.41948,1,1447.113,831.3493,1448.356,830.9438
13.43479,1,1444.173,833.2041,1446.264,832.074
13.4537,1,1444.173,833.2041,1445.219,832.639
13.48565,1,1441.854,834.367,1443.536,833.5031
13.49984,1,1440.022,835.1013,1441.779,834.3021
13.51666,1,1440.022,835.1013,1440.9,834.7017
13.53165,1,1437.989,836.129,1439.445,835.4153
13.53688,1,1437.989,836.129,1438.717,835.7722
13.54646,1,1437.989,836.129,1438.353,835.9506
13.55076,1,1437.989,836.129,1438.171,836.0398
13.55659,1,1435.695,837.3959,1436.933,836.7178
13.56746,1,1435.695,837.3959,1436.314,837.0569
13.57953,1,1435.695,837.3959,1436.005,837.2264
13.58443,1,1433.318,838.4435,1434.662,837.835
13.60037,1,1433.318,838.4435,1433.99,838.1393
13.61466,1,1432.425,834.4519,1433.208,836.2956
13.63224,1,1432.425,834.4519,1432.816,835.3738
13.64784,1,1433.074,818.1147,1432.945,826.7443
13.6531,1,1433.074,818.1147,1433.01,822.4295
13.65838,1,1433.074,818.1147,1433.042,820.2721
13.67263,1,1433.074,818.1147,1433.058,819.1934
13.67874,1,1430.489,818.1505,1431.773,818.6719
13.71106,1,1428.623,825.3009,1430.198,821.9865
13.75154,1,1427.128,831.7774,1428.663,826.882
13.76346,1,1425.269,839.5215,1426.966,833.2017
13.7698,1,1425.269,839.5215,1426.117,836.3616
13.7824,1,1425.269,839.5215,1425.693,837.9415
13.78757,1,1425.269,839.5215,1425.481,838.7315
13.79918,1,1422.726,848.22,1424.104,843.4757
13.81576,1,1422.726,848.22,1423.415,845.8478
13.83184,1,1419.573,856.8262,1421.494,851.337
13.84562,1,1419.573,856.8262,1420.533,854.0817
13.86054,1,1416.71,863.2892,1418.622,858.6854
13.86643,1,1416.71,863.2892,1417.666,860.9873
13.89264,1,1414.46,868.1176,1416.063,864.5524
13.91311,1,1414.46,868.1176,1415.261,866.335
13.93249,1,1412.518,869.5995,1413.89,867.9672
13.96175,1,1410.552,870.9498,1412.221,869.4585
13.98069,1,1410.552,870.9498,1411.386,870.2042
14.00346,1,1410.552,870.9498,1410.969,870.577
14.03163,1,1410.552,870.9498,1410.761,870.7634
14.05039,1,1410.552,870.9498,1410.656,870.8566
14.08462,1,1399.84,893.5815,1405.248,882.2191
14.10508,1,1395.251,902.3055,1400.25,892.2623
14.13014,1,1390.816,914.4329,1395.533,903.3476
14.14888,1,1390.816,914.4329,1393.174,908.8903
14.16548,1,1386.521,926.6238,1389.848,917.7571
14.18294,1,1386.521,926.6238,1388.184,922.1904
14.19781,1,1382.954,937.4207,1385.569,929.8055
14.21316,1,1382.954,937.4207,1384.262,933.6132
14.24692,1,1378.308,952.3615,1381.285,942.9873
14.26308,1,1378.308,952.3615,1379.796,947.6744
14.29574,1,1377.821,956.1014,1378.809,951.8879
14.32604,1,1377.314,958.5468,1378.061,955.2173
14.3409,1,1376.608,959.4095,1377.334,957.3134
14.35745,1,1376.608,959.4095,1376.971,958.3615
14.3939,1,1375.032,959.3453,1376.002,958.8534
14.41262,1,1373.519,958.4416,1374.76,958.6475
14.42923,1,1372.062,957.1943,1373.411,957.9209
14.4481,1,1372.062,957.1943,1372.737,957.5576
14.47981,1,1370.752,955.7991,1371.744,956.6783
14.49531,1,1369.689,954.6454,1370.717,955.6619
14.49986,1,1369.689,954.6454,1370.203,955.1536
14.51327,1,1369.689,954.6454,1369.946,954.8995
14.53023,1,1368.752,953.7921,1369.349,954.3458
14.54893,1,1366.84,952.343,1368.094,953.3444
14.57855,1,1366.84,952.343,1367.467,952.8436
14.61065,1,1362.952,950.8313,1365.209,951.8375
14.63062,1,1362.952,950.8313,1364.08,951.3344
14.66078,1,1361.963,951.3462,1363.022,951.3403
14.67687,1,1360.817,952.1406,1361.919,951.7405
14.68202,1,1360.817,952.1406,1361.368,951.9406
14.688,1,1360.817,952.1406,1361.092,952.0406
14.69707,1,1360.817,952.1406,1360.954,952.0906
14.70167,1,1360.006,952.8784,1360.48,952.4845
14.71779,1,1360.006,952.8784,1360.243,952.6815
14.73161,1,1359.372,952.9617,1359.808,952.8215
14.74978,1,1359.372,952.9617,1359.59,952.8916
14.77878,1,1357.592,952.4537,1358.591,952.6727
14.7965,1,1355.691,951.6107,1357.141,952.1417
14.81651,1,1355.691,951.6107,1356.416,951.8762
14.83,1,1354.408,951.1172,1355.412,951.4967
14.85794,1,1353.938,951.1381,1354.675,951.3174
14.87799,1,1353.938,951.1381,1354.307,951.2278
14.89354,1,1334.56,952.491,1344.434,951.8594
14.91429,1,1211.026,956.4328,1277.73,954.1461
14.91896,1,1211.026,956.4328,1244.378,955.2894
14.92991,1,1211.026,956.4328,1227.702,955.8611
14.93446,1,1211.026,956.4328,1219.365,956.147
14.9425,1,977.4906,951.8533,1098.427,954.0001
14.94789,1,977.4906,951.8533,1037.959,952.9268
14.95434,1,977.4906,951.8533,1007.725,952.39
14.96339,1,977.4906,951.8533,992.6077,952.1217
14.97746,1,772.8438,952.3029,882.7257,952.2123
14.98248,1,772.8438,952.3029,827.7847,952.2576
14.99356,1,772.8438,952.3029,800.3142,952.2803
14.99794,1,772.8438,952.3029,786.579,952.2916
15.01209,1,680.9387,957.6925,733.7588,954.9921
15.01739,1,680.9387,957.6925,707.3488,956.3423
15.05467,1,770.7434,964.1118,739.0461,960.2271
15.07011,1,868.9637,958.7218,804.0049,959.4744
15.07466,1,868.9637,958.7218,836.4843,959.0981
15.08416,1,868.9637,958.7218,852.724,958.91
15.09005,1,868.9637,958.7218,860.8439,958.8159
15.10074,1,967.6688,942.5861,914.2563,950.701
15.10713,1,967.6688,942.5861,940.9626,946.6436
15.12016,1,967.6688,942.5861,954.3157,944.6148
15.13834,1,1134.501,919.2148,1044.408,931.9148
15.15746,1,1264.511,900.3296,1154.459,916.1222
15.17431,1,1264.511,900.3296,1209.485,908.2259
15.20402,1,1344.62,882.9445,1277.053,895.5852
15.22368,1,1388.573,876.8887,1332.813,886.2369
15.25205,1,1412.239,868.948,1372.526,877.5925
15.25744,1,1412.239,868.948,1392.382,873.2703
15.26225,1,1412.239,868.948,1402.311,871.1091
15.26771,1,1412.239,868.948,1407.275,870.0286
15.28123,1,1425.664,863.0567,1416.469,866.5426
15.29687,1,1425.664,863.0567,1421.067,864.7997
15.31163,1,1461.761,866.5315,1441.414,865.6656
15.32732,1,1461.761,866.5315,1451.588,866.0985
15.3424,1,1488.577,868.3048,1470.082,867.2017
15.35968,1,1488.577,868.3048,1479.33,867.7532
15.3813,1,1506.065,865.9655,1492.697,866.8594
15.41019,1,1518.293,863.3452,1505.495,865.1023
15.4295,1,1524.416,865.4564,1514.955,865.2793
15.44688,1,1524.416,865.4564,1519.685,865.3678
15.46673,1,1530.591,863.1653,1525.138,864.2665
15.49324,1,1530.477,843.2586,1527.808,853.7626
15.49771,1,1530.477,843.2586,1529.142,848.5106
15.50969,1,1530.477,843.2586,1529.81,845.8846
15.5157,1,1534.769,835.3393,1532.289,840.6119
15.53213,1,1534.769,835.3393,1533.529,837.9756
15.54924,1,1536.285,844.7792,1534.907,841.3774
15.5798,1,1537.85,849.8417,1536.378,845.6095
15.59637,1,1537.85,849.8417,1537.114,847.7256
15.61031,1,1518.172,828.9949,1527.643,838.3602
15.61447,1,1518.172,828.9949,1522.908,833.6776
15.61847,1,1518.172,828.9949,1520.54,831.3362
15.62425,1,1518.172,828.9949,1519.356,830.1655
15.6407,1,1360.849,629.1163,1440.103,729.6409
15.65895,1,1360.849,629.1163,1400.476,679.3787
15.6745,1,1104.605,272.3456,1252.54,475.8621
15.68111,1,1104.605,272.3456,1178.573,374.1038
15.68736,1,1104.605,272.3456,1141.589,323.2247
15.70095,1,977.5204,96.04269,1059.555,209.6337
15.71474,1,977.5204,96.04269,1018.537,152.8382
15.72001,1,977.5204,96.04269,998.0289,124.4404
15.73916,1,931.7391,28.94517,964.884,76.69281
15.75299,1,931.7391,28.94517,948.3115,52.81899
15.7652,1,914.4388,1.732399,931.3752,27.2757
15.77085,1,914.4388,1.732399,922.907,14.50405
15.77541,1,914.4388,1.732399,918.6729,8.118223
15.77984,1,914.4388,1.732399,916.5559,4.925311
15.79495,1,906.8067,-4.883055,911.6813,0.02112794
15.8133,1,906.8067,-4.883055,909.244,-2.430964
15.82813,1,919.9897,18.97052,914.6168,8.269777
15.84683,1,919.9897,18.97052,917.3032,13.62015
15.86313,1,931.5837,31.14144,924.4435,22.38079
15.88172,1,938.2409,37.37224,931.3422,29.87652
15.89818,1,938.2409,37.37224,934.7915,33.62438
15.91601,1,941.3713,41.71193,938.0814,37.66816
15.94493,1,943.5534,43.3849,940.8174,40.52653
15.95023,1,943.5534,43.3849,942.1854,41.95571
15.96154,1,943.5534,43.3849,942.8694,42.6703
15.96718,1,943.5534,43.3849,943.2114,43.0276
15.97788,1,952.3963,48.93018,947.8038,45.97889
15.98263,1,952.3963,48.93018,950.1001,47.45454
15.99637,1,952.3963,48.93018,951.2482,48.19236
16.0117,1,980.8818,70.00739,966.065,59.09988
16.03849,1,980.8818,70.00739,973.4734,64.55363
16.0548,1,980.8818,70.00739,977.1776,67.28052
16.08614,1,1355.93,289.3022,1166.554,178.2914
16.1067,1,1451.841,650.916,1309.198,414.6037
16.13627,1,1520.453,815.9287,1414.825,615.2662
16.15298,1,1555.01,887.1052,1484.917,751.1857
16.15801,1,1555.01,887.1052,1519.963,819.1455
16.1748,1,1555.01,887.1052,1537.486,853.1254
16.19123,1,1572.093,918.3696,1554.79,885.7475
16.20696,1,1572.093,918.3696,1563.441,902.0586
16.21838,1,1582.145,935.2137,1572.793,918.6362
16.2343,1,1582.145,935.2137,1577.469,926.9249
16.24076,1,1588.91,944.7761,1583.189,935.8505
16.25863,1,1588.91,944.7761,1586.049,940.3134
16.27675,1,1593.543,950.6461,1589.796,945.4797
16.30567,1,1595.29,955.2618,1592.543,950.3708
16.33548,1,1595.113,957.944,1593.828,954.1573
16.35082,1,1595.113,957.944,1594.47,956.0507
16.36485,1,1594.612,960.3938,1594.541,958.2222
16.38326,1,1594.612,960.3938,1594.576,959.308
16.39982,1,1595.257,963.7274,1594.916,961.5177
16.42635,1,1598.11,965.9312,1596.513,963.7244
16.43225,1,1598.11,965.9312,1597.312,964.8278
16.43738,1,1598.11,965.9312,1597.711,965.3795
16.45088,1,1598.11,965.9312,1597.911,965.6553
16.46527,1,1600.724,967.9691,1599.317,966.8121
16.48125,1,1600.724,967.9691,1600.021,967.3906
16.50119,1,1603.236,968.4617,1601.628,967.9261
16.5181,1,1606.293,968.533,1603.96,968.2296
16.54562,1,1609.689,969.2791,1606.825,968.7543
16.56798,1,1609.689,969.2791,1608.257,969.0167
16.58146,1,1616.245,960.0533,1612.251,964.535
16.58751,1,1616.245,960.0533,1614.248,962.2942
16.59316,1,1616.245,960.0533,1615.246,961.1737
16.60864,1,1616.245,960.0533,1615.745,960.6135
16.62324,1,1616.245,960.0533,1615.995,960.3334
16.63255,1,1616.245,960.0533,1616.12,960.1934
16.63846,1,1616.245,960.0533,1616.182,960.1233
16.64654,1,1616.245,960.0533,1616.213,960.0883
16.65098,1,1616.245,960.0533,1616.229,960.0708
16.65731,1,1616.245,960.0533,1616.237,960.062
16.66333,1,1616.245,960.0533,1616.241,960.0576
16.66926,1,1658.362,886.3671,1637.302,923.2123
16.6898,1,1658.362,886.3671,1647.832,904.7897
16.69874,1,1665.096,893.1865,1656.464,898.988
16.70354,1,1665.096,893.1865,1660.78,896.0873
16.70947,1,1665.096,893.1865,1662.938,894.6368
16.71437,1,1665.096,893.1865,1664.017,893.9116
16.72494,1,1670.394,900.2608,1667.206,897.0862
16.73063,1,1670.394,900.2608,1668.8,898.6735
16.74298,1,1670.394,900.2608,1669.597,899.4672
16.74877,1,1670.394,900.2608,1669.995,899.864
16.76258,1,1676.224,905.6275,1673.11,902.7457
16.77944,1,1676.224,905.6275,1674.667,904.1866
16.79545,1,1682.552,910.0868,1678.61,907.1367
16.81453,1,1689.657,913.347,1684.134,910.2419
16.84456,1,1689.657,913.347,1686.896,911.7944
16.8619,1,1696.702,916.243,1691.799,914.0187
16.87998,1,1701.593,918.8334,1696.696,916.426
16.91126,1,1706.153,920.6782,1701.425,918.5521
16.93197,1,1706.153,920.6782,1703.789,919.6152
16.95307,1,1712.305,922.3532,1708.047,920.9842
16.98362,1,1717.474,925.1187,1712.76,923.0515
17.00558,1,1722.951,928.1628,1717.856,925.6072
17.02162,1,1722.951,928.1628,1720.404,926.885
17.0364,1,1729.576,930.6292,1724.99,928.7571
17.05103,1,1729.576,930.6292,1727.283,929.6931
17.05625,1,1736.481,933.6479,1731.882,931.6705
17.06532,1,1736.481,933.6479,1734.182,932.6592
17.07134,1,1736.481,933.6479,1735.332,933.1536
17.0762,1,1736.481,933.6479,1735.906,933.4008
17.09339,1,1742.309,937.316,1739.108,935.3584
17.12424,1,1747.045,940.6219,1743.076,937.9902
17.14436,1,1747.045,940.6219,1745.061,939.306
17.15652,1,1752.203,941.688,1748.632,940.4971
17.16085,1,1752.203,941.688,1750.418,941.0925
17.16471,1,1752.203,941.688,1751.311,941.3903
17.17007,1,1752.203,941.688,1751.757,941.5392
17.17762,1,1756.578,941.0759,1754.167,941.3076
17.18234,1,1756.578,941.0759,1755.372,941.1918
17.19119,1,1756.578,941.0759,1755.975,941.1339
17.19543,1,1756.578,941.0759,1756.276,941.1049
17.19956,1,1756.578,941.0759,1756.427,941.0904
17.21105,1,1759.622,940.9505,1758.024,941.0204
17.21548,1,1759.622,940.9505,1758.823,940.9855
17.23015,1,1759.622,940.9505,1759.223,940.968
17.24416,1,1762.499,941.1415,1760.861,941.0547
17.26337,1,1762.499,941.1415,1761.68,941.0981
17.27717,1,1764.929,941.4745,1763.304,941.2863
17.28159,1,1764.929,941.4745,1764.116,941.3804
17.28795,1,1764.929,941.4745,1764.523,941.4274
17.29292,1,1764.929,941.4745,1764.726,941.4509
17.30685,1,1765.294,941.7814,1765.01,941.6162
17.32685,1,1765.294,941.7814,1765.152,941.6989
17.34576,1,1764.097,946.2945,1764.624,943.9967
17.38103,1,1762.209,951.5239,1763.417,947.7603
17.39625,1,1759.62,956.6152,1761.518,952.1877
17.40122,1,1759.62,956.6152,1760.569,954.4015
17.41445,1,1759.62,956.6152,1760.094,955.5084
17.41862,1,1759.62,956.6152,1759.857,956.0618
17.44785,1,1756.721,960.9571,1758.289,958.5094
17.46744,1,1754.023,967.8641,1756.156,963.1868
17.49726,1,1752.615,974.3907,1754.386,968.7888
17.52989,1,1750.317,982.6746,1752.352,975.7317
17.54451,1,1748.049,992.1174,1750.2,983.9246
17.5496,1,1748.049,992.1174,1749.125,988.021
17.55504,1,1748.049,992.1174,1748.587,990.0692
17.5622,1,1748.049,992.1174,1748.318,991.0933
17.56714,1,1748.049,992.1174,1748.184,991.6053
17.57265,1,1745.929,1001.121,1747.057,996.3632
17.58107,1,1745.929,1001.121,1746.493,998.7421
17.58536,1,1745.929,1001.121,1746.211,999.9315
17.59564,1,1745.929,1001.121,1746.07,1000.526
17.60016,1,1745.929,1001.121,1746,1000.824
17.60984,1,1743.35,1010.234,1744.675,1005.529
17.61446,1,1743.35,1010.234,1744.013,1007.881
17.61949,1,1743.35,1010.234,1743.681,1009.057
17.62985,1,1743.35,1010.234,1743.516,1009.646
17.63479,1,1741.408,1017.775,1742.462,1013.71
17.6437,1,1741.408,1017.775,1741.935,1015.743
17.64887,1,1741.408,1017.775,1741.671,1016.759
17.65978,1,1741.408,1017.775,1741.54,1017.267
17.66454,1,1740.726,1023.952,1741.133,1020.61
17.68207,1,1740.726,1023.952,1740.929,1022.281
17.69675,1,1739.996,1030.124,1740.463,1026.202
17.71629,1,1739.996,1030.124,1740.229,1028.163
17.73111,1,1739.559,1034.247,1739.894,1031.205
17.75801,1,1737.489,1040.418,1738.691,1035.812
17.77732,1,1737.489,1040.418,1738.09,1038.115
17.78951,1,1732.992,1053.8,1735.541,1045.958
17.80692,1,1732.992,1053.8,1734.266,1049.879
17.827,1,1728.963,1069.345,1731.614,1059.612
17.84509,1,1726.772,1083.68,1729.193,1071.646
17.88021,1,1725.344,1096.703,1727.269,1084.175
17.89031,1,1725.344,1096.703,1726.306,1090.439
17.89495,1,1725.344,1096.703,1725.825,1093.571
17.89925,1,1725.344,1096.703,1725.585,1095.137
17.91099,1,1722.784,1106.616,1724.184,1100.877
17.91554,1,1722.784,1106.616,1723.484,1103.746
17.93161,1,1722.784,1106.616,1723.134,1105.181
17.9493,1,1720.444,1113.286,1721.789,1109.234
17.98031,1,1719.566,1118.073,1720.677,1113.653
17.99891,1,1717.807,1121.909,1719.242,1117.781
18.02945,1,1716.448,1125.309,1717.845,1121.545
18.03357,1,1716.448,1125.309,1717.146,1123.427
18.03877,1,1716.448,1125.309,1716.797,1124.368
18.04626,1,1716.448,1125.309,1716.623,1124.839
18.05063,1,1716.448,1125.309,1716.535,1125.074
18.05614,1,1715.557,1126.866,1716.046,1125.97
18.06437,1,1715.557,1126.866,1715.802,1126.418
18.06987,1,1715.557,1126.866,1715.68,1126.642
18.07957,1,1715.557,1126.866,1715.619,1126.754
18.08354,1,1715.557,1126.866,1715.588,1126.81
18.09361,1,1714.908,1128.651,1715.248,1127.73
18.09806,1,1714.908,1128.651,1715.078,1128.19
18.1032,1,1714.908,1128.651,1714.993,1128.42
18.11463,1,1714.577,1129.91,1714.785,1129.165
18.12506,1,1714.577,1129.91,1714.681,1129.537
18.13091,1,1714.577,1129.91,1714.629,1129.724
18.14021,1,1714.577,1129.91,1714.603,1129.817
18.14525,1,1714.211,1130.789,1714.407,1130.303
18.15996,1,1714.211,1130.789,1714.309,1130.546
18.16648,1,1714.211,1130.789,1714.26,1130.667
18.19876,1,1713.849,1130.88,1714.054,1130.773
18.21735,1,1713.147,1130.691,1713.601,1130.732
18.22383,1,1713.147,1130.691,1713.374,1130.712
18.24079,1,1712.398,1129.964,1712.886,1130.338
18.26063,1,1712.398,1129.964,1712.642,1130.151
18.2772,1,1711.479,1129.255,1712.06,1129.703
18.29177,1,1711.479,1129.255,1711.77,1129.479
18.29898,1,1710.646,1128.388,1711.208,1128.934
18.30432,1,1710.646,1128.388,1710.927,1128.661
18.31383,1,1710.646,1128.388,1710.786,1128.525
18.31818,1,1710.646,1128.388,1710.716,1128.456
18.32647,1,1710.138,1126.067,1710.427,1127.262
18.33108,1,1710.138,1126.067,1710.282,1126.664
18.33741,1,1710.138,1126.067,1710.21,1126.366
18.34371,1,1710.138,1126.067,1710.174,1126.216
18.34894,1,1710.138,1126.067,1710.156,1126.142
18.35723,1,1709.666,1112.694,1709.911,1119.418
18.36224,1,1709.666,1112.694,1709.788,1116.056
18.36816,1,1709.666,1112.694,1709.727,1114.375
18.37867,1,1709.666,1112.694,1709.696,1113.535
18.38306,1,1709.666,1112.694,1709.681,1113.115
18.39497,1,1708.361,1092.486,1709.021,1102.8
18.39933,1,1708.361,1092.486,1708.691,1097.643
18.41346,1,1708.361,1092.486,1708.526,1095.064
18.43323,1,1705.347,1078.602,1706.937,1086.833
18.44116,1,1705.347,1078.602,1706.142,1082.718
18.44718,1,1702.541,1070.886,1704.341,1076.802
18.47966,1,1697.298,1056.284,1700.82,1066.543
18.51141,1,1691.683,1040.098,1696.251,1053.321
18.53178,1,1691.683,1040.098,1693.967,1046.709
18.54675,1,1687.094,1028.127,1690.531,1037.418
18.55155,1,1687.094,1028.127,1688.813,1032.773
18.55912,1,1687.094,1028.127,1687.953,1030.45
18.56331,1,1687.094,1028.127,1687.524,1029.289
18.56875,1,1682.169,1017.975,1684.846,1023.632
18.5775,1,1682.169,1017.975,1683.508,1020.804
18.58214,1,1682.169,1017.975,1682.838,1019.389
18.58797,1,1682.169,1017.975,1682.504,1018.682
18.59487,1,1682.169,1017.975,1682.336,1018.329
18.59909,1,1676.882,1007.182,1679.609,1012.755
18.61056,1,1676.882,1007.182,1678.246,1009.969
18.61554,1,1676.882,1007.182,1677.564,1008.575
18.62807,1,1675.032,1006.369,1676.298,1007.472
18.63313,1,1675.032,1006.369,1675.665,1006.921
18.64688,1,1675.032,1006.369,1675.349,1006.645
18.66167,1,1673.023,1002.363,1674.186,1004.504
18.68228,1,1673.023,1002.363,1673.604,1003.434
18.69894,1,1672.075,996.3137,1672.84,999.8737
18.70406,1,1672.075,996.3137,1672.457,998.0938
18.70978,1,1672.075,996.3137,1672.266,997.2037
18.72266,1,1670.873,988.2017,1671.57,992.7028
18.72883,1,1670.873,988.2017,1671.221,990.4523
18.74127,1,1670.873,988.2017,1671.047,989.327
18.75628,1,1667.671,976.3703,1669.359,982.8486
18.77337,1,1667.671,976.3703,1668.515,979.6095
18.79453,1,1661.528,964.926,1665.021,972.2677
18.81013,1,1655.536,959.813,1660.279,966.0403
18.82791,1,1655.536,959.813,1657.908,962.9266
18.84418,1,1650.871,956.064,1654.389,959.4953
18.86376,1,1650.871,956.064,1652.63,957.7797
18.87862,1,1646.245,951.8926,1649.438,954.8361
18.89542,1,1646.245,951.8926,1647.841,953.3644
18.90964,1,1639.889,947.0178,1643.865,950.191
18.92818,1,1639.889,947.0178,1641.877,948.6044
18.95294,1,1634.743,943.9425,1638.31,946.2734
18.97861,1,1632.564,941.6497,1635.437,943.9615
18.99353,1,1626.219,935.5494,1630.828,939.7555
19.01104,1,1626.219,935.5494,1628.523,937.6525
19.0273,1,1621.541,929.7715,1625.032,933.712
19.04162,1,1621.541,929.7715,1623.286,931.7418
19.05694,1,1617.47,922.6638,1620.378,927.2028
19.06623,1,1617.47,922.6638,1618.924,924.9332
19.07172,1,1617.47,922.6638,1618.197,923.7985
19.08216,1,1616.142,916.0201,1617.169,919.9093
19.08853,1,1616.142,916.0201,1616.656,917.9647
19.0952,1,1616.142,916.0201,1616.399,916.9924
19.0992,1,1616.142,916.0201,1616.271,916.5063
19.10907,1,1616.142,916.0201,1616.206,916.2632
19.11387,1,1615.96,907.2405,1616.083,911.7518
19.12248,1,1615.96,907.2405,1616.021,909.4962
19.12794,1,1615.96,907.2405,1615.991,908.3683
19.13215,1,1615.96,907.2405,1615.975,907.8044
19.1427,1,1615.822,901.7681,1615.899,904.7863
19.14793,1,1615.822,901.7681,1615.86,903.2772
19.16147,1,1615.822,901.7681,1615.841,902.5226
19.17962,1,1610.887,898.528,1613.364,900.5253
19.19694,1,1610.887,898.528,1612.126,899.5266
19.21192,1,1608.84,895.2162,1610.483,897.3714
19.22819,1,1608.84,895.2162,1609.661,896.2938
19.24511,1,1605.117,890.2345,1607.389,893.2642
19.26573,1,1598.069,883.8654,1602.729,888.5648
19.28146,1,1598.069,883.8654,1600.399,886.2151
19.29783,1,1590.646,876.8871,1595.522,881.5511
19.31578,1,1590.646,876.8871,1593.084,879.2191
19.32881,1,1585.42,869.4489,1589.252,874.334
19.33287,1,1585.42,869.4489,1587.336,871.8915
19.34514,1,1585.42,869.4489,1586.378,870.6702
19.35083,1,1585.42,869.4489,1585.899,870.0596
19.36254,1,1579.979,862.2728,1582.939,866.1661
19.37599,1,1579.979,862.2728,1581.459,864.2195
19.38167,1,1579.979,862.2728,1580.719,863.2461
19.39829,1,1572.04,854.3884,1576.379,858.8173
19.41595,1,1490.824,839.3004,1533.602,849.0588
19.43329,1,1490.824,839.3004,1512.213,844.1796
19.4497,1,1280.805,816.0597,1396.509,830.1196
19.4638,1,1280.805,816.0597,1338.657,823.0897
19.48132,1,910.9583,787.3372,1124.808,805.2134
19.49516,1,910.9583,787.3372,1017.883,796.2753
19.50933,1,629.8887,772.8702,823.8859,784.5728
19.51375,1,629.8887,772.8702,726.8873,778.7215
19.51775,1,629.8887,772.8702,678.3879,775.7959
19.52312,1,629.8887,772.8702,654.1383,774.3331
19.52949,1,629.8887,772.8702,642.0135,773.6017
19.53403,1,498.3147,760.7288,570.1641,767.1652
19.53973,1,498.3147,760.7288,534.2394,763.947
19.54864,1,498.3147,760.7288,516.277,762.3379
19.55376,1,498.3147,760.7288,507.2958,761.5333
19.56304,1,498.3147,760.7288,502.8052,761.131
19.56913,1,443.3045,761.8896,473.0549,761.5103
19.58195,1,443.3045,761.8896,458.1797,761.7
19.58795,1,443.3045,761.8896,450.7421,761.7948
19.60238,1,418.1404,764.8829,434.4413,763.3389
19.62767,1,405.2944,769.7111,419.8679,766.525
19.63331,1,405.2944,769.7111,412.5811,768.118
19.64757,1,405.2944,769.7111,408.9378,768.9146
19.65895,1,495.9164,768.282,452.4271,768.5983
19.66384,1,495.9164,768.282,474.1718,768.4401
19.68164,1,495.9164,768.282,485.0441,768.3611
19.69893,1,587.821,772.1851,536.4325,770.2731
19.71488,1,898.0656,777.5371,717.249,773.9051
19.74665,1,1203.929,781.2537,960.5888,777.5793
19.78065,1,1367.264,780.841,1163.926,779.2102
19.81001,1,1441.435,779.5134,1302.681,779.3618
19.81594,1,1441.435,779.5134,1372.058,779.4376
19.82903,1,1441.435,779.5134,1406.747,779.4755
19.83404,1,1441.435,779.5134,1424.091,779.4945
19.84996,1,1473.33,780.5444,1448.711,780.0195
19.85511,1,1473.33,780.5444,1461.021,780.282
19.85983,1,1473.33,780.5444,1467.176,780.4132
19.86479,1,1473.33,780.5444,1470.253,780.4788
19.87805,1,1489.318,784.0754,1479.786,782.2771
19.89692,1,1497.539,785.6843,1488.662,783.9807
19.91555,1,1497.539,785.6843,1493.101,784.8325
19.94733,1,1501.479,783.9922,1497.29,784.4124
19.96039,1,1503.15,779.7612,1500.22,782.0868
19.96482,1,1503.15,779.7612,1501.685,780.924
19.97137,1,1503.15,779.7612,1502.417,780.3425
19.9803,1,1503.15,779.7612,1502.784,780.0519
19.98474,1,1503.15,779.7612,1502.967,779.9065
19.99297,1,1501.949,774.0543,1502.458,776.9803
19.9973,1,1501.949,774.0543,1502.204,775.5173
20.00226,1,1501.949,774.0543,1502.077,774.7858
20.01164,1,1501.949,774.0543,1502.013,774.42
20.01667,1,1499.651,769.0268,1500.832,771.7234
20.02497,1,1499.651,769.0268,1500.242,770.3751
20.03012,1,1499.651,769.0268,1499.947,769.7009
20.04095,1,1499.651,769.0268,1499.799,769.3639
20.04687,1,1498.294,762.3735,1499.047,765.8687
20.05943,1,1498.294,762.3735,1498.671,764.1211
20.06431,1,1498.294,762.3735,1498.482,763.2473
20.08022,1,1500.03,760.9706,1499.256,762.109
20.0975,1,1500.03,760.9706,1499.643,761.5398
20.12522,1,1501.848,760.0339,1500.746,760.7869
20.14292,1,1502.893,759.0515,1501.819,759.9192
20.16212,1,1502.893,759.0515,1502.356,759.4854
20.17906,1,1504.17,758.8865,1503.263,759.1859
20.19614,1,1504.17,758.8865,1503.717,759.0362
20.20118,1,1505.734,760.4382,1504.726,759.7372
20.21249,1,1505.734,760.4382,1505.23,760.0876
20.21838,1,1505.734,760.4382,1505.482,760.2629
20.22445,1,1505.734,760.4382,1505.608,760.3506
20.23603,1,1506.776,762.7006,1506.192,761.5256
20.24805,1,1506.776,762.7006,1506.484,762.113
20.25305,1,1506.776,762.7006,1506.63,762.4068
20.26191,1,1495.659,762.7337,1501.145,762.5703
20.26713,1,1495.659,762.7337,1498.402,762.652
20.27783,1,1495.659,762.7337,1497.031,762.6929
20.28237,1,1495.659,762.7337,1496.345,762.7133
20.29222,1,1360.895,764.7458,1428.62,763.7296
20.29698,1,1360.895,764.7458,1394.758,764.2377
20.31099,1,1360.895,764.7458,1377.826,764.4918
20.31565,1,1360.895,764.7458,1369.361,764.6188
20.33243,1,979.6463,778.3794,1174.504,771.4991
20.34759,1,979.6463,778.3794,1077.075,774.9392
20.37972,1,417.6131,804.4018,747.344,789.6705
20.41041,1,340.5807,815.0558,543.9623,802.3632
20.41638,1,340.5807,815.0558,442.2715,808.7095
20.42138,1,340.5807,815.0558,391.4261,811.8827
20.42916,1,340.5807,815.0558,366.0034,813.4692
20.43397,1,340.5807,815.0558,353.2921,814.2626
20.43992,1,308.6616,809.6787,330.9768,811.9706
20.44779,1,308.6616,809.6787,319.8192,810.8247
20.45387,1,308.6616,809.6787,314.2404,810.2517
20.46108,1,308.6616,809.6787,311.451,809.9652
20.46648,1,308.6616,809.6787,310.0563,809.822
20.47738,1,290.8244,816.4183,300.4403,813.1201
20.48252,1,290.8244,816.4183,295.6324,814.7692
20.49016,1,290.8244,816.4183,293.2284,815.5938
20.4972,1,290.8244,816.4183,292.0264,816.006
20.50285,1,261.2328,841.068,276.6296,828.537
20.51359,1,261.2328,841.068,268.9312,834.8025
20.51904,1,261.2328,841.068,265.082,837.9352
20.53148,1,226.9576,874.0918,246.0198,856.0135
20.54689,1,226.9576,874.0918,236.4887,865.0527
20.56021,1,226.9576,874.0918,231.7231,869.5723
20.5663,1,207.2198,891.2146,219.4715,880.3934
20.58119,1,207.2198,891.2146,213.3456,885.804
20.59628,1,200.6505,897.4012,206.9981,891.6026
20.61358,1,200.6505,897.4012,203.8243,894.5019
20.63178,1,197.2477,902.8486,200.536,898.6752
20.6611,1,192.2629,908.3074,196.3994,903.4913
20.66627,1,192.2629,908.3074,194.3311,905.8994
20.67234,1,192.2629,908.3074,193.297,907.1034
20.68534,1,186.655,915.0099,189.976,911.0566
20.69229,1,186.655,915.0099,188.3155,913.0333
20.70122,1,186.655,915.0099,187.4852,914.0216
20.70733,1,186.655,915.0099,187.0701,914.5157
20.71498,1,181.7935,922.3047,184.4318,918.4103
20.7191,1,181.7935,922.3047,183.1127,920.3575
20.72815,1,181.7935,922.3047,182.4531,921.3312
20.7327,1,181.7935,922.3047,182.1233,921.818
20.7382,1,181.7935,922.3047,181.9584,922.0614
20.7469,1,176.0353,929.1975,178.9969,925.6295
20.75178,1,176.0353,929.1975,177.5161,927.4135
20.75917,1,176.0353,929.1975,176.7757,928.3055
20.7637,1,176.0353,929.1975,176.4055,928.7515
20.76985,1,176.0353,929.1975,176.2204,928.9745
20.77797,1,170.6281,936.1832,173.4243,932.5789
20.7823,1,170.6281,936.1832,172.0262,934.381
20.79096,1,170.6281,936.1832,171.3271,935.2821
20.79546,1,170.6281,936.1832,170.9776,935.7327
20.79964,1,170.6281,936.1832,170.8029,935.9579
20.81341,1,166.3591,942.8334,168.581,939.3956
20.83118,1,166.3591,942.8334,167.47,941.1145
20.85661,1,190.2346,951.2452,178.8523,946.1799
20.86757,1,282.9456,934.9654,230.8989,940.5726
20.87621,1,282.9456,934.9654,256.9222,937.769
20.89721,1,656.2053,843.4751,456.5638,890.6221
20.93144,1,1021.482,871.8873,739.0228,881.2546
20.94908,1,1021.482,871.8873,880.2523,876.5709
20.9634,1,1313.098,881.3454,1096.675,878.9581
20.97986,1,1313.098,881.3454,1204.886,880.1517
20.99774,1,1451.92,874.2331,1328.403,877.1924
21.02851,1,1507.979,864.0065,1418.191,870.5995
21.04447,1,1531.922,852.1609,1475.056,861.3802
21.06445,1,1531.922,852.1609,1503.489,856.7705
21.11618,1,1545.354,845.1775,1524.422,850.974
21.14008,1,1549.051,842.0448,1536.737,846.5094
21.15816,1,1549.051,842.0448,1542.894,844.2771
21.17832,1,1551.77,837.3676,1547.332,840.8224
21.20515,1,1571.077,845.6108,1559.205,843.2166
21.22394,1,1571.077,845.6108,1565.141,844.4137
21.25043,1,1594.91,857.298,1580.025,850.8558
21.26823,1,1615.955,864.8441,1597.99,857.85
21.2875,1,1633.142,868.5184,1615.566,863.1842
21.30137,1,1633.142,868.5184,1624.354,865.8513
21.3167,1,1647.397,876.2961,1635.875,871.0737
21.33436,1,1647.397,876.2961,1641.636,873.6849
21.3649,1,1658.67,889.8731,1650.153,881.7791
21.37898,1,1715.41,867.6873,1682.782,874.7332
21.38358,1,1715.41,867.6873,1699.096,871.2102
21.39387,1,1715.41,867.6873,1707.253,869.4487
21.39916,1,1715.41,867.6873,1711.332,868.568
21.40492,1,1698.604,743.9819,1704.968,806.275
21.41294,1,1698.604,743.9819,1701.786,775.1284
21.41777,1,1698.604,743.9819,1700.195,759.5552
21.42747,1,1698.604,743.9819,1699.399,751.7686
21.43241,1,1698.604,743.9819,1699.001,747.8752
21.44086,1,1709.219,776.1545,1704.11,762.0149
21.44526,1,1709.219,776.1545,1706.665,769.0847
21.45097,1,1709.219,776.1545,1707.942,772.6196
21.46166,1,1709.219,776.1545,1708.58,774.3871
21.46702,1,1719.323,826.459,1713.952,800.4231
21.48054,1,1719.323,826.459,1716.637,813.441
21.49441,1,1719.323,826.459,1717.98,819.9501
21.51314,1,1733.629,885.7419,1725.804,852.8459
21.53269,1,1749.756,938.8533,1737.78,895.8496
21.55424,1,1749.756,938.8533,1743.768,917.3514
21.57356,1,1764.316,983.2266,1754.042,950.289
21.58653,1,1764.316,983.2266,1759.179,966.7578
21.60305,1,1775.342,1017.442,1767.26,992.0997
21.61961,1,1783.921,1045.056,1775.591,1018.578
21.63556,1,1783.921,1045.056,1779.756,1031.817
21.65137,1,1795.371,1068.72,1787.564,1050.268
21.66883,1,1795.371,1068.72,1791.468,1059.494
21.68303,1,1797.427,1079.866,1794.447,1069.68
21.70149,1,1797.427,1079.866,1795.937,1074.773
21.71624,1,1797.051,1083.136,1796.494,1078.955
21.73448,1,1797.051,1083.136,1796.772,1081.045
21.74725,1,1795.563,1085.299,1796.168,1083.172
21.75155,1,1795.563,1085.299,1795.865,1084.235
21.75734,1,1795.563,1085.299,1795.714,1084.767
21.7746,1,1793.482,1087.026,1794.598,1085.896
21.79237,1,1793.482,1087.026,1794.04,1086.461
21.80679,1,1792.605,1080.462,1793.322,1083.462
21.82273,1,1792.605,1080.462,1792.964,1081.962
21.83872,1,1791.132,1079.262,1792.048,1080.612
21.86039,1,1789.132,1080.102,1790.59,1080.357
21.87702,1,1789.132,1080.102,1789.861,1080.229
21.89273,1,1786.47,1081.184,1788.166,1080.707
21.91136,1,1786.47,1081.184,1787.318,1080.945
21.92527,1,1783.68,1083.151,1785.499,1082.048
21.94446,1,1783.68,1083.151,1784.589,1082.6
21.9748,1,1780.623,1086.814,1782.606,1084.707
21.98805,1,1778.073,1090.463,1780.339,1087.585
21.99305,1,1778.073,1090.463,1779.206,1089.024
22.01013,1,1778.073,1090.463,1778.639,1089.744
22.02666,1,1775.967,1093.837,1777.303,1091.79
22.04128,1,1774.716,1097.014,1776.01,1094.402
22.0568,1,1774.716,1097.014,1775.363,1095.708
22.07284,1,1773.3,1101.183,1774.331,1098.445
22.08925,1,1773.3,1101.183,1773.816,1099.814
22.10494,1,1770.138,1107.028,1771.977,1103.421
22.11097,1,1770.138,1107.028,1771.058,1105.225
22.12832,1,1770.138,1107.028,1770.598,1106.127
22.14261,1,1767.243,1111.995,1768.921,1109.061
22.16072,1,1767.243,1111.995,1768.082,1110.528
22.17852,1,1764.265,1115.289,1766.174,1112.908
22.20011,1,1761.72,1117.647,1763.947,1115.278
22.21453,1,1761.72,1117.647,1762.833,1116.462
22.24324,1,1759.137,1119.636,1760.985,1118.049
22.25646,1,1756.885,1120.439,1758.935,1119.244
22.26841,1,1756.885,1120.439,1757.91,1119.842
22.27318,1,1756.885,1120.439,1757.398,1120.141
22.28423,1,1754.771,1121.706,1756.084,1120.923
22.29085,1,1754.771,1121.706,1755.428,1121.315
22.30182,1,1754.771,1121.706,1755.1,1121.511
22.31824,1,1752.374,1122.859,1753.737,1122.185
22.33483,1,1752.374,1122.859,1753.055,1122.522
22.34994,1,1750.099,1123.578,1751.577,1123.05
22.36363,1,1750.099,1123.578,1750.838,1123.314
22.37017,1,1750.099,1123.578,1750.469,1123.446
22.38302,1,1747.834,1123.697,1749.151,1123.571
22.39683,1,1747.834,1123.697,1748.493,1123.634
22.40952,1,1745.202,1123.042,1746.847,1123.338
22.41389,1,1745.202,1123.042,1746.024,1123.19
22.43065,1,1745.202,1123.042,1745.613,1123.116
22.44874,1,1742.187,1121.386,1743.9,1122.251
22.47862,1,1739.518,1118.579,1741.709,1120.415
22.50953,1,1736.103,1113.21,1738.906,1116.812
22.52531,1,1730.309,1099.371,1734.608,1108.092
22.53028,1,1730.309,1099.371,1732.458,1103.731
22.53473,1,1730.309,1099.371,1731.384,1101.551
22.54047,1,1730.309,1099.371,1730.847,1100.461
22.56799,1,1722.655,1078.554,1726.751,1089.508
22.57959,1,1722.655,1078.554,1724.703,1084.031
22.58435,1,1722.655,1078.554,1723.679,1081.292
22.59674,1,1713.42,1058.131,1718.549,1069.712
22.60112,1,1713.42,1058.131,1715.984,1063.921
22.61429,1,1713.42,1058.131,1714.702,1061.026
22.62935,1,1705.849,1043.537,1710.275,1052.281
22.64715,1,1698.575,1024.462,1704.425,1038.372
22.67613,1,1692.826,1011.66,1698.626,1025.016
22.69515,1,1692.826,1011.66,1695.726,1018.338
22.7151,1,1685.593,1000.146,1690.659,1009.242
22.74238,1,1681.091,995.0999,1685.875,1002.171
22.77031,1,1677.47,989.019,1681.673,995.5949
22.77625,1,1677.47,989.019,1679.572,992.307
22.78099,1,1677.47,989.019,1678.521,990.663
22.78775,1,1677.47,989.019,1677.996,989.8411
22.79623,1,1673.792,985.7647,1675.894,987.8029
22.80114,1,1673.792,985.7647,1674.843,986.7838
22.80922,1,1673.792,985.7647,1674.318,986.2743
22.81396,1,1673.792,985.7647,1674.055,986.0195
22.81906,1,1673.792,985.7647,1673.924,985.8921
22.83258,1,1670.331,983.7902,1672.127,984.8411
22.84491,1,1670.331,983.7902,1671.229,984.3157
22.85027,1,1670.331,983.7902,1670.78,984.0529
22.86531,1,1667.015,980.5468,1668.898,982.2998
22.88402,1,1667.015,980.5468,1667.956,981.4233
22.899,1,1664.658,978.6644,1666.307,980.0438
22.92972,1,1661.08,980.7672,1663.693,980.4055
22.95011,1,1659.551,981.4616,1661.622,980.9336
22.95725,1,1659.551,981.4616,1660.586,981.1976
22.96677,1,1659.551,981.4616,1660.069,981.3296
22.97272,1,1659.551,981.4616,1659.81,981.3956
22.98121,1,1658.087,979.1606,1658.948,980.2781
22.98992,1,1658.087,979.1606,1658.518,979.7194
22.99755,1,1658.087,979.1606,1658.302,979.4399
23.00241,1,1658.087,979.1606,1658.195,979.3003
23.01085,1,1655.643,973.5618,1656.919,976.431
23.01611,1,1655.643,973.5618,1656.281,974.9964
23.02842,1,1655.643,973.5618,1655.962,974.2791
23.03479,1,1655.643,973.5618,1655.803,973.9204
23.04265,1,1654.421,967.975,1655.112,970.9477
23.04812,1,1654.421,967.975,1654.767,969.4613
23.05808,1,1654.421,967.975,1654.594,968.7181
23.06328,1,1654.421,967.975,1654.508,968.3466
23.06971,1,1654.745,947.7975,1654.626,958.072
23.07753,1,1654.745,947.7975,1654.686,952.9348
23.08275,1,1654.745,947.7975,1654.716,950.3661
23.09119,1,1654.745,947.7975,1654.73,949.0818
23.09599,1,1654.745,947.7975,1654.738,948.4396
23.10883,1,1648.074,933.3977,1651.406,940.9187
23.11396,1,1648.074,933.3977,1649.74,937.1582
23.14558,1,1641.582,921.1318,1645.661,929.145
23.17389,1,1634.498,901.2211,1640.079,915.1831
23.18,1,1634.498,901.2211,1637.289,908.2021
23.1854,1,1634.498,901.2211,1635.893,904.7117
23.19174,1,1635.473,887.9775,1635.683,896.3446
23.20708,1,1635.473,887.9775,1635.578,892.1611
23.2232,1,1647.569,887.8141,1641.574,889.9875
23.24769,1,1628.949,861.7523,1635.261,875.8699
23.25438,1,1628.949,861.7523,1632.105,868.8112
23.28248,1,1624.614,860.3226,1628.359,864.5669
23.3001,1,1624.614,860.3226,1626.487,862.4447
23.33065,1,1624.614,860.3226,1625.55,861.3837
23.34997,1,1624.614,860.3226,1625.082,860.8531
23.3603,1,1624.614,860.3226,1624.848,860.5879
23.36443,1,1624.614,860.3226,1624.731,860.4552
23.37012,1,1624.614,860.3226,1624.672,860.3889
23.3746,1,1624.614,860.3226,1624.643,860.3557
23.3803,1,1624.614,860.3226,1624.628,860.3391
23.41289,1,1624.614,860.3226,1624.621,860.3308
23.43238,1,1624.614,860.3226,1624.617,860.3267
23.46095,1,1624.614,860.3226,1624.615,860.3246
23.48213,1,1624.614,860.3226,1624.615,860.3236
23.51238,1,1624.614,860.3226,1624.614,860.3231
23.53258,1,1624.614,860.3226,1624.614,860.3229
23.56159,1,1624.614,860.3226,1624.614,860.3228
23.57858,1,1624.614,860.3226,1624.614,860.3226
23.59572,1,1624.614,860.3226,1624.614,860.3226
23.62916,1,1624.614,860.3226,1624.614,860.3226
23.64387,1,1624.614,860.3226,1624.614,860.3226
23.64869,1,1624.614,860.3226,1624.614,860.3226
23.65409,1,1624.614,860.3226,1624.614,860.3226
23.65866,1,1624.614,860.3226,1624.614,860.3226
23.66532,1,1624.614,860.3226,1624.614,860.3226
23.67108,1,1624.614,860.3226,1624.614,860.3226
23.67858,1,1624.614,860.3226,1624.614,860.3226
23.68261,1,1624.614,860.3226,1624.614,860.3226
23.68852,1,1624.614,860.3226,1624.614,860.3226
23.6979,1,1624.614,860.3226,1624.614,860.3226
23.70231,1,1624.614,860.3226,1624.614,860.3226
23.71383,1,1624.614,860.3226,1624.614,860.3226
23.71827,1,1624.614,860.3226,1624.614,860.3226
23.72664,1,1624.614,860.3226,1624.614,860.3226
23.73139,1,1624.614,860.3226,1624.614,860.3226
23.73675,1,1624.614,860.3226,1624.614,860.3226
23.74733,1,1624.614,860.3226,1624.614,860.3226
23.75247,1,1624.614,860.3226,1624.614,860.3226
23.76144,1,1624.614,860.3226,1624.614,860.3226
23.76673,1,1624.614,860.3226,1624.614,860.3226
23.77691,1,1624.614,860.3226,1624.614,860.3226
23.78127,1,1624.614,860.3226,1624.614,860.3226
23.79122,1,1624.614,860.3226,1624.614,860.3226
23.79582,1,1624.614,860.3226,1624.614,860.3226
23.81283,1,1624.614,860.3226,1624.614,860.3226
23.83285,1,1624.614,860.3226,1624.614,860.3226
23.86424,1,1624.614,860.3226,1624.614,860.3226
23.89677,1,1624.614,860.3226,1624.614,860.3226
23.9299,1,1624.614,860.3226,1624.614,860.3226
23.94941,1,1624.614,860.3226,1624.614,860.3226
23.98423,1,1624.614,860.3226,1624.614,860.3226
23.99881,1,1624.614,860.3226,1624.614,860.3226
24.00366,1,1624.614,860.3226,1624.614,860.3226
24.01665,1,1624.614,860.3226,1624.614,860.3226
24.03148,1,1624.614,860.3226,1624.614,860.3226
24.03616,1,1624.614,860.3226,1624.614,860.3226
24.04968,1,1624.614,860.3226,1624.614,860.3226
24.06722,1,1624.614,860.3226,1624.614,860.3226
24.09553,1,1624.614,860.3226,1624.614,860.3226
24.1139,1,1624.614,860.3226,1624.614,860.3226
24.14521,1,1568.12,831.0283,1596.367,845.6754
24.1588,1,1560.171,805.9443,1578.269,825.8099
24.1632,1,1560.171,805.9443,1569.22,815.8771
24.16814,1,1560.171,805.9443,1564.696,810.9107
24.174,1,1560.171,805.9443,1562.433,808.4275
24.18241,1,1560.171,805.9443,1561.302,807.1859
24.18826,1,1551.6,797.0225,1556.451,802.1042
24.19605,1,1551.6,797.0225,1554.026,799.5634
24.20047,1,1551.6,797.0225,1552.813,798.2929
24.20688,1,1551.6,797.0225,1552.207,797.6577
24.21273,1,1542.838,780.1285,1547.522,788.8931
24.21739,1,1542.838,780.1285,1545.18,784.5107
24.22851,1,1542.838,780.1285,1544.009,782.3196
24.23374,1,1542.838,780.1285,1543.424,781.224
24.23939,1,1542.838,780.1285,1543.131,780.6763
24.24981,1,1532.268,764.8873,1537.699,772.7817
24.25802,1,1532.268,764.8873,1534.984,768.8345
24.26262,1,1532.268,764.8873,1533.626,766.8608
24.26804,1,1532.268,764.8873,1532.947,765.874
24.27767,1,1524.386,755.7839,1528.666,760.829
24.28221,1,1524.386,755.7839,1526.526,758.3064
24.29356,1,1524.386,755.7839,1525.456,757.0452
24.29793,1,1524.386,755.7839,1524.921,756.4146
24.31035,1,1514.139,746.7787,1519.53,751.5966
24.31526,1,1514.139,746.7787,1516.834,749.1876
24.33441,1,1506.92,742.0229,1511.877,745.6052
24.36242,1,1506.92,742.0229,1509.399,743.8141
24.39529,1,1502.397,743.4734,1505.898,743.6438
24.41012,1,1502.397,743.4734,1504.147,743.5586
24.415,1,1502.397,743.4734,1503.272,743.516
24.42044,1,1502.397,743.4734,1502.835,743.4948
24.43088,1,1502.397,743.4734,1502.616,743.4841
24.43545,1,1502.397,743.4734,1502.506,743.4788
24.45056,1,1502.397,743.4734,1502.452,743.4761
24.46315,1,1502.397,743.4734,1502.424,743.4747
24.46916,1,1502.397,743.4734,1502.411,743.4741
24.48774,1,1502.397,743.4734,1502.404,743.4738
24.51377,1,1502.397,743.4734,1502.4,743.4736
24.53145,1,1497.554,732.0749,1499.977,737.7743
24.54867,1,1496.048,730.3709,1498.013,734.0726
24.57717,1,1497.193,731.5286,1497.603,732.8006
24.61292,1,1493.473,731.1113,1495.538,731.9559
24.64327,1,1492.817,731.5513,1494.177,731.7536
24.64927,1,1492.817,731.5513,1493.497,731.6525
24.65571,1,1492.817,731.5513,1493.157,731.6019
24.66305,1,1492.817,731.5513,1492.987,731.5765
24.66793,1,1492.796,732.2578,1492.891,731.9172
24.67732,1,1492.796,732.2578,1492.844,732.0875
24.68168,1,1492.796,732.2578,1492.82,732.1727
24.68778,1,1492.796,732.2578,1492.808,732.2152
24.6962,1,1492.796,732.2578,1492.802,732.2365
24.70048,1,1492.796,732.2578,1492.799,732.2472
24.70953,1,1492.796,732.2578,1492.797,732.2525
24.71406,1,1492.796,732.2578,1492.797,732.2551
24.71897,1,1492.796,732.2578,1492.796,732.2565
24.72862,1,1492.796,732.2578,1492.796,732.2571
24.7335,1,1492.796,732.2578,1492.796,732.2574
24.74164,1,1492.796,732.2578,1492.796,732.2576
24.74695,1,1492.796,732.2578,1492.796,732.2577
24.7522,1,1492.796,732.2578,1492.796,732.2578
24.75958,1,1492.796,732.2578,1492.796,732.2578
24.764,1,1492.796,732.2578,1492.796,732.2578
24.78218,1,1492.796,732.2578,1492.796,732.2578
24.81258,1,1492.796,732.2578,1492.796,732.2578
24.83024,1,1492.796,732.2578,1492.796,732.2578
24.84788,1,1492.796,732.2578,1492.796,732.2578
24.87802,1,1492.796,732.2578,1492.796,732.2578
24.89607,1,1492.796,732.2578,1492.796,732.2578
24.91089,1,1492.796,732.2578,1492.796,732.2578
24.91474,1,1492.796,732.2578,1492.796,732.2578
24.9196,1,1492.796,732.2578,1492.796,732.2578
24.92972,1,1492.796,732.2578,1492.796,732.2578
24.93402,1,1492.796,732.2578,1492.796,732.2578
24.94377,1,1492.796,732.2578,1492.796,732.2578
24.94915,1,1492.796,732.2578,1492.796,732.2578
24.95601,1,1492.796,732.2578,1492.796,732.2578
24.96639,1,1492.796,732.2578,1492.796,732.2578
24.97281,1,1492.796,732.2578,1492.796,732.2578
24.97679,1,1492.796,732.2578,1492.796,732.2578
24.98101,1,1492.796,732.2578,1492.796,732.2578
24.98972,1,1492.796,732.2578,1492.796,732.2578
24.99423,1,1492.796,732.2578,1492.796,732.2578
24.99898,1,1492.796,732.2578,1492.796,732.2578
25.01066,1,1492.796,732.2578,1492.796,732.2578
25.01518,1,1492.796,732.2578,1492.796,732.2578
25.03174,1,507.5796,649.3085,1000.188,690.7832
25.04871,1,507.5796,649.3085,753.8837,670.0459
25.07939,1,516.4694,645.049,635.1765,657.5475
25.09836,1,415.741,622.7477,525.4587,640.1476
25.11694,1,415.741,622.7477,470.5999,631.4476
25.12962,1,318.4656,614.153,394.5327,622.8003
25.13372,1,318.4656,614.153,356.4991,618.4767
25.13922,1,318.4656,614.153,337.4824,616.3148
25.14542,1,318.4656,614.153,327.974,615.2339
25.15019,1,318.4656,614.153,323.2198,614.6935
25.15571,1,228.1407,631.5339,275.6802,623.1137
25.1634,1,228.1407,631.5339,251.9104,627.3239
25.16839,1,228.1407,631.5339,240.0255,629.4289
25.17555,1,228.1407,631.5339,234.0831,630.4814
25.17979,1,228.1407,631.5339,231.1119,631.0077
25.18444,1,179.8431,642.0179,205.4775,636.5128
25.19382,1,179.8431,642.0179,192.6603,639.2654
25.19875,1,179.8431,642.0179,186.2517,640.6417
25.20818,1,179.8431,642.0179,183.0474,641.3298
25.21313,1,150.5177,651.1061,166.7826,646.218
25.21853,1,150.5177,651.1061,158.6501,648.662
25.22852,1,150.5177,651.1061,154.5839,649.884
25.23315,1,150.5177,651.1061,152.5508,650.4951
25.24388,1,128.4839,655.2969,140.5174,652.896
25.24939,1,128.4839,655.2969,134.5006,654.0964
25.26103,1,128.4839,655.2969,131.4923,654.6967
25.26727,1,128.4839,655.2969,129.9881,654.9968
25.27996,1,114.1302,659.7442,122.0591,657.3705
25.29724,1,114.1302,659.7442,118.0947,658.5574
25.31041,1,102.7592,664.0566,110.4269,661.307
25.33938,1,98.6749,666.5175,104.5509,663.9122
25.37281,1,92.26129,668.2621,98.4061,666.0872
25.38112,1,92.26129,668.2621,95.33369,667.1747
25.38701,1,92.26129,668.2621,93.79749,667.7184
25.3934,1,89.64375,667.9126,91.72062,667.8155
25.39768,1,89.64375,667.9126,90.68218,667.864
25.40243,1,89.64375,667.9126,90.16296,667.8883
25.4111,1,89.64375,667.9126,89.90335,667.9005
25.41589,1,89.64375,667.9126,89.77354,667.9065
25.42934,1,87.97341,667.0076,88.87347,667.457
25.4354,1,87.97341,667.0076,88.42345,667.2323
25.44808,1,87.97341,667.0076,88.19843,667.12
25.45705,1,87.97341,667.0076,88.08592,667.0638
25.4616,1,87.97341,667.0076,88.02966,667.0358
25.46733,1,87.97341,667.0076,88.00154,667.0217
25.48113,1,87.97341,667.0076,87.98747,667.0146
25.51607,1,632.0935,698.0081,360.0405,682.5114
25.54511,1,831.8824,776.3186,595.9615,729.415
25.56251,1,831.8824,776.3186,713.922,752.8668
25.57955,1,1101.692,819.8485,907.8068,786.3577
25.59805,1,1101.692,819.8485,1004.749,803.1031
25.62468,1,1272.094,836.715,1138.422,819.9091
25.64308,1,1352.948,834.3983,1245.685,827.1537
25.66117,1,1352.948,834.3983,1299.316,830.776
25.67924,1,1342.343,810.0306,1320.83,820.4033
25.69433,1,1366.804,789.397,1343.817,804.9001
25.71061,1,1366.804,789.397,1355.311,797.1486
25.72928,1,1366.804,789.397,1361.058,793.2728
25.74341,1,1366.804,789.397,1363.931,791.3348
25.76763,1,1366.804,789.397,1365.368,790.3659
25.78567,1,1563.401,1194.556,1464.384,992.4611
25.79974,1,1563.401,1194.556,1513.893,1093.509
25.81583,1,1563.401,1194.556,1538.647,1144.032
25.8334,1,1563.401,1194.556,1551.024,1169.294
25.84705,1,1563.401,1194.556,1557.213,1181.925
25.85129,1,1563.401,1194.556,1560.307,1188.241
25.8567,1,1563.401,1194.556,1561.854,1191.398
25.87092,1,1563.401,1194.556,1562.628,1192.977
25.88853,1,1563.401,1194.556,1563.014,1193.767
25.90524,1,1563.401,1194.556,1563.208,1194.162
25.91852,1,1563.401,1194.556,1563.304,1194.359
25.93491,1,1563.401,1194.556,1563.353,1194.458
25.95098,1,1563.401,1194.556,1563.377,1194.507
25.96644,1,1563.401,1194.556,1563.389,1194.531
25.98417,1,1563.401,1194.556,1563.395,1194.544
26.00018,1,1783.328,1068.529,1673.362,1131.536
26.01801,1,1783.328,1068.529,1728.345,1100.033
26.03498,1,1783.328,1068.529,1755.836,1084.281
26.05114,1,1783.328,1068.529,1769.582,1076.405
26.06911,1,1783.328,1068.529,1776.455,1072.467
26.10139,1,1783.328,1068.529,1779.892,1070.498
26.10801,1,1783.328,1068.529,1781.61,1069.513
26.13879,1,1780.385,1022.827,1780.997,1046.17
26.16978,1,1491.06,1031.776,1636.029,1038.973
26.18524,1,1491.06,1031.776,1563.544,1035.375
26.21642,1,1491.06,1031.776,1527.302,1033.575
26.23442,1,1491.06,1031.776,1509.181,1032.676
26.25201,1,1491.06,1031.776,1500.121,1032.226
26.26868,1,1491.06,1031.776,1495.59,1032.001
26.2998,1,1798.21,1017.965,1646.9,1024.983
26.31797,1,1798.21,1017.965,1722.555,1021.474
26.33319,1,1832.147,1010.099,1777.351,1015.787
26.33811,1,1832.147,1010.099,1804.749,1012.943
26.35109,1,1832.147,1010.099,1818.448,1011.521
26.36476,1,1847.386,999.2452,1832.917,1005.383
26.38127,1,1847.386,999.2452,1840.152,1002.314
26.39403,1,1860.292,985.215,1850.222,993.7646
26.39873,1,1860.292,985.215,1855.257,989.4897
26.41345,1,1860.292,985.215,1857.774,987.3524
26.44309,1,1857.543,979.8364,1857.658,983.5944
26.46055,1,1848.459,979.8208,1853.059,981.7076
26.47692,1,1848.459,979.8208,1850.759,980.7642
26.49745,1,1880,960.5248,1865.38,970.6445
26.51537,1,1924.695,940.2526,1895.037,955.4485
26.53403,1,1924.695,940.2526,1909.866,947.8505
26.54718,1,1570.663,1036.718,1740.264,992.2843
26.55149,1,1570.663,1036.718,1655.463,1014.501
26.55946,1,1570.663,1036.718,1613.063,1025.61
26.56394,1,1570.663,1036.718,1591.863,1031.164
26.5694,1,1570.663,1036.718,1581.263,1033.941
26.58228,1,1570.663,1036.718,1575.963,1035.329
26.59675,1,1570.663,1036.718,1573.313,1036.024
26.61452,1,1570.663,1036.718,1571.988,1036.371
26.63275,1,1570.663,1036.718,1571.325,1036.544
26.64765,1,1570.663,1036.718,1570.994,1036.631
26.67678,1,1570.663,1036.718,1570.828,1036.675
26.69468,1,1570.663,1036.718,1570.745,1036.696
26.71226,1,1570.663,1036.718,1570.704,1036.707
26.74443,1,1570.663,1036.718,1570.683,1036.713
26.76428,1,1323.705,1038.347,1447.194,1037.53
26.78048,1,1323.705,1038.347,1385.449,1037.938
26.79543,1,1340.045,1014.213,1362.747,1026.075
26.81515,1,1361.035,981.4613,1361.891,1003.768
26.84432,1,1377.723,947.6521,1369.807,975.7102
26.86056,1,1377.723,947.6521,1373.765,961.6812
26.88178,1,1391.759,934.01,1382.762,947.8456
26.89645,1,1391.759,934.01,1387.26,940.9278
26.91134,1,1396.974,920.5252,1392.117,930.7265
26.92845,1,1396.974,920.5252,1394.546,925.6259
26.95763,1,1398.193,910.1135,1396.37,917.8696
26.974,1,1399.068,898.9218,1397.719,908.3957
26.98258,1,1399.068,898.9218,1398.394,903.6587
26.98851,1,1399.068,898.9218,1398.731,901.2902
26.996,1,1401.274,886.311,1400.002,893.8006
27.00024,1,1401.274,886.311,1400.638,890.0558
27.01027,1,1401.274,886.311,1400.956,888.1833
27.01548,1,1401.274,886.311,1401.115,887.2472
27.02598,1,1403.494,877.5901,1402.304,882.4186
27.0327,1,1403.494,877.5901,1402.899,880.0044
27.04287,1,1403.494,877.5901,1403.196,878.7972
27.04803,1,1403.494,877.5901,1403.345,878.1937
27.05947,1,1407.79,877.56,1405.567,877.8768
27.06452,1,1407.79,877.56,1406.679,877.7184
27.08303,1,1407.79,877.56,1407.234,877.6392
27.11582,1,1408.535,877.8129,1407.885,877.7261
27.14598,1,1407.581,879.7273,1407.733,878.7267
27.1643,1,1407.581,879.7273,1407.657,879.227
27.17972,1,1406.115,881.2455,1406.886,880.2362
27.18375,1,1406.115,881.2455,1406.501,880.7408
27.19024,1,1406.115,881.2455,1406.308,880.9932
27.19775,1,1406.115,881.2455,1406.212,881.1193
27.20395,1,1405.685,881.371,1405.949,881.2451
27.21272,1,1405.685,881.371,1405.817,881.308
27.21722,1,1405.685,881.371,1405.751,881.3395
27.2265,1,1405.685,881.371,1405.718,881.3552
27.23099,1,1405.685,881.371,1405.702,881.3631
27.23535,1,1522.592,896.8454,1464.147,889.1042
27.24269,1,1522.592,896.8454,1493.37,892.9749
27.2478,1,1522.592,896.8454,1507.981,894.9102
27.2613,1,1522.592,896.8454,1515.286,895.8778
27.26705,1,1498.606,891.876,1506.946,893.8769
27.27988,1,1498.606,891.876,1502.776,892.8765
27.2845,1,1498.606,891.876,1500.691,892.3762
27.30169,1,1472.272,882.3524,1486.481,887.3643
27.33001,1,1448.119,867.7526,1467.3,877.5585
27.36051,1,1429.279,855.4238,1448.29,866.4911
27.3777,1,1429.279,855.4238,1438.784,860.9574
27.3936,1,1415.175,847.7012,1426.979,854.3293
27.41685,1,1415.175,847.7012,1421.077,851.0153
27.44423,1,1406.89,845.3579,1413.983,848.1866
27.464,1,1401.256,839.9723,1407.62,844.0795
27.48151,1,1396.588,835.6103,1402.104,839.8448
27.49981,1,1396.588,835.6103,1399.346,837.7275
27.53182,1,1391.122,832.5108,1395.234,835.1191
27.54642,1,1385.972,828.7122,1390.603,831.9156
27.56008,1,1385.972,828.7122,1388.288,830.3139
27.56487,1,1385.972,828.7122,1387.13,829.5131
27.57789,1,1381.49,828.4401,1384.31,828.9766
27.59496,1,1381.49,828.4401,1382.9,828.7084
27.62523,1,1378.746,827.6039,1380.823,828.1561
27.64366,1,1377.119,824.977,1378.971,826.5665
27.66147,1,1375.103,821.8172,1377.037,824.1919
27.69155,1,1373.271,817.2283,1375.154,820.7101
27.71145,1,1373.271,817.2283,1374.213,818.9692
27.71567,1,1373.271,817.2283,1373.742,818.0988
27.72427,1,1370.594,811.4616,1372.168,814.7802
27.72967,1,1370.594,811.4616,1371.381,813.1208
27.73403,1,1370.594,811.4616,1370.988,812.2913
27.74801,1,1370.594,811.4616,1370.791,811.8765
27.76354,1,1367.442,805.0449,1369.116,808.4607
27.7696,1,1367.442,805.0449,1368.279,806.7528
27.77489,1,1367.442,805.0449,1367.86,805.8989
27.77928,1,1367.442,805.0449,1367.651,805.4719
27.79706,1,1364.527,798.8383,1366.089,802.1552
27.82744,1,1361.528,795.7881,1363.808,798.9716
27.8435,1,1358.326,791.5842,1361.067,795.278
27.8652,1,1358.326,791.5842,1359.697,793.4311
27.8786,1,1355.873,786.8118,1357.785,790.1215
27.88262,1,1355.873,786.8118,1356.829,788.4666
27.88842,1,1355.873,786.8118,1356.351,787.6392
27.89524,1,1355.873,786.8118,1356.112,787.2255
27.89983,1,1355.873,786.8118,1355.992,787.0186
27.90641,1,1353.207,782.2034,1354.6,784.611
27.91559,1,1353.207,782.2034,1353.904,783.4072
27.92042,1,1353.207,782.2034,1353.555,782.8053
27.9284,1,1353.207,782.2034,1353.381,782.5043
27.93297,1,1349.957,777.5016,1351.669,780.0029
27.93839,1,1349.957,777.5016,1350.813,778.7523
27.94245,1,1349.957,777.5016,1350.385,778.127
27.94779,1,1349.957,777.5016,1350.171,777.8143
27.95271,1,1349.957,777.5016,1350.064,777.658
27.9595,1,1349.957,777.5016,1350.01,777.5798
27.96454,1,1347.735,773.715,1348.873,775.6473
27.971,1,1347.735,773.715,1348.304,774.6812
27.9793,1,1347.735,773.715,1348.02,774.1981
27.98472,1,1347.735,773.715,1347.878,773.9565
27.99577,1,1345.604,770.2596,1346.741,772.108
28.00107,1,1345.604,770.2596,1346.173,771.1838
28.01156,1,1345.604,770.2596,1345.888,770.7217
28.01623,1,1345.604,770.2596,1345.746,770.4906
28.02742,1,1343.228,767.3621,1344.487,768.9263
28.03865,1,1343.228,767.3621,1343.858,768.1442
28.04394,1,1343.228,767.3621,1343.543,767.7531
28.0498,1,1343.228,767.3621,1343.386,767.5576
28.06202,1,1341.463,764.8066,1342.424,766.1821
28.07803,1,1341.463,764.8066,1341.944,765.4944
28.09161,1,1339.71,762.9866,1340.827,764.2405
28.10884,1,1339.71,762.9866,1340.269,763.6135
28.14141,1,1338.296,761.6572,1339.282,762.6354
28.16005,1,1336.959,760.5311,1338.121,761.5833
28.17687,1,1335.488,758.6433,1336.804,760.1133
28.18109,1,1335.488,758.6433,1336.146,759.3783
28.18534,1,1335.488,758.6433,1335.817,759.0108
28.19304,1,1335.488,758.6433,1335.652,758.827
28.19734,1,1335.488,758.6433,1335.57,758.7352
28.20429,1,1333.331,756.929,1334.451,757.832
28.21594,1,1333.331,756.929,1333.891,757.3805
28.22676,1,1333.331,756.929,1333.611,757.1547
28.23194,1,1333.331,756.929,1333.471,757.0419
28.24119,1,1331.917,756.1414,1332.694,756.5917
28.24714,1,1331.917,756.1414,1332.306,756.3666
28.25914,1,1331.917,756.1414,1332.111,756.254
28.26398,1,1331.209,755.7249,1331.66,755.9894
28.27313,1,1331.209,755.7249,1331.434,755.8572
28.27808,1,1331.209,755.7249,1331.322,755.791
28.28274,1,1331.209,755.7249,1331.265,755.7579
28.29574,1,1330.908,755.4181,1331.086,755.588
28.31095,1,1330.908,755.4181,1330.997,755.5031
28.32425,1,1330.826,755.1685,1330.912,755.3358
28.33047,1,1330.826,755.1685,1330.869,755.2521
28.34955,1,1330.826,755.1685,1330.848,755.2103
28.37662,1,1330.579,754.2927,1330.714,754.7515
28.39266,1,1329.788,753.2394,1330.251,753.9954
28.41664,1,1328.94,751.5897,1329.595,752.7926
28.42257,1,1328.94,751.5897,1329.268,752.1912
28.43139,1,1328.94,751.5897,1329.104,751.8904
28.4378,1,1328.94,751.5897,1329.022,751.7401
28.44873,1,1327.436,750.9489,1328.229,751.3445
28.45459,1,1327.436,750.9489,1327.832,751.1467
28.46335,1,1327.436,750.9489,1327.634,751.0479
28.46924,1,1327.436,750.9489,1327.535,750.9984
28.47976,1,1326.075,749.9376,1326.805,750.468
28.48658,1,1326.075,749.9376,1326.44,750.2028
28.49502,1,1326.075,749.9376,1326.257,750.0702
28.49972,1,1326.075,749.9376,1326.166,750.0039
28.51166,1,1324.581,748.9644,1325.374,749.4841
28.51627,1,1324.581,748.9644,1324.977,749.2242
28.52882,1,1324.581,748.9644,1324.779,749.0944
28.53394,1,1324.581,748.9644,1324.68,749.0294
28.56324,1,1323.188,748.0269,1323.934,748.5282
28.57281,1,1320.948,743.6301,1322.441,746.0791
28.57755,1,1320.948,743.6301,1321.695,744.8546
28.59538,1,1320.948,743.6301,1321.321,744.2423
28.62813,1,1310.653,728.1545,1315.987,736.1984
28.64371,1,1310.653,728.1545,1313.32,732.1765
28.66315,1,1304.966,722.1099,1309.143,727.1432
28.68191,1,1304.966,722.1099,1307.055,724.6265
28.69873,1,1299.365,716.4429,1303.21,720.5347
28.73149,1,1286.349,712.6682,1294.78,716.6014
28.74969,1,1206.67,708.7018,1250.725,712.6516
28.77692,1,978.4637,708.3824,1114.594,710.517
28.80134,1,978.4637,708.3824,1046.529,709.4497
28.80712,1,692.6151,707.2673,869.572,708.3585
28.81243,1,692.6151,707.2673,781.0935,707.8129
28.82902,1,692.6151,707.2673,736.8542,707.5402
28.84714,1,522.6881,706.3229,629.7712,706.9315
28.8791,1,436.9778,701.5381,533.3745,704.2349
28.90104,1,403.8073,704.5463,468.5909,704.3906
28.90761,1,403.8073,704.5463,436.1991,704.4685
28.91192,1,403.8073,704.5463,420.0032,704.5074
28.91565,1,403.8073,704.5463,411.9053,704.5269
28.92188,1,403.8073,704.5463,407.8563,704.5366
28.92873,1,387.8652,714.9368,397.8607,709.7367
28.93366,1,387.8652,714.9368,392.8629,712.3367
28.94187,1,387.8652,714.9368,390.3641,713.6367
28.94716,1,387.8652,714.9368,389.1146,714.2867
28.95218,1,387.8652,714.9368,388.4899,714.6118
28.96142,1,369.9448,715.2708,379.2173,714.9413
28.96698,1,369.9448,715.2708,374.5811,715.106
28.9778,1,369.9448,715.2708,372.2629,715.1884
28.98246,1,369.9448,715.2708,371.1038,715.2296
28.99302,1,401.8619,674.6758,386.4828,694.9526
28.99779,1,401.8619,674.6758,394.1724,684.8142
29.01674,1,401.8619,674.6758,398.0171,679.745
29.06457,1,670.5824,453.2471,534.2997,566.4961
29.08116,1,769.0323,373.9522,651.666,470.2242
29.10111,1,769.0323,373.9522,710.3491,422.0882
29.125,1,824.7736,330.3318,767.5614,376.21
29.13047,1,824.7736,330.3318,796.1675,353.2709
29.13449,1,824.7736,330.3318,810.4706,341.8013
29.14044,1,853.3546,311.8183,831.9126,326.8098
29.14794,1,853.3546,311.8183,842.6336,319.314
29.15317,1,853.3546,311.8183,847.9941,315.5662
29.15928,1,853.3546,311.8183,850.6744,313.6922
29.16334,1,853.3546,311.8183,852.0145,312.7552
29.16878,1,853.3546,311.8183,852.6846,312.2867
29.17676,1,868.6777,303.3024,860.6812,307.7946
29.18094,1,868.6777,303.3024,864.6794,305.5485
29.18653,1,868.6777,303.3024,866.6786,304.4254
29.19327,1,868.6777,303.3024,867.6782,303.8639
29.19783,1,868.6777,303.3024,868.178,303.5831
29.20323,1,879.2316,298.7898,873.7048,301.1865
29.21077,1,879.2316,298.7898,876.4681,299.9882
29.2157,1,879.2316,298.7898,877.8499,299.389
29.22753,1,879.2316,298.7898,878.5407,299.0894
29.23282,1,868.6282,274.1938,873.5845,286.6416
29.24381,1,868.6282,274.1938,871.1063,280.4177
29.24921,1,868.6282,274.1938,869.8673,277.3058
29.26054,1,804.8089,200.9357,837.3381,239.1208
29.26695,1,804.8089,200.9357,821.0735,220.0283
29.2816,1,804.8089,200.9357,812.9412,210.482
29.31034,1,743.3025,131.3469,778.1218,170.9145
29.32551,1,706.2126,85.22955,742.1672,128.072
29.3449,1,706.2126,85.22955,724.1899,106.6508
29.36213,1,686.7494,60.78711,705.4697,83.71895
29.38005,1,686.7494,60.78711,696.1095,72.25303
29.39615,1,676.3433,45.6748,686.2264,58.96391
29.41436,1,669.7225,35.36706,677.9745,47.16549
29.44467,1,665.9734,29.87918,671.974,38.52233
29.47082,1,665.9734,29.87918,668.9738,34.20075
29.47819,1,690.2939,37.13755,679.6339,35.66915
29.49177,1,690.2939,37.13755,684.9639,36.40335
29.49659,1,690.2939,37.13755,687.6289,36.77045
29.50759,1,690.2939,37.13755,688.9614,36.954
29.51303,1,690.2939,37.13755,689.6277,37.04578
29.52188,1,690.2939,37.13755,689.9608,37.09166
29.52747,1,690.2939,37.13755,690.1274,37.11461
29.53282,1,904.1309,176.1185,797.1292,106.6165
29.54329,1,904.1309,176.1185,850.63,141.3675
29.55785,1,904.1309,176.1185,877.3804,158.743
29.56501,1,1110.887,453.8825,994.1337,306.3127
29.59422,1,1292.201,688.9297,1143.167,497.6212
29.62513,1,1374.314,793.0972,1258.74,645.3593
29.67712,1,1409.501,835.1895,1334.121,740.2744
29.71096,1,1421.733,844.0535,1377.927,792.1639
29.73049,1,1427.792,846.889,1402.859,819.5265
29.76439,1,1429.567,848.1207,1416.213,833.8236
29.77787,1,1430.793,847.7876,1423.503,840.8056
29.78327,1,1430.793,847.7876,1427.148,844.2966
29.79804,1,1430.793,847.7876,1428.97,846.0421
29.8127,1,1431.995,846.8757,1430.483,846.4589
29.82824,1,1431.995,846.8757,1431.239,846.6672
29.84264,1,1432.483,847.4681,1431.861,847.0677
29.85889,1,1432.483,847.4681,1432.172,847.2679
29.89155,1,1432.891,848.6218,1432.531,847.9448
29.90967,1,1422.224,840.0838,1427.378,844.0143
29.94336,1,1416.945,834.4328,1422.161,839.2235
29.96271,1,1414.466,831.6494,1418.314,835.4364
29.97836,1,1414.466,831.6494,1416.39,833.5428
29.98241,1,1414.466,831.6494,1415.428,832.5961
30.0008,1,1411.389,827.7687,1413.409,830.1824
30.01567,1,1407.66,822.7405,1410.534,826.4614
30.03305,1,1407.66,822.7405,1409.097,824.601
30.04854,1,1402.678,817.6956,1405.888,821.1483
30.08034,1,1397.366,813.5945,1401.627,817.3714
30.09846,1,1397.366,813.5945,1399.496,815.483
30.12805,1,1392.673,810.6729,1396.084,813.0779
30.1433,1,1388.885,809.2087,1392.484,811.1433
30.148,1,1388.885,809.2087,1390.685,810.176
30.15209,1,1388.885,809.2087,1389.785,809.6924
30.16095,1,1388.885,809.2087,1389.334,809.4506
30.16533,1,1388.885,809.2087,1389.109,809.3297
30.17191,1,1385.505,808.5737,1387.307,808.9517
30.17774,1,1385.505,808.5737,1386.406,808.7627
30.18257,1,1385.505,808.5737,1385.956,808.6682
30.18921,1,1385.505,808.5737,1385.731,808.621
30.19583,1,1385.505,808.5737,1385.618,808.5974
30.20079,1,1383.306,808.718,1384.462,808.6577
30.21223,1,1383.306,808.718,1383.884,808.6879
30.21736,1,1383.306,808.718,1383.595,808.7029
30.22901,1,1381.798,808.8845,1382.696,808.7937
30.23429,1,1381.798,808.8845,1382.247,808.8391
30.24492,1,1381.798,808.8845,1382.022,808.8618
30.25048,1,1381.798,808.8845,1381.91,808.8732
30.26095,1,1380.716,808.9785,1381.313,808.9258
30.26643,1,1380.716,808.9785,1381.015,808.9521
30.27712,1,1380.716,808.9785,1380.866,808.9653
30.28164,1,1380.716,808.9785,1380.791,808.9719
30.2985,1,1379.866,809.0251,1380.328,808.9985
30.3171,1,1379.866,809.0251,1380.097,809.0118
30.35546,1,1378.685,809.8486,1379.391,809.4302
30.37464,1,1378.685,809.8486,1379.038,809.6394
30.38916,1,1378.006,810.3836,1378.522,810.0115
30.40108,1,1378.006,810.3836,1378.264,810.1975
30.41771,1,1377.279,810.8032,1377.771,810.5004
30.43682,1,1377.279,810.8032,1377.525,810.6517
30.46599,1,1376.505,811.0806,1377.015,810.8662
30.48229,1,1375.825,811.4387,1376.42,811.1525
30.5139,1,1375.484,811.6854,1375.952,811.4189
30.53245,1,1375.196,812.3163,1375.574,811.8677
30.54962,1,1375.196,812.3163,1375.385,812.092
30.57953,1,1374.456,812.7114,1374.92,812.4017
30.59534,1,1373.503,812.9941,1374.212,812.6979
30.61238,1,1373.503,812.9941,1373.857,812.8459
30.62665,1,1372.65,813.1852,1373.253,813.0156
30.65964,1,1372.036,813.7124,1372.645,813.364
30.67779,1,1372.036,813.7124,1372.341,813.5382
30.70997,1,1371.364,813.9105,1371.853,813.7244
30.73129,1,1370.708,813.7898,1371.281,813.7571
30.75012,1,1370.035,813.4996,1370.658,813.6284
30.77606,1,1369.671,813.3132,1370.164,813.4708
30.78015,1,1369.671,813.3132,1369.917,813.392
30.79405,1,1369.671,813.3132,1369.794,813.3527
30.79874,1,1369.671,813.3132,1369.732,813.3329
30.81528,1,1369.182,812.8458,1369.457,813.0894
30.83256,1,1368.337,811.9503,1368.897,812.5198
30.86408,1,1367.11,810.5668,1368.004,811.5433
30.88184,1,1367.11,810.5668,1367.557,811.0551
30.90922,1,1365.224,808.7913,1366.39,809.9232
30.92819,1,1363.151,806.8935,1364.771,808.4083
30.94486,1,1363.151,806.8935,1363.961,807.6509
30.96015,1,1359.057,805.4044,1361.509,806.5276
30.99282,1,1354.742,803.9766,1358.125,805.2521
31.01185,1,1354.742,803.9766,1356.434,804.6143
31.03009,1,1350.887,802.7732,1353.66,803.6937
31.06203,1,1347.06,801.0181,1350.36,802.356
31.07864,1,1343.029,798.9175,1346.694,800.6367
31.10981,1,1339.496,797.1191,1343.095,798.8779
31.12635,1,1339.496,797.1191,1341.296,797.9985
31.1477,1,1336.448,795.3284,1338.872,796.6635
31.17626,1,1333.66,793.3348,1336.266,794.9991
31.19404,1,1330.938,791.5856,1333.602,793.2924
31.21136,1,1330.938,791.5856,1332.27,792.439
31.23147,1,1330.252,789.0476,1331.261,790.7433
31.24959,1,1330.252,789.0476,1330.756,789.8954
31.26176,1,1328.7,786.1577,1329.728,788.0266
31.26862,1,1328.7,786.1577,1329.214,787.0922
31.28066,1,1328.7,786.1577,1328.957,786.6249
31.29628,1,1326.351,781.7515,1327.654,784.1882
31.30061,1,1326.351,781.7515,1327.002,782.9698
31.32286,1,1324.573,777.8069,1325.788,780.3884
31.34871,1,1323.939,776.152,1324.863,778.2702
31.36679,1,1323.939,776.152,1324.401,777.2111
31.38153,1,1322.518,774.148,1323.459,775.6796
31.41028,1,1319.987,770.9418,1321.723,773.3107
31.41477,1,1319.987,770.9418,1320.855,772.1262
31.41928,1,1319.987,770.9418,1320.421,771.534
31.42447,1,1319.987,770.9418,1320.204,771.2379
31.44596,1,1316.821,767.116,1318.512,769.177
31.45159,1,1316.821,767.116,1317.667,768.1465
31.45724,1,1316.821,767.116,1317.244,767.6312
31.46332,1,1316.821,767.116,1317.032,767.3737
31.46956,1,1313.475,762.7354,1315.253,765.0545
31.47692,1,1313.475,762.7354,1314.364,763.8949
31.48146,1,1313.475,762.7354,1313.919,763.3151
31.48808,1,1313.475,762.7354,1313.697,763.0253
31.497,1,1310.725,758.9161,1312.211,760.9707
31.50183,1,1310.725,758.9161,1311.468,759.9434
31.50991,1,1310.725,758.9161,1311.097,759.4297
31.51427,1,1310.725,758.9161,1310.911,759.1729
31.51893,1,1310.725,758.9161,1310.818,759.0444
31.52974,1,1308.952,755.6351,1309.885,757.3397
31.53454,1,1308.952,755.6351,1309.419,756.4874
31.54511,1,1308.952,755.6351,1309.185,756.0613
31.55098,1,1308.952,755.6351,1309.069,755.8481
31.5622,1,1306.755,752.9401,1307.912,754.3941
31.57268,1,1306.755,752.9401,1307.333,753.6671
31.5778,1,1306.755,752.9401,1307.044,753.3036
31.58235,1,1306.755,752.9401,1306.9,753.1218
31.59271,1,1305.872,750.2063,1306.386,751.6641
31.59707,1,1305.872,750.2063,1306.129,750.9352
31.61164,1,1305.872,750.2063,1306.001,750.5707
31.63041,1,1304.356,746.2994,1305.178,748.4351
31.65241,1,1302.23,742.2476,1303.704,745.3413
31.66809,1,1302.23,742.2476,1302.967,743.7944
31.70132,1,1300.539,739.6126,1301.753,741.7035
31.71548,1,1298.095,736.8056,1299.924,739.2545
31.72052,1,1298.095,736.8056,1299.01,738.03
31.73282,1,1298.095,736.8056,1298.552,737.4178
31.73771,1,1295.756,732.757,1297.154,735.0874
31.75291,1,1295.756,732.757,1296.455,733.9222
31.7705,1,1293.242,729.3005,1294.848,731.6113
31.79803,1,1291.17,726.6189,1293.009,729.1151
31.8155,1,1291.17,726.6189,1292.09,727.867
31.83232,1,1289.884,724.6794,1290.987,726.2732
31.8509,1,1289.884,724.6794,1290.435,725.4763
31.86471,1,1289.25,723.4141,1289.843,724.4452
31.86956,1,1289.25,723.4141,1289.546,723.9296
31.87443,1,1289.25,723.4141,1289.398,723.6719
31.8789,1,1289.25,723.4141,1289.324,723.543
31.90953,1,1288.831,722.271,1289.078,722.907
31.92375,1,1288.026,721.3516,1288.552,722.1293
31.92854,1,1288.026,721.3516,1288.289,721.7404
31.93271,1,1288.026,721.3516,1288.158,721.546
31.9378,1,1288.026,721.3516,1288.092,721.4488
31.94511,1,1288.026,721.3516,1288.059,721.4001
31.95021,1,1287.005,720.5815,1287.532,720.9908
31.95647,1,1287.005,720.5815,1287.268,720.7861
31.97009,1,1287.005,720.5815,1287.136,720.6838
31.98159,1,1286.467,720.368,1286.802,720.5259
31.98663,1,1286.467,720.368,1286.635,720.447
31.99988,1,1286.467,720.368,1286.551,720.4075
32.01393,1,1286.463,720.1161,1286.507,720.2618
32.03128,1,1286.463,720.1161,1286.485,720.189
32.04429,1,1286.3,719.9833,1286.392,720.0861
32.0503,1,1286.3,719.9833,1286.346,720.0347
32.06345,1,1286.3,719.9833,1286.323,720.009
32.07751,1,1285.741,719.2462,1286.032,719.6276
32.09261,1,1285.741,719.2462,1285.886,719.4369
32.11111,1,1284.59,718.2292,1285.238,718.8331
32.12661,1,1284.59,718.2292,1284.914,718.5311
32.1469,1,1279.967,714.5186,1282.441,716.5249
32.16421,1,1274.798,710.0873,1278.62,713.3062
32.18137,1,1274.798,710.0873,1276.709,711.6968
32.19656,1,1269.482,705.9651,1273.095,708.8309
32.21417,1,1269.482,705.9651,1271.288,707.3981
32.24324,1,1264.321,701.929,1267.805,704.6636
32.26385,1,1260.293,699.0868,1264.049,701.8752
32.28202,1,1257.123,696.7855,1260.586,699.3303
32.30036,1,1257.123,696.7855,1258.854,698.0579
32.327,1,1253.79,693.744,1256.322,695.9009
32.3424,1,1250.985,692.2416,1253.654,694.0713
32.36044,1,1250.985,692.2416,1252.32,693.1564
32.3792,1,1248.413,691.0005,1250.366,692.0785
32.39731,1,1248.413,691.0005,1249.39,691.5396
32.41431,1,1246.022,690.074,1247.706,690.8068
32.43257,1,1244.247,689.4212,1245.976,690.114
32.45266,1,1244.247,689.4212,1245.111,689.7676
32.47283,1,1243.442,689.7805,1244.277,689.774
32.49078,1,1243.442,689.7805,1243.859,689.7773
32.50193,1,1242.612,690.0137,1243.235,689.8955
32.51859,1,1242.612,690.0137,1242.924,689.9546
32.53218,1,1241.747,689.882,1242.335,689.9183
32.54427,1,1241.747,689.882,1242.041,689.9001
32.54969,1,1241.747,689.882,1241.894,689.8911
32.56173,1,1240.946,689.3972,1241.42,689.6442
32.57742,1,1240.946,689.3972,1241.183,689.5207
32.59582,1,1240,688.5877,1240.591,689.0542
32.61976,1,1239.217,687.766,1239.904,688.4101
32.6466,1,1238.673,687.2257,1239.289,687.8179
32.6532,1,1238.673,687.2257,1238.981,687.5218
32.6577,1,1238.673,687.2257,1238.827,687.3738
32.66911,1,1238.673,687.2257,1238.75,687.2997
32.68395,1,1238.019,686.5181,1238.385,686.9089
32.69083,1,1238.019,686.5181,1238.202,686.7135
32.70699,1,1237.622,685.5945,1237.912,686.154
32.73793,1,1243.338,685.3629,1240.625,685.7584
32.7543,1,1243.338,685.3629,1241.982,685.5607
32.76775,1,1257.261,686.1849,1249.622,685.8728
32.77354,1,1257.261,686.1849,1253.441,686.0289
32.7783,1,1257.261,686.1849,1255.351,686.1069
32.79519,1,1276.375,688.0727,1265.863,687.0898
32.81602,1,1276.375,688.0727,1271.119,687.5813
32.84596,1,1296.122,689.3187,1283.62,688.45
32.86283,1,1314.366,689.1801,1298.993,688.8151
32.86784,1,1314.366,689.1801,1306.679,688.9976
32.87347,1,1314.366,689.1801,1310.522,689.0889
32.88941,1,1301.88,668.9723,1306.201,679.0306
32.90691,1,1301.88,668.9723,1304.04,674.0015
32.92072,1,1209.793,563.2431,1256.917,618.6223
32.94414,1,1209.793,563.2431,1233.355,590.9327
32.96214,1,1085.351,448.3636,1159.353,519.6482
32.98053,1,1017.27,287.9677,1088.311,403.808
32.99995,1,1017.27,287.9677,1052.79,345.8878
33.01517,1,992.0634,184.6659,1022.427,265.2769
33.03323,1,992.0634,184.6659,1007.245,224.9714
33.05158,1,979.2703,140.8776,993.2577,182.9245
33.06687,1,974.1984,120.8372,983.728,151.8808
33.08195,1,974.1984,120.8372,978.9632,136.359
33.09947,1,971.4197,110.339,975.1915,123.349
33.11501,1,971.4197,110.339,973.3056,116.844
33.13132,1,970.9403,104.0563,972.1229,110.4501
33.16104,1,967.5874,99.04799,969.8552,104.7491
33.17863,1,967.5874,99.04799,968.7213,101.8985
33.19337,1,944.8134,103.1066,956.7673,102.5025
33.19714,1,944.8134,103.1066,950.7904,102.8046
33.20381,1,944.8134,103.1066,947.8019,102.9556
33.21655,1,879.4086,140.1767,913.6052,121.5661
33.22979,1,879.4086,140.1767,896.507,130.8714
33.2353,1,879.4086,140.1767,887.9578,135.5241
33.26186,1,785.1647,202.9228,836.5612,169.2234
33.26775,1,785.1647,202.9228,810.8629,186.0732
33.27814,1,697.3194,264.9551,754.0912,225.5141
33.29474,1,697.3194,264.9551,725.7053,245.2346
33.31001,1,630.8823,314.5443,678.2938,279.8895
33.31427,1,630.8823,314.5443,654.588,297.2169
33.31811,1,630.8823,314.5443,642.7351,305.8806
33.32356,1,630.8823,314.5443,636.8087,310.2125
33.32858,1,630.8823,314.5443,633.8455,312.3784
33.34315,1,592.5564,342.8805,613.2009,327.6294
33.36084,1,592.5564,342.8805,602.8787,335.2549
33.39702,1,572.2161,360.0915,587.5474,347.6732
33.41408,1,520.3528,402.3962,553.9501,375.0347
33.43413,1,400.9098,519.9065,477.4299,447.4706
33.46379,1,310.5374,608.1411,393.9837,527.8058
33.49419,1,262.9786,653.2681,328.4811,590.5369
33.5106,1,262.9786,653.2681,295.7299,621.9025
33.52643,1,236.186,679.5429,265.9579,650.7227
33.53094,1,236.186,679.5429,251.0719,665.1328
33.5476,1,236.186,679.5429,243.6289,672.3379
33.57787,1,218.6729,695.8788,231.1509,684.1083
33.59879,1,207.1551,708.1304,219.153,696.1194
33.62728,1,198.6247,717.5964,208.8889,706.8579
33.64608,1,191.9612,725.5928,200.425,716.2253
33.66611,1,191.9612,725.5928,196.1931,720.9091
33.67835,1,186.9108,729.6533,191.552,725.2812
33.68248,1,186.9108,729.6533,189.2314,727.4673
33.688,1,186.9108,729.6533,188.0711,728.5603
33.69593,1,186.9108,729.6533,187.491,729.1068
33.69987,1,186.9108,729.6533,187.2009,729.3801
33.70991,1,182.9112,733.034,185.0561,731.207
33.71428,1,182.9112,733.034,183.9837,732.1205
33.72813,1,182.9112,733.034,183.4474,732.5773
33.73277,1,176.4873,735.2523,179.9674,733.9148
33.74796,1,176.4873,735.2523,178.2274,734.5835
33.765,1,164.2461,739.1219,171.2367,736.8527
33.79671,1,153.2899,743.283,162.2633,740.0679
33.81557,1,153.2899,743.283,157.7766,741.6754
33.82929,1,145.2667,748.0806,151.5217,744.878
33.83331,1,145.2667,748.0806,148.3942,746.4792
33.83877,1,145.2667,748.0806,146.8304,747.2799
33.84293,1,145.2667,748.0806,146.0485,747.6802
33.85651,1,136.4732,753.2738,141.2609,750.4771
33.86108,1,136.4732,753.2738,138.8671,751.8754
33.87705,1,136.4732,753.2738,137.6702,752.5746
33.89008,1,127.3159,758.5468,132.493,755.5607
33.9054,1,127.3159,758.5468,129.9045,757.0537
33.91621,1,137.9395,742.0404,133.922,749.5471
33.92277,1,137.9395,742.0404,135.9307,745.7937
33.93445,1,137.9395,742.0404,136.9351,743.9171
33.94907,1,137.9395,742.0404,137.4373,742.9788
33.95448,1,137.9395,742.0404,137.6884,742.5096
33.98397,1,581.0393,717.6193,359.3638,730.0645
34.00596,1,1025.536,765.0865,692.45,747.5755
34.03693,1,1299.83,810.3674,996.14,778.9714
34.05659,1,1299.83,810.3674,1147.985,794.6694
34.08875,1,1412.791,830.233,1280.388,812.4512
34.10135,1,1457.728,834.526,1369.058,823.4886
34.11226,1,1457.728,834.526,1413.393,829.0073
34.11626,1,1457.728,834.526,1435.561,831.7667
34.12248,1,1457.728,834.526,1446.645,833.1464
34.13058,1,1475.968,832.2097,1461.306,832.678
34.13459,1,1475.968,832.2097,1468.637,832.4438
34.14035,1,1475.968,832.2097,1472.303,832.3268
34.14891,1,1475.968,832.2097,1474.135,832.2682
34.15511,1,1481.534,826.7235,1477.835,829.4958
34.16116,1,1481.534,826.7235,1479.684,828.1097
34.16522,1,1481.534,826.7235,1480.609,827.4166
34.17149,1,1481.534,826.7235,1481.072,827.0701
34.1797,1,1481.534,826.7235,1481.303,826.8968
34.18403,1,1481.534,826.7235,1481.418,826.8102
34.19426,1,1482.4,819.0632,1481.909,822.9366
34.19888,1,1482.4,819.0632,1482.155,820.9999
34.21139,1,1482.4,819.0632,1482.277,820.0315
34.21657,1,1483.505,812.4821,1482.891,816.2568
34.23301,1,1483.505,812.4821,1483.198,814.3694
34.24702,1,1482.606,805.949,1482.902,810.1592
34.26124,1,1482.606,805.949,1482.754,808.0541
34.29374,1,1482.993,800.2063,1482.873,804.1302
34.30973,1,1496.303,814.4575,1489.588,809.2938
34.31448,1,1496.303,814.4575,1492.945,811.8756
34.31886,1,1496.303,814.4575,1494.624,813.1665
34.33208,1,1496.303,814.4575,1495.463,813.812
34.33781,1,1511.813,835.3926,1503.638,824.6023
34.34773,1,1511.813,835.3926,1507.726,829.9974
34.35312,1,1511.813,835.3926,1509.77,832.695
34.36305,1,1511.813,835.3926,1510.791,834.0438
34.36896,1,1525.115,851.6973,1517.953,842.8705
34.37996,1,1525.115,851.6973,1521.534,847.2839
34.38495,1,1525.115,851.6973,1523.324,849.4906
34.39595,1,1534.472,863.7216,1528.898,856.6061
34.40126,1,1534.472,863.7216,1531.685,860.1638
34.40723,1,1534.472,863.7216,1533.079,861.9427
34.4118,1,1534.472,863.7216,1533.775,862.8322
34.41679,1,1534.472,863.7216,1534.124,863.2769
34.42537,1,1540.694,873.4808,1537.409,868.3788
34.43074,1,1540.694,873.4808,1539.052,870.9298
34.44235,1,1540.694,873.4808,1539.873,872.2053
34.45827,1,1544.737,879.1326,1542.305,875.6689
34.46335,1,1544.737,879.1326,1543.521,877.4008
34.48087,1,1544.737,879.1326,1544.129,878.2667
34.51237,1,1546.112,883.7916,1545.121,881.0292
34.52756,1,1546.43,888.101,1545.775,884.5651
34.53229,1,1546.43,888.101,1546.103,886.333
34.53846,1,1546.43,888.101,1546.266,887.217
34.56018,1,1548.479,892.5103,1547.373,889.8636
34.59323,1,1551.831,899.8477,1549.602,894.8557
34.61304,1,1555.858,908.6769,1552.73,901.7664
34.63074,1,1555.858,908.6769,1554.294,905.2217
34.65051,1,1560.93,918.1431,1557.612,911.6824
34.675,1,1566.559,928.8276,1562.085,920.255
34.67993,1,1566.559,928.8276,1564.322,924.5413
34.69099,1,1566.559,928.8276,1565.44,926.6844
34.69534,1,1566.559,928.8276,1566,927.756
34.71157,1,1575.415,925.8298,1570.708,926.793
34.716,1,1575.415,925.8298,1573.062,926.3114
34.72083,1,1575.415,925.8298,1574.239,926.0706
34.72638,1,1575.415,925.8298,1574.827,925.9502
34.74102,1,1575.415,925.8298,1575.121,925.89
34.74704,1,1575.415,925.8298,1575.268,925.8599
34.76086,1,1575.415,925.8298,1575.342,925.8448
34.76511,1,1575.415,925.8298,1575.379,925.8373
34.77084,1,1575.415,925.8298,1575.397,925.8336
34.77582,1,1575.415,925.8298,1575.406,925.8317
34.79188,1,1001.929,975.1889,1288.667,950.5103
34.80759,1,1001.929,975.1889,1145.298,962.8496
34.81327,1,1001.929,975.1889,1073.613,969.0193
34.81751,1,1001.929,975.1889,1037.771,972.1041
34.82377,1,1263.557,950.903,1150.664,961.5035
34.83336,1,1263.557,950.903,1207.111,956.2032
34.83946,1,1263.557,950.903,1235.334,953.5531
34.84695,1,1263.557,950.903,1249.445,952.228
34.85198,1,1350.356,958.4885,1299.901,955.3583
34.86448,1,1350.356,958.4885,1325.128,956.9233
34.87093,1,1350.356,958.4885,1337.742,957.7059
34.88271,1,1455.013,966.0607,1396.377,961.8833
34.9018,1,1455.013,966.0607,1425.695,963.972
34.93298,1,1524.693,970.6448,1475.194,967.3084
34.94722,1,1562.981,973.4827,1519.087,970.3956
34.967,1,1562.981,973.4827,1541.034,971.9391
34.97873,1,1583.719,975.5711,1562.377,973.7551
34.9929,1,1583.719,975.5711,1573.048,974.6631
35.01242,1,1594.451,977.1833,1583.749,975.9232
35.02923,1,1594.451,977.1833,1589.1,976.5532
35.05885,1,1599.589,977.7751,1594.344,977.1642
35.07736,1,1602.48,978.1165,1598.412,977.6403
35.08987,1,1602.48,978.1165,1600.446,977.8784
35.09508,1,1605.357,977.6711,1602.901,977.7748
35.09934,1,1605.357,977.6711,1604.129,977.723
35.10454,1,1605.357,977.6711,1604.743,977.697
35.1153,1,1605.357,977.6711,1605.05,977.6841
35.12068,1,1607.377,977.0541,1606.214,977.3691
35.12833,1,1607.377,977.0541,1606.795,977.2117
35.13298,1,1607.377,977.0541,1607.086,977.1329
35.13777,1,1607.377,977.0541,1607.232,977.0935
35.14696,1,1607.377,977.0541,1607.304,977.0739
35.15098,1,1613.799,972.4776,1610.552,974.7758
35.15998,1,1613.799,972.4776,1612.175,973.6267
35.1646,1,1613.799,972.4776,1612.987,973.0521
35.17059,1,1613.799,972.4776,1613.393,972.7649
35.19238,1,1618.766,968.0732,1616.08,970.4191
35.19769,1,1618.766,968.0732,1617.423,969.2461
35.2022,1,1618.766,968.0732,1618.095,968.6597
35.21522,1,1622.308,963.0538,1620.202,965.8567
35.22004,1,1622.308,963.0538,1621.255,964.4552
35.23388,1,1622.308,963.0538,1621.782,963.7545
35.23949,1,1622.308,963.0538,1622.045,963.4042
35.24442,1,1624.882,957.8168,1623.463,960.6105
35.25047,1,1624.882,957.8168,1624.173,959.2136
35.26093,1,1624.882,957.8168,1624.527,958.5152
35.27814,1,1626.605,952.597,1625.566,955.5562
35.2963,1,1626.605,952.597,1626.086,954.0766
35.31039,1,1627.862,946.3021,1626.974,950.1893
35.32674,1,1627.862,946.3021,1627.418,948.2457
35.3392,1,1628.415,939.5209,1627.917,943.8833
35.34692,1,1628.415,939.5209,1628.166,941.7021
35.35139,1,1628.415,939.5209,1628.291,940.6116
35.3571,1,1628.415,939.5209,1628.353,940.0663
35.36407,1,1628.069,932.9116,1628.211,936.4889
35.37041,1,1628.069,932.9116,1628.14,934.7002
35.3765,1,1628.069,932.9116,1628.105,933.8059
35.38096,1,1628.069,932.9116,1628.087,933.3588
35.38815,1,1628.069,932.9116,1628.078,933.1351
35.39323,1,1628.611,926.1981,1628.345,929.6666
35.39764,1,1628.611,926.1981,1628.478,927.9324
35.40895,1,1628.611,926.1981,1628.545,927.0652
35.41375,1,1628.611,926.1981,1628.578,926.6317
35.41894,1,1628.611,926.1981,1628.595,926.4149
35.43067,1,1629.401,919.2001,1628.998,922.8075
35.4426,1,1629.401,919.2001,1629.199,921.0038
35.4482,1,1629.401,919.2001,1629.3,920.1019
35.4613,1,1629.369,914.3169,1629.334,917.2094
35.47777,1,1629.369,914.3169,1629.352,915.7632
35.49962,1,1629.647,910.5925,1629.5,913.1779
35.52953,1,1630.73,907.2615,1630.115,910.2197
35.54343,1,1632.341,903.8701,1631.228,907.0449
35.54839,1,1632.341,903.8701,1631.785,905.4575
35.553,1,1632.341,903.8701,1632.063,904.6638
35.56088,1,1632.341,903.8701,1632.202,904.2669
35.56526,1,1632.341,903.8701,1632.272,904.0685
35.57123,1,1632.341,903.8701,1632.307,903.9692
35.57855,1,1633.906,900.8979,1633.106,902.4336
35.58279,1,1633.906,900.8979,1633.506,901.6658
35.58875,1,1633.906,900.8979,1633.706,901.2819
35.59518,1,1633.906,900.8979,1633.806,901.0898
35.5994,1,1633.906,900.8979,1633.856,900.9939
35.60475,1,1635.23,898.0032,1634.543,899.4985
35.61308,1,1635.23,898.0032,1634.887,898.7509
35.61774,1,1635.23,898.0032,1635.059,898.3771
35.62908,1,1635.23,898.0032,1635.145,898.1902
35.6337,1,1635.23,898.0032,1635.188,898.0967
35.64264,1,1637.186,895.0638,1636.187,896.5803
35.64781,1,1637.186,895.0638,1636.687,895.822
35.65713,1,1637.186,895.0638,1636.937,895.4429
35.66196,1,1637.186,895.0638,1637.062,895.2534
35.66856,1,1640.023,892.3842,1638.542,893.8188
35.67687,1,1640.023,892.3842,1639.283,893.1014
35.68123,1,1640.023,892.3842,1639.653,892.7428
35.69564,1,1642.453,890.4409,1641.053,891.5918
35.71284,1,1642.453,890.4409,1641.753,891.0164
35.74351,1,1644.508,889.2167,1643.13,890.1166
35.76031,1,1646.898,888.5264,1645.014,889.3215
35.77929,1,1646.898,888.5264,1645.956,888.924
35.7942,1,1650.254,887.7684,1648.105,888.3462
35.79886,1,1650.254,887.7684,1649.18,888.0573
35.80411,1,1650.254,887.7684,1649.717,887.9128
35.81297,1,1650.254,887.7684,1649.986,887.8406
35.81769,1,1654.187,886.5854,1652.086,887.213
35.82351,1,1654.187,886.5854,1653.136,886.8992
35.83453,1,1654.187,886.5854,1653.661,886.7423
35.84181,1,1654.187,886.5854,1653.924,886.6639
35.84743,1,1658.127,884.4818,1656.025,885.5728
35.85181,1,1658.127,884.4818,1657.076,885.0273
35.86533,1,1658.127,884.4818,1657.602,884.7545
35.88233,1,1663.814,881.9449,1660.708,883.3497
35.90098,1,1663.814,881.9449,1662.261,882.6473
35.91411,1,1669.45,879.6967,1665.855,881.172
35.92878,1,1669.45,879.6967,1667.652,880.4343
35.94118,1,1675.171,877.9056,1671.412,879.17
35.94709,1,1675.171,877.9056,1673.292,878.5378
35.96157,1,1675.171,877.9056,1674.231,878.2217
35.97894,1,1682.086,875.9596,1678.159,877.0907
35.99474,1,1682.086,875.9596,1680.123,876.5251
36.01422,1,1687.671,876.3755,1683.897,876.4503
36.03201,1,1692.065,876.4474,1687.981,876.4489
36.04979,1,1692.065,876.4474,1690.023,876.4481
36.07633,1,1695.938,876.1813,1692.981,876.3147
36.08339,1,1695.938,876.1813,1694.46,876.248
36.09529,1,1699.869,876.537,1697.164,876.3925
36.09959,1,1699.869,876.537,1698.517,876.4647
36.10506,1,1699.869,876.537,1699.193,876.5009
36.11178,1,1699.869,876.537,1699.531,876.5189
36.11597,1,1699.869,876.537,1699.7,876.528
36.12076,1,1703.646,876.5229,1701.673,876.5254
36.12785,1,1703.646,876.5229,1702.659,876.5242
36.13213,1,1703.646,876.5229,1703.153,876.5236
36.13908,1,1703.646,876.5229,1703.399,876.5232
36.1686,1,1706.676,875.5841,1705.037,876.0536
36.18456,1,1710.19,874.6884,1707.614,875.371
36.21714,1,1714.239,874.3652,1710.926,874.8681
36.22248,1,1714.239,874.3652,1712.583,874.6167
36.22816,1,1714.239,874.3652,1713.411,874.491
36.24197,1,1718.31,874.5279,1715.86,874.5094
36.25826,1,1718.31,874.5279,1717.085,874.5187
36.27261,1,1721.747,874.7557,1719.416,874.6372
36.29215,1,1721.747,874.7557,1720.582,874.6964
36.30483,1,1725.239,874.3394,1722.911,874.5179
36.32385,1,1725.239,874.3394,1724.075,874.4287
36.33929,1,1729.041,873.5277,1726.558,873.9782
36.35018,1,1729.041,873.5277,1727.799,873.7529
36.35548,1,1729.041,873.5277,1728.42,873.6403
36.3634,1,1733.401,873.209,1730.91,873.4247
36.36881,1,1733.401,873.209,1732.156,873.3168
36.37636,1,1733.401,873.209,1732.778,873.2629
36.38078,1,1733.401,873.209,1733.09,873.236
36.38531,1,1733.401,873.209,1733.245,873.2225
36.39378,1,1738.023,873.4626,1735.634,873.3425
36.39829,1,1738.023,873.4626,1736.829,873.4026
36.40356,1,1738.023,873.4626,1737.426,873.4326
36.41452,1,1738.023,873.4626,1737.724,873.4476
36.42307,1,1741.724,872.5786,1739.724,873.0131
36.42863,1,1741.724,872.5786,1740.724,872.7958
36.43308,1,1741.724,872.5786,1741.224,872.6871
36.44724,1,1741.724,872.5786,1741.474,872.6328
36.46045,1,1744.348,871.055,1742.911,871.8439
36.46692,1,1744.348,871.055,1743.629,871.4495
36.48341,1,1747.034,869.2381,1745.332,870.3438
36.51083,1,1749.517,868.7092,1747.424,869.5265
36.52813,1,1749.517,868.7092,1748.471,869.1178
36.54701,1,1752.5,869.2831,1750.485,869.2004
36.57448,1,1755.551,870.2507,1753.018,869.7256
36.59441,1,1755.551,870.2507,1754.285,869.9882
36.5993,1,1755.551,870.2507,1754.918,870.1194
36.605,1,1758.178,871.1735,1756.548,870.6465
36.61304,1,1758.178,871.1735,1757.363,870.91
36.61781,1,1758.178,871.1735,1757.77,871.0417
36.62629,1,1758.178,871.1735,1757.974,871.1076
36.63113,1,1760.188,872.1569,1759.081,871.6323
36.63657,1,1760.188,872.1569,1759.634,871.8946
36.6467,1,1760.188,872.1569,1759.911,872.0258
36.65172,1,1760.188,872.1569,1760.049,872.0913
36.66313,1,1759.623,872.9036,1759.836,872.4974
36.66857,1,1759.623,872.9036,1759.73,872.7005
36.68053,1,1759.623,872.9036,1759.676,872.802
36.68511,1,1759.623,872.9036,1759.65,872.8528
36.69901,1,1757.837,874.9243,1758.743,873.8885
36.71848,1,1757.837,874.9243,1758.29,874.4064
36.73336,1,1756.652,876.5688,1757.471,875.4876
36.75939,1,1754.88,878.6284,1756.176,877.058
36.7773,1,1754.88,878.6284,1755.528,877.8431
36.79903,1,1752.787,880.5103,1754.157,879.1768
36.81683,1,1750.918,881.9933,1752.537,880.5851
36.82155,1,1750.918,881.9933,1751.728,881.2892
36.83277,1,1750.918,881.9933,1751.323,881.6412
36.83802,1,1750.918,881.9933,1751.12,881.8173
36.85071,1,1749.147,883.1873,1750.134,882.5023
36.85585,1,1749.147,883.1873,1749.64,882.8448
36.87008,1,1749.147,883.1873,1749.394,883.0161
36.88772,1,1747.395,884.6066,1748.394,883.8114
36.90462,1,1746.054,885.3409,1747.224,884.5762
36.93539,1,1743.852,885.413,1745.538,884.9946
36.95412,1,1743.852,885.413,1744.695,885.2039
36.97314,1,1741.577,885.5083,1743.136,885.3561
36.99913,1,1739.854,886.0441,1741.495,885.7001
37.0045,1,1739.854,886.0441,1740.675,885.8721
37.01053,1,1739.854,886.0441,1740.265,885.9581
37.01933,1,1739.854,886.0441,1740.06,886.0011
37.02361,1,1738.5,887.4873,1739.28,886.7442
37.03875,1,1738.5,887.4873,1738.89,887.1157
37.05331,1,1738.5,887.4873,1738.695,887.3015
37.07126,1,1735.068,894.1859,1736.882,890.7437
37.10166,1,1730.808,902.6644,1733.845,896.704
37.1116,1,1730.808,902.6644,1732.326,899.6842
37.11608,1,1726.385,909.8101,1729.356,904.7471
37.13876,1,1726.385,909.8101,1727.871,907.2786
37.14862,1,1722.802,915.0349,1725.336,911.1567
37.1597,1,1722.802,915.0349,1724.069,913.0958
37.16453,1,1722.802,915.0349,1723.435,914.0654
37.17738,1,1718.099,919.3194,1720.767,916.6924
37.18195,1,1718.099,919.3194,1719.433,918.0059
37.197,1,1718.099,919.3194,1718.766,918.6626
37.21578,1,1714.74,921.3289,1716.753,919.9957
37.2422,1,1709.793,920.9611,1713.273,920.4784
37.24736,1,1709.793,920.9611,1711.533,920.7197
37.2522,1,1709.793,920.9611,1710.663,920.8405
37.2577,1,1709.793,920.9611,1710.228,920.9008
37.2695,1,1704.312,921.4835,1707.27,921.1921
37.27468,1,1704.312,921.4835,1705.791,921.3378
37.28219,1,1704.312,921.4835,1705.052,921.4106
37.28793,1,1704.312,921.4835,1704.682,921.4471
37.29446,1,1704.312,921.4835,1704.497,921.4653
37.29937,1,1701.827,923.6656,1703.162,922.5654
37.30479,1,1701.827,923.6656,1702.495,923.1155
37.31506,1,1701.827,923.6656,1702.161,923.3905
37.32082,1,1701.827,923.6656,1701.994,923.5281
37.33102,1,1699.285,925.3736,1700.64,924.4508
37.33657,1,1699.285,925.3736,1699.962,924.9122
37.34256,1,1699.285,925.3736,1699.624,925.1429
37.34769,1,1699.285,925.3736,1699.454,925.2583
37.35712,1,1695.936,927.5129,1697.695,926.3856
37.36255,1,1695.936,927.5129,1696.815,926.9492
37.36762,1,1695.936,927.5129,1696.375,927.2311
37.37318,1,1695.936,927.5129,1696.156,927.3719
37.37757,1,1695.936,927.5129,1696.046,927.4424
37.38325,1,1695.936,927.5129,1695.991,927.4777
37.39226,1,1692.079,930.0755,1694.035,928.7766
37.39687,1,1692.079,930.0755,1693.057,929.426
37.4017,1,1692.079,930.0755,1692.568,929.7507
37.40733,1,1692.079,930.0755,1692.324,929.9131
37.41283,1,1692.079,930.0755,1692.202,929.9943
37.4241,1,1687.736,931.5819,1689.969,930.7881
37.44251,1,1687.736,931.5819,1688.853,931.185
37.46785,1,1682.879,931.9309,1685.866,931.558
37.49695,1,1677.947,932.6992,1681.906,932.1285
37.52537,1,1673.521,934.5292,1677.714,933.3289
37.53052,1,1673.521,934.5292,1675.618,933.9291
37.53492,1,1673.521,934.5292,1674.569,934.2291
37.54276,1,1670.066,936.5068,1672.318,935.368
37.54889,1,1670.066,936.5068,1671.192,935.9374
37.55421,1,1670.066,936.5068,1670.629,936.2221
37.56401,1,1670.066,936.5068,1670.348,936.3645
37.56982,1,1667.102,937.8841,1668.725,937.1243
37.57952,1,1667.102,937.8841,1667.913,937.5042
37.58387,1,1667.102,937.8841,1667.507,937.6941
37.596,1,1667.102,937.8841,1667.304,937.7891
37.60078,1,1663.243,938.3061,1665.274,938.0476
37.61206,1,1663.243,938.3061,1664.258,938.1769
37.61708,1,1663.243,938.3061,1663.751,938.2415
37.62752,1,1663.243,938.3061,1663.497,938.2738
37.63329,1,1658.564,937.8306,1661.03,938.0522
37.64314,1,1658.564,937.8306,1659.797,937.9414
37.64916,1,1658.564,937.8306,1659.181,937.886
37.66144,1,1654.092,936.2137,1656.636,937.0498
37.68036,1,1654.092,936.2137,1655.364,936.6317
37.71378,1,1650.339,935.4202,1652.851,936.026
37.73028,1,1647.356,935.1605,1650.104,935.5933
37.76289,1,1644.5,934.882,1647.302,935.2377
37.78013,1,1641.523,934.9318,1644.412,935.0847
37.81352,1,1638.996,934.7216,1641.704,934.9032
37.82986,1,1638.996,934.7216,1640.35,934.8124
37.85477,1,1636.472,934.338,1638.411,934.5752
37.8594,1,1636.472,934.338,1637.442,934.4566
37.86335,1,1636.472,934.338,1636.957,934.3973
37.87671,1,1634.416,933.9194,1635.687,934.1584
37.88137,1,1634.416,933.9194,1635.051,934.0389
37.89764,1,1634.416,933.9194,1634.733,933.9792
37.9157,1,1631.595,935.2835,1633.164,934.6313
37.94326,1,1627.695,936.9458,1630.43,935.7886
37.96316,1,1623.88,938.9988,1627.155,937.3937
37.99437,1,1620.376,941.9083,1623.765,939.651
38.01391,1,1620.376,941.9083,1622.071,940.7797
38.04475,1,1618.513,944.5053,1620.292,942.6425
38.05891,1,1575.6,948.3649,1597.946,945.5037
38.06309,1,1575.6,948.3649,1586.773,946.9343
38.06773,1,1575.6,948.3649,1581.186,947.6497
38.07972,1,1575.6,948.3649,1578.393,948.0073
38.08372,1,1377.028,948.4532,1477.711,948.2303
38.09538,1,1377.028,948.4532,1427.369,948.3418
38.09996,1,1377.028,948.4532,1402.199,948.3975
38.11523,1,988.2845,914.5823,1195.242,931.4899
38.12943,1,988.2845,914.5823,1091.763,923.0361
38.14302,1,652.8218,882.9264,872.2925,902.9813
38.149,1,652.8218,882.9264,762.5571,892.9539
38.1638,1,652.8218,882.9264,707.6895,887.9401
38.19646,1,504.7452,867.978,606.2173,877.959
38.2129,1,445.9433,858.4681,526.0803,868.2136
38.21837,1,445.9433,858.4681,486.0118,863.3408
38.22434,1,445.9433,858.4681,465.9776,860.9044
38.24195,1,422.0084,848.9222,443.993,854.9133
38.25848,1,422.0084,848.9222,433.0007,851.9178
38.26761,1,409.4233,844.9298,421.212,848.4238
38.27367,1,409.4233,844.9298,415.3176,846.6768
38.28199,1,409.4233,844.9298,412.3705,845.8033
38.28777,1,409.4233,844.9298,410.8969,845.3666
38.29597,1,404.3196,841.9745,407.6082,843.6705
38.30022,1,404.3196,841.9745,405.9639,842.8225
38.30943,1,404.3196,841.9745,405.1417,842.3986
38.31396,1,404.3196,841.9745,404.7307,842.1865
38.31853,1,404.3196,841.9745,404.5251,842.0806
38.32654,1,320.5275,756.5681,362.5263,799.3243
38.3314,1,320.5275,756.5681,341.5269,777.9462
38.33675,1,320.5275,756.5681,331.0272,767.2572
38.34731,1,320.5275,756.5681,325.7773,761.9127
38.35214,1,320.5275,756.5681,323.1524,759.2404
38.36163,1,237.927,676.0886,280.5397,717.6644
38.36778,1,237.927,676.0886,259.2333,696.8765
38.37707,1,237.927,676.0886,248.5801,686.4825
38.38154,1,237.927,676.0886,243.2535,681.2855
38.39268,1,199.3167,629.9954,221.2851,655.6404
38.39748,1,199.3167,629.9954,210.3009,642.8179
38.4104,1,199.3167,629.9954,204.8088,636.4066
38.41576,1,182.7833,602.3875,193.796,619.3971
38.43234,1,182.7833,602.3875,188.2897,610.8923
38.44829,1,173.8575,589.4173,181.0736,600.1548
38.4781,1,234.935,551.8618,208.0043,576.0083
38.49791,1,234.935,551.8618,221.4696,563.9351
38.51505,1,234.935,551.8618,228.2023,557.8984
38.5313,1,234.935,551.8618,231.5686,554.8801
38.54787,1,592.8561,643.2952,412.2124,599.0876
38.5629,1,592.8561,643.2952,502.5343,621.1914
38.58065,1,941.2422,775.3782,721.8882,698.2848
38.59618,1,1202.28,863.5445,962.0839,780.9147
38.6145,1,1202.28,863.5445,1082.182,822.2296
38.62926,1,1327.221,906.4731,1204.702,864.3513
38.65831,1,1381.398,925.3687,1293.05,894.86
38.66401,1,1381.398,925.3687,1337.224,910.1143
38.6787,1,1381.398,925.3687,1359.311,917.7415
38.68407,1,1381.398,925.3687,1370.354,921.5551
38.69167,1,1406.386,935.7786,1388.37,928.6669
38.69659,1,1406.386,935.7786,1397.378,932.2228
38.70151,1,1406.386,935.7786,1401.882,934.0007
38.71297,1,1406.386,935.7786,1404.134,934.8896
38.71773,1,1418.034,938.3194,1411.084,936.6045
38.7231,1,1418.034,938.3194,1414.559,937.4619
38.72864,1,1418.034,938.3194,1416.296,937.8906
38.74333,1,1418.034,938.3194,1417.165,938.105
38.74908,1,1423.817,930.6064,1420.491,934.3557
38.76245,1,1423.817,930.6064,1422.154,932.4811
38.77996,1,1428.821,913.4808,1425.487,922.981
38.81113,1,1445.314,900.7892,1435.401,911.8851
38.84221,1,1460.308,889.1868,1447.854,900.536
38.85867,1,1460.308,889.1868,1454.081,894.8615
38.87379,1,1470.732,880.7653,1462.407,887.8134
38.89866,1,1476.739,871.859,1469.573,879.8362
38.92603,1,1476.739,871.859,1473.156,875.8476
38.94231,1,1480.707,864.0459,1476.931,869.9468
38.96226,1,1481.59,858.3007,1479.26,864.1237
38.99245,1,1481.684,852.2817,1480.472,858.2027
39.0054,1,1481.684,852.2817,1481.078,855.2422
39.01097,1,1481.684,852.2817,1481.381,853.762
39.02632,1,1480.372,845.6948,1480.876,849.7284
39.04317,1,1480.372,845.6948,1480.624,847.7115
39.06702,1,1479.08,840.1269,1479.852,843.9192
39.08426,1,1478.499,834.4588,1479.175,839.189
39.10342,1,1478.499,834.4588,1478.837,836.8239
39.11631,1,1479.001,830.1896,1478.919,833.5067
39.12206,1,1479.001,830.1896,1478.96,831.8481
39.1321,1,1479.001,830.1896,1478.981,831.0189
39.13689,1,1479.001,830.1896,1478.991,830.6042
39.14798,1,1479.383,827.6217,1479.187,829.113
39.15239,1,1479.383,827.6217,1479.285,828.3673
39.16483,1,1479.383,827.6217,1479.334,827.9945
39.18034,1,1478.914,824.844,1479.124,826.4193
39.1853,1,1478.914,824.844,1479.019,825.6316
39.2149,1,1477.966,821.2045,1478.493,823.418
39.23222,1,1477.225,817.6303,1477.859,820.5242
39.24847,1,1477.225,817.6303,1477.542,819.0773
39.27868,1,1476.546,815.9711,1477.044,817.5242
39.29354,1,1475.943,814.5388,1476.494,816.0315
39.31396,1,1475.943,814.5388,1476.219,815.2852
39.32995,1,1475.088,813.1982,1475.653,814.2417
39.36197,1,1473.85,812.3046,1474.752,813.2732
39.39911,1,1473.649,812.0934,1474.2,812.6833
39.4166,1,1473.817,811.7149,1474.009,812.1991
39.43584,1,1473.817,811.7149,1473.913,811.957
39.44806,1,1473.948,811.2884,1473.93,811.6227
39.46121,1,1473.948,811.2884,1473.939,811.4556
39.4685,1,1473.948,811.2884,1473.943,811.3719
39.47983,1,1473.678,810.7405,1473.81,811.0562
39.49543,1,1473.678,810.7405,1473.744,810.8983
39.51224,1,1473.297,810.2488,1473.521,810.5736
39.54279,1,1472.522,809.676,1473.021,810.1248
39.56178,1,1471.435,808.8885,1472.228,809.5067
39.57953,1,1471.435,808.8885,1471.832,809.1976
39.59603,1,1470.571,808.2502,1471.201,808.7239
39.63296,1,1469.929,807.6279,1470.565,808.1759
39.65909,1,1468.928,806.5366,1469.747,807.3562
39.66296,1,1468.928,806.5366,1469.337,806.9464
39.66753,1,1468.928,806.5366,1469.133,806.7415
39.6757,1,1468.928,806.5366,1469.031,806.639
39.68015,1,1468.928,806.5366,1468.979,806.5878
39.68549,1,1467.209,804.9285,1468.094,805.7581
39.7021,1,1467.209,804.9285,1467.652,805.3433
39.71534,1,1465.584,802.9995,1466.618,804.1714
39.73171,1,1465.584,802.9995,1466.101,803.5854
39.7578,1,1463.734,800.8893,1464.917,802.2374
39.76284,1,1463.734,800.8893,1464.325,801.5634
39.76873,1,1463.734,800.8893,1464.03,801.2263
39.77425,1,1461.676,798.4893,1462.853,799.8578
39.77941,1,1461.676,798.4893,1462.265,799.1736
39.79554,1,1461.676,798.4893,1461.97,798.8314
39.7996,1,1461.676,798.4893,1461.823,798.6604
39.80486,1,1459.06,796.0391,1460.442,797.3497
39.81029,1,1459.06,796.0391,1459.751,796.6945
39.82748,1,1459.06,796.0391,1459.405,796.3668
39.84111,1,1457.351,794.6215,1458.378,795.4941
39.85925,1,1457.351,794.6215,1457.864,795.0579
39.87907,1,1447.532,789.7076,1452.698,792.3828
39.91203,1,1447.532,789.7076,1450.115,791.0452
39.92918,1,1440.438,753.2023,1445.277,772.1238
39.95972,1,1448.132,782.8531,1446.704,777.4885
39.99016,1,1449.713,793.5709,1448.209,785.5297
39.99942,1,1449.713,793.5709,1448.961,789.5503
40.01209,1,1449.713,793.5709,1449.337,791.5606
40.0284,1,1452.803,814.4526,1451.07,803.0066
40.04538,1,1457.913,840.2399,1454.491,821.6232
40.06413,1,1457.913,840.2399,1456.202,830.9315
40.09587,1,1466.797,866.9611,1461.5,848.9463
40.11446,1,1475.582,890.5916,1468.541,869.7689
40.13113,1,1475.582,890.5916,1472.061,880.1803
40.1451,1,1482.748,908.8584,1477.405,894.5193
40.14997,1,1482.748,908.8584,1480.076,901.6888
40.15588,1,1482.748,908.8584,1481.412,905.2736
40.16299,1,1482.748,908.8584,1482.08,907.066
40.16834,1,1489.463,923.5289,1485.771,915.2975
40.1762,1,1489.463,923.5289,1487.617,919.4132
40.18088,1,1489.463,923.5289,1488.54,921.4711
40.18686,1,1489.463,923.5289,1489.001,922.5
40.19614,1,1494.625,933.9413,1491.813,928.2206
40.20069,1,1494.625,933.9413,1493.219,931.0809
40.20947,1,1494.625,933.9413,1493.922,932.5111
40.21407,1,1494.625,933.9413,1494.274,933.2262
40.21909,1,1494.625,933.9413,1494.45,933.5837
40.23023,1,1499.735,940.5107,1497.092,937.0472
40.24094,1,1499.735,940.5107,1498.414,938.7789
40.24674,1,1499.735,940.5107,1499.074,939.6448
40.25585,1,1499.735,940.5107,1499.405,940.0778
40.26118,1,1503.238,944.235,1501.321,942.1564
40.27303,1,1503.238,944.235,1502.279,943.1957
40.27838,1,1503.238,944.235,1502.758,943.7153
40.29362,1,1505.644,946.8115,1504.201,945.2634
40.29836,1,1505.644,946.8115,1504.923,946.0375
40.33378,1,1506.948,948.4019,1505.936,947.2197
40.3706,1,1512.553,949.4902,1509.244,948.3549
40.39211,1,1522.772,951.1218,1516.008,949.7383
40.41908,1,1532.061,951.9567,1524.035,950.8475
40.4489,1,1540.218,953.6559,1532.126,952.2517
40.46781,1,1547.991,956.634,1540.059,954.4429
40.49634,1,1547.991,956.634,1544.025,955.5385
40.51298,1,1554.621,959.3163,1549.323,957.4274
40.52936,1,1561.323,962.7733,1555.323,960.1003
40.54663,1,1561.323,962.7733,1558.323,961.4368
40.56181,1,1566.981,966.3838,1562.652,963.9103
40.57906,1,1566.981,966.3838,1564.816,965.147
40.59576,1,1572.273,970.0093,1568.545,967.5782
40.61268,1,1572.273,970.0093,1570.409,968.7938
40.62942,1,1577.418,973.2956,1573.913,971.0447
40.66552,1,1580.238,974.7465,1577.076,972.8956
40.68336,1,1578.333,975.0485,1577.704,973.972
40.71342,1,1575.951,974.5803,1576.828,974.2761
40.73248,1,1575.951,974.5803,1576.39,974.4282
40.76207,1,1575.171,971.7176,1575.78,973.0729
40.7771,1,1574.171,968.7739,1574.976,970.9233
40.78236,1,1574.171,968.7739,1574.573,969.8486
40.79696,1,1574.171,968.7739,1574.372,969.3113
40.81088,1,1572.936,968.6257,1573.654,968.9685
40.8278,1,1572.936,968.6257,1573.295,968.7971
40.8428,1,1571.562,965.0618,1572.428,966.9294
40.86111,1,1570.081,961.0887,1571.255,964.0091
40.8951,1,1568.721,958.0087,1569.988,961.0089
40.9135,1,1568.721,958.0087,1569.354,959.5088
40.92725,1,1568.321,953.9739,1568.838,956.7413
40.96134,1,1568.141,950.2314,1568.49,953.4864
40.97882,1,1568.141,950.2314,1568.315,951.8589
41.00246,1,1566.42,952.6555,1567.368,952.2572
41.01724,1,1564.218,953.2871,1565.793,952.7722
41.03645,1,1564.218,953.2871,1565.006,953.0297
41.04859,1,1562.098,952.9871,1563.552,953.0084
41.05602,1,1562.098,952.9871,1562.825,952.9978
41.06021,1,1562.098,952.9871,1562.462,952.9924
41.07489,1,1560.397,949.4518,1561.429,951.2222
41.09196,1,1560.397,949.4518,1560.913,950.337
41.10571,1,1559.557,948.8665,1560.235,949.6017
41.12318,1,1559.557,948.8665,1559.896,949.2341
41.13894,1,1557.719,947.1423,1558.808,948.1882
41.14721,1,1557.719,947.1423,1558.263,947.6653
41.15133,1,1557.719,947.1423,1557.991,947.4038
41.15651,1,1557.719,947.1423,1557.855,947.2731
41.16534,1,1541.979,941.9183,1549.917,944.5957
41.17157,1,1541.979,941.9183,1545.948,943.257
41.18059,1,1541.979,941.9183,1543.963,942.5876
41.18494,1,1541.979,941.9183,1542.971,942.253
41.19408,1,1423.591,918.1664,1483.281,930.2097
41.19868,1,1423.591,918.1664,1453.436,924.1881
41.20894,1,1423.591,918.1664,1438.513,921.1772
41.21386,1,1423.591,918.1664,1431.052,919.6719
41.22364,1,1132.546,859.602,1281.799,889.637
41.2293,1,1132.546,859.602,1207.172,874.6195
41.23402,1,1132.546,859.602,1169.859,867.1107
41.245,1,1132.546,859.602,1151.202,863.3563
41.25056,1,1132.546,859.602,1141.874,861.4791
41.26094,1,750.3293,778.0413,946.1016,819.7602
41.27946,1,750.3293,778.0413,848.2155,798.9008
41.29748,1,461.3949,707.9197,654.8052,753.4102
41.31539,1,335.6869,678.27,495.246,715.8401
41.34904,1,283.1143,669.0757,389.1802,692.4579
41.35675,1,283.1143,669.0757,336.1473,680.7668
41.37195,1,283.1143,669.0757,309.6308,674.9213
41.38957,1,249.5502,674.9471,279.5905,674.9342
41.40685,1,232.7357,679.864,256.1631,677.3991
41.4244,1,232.7357,679.864,244.4494,678.6316
41.4553,1,224.1911,683.9828,234.3203,681.3072
41.46854,1,218.81,687.1597,226.5651,684.2334
41.47385,1,218.81,687.1597,222.6876,685.6965
41.47787,1,218.81,687.1597,220.7488,686.4281
41.48277,1,218.81,687.1597,219.7794,686.7939
41.49942,1,306.1561,616.6311,262.9678,651.7125
41.52599,1,503.2614,471.3625,383.1146,561.5375
41.54411,1,503.2614,471.3625,443.188,516.4501
41.56516,1,701.2656,324.2895,572.2268,420.3698
41.58309,1,701.2656,324.2895,636.7462,372.3297
41.60017,1,804.493,244.195,720.6196,308.2623
41.6168,1,851.2031,208.0133,785.9114,258.1378
41.63238,1,851.2031,208.0133,818.5573,233.0756
41.65013,1,872.2815,193.8032,845.4194,213.4394
41.67741,1,885.3319,185.0327,865.3756,199.2361
41.68968,1,885.3319,185.0327,875.3538,192.1344
41.69355,1,885.3319,185.0327,880.3428,188.5836
41.69725,1,885.3319,185.0327,882.8374,186.8082
41.70177,1,885.3319,185.0327,884.0847,185.9205
41.71333,1,890.3218,180.4625,887.2032,183.1915
41.71772,1,890.3218,180.4625,888.7625,181.827
41.73084,1,890.3218,180.4625,889.5421,181.1448
41.73578,1,890.3218,180.4625,889.9319,180.8036
41.75183,1,892.9783,177.2295,891.4551,179.0166
41.77011,1,934.6331,207.6991,913.0441,193.3578
41.78447,1,934.6331,207.6991,923.8386,200.5285
41.8009,1,1039.139,311.1598,981.489,255.8441
41.81836,1,1039.139,311.1598,1010.314,283.502
41.84893,1,1188.496,470.4299,1099.405,376.9659
41.86309,1,1291.564,584.3077,1195.484,480.6368
41.86777,1,1291.564,584.3077,1243.524,532.4723
41.87346,1,1291.564,584.3077,1267.544,558.39
41.89008,1,1342.862,638.7188,1305.203,598.5544
41.90763,1,1342.862,638.7188,1324.033,618.6366
41.92493,1,1361.622,661.4448,1342.827,640.0407
41.94324,1,1361.622,661.4448,1352.225,650.7428
41.95641,1,1374.388,685.3832,1363.306,668.063
41.96067,1,1374.388,685.3832,1368.847,676.7231
41.96464,1,1374.388,685.3832,1371.617,681.0531
41.97052,1,1374.388,685.3832,1373.003,683.2181
41.9768,1,1374.388,685.3832,1373.695,684.3007
41.98148,1,1391.594,711.2684,1382.645,697.7845
41.99329,1,1391.594,711.2684,1387.12,704.5265
41.99828,1,1391.594,711.2684,1389.357,707.8975
42.00819,1,1401.8,725.9218,1395.579,716.9096
42.01289,1,1401.8,725.9218,1398.689,721.4156
42.0216,1,1401.8,725.9218,1400.245,723.6687
42.02688,1,1401.8,725.9218,1401.023,724.7952
42.03149,1,1401.8,725.9218,1401.412,725.3585
42.04414,1,1407.968,732.8035,1404.69,729.0811
42.05038,1,1407.968,732.8035,1406.329,730.9423
42.05607,1,1407.968,732.8035,1407.149,731.8729
42.06093,1,1407.968,732.8035,1407.558,732.3383
42.07242,1,1410.79,734.8952,1409.174,733.6167
42.07768,1,1410.79,734.8952,1409.982,734.256
42.094,1,1410.79,734.8952,1410.386,734.5756
42.10839,1,1414.717,736.0383,1412.552,735.3069
42.12314,1,1414.717,736.0383,1413.634,735.6726
42.14007,1,1415.993,735.9366,1414.814,735.8046
42.14693,1,1415.993,735.9366,1415.403,735.8706
42.16397,1,1417.127,735.5405,1416.265,735.7056
42.1819,1,1417.127,735.5405,1416.696,735.623
42.19611,1,1417.391,734.5125,1417.043,735.0677
42.21459,1,1417.391,734.5125,1417.217,734.7901
42.22718,1,1416.451,732.1803,1416.834,733.4852
42.23181,1,1416.451,732.1803,1416.643,732.8328
42.23682,1,1416.451,732.1803,1416.547,732.5065
42.24776,1,1416.451,732.1803,1416.499,732.3434
42.26131,1,1415.234,729.9429,1415.866,731.1432
42.26774,1,1415.234,729.9429,1415.55,730.5431
42.28286,1,1414.24,729.2697,1414.895,729.9064
42.29945,1,1414.24,729.2697,1414.567,729.588
42.31795,1,1413.857,729.3292,1414.212,729.4586
42.33337,1,1413.857,729.3292,1414.034,729.3939
42.34816,1,1413.429,729.5932,1413.731,729.4935
42.36446,1,1413.429,729.5932,1413.58,729.5433
42.37733,1,1413.042,729.8009,1413.311,729.6721
42.39381,1,1413.042,729.8009,1413.177,729.7365
42.39875,1,1413.042,729.8009,1413.11,729.7687
42.41251,1,1412.44,730.1153,1412.775,729.942
42.4427,1,1412.078,730.4274,1412.426,730.1847
42.45422,1,1412.078,730.4274,1412.252,730.306
42.45955,1,1412.078,730.4274,1412.165,730.3667
42.46404,1,1411.625,730.6461,1411.895,730.5064
42.46999,1,1411.625,730.6461,1411.76,730.5763
42.47859,1,1411.625,730.6461,1411.692,730.6112
42.48344,1,1411.625,730.6461,1411.659,730.6287
42.49497,1,1411.139,731.0931,1411.399,730.8609
42.50043,1,1411.139,731.0931,1411.269,730.9771
42.51199,1,1411.139,731.0931,1411.204,731.0351
42.51714,1,1411.139,731.0931,1411.172,731.0641
42.52425,1,1410.779,731.5326,1410.975,731.2983
42.52945,1,1410.779,731.5326,1410.877,731.4155
42.5413,1,1410.779,731.5326,1410.828,731.474
42.54711,1,1410.779,731.5326,1410.803,731.5033
42.55788,1,1410.376,731.9288,1410.59,731.7161
42.56357,1,1410.376,731.9288,1410.483,731.8224
42.58306,1,1409.39,732.3255,1409.936,732.074
42.60195,1,1409.39,732.3255,1409.663,732.1997
42.63151,1,1408.256,732.8663,1408.959,732.533
42.65308,1,1407.115,733.5776,1408.037,733.0553
42.67223,1,1407.115,733.5776,1407.576,733.3164
42.68675,1,1405.976,734.0166,1406.776,733.6665
42.71328,1,1404.817,734.3463,1405.796,734.0063
42.73627,1,1403.616,734.917,1404.706,734.4617
42.7542,1,1403.616,734.917,1404.161,734.6893
42.77294,1,1402.452,735.4646,1403.307,735.077
42.78984,1,1402.452,735.4646,1402.879,735.2708
42.81554,1,1401.257,735.9911,1402.068,735.631
42.83003,1,1399.861,736.4957,1400.965,736.0634
42.83401,1,1399.861,736.4957,1400.413,736.2795
42.83909,1,1399.861,736.4957,1400.137,736.3876
42.84333,1,1399.861,736.4957,1399.999,736.4417
42.84832,1,1399.861,736.4957,1399.93,736.4686
42.86133,1,1398.537,736.7694,1399.233,736.619
42.87916,1,1398.537,736.7694,1398.885,736.6942
42.89439,1,1397.585,736.9938,1398.235,736.844
42.89881,1,1397.585,736.9938,1397.91,736.9189
42.90408,1,1397.585,736.9938,1397.748,736.9564
42.91383,1,1397.585,736.9938,1397.667,736.9751
42.92327,1,1396.855,737.2043,1397.26,737.0897
42.93077,1,1396.855,737.2043,1397.058,737.147
42.93555,1,1396.855,737.2043,1396.956,737.1757
42.94342,1,1396.855,737.2043,1396.905,737.19
42.95029,1,1396.043,737.3431,1396.474,737.2666
42.95985,1,1396.043,737.3431,1396.259,737.3049
42.96936,1,1396.043,737.3431,1396.151,737.324
42.97887,1,1395.61,737.6342,1395.881,737.4791
42.9833,1,1395.61,737.6342,1395.746,737.5566
42.99787,1,1395.61,737.6342,1395.678,737.5954
43.00903,1,1395.25,737.9257,1395.464,737.7605
43.01443,1,1395.25,737.9257,1395.357,737.8431
43.0277,1,1395.25,737.9257,1395.304,737.8844
43.04114,1,1394.593,738.3459,1394.948,738.1151
43.04703,1,1394.593,738.3459,1394.771,738.2305
43.07934,1,1365.31,735.8514,1380.041,737.0409
43.09696,1,1238.437,691.2297,1309.239,714.1353
43.12589,1,1035.617,596.6447,1172.428,655.39
43.13081,1,1035.617,596.6447,1104.022,626.0173
43.13533,1,1035.617,596.6447,1069.819,611.3311
43.14766,1,1035.617,596.6447,1052.718,603.9879
43.15218,1,1035.617,596.6447,1044.167,600.3163
43.16216,1,889.8526,489.7292,967.0099,545.0228
43.1673,1,889.8526,489.7292,928.4313,517.376
43.17948,1,889.8526,489.7292,909.142,503.5526
43.18415,1,889.8526,489.7292,899.4973,496.6409
43.19762,1,829.9109,414.6421,864.7041,455.6415
43.20274,1,829.9109,414.6421,847.3075,435.1418
43.22111,1,801.3303,376.9629,824.3188,406.0524
43.23369,1,801.3303,376.9629,812.8246,391.5076
43.25027,1,786.9822,357.7283,799.9034,374.618
43.28366,1,783.0199,347.6084,791.4617,361.1132
43.30227,1,783.0199,347.6084,787.2408,354.3608
43.31631,1,781.4608,343.594,784.3508,348.9774
43.32218,1,781.4608,343.594,782.9058,346.2857
43.33233,1,781.4608,343.594,782.1832,344.9399
43.33785,1,774.9556,341.2554,778.5694,343.0976
43.34501,1,774.9556,341.2554,776.7625,342.1765
43.35018,1,774.9556,341.2554,775.859,341.7159
43.35844,1,774.9556,341.2554,775.4073,341.4857
43.36313,1,774.9556,341.2554,775.1814,341.3705
43.369,1,712.3717,375.836,743.7766,358.6033
43.3798,1,712.3717,375.836,728.0741,367.2197
43.38431,1,712.3717,375.836,720.2229,371.5278
43.39276,1,712.3717,375.836,716.2973,373.6819
43.39717,1,610.7136,463.3226,663.5054,418.5023
43.40195,1,610.7136,463.3226,637.1095,440.9124
43.40929,1,610.7136,463.3226,623.9115,452.1175
43.41364,1,610.7136,463.3226,617.3125,457.72
43.41833,1,610.7136,463.3226,614.0131,460.5213
43.42865,1,506.167,570.9958,560.09,515.7585
43.43442,1,506.167,570.9958,533.1285,543.3772
43.44299,1,506.167,570.9958,519.6477,557.1865
43.44844,1,506.167,570.9958,512.9073,564.0912
43.46133,1,442.6177,639.2833,477.7625,601.6873
43.46707,1,442.6177,639.2833,460.1901,620.4852
43.48203,1,442.6177,639.2833,451.4039,629.8843
43.4945,1,408.5391,675.9088,429.9715,652.8965
43.50986,1,408.5391,675.9088,419.2552,664.4026
43.5151,1,408.5391,675.9088,413.8972,670.1556
43.52841,1,391.7246,694.7765,402.8109,682.4661
43.5416,1,391.7246,694.7765,397.2678,688.6213
43.54796,1,391.7246,694.7765,394.4962,691.6989
43.57909,1,331.8151,707.4866,363.1556,699.5927
43.5967,1,331.8151,707.4866,347.4854,703.5397
43.62416,1,260.8793,712.4095,304.1824,707.9746
43.64414,1,216.3825,717.9851,260.2824,712.9799
43.67383,1,189.8168,721.8907,225.0496,717.4353
43.68207,1,189.8168,721.8907,207.4332,719.663
43.68781,1,189.8168,721.8907,198.625,720.7769
43.69218,1,189.8168,721.8907,194.2209,721.3337
43.69629,1,189.8168,721.8907,192.0189,721.6122
43.70082,1,170.0066,726.0085,181.0127,723.8103
43.70954,1,170.0066,726.0085,175.5096,724.9094
43.71413,1,170.0066,726.0085,172.7581,725.459
43.72001,1,170.0066,726.0085,171.3824,725.7338
43.72445,1,170.0066,726.0085,170.6945,725.8711
43.72939,1,170.0066,726.0085,170.3505,725.9398
43.73998,1,156.0235,730.2557,163.187,728.0978
43.74463,1,156.0235,730.2557,159.6052,729.1768
43.7499,1,156.0235,730.2557,157.8143,729.7162
43.76052,1,147.6295,733.775,152.7219,731.7456
43.76518,1,147.6295,733.775,150.1757,732.7603
43.77165,1,147.6295,733.775,148.9026,733.2676
43.77662,1,147.6295,733.775,148.266,733.5212
43.78938,1,147.6295,733.775,147.9478,733.6481
43.79489,1,194.1949,746.2621,171.0713,739.9551
43.8099,1,194.1949,746.2621,182.6331,743.1086
43.82751,1,304.3693,742.6555,243.5012,742.882
43.84676,1,304.3693,742.6555,273.9352,742.7687
43.85136,1,723.5422,607.1995,498.7387,674.9841
43.8569,1,723.5422,607.1995,611.1405,641.0918
43.86425,1,723.5422,607.1995,667.3414,624.1456
43.87014,1,723.5422,607.1995,695.4418,615.6725
43.87972,1,1272.346,642.7812,983.894,629.2269
43.88847,1,1272.346,642.7812,1128.12,636.004
43.89664,1,1272.346,642.7812,1200.233,639.3926
43.90113,1,1272.346,642.7812,1236.29,641.0869
43.90984,1,1511.485,804.6833,1373.887,722.8851
43.91474,1,1511.485,804.6833,1442.686,763.7842
43.92043,1,1511.485,804.6833,1477.086,784.2338
43.93818,1,1511.485,804.6833,1494.285,794.4586
43.94672,1,1603.944,866.1096,1549.115,830.2841
43.95108,1,1603.944,866.1096,1576.53,848.1968
43.96437,1,1603.944,866.1096,1590.237,857.1532
43.98035,1,1641.895,886.03,1616.066,871.5916
44.00674,1,1664.62,895.6018,1640.343,883.5967
44.02956,1,1664.62,895.6018,1652.482,889.5992
44.04231,1,1678.217,907.0098,1665.349,898.3045
44.0593,1,1678.217,907.0098,1671.783,902.6571
44.07412,1,1687.217,914.0878,1679.5,908.3724
44.0833,1,1687.217,914.0878,1683.359,911.2301
44.08927,1,1687.217,914.0878,1685.288,912.6589
44.0984,1,1691.945,917.9279,1688.616,915.2934
44.10385,1,1691.945,917.9279,1690.281,916.6106
44.11407,1,1691.945,917.9279,1691.113,917.2692
44.11874,1,1691.945,917.9279,1691.529,917.5985
44.12643,1,1681.761,892.9286,1686.645,905.2635
44.13085,1,1681.761,892.9286,1684.203,899.0961
44.13598,1,1681.761,892.9286,1682.982,896.0123
44.14642,1,1681.761,892.9286,1682.372,894.4705
44.1517,1,1681.761,892.9286,1682.066,893.6996
44.15981,1,1675.691,875.3104,1678.879,884.505
44.16403,1,1675.691,875.3104,1677.285,879.9077
44.17328,1,1675.691,875.3104,1676.488,877.6091
44.17819,1,1675.691,875.3104,1676.09,876.4597
44.18288,1,1675.691,875.3104,1675.891,875.8851
44.1984,1,1672.485,864.3721,1674.188,870.1286
44.2297,1,1670.085,854.8184,1672.136,862.4735
44.24748,1,1667.989,847.5192,1670.063,854.9963
44.25176,1,1667.989,847.5192,1669.026,851.2578
44.25728,1,1667.989,847.5192,1668.507,849.3884
44.26163,1,1667.989,847.5192,1668.248,848.4538
44.27624,1,1665.625,841.978,1666.937,845.2159
44.2914,1,1665.625,841.978,1666.281,843.597
44.30721,1,1662.871,836.5682,1664.576,840.0826
44.31453,1,1662.871,836.5682,1663.723,838.3254
44.31939,1,1662.871,836.5682,1663.297,837.4468
44.32784,1,1662.871,836.5682,1663.084,837.0074
44.33239,1,1662.871,836.5682,1662.977,836.7878
44.33817,1,1660.658,832.2247,1661.818,834.5062
44.34807,1,1660.658,832.2247,1661.238,833.3655
44.35386,1,1660.658,832.2247,1660.948,832.795
44.36379,1,1660.658,832.2247,1660.803,832.5099
44.37021,1,1658.834,828.9769,1659.819,830.7434
44.38018,1,1658.834,828.9769,1659.327,829.8602
44.38521,1,1658.834,828.9769,1659.081,829.4186
44.39642,1,1657.27,826.4689,1658.175,827.9437
44.40132,1,1657.27,826.4689,1657.722,827.2063
44.41216,1,1657.27,826.4689,1657.496,826.8376
44.41737,1,1657.27,826.4689,1657.383,826.6533
44.42731,1,1655.856,824.6994,1656.619,825.6764
44.43179,1,1655.856,824.6994,1656.237,825.1879
44.4429,1,1655.856,824.6994,1656.047,824.9436
44.4601,1,1654.685,823.4059,1655.366,824.1747
44.47823,1,1654.685,823.4059,1655.025,823.7903
44.49407,1,1653.354,822.4464,1654.189,823.1183
44.51403,1,1653.354,822.4464,1653.772,822.7823
44.54542,1,1651.355,820.7247,1652.563,821.7535
44.57259,1,1651.355,820.7247,1651.959,821.2391
44.5874,1,1650.815,820.0438,1651.387,820.6415
44.59876,1,1650.815,820.0438,1651.101,820.3427
44.60403,1,1650.815,820.0438,1650.958,820.1932
44.61837,1,1650.075,818.7495,1650.516,819.4714
44.63662,1,1649.16,817.7029,1649.838,818.5872
44.65305,1,1649.16,817.7029,1649.499,818.145
44.67348,1,1648.059,816.3998,1648.779,817.2725
44.67996,1,1648.059,816.3998,1648.419,816.8362
44.68485,1,1648.059,816.3998,1648.239,816.618
44.69049,1,1648.059,816.3998,1648.149,816.5089
44.69598,1,1648.059,816.3998,1648.104,816.4543
44.70036,1,1646.316,814.7289,1647.21,815.5917
44.71694,1,1646.316,814.7289,1646.763,815.1603
44.74432,1,1643.144,812.3418,1644.953,813.751
44.76148,1,1639.598,808.6064,1642.276,811.1787
44.78123,1,1639.598,808.6064,1640.937,809.8926
44.79411,1,1635.296,804.2624,1638.116,807.0775
44.79842,1,1635.296,804.2624,1636.706,805.6699
44.80329,1,1635.296,804.2624,1636.001,804.9662
44.80885,1,1635.296,804.2624,1635.648,804.6143
44.82013,1,1629.885,799.2498,1632.767,801.932
44.82508,1,1629.885,799.2498,1631.326,800.5909
44.84215,1,1629.885,799.2498,1630.606,799.9204
44.86026,1,1621.404,792.8656,1626.005,796.393
44.87909,1,1614.637,783.5832,1620.321,789.9881
44.90044,1,1614.637,783.5832,1617.479,786.7856
44.91982,1,1632.326,762.4063,1624.902,774.5959
44.93782,1,1626.129,690.3561,1625.516,732.476
44.95418,1,1626.129,690.3561,1625.822,711.416
44.96542,1,1626.129,690.3561,1625.975,700.886
44.9715,1,1630.81,660.1351,1628.393,680.5106
44.97565,1,1630.81,660.1351,1629.601,670.3228
44.9804,1,1630.81,660.1351,1630.206,665.2289
44.99708,1,1630.81,660.1351,1630.508,662.682
45.01491,1,1620.093,673.5018,1625.3,668.0919
45.03197,1,1610.044,683.8923,1617.672,675.9921
45.04745,1,1610.044,683.8923,1613.858,679.9423
45.06351,1,1604.485,688.6212,1609.171,684.2817
45.08258,1,1604.485,688.6212,1606.828,686.4514
45.09928,1,1599.267,690.5027,1603.047,688.4771
45.11564,1,1599.267,690.5027,1601.157,689.4899
45.12932,1,1594.542,690.9512,1597.85,690.2206
45.13331,1,1594.542,690.9512,1596.196,690.5859
45.13763,1,1594.542,690.9512,1595.369,690.7686
45.14797,1,1594.542,690.9512,1594.956,690.8599
45.15202,1,1589.4,690.326,1592.178,690.5929
45.16522,1,1589.4,690.326,1590.789,690.4595
45.17061,1,1589.4,690.326,1590.094,690.3927
45.18114,1,1584.081,689.4462,1587.088,689.9194
45.21362,1,1578.929,688.6202,1583.008,689.2698
45.23132,1,1578.929,688.6202,1580.969,688.9451
45.2494,1,1574.873,687.576,1577.921,688.2606
45.26418,1,1574.873,687.576,1576.397,687.9183
45.27837,1,1570.683,685.8632,1573.54,686.8907
45.28384,1,1570.683,685.8632,1572.112,686.377
45.29023,1,1570.683,685.8632,1571.398,686.1201
45.30793,1,1564.236,683.0526,1567.817,684.5863
45.3162,1,1564.236,683.0526,1566.027,683.8195
45.32146,1,1564.236,683.0526,1565.131,683.436
45.32938,1,1564.236,683.0526,1564.684,683.2443
45.33405,1,1556.345,678.9697,1560.514,681.107
45.33974,1,1556.345,678.9697,1558.429,680.0383
45.34389,1,1556.345,678.9697,1557.387,679.504
45.34901,1,1556.345,678.9697,1556.866,679.2369
45.35461,1,1556.345,678.9697,1556.605,679.1033
45.36278,1,1549.58,673.1411,1553.093,676.1222
45.36848,1,1549.58,673.1411,1551.336,674.6316
45.37714,1,1549.58,673.1411,1550.458,673.8864
45.38284,1,1549.58,673.1411,1550.019,673.5137
45.39602,1,1542.591,669.2042,1546.305,671.3589
45.40144,1,1542.591,669.2042,1544.448,670.2816
45.41256,1,1542.591,669.2042,1543.519,669.7429
45.4221,1,1536.824,666.0786,1540.172,667.9108
45.42831,1,1536.824,666.0786,1538.498,666.9946
45.43955,1,1536.824,666.0786,1537.661,666.5366
45.44501,1,1536.824,666.0786,1537.242,666.3076
45.46106,1,1532.64,663.0999,1534.941,664.7037
45.47812,1,1532.64,663.0999,1533.791,663.9019
45.49274,1,1529.557,661.1533,1531.674,662.5276
45.51022,1,1529.557,661.1533,1530.616,661.8405
45.53632,1,1527.083,660.0281,1528.849,660.9343
45.55636,1,1524.653,657.8221,1526.751,659.3782
45.58302,1,1522.043,655.2795,1524.397,657.3289
45.58961,1,1522.043,655.2795,1523.22,656.3042
45.60117,1,1522.043,655.2795,1522.632,655.7919
45.62005,1,1519.567,652.5549,1521.099,654.1734
45.64861,1,1518.989,650.081,1520.044,652.1272
45.66815,1,1519.194,646.0989,1519.619,649.113
45.69936,1,1517.049,644.1577,1518.334,646.6354
45.71601,1,1517.049,644.1577,1517.692,645.3965
45.73224,1,1515.627,642.1705,1516.659,643.7835
45.74963,1,1515.627,642.1705,1516.143,642.977
45.76141,1,1514.745,641.0982,1515.444,642.0376
45.76537,1,1514.745,641.0982,1515.094,641.5679
45.77204,1,1514.745,641.0982,1514.919,641.333
45.78699,1,1513.948,639.9289,1514.434,640.631
45.79191,1,1513.948,639.9289,1514.191,640.2799
45.80073,1,1513.948,639.9289,1514.07,640.1044
45.80727,1,1513.948,639.9289,1514.009,640.0166
45.81519,1,1512.641,638.6035,1513.325,639.3101
45.82095,1,1512.641,638.6035,1512.983,638.9568
45.83042,1,1512.641,638.6035,1512.812,638.7802
45.83537,1,1512.641,638.6035,1512.726,638.6918
45.84811,1,1511.4,637.532,1512.063,638.1119
45.85352,1,1511.4,637.532,1511.732,637.8219
45.86662,1,1511.4,637.532,1511.566,637.6769
45.88452,1,1509.646,635.8972,1510.606,636.7871
45.90187,1,1509.646,635.8972,1510.126,636.3422
45.91651,1,1507.256,633.7513,1508.691,635.0468
45.93661,1,1505.52,632.2044,1507.105,633.6256
45.94154,1,1505.52,632.2044,1506.313,632.915
45.94772,1,1505.52,632.2044,1505.916,632.5597
45.97855,1,1503.913,630.4478,1504.915,631.5037
46.00845,1,1501.426,628.0569,1503.17,629.7803
46.02184,1,1501.426,628.0569,1502.298,628.9186
46.02681,1,1498.632,625.9903,1500.465,627.4545
46.03159,1,1498.632,625.9903,1499.549,626.7224
46.03632,1,1498.632,625.9903,1499.09,626.3563
46.04472,1,1498.632,625.9903,1498.861,626.1733
46.04991,1,1498.632,625.9903,1498.747,626.0818
46.05604,1,1496.302,625.3401,1497.524,625.7109
46.06284,1,1496.302,625.3401,1496.913,625.5255
46.06827,1,1496.302,625.3401,1496.607,625.4328
46.077,1,1496.302,625.3401,1496.454,625.3865
46.08159,1,1496.302,625.3401,1496.378,625.3633
46.08841,1,1494.723,625.1407,1495.55,625.252
46.09443,1,1494.723,625.1407,1495.137,625.1964
46.09907,1,1494.723,625.1407,1494.93,625.1686
46.10506,1,1494.723,625.1407,1494.826,625.1547
46.11169,1,1494.723,625.1407,1494.775,625.1477
46.11618,1,1494.723,625.1407,1494.749,625.1442
46.12292,1,1493.483,624.6791,1494.116,624.9117
46.1325,1,1493.483,624.6791,1493.8,624.7954
46.1422,1,1493.483,624.6791,1493.641,624.7373
46.1481,1,1492.1,624.1057,1492.871,624.4215
46.16299,1,1492.1,624.1057,1492.485,624.2636
46.1764,1,1492.1,624.1057,1492.292,624.1847
46.18182,1,1490.295,622.9799,1491.294,623.5823
46.20435,1,1490.295,622.9799,1490.794,623.2811
46.22818,1,1488.416,622.3308,1489.605,622.806
46.25818,1,1486.867,621.9478,1488.236,622.3768
46.26376,1,1486.867,621.9478,1487.552,622.1623
46.26894,1,1485.449,621.4316,1486.5,621.7969
46.27427,1,1485.449,621.4316,1485.975,621.6143
46.30057,1,1484.054,621.5245,1485.014,621.5693
46.30699,1,1484.054,621.5245,1484.534,621.5469
46.31354,1,1484.054,621.5245,1484.294,621.5356
46.31805,1,1484.054,621.5245,1484.174,621.53
46.32735,1,1484.054,621.5245,1484.114,621.5272
46.3326,1,1482.564,621.6707,1483.339,621.5989
46.33858,1,1482.564,621.6707,1482.951,621.6348
46.34489,1,1482.564,621.6707,1482.758,621.6527
46.34993,1,1482.564,621.6707,1482.661,621.6617
46.35549,1,1482.564,621.6707,1482.612,621.6661
46.3653,1,1481.113,622.238,1481.863,621.9521
46.37174,1,1481.113,622.238,1481.488,622.0951
46.37817,1,1481.113,622.238,1481.3,622.1666
46.38308,1,1481.113,622.238,1481.207,622.2023
46.39133,1,1479.428,624.8181,1480.317,623.5102
46.39648,1,1479.428,624.8181,1479.873,624.1642
46.40129,1,1479.428,624.8181,1479.651,624.4911
46.41484,1,1479.428,624.8181,1479.54,624.6547
46.42342,1,1476.963,628.0303,1478.251,626.3425
46.43005,1,1476.963,628.0303,1477.607,627.1864
46.43871,1,1476.963,628.0303,1477.285,627.6083
46.44389,1,1476.963,628.0303,1477.124,627.8193
46.45024,1,1474.158,631.2134,1475.641,629.5164
46.45899,1,1474.158,631.2134,1474.899,630.3649
46.46355,1,1474.158,631.2134,1474.529,630.7892
46.4845,1,1471.047,634.5035,1472.788,632.6464
46.51477,1,1467.63,637.6105,1470.209,635.1284
46.54386,1,1464.058,640.313,1467.134,637.7207
46.55015,1,1464.058,640.313,1465.596,639.0168
46.55711,1,1464.058,640.313,1464.827,639.6649
46.56125,1,1464.058,640.313,1464.443,639.989
46.57454,1,1460.754,642.8607,1462.598,641.4249
46.59229,1,1460.754,642.8607,1461.676,642.1428
46.60778,1,1457,645.2151,1459.338,643.679
46.62687,1,1457,645.2151,1458.169,644.447
46.64153,1,1453.092,646.7895,1455.631,645.6183
46.64686,1,1453.092,646.7895,1454.362,646.2039
46.65185,1,1453.092,646.7895,1453.727,646.4967
46.65952,1,1453.092,646.7895,1453.41,646.6431
46.66445,1,1449.988,648.7121,1451.699,647.6776
46.67123,1,1449.988,648.7121,1450.843,648.1948
46.68012,1,1449.988,648.7121,1450.416,648.4535
46.68546,1,1449.988,648.7121,1450.202,648.5828
46.69637,1,1448.024,650.4269,1449.113,649.5048
46.70178,1,1448.024,650.4269,1448.568,649.9658
46.71194,1,1448.024,650.4269,1448.296,650.1964
46.71725,1,1448.024,650.4269,1448.16,650.3116
46.7284,1,1447.335,652.0928,1447.748,651.2022
46.73948,1,1447.335,652.0928,1447.541,651.6475
46.74458,1,1447.335,652.0928,1447.438,651.8701
46.75005,1,1447.335,652.0928,1447.386,651.9814
46.76029,1,1446.928,653.0729,1447.157,652.5272
46.77588,1,1446.928,653.0729,1447.042,652.8
46.78102,1,1446.928,653.0729,1446.985,652.9365
46.81554,1,1446.242,654.6517,1446.614,653.7941
46.83247,1,1446.242,654.6517,1446.428,654.2229
46.848,1,1445.713,655.6974,1446.07,654.9602
46.86509,1,1445.713,655.6974,1445.891,655.3289
46.87882,1,1443.605,656.605,1444.748,655.9669
46.88274,1,1443.605,656.605,1444.177,656.2859
46.88861,1,1443.605,656.605,1443.891,656.4454
46.89697,1,1443.605,656.605,1443.748,656.5252
46.90112,1,1443.605,656.605,1443.676,656.5651
46.90995,1,1391.191,656.4561,1417.434,656.5106
46.91441,1,1391.191,656.4561,1404.312,656.4833
46.91966,1,1391.191,656.4561,1397.752,656.4697
46.92777,1,1391.191,656.4561,1394.471,656.4629
46.93226,1,1205.681,654.4128,1300.076,655.4379
46.94194,1,1205.681,654.4128,1252.878,654.9254
46.94772,1,1205.681,654.4128,1229.28,654.6691
46.95626,1,1205.681,654.4128,1217.48,654.541
46.96101,1,1205.681,654.4128,1211.581,654.4769
46.96545,1,917.1385,671.8016,1064.359,663.1393
46.97809,1,917.1385,671.8016,990.749,667.4705
46.99291,1,700.2673,694.53,845.5082,681.0002
46.99792,1,700.2673,694.53,772.8877,687.7651
47.02984,1,599.1625,704.1682,686.0251,695.9667
47.04792,1,599.1625,704.1682,642.5939,700.0674
47.0605,1,547.8278,702.2152,595.2108,701.1413
47.06437,1,547.8278,702.2152,571.5193,701.6782
47.0698,1,547.8278,702.2152,559.6735,701.9467
47.07491,1,547.8278,702.2152,553.7506,702.0809
47.08172,1,521.4432,699.7078,537.5969,700.8943
47.08804,1,521.4432,699.7078,529.52,700.301
47.09745,1,521.4432,699.7078,525.4816,700.0044
47.10172,1,521.4432,699.7078,523.4624,699.8561
47.10814,1,521.4432,699.7078,522.4528,699.7819
47.11623,1,507.1185,698.9663,514.7856,699.3741
47.12241,1,507.1185,698.9663,510.9521,699.1702
47.13929,1,507.1185,698.9663,509.0353,699.0682
47.14952,1,499.3919,698.7255,504.2136,698.8969
47.16227,1,499.3919,698.7255,501.8027,698.8112
47.16773,1,499.3919,698.7255,500.5973,698.7683
47.18011,1,516.4789,696.2744,508.5381,697.5214
47.18504,1,516.4789,696.2744,512.5085,696.8978
47.20018,1,516.4789,696.2744,514.4937,696.5861
47.21421,1,571.774,698.2362,543.1339,697.4111
47.23135,1,571.774,698.2362,557.454,697.8237
47.24683,1,748.3387,743.3385,652.8964,720.5811
47.26491,1,1103.307,826.2296,878.1017,773.4053
47.28291,1,1103.307,826.2296,990.7045,799.8175
47.29845,1,1338.713,879.2163,1164.708,839.5169
47.32954,1,1449.752,905.3477,1307.23,872.4323
47.34368,1,1449.752,905.3477,1378.491,888.89
47.36205,1,1499.665,920.7285,1439.078,904.8092
47.37956,1,1499.665,920.7285,1469.371,912.7689
47.39759,1,1523.134,928.0214,1496.253,920.3951
47.4148,1,1523.134,928.0214,1509.694,924.2083
47.43021,1,1534.11,932.73,1521.902,928.4691
47.44955,1,1541.16,938.239,1531.531,933.3541
47.4679,1,1541.16,938.239,1536.345,935.7965
47.48267,1,1545.791,940.771,1541.068,938.2838
47.4998,1,1545.791,940.771,1543.43,939.5273
47.51619,1,1548.653,943.564,1546.041,941.5457
47.53283,1,1548.653,943.564,1547.347,942.5548
47.54637,1,1551.814,946.5749,1549.58,944.5648
47.55076,1,1551.814,946.5749,1550.697,945.5698
47.55573,1,1551.814,946.5749,1551.255,946.0724
47.56024,1,1551.814,946.5749,1551.535,946.3236
47.5731,1,1540.47,924.6005,1546.002,935.462
47.57782,1,1540.47,924.6005,1543.236,930.0313
47.59612,1,1469.455,831.8728,1506.345,880.952
47.61368,1,1469.455,831.8728,1487.9,856.4124
47.64667,1,1244.887,594.6673,1366.394,725.5399
47.65984,1,1073.528,426.648,1219.961,576.0939
47.66419,1,1073.528,426.648,1146.745,501.371
47.669,1,1073.528,426.648,1110.136,464.0095
47.67597,1,1073.528,426.648,1091.832,445.3287
47.67994,1,1073.528,426.648,1082.68,435.9884
47.68405,1,1073.528,426.648,1078.104,431.3182
47.69786,1,997.3815,353.0678,1037.743,392.193
47.71125,1,997.3815,353.0678,1017.562,372.6304
47.71606,1,997.3815,353.0678,1007.472,362.8491
47.72976,1,966.6845,319.5883,987.0782,341.2187
47.74648,1,966.6845,319.5883,976.8813,330.4035
47.76332,1,953.2823,304.7805,965.0818,317.592
47.78439,1,946.411,299.7778,955.7464,308.6849
47.81318,1,868.0305,227.9839,911.8884,268.3344
47.83087,1,868.0305,227.9839,889.9595,248.1591
47.85003,1,765.5334,150.8821,827.7465,199.5206
47.88209,1,713.8111,112.7055,770.7788,156.113
47.90226,1,689.2433,93.88481,730.011,124.9989
47.93328,1,677.6362,82.28835,703.8236,103.6436
47.95205,1,677.6362,82.28835,690.7299,92.966
47.98082,1,671.8644,75.15972,681.2971,84.06286
47.99438,1,667.3146,72.16502,674.3058,78.11394
48.01266,1,667.3146,72.16502,670.8102,75.13948
48.02694,1,683.6351,77.80427,677.2227,76.47188
48.03103,1,683.6351,77.80427,680.4289,77.13808
48.03531,1,683.6351,77.80427,682.032,77.47118
48.04128,1,683.6351,77.80427,682.8336,77.63773
48.05659,1,716.0599,87.22615,699.4467,82.43194
48.06678,1,716.0599,87.22615,707.7533,84.82904
48.07262,1,716.0599,87.22615,711.9066,86.0276
48.0799,1,716.0599,87.22615,713.9833,86.62688
48.08434,1,716.0599,87.22615,715.0216,86.92651
48.0915,1,716.0599,87.22615,715.5408,87.07633
48.10149,1,716.0599,87.22615,715.8003,87.15125
48.1155,1,716.0599,87.22615,715.9301,87.1887
48.13036,1,716.0599,87.22615,715.995,87.20743
48.13972,1,716.0599,87.22615,716.0275,87.21679
48.14671,1,1186.969,500.0712,951.4984,293.644
48.16122,1,1186.969,500.0712,1069.234,396.8576
48.16637,1,1186.969,500.0712,1128.102,448.4644
48.1768,1,1390.545,688.6094,1259.323,568.5369
48.18105,1,1390.545,688.6094,1324.934,628.5732
48.19609,1,1390.545,688.6094,1357.74,658.5913
48.21765,1,1491.558,776.7072,1424.649,717.6493
48.23103,1,1533.921,809.8594,1479.285,763.7544
48.23893,1,1533.921,809.8594,1506.603,786.8069
48.24335,1,1533.921,809.8594,1520.262,798.3331
48.25804,1,1533.921,809.8594,1527.092,804.0963
48.27408,1,1553.881,828.0695,1540.486,816.0829
48.29431,1,1566.196,836.1718,1553.341,826.1273
48.32816,1,1573.647,836.5159,1563.494,831.3216
48.35954,1,1576.969,834.2563,1570.232,832.7889
48.37988,1,1576.969,834.2563,1573.601,833.5226
48.39916,1,1577.794,832.5435,1575.697,833.033
48.43533,1,1577.434,831.0712,1576.566,832.0521
48.44693,1,1577.146,832.3411,1576.856,832.1966
48.45115,1,1577.146,832.3411,1577,832.2688
48.45602,1,1577.146,832.3411,1577.073,832.3049
48.46052,1,1577.146,832.3411,1577.109,832.323
48.47867,1,1576.602,833.6821,1576.856,833.0026
48.49397,1,1576.602,833.6821,1576.729,833.3423
48.51038,1,1581.633,835.6963,1579.181,834.5193
48.52656,1,1581.633,835.6963,1580.407,835.1078
48.54313,1,1584.99,835.8152,1582.698,835.4615
48.56083,1,1584.99,835.8152,1583.844,835.6383
48.57833,1,1587.127,836.3062,1585.485,835.9722
48.59552,1,1589.072,836.9265,1587.279,836.4493
48.61337,1,1589.072,836.9265,1588.175,836.6879
48.64498,1,1591.024,837.3409,1589.6,837.0144
48.65903,1,1592.832,838.027,1591.216,837.5207
48.66406,1,1592.832,838.027,1592.024,837.7738
48.68005,1,1592.832,838.027,1592.428,837.9004
48.69449,1,1593.788,838.4226,1593.108,838.1615
48.7121,1,1593.788,838.4226,1593.448,838.2921
48.72729,1,1594.216,838.7339,1593.832,838.513
48.76933,1,1594.478,839.4653,1594.155,838.9891
48.782,1,1595.097,840.3837,1594.626,839.6864
48.78819,1,1595.097,840.3837,1594.861,840.035
48.79908,1,1595.097,840.3837,1594.979,840.2094
48.80351,1,1595.097,840.3837,1595.038,840.2965
48.81928,1,1596.319,840.944,1595.678,840.6202
48.83797,1,1596.9,841.8939,1596.289,841.2571
48.86465,1,1596.9,841.8939,1596.594,841.5755
48.88148,1,1597.415,842.39,1597.005,841.9827
48.90099,1,1597.579,843.1742,1597.292,842.5785
48.93247,1,1598.047,843.9974,1597.67,843.288
48.95911,1,1598.273,844.2959,1597.971,843.7919
48.96371,1,1598.273,844.2959,1598.122,844.0439
48.97092,1,1598.273,844.2959,1598.198,844.1699
48.97534,1,1598.273,844.2959,1598.235,844.2329
48.98914,1,1598.185,844.3448,1598.21,844.2888
48.9935,1,1598.185,844.3448,1598.197,844.3168
49.01241,1,1598.185,844.3448,1598.191,844.3308
49.01694,1,1597.852,844.2218,1598.021,844.2763
49.02287,1,1597.852,844.2218,1597.937,844.249
49.03078,1,1597.852,844.2218,1597.895,844.2354
49.03609,1,1597.852,844.2218,1597.873,844.2286
49.04327,1,1597.852,844.2218,1597.863,844.2252
49.04907,1,1596.927,844.9042,1597.395,844.5647
49.05504,1,1596.927,844.9042,1597.161,844.7345
49.06205,1,1596.927,844.9042,1597.044,844.8193
49.0676,1,1596.927,844.9042,1596.986,844.8618
49.08098,1,1596.476,844.6238,1596.731,844.7428
49.08774,1,1596.476,844.6238,1596.604,844.6833
49.09629,1,1596.476,844.6238,1596.54,844.6536
49.10086,1,1596.476,844.6238,1596.508,844.6387
49.11183,1,1595.816,844.2957,1596.162,844.4672
49.11724,1,1595.816,844.2957,1595.989,844.3814
49.12815,1,1595.816,844.2957,1595.902,844.3385
49.13319,1,1595.816,844.2957,1595.859,844.3171
49.1386,1,1595.132,843.9587,1595.495,844.1379
49.14359,1,1595.132,843.9587,1595.313,844.0483
49.14939,1,1595.132,843.9587,1595.223,844.0035
49.15673,1,1595.132,843.9587,1595.177,843.9811
49.16141,1,1595.132,843.9587,1595.154,843.97
49.17155,1,1594.355,843.2007,1594.755,843.5853
49.17708,1,1594.355,843.2007,1594.555,843.393
49.18188,1,1594.355,843.2007,1594.455,843.2969
49.19598,1,1594.355,843.2007,1594.405,843.2488
49.22858,1,1591.456,841.3632,1592.93,842.306
49.24478,1,1591.456,841.3632,1592.193,841.8346
49.26241,1,1590.115,840.6378,1591.154,841.2362
49.28,1,1590.115,840.6378,1590.635,840.937
49.30732,1,1588.844,839.66,1589.739,840.2985
49.32682,1,1585.858,835.5476,1587.798,837.923
49.34424,1,1585.858,835.5476,1586.828,836.7354
49.3636,1,1580.966,826.9229,1583.897,831.8291
49.3803,1,1576.236,818.207,1580.067,825.0181
49.41386,1,1571.522,809.7541,1575.794,817.3861
49.42767,1,1571.522,809.7541,1573.658,813.5701
49.44186,1,1567.961,802.1806,1570.81,807.8754
49.46187,1,1567.961,802.1806,1569.385,805.028
49.47794,1,1564.912,795.7707,1567.149,800.3993
49.48213,1,1564.912,795.7707,1566.031,798.085
49.48875,1,1564.912,795.7707,1565.471,796.9279
49.50325,1,1560.852,789.556,1563.162,793.2419
49.51247,1,1560.852,789.556,1562.007,791.3989
49.51743,1,1560.852,789.556,1561.43,790.4774
49.5228,1,1560.852,789.556,1561.141,790.0167
49.53249,1,1556.696,782.3707,1558.918,786.1937
49.53793,1,1556.696,782.3707,1557.807,784.2822
49.54778,1,1556.696,782.3707,1557.251,783.3265
49.55341,1,1556.696,782.3707,1556.974,782.8486
49.56344,1,1552.777,775.7639,1554.875,779.3063
49.56972,1,1552.777,775.7639,1553.826,777.535
49.58077,1,1552.777,775.7639,1553.302,776.6494
49.58656,1,1552.777,775.7639,1553.039,776.2067
49.59592,1,1549.207,770.1702,1551.123,773.1884
49.60079,1,1549.207,770.1702,1550.165,771.6793
49.61219,1,1549.207,770.1702,1549.686,770.9247
49.61776,1,1549.207,770.1702,1549.447,770.5475
49.62813,1,1545.397,764.4399,1547.422,767.4937
49.63368,1,1545.397,764.4399,1546.41,765.9668
49.64346,1,1545.397,764.4399,1545.903,765.2034
49.64926,1,1545.397,764.4399,1545.65,764.8217
49.65923,1,1541.429,758.5234,1543.54,761.6725
49.66393,1,1541.429,758.5234,1542.484,760.098
49.67951,1,1541.429,758.5234,1541.957,759.3107
49.69827,1,1538.61,753.163,1540.283,756.2368
49.72967,1,1536.143,748.235,1538.213,752.2359
49.76044,1,1532.389,743.1777,1535.301,747.7068
49.77796,1,1528.995,738.8724,1532.148,743.2896
49.80563,1,1525.781,734.1608,1528.964,738.7252
49.82587,1,1525.781,734.1608,1527.373,736.443
49.84308,1,1522.155,729.0588,1524.764,732.7509
49.86355,1,1517.999,723.4805,1521.381,728.1157
49.86948,1,1517.999,723.4805,1519.69,725.7981
49.87439,1,1517.999,723.4805,1518.845,724.6393
49.87872,1,1517.999,723.4805,1518.422,724.0599
49.89004,1,1517.999,723.4805,1518.21,723.7701
49.89532,1,1514.257,718.7863,1516.234,721.2782
49.90894,1,1514.257,718.7863,1515.245,720.0322
49.91393,1,1514.257,718.7863,1514.751,719.4092
49.92889,1,1511.099,714.6214,1512.925,717.0153
49.94478,1,1511.099,714.6214,1512.012,715.8184
49.9722,1,1506.925,710.3904,1509.469,713.1044
49.98764,1,1503.582,706.8151,1506.525,709.9597
49.9976,1,1503.582,706.8151,1505.054,708.3874
50.00222,1,1503.582,706.8151,1504.318,707.6012
50.00859,1,1503.582,706.8151,1503.95,707.2081
50.01813,1,1501.201,702.8924,1502.575,705.0503
50.02892,1,1501.201,702.8924,1501.888,703.9713
50.03364,1,1501.201,702.8924,1501.544,703.4319
50.03916,1,1501.201,702.8924,1501.373,703.1621
50.05228,1,1497.71,698.6273,1499.541,700.8947
50.07267,1,1497.71,698.6273,1498.626,699.761
50.08498,1,1493.761,694.6384,1496.193,697.1997
50.09123,1,1493.761,694.6384,1494.977,695.9191
50.09618,1,1493.761,694.6384,1494.369,695.2787
50.10056,1,1493.761,694.6384,1494.065,694.9585
50.11241,1,1492.888,688.3268,1493.477,691.6426
50.12523,1,1492.888,688.3268,1493.182,689.9847
50.13097,1,1492.888,688.3268,1493.035,689.1558
50.14434,1,1489.191,685.3195,1491.113,687.2377
50.16244,1,1489.191,685.3195,1490.152,686.2786
50.18151,1,1486.45,682.5777,1488.301,684.4281
50.19724,1,1484.693,680.3312,1486.497,682.3796
50.21552,1,1484.693,680.3312,1485.595,681.3555
50.24764,1,1484.209,676.4124,1484.902,678.8839
50.26154,1,1482.222,673.72,1483.562,676.3019
50.26648,1,1482.222,673.72,1482.892,675.011
50.27222,1,1482.222,673.72,1482.557,674.3655
50.27799,1,1482.222,673.72,1482.39,674.0427
50.28274,1,1482.222,673.72,1482.306,673.8813
50.29333,1,1481.591,672.6668,1481.948,673.274
50.29869,1,1481.591,672.6668,1481.77,672.9705
50.30401,1,1481.591,672.6668,1481.68,672.8186
50.3143,1,1481.591,672.6668,1481.636,672.7427
50.32043,1,1480.833,671.6004,1481.235,672.1715
50.33051,1,1480.833,671.6004,1481.034,671.886
50.33528,1,1480.833,671.6004,1480.934,671.7432
50.34639,1,1479.853,669.4796,1480.393,670.6113
50.35163,1,1479.853,669.4796,1480.123,670.0454
50.36197,1,1479.853,669.4796,1479.988,669.7625
50.38107,1,1480.478,666.0546,1480.233,667.9086
50.41026,1,1478.27,663.8697,1479.252,665.8892
50.4162,1,1478.27,663.8697,1478.761,664.8794
50.42144,1,1478.27,663.8697,1478.515,664.3745
50.42684,1,1478.27,663.8697,1478.393,664.1221
50.4423,1,1476.155,662.5507,1477.274,663.3364
50.45867,1,1476.155,662.5507,1476.714,662.9436
50.47517,1,1474.209,661.1093,1475.462,662.0264
50.49216,1,1474.209,661.1093,1474.835,661.5679
50.50681,1,1472.353,659.0776,1473.594,660.3228
50.51299,1,1472.353,659.0776,1472.974,659.7002
50.52034,1,1472.353,659.0776,1472.663,659.3889
50.5313,1,1470.166,656.8643,1471.415,658.1266
50.5363,1,1470.166,656.8643,1470.79,657.4954
50.54501,1,1470.166,656.8643,1470.478,657.1798
50.55071,1,1470.166,656.8643,1470.322,657.022
50.55917,1,1469.628,654.0726,1469.975,655.5474
50.56535,1,1469.628,654.0726,1469.801,654.81
50.57202,1,1469.628,654.0726,1469.715,654.4413
50.57631,1,1469.628,654.0726,1469.671,654.257
50.58077,1,1469.628,654.0726,1469.65,654.1648
50.5906,1,1468.504,651.3177,1469.077,652.7412
50.59526,1,1468.504,651.3177,1468.791,652.0294
50.60037,1,1468.504,651.3177,1468.647,651.6736
50.61129,1,1468.504,651.3177,1468.576,651.4956
50.61601,1,1468.504,651.3177,1468.54,651.4066
50.62942,1,1466.985,650.0134,1467.762,650.71
50.64418,1,1466.985,650.0134,1467.374,650.3617
50.66238,1,1465.348,648.6821,1466.361,649.5219
50.67968,1,1464.559,648.0509,1465.46,648.7864
50.70615,1,1464.559,648.0509,1465.01,648.4186
50.72383,1,1463.737,647.4189,1464.373,647.9188
50.75208,1,1463.005,645.9519,1463.689,646.9353
50.77298,1,1455.725,645.2558,1459.707,646.0956
50.7911,1,1455.725,645.2558,1457.716,645.6757
50.80696,1,1389.541,646.5001,1423.629,646.0879
50.82389,1,1389.541,646.5001,1406.585,646.294
50.83898,1,1180.113,653.4875,1293.349,649.8907
50.84309,1,1180.113,653.4875,1236.731,651.6891
50.84814,1,1180.113,653.4875,1208.422,652.5883
50.86094,1,880.4959,689.5782,1044.459,671.0833
50.86625,1,880.4959,689.5782,962.4775,680.3307
50.88377,1,880.4959,689.5782,921.4867,684.9545
50.897,1,633.4513,735.8301,777.469,710.3923
50.91341,1,633.4513,735.8301,705.4601,723.1112
50.92695,1,515.5391,755.0784,610.4996,739.0948
50.94436,1,515.5391,755.0784,563.0193,747.0867
50.9614,1,463.1728,764.165,513.0961,755.6259
50.97932,1,437.8506,770.2053,475.4734,762.9156
50.99573,1,437.8506,770.2053,456.662,766.5604
51.01383,1,427.1183,772.5004,441.8901,769.5304
51.04211,1,417.2494,778.7356,429.5698,774.133
51.07049,1,410.0772,781.1163,419.8235,777.6246
51.0844,1,410.0772,781.1163,414.9504,779.3705
51.10158,1,424.1787,725.6645,419.5645,752.5175
51.11931,1,424.1787,725.6645,421.8716,739.0909
51.13515,1,493.4162,596.3735,457.6439,667.7322
51.14053,1,493.4162,596.3735,475.53,632.0529
51.15674,1,493.4162,596.3735,484.4731,614.2131
51.16958,1,625.2156,405.4975,554.8444,509.8553
51.17424,1,625.2156,405.4975,590.03,457.6764
51.17892,1,625.2156,405.4975,607.6228,431.5869
51.19303,1,711.218,278.1783,659.4204,354.8826
51.21149,1,711.218,278.1783,685.3192,316.5305
51.22412,1,752.3513,226.3224,718.8352,271.4264
51.22961,1,752.3513,226.3224,735.5933,248.8744
51.24424,1,752.3513,226.3224,743.9723,237.5984
51.26217,1,769.975,204.4058,756.9736,221.0021
51.27882,1,769.975,204.4058,763.4744,212.7039
51.29745,1,779.5391,192.6701,771.5067,202.687
51.31339,1,783.587,186.82,777.5469,194.7535
51.32949,1,783.587,186.82,780.567,190.7867
51.34757,1,740.8623,206.5063,760.7146,198.6465
51.36692,1,740.8623,206.5063,750.7885,202.5764
51.38512,1,664.3789,258.1058,707.5837,230.3411
51.4025,1,664.3789,258.1058,685.9813,244.2235
51.43324,1,362.6776,474.425,524.3295,359.3242
51.45212,1,362.6776,474.425,443.5035,416.8746
51.46883,1,272.9879,537.0582,358.2457,476.9664
51.48458,1,272.9879,537.0582,315.6168,507.0123
51.49893,1,227.6093,569.5983,271.6131,538.3053
51.50402,1,227.6093,569.5983,249.6112,553.9518
51.50902,1,227.6093,569.5983,238.6102,561.775
51.52489,1,202.6523,586.9498,220.6313,574.3624
51.54812,1,202.6523,586.9498,211.6418,580.6561
51.55939,1,189.5975,595.8723,200.6196,588.2642
51.56418,1,189.5975,595.8723,195.1086,592.0682
51.57063,1,189.5975,595.8723,192.353,593.9702
51.58086,1,189.5975,595.8723,190.9752,594.9213
51.58781,1,184.482,600.7007,187.7286,597.811
51.59573,1,184.482,600.7007,186.1053,599.2559
51.60026,1,184.482,600.7007,185.2937,599.9783
51.6093,1,184.482,600.7007,184.8879,600.3395
51.61427,1,303.7427,629.5036,244.3153,614.9215
51.62183,1,303.7427,629.5036,274.029,622.2125
51.63227,1,303.7427,629.5036,288.8859,625.858
51.6469,1,506.5471,631.5377,397.7165,628.6979
51.66071,1,506.5471,631.5377,452.1318,630.1178
51.66694,1,506.5471,631.5377,479.3394,630.8278
51.68165,1,960.4744,726.9984,719.9069,678.9131
51.70038,1,960.4744,726.9984,840.1906,702.9557
51.72138,1,1302.52,805.9385,1071.355,754.4471
51.72735,1,1302.52,805.9385,1186.937,780.1927
51.74282,1,1456.03,830.5604,1321.484,805.3766
51.76241,1,1456.03,830.5604,1388.757,817.9685
51.77733,1,1517.326,839.3214,1453.041,828.645
51.81018,1,1542.118,840.1529,1497.58,834.3989
51.82855,1,1550.056,839.9971,1523.818,837.198
51.86259,1,1553.8,842.5286,1538.809,839.8633
51.88396,1,1553.8,842.5286,1546.304,841.1959
51.89691,1,1557.567,842.8039,1551.936,841.9999
51.9127,1,1557.567,842.8039,1554.752,842.4019
51.93004,1,1560.127,841.1133,1557.439,841.7576
51.94906,1,1561.735,837.3872,1559.587,839.5724
51.97871,1,1561.463,832.3416,1560.525,835.957
51.99678,1,1561.463,832.3416,1560.994,834.1493
52.01472,1,1560.071,828.0822,1560.532,831.1157
52.05006,1,1558.793,824.3788,1559.663,827.7473
52.05553,1,1558.793,824.3788,1559.228,826.0631
52.07095,1,1559.32,823.8931,1559.274,824.9781
52.08421,1,1559.32,823.8931,1559.297,824.4355
52.08984,1,1559.32,823.8931,1559.308,824.1643
52.10309,1,1562.03,826.736,1560.669,825.4502
52.12025,1,1562.03,826.736,1561.35,826.0931
52.13629,1,1563.505,830.9456,1562.427,828.5193
52.15436,1,1563.505,830.9456,1562.966,829.7324
52.16679,1,1564.211,834.4183,1563.588,832.0753
52.17193,1,1564.211,834.4183,1563.9,833.2468
52.17621,1,1564.211,834.4183,1564.055,833.8325
52.18091,1,1564.211,834.4183,1564.133,834.1254
52.19608,1,1564.893,835.5148,1564.513,834.8201
52.21442,1,1564.893,835.5148,1564.703,835.1674
52.23196,1,1565.332,835.5754,1565.017,835.3715
52.24789,1,1565.332,835.5754,1565.175,835.4734
52.26639,1,1566.387,834.8071,1565.781,835.1403
52.29718,1,1567.67,834.2099,1566.725,834.675
52.3138,1,1568.841,834.2233,1567.783,834.4492
52.33061,1,1568.841,834.2233,1568.312,834.3363
52.34881,1,1570.126,834.465,1569.219,834.4006
52.37885,1,1571.112,832.3926,1570.166,833.3966
52.38328,1,1571.112,832.3926,1570.639,832.8947
52.39841,1,1571.112,832.3926,1570.875,832.6437
52.41362,1,1533.479,780.9512,1552.177,806.7974
52.43214,1,1350.528,572.6768,1451.353,689.7371
52.46382,1,1174.939,380.2252,1313.146,534.9811
52.48333,1,1174.939,380.2252,1244.042,457.6032
52.51508,1,1092.218,284.0634,1168.13,370.8333
52.5336,1,1056.244,243.8118,1112.187,307.3226
52.55235,1,1041.1,229.8613,1076.644,268.5919
52.58158,1,1034.276,220.3644,1055.46,244.4782
52.60291,1,1034.276,220.3644,1044.868,232.4213
52.63106,1,1031.314,217.5357,1038.091,224.9785
52.64561,1,1029.672,215.8762,1033.881,220.4273
52.65073,1,1029.672,215.8762,1031.776,218.1518
52.66174,1,1029.672,215.8762,1030.724,217.014
52.66667,1,1029.672,215.8762,1030.198,216.4451
52.67917,1,955.3507,186.0583,992.7743,201.2517
52.68383,1,955.3507,186.0583,974.0625,193.655
52.70161,1,829.165,171.8605,901.6138,182.7577
52.71548,1,829.165,171.8605,865.3894,177.3091
52.73446,1,743.6036,169.792,804.4965,173.5505
52.76422,1,693.9742,169.4965,749.2354,171.5235
52.78391,1,693.9742,169.4965,721.6047,170.51
52.813,1,667.2313,169.3964,694.418,169.9532
52.84294,1,651.7009,170.9824,673.0594,170.4678
52.86878,1,601.8936,210.0279,637.4765,190.2479
52.87552,1,601.8936,210.0279,619.6851,200.1379
52.87952,1,601.8936,210.0279,610.7893,205.0829
52.88322,1,601.8936,210.0279,606.3414,207.5554
52.89035,1,493.3763,346.3575,549.8588,276.9564
52.8975,1,493.3763,346.3575,521.6176,311.657
52.90173,1,493.3763,346.3575,507.4969,329.0072
52.91189,1,493.3763,346.3575,500.4366,337.6823
52.91719,1,385.9375,509.7593,443.1871,423.7208
52.92635,1,385.9375,509.7593,414.5623,466.7401
52.93088,1,385.9375,509.7593,400.2499,488.2497
52.93616,1,385.9375,509.7593,393.0938,499.0045
52.94733,1,326.7299,602.0897,359.9119,550.5471
52.95387,1,326.7299,602.0897,343.3209,576.3184
52.96043,1,326.7299,602.0897,335.0255,589.204
52.96463,1,326.7299,602.0897,330.8777,595.6469
52.97134,1,326.7299,602.0897,328.8038,598.8683
52.97737,1,298.2535,646.2161,313.5287,622.5422
52.98187,1,298.2535,646.2161,305.8911,634.3792
52.99237,1,298.2535,646.2161,302.0723,640.2976
52.99709,1,298.2535,646.2161,300.1629,643.2568
53.01002,1,283.5709,668.2692,291.8669,655.763
53.01556,1,283.5709,668.2692,287.7189,662.0161
53.02628,1,283.5709,668.2692,285.6449,665.1426
53.0312,1,283.5709,668.2692,284.6078,666.7059
53.04419,1,273.9294,679.6393,279.2686,673.1726
53.05008,1,273.9294,679.6393,276.599,676.4059
53.06192,1,273.9294,679.6393,275.2642,678.0226
53.07688,1,264.2462,683.182,269.7552,680.6023
53.09288,1,264.2462,683.182,267.0007,681.8922
53.11241,1,261.3047,691.6907,264.1527,686.7914
53.13065,1,258.839,696.9978,261.4958,691.8947
53.14789,1,258.839,696.9978,260.1674,694.4462
53.16035,1,257.4719,699.924,258.8196,697.1851
53.16489,1,257.4719,699.924,258.1458,698.5545
53.17029,1,257.4719,699.924,257.8088,699.2393
53.17831,1,257.4719,699.924,257.6404,699.5816
53.18275,1,257.4719,699.924,257.5562,699.7528
53.18913,1,255.6015,703.6804,256.5788,701.7166
53.19791,1,255.6015,703.6804,256.0901,702.6985
53.2056,1,255.6015,703.6804,255.8458,703.1895
53.21957,1,254.4112,706.65,255.1285,704.9197
53.22823,1,254.4112,706.65,254.7699,705.7848
53.23283,1,254.4112,706.65,254.5905,706.2174
53.24119,1,254.4112,706.65,254.5009,706.4337
53.24651,1,253.7789,709.9584,254.1399,708.196
53.25148,1,253.7789,709.9584,253.9594,709.0772
53.2593,1,253.7789,709.9584,253.8692,709.5178
53.26399,1,253.7789,709.9584,253.8241,709.7381
53.2702,1,253.7789,709.9584,253.8015,709.8483
53.27745,1,243.3512,723.0758,248.5764,716.462
53.2824,1,243.3512,723.0758,245.9638,719.7689
53.29405,1,243.3512,723.0758,244.6575,721.4224
53.29906,1,243.3512,723.0758,244.0043,722.2491
53.31475,1,231.3578,747.1018,237.6811,734.6754
53.33274,1,231.3578,747.1018,234.5194,740.8886
53.34927,1,222.723,764.3427,228.6212,752.6156
53.36452,1,222.723,764.3427,225.6721,758.4791
53.38267,1,252.5952,739.6646,239.1337,749.0719
53.40028,1,377.0314,650.0238,308.0825,699.5479
53.41619,1,377.0314,650.0238,342.5569,674.7858
53.43005,1,553.1725,528.1803,447.8647,601.483
53.43453,1,553.1725,528.1803,500.5186,564.8317
53.44894,1,553.1725,528.1803,526.8456,546.506
53.46168,1,668.3031,446.7773,597.5743,496.6417
53.46688,1,668.3031,446.7773,632.9387,471.7095
53.4822,1,668.3031,446.7773,650.6209,459.2434
53.49465,1,726.5094,405.6001,688.5652,432.4218
53.49955,1,726.5094,405.6001,707.5373,419.0109
53.51482,1,726.5094,405.6001,717.0233,412.3055
53.52879,1,755.2247,385.4409,736.124,398.8732
53.54391,1,755.2247,385.4409,745.6744,392.1571
53.5612,1,769.4084,373.7696,757.5414,382.9633
53.5778,1,778.7549,367.9125,768.1481,375.4379
53.59435,1,778.7549,367.9125,773.4515,371.6752
53.61217,1,846.4448,260.9685,809.9482,316.3218
53.6291,1,846.4448,260.9685,828.1965,288.6451
53.64143,1,908.1059,150.4028,868.1512,219.524
53.64695,1,908.1059,150.4028,888.1285,184.9634
53.65218,1,908.1059,150.4028,898.1172,167.6831
53.66859,1,938.1314,99.3735,918.1243,133.5283
53.68494,1,938.1314,99.3735,928.1278,116.4509
53.71458,1,952.913,71.79999,940.5204,94.12544
53.7207,1,952.913,71.79999,946.7167,82.96272
53.74985,1,961.1556,57.73962,953.9362,70.35117
53.76288,1,1008.252,66.34277,981.0941,68.34697
53.78088,1,1008.252,66.34277,994.673,67.34487
53.79449,1,1144.73,174.8442,1069.702,121.0946
53.79919,1,1144.73,174.8442,1107.216,147.9694
53.80526,1,1144.73,174.8442,1125.973,161.4068
53.81345,1,1144.73,174.8442,1135.352,168.1255
53.81783,1,1144.73,174.8442,1140.041,171.4849
53.82332,1,1333.839,298.8061,1236.94,235.1455
53.83189,1,1333.839,298.8061,1285.39,266.9758
53.83738,1,1333.839,298.8061,1309.615,282.8909
53.84376,1,1333.839,298.8061,1321.727,290.8485
53.84934,1,1333.839,298.8061,1327.783,294.8273
53.85519,1,1435.113,493.8605,1381.448,394.3439
53.8638,1,1435.113,493.8605,1408.28,444.1022
53.86954,1,1435.113,493.8605,1421.696,468.9813
53.87949,1,1435.113,493.8605,1428.405,481.4209
53.88483,1,1484.476,617.6016,1456.44,549.5112
53.89577,1,1484.476,617.6016,1470.458,583.5564
53.90068,1,1484.476,617.6016,1477.467,600.579
53.91615,1,1499.962,672.4307,1488.714,636.5049
53.94814,1,1503.952,695.6826,1496.333,666.0938
53.97519,1,1505.001,704.7599,1500.667,685.4269
53.99284,1,1505.001,704.7599,1502.834,695.0934
54.00966,1,1503.543,708.2555,1503.189,701.6744
54.02461,1,1503.543,708.2555,1503.366,704.965
54.03893,1,1498.827,706.4606,1501.096,705.7128
54.04921,1,1498.827,706.4606,1499.962,706.0867
54.05443,1,1498.827,706.4606,1499.394,706.2737
54.06416,1,1497.899,704.9592,1498.647,705.6165
54.07171,1,1497.899,704.9592,1498.273,705.2878
54.08123,1,1497.899,704.9592,1498.086,705.1235
54.08735,1,1497.899,704.9592,1497.992,705.0414
54.09574,1,1499.762,707.5561,1498.877,706.2987
54.09999,1,1499.762,707.5561,1499.319,706.9274
54.1069,1,1499.762,707.5561,1499.541,707.2417
54.11324,1,1499.762,707.5561,1499.651,707.3989
54.11796,1,1499.762,707.5561,1499.706,707.4775
54.1268,1,1501.672,709.1512,1500.689,708.3144
54.13131,1,1501.672,709.1512,1501.18,708.7328
54.14365,1,1501.672,709.1512,1501.426,708.942
54.15293,1,1502.266,708.614,1501.846,708.778
54.16178,1,1502.266,708.614,1502.056,708.696
54.16813,1,1502.266,708.614,1502.161,708.655
54.17758,1,1502.266,708.614,1502.213,708.6345
54.18229,1,1503.111,708.4094,1502.662,708.522
54.19431,1,1503.111,708.4094,1502.887,708.4657
54.20895,1,1503.111,708.4094,1502.999,708.4375
54.21391,1,1503.529,708.0807,1503.264,708.2592
54.23296,1,1503.529,708.0807,1503.397,708.1699
54.26081,1,1502.712,707.6002,1503.054,707.8851
54.27935,1,1501.232,707.2862,1502.143,707.5856
54.29749,1,1501.232,707.2862,1501.688,707.4359
54.31236,1,1499.125,706.4778,1500.406,706.9568
54.32936,1,1499.125,706.4778,1499.766,706.7173
54.34689,1,1497.674,705.8019,1498.72,706.2596
54.3642,1,1496.66,705.3539,1497.69,705.8068
54.38403,1,1496.66,705.3539,1497.175,705.5803
54.39877,1,1495.82,704.684,1496.498,705.1322
54.41505,1,1495.82,704.684,1496.159,704.9081
54.4305,1,1494.99,703.9824,1495.575,704.4453
54.44788,1,1494.99,703.9824,1495.282,704.2139
54.46013,1,1494.112,702.9083,1494.697,703.5611
54.47661,1,1494.112,702.9083,1494.404,703.2347
54.49102,1,1493.015,700.9802,1493.71,702.1075
54.50951,1,1493.015,700.9802,1493.363,701.5438
54.52544,1,1491.797,698.2707,1492.58,699.9072
54.5453,1,1490.12,694.7305,1491.35,697.3188
54.56844,1,1490.12,694.7305,1490.735,696.0247
54.59652,1,1487.604,690.096,1489.17,693.0603
54.6116,1,1484.703,685.1096,1486.937,689.085
54.61642,1,1484.703,685.1096,1485.82,687.0973
54.62891,1,1484.703,685.1096,1485.261,686.1035
54.63386,1,1484.703,685.1096,1484.982,685.6066
54.65304,1,1480.713,680.1356,1482.848,682.8711
54.66805,1,1476.642,676.4243,1479.745,679.6477
54.68436,1,1476.642,676.4243,1478.193,678.036
54.69939,1,1473.698,673.1722,1475.946,675.6041
54.71423,1,1473.698,673.1722,1474.822,674.3882
54.73349,1,1470.839,670.7399,1472.83,672.5641
54.75365,1,1470.839,670.7399,1471.834,671.652
54.77179,1,1467.88,667.6217,1469.857,669.6368
54.78971,1,1464.761,664.5513,1467.309,667.0941
54.80579,1,1464.761,664.5513,1466.035,665.8226
54.82175,1,1462.583,662.2399,1464.309,664.0313
54.8392,1,1462.583,662.2399,1463.446,663.1356
54.85344,1,1460.898,661.3081,1462.172,662.2219
54.85783,1,1460.898,661.3081,1461.535,661.765
54.86411,1,1460.898,661.3081,1461.217,661.5366
54.88217,1,1455.104,658.249,1458.161,659.8928
54.89739,1,1455.104,658.249,1456.632,659.0709
54.91189,1,1446.519,654.2245,1451.575,656.6477
54.93193,1,1446.519,654.2245,1449.047,655.4361
54.94488,1,1437.849,650.7262,1443.448,653.0812
54.97337,1,1429.565,646.3083,1436.506,649.6947
54.9888,1,1429.565,646.3083,1433.036,648.0015
55.00701,1,1423.195,643.8022,1428.115,645.9019
55.02444,1,1423.195,643.8022,1425.655,644.8521
55.03812,1,1415.81,639.6482,1420.732,642.2501
55.05524,1,1415.81,639.6482,1418.271,640.9492
55.06769,1,1410.557,636.9079,1414.414,638.9285
55.07327,1,1410.557,636.9079,1412.486,637.9182
55.08794,1,1410.557,636.9079,1411.521,637.4131
55.10383,1,1407.69,635.433,1409.606,636.423
55.11836,1,1405.533,632.6311,1407.57,634.5271
55.13499,1,1405.533,632.6311,1406.552,633.5791
55.15075,1,1412.995,639.0367,1409.773,636.3079
55.16799,1,1412.995,639.0367,1411.384,637.6724
55.18111,1,1419.721,644.0895,1415.552,640.8809
55.18669,1,1419.721,644.0895,1417.636,642.4852
55.19144,1,1419.721,644.0895,1418.678,643.2874
55.19629,1,1419.721,644.0895,1419.199,643.6884
55.21086,1,1432.805,653.2699,1426.002,648.4791
55.22873,1,1432.805,653.2699,1429.403,650.8745
55.24352,1,1447.609,663.0104,1438.506,656.9424
55.26244,1,1447.609,663.0104,1443.057,659.9764
55.27766,1,1460.048,672.1329,1451.553,666.0547
55.31055,1,1473.342,662.8154,1462.447,664.4351
55.32744,1,1473.342,662.8154,1467.894,663.6252
55.34669,1,1484.042,655.1104,1475.968,659.3678
55.36275,1,1500.554,667.0988,1488.261,663.2333
55.37975,1,1500.554,667.0988,1494.407,665.166
55.39519,1,1517.901,700.3777,1506.154,682.7719
55.41322,1,1517.901,700.3777,1512.028,691.5748
55.44219,1,1535.869,736.2169,1523.948,713.8959
55.45746,1,1550.045,764.5173,1536.997,739.2065
55.46222,1,1550.045,764.5173,1543.521,751.8619
55.49039,1,1561.653,784.8265,1552.587,768.3442
55.49961,1,1561.653,784.8265,1557.12,776.5854
55.50481,1,1561.653,784.8265,1559.387,780.7059
55.52387,1,1570.953,798.0717,1565.17,789.3888
55.53998,1,1570.953,798.0717,1568.061,793.7302
55.55982,1,1578.251,808.8326,1573.156,801.2814
55.57776,1,1584.4,817.7698,1578.778,809.5256
55.58249,1,1584.4,817.7698,1581.589,813.6477
55.58849,1,1584.4,817.7698,1582.994,815.7087
55.59323,1,1584.4,817.7698,1583.697,816.7393
55.59776,1,1584.4,817.7698,1584.048,817.2545
55.60256,1,1587.685,821.1678,1585.866,819.2112
55.61253,1,1587.685,821.1678,1586.776,820.1895
55.61736,1,1587.685,821.1678,1587.23,820.6787
55.63405,1,1591.312,826.6815,1589.271,823.6801
55.6515,1,1591.312,826.6815,1590.292,825.1808
55.66625,1,1593.344,830.1481,1591.818,827.6644
55.6832,1,1593.344,830.1481,1592.581,828.9063
55.70219,1,1595.045,832.8572,1593.813,830.8817
55.73013,1,1597.062,836.5768,1595.437,833.7292
55.74918,1,1597.062,836.5768,1596.25,835.153
55.76199,1,1599.627,839.7608,1597.938,837.4569
55.76891,1,1599.627,839.7608,1598.783,838.6089
55.77769,1,1599.627,839.7608,1599.205,839.1848
55.78215,1,1599.627,839.7608,1599.416,839.4728
55.78939,1,1602.684,842.7645,1601.05,841.1187
55.79652,1,1602.684,842.7645,1601.867,841.9415
55.80154,1,1602.684,842.7645,1602.275,842.353
55.8124,1,1602.684,842.7645,1602.48,842.5587
55.81744,1,1606,846.6339,1604.24,844.5963
55.82823,1,1606,846.6339,1605.12,845.6151
55.83338,1,1606,846.6339,1605.56,846.1245
55.84443,1,1609.207,851.0212,1607.384,848.5729
55.85046,1,1609.207,851.0212,1608.295,849.7971
55.8595,1,1609.207,851.0212,1608.751,850.4092
55.86453,1,1609.207,851.0212,1608.979,850.7152
55.87754,1,1613.093,855.364,1611.036,853.0396
55.88223,1,1613.093,855.364,1612.065,854.2018
55.89651,1,1613.093,855.364,1612.579,854.7829
55.91002,1,1617.263,859.53,1614.921,857.1564
55.91454,1,1617.263,859.53,1616.092,858.3432
55.9481,1,1621.836,866.1144,1618.964,862.2288
55.97088,1,1625.316,871.1303,1622.14,866.6796
56.00051,1,1630.301,873.2148,1626.221,869.9471
56.0209,1,1630.301,873.2148,1628.261,871.5809
56.04156,1,1633.511,872.5897,1630.886,872.0853
56.05723,1,1635.403,871.6723,1633.144,871.8788
56.08611,1,1636.465,870.4324,1634.804,871.1556
56.1042,1,1636.465,870.4324,1635.635,870.7939
56.11868,1,1637.205,869.1097,1636.42,869.9518
56.15055,1,1637.946,868.3519,1637.183,869.1519
56.17052,1,1637.946,868.3519,1637.564,868.7518
56.18129,1,1638.198,867.6864,1637.881,868.2191
56.18528,1,1638.198,867.6864,1638.04,867.9528
56.19189,1,1638.198,867.6864,1638.119,867.8196
56.20962,1,1638.828,865.7005,1638.473,866.76
56.22781,1,1638.828,865.7005,1638.651,866.2302
56.24622,1,1638.269,846.3453,1638.46,856.2877
56.26144,1,1638.269,846.3453,1638.365,851.3165
56.29205,1,1646.951,807.7572,1642.658,829.5369
56.31281,1,1657.985,806.7208,1650.322,818.1288
56.34476,1,1655.819,821.5836,1653.07,819.8562
56.36081,1,1654.614,828.0356,1653.842,823.9459
56.37843,1,1654.614,828.0356,1654.228,825.9907
56.39751,1,1653.757,834.9911,1653.993,830.4909
56.41363,1,1653.757,834.9911,1653.875,832.741
56.43134,1,1652.777,846.3965,1653.326,839.5687
56.45901,1,1650.915,858.5414,1652.12,849.0551
56.47772,1,1650.915,858.5414,1651.517,853.7982
56.50828,1,1648.004,876.0969,1649.761,864.9476
56.52476,1,1648.004,876.0969,1648.882,870.5222
56.54196,1,1645.611,880.4527,1647.246,875.4874
56.54926,1,1645.611,880.4527,1646.428,877.9701
56.55488,1,1645.611,880.4527,1646.02,879.2114
56.55896,1,1645.611,880.4527,1645.815,879.832
56.56306,1,1645.611,880.4527,1645.713,880.1423
56.56903,1,1643.317,882.9692,1644.515,881.5558
56.57672,1,1643.317,882.9692,1643.916,882.2625
56.58173,1,1643.317,882.9692,1643.616,882.6158
56.59103,1,1643.317,882.9692,1643.466,882.7925
56.59561,1,1643.317,882.9692,1643.392,882.8809
56.61256,1,1641.465,885.3063,1642.428,884.0936
56.63142,1,1640.866,888.2834,1641.647,886.1885
56.65245,1,1640.866,888.2834,1641.257,887.236
56.66082,1,1641.212,891.3277,1641.235,889.2819
56.66666,1,1641.212,891.3277,1641.224,890.3048
56.67243,1,1641.212,891.3277,1641.218,890.8163
56.67669,1,1641.212,891.3277,1641.215,891.072
56.69096,1,1645.917,895.2701,1643.566,893.171
56.72205,1,1652.587,900.7534,1648.076,896.9622
56.73386,1,1652.587,900.7534,1650.331,898.8578
56.7398,1,1652.587,900.7534,1651.459,899.8055
56.75079,1,1659.412,906.5581,1655.436,903.1818
56.75745,1,1659.412,906.5581,1657.424,904.87
56.76683,1,1659.412,906.5581,1658.418,905.7141
56.7729,1,1659.412,906.5581,1658.915,906.1361
56.78316,1,1666.968,912.5508,1662.942,909.3435
56.79618,1,1666.968,912.5508,1664.955,910.9471
56.80344,1,1666.968,912.5508,1665.961,911.749
56.81273,1,1673.711,918.5261,1669.836,915.1376
56.81959,1,1673.711,918.5261,1671.773,916.8318
56.83088,1,1673.711,918.5261,1672.742,917.679
56.83614,1,1673.711,918.5261,1673.226,918.1025
56.84441,1,1680.914,924.8047,1677.07,921.4536
56.85059,1,1680.914,924.8047,1678.992,923.1292
56.86079,1,1680.914,924.8047,1679.953,923.9669
56.86546,1,1680.914,924.8047,1680.434,924.3858
56.87609,1,1687.761,931.0126,1684.098,927.6992
56.88077,1,1687.761,931.0126,1685.93,929.356
56.89376,1,1687.761,931.0126,1686.845,930.1843
56.89891,1,1687.761,931.0126,1687.303,930.5985
56.91261,1,1694.186,937.4738,1690.745,934.0361
56.94731,1,1700.021,943.7266,1695.383,938.8813
56.96534,1,1704.594,949.5701,1699.988,944.2257
56.98421,1,1704.594,949.5701,1702.291,946.8979
57.01645,1,1708.292,954.8149,1705.292,950.8564
57.0306,1,1711.609,959.3612,1708.451,955.1088
57.03474,1,1711.609,959.3612,1710.03,957.235
57.04776,1,1711.609,959.3612,1710.82,958.2981
57.05228,1,1714.602,963.7904,1712.711,961.0443
57.06362,1,1714.602,963.7904,1713.656,962.4174
57.06916,1,1714.602,963.7904,1714.129,963.1039
57.08054,1,1714.602,963.7904,1714.366,963.4471
57.0855,1,1717.165,968.0699,1715.765,965.7585
57.09119,1,1717.165,968.0699,1716.465,966.9142
57.09639,1,1717.165,968.0699,1716.815,967.4921
57.11092,1,1717.165,968.0699,1716.99,967.781
57.12791,1,1718.749,971.2907,1717.869,969.5359
57.13258,1,1718.749,971.2907,1718.309,970.4133
57.1478,1,1720.594,975.2036,1719.452,972.8085
57.16664,1,1720.594,975.2036,1720.023,974.006
57.18156,1,1723.54,979.2833,1721.781,976.6447
57.19865,1,1723.54,979.2833,1722.661,977.964
57.21207,1,1725.601,983.565,1724.131,980.7645
57.21625,1,1725.601,983.565,1724.866,982.1648
57.22115,1,1725.601,983.565,1725.233,982.8649
57.22646,1,1725.601,983.565,1725.417,983.215
57.2429,1,1728.477,986.642,1726.947,984.9285
57.27223,1,1731.601,988.9072,1729.274,986.9178
57.29797,1,1733.871,989.8422,1731.573,988.38
57.30321,1,1733.871,989.8422,1732.722,989.1111
57.31766,1,1733.871,989.8422,1733.297,989.4767
57.33046,1,1728.136,991.5435,1730.716,990.5101
57.3476,1,1728.136,991.5435,1729.426,991.0267
57.36721,1,1670.51,997.2116,1699.968,994.1191
57.40107,1,1393.434,1016.859,1546.701,1005.489
57.4194,1,901.97,1013.467,1224.336,1009.478
57.43895,1,901.97,1013.467,1063.153,1011.473
57.45228,1,531.3644,996.1405,797.2586,1003.807
57.45768,1,531.3644,996.1405,664.3115,999.9736
57.46403,1,531.3644,996.1405,597.838,998.057
57.46896,1,531.3644,996.1405,564.6012,997.0988
57.47453,1,376.825,989.1629,470.7131,993.1309
57.48769,1,376.825,989.1629,423.769,991.1469
57.50092,1,376.825,989.1629,400.297,990.1549
57.5075,1,327.1435,973.292,363.7202,981.7234
57.5209,1,327.1435,973.292,345.4318,977.5077
57.53811,1,305.6874,967.2177,325.5596,972.3627
57.55341,1,305.6874,967.2177,315.6235,969.7902
57.58311,1,246.011,980.1373,280.8173,974.9637
57.60486,1,180.1109,996.5502,230.4641,985.757
57.62093,1,180.1109,996.5502,205.2875,991.1536
57.63221,1,144.3104,1004.858,174.799,998.006
57.63689,1,144.3104,1004.858,159.5547,1001.432
57.64145,1,144.3104,1004.858,151.9326,1003.145
57.64725,1,144.3104,1004.858,148.1215,1004.002
57.66176,1,130.3099,1003.649,139.2157,1003.825
57.67901,1,130.3099,1003.649,134.7628,1003.737
57.70834,1,121.8432,1006.512,128.303,1005.124
57.72454,1,114.4855,1008.899,121.3942,1007.011
57.73154,1,114.4855,1008.899,117.9399,1007.955
57.73692,1,114.4855,1008.899,116.2127,1008.427
57.74702,1,109.5636,1012.305,112.8881,1010.366
57.75195,1,109.5636,1012.305,111.2258,1011.335
57.7595,1,109.5636,1012.305,110.3947,1011.82
57.76379,1,109.5636,1012.305,109.9791,1012.062
57.76926,1,109.5636,1012.305,109.7714,1012.184
57.77427,1,109.5636,1012.305,109.6675,1012.244
57.77866,1,104.8541,1014.724,107.2608,1013.484
57.78355,1,104.8541,1014.724,106.0574,1014.104
57.79366,1,104.8541,1014.724,105.4558,1014.414
57.79816,1,104.8541,1014.724,105.1549,1014.569
57.80951,1,99.86603,1017.458,102.5105,1016.013
57.81422,1,99.86603,1017.458,101.1883,1016.735
57.82658,1,99.86603,1017.458,100.5271,1017.097
57.83236,1,99.86603,1017.458,100.1966,1017.277
57.84146,1,110.6276,1024.23,105.4121,1020.754
57.84686,1,110.6276,1024.23,108.0199,1022.492
57.85686,1,110.6276,1024.23,109.3238,1023.361
57.86166,1,110.6276,1024.23,109.9757,1023.796
57.87415,1,176.7218,1033.02,143.3488,1028.408
57.87904,1,176.7218,1033.02,160.0353,1030.714
57.89587,1,495.3579,1044.848,327.6966,1037.781
57.92865,1,1008.743,1032.404,668.2196,1035.092
57.93988,1,1008.743,1032.404,838.4811,1033.748
57.94423,1,1008.743,1032.404,923.6118,1033.076
57.94902,1,1008.743,1032.404,966.1772,1032.74
57.95477,1,1008.743,1032.404,987.4598,1032.572
57.96213,1,1391.315,985.3847,1189.387,1008.978
57.96768,1,1391.315,985.3847,1290.351,997.1815
57.9733,1,1391.315,985.3847,1340.833,991.2831
57.98173,1,1391.315,985.3847,1366.074,988.3339
57.98799,1,1538.856,961.2108,1452.465,974.7723
57.99476,1,1538.856,961.2108,1495.66,967.9916
57.99907,1,1538.856,961.2108,1517.258,964.6012
58.00448,1,1538.856,961.2108,1528.057,962.906
58.01451,1,1538.856,961.2108,1533.457,962.0583
58.02396,1,1581.518,938.6333,1557.487,950.3458
58.03081,1,1581.518,938.6333,1569.502,944.4896
58.04306,1,1581.518,938.6333,1575.51,941.5614
58.05,1,1598.682,926.5779,1587.096,934.0697
58.06677,1,1598.682,926.5779,1592.889,930.3239
58.08163,1,1601.545,910.4928,1597.217,920.4083
58.09671,1,1601.545,910.4928,1599.381,915.4506
58.11347,1,1600.31,895.5682,1599.846,905.5094
58.13448,1,1600.31,895.5682,1600.078,900.5388
58.14795,1,1594.603,881.6223,1597.34,891.0806
58.1533,1,1594.603,881.6223,1595.972,886.3514
58.15816,1,1594.603,881.6223,1595.287,883.9869
58.17566,1,1606.129,868.5706,1600.708,876.2787
58.18349,1,1606.129,868.5706,1603.418,872.4246
58.19016,1,1606.129,868.5706,1604.774,870.4976
58.19888,1,1606.129,868.5706,1605.451,869.5341
58.20575,1,1617.96,861.4782,1611.706,865.5061
58.21814,1,1617.96,861.4782,1614.833,863.4922
58.22632,1,1617.96,861.4782,1616.397,862.4852
58.23109,1,1628.346,859.5005,1622.372,860.9929
58.23626,1,1628.346,859.5005,1625.359,860.2467
58.24656,1,1628.346,859.5005,1626.853,859.8736
58.25723,1,1628.346,859.5005,1627.599,859.687
58.26185,1,1636.307,859.1334,1631.953,859.4102
58.26752,1,1636.307,859.1334,1634.13,859.2717
58.27809,1,1636.307,859.1334,1635.219,859.2025
58.29494,1,1640.647,859.8392,1637.933,859.5209
58.31188,1,1640.647,859.8392,1639.29,859.6801
58.32687,1,1645.138,860.4452,1642.214,860.0626
58.34118,1,1645.138,860.4452,1643.676,860.2539
58.35664,1,1648.818,859.8674,1646.247,860.0607
58.37439,1,1648.818,859.8674,1647.532,859.964
58.3904,1,1652.279,859.3026,1649.906,859.6333
58.39928,1,1652.279,859.3026,1651.092,859.468
58.40508,1,1652.279,859.3026,1651.686,859.3853
58.41546,1,1653.668,858.4371,1652.677,858.9112
58.42137,1,1653.668,858.4371,1653.172,858.6742
58.43079,1,1653.668,858.4371,1653.42,858.5557
58.43666,1,1653.668,858.4371,1653.544,858.4964
58.44754,1,1654.615,858.1026,1654.079,858.2995
58.45333,1,1654.615,858.1026,1654.347,858.201
58.46318,1,1654.615,858.1026,1654.481,858.1519
58.46912,1,1654.615,858.1026,1654.548,858.1272
58.4773,1,1655.177,857.9039,1654.863,858.0156
58.48163,1,1655.177,857.9039,1655.02,857.9597
58.49158,1,1655.177,857.9039,1655.099,857.9318
58.49618,1,1655.177,857.9039,1655.138,857.9178
58.50175,1,1655.107,857.0375,1655.123,857.4777
58.5116,1,1655.107,857.0375,1655.115,857.2576
58.51662,1,1655.107,857.0375,1655.111,857.1475
58.52799,1,1655.107,857.0375,1655.109,857.0925
58.53724,1,1655.06,856.0259,1655.084,856.5592
58.54266,1,1655.06,856.0259,1655.072,856.2925
58.54876,1,1655.06,856.0259,1655.066,856.1592
58.58173,1,1653.473,854.0368,1654.27,855.098
58.59709,1,1651.584,851.416,1652.927,853.257
58.60186,1,1651.584,851.416,1652.255,852.3364
58.6088,1,1651.584,851.416,1651.919,851.8762
58.62337,1,1648.693,848.119,1650.306,849.9976
58.63985,1,1648.693,848.119,1649.5,849.0583
58.65564,1,1645.797,844.1187,1647.648,846.5885
58.66474,1,1645.797,844.1187,1646.723,845.3536
58.67101,1,1645.797,844.1187,1646.26,844.7361
58.67985,1,1645.797,844.1187,1646.028,844.4274
58.68422,1,1642.372,840.1223,1644.2,842.2748
58.69324,1,1642.372,840.1223,1643.286,841.1985
58.69838,1,1642.372,840.1223,1642.829,840.6604
58.70365,1,1642.372,840.1223,1642.6,840.3914
58.71432,1,1639.132,835.6375,1640.866,838.0144
58.72395,1,1639.132,835.6375,1639.999,836.8259
58.73,1,1639.132,835.6375,1639.565,836.2317
58.74157,1,1639.132,835.6375,1639.348,835.9346
58.74794,1,1635.881,830.1455,1637.615,833.04
58.75866,1,1635.881,830.1455,1636.748,831.5928
58.76316,1,1635.881,830.1455,1636.315,830.8691
58.77709,1,1631.712,824.5126,1634.013,827.6909
58.79359,1,1631.712,824.5126,1632.863,826.1017
58.80827,1,1627.131,818.4184,1629.997,822.26
58.8132,1,1627.131,818.4184,1628.564,820.3392
58.84125,1,1622.924,811.6744,1625.744,816.0068
58.85981,1,1622.924,811.6744,1624.334,813.8406
58.87475,1,1619.769,805.498,1622.051,809.6693
58.8875,1,1619.769,805.498,1620.91,807.5836
58.89716,1,1615.724,799.5604,1618.317,803.572
58.90158,1,1615.724,799.5604,1617.021,801.5662
58.9105,1,1615.724,799.5604,1616.372,800.5634
58.91504,1,1615.724,799.5604,1616.048,800.0619
58.92046,1,1615.724,799.5604,1615.886,799.8112
58.92915,1,1611.295,790.4714,1613.59,795.1412
58.93361,1,1611.295,790.4714,1612.443,792.8063
58.94182,1,1611.295,790.4714,1611.869,791.6388
58.94767,1,1611.295,790.4714,1611.582,791.0551
58.95359,1,1611.295,790.4714,1611.438,790.7632
58.95997,1,1607.03,782.438,1609.234,786.6006
58.96449,1,1607.03,782.438,1608.132,784.5193
58.9778,1,1607.03,782.438,1607.581,783.4786
58.98278,1,1607.03,782.438,1607.306,782.9584
58.9999,1,1604.624,776.3926,1605.965,779.6755
59.01776,1,1603.331,773.782,1604.648,776.7288
59.05005,1,1603.075,771.2564,1603.862,773.9926
59.06764,1,1603.075,771.2564,1603.468,772.6245
59.07709,1,1601.338,769.147,1602.403,770.8857
59.08173,1,1601.338,769.147,1601.87,770.0164
59.08699,1,1601.338,769.147,1601.604,769.5817
59.09176,1,1601.338,769.147,1601.471,769.3644
59.10727,1,1598.999,766.4916,1600.235,767.928
59.12875,1,1598.999,766.4916,1599.617,767.2098
59.14152,1,1596.384,762.692,1598,764.9509
59.14651,1,1596.384,762.692,1597.192,763.8215
59.15158,1,1596.384,762.692,1596.788,763.2567
59.15727,1,1596.384,762.692,1596.586,762.9744
59.16752,1,1593.328,758.7342,1594.957,760.8542
59.17364,1,1593.328,758.7342,1594.142,759.7942
59.18106,1,1593.328,758.7342,1593.735,759.2642
59.1871,1,1593.328,758.7342,1593.531,758.9991
59.20134,1,1588.904,754.1132,1591.218,756.5562
59.21197,1,1588.904,754.1132,1590.061,755.3347
59.21677,1,1588.904,754.1132,1589.482,754.7239
59.22979,1,1582.803,746.4208,1586.143,750.5724
59.23486,1,1582.803,746.4208,1584.473,748.4966
59.2612,1,1576.166,738.2606,1580.32,743.3785
59.28013,1,1576.166,738.2606,1578.243,740.8196
59.29773,1,1570.035,728.1932,1574.139,734.5063
59.31444,1,1570.035,728.1932,1572.087,731.3497
59.34586,1,1564.214,717.7598,1568.151,724.5547
59.38036,1,1552.094,699.8485,1560.122,712.2017
59.40179,1,1552.094,699.8485,1556.108,706.0251
59.43288,1,1549.367,695.9946,1552.738,701.0098
59.44723,1,1547.697,693.541,1550.217,697.2754
59.45149,1,1547.697,693.541,1548.957,695.4082
59.46352,1,1547.697,693.541,1548.327,694.4746
59.48013,1,1547.438,694.0206,1547.882,694.2476
59.49919,1,1546.867,693.5594,1547.375,693.9034
59.53222,1,1545.328,692.5696,1546.352,693.2366
59.55209,1,1545.328,692.5696,1545.84,692.9031
59.56523,1,1543.996,691.6389,1544.918,692.271
59.57102,1,1543.996,691.6389,1544.457,691.955
59.57613,1,1543.996,691.6389,1544.227,691.7969
59.59072,1,1543.996,691.6389,1544.111,691.7179
59.60016,1,1541.89,690.7317,1543,691.2248
59.6066,1,1541.89,690.7317,1542.445,690.9783
59.61514,1,1541.89,690.7317,1542.167,690.855
59.62029,1,1540.882,688.6978,1541.525,689.7764
59.62858,1,1540.882,688.6978,1541.203,689.2371
59.63309,1,1540.882,688.6978,1541.042,688.9674
59.63878,1,1540.882,688.6978,1540.962,688.8326
59.64879,1,1540.882,688.6978,1540.922,688.7653
59.65414,1,1540.882,688.6978,1540.902,688.7316
59.66065,1,1538.299,687.0399,1539.601,687.8857
59.66488,1,1538.299,687.0399,1538.95,687.4628
59.6712,1,1538.299,687.0399,1538.625,687.2513
59.67742,1,1538.299,687.0399,1538.462,687.1456
59.6818,1,1534.863,684.141,1536.662,685.6433
59.68836,1,1534.863,684.141,1535.763,684.8922
59.69512,1,1534.863,684.141,1535.313,684.5166
59.69952,1,1534.863,684.141,1535.088,684.3288
59.71751,1,1531.038,678.754,1533.063,681.5414
59.73222,1,1531.038,678.754,1532.05,680.1477
59.74832,1,1525.982,673.4296,1529.016,676.7887
59.77672,1,1521,664.8166,1525.008,670.8026
59.78183,1,1521,664.8166,1523.004,667.8096
59.78785,1,1521,664.8166,1522.002,666.3131
59.79289,1,1521,664.8166,1521.501,665.5648
59.81109,1,1514.503,658.1857,1518.002,661.8752
59.82755,1,1514.503,658.1857,1516.253,660.0305
59.85154,1,1509.966,647.762,1513.109,653.8962
59.85809,1,1509.966,647.762,1511.538,650.8291
59.8691,1,1506.208,635.3092,1508.873,643.0692
59.88178,1,1506.208,635.3092,1507.54,639.1892
59.88795,1,1506.208,635.3092,1506.874,637.2492
59.90038,1,1500.776,623.6514,1503.825,630.4503
59.91872,1,1500.776,623.6514,1502.301,627.0509
59.93636,1,1496.021,611.8023,1499.161,619.4266
59.95489,1,1491.198,601.3504,1495.179,610.3885
59.97198,1,1491.198,601.3504,1493.188,605.8695
59.97992,1,1491.198,601.3504,1492.193,603.61
59.98483,1,1482.431,596.6102,1487.312,600.1101
59.99112,1,1482.431,596.6102,1484.872,598.3602
59.99586,1,1482.431,596.6102,1483.652,597.4852
60.00758,1,1482.431,596.6102,1483.042,597.0477
60.01256,1,1476.359,590.8059,1479.7,593.9268
60.02756,1,1476.359,590.8059,1478.029,592.3663
60.04432,1,1469.903,586.8994,1473.966,589.6328
60.06276,1,1469.903,586.8994,1471.935,588.2661
60.09325,1,1468.613,581.2101,1470.274,584.7381
60.11303,1,1464.211,580.1146,1467.242,582.4263
60.13175,1,1464.211,580.1146,1465.726,581.2704
60.14507,1,1461.686,576.8837,1463.706,579.077
60.14959,1,1461.686,576.8837,1462.696,577.9803
60.15518,1,1461.686,576.8837,1462.191,577.432
60.16624,1,1460.56,574.5083,1461.375,575.9702
60.17228,1,1460.56,574.5083,1460.968,575.2393
60.18027,1,1460.56,574.5083,1460.764,574.8738
60.18488,1,1460.56,574.5083,1460.662,574.691
60.19495,1,1456.845,573.0013,1458.753,573.8462
60.19953,1,1456.845,573.0013,1457.799,573.4237
60.20909,1,1456.845,573.0013,1457.322,573.2125
60.21394,1,1456.845,573.0013,1457.084,573.1069
60.21882,1,1456.845,573.0013,1456.964,573.0541
60.22652,1,1454.154,573.4957,1455.559,573.2749
60.23114,1,1454.154,573.4957,1454.857,573.3853
60.23617,1,1454.154,573.4957,1454.505,573.4404
60.24661,1,1454.154,573.4957,1454.33,573.468
60.25217,1,1454.154,573.4957,1454.242,573.4818
60.26054,1,1451.557,574.8462,1452.899,574.164
60.26658,1,1451.557,574.8462,1452.228,574.5051
60.27468,1,1451.557,574.8462,1451.893,574.6757
60.27982,1,1451.557,574.8462,1451.725,574.7609
60.29396,1,1449.214,576.4288,1450.469,575.5948
60.29945,1,1449.214,576.4288,1449.842,576.0118
60.31349,1,1449.214,576.4288,1449.528,576.2203
60.3302,1,1447.814,578.3472,1448.671,577.2838
60.36278,1,1447.211,580.6155,1447.941,578.9497
60.38374,1,1447.426,582.6962,1447.683,580.823
60.40036,1,1447.426,582.6962,1447.554,581.7596
60.4148,1,1447.804,584.8081,1447.679,583.2839
60.41985,1,1447.804,584.8081,1447.742,584.046
60.42471,1,1447.804,584.8081,1447.773,584.4271
60.4314,1,1447.804,584.8081,1447.789,584.6176
60.43728,1,1447.647,586.5978,1447.718,585.6077
60.4439,1,1447.647,586.5978,1447.683,586.1028
60.44931,1,1447.647,586.5978,1447.665,586.3503
60.45514,1,1447.647,586.5978,1447.656,586.4741
60.46459,1,1447.647,586.5978,1447.652,586.536
60.47099,1,1447.251,589.5315,1447.452,588.0338
60.48815,1,1447.251,589.5315,1447.352,588.7826
60.49858,1,1446.493,592.3486,1446.922,590.5656
60.50394,1,1446.493,592.3486,1446.708,591.4572
60.51883,1,1446.493,592.3486,1446.601,591.9029
60.53236,1,1446.06,595.8926,1446.33,593.8978
60.54695,1,1446.06,595.8926,1446.195,594.8952
60.55176,1,1446.06,595.8926,1446.128,595.3939
60.55728,1,1445.957,598.5602,1446.042,596.9771
60.5627,1,1445.957,598.5602,1446,597.7686
60.57925,1,1445.957,598.5602,1445.978,598.1644
60.59306,1,1446.011,600.8441,1445.995,599.5043
60.59768,1,1446.011,600.8441,1446.003,600.1742
60.63007,1,1445.953,602.517,1445.978,601.3456
60.64466,1,1445.953,602.517,1445.965,601.9313
60.64977,1,1445.461,603.8661,1445.713,602.8987
60.65483,1,1445.461,603.8661,1445.587,603.3824
60.65934,1,1445.461,603.8661,1445.524,603.6243
60.67386,1,1445.461,603.8661,1445.493,603.7452
60.68082,1,1444.252,605.4037,1444.873,604.5745
60.68481,1,1444.252,605.4037,1444.563,604.9891
60.69179,1,1444.252,605.4037,1444.407,605.1964
60.69794,1,1444.252,605.4037,1444.33,605.3
60.70369,1,1444.252,605.4037,1444.291,605.3519
60.71272,1,1442.852,606.3158,1443.571,605.8339
60.71729,1,1442.852,606.3158,1443.211,606.0748
60.72491,1,1442.852,606.3158,1443.031,606.1953
60.73016,1,1442.852,606.3158,1442.942,606.2556
60.73582,1,1442.852,606.3158,1442.896,606.2856
60.74287,1,1441.963,606.6143,1442.43,606.45
60.74789,1,1441.963,606.6143,1442.197,606.5321
60.75772,1,1441.963,606.6143,1442.08,606.5732
60.76289,1,1441.963,606.6143,1442.022,606.5938
60.7723,1,1441.083,606.5339,1441.553,606.5638
60.77719,1,1441.083,606.5339,1441.318,606.5488
60.78165,1,1441.083,606.5339,1441.201,606.5414
60.79958,1,1440.088,606.9857,1440.645,606.7635
60.81625,1,1440.088,606.9857,1440.366,606.8746
60.84785,1,1439.118,607.5838,1439.742,607.2292
60.86732,1,1437.693,608.3716,1438.718,607.8004
60.89408,1,1436.894,608.8972,1437.806,608.3488
60.89933,1,1436.894,608.8972,1437.35,608.6229
60.90443,1,1436.894,608.8972,1437.122,608.76
60.9128,1,1436.894,608.8972,1437.008,608.8286
60.91734,1,1436.894,608.8972,1436.951,608.8629
60.9286,1,1436.535,609.6093,1436.743,609.2361
60.93358,1,1436.535,609.6093,1436.639,609.4227
60.93888,1,1436.535,609.6093,1436.587,609.516
60.94672,1,1436.535,609.6093,1436.561,609.5626
60.95234,1,1436.16,610.2145,1436.36,609.8885
60.95962,1,1436.16,610.2145,1436.26,610.0515
60.96396,1,1436.16,610.2145,1436.21,610.1331
60.96988,1,1436.16,610.2145,1436.185,610.1738
60.98021,1,1435.748,611.0963,1435.966,610.635
60.98676,1,1435.748,611.0963,1435.857,610.8656
60.99712,1,1435.748,611.0963,1435.802,610.981
61.00332,1,1435.748,611.0963,1435.775,611.0386
61.01519,1,1434.721,612.0821,1435.248,611.5603
61.02676,1,1434.721,612.0821,1434.985,611.8212
61.03311,1,1434.721,612.0821,1434.853,611.9517
61.04459,1,1433.479,613.5768,1434.166,612.7642
61.05055,1,1433.479,613.5768,1433.823,613.1705
61.06104,1,1433.479,613.5768,1433.651,613.3737
61.0653,1,1433.479,613.5768,1433.565,613.4752
61.07149,1,1431.4,615.5784,1432.482,614.5269
61.07674,1,1431.4,615.5784,1431.941,615.0526
61.08434,1,1431.4,615.5784,1431.671,615.3156
61.09022,1,1431.4,615.5784,1431.535,615.447
61.09505,1,1431.4,615.5784,1431.468,615.5127
61.11926,1,1429.437,618.1555,1430.452,616.8341
61.13529,1,1426.168,619.7654,1428.31,618.2997
61.1536,1,1426.168,619.7654,1427.239,619.0326
61.16619,1,1419.789,652.9891,1423.514,636.0109
61.17165,1,1419.789,652.9891,1421.651,644.5
61.18523,1,1419.789,652.9891,1420.72,648.7446
61.20511,1,1411.733,704.0681,1416.227,676.4064
61.22191,1,1402.822,745.8697,1409.524,711.1381
61.2389,1,1402.822,745.8697,1406.173,728.5039
61.25416,1,1396.863,776.4202,1401.518,752.462
61.27216,1,1396.863,776.4202,1399.19,764.4411
61.30463,1,1399.03,803.4802,1399.11,783.9607
61.313,1,1391.308,827.793,1395.209,805.8768
61.31798,1,1391.308,827.793,1393.259,816.8349
61.32323,1,1391.308,827.793,1392.283,822.314
61.3395,1,1391.308,827.793,1391.796,825.0535
61.35656,1,1400.555,853.7492,1396.176,839.4014
61.36732,1,1400.555,853.7492,1398.365,846.5753
61.37353,1,1404.207,871.2838,1401.286,858.9296
61.38941,1,1404.207,871.2838,1402.747,865.1067
61.40943,1,1405.872,882.5107,1404.309,873.8087
61.42561,1,1405.872,882.5107,1405.091,878.1597
61.45527,1,1407.717,890.9061,1406.404,884.5329
61.47083,1,1398.95,885.8994,1402.677,885.2162
61.48737,1,1398.95,885.8994,1400.814,885.5578
61.49976,1,1354.453,842.3524,1377.633,863.9551
61.5051,1,1354.453,842.3524,1366.043,853.1537
61.51003,1,1354.453,842.3524,1360.248,847.7531
61.51483,1,1354.453,842.3524,1357.351,845.0527
61.52986,1,1194.965,669.0002,1276.158,757.0265
61.54556,1,1194.965,669.0002,1235.562,713.0134
61.55899,1,1000.123,453.2103,1117.843,583.1118
61.57717,1,1000.123,453.2103,1058.983,518.161
61.59544,1,891.5702,330.5878,975.2766,424.3744
61.61098,1,891.5702,330.5878,933.4233,377.4811
61.62567,1,845.4459,275.0488,889.4346,326.2649
61.63166,1,845.4459,275.0488,867.4403,300.6569
61.66312,1,824.9516,249.612,846.1959,275.1344
61.67751,1,816.4995,246.0571,831.3477,260.5958
61.68188,1,816.4995,246.0571,823.9236,253.3265
61.6957,1,816.4995,246.0571,820.2115,249.6918
61.70007,1,816.4995,246.0571,818.3555,247.8745
61.71213,1,812.9715,243.1141,815.6635,245.4943
61.71685,1,812.9715,243.1141,814.3175,244.3042
61.72987,1,812.9715,243.1141,813.6445,243.7091
61.74706,1,794.3669,245.3154,804.0057,244.5123
61.76771,1,718.8541,313.5058,761.4299,279.009
61.78298,1,718.8541,313.5058,740.142,296.2574
61.81603,1,602.1497,438.0731,671.1459,367.1652
61.83248,1,481.2608,564.3539,576.2034,465.7596
61.84879,1,481.2608,564.3539,528.7321,515.0568
61.86335,1,412.5966,645.3707,470.6644,580.2137
61.88037,1,412.5966,645.3707,441.6305,612.7922
61.89446,1,379.8691,684.219,410.7498,648.5056
61.89846,1,379.8691,684.219,395.3094,666.3623
61.90353,1,379.8691,684.219,387.5893,675.2906
61.91168,1,379.8691,684.219,383.7292,679.7548
61.91626,1,364.7429,702.0897,374.236,690.9222
61.92235,1,364.7429,702.0897,369.4894,696.506
61.93021,1,364.7429,702.0897,367.1161,699.2979
61.93497,1,364.7429,702.0897,365.9295,700.6937
61.94527,1,364.7429,702.0897,365.3362,701.3917
61.95065,1,357.1082,718.1713,361.2222,709.7815
61.96016,1,357.1082,718.1713,359.1652,713.9764
61.96427,1,357.1082,718.1713,358.1367,716.0739
61.97396,1,357.1082,718.1713,357.6224,717.1226
61.979,1,351.349,726.6578,354.4857,721.8902
61.99221,1,351.349,726.6578,352.9174,724.274
61.99715,1,351.349,726.6578,352.1332,725.4659
62.01134,1,346.0948,731.1194,349.114,728.2927
62.0296,1,346.0948,731.1194,347.6044,729.7061
62.04357,1,385.9939,736.325,366.7992,733.0155
62.06108,1,385.9939,736.325,376.3965,734.6702
62.08138,1,511.62,757.219,444.0082,745.9446
62.11398,1,721.0812,739.5637,582.5447,742.7542
62.13238,1,908.1675,713.1285,745.3561,727.9413
62.16125,1,1022.025,691.744,883.6904,709.8427
62.18259,1,1022.025,691.744,952.8576,700.7933
62.19688,1,1085.128,677.8156,1018.993,689.3044
62.201,1,1085.128,677.8156,1052.061,683.56
62.21432,1,1085.128,677.8156,1068.595,680.6877
62.2191,1,1117.056,665.8672,1092.825,673.2775
62.23125,1,1117.056,665.8672,1104.941,669.5723
62.24701,1,1117.056,665.8672,1110.998,667.7197
62.27716,1,1134.177,659.8192,1122.588,663.7694
62.31101,1,1217.048,696.6334,1169.818,680.2014
62.34252,1,1295.979,748.3892,1232.898,714.2953
62.36404,1,1295.979,748.3892,1264.438,731.3423
62.38148,1,1346.383,782.0069,1305.411,756.6746
62.40221,1,1375.78,801.2552,1340.595,778.9648
62.41808,1,1375.78,801.2552,1358.187,790.11
62.4297,1,1390.405,806.1885,1374.296,798.1492
62.43423,1,1390.405,806.1885,1382.351,802.1688
62.44006,1,1390.405,806.1885,1386.378,804.1786
62.45083,1,1390.405,806.1885,1388.392,805.1836
62.46256,1,1395.981,806.5548,1392.186,805.8692
62.46789,1,1395.981,806.5548,1394.083,806.212
62.48094,1,1395.981,806.5548,1395.032,806.3834
62.49448,1,1397.571,806.4747,1396.302,806.4291
62.50018,1,1397.571,806.4747,1396.936,806.4519
62.51522,1,1397.571,806.4747,1397.254,806.4633
62.53029,1,1397.547,806.2359,1397.4,806.3496
62.54896,1,1397.547,806.2359,1397.474,806.2927
62.56667,1,1396.759,808.8492,1397.116,807.5709
62.59526,1,1396.74,808.0865,1396.928,807.8287
62.61511,1,1392.247,806.9483,1394.587,807.3885
62.64859,1,1387.818,806.4054,1391.203,806.897
62.66689,1,1387.818,806.4054,1389.51,806.6512
62.68011,1,1384.53,806.0591,1387.02,806.3551
62.68735,1,1384.53,806.0591,1385.775,806.2071
62.69747,1,1384.53,806.0591,1385.153,806.1331
62.70157,1,1382.377,805.7517,1383.765,805.9424
62.71318,1,1382.377,805.7517,1383.071,805.847
62.71962,1,1382.377,805.7517,1382.724,805.7994
62.73948,1,1380.584,805.0463,1381.654,805.4229
62.75668,1,1380.584,805.0463,1381.119,805.2346
62.76943,1,1378.213,804.0523,1379.666,804.6434
62.77414,1,1378.213,804.0523,1378.94,804.3479
62.77881,1,1378.213,804.0523,1378.576,804.2001
62.79471,1,1375.415,802.3917,1376.996,803.2959
62.81317,1,1375.415,802.3917,1376.206,802.8438
62.83961,1,1372.148,800.15,1374.177,801.4968
62.84417,1,1372.148,800.15,1373.163,800.8234
62.84949,1,1372.148,800.15,1372.656,800.4867
62.85643,1,1367.709,797.9122,1370.182,799.1995
62.87954,1,1367.709,797.9122,1368.946,798.5558
62.88443,1,1363.608,795.3857,1366.277,796.9708
62.891,1,1363.608,795.3857,1364.943,796.1782
62.89882,1,1363.608,795.3857,1364.275,795.782
62.90457,1,1363.608,795.3857,1363.942,795.5839
62.9137,1,1358.789,792.4752,1361.366,794.0295
62.9192,1,1358.789,792.4752,1360.078,793.2524
62.92918,1,1358.789,792.4752,1359.434,792.8638
62.93333,1,1358.789,792.4752,1359.112,792.6695
62.9408,1,1358.789,792.4752,1358.95,792.5724
62.94534,1,1352.605,789.0011,1355.778,790.7867
62.95089,1,1352.605,789.0011,1354.191,789.8939
62.96191,1,1352.605,789.0011,1353.398,789.4475
62.96777,1,1352.605,789.0011,1353.002,789.2243
62.9762,1,1347.724,784.9752,1350.363,787.0997
62.98062,1,1347.724,784.9752,1349.044,786.0375
62.99493,1,1347.724,784.9752,1348.384,785.5063
63.007,1,1345.28,781.8152,1346.832,783.6608
63.0119,1,1345.28,781.8152,1346.056,782.738
63.02747,1,1345.28,781.8152,1345.668,782.2766
63.04132,1,1341.458,780.2931,1343.563,781.2849
63.06271,1,1304.355,743.8232,1323.959,762.554
63.0827,1,1304.355,743.8232,1314.157,753.1886
63.11155,1,1131.57,580.8912,1222.864,667.0399
63.13164,1,912.8054,399.0031,1067.835,533.0215
63.14984,1,912.8054,399.0031,990.32,466.0123
63.16235,1,793.4008,310.2087,891.8604,388.1105
63.16911,1,793.4008,310.2087,842.6306,349.1596
63.17985,1,793.4008,310.2087,818.0157,329.6842
63.18451,1,743.9515,271.6021,780.9836,300.6432
63.19544,1,743.9515,271.6021,762.4676,286.1226
63.20023,1,743.9515,271.6021,753.2096,278.8624
63.21638,1,721.8772,255.2123,737.5434,267.0374
63.23518,1,721.8772,255.2123,729.7103,261.1248
63.25269,1,711.0605,248.2446,720.3854,254.6847
63.27148,1,711.0605,248.2446,715.7229,251.4647
63.28288,1,705.5031,243.077,710.613,247.2708
63.28831,1,705.5031,243.077,708.058,245.1739
63.29243,1,705.5031,243.077,706.7805,244.1254
63.31124,1,690.3043,242.0416,698.5424,243.0835
63.32825,1,690.3043,242.0416,694.4233,242.5626
63.34218,1,668.9509,242.3485,681.6871,242.4555
63.35974,1,668.9509,242.3485,675.319,242.402
63.37634,1,657.1893,243.1182,666.2542,242.7601
63.38062,1,657.1893,243.1182,661.7217,242.9392
63.38688,1,657.1893,243.1182,659.4554,243.0287
63.39671,1,647.8069,244.2289,653.6312,243.6288
63.40182,1,647.8069,244.2289,650.719,243.9288
63.41324,1,647.8069,244.2289,649.2629,244.0788
63.41784,1,647.8069,244.2289,648.5349,244.1538
63.42979,1,647.925,246.1529,648.23,245.1534
63.43501,1,647.925,246.1529,648.0775,245.6531
63.4465,1,647.925,246.1529,648.0012,245.903
63.45669,1,682.6948,197.8579,665.348,221.8804
63.46137,1,682.6948,197.8579,674.0214,209.8692
63.47645,1,682.6948,197.8579,678.358,203.8635
63.482,1,682.6948,197.8579,680.5264,200.8607
63.49975,1,735.7097,228.2229,708.118,214.5418
63.52995,1,827.0137,351.3237,767.5659,282.9328
63.54624,1,827.0137,351.3237,797.2898,317.1282
63.55352,1,1010.609,498.6725,903.9496,407.9003
63.55794,1,1010.609,498.6725,957.2794,453.2864
63.57254,1,1010.609,498.6725,983.9443,475.9794
63.58965,1,1133.082,590.3112,1058.513,533.1453
63.59869,1,1133.082,590.3112,1095.797,561.7283
63.60328,1,1133.082,590.3112,1114.44,576.0198
63.61108,1,1197.576,647.431,1156.008,611.7254
63.61516,1,1197.576,647.431,1176.792,629.5782
63.62038,1,1197.576,647.431,1187.184,638.5046
63.63039,1,1197.576,647.431,1192.38,642.9678
63.63513,1,1197.576,647.431,1194.978,645.1995
63.6433,1,1226.868,678.1774,1210.923,661.6885
63.64811,1,1226.868,678.1774,1218.896,669.933
63.65323,1,1226.868,678.1774,1222.882,674.0552
63.66222,1,1226.868,678.1774,1224.875,676.1163
63.66692,1,1239.629,689.4705,1232.252,682.7935
63.67902,1,1239.629,689.4705,1235.941,686.132
63.68391,1,1239.629,689.4705,1237.785,687.8013
63.7024,1,1242.818,688.4417,1240.302,688.1215
63.73135,1,1242.014,687.2847,1241.158,687.7031
63.78608,1,1250.865,689.8835,1246.011,688.7933
63.79733,1,1257.689,692.3313,1251.85,690.5623
63.80147,1,1257.689,692.3313,1254.77,691.4468
63.80726,1,1257.689,692.3313,1256.229,691.889
63.81974,1,1263.847,696.6079,1260.038,694.2485
63.82403,1,1263.847,696.6079,1261.942,695.4282
63.82872,1,1263.847,696.6079,1262.894,696.0181
63.83332,1,1263.847,696.6079,1263.37,696.313
63.8391,1,1263.847,696.6079,1263.609,696.4604
63.84843,1,1263.847,696.6079,1263.728,696.5342
63.85398,1,1266.398,701.5229,1265.063,699.0286
63.86386,1,1266.398,701.5229,1265.73,700.2758
63.87087,1,1266.398,701.5229,1266.064,700.8993
63.88026,1,1267.109,704.7616,1266.587,702.8304
63.88448,1,1267.109,704.7616,1266.848,703.796
63.89555,1,1267.109,704.7616,1266.979,704.2788
63.90007,1,1267.109,704.7616,1267.044,704.5202
63.91299,1,1266.426,705.3044,1266.735,704.9124
63.91769,1,1266.426,705.3044,1266.581,705.1084
63.93426,1,1266.426,705.3044,1266.504,705.2064
63.94718,1,1266.79,702.6275,1266.647,703.917
63.96194,1,1266.79,702.6275,1266.718,703.2722
63.97847,1,1268.378,702.0485,1267.548,702.6603
63.9996,1,1268.898,703.3233,1268.223,702.9918
64.03306,1,1268.164,704.2648,1268.194,703.6283
64.04301,1,1268.164,704.2648,1268.179,703.9465
64.04776,1,1268.164,704.2648,1268.171,704.1057
64.05242,1,1268.164,704.2648,1268.168,704.1852
64.05808,1,1268.164,704.2648,1268.166,704.225
64.06503,1,1268.064,704.2756,1268.115,704.2503
64.07076,1,1268.064,704.2756,1268.09,704.2629
64.07965,1,1268.064,704.2756,1268.077,704.2693
64.08399,1,1268.064,704.2756,1268.071,704.2725
64.09106,1,1267.931,704.3917,1268.001,704.3321
64.09724,1,1267.931,704.3917,1267.966,704.3619
64.10192,1,1267.931,704.3917,1267.948,704.3768
64.11053,1,1267.931,704.3917,1267.94,704.3843
64.11497,1,1267.931,704.3917,1267.935,704.388
64.12119,1,1268.44,705.6429,1268.188,705.0155
64.12849,1,1268.44,705.6429,1268.314,705.3292
64.13344,1,1268.44,705.6429,1268.377,705.4861
64.14159,1,1268.44,705.6429,1268.409,705.5645
64.1471,1,1268.44,705.6429,1268.424,705.6038
64.1524,1,1268.912,707.904,1268.668,706.7539
64.16196,1,1268.912,707.904,1268.791,707.329
64.16756,1,1268.912,707.904,1268.852,707.6165
64.17815,1,1268.912,707.904,1268.882,707.7603
64.18314,1,1268.164,710.1127,1268.523,708.9365
64.19487,1,1268.164,710.1127,1268.344,709.5245
64.20703,1,1268.164,710.1127,1268.254,709.8186
64.21294,1,1266.907,711.5711,1267.58,710.6948
64.22766,1,1266.907,711.5711,1267.244,711.1329
64.24158,1,1265.951,712.8556,1266.597,711.9943
64.26129,1,1265.951,712.8556,1266.274,712.4249
64.29362,1,1263.405,714.3191,1264.839,713.372
64.30915,1,1259.556,711.5889,1262.198,712.4805
64.31443,1,1259.556,711.5889,1260.877,712.0347
64.32005,1,1259.556,711.5889,1260.217,711.8118
64.33186,1,1255.471,708.2856,1257.844,710.0487
64.33752,1,1255.471,708.2856,1256.658,709.1671
64.35393,1,1255.471,708.2856,1256.064,708.7263
64.36627,1,1251.127,704.1412,1253.596,706.4338
64.372,1,1251.127,704.1412,1252.361,705.2875
64.38439,1,1251.127,704.1412,1251.744,704.7144
64.39667,1,1245.89,696.8173,1248.817,700.7659
64.402,1,1245.89,696.8173,1247.353,698.7916
64.41666,1,1245.89,696.8173,1246.621,697.8044
64.42996,1,1238.694,686.7509,1242.658,692.2776
64.43518,1,1238.694,686.7509,1240.676,689.5143
64.44954,1,1238.694,686.7509,1239.685,688.1326
64.46164,1,1231.981,678.0978,1235.833,683.1152
64.48007,1,1231.981,678.0978,1233.907,680.6066
64.49895,1,1225.513,667.0839,1229.71,673.8452
64.52743,1,1220.805,659.8845,1225.257,666.8649
64.54345,1,1217.031,653.8315,1221.144,660.3482
64.5594,1,1217.031,653.8315,1219.087,657.0898
64.57883,1,1222.197,656.3275,1220.642,656.7087
64.5832,1,1222.197,656.3275,1221.419,656.5181
64.58966,1,1222.197,656.3275,1221.808,656.4228
64.5976,1,1222.197,656.3275,1222.002,656.3751
64.60198,1,1222.197,656.3275,1222.1,656.3513
64.61033,1,1225.795,656.6221,1223.947,656.4867
64.615,1,1225.795,656.6221,1224.871,656.5544
64.62074,1,1225.795,656.6221,1225.333,656.5883
64.62785,1,1225.795,656.6221,1225.564,656.6052
64.63294,1,1225.795,656.6221,1225.679,656.6136
64.64267,1,1227.825,656.7214,1226.752,656.6675
64.6489,1,1227.825,656.7214,1227.288,656.6945
64.6582,1,1227.825,656.7214,1227.557,656.7079
64.66782,1,1229.079,657.565,1228.318,657.1365
64.68009,1,1229.079,657.565,1228.699,657.3507
64.69619,1,1230.596,658.3542,1229.648,657.8525
64.71249,1,1230.596,658.3542,1230.122,658.1034
64.73031,1,1232.385,660.36,1231.253,659.2317
64.75855,1,1234.526,662.2409,1232.89,660.7363
64.76352,1,1234.526,662.2409,1233.708,661.4886
64.76948,1,1234.526,662.2409,1234.117,661.8647
64.77509,1,1234.526,662.2409,1234.322,662.0529
64.79021,1,1237.508,664.0056,1235.915,663.0292
64.79483,1,1237.508,664.0056,1236.711,663.5175
64.799,1,1237.508,664.0056,1237.11,663.7615
64.80446,1,1237.508,664.0056,1237.309,663.8835
64.8129,1,1237.508,664.0056,1237.408,663.9446
64.81786,1,1239.892,666.0422,1238.65,664.9934
64.82875,1,1239.892,666.0422,1239.271,665.5178
64.8336,1,1239.892,666.0422,1239.581,665.78
64.83956,1,1239.892,666.0422,1239.737,665.9111
64.84886,1,1242.789,667.9997,1241.263,666.9554
64.85545,1,1242.789,667.9997,1242.026,667.4775
64.86125,1,1242.789,667.9997,1242.408,667.7386
64.8673,1,1242.789,667.9997,1242.598,667.8691
64.87507,1,1242.789,667.9997,1242.694,667.9344
64.87984,1,1246.208,670.426,1244.451,669.1802
64.8852,1,1246.208,670.426,1245.33,669.8031
64.89782,1,1246.208,670.426,1245.769,670.1146
64.90863,1,1249.344,671.4153,1247.556,670.7649
64.91338,1,1249.344,671.4153,1248.45,671.0901
64.92349,1,1249.344,671.4153,1248.897,671.2527
64.92917,1,1249.344,671.4153,1249.12,671.334
64.93925,1,1251.862,671.1646,1250.491,671.2493
64.94482,1,1251.862,671.1646,1251.177,671.2069
64.95972,1,1251.862,671.1646,1251.519,671.1858
64.97931,1,1253.522,670.5193,1252.521,670.8525
64.99847,1,1254.853,669.189,1253.687,670.0208
65.01085,1,1254.853,669.189,1254.27,669.6049
65.02534,1,1254.853,669.189,1254.562,669.3969
65.0442,1,1256.376,668.2495,1255.469,668.8232
65.07405,1,1258.642,667.9028,1257.055,668.363
65.08359,1,1258.642,667.9028,1257.849,668.1329
65.09519,1,1260.873,667.752,1259.361,667.9425
65.10042,1,1260.873,667.752,1260.117,667.8473
65.10659,1,1260.873,667.752,1260.495,667.7997
65.11761,1,1263.547,667.6606,1262.021,667.7301
65.13062,1,1263.547,667.6606,1262.784,667.6953
65.13623,1,1263.547,667.6606,1263.166,667.678
65.15407,1,1266.721,668.7264,1264.943,668.2022
65.18323,1,1270.079,669.8105,1267.511,669.0063
65.20036,1,1270.079,669.8105,1268.795,669.4084
65.21826,1,1272.672,669.0274,1270.734,669.2179
65.25098,1,1275.371,667.7637,1273.052,668.4908
65.2702,1,1278.587,664.4523,1275.82,666.4716
65.28527,1,1278.587,664.4523,1277.203,665.4619
65.30261,1,1282.74,660.4835,1279.972,662.9727
65.3093,1,1282.74,660.4835,1281.356,661.7281
65.3241,1,1282.74,660.4835,1282.048,661.1058
65.33744,1,1286.352,655.5142,1284.2,658.31
65.35186,1,1286.352,655.5142,1285.276,656.9121
65.37138,1,1290.394,650.1174,1287.835,653.5148
65.38503,1,1290.394,650.1174,1289.115,651.8161
65.39945,1,1294.038,645.2049,1291.576,648.5105
65.41619,1,1294.038,645.2049,1292.807,646.8577
65.43045,1,1296.842,640.4452,1294.825,643.6514
65.44541,1,1296.842,640.4452,1295.833,642.0483
65.46284,1,1299.146,635.6209,1297.49,638.8346
65.4953,1,1301.668,631.4379,1299.579,635.1362
65.51474,1,1304.978,627.2365,1302.279,631.1864
65.54389,1,1306.319,623.3295,1304.299,627.2579
65.56277,1,1306.319,623.3295,1305.309,625.2937
65.58292,1,1305.651,619.0733,1305.48,622.1835
65.58925,1,1305.651,619.0733,1305.566,620.6284
65.59361,1,1305.651,619.0733,1305.608,619.8508
65.5979,1,1305.651,619.0733,1305.63,619.462
65.60303,1,1304.372,612.5422,1305.001,616.0021
65.61991,1,1304.372,612.5422,1304.686,614.2722
65.63224,1,1302.358,608.0383,1303.522,611.1553
65.64751,1,1302.358,608.0383,1302.94,609.5968
65.66461,1,1300.528,607.6052,1301.734,608.601
65.68069,1,1300.528,607.6052,1301.131,608.103
65.69848,1,1299.098,607.037,1300.114,607.57
65.71445,1,1299.098,607.037,1299.606,607.3035
65.74075,1,1298.491,604.6295,1299.048,605.9665
65.75739,1,1296.067,606.8408,1297.558,606.4036
65.77716,1,1296.067,606.8408,1296.813,606.6222
65.79169,1,1294.607,608.4588,1295.71,607.5405
65.79939,1,1294.607,608.4588,1295.159,607.9996
65.80532,1,1294.607,608.4588,1294.883,608.2292
65.81462,1,1293.128,610.9401,1294.005,609.5847
65.8203,1,1293.128,610.9401,1293.567,610.2623
65.82915,1,1293.128,610.9401,1293.347,610.6012
65.83404,1,1293.128,610.9401,1293.237,610.7706
65.84334,1,1291.776,614.1646,1292.507,612.4676
65.84916,1,1291.776,614.1646,1292.142,613.316
65.85548,1,1291.776,614.1646,1291.959,613.7403
65.86355,1,1291.776,614.1646,1291.868,613.9524
65.87811,1,1289.721,618.8496,1290.794,616.401
65.88381,1,1289.721,618.8496,1290.258,617.6253
65.89423,1,1289.721,618.8496,1289.99,618.2374
65.8988,1,1289.721,618.8496,1289.855,618.5435
65.90895,1,1287.136,622.9379,1288.496,620.7407
65.91457,1,1287.136,622.9379,1287.816,621.8393
65.92693,1,1287.136,622.9379,1287.476,622.3885
65.93159,1,1287.136,622.9379,1287.306,622.6632
65.96199,1,1284.526,627.6553,1285.916,625.1593
65.98202,1,1283.411,634.472,1284.663,629.8157
66.01499,1,1284.062,641.0969,1284.363,635.4563
66.03322,1,1284.518,646.5285,1284.441,640.9924
66.06029,1,1283.601,651.126,1284.021,646.0592
66.06498,1,1283.601,651.126,1283.811,648.5927
66.07088,1,1283.601,651.126,1283.706,649.8594
66.08118,1,1283.601,651.126,1283.654,650.4927
66.08791,1,1279.908,655.3566,1281.781,652.9247
66.0969,1,1279.908,655.3566,1280.845,654.1406
66.10133,1,1279.908,655.3566,1280.376,654.7487
66.10971,1,1279.908,655.3566,1280.142,655.0526
66.11418,1,1276.657,660.5991,1278.4,657.8259
66.11958,1,1276.657,660.5991,1277.529,659.2125
66.12964,1,1276.657,660.5991,1277.093,659.9058
66.1356,1,1276.657,660.5991,1276.875,660.2524
66.14539,1,1273.532,664.7981,1275.204,662.5253
66.15147,1,1273.532,664.7981,1274.368,663.6617
66.16082,1,1273.532,664.7981,1273.95,664.2299
66.16637,1,1273.532,664.7981,1273.741,664.514
66.17961,1,1271.162,667.5663,1272.452,666.0402
66.19692,1,1271.162,667.5663,1271.807,666.8032
66.21079,1,1268.677,669.985,1270.242,668.3941
66.22727,1,1268.677,669.985,1269.459,669.1896
66.24329,1,1266.955,671.7615,1268.207,670.4755
66.26738,1,1255.386,664.2581,1261.797,667.3668
66.29619,1,1176.21,609.5828,1219.003,638.4748
66.31281,1,1176.21,609.5828,1197.606,624.0288
66.31754,1,1176.21,609.5828,1186.908,616.8058
66.3283,1,957.9133,452.9541,1072.411,534.8799
66.33272,1,957.9133,452.9541,1015.162,493.917
66.34191,1,957.9133,452.9541,986.5376,473.4355
66.34734,1,957.9133,452.9541,972.2255,463.1948
66.3518,1,957.9133,452.9541,965.0693,458.0745
66.36549,1,777.3614,320.8461,871.2153,389.4603
66.38415,1,777.3614,320.8461,824.2883,355.1532
66.40105,1,686.2334,256.728,755.2609,305.9406
66.417,1,649.8495,226.676,702.5552,266.3083
66.44963,1,629.1582,214.1526,665.8567,240.2304
66.46523,1,629.1582,214.1526,647.5074,227.1915
66.47075,1,629.1582,214.1526,638.3328,220.6721
66.47528,1,629.1582,214.1526,633.7455,217.4123
66.48155,1,621.0219,208.4031,627.3837,212.9077
66.48729,1,621.0219,208.4031,624.2028,210.6554
66.49442,1,621.0219,208.4031,622.6123,209.5292
66.49911,1,621.0219,208.4031,621.8171,208.9662
66.50472,1,621.0219,208.4031,621.4194,208.6846
66.51347,1,617.5976,205.7827,619.5085,207.2337
66.51801,1,617.5976,205.7827,618.5531,206.5082
66.5273,1,617.5976,205.7827,618.0753,206.1454
66.53199,1,617.5976,205.7827,617.8364,205.9641
66.53783,1,617.7955,204.5878,617.816,205.2759
66.54368,1,617.7955,204.5878,617.8058,204.9319
66.54857,1,617.7955,204.5878,617.8007,204.7598
66.55783,1,617.7955,204.5878,617.7981,204.6738
66.56277,1,617.7955,204.5878,617.7968,204.6308
66.56877,1,622.6799,221.6936,620.2384,213.1622
66.57997,1,622.6799,221.6936,621.4592,217.4279
66.5937,1,622.6799,221.6936,622.0696,219.5608
66.59882,1,624.8593,233.826,623.4645,226.6934
66.61374,1,624.8593,233.826,624.1619,230.2597
66.63081,1,626.6127,240.9352,625.3873,235.5974
66.63527,1,626.6127,240.9352,626,238.2663
66.64073,1,626.6127,240.9352,626.3064,239.6008
66.64638,1,626.6127,240.9352,626.4596,240.268
66.66047,1,632.3145,248.0909,629.3871,244.1795
66.67865,1,632.3145,248.0909,630.8508,246.1352
66.70996,1,682.1693,277.4334,656.51,261.7843
66.7247,1,863.228,439.8906,759.869,350.8374
66.75449,1,1025.28,578.3268,892.5744,464.5822
66.76402,1,1025.28,578.3268,958.9271,521.4545
66.76901,1,1025.28,578.3268,992.1035,549.8906
66.77879,1,1103.976,641.6124,1048.04,595.7515
66.78293,1,1103.976,641.6124,1076.008,618.6819
66.78891,1,1103.976,641.6124,1089.992,630.1471
66.79513,1,1103.976,641.6124,1096.984,635.8798
66.7991,1,1103.976,641.6124,1100.48,638.7461
66.80499,1,1103.976,641.6124,1102.228,640.1792
66.81203,1,1139.355,664.2927,1120.792,652.236
66.81693,1,1139.355,664.2927,1130.073,658.2643
66.82946,1,1139.355,664.2927,1134.714,661.2784
66.83556,1,1139.355,664.2927,1137.034,662.7855
66.84655,1,1154.658,668.4188,1145.846,665.6022
66.85775,1,1154.658,668.4188,1150.252,667.0105
66.86407,1,1154.658,668.4188,1152.455,667.7146
66.87697,1,1159.251,666.5743,1155.853,667.1445
66.89752,1,1159.251,666.5743,1157.552,666.8594
66.91516,1,1160.364,663.267,1158.958,665.0632
66.93224,1,1159.79,660.703,1159.374,662.8831
66.96121,1,1160.591,661.741,1159.982,662.312
66.97947,1,1160.591,661.741,1160.287,662.0265
66.9955,1,1163.064,657.7653,1161.676,659.8959
67.02921,1,1181.899,653.0508,1171.787,656.4733
67.04762,1,1181.899,653.0508,1176.843,654.7621
67.08007,1,1200.841,647.2008,1188.842,650.9814
67.09987,1,1216.639,641.0906,1202.741,646.036
67.1087,1,1216.639,641.0906,1209.69,643.5633
67.11346,1,1228.961,635.5856,1219.326,639.5745
67.13137,1,1228.961,635.5856,1224.143,637.5801
67.14948,1,1238.294,630.9512,1231.219,634.2656
67.16394,1,1238.294,630.9512,1234.756,632.6084
67.17828,1,1245.025,626.588,1239.89,629.5982
67.18291,1,1245.025,626.588,1242.458,628.0931
67.18988,1,1245.025,626.588,1243.741,627.3406
67.20393,1,1250.63,623.3236,1247.186,625.3321
67.22421,1,1250.63,623.3236,1248.908,624.3279
67.24075,1,1255.74,620.9044,1252.324,622.6161
67.24902,1,1255.74,620.9044,1254.032,621.7603
67.25484,1,1255.74,620.9044,1254.886,621.3323
67.25962,1,1255.74,620.9044,1255.313,621.1183
67.26469,1,1260.122,618.9399,1257.718,620.0291
67.27102,1,1260.122,618.9399,1258.92,619.4845
67.27711,1,1260.122,618.9399,1259.521,619.2122
67.28152,1,1260.122,618.9399,1259.822,619.076
67.28814,1,1260.122,618.9399,1259.972,619.0079
67.29331,1,1263.991,618.2182,1261.981,618.613
67.29855,1,1263.991,618.2182,1262.986,618.4156
67.30794,1,1263.991,618.2182,1263.489,618.3169
67.31316,1,1263.991,618.2182,1263.74,618.2676
67.32138,1,1263.991,618.2182,1263.865,618.2429
67.32727,1,1266.989,617.2766,1265.427,617.7598
67.3411,1,1266.989,617.2766,1266.208,617.5182
67.34707,1,1266.989,617.2766,1266.598,617.3973
67.35825,1,1269.326,615.9249,1267.962,616.6611
67.36329,1,1269.326,615.9249,1268.644,616.293
67.37624,1,1269.326,615.9249,1268.985,616.1089
67.38979,1,1270.833,615.3231,1269.909,615.716
67.39469,1,1270.833,615.3231,1270.371,615.5195
67.42562,1,1271.849,614.614,1271.11,615.0668
67.44514,1,1272.841,612.2383,1271.976,613.6526
67.46284,1,1272.841,612.2383,1272.408,612.9454
67.49178,1,1274.425,610.7131,1273.417,611.8293
67.49705,1,1274.425,610.7131,1273.921,611.2712
67.50116,1,1274.425,610.7131,1274.173,610.9922
67.50985,1,1275.875,609.8272,1275.024,610.4097
67.5146,1,1275.875,609.8272,1275.449,610.1184
67.52003,1,1275.875,609.8272,1275.662,609.9728
67.53014,1,1275.875,609.8272,1275.768,609.9
67.53506,1,1277.395,610.7963,1276.582,610.3481
67.55065,1,1277.395,610.7963,1276.988,610.5723
67.56807,1,1279.346,610.7156,1278.167,610.6439
67.59659,1,1281.489,609.5955,1279.828,610.1197
67.6137,1,1281.489,609.5955,1280.658,609.8575
67.64374,1,1284.114,607.4976,1282.386,608.6776
67.6615,1,1287.491,605.4633,1284.938,607.0704
67.67874,1,1287.491,605.4633,1286.214,606.2668
67.6941,1,1291.599,602.0152,1288.907,604.141
67.69853,1,1291.599,602.0152,1290.253,603.0781
67.7039,1,1291.599,602.0152,1290.926,602.5466
67.71481,1,1291.599,602.0152,1291.263,602.2809
67.72009,1,1295.272,597.8361,1293.267,600.0585
67.73058,1,1295.272,597.8361,1294.27,598.9473
67.73531,1,1295.272,597.8361,1294.771,598.3917
67.74722,1,1297.586,594.8848,1296.179,596.6382
67.75205,1,1297.586,594.8848,1296.882,595.7615
67.76779,1,1297.586,594.8848,1297.234,595.3231
67.78182,1,1298.345,591.9637,1297.79,593.6434
67.79944,1,1298.345,591.9637,1298.067,592.8036
67.8314,1,1298.884,589.4409,1298.475,591.1222
67.84487,1,1299.224,586.9144,1298.85,589.0183
67.86203,1,1299.224,586.9144,1299.037,587.9663
67.87659,1,1298.998,585.9588,1299.017,586.9625
67.89214,1,1298.998,585.9588,1299.008,586.4607
67.90396,1,1295.823,588.2751,1297.415,587.3679
67.90921,1,1295.823,588.2751,1296.619,587.8215
67.91376,1,1295.823,588.2751,1296.221,588.0483
67.91859,1,1295.823,588.2751,1296.022,588.1617
67.92371,1,1295.823,588.2751,1295.923,588.2184
67.93069,1,1294.226,589.7328,1295.075,588.9756
67.93565,1,1294.226,589.7328,1294.651,589.3542
67.94276,1,1294.226,589.7328,1294.438,589.5436
67.94823,1,1294.226,589.7328,1294.333,589.6382
67.95385,1,1294.226,589.7328,1294.28,589.6855
67.96151,1,1292.295,592.0518,1293.287,590.8687
67.96719,1,1292.295,592.0518,1292.791,591.4602
67.97522,1,1292.295,592.0518,1292.543,591.756
67.98005,1,1292.295,592.0518,1292.419,591.9039
67.98552,1,1292.295,592.0518,1292.357,591.9779
67.99444,1,1288.938,596.2148,1290.647,594.0963
67.99908,1,1288.938,596.2148,1289.793,595.1555
68.00845,1,1288.938,596.2148,1289.365,595.6852
68.01318,1,1288.938,596.2148,1289.152,595.95
68.01876,1,1285.467,601.9287,1287.31,598.9393
68.02818,1,1285.467,601.9287,1286.388,600.434
68.03316,1,1285.467,601.9287,1285.928,601.1814
68.04384,1,1285.467,601.9287,1285.698,601.5551
68.04964,1,1281.894,608.3535,1283.796,604.9542
68.06001,1,1281.894,608.3535,1282.845,606.6538
68.0653,1,1281.894,608.3535,1282.369,607.5037
68.0796,1,1279.8,614.6404,1281.084,611.072
68.0965,1,1279.8,614.6404,1280.442,612.8562
68.12967,1,1276.274,621.3577,1278.358,617.1069
68.14758,1,1272.49,626.913,1275.424,622.01
68.17574,1,1269.492,630.421,1272.458,626.2155
68.19617,1,1269.492,630.421,1270.975,628.3182
68.21136,1,1267.147,633.8881,1269.061,631.1031
68.22049,1,1267.147,633.8881,1268.104,632.4956
68.23039,1,1263.174,634.719,1265.639,633.6073
68.23662,1,1263.174,634.719,1264.407,634.1631
68.24625,1,1263.174,634.719,1263.791,634.441
68.25105,1,1263.174,634.719,1263.482,634.58
68.26211,1,1259.539,637.5311,1261.511,636.0555
68.26828,1,1259.539,637.5311,1260.525,636.7933
68.2769,1,1259.539,637.5311,1260.032,637.1622
68.28174,1,1259.539,637.5311,1259.786,637.3467
68.29407,1,1258.442,644.7606,1259.114,641.0536
68.29851,1,1258.442,644.7606,1258.778,642.9071
68.3134,1,1258.442,644.7606,1258.61,643.8339
68.32787,1,1256.604,649.1503,1257.607,646.4921
68.34294,1,1256.604,649.1503,1257.105,647.8212
68.36274,1,1253.274,648.9433,1255.19,648.3822
68.39287,1,1250.713,650.7819,1252.951,649.582
68.41396,1,1248.676,652.3362,1250.814,650.9591
68.44506,1,1247.143,651.6411,1248.978,651.3
68.45618,1,1247.143,651.6411,1248.06,651.4706
68.46125,1,1247.143,651.6411,1247.602,651.5558
68.46532,1,1247.143,651.6411,1247.372,651.5984
68.47729,1,1247.408,652.9265,1247.39,652.2625
68.48215,1,1247.408,652.9265,1247.399,652.5945
68.49531,1,1247.408,652.9265,1247.404,652.7605
68.5,1,1247.408,652.9265,1247.406,652.8435
68.51231,1,1246.246,652.3812,1246.826,652.6124
68.517,1,1246.246,652.3812,1246.536,652.4968
68.5504,1,1244.552,651.5201,1245.544,652.0085
68.56507,1,1243.175,650.314,1244.36,651.1613
68.57039,1,1243.175,650.314,1243.767,650.7377
68.57539,1,1243.175,650.314,1243.471,650.5259
68.59254,1,1241.993,649.0125,1242.732,649.7692
68.61128,1,1241.993,649.0125,1242.363,649.3909
68.62933,1,1240.558,647.7031,1241.46,648.547
68.63338,1,1240.558,647.7031,1241.009,648.125
68.6384,1,1240.558,647.7031,1240.783,647.9141
68.64285,1,1240.558,647.7031,1240.671,647.8086
68.64761,1,1240.558,647.7031,1240.614,647.7559
68.65275,1,1238.818,645.8237,1239.716,646.7898
68.66263,1,1238.818,645.8237,1239.267,646.3068
68.66902,1,1238.818,645.8237,1239.042,646.0652
68.67975,1,1238.818,645.8237,1238.93,645.9445
68.68478,1,1236.858,645.3902,1237.894,645.6674
68.6954,1,1236.858,645.3902,1237.376,645.5288
68.70009,1,1236.858,645.3902,1237.117,645.4595
68.71122,1,1236.858,645.3902,1236.988,645.4248
68.71593,1,1235.068,645.3185,1236.028,645.3716
68.72711,1,1235.068,645.3185,1235.548,645.3451
68.73157,1,1235.068,645.3185,1235.308,645.3318
68.74471,1,1233.034,644.3242,1234.171,644.828
68.76115,1,1233.034,644.3242,1233.603,644.576
68.7878,1,1231.107,643.2707,1232.355,643.9233
68.79399,1,1231.107,643.2707,1231.731,643.597
68.79917,1,1231.107,643.2707,1231.419,643.4338
68.80444,1,1229.796,641.5052,1230.608,642.4695
68.81073,1,1229.796,641.5052,1230.202,641.9873
68.82659,1,1229.796,641.5052,1229.999,641.7462
68.84917,1,1228.549,641.0073,1229.274,641.3768
68.8835,1,1226.892,640.3863,1228.083,640.8815
68.90849,1,1224.916,639.6473,1226.5,640.2644
68.91319,1,1224.916,639.6473,1225.708,639.9559
68.91737,1,1224.916,639.6473,1225.312,639.8016
68.92704,1,1222.925,638.5804,1224.119,639.191
68.93141,1,1222.925,638.5804,1223.522,638.8857
68.94431,1,1222.925,638.5804,1223.224,638.7331
68.95042,1,1222.925,638.5804,1223.074,638.6567
68.96242,1,1220.804,637.5016,1221.939,638.0792
68.97756,1,1220.804,637.5016,1221.372,637.7904
68.99602,1,1218.729,637.1042,1220.051,637.4473
69.01352,1,1218.729,637.1042,1219.39,637.2758
69.04536,1,1216.799,637.9489,1218.094,637.6123
69.06562,1,1216.799,637.9489,1217.447,637.7806
69.10099,1,1216.523,638.9222,1216.985,638.3514
69.12061,1,1215.83,639.4977,1216.407,638.9246
69.13594,1,1214.617,637.9617,1215.512,638.4431
69.15482,1,1214.617,637.9617,1215.065,638.2024
69.18641,1,1212.756,635.3799,1213.91,636.7911
69.20132,1,1212.172,635.6976,1213.041,636.2444
69.21069,1,1212.172,635.6976,1212.606,635.971
69.21506,1,1212.172,635.6976,1212.389,635.8344
69.22931,1,1208.4,633.634,1210.395,634.7341
69.23355,1,1208.4,633.634,1209.397,634.1841
69.2397,1,1208.4,633.634,1208.899,633.9091
69.24384,1,1208.4,633.634,1208.649,633.7715
69.25646,1,1206.355,633.8939,1207.502,633.8327
69.26133,1,1206.355,633.8939,1206.928,633.8633
69.27662,1,1206.355,633.8939,1206.642,633.8786
69.29235,1,1204.678,634.1982,1205.66,634.0385
69.3096,1,1204.678,634.1982,1205.169,634.1183
69.32487,1,1203.42,635.5961,1204.294,634.8572
69.34117,1,1203.42,635.5961,1203.857,635.2266
69.34826,1,1202.162,636.9057,1203.01,636.0662
69.35442,1,1202.162,636.9057,1202.586,636.486
69.36306,1,1202.162,636.9057,1202.374,636.6958
69.36992,1,1202.162,636.9057,1202.268,636.8008
69.37634,1,1201.916,638.5015,1202.092,637.6511
69.38059,1,1201.916,638.5015,1202.004,638.0763
69.38548,1,1201.916,638.5015,1201.96,638.2889
69.39395,1,1201.916,638.5015,1201.938,638.3953
69.39829,1,1201.916,638.5015,1201.927,638.4484
69.40332,1,1201.916,638.5015,1201.921,638.475
69.41408,1,1202.857,639.9985,1202.389,639.2367
69.42055,1,1202.857,639.9985,1202.623,639.6176
69.42707,1,1202.857,639.9985,1202.74,639.808
69.43167,1,1202.857,639.9985,1202.798,639.9032
69.4444,1,1204.831,642.5201,1203.815,641.2117
69.45021,1,1204.831,642.5201,1204.323,641.8658
69.46377,1,1204.831,642.5201,1204.577,642.193
69.47729,1,1209.462,646.2573,1207.019,644.2251
69.49646,1,1209.462,646.2573,1208.241,645.2412
69.51189,1,1215.24,651.6677,1211.74,648.4545
69.52991,1,1221.234,658.1465,1216.487,653.3005
69.54787,1,1221.234,658.1465,1218.86,655.7235
69.56152,1,1228.065,665.2579,1223.463,660.4907
69.57902,1,1228.065,665.2579,1225.764,662.8743
69.59529,1,1235.517,673.2312,1230.641,668.0527
69.62333,1,1242.674,680.9687,1236.657,674.5107
69.62894,1,1242.674,680.9687,1239.666,677.7397
69.63299,1,1242.674,680.9687,1241.17,679.3542
69.64206,1,1242.674,680.9687,1241.922,680.1615
69.64806,1,1242.674,680.9687,1242.298,680.5651
69.65896,1,1248.5,689.1415,1245.399,684.8533
69.6639,1,1248.5,689.1415,1246.95,686.9974
69.68169,1,1228.569,687.0975,1237.759,687.0475
69.69801,1,1228.569,687.0975,1233.164,687.0725
69.71333,1,1162.501,676.3378,1197.832,681.7052
69.73199,1,1162.501,676.3378,1180.167,679.0215
69.74455,1,917.4843,636.1474,1048.825,657.5845
69.76182,1,917.4843,636.1474,983.1549,646.866
69.77918,1,599.0944,572.4771,791.1246,609.6715
69.80479,1,400.4711,528.6601,595.7979,569.1658
69.82542,1,400.4711,528.6601,498.1345,548.913
69.84531,1,307.4723,511.8136,402.8034,530.3633
69.86409,1,261.1802,510.0462,331.9918,520.2047
69.88256,1,261.1802,510.0462,296.586,515.1255
69.89622,1,233.1008,515.6225,264.8434,515.374
69.90067,1,233.1008,515.6225,248.9721,515.4983
69.91415,1,233.1008,515.6225,241.0365,515.5604
69.92649,1,206.5738,535.0055,223.8051,525.283
69.93127,1,206.5738,535.0055,215.1895,530.1442
69.94405,1,206.5738,535.0055,210.8817,532.5748
69.94975,1,183.0495,545.2926,196.9656,538.9337
69.96489,1,183.0495,545.2926,190.0075,542.1132
69.99416,1,169.0832,549.2318,179.5453,545.6725
70.01373,1,160.7553,550.8193,170.1503,548.2459
70.0292,1,160.7553,550.8193,165.4528,549.5326
70.03311,1,160.7553,550.8193,163.1041,550.176
70.03942,1,160.7553,550.8193,161.9297,550.4977
70.05503,1,176.4192,554.2432,169.1745,552.3704
70.06163,1,176.4192,554.2432,172.7968,553.3068
70.0667,1,176.4192,554.2432,174.608,553.775
70.07297,1,229.9666,567.8263,202.2873,560.8007
70.08176,1,229.9666,567.8263,216.127,564.3135
70.08753,1,229.9666,567.8263,223.0468,566.0699
70.09436,1,229.9666,567.8263,226.5067,566.9481
70.09911,1,229.9666,567.8263,228.2367,567.3872
70.10502,1,434.1197,599.2557,331.1782,583.3214
70.11433,1,434.1197,599.2557,382.6489,591.2886
70.1201,1,434.1197,599.2557,408.3843,595.2721
70.13254,1,812.9608,699.6949,610.6725,647.4835
70.1505,1,812.9608,699.6949,711.8167,673.5892
70.16276,1,1080.159,774.9849,895.9876,724.287
70.17953,1,1080.159,774.9849,988.0731,749.636
70.185,1,1080.159,774.9849,1034.116,762.3104
70.19757,1,1188.165,817.834,1111.14,790.0722
70.21523,1,1188.165,817.834,1149.652,803.9531
70.22855,1,1233.093,837.556,1191.372,820.7546
70.24883,1,1233.093,837.556,1212.232,829.1553
70.26155,1,1261.487,841.7347,1236.86,835.4449
70.26737,1,1261.487,841.7347,1249.173,838.5898
70.27313,1,1261.487,841.7347,1255.33,840.1622
70.28777,1,1274.109,842.8942,1264.72,841.5282
70.3072,1,1274.109,842.8942,1269.414,842.2112
70.32294,1,1281.705,840.0515,1275.56,841.1313
70.33177,1,1281.705,840.0515,1278.632,840.5914
70.3371,1,1281.705,840.0515,1280.168,840.3215
70.34413,1,1286.889,836.7582,1283.529,838.5398
70.34949,1,1286.889,836.7582,1285.209,837.649
70.3552,1,1286.889,836.7582,1286.049,837.2036
70.36147,1,1286.889,836.7582,1286.469,836.9809
70.36709,1,1286.889,836.7582,1286.679,836.8695
70.3756,1,1298.535,832.765,1292.607,834.8173
70.38091,1,1298.535,832.765,1295.571,833.7911
70.38778,1,1298.535,832.765,1297.053,833.2781
70.39717,1,1298.535,832.765,1297.794,833.0215
70.40261,1,1298.535,832.765,1298.164,832.8933
70.41114,1,1309.276,827.4879,1303.72,830.1906
70.4163,1,1309.276,827.4879,1306.499,828.8392
70.42871,1,1309.276,827.4879,1307.887,828.1636
70.43385,1,1315.321,821.1422,1311.604,824.6528
70.44206,1,1315.321,821.1422,1313.462,822.8975
70.44755,1,1315.321,821.1422,1314.391,822.0198
70.46104,1,1315.321,821.1422,1314.856,821.5809
70.46754,1,1320.034,816.8646,1317.445,819.2228
70.49977,1,1323.127,812.6494,1320.286,815.9361
70.52058,1,1323.127,812.6494,1321.706,814.2927
70.55178,1,1325.241,807.626,1323.474,810.9594
70.57188,1,1327.258,803.4122,1325.366,807.1858
70.58825,1,1329.176,799.7687,1327.271,803.4772
70.60268,1,1329.176,799.7687,1328.223,801.6229
70.62968,1,1330.414,796.6671,1329.318,799.145
70.64863,1,1331.141,795.0955,1330.23,797.1202
70.66557,1,1331.141,795.0955,1330.686,796.1078
70.68384,1,1331.866,793.6769,1331.276,794.8924
70.71246,1,1333.102,793.1815,1332.189,794.037
70.72882,1,1333.102,793.1815,1332.646,793.6093
70.7467,1,1334.28,793.5051,1333.463,793.5571
70.77649,1,1335.193,794.45,1334.328,794.0035
70.79325,1,1335.193,794.45,1334.761,794.2267
70.81287,1,1335.921,795.884,1335.341,795.0554
70.84337,1,1336.293,797.3394,1335.817,796.1974
70.87483,1,1336.994,798.907,1336.406,797.5522
70.89608,1,1338.324,801.5783,1337.365,799.5652
70.91428,1,1338.324,801.5783,1337.844,800.5718
70.9273,1,1341.625,811.1986,1339.735,805.8852
70.93249,1,1341.625,811.1986,1340.68,808.5419
70.94429,1,1341.625,811.1986,1341.152,809.8702
70.95992,1,1347.258,823.2079,1344.205,816.5391
70.96484,1,1347.258,823.2079,1345.732,819.8735
70.97055,1,1347.258,823.2079,1346.495,821.5408
70.97523,1,1347.258,823.2079,1346.876,822.3744
70.99145,1,1352.47,836.657,1349.673,829.5157
70.99587,1,1352.47,836.657,1351.072,833.0864
71.00054,1,1352.47,836.657,1351.771,834.8717
71.00684,1,1352.47,836.657,1352.121,835.7644
71.01978,1,1359.52,849.3976,1355.82,842.581
71.02455,1,1359.52,849.3976,1357.67,845.9893
71.04251,1,1365.474,859.8972,1361.572,852.9432
71.04919,1,1365.474,859.8972,1363.523,856.4202
71.05476,1,1365.474,859.8972,1364.498,858.1587
71.06083,1,1365.474,859.8972,1364.986,859.028
71.06542,1,1365.474,859.8972,1365.23,859.4626
71.07135,1,1371.077,867.7427,1368.153,863.6027
71.07981,1,1371.077,867.7427,1369.615,865.6727
71.08437,1,1371.077,867.7427,1370.346,866.7076
71.0942,1,1371.077,867.7427,1370.711,867.2252
71.0994,1,1375.815,871.1801,1373.263,869.2026
71.10662,1,1375.815,871.1801,1374.539,870.1914
71.11405,1,1375.815,871.1801,1375.177,870.6858
71.11929,1,1375.815,871.1801,1375.496,870.933
71.13354,1,1377.977,872.4207,1376.737,871.6768
71.14482,1,1377.977,872.4207,1377.357,872.0487
71.15022,1,1377.977,872.4207,1377.667,872.2347
71.16319,1,1379.782,872.7364,1378.724,872.4855
71.18268,1,1379.782,872.7364,1379.253,872.611
71.19737,1,1380.548,873.3277,1379.901,872.9694
71.21423,1,1380.548,873.3277,1380.224,873.1486
71.22968,1,1381.408,874.0608,1380.816,873.6047
71.25591,1,1382.341,873.937,1381.579,873.7709
71.27267,1,1382.341,873.937,1381.96,873.8539
71.2821,1,1383.916,874.0069,1382.938,873.9304
71.28876,1,1383.916,874.0069,1383.427,873.9686
71.29784,1,1383.916,874.0069,1383.672,873.9878
71.30341,1,1383.916,874.0069,1383.794,873.9973
71.31113,1,1385.333,876.949,1384.563,875.4731
71.3157,1,1385.333,876.949,1384.948,876.2111
71.32182,1,1385.333,876.949,1385.141,876.5801
71.33035,1,1385.333,876.949,1385.237,876.7645
71.33533,1,1385.333,876.949,1385.285,876.8568
71.34409,1,1386.576,883.996,1385.931,880.4264
71.34974,1,1386.576,883.996,1386.253,882.2112
71.3586,1,1386.576,883.996,1386.415,883.1036
71.36358,1,1386.576,883.996,1386.495,883.5498
71.37492,1,1387.906,893.4503,1387.201,888.5001
71.37977,1,1387.906,893.4503,1387.554,890.9752
71.39188,1,1387.906,893.4503,1387.73,892.2128
71.39639,1,1387.906,893.4503,1387.818,892.8315
71.41243,1,1389.875,903.7982,1388.846,898.3148
71.43141,1,1393.769,914.951,1391.308,906.6329
71.45554,1,1393.769,914.951,1392.538,910.792
71.46972,1,1398.999,925.7134,1395.768,918.2527
71.47686,1,1398.999,925.7134,1397.383,921.983
71.50964,1,1402.289,934.5063,1399.836,928.2446
71.54224,1,1405.118,941.1472,1402.477,934.6959
71.55828,1,1407.763,945.1916,1405.12,939.9437
71.56267,1,1407.763,945.1916,1406.441,942.5676
71.56931,1,1407.763,945.1916,1407.102,943.8796
71.57725,1,1407.763,945.1916,1407.432,944.5356
71.58128,1,1407.763,945.1916,1407.598,944.8636
71.59136,1,1408.032,947.1379,1407.815,946.0008
71.59642,1,1408.032,947.1379,1407.923,946.5693
71.60082,1,1408.032,947.1379,1407.977,946.8536
71.60998,1,1408.032,947.1379,1408.004,946.9958
71.61472,1,1408.053,947.8548,1408.029,947.4253
71.62797,1,1408.053,947.8548,1408.041,947.64
71.6324,1,1408.053,947.8548,1408.047,947.7474
71.64751,1,1409.888,948.9382,1408.968,948.3428
71.66454,1,1409.888,948.9382,1409.428,948.6405
71.69463,1,1411.824,949.22,1410.626,948.9302
71.70947,1,1414.689,950.5828,1412.658,949.7565
71.72896,1,1414.689,950.5828,1413.674,950.1697
71.76395,1,1437.393,950.7513,1425.533,950.4605
71.78782,1,1437.393,950.7513,1431.463,950.606
71.81632,1,1468.062,944.46,1449.762,947.533
71.83075,1,1499.62,938.3618,1474.691,942.9474
71.8354,1,1499.62,938.3618,1487.156,940.6545
71.84778,1,1499.62,938.3618,1493.388,939.5082
71.85291,1,1499.62,938.3618,1496.504,938.9349
71.86063,1,1527.987,934.5241,1512.245,936.7295
71.86539,1,1527.987,934.5241,1520.116,935.6268
71.87103,1,1527.987,934.5241,1524.051,935.0754
71.88303,1,1527.987,934.5241,1526.019,934.7998
71.90157,1,1552.947,930.779,1539.483,932.7894
71.93009,1,1569.615,928.4902,1554.549,930.6398
71.94688,1,1579.75,928.0833,1567.15,929.3616
71.97649,1,1587.847,928.8143,1577.498,929.0879
71.99429,1,1587.847,928.8143,1582.673,928.951
72.01604,1,1595.514,933.1613,1589.093,931.0562
72.02152,1,1595.514,933.1613,1592.303,932.1088
72.03069,1,1595.514,933.1613,1593.908,932.635
72.03517,1,1600.932,939.1262,1597.42,935.8806
72.04121,1,1600.932,939.1262,1599.176,937.5034
72.04973,1,1600.932,939.1262,1600.054,938.3148
72.05598,1,1600.932,939.1262,1600.493,938.7205
72.06518,1,1609.27,946.0224,1604.881,942.3715
72.07205,1,1609.27,946.0224,1607.076,944.1969
72.07832,1,1609.27,946.0224,1608.173,945.1096
72.08255,1,1609.27,946.0224,1608.721,945.566
72.08941,1,1609.27,946.0224,1608.995,945.7942
72.10561,1,1613.2,948.0627,1611.098,946.9285
72.11713,1,1613.2,948.0627,1612.149,947.4956
72.13186,1,1587.042,919.8567,1599.595,933.6761
72.15346,1,1587.042,919.8567,1593.319,926.7664
72.16647,1,1404.221,738.0657,1498.77,832.4161
72.17175,1,1404.221,738.0657,1451.496,785.2409
72.17647,1,1404.221,738.0657,1427.859,761.6533
72.19144,1,1134.833,486.5871,1281.346,624.1202
72.2113,1,1134.833,486.5871,1208.089,555.3537
72.24387,1,998.0262,352.8174,1103.058,454.0856
72.26192,1,943.0811,299.8677,1023.069,376.9766
72.29172,1,921.8848,275.9547,972.4771,326.4656
72.31101,1,915.5035,265.6838,943.9903,296.0747
72.34211,1,912.4218,258.7442,928.2061,277.4095
72.36243,1,912.4218,258.7442,920.3139,268.0768
72.37785,1,911.7083,254.5871,916.0111,261.332
72.38303,1,911.7083,254.5871,913.8597,257.9595
72.39609,1,911.7083,254.5871,912.7841,256.2733
72.4119,1,910.6909,253.7747,911.7374,255.024
72.41763,1,910.6909,253.7747,911.2141,254.3993
72.43932,1,885.5999,271.2186,898.407,262.809
72.46463,1,817.2203,344.2097,857.8136,303.5093
72.47079,1,817.2203,344.2097,837.517,323.8595
72.47521,1,817.2203,344.2097,827.3687,334.0346
72.491,1,632.4009,565.3732,729.8848,449.7039
72.50791,1,632.4009,565.3732,681.1428,507.5386
72.51606,1,632.4009,565.3732,656.7719,536.4559
72.52226,1,478.279,766.7003,567.5254,651.5781
72.53183,1,478.279,766.7003,522.9022,709.1392
72.537,1,478.279,766.7003,500.5906,737.9197
72.54308,1,478.279,766.7003,489.4348,752.3099
72.54826,1,478.279,766.7003,483.8569,759.5051
72.55391,1,402.022,862.5602,442.9395,811.0327
72.56337,1,402.022,862.5602,422.4807,836.7964
72.56996,1,402.022,862.5602,412.2513,849.6783
72.57974,1,461.6112,931.3936,436.9313,890.5359
72.58513,1,461.6112,931.3936,449.2712,910.9648
72.59321,1,461.6112,931.3936,455.4412,921.1792
72.59775,1,461.6112,931.3936,458.5262,926.2864
72.60339,1,461.6112,931.3936,460.0687,928.84
72.61346,1,694.7319,974.1262,577.4003,951.483
72.62069,1,694.7319,974.1262,636.0661,962.8046
72.62751,1,694.7319,974.1262,665.399,968.4653
72.63226,1,694.7319,974.1262,680.0655,971.2958
72.643,1,1005.67,971.9296,842.8676,971.6127
72.64857,1,1005.67,971.9296,924.2686,971.7711
72.66196,1,1005.67,971.9296,964.9691,971.8503
72.67682,1,1243.566,972.7404,1104.268,972.2954
72.69299,1,1243.566,972.7404,1173.917,972.5179
72.70731,1,1374.279,969.8806,1274.098,971.1992
72.71313,1,1374.279,969.8806,1324.188,970.5399
72.74277,1,1439.41,964.6977,1381.799,967.6188
72.77106,1,1470.167,958.6323,1425.983,963.1255
72.78191,1,1470.167,958.6323,1448.075,960.8789
72.79978,1,1483.269,955.0563,1465.672,957.9677
72.81664,1,1483.269,955.0563,1474.47,956.512
72.83001,1,1415.863,966.4883,1445.167,961.5001
72.83392,1,1415.863,966.4883,1430.515,963.9943
72.83894,1,1415.863,966.4883,1423.189,965.2413
72.84988,1,1252.481,980.9572,1337.835,973.0992
72.86189,1,1252.481,980.9572,1295.158,977.0282
72.86745,1,1252.481,980.9572,1273.82,978.9927
72.88113,1,885.2874,978.9974,1079.554,978.9951
72.89555,1,885.2874,978.9974,982.4205,978.9962
72.90025,1,885.2874,978.9974,933.854,978.9968
72.91414,1,534.741,958.4245,734.2975,968.7107
72.92925,1,534.741,958.4245,634.5192,963.5676
72.94459,1,363.9723,948.3229,499.2457,955.9453
72.96244,1,363.9723,948.3229,431.609,952.134
72.97662,1,292.1093,944.951,361.8591,948.5425
72.98096,1,292.1093,944.951,326.9842,946.7468
72.98675,1,292.1093,944.951,309.5467,945.8489
72.99128,1,292.1093,944.951,300.828,945.4
73.00507,1,261.6848,944.8084,281.2564,945.1042
73.01131,1,261.6848,944.8084,271.4706,944.9563
73.0266,1,261.6848,944.8084,266.5777,944.8823
73.04041,1,248.6772,943.9172,257.6274,944.3998
73.04986,1,248.6772,943.9172,253.1523,944.1584
73.05516,1,248.6772,943.9172,250.9148,944.0378
73.06132,1,241.3003,937.9229,246.1075,940.9803
73.06647,1,241.3003,937.9229,243.7039,939.4516
73.07163,1,241.3003,937.9229,242.5021,938.6873
73.0916,1,241.3003,937.9229,241.9012,938.3051
73.10177,1,238.7876,942.0932,240.3444,940.1991
73.11981,1,238.7876,942.0932,239.566,941.1461
73.13484,1,233.6496,941.9739,236.6078,941.56
73.16415,1,229.1959,947.7933,232.9018,944.6766
73.18008,1,229.1959,947.7933,231.0488,946.235
73.20847,1,223.9061,951.2979,227.4775,948.7664
73.22788,1,218.107,955.1063,222.7922,951.9364
73.236,1,218.107,955.1063,220.4496,953.5214
73.2407,1,218.107,955.1063,219.2783,954.3138
73.25793,1,214.2277,959.5136,216.753,956.9137
73.27815,1,209.3046,963.7621,213.0288,960.3379
73.28293,1,209.3046,963.7621,211.1667,962.05
73.29003,1,209.3046,963.7621,210.2357,962.9061
73.29976,1,209.3046,963.7621,209.7701,963.3341
73.3083,1,204.927,968.8781,207.3485,966.1061
73.31356,1,204.927,968.8781,206.1378,967.4921
73.3179,1,204.927,968.8781,205.5323,968.1851
73.32523,1,204.927,968.8781,205.2296,968.5316
73.33057,1,204.927,968.8781,205.0783,968.7048
73.3379,1,199.952,974.6501,202.5151,971.6775
73.34966,1,199.952,974.6501,201.2336,973.1638
73.36028,1,199.952,974.6501,200.5928,973.907
73.36508,1,206.865,984.1223,203.7289,979.0146
73.37788,1,206.865,984.1223,205.2969,981.5685
73.38261,1,206.865,984.1223,206.0809,982.8454
73.39624,1,304.0764,1005.876,255.0786,994.3609
73.4248,1,669.6163,1024.669,462.3475,1009.515
73.4319,1,669.6163,1024.669,565.9819,1017.092
73.43802,1,669.6163,1024.669,617.7991,1020.88
73.44324,1,669.6163,1024.669,643.7078,1022.774
73.45885,1,1138.448,1020.789,891.0776,1021.782
73.47351,1,1138.448,1020.789,1014.763,1021.286
73.49361,1,1380.826,1012.475,1197.794,1016.88
73.52058,1,1476.488,1000.898,1337.141,1008.889
73.53056,1,1476.488,1000.898,1406.814,1004.894
73.53676,1,1476.488,1000.898,1441.651,1002.896
73.54382,1,1476.488,1000.898,1459.069,1001.897
73.54948,1,1510.814,988.2195,1484.942,995.0582
73.55611,1,1510.814,988.2195,1497.878,991.6388
73.56271,1,1510.814,988.2195,1504.346,989.9291
73.56851,1,1510.814,988.2195,1507.58,989.0743
73.57854,1,1523.703,977.2906,1515.642,983.1825
73.58332,1,1523.703,977.2906,1519.672,980.2366
73.5956,1,1523.703,977.2906,1521.688,978.7636
73.60094,1,1523.703,977.2906,1522.695,978.0271
73.61122,1,1526.535,968.701,1524.615,973.3641
73.61588,1,1526.535,968.701,1525.575,971.0326
73.62814,1,1526.535,968.701,1526.055,969.8668
73.64008,1,1525.63,960.3912,1525.843,965.129
73.64525,1,1525.63,960.3912,1525.736,962.7601
73.6618,1,1525.63,960.3912,1525.683,961.5757
73.67086,1,1523.087,952.9113,1524.385,957.2435
73.67624,1,1523.087,952.9113,1523.736,955.0774
73.69339,1,1523.087,952.9113,1523.412,953.9943
73.71301,1,1524.832,944.4412,1524.122,949.2178
73.74918,1,1528.989,922.1714,1526.555,935.6946
73.76546,1,1534.275,905.5931,1530.415,920.6438
73.78213,1,1534.275,905.5931,1532.345,913.1184
73.81142,1,1537.502,892.8143,1534.923,902.9664
73.82539,1,1541.677,885.2281,1538.3,894.0972
73.83005,1,1541.677,885.2281,1539.989,889.6627
73.83439,1,1541.677,885.2281,1540.833,887.4454
73.84444,1,1541.677,885.2281,1541.255,886.3367
73.84976,1,1544.389,880.8052,1542.822,883.571
73.86304,1,1544.389,880.8052,1543.605,882.1881
73.87959,1,1547.203,877.968,1545.404,880.0781
73.88407,1,1547.203,877.968,1546.304,879.0231
73.89005,1,1547.203,877.968,1546.753,878.4955
73.89503,1,1547.203,877.968,1546.978,878.2318
73.90818,1,1548.128,873.5992,1547.553,875.9155
73.92368,1,1548.128,873.5992,1547.841,874.7573
73.94328,1,1559.461,844.9487,1553.651,859.853
73.96227,1,1559.461,844.9487,1556.556,852.4009
73.98873,1,1559.461,844.9487,1558.008,848.6748
73.99354,1,1559.461,844.9487,1558.735,846.8118
73.9977,1,1559.461,844.9487,1559.098,845.8802
74.00272,1,1559.461,844.9487,1559.279,845.4144
74.01276,1,1559.461,844.9487,1559.37,845.1815
74.01673,1,1559.461,844.9487,1559.416,845.0651
74.02787,1,1559.461,844.9487,1559.438,845.0068
74.0334,1,1577.904,707.7335,1568.671,776.3701
74.04652,1,1577.904,707.7335,1573.288,742.0518
74.05152,1,1577.904,707.7335,1575.596,724.8926
74.08006,1,1566.931,714.4896,1571.264,719.6911
74.09752,1,1558.164,718.5958,1564.714,719.1434
74.11433,1,1558.164,718.5958,1561.439,718.8696
74.12797,1,1552.155,721.5437,1556.797,720.2067
74.14193,1,1552.155,721.5437,1554.476,720.8752
74.14743,1,1552.155,721.5437,1553.316,721.2095
74.18067,1,1539.085,721.6998,1546.2,721.4546
74.19733,1,1539.085,721.6998,1542.643,721.5771
74.22903,1,1531.409,720.5469,1537.026,721.062
74.24476,1,1525.043,719.8754,1531.035,720.4687
74.27528,1,1518.764,717.315,1524.9,718.8918
74.30396,1,1513.448,712.4448,1519.174,715.6683
74.31342,1,1513.448,712.4448,1516.311,714.0566
74.31773,1,1513.448,712.4448,1514.879,713.2507
74.32318,1,1513.448,712.4448,1514.163,712.8478
74.3283,1,1513.448,712.4448,1513.805,712.6463
74.33347,1,1508.07,709.1455,1510.938,710.8959
74.34371,1,1508.07,709.1455,1509.504,710.0207
74.34908,1,1508.07,709.1455,1508.787,709.5831
74.35973,1,1508.07,709.1455,1508.429,709.3643
74.36391,1,1502.161,703.578,1505.295,706.4712
74.37743,1,1502.161,703.578,1503.728,705.0246
74.38226,1,1502.161,703.578,1502.945,704.3013
74.41359,1,1498.767,699.2975,1500.856,701.7994
74.43121,1,1495.553,698.15,1498.205,699.9747
74.43605,1,1495.553,698.15,1496.879,699.0624
74.44131,1,1495.553,698.15,1496.216,698.6062
74.44678,1,1495.553,698.15,1495.884,698.3781
74.46188,1,1491.975,697.7242,1493.93,698.0511
74.49557,1,1488.551,693.8563,1491.24,695.9537
74.52639,1,1486.816,689.9827,1489.028,692.9682
74.54658,1,1486.05,686.6967,1487.539,689.8325
74.55667,1,1486.05,686.6967,1486.794,688.2646
74.56192,1,1486.05,686.6967,1486.422,687.4807
74.56672,1,1486.05,686.6967,1486.236,687.0887
74.57755,1,1485.147,684.752,1485.692,685.9203
74.58205,1,1485.147,684.752,1485.419,685.3362
74.58816,1,1485.147,684.752,1485.283,685.0441
74.59419,1,1485.147,684.752,1485.215,684.8981
74.59818,1,1485.147,684.752,1485.181,684.8251
74.60981,1,1484.114,683.4321,1484.648,684.1286
74.6143,1,1484.114,683.4321,1484.381,683.7804
74.6251,1,1484.114,683.4321,1484.248,683.6063
74.63023,1,1484.114,683.4321,1484.181,683.5192
74.63976,1,1482.4,682.612,1483.291,683.0656
74.64475,1,1482.4,682.612,1482.845,682.8387
74.6601,1,1482.4,682.612,1482.623,682.7253
74.67873,1,1478.868,681.1717,1480.746,681.9485
74.69749,1,1475.794,679.3613,1478.27,680.6549
74.73014,1,1472.275,679.3929,1475.272,680.0239
74.74384,1,1472.275,679.3929,1473.774,679.7084
74.74867,1,1472.275,679.3929,1473.024,679.5507
74.75404,1,1470.543,678.741,1471.784,679.1458
74.76167,1,1470.543,678.741,1471.164,678.9434
74.76721,1,1470.543,678.741,1470.853,678.8422
74.77307,1,1470.543,678.741,1470.698,678.7916
74.77896,1,1470.543,678.741,1470.621,678.7662
74.78335,1,1470.543,678.741,1470.582,678.7536
74.79273,1,1466.233,676.4395,1468.407,677.5966
74.79892,1,1466.233,676.4395,1467.32,677.018
74.80492,1,1466.233,676.4395,1466.776,676.7288
74.81151,1,1466.233,676.4395,1466.505,676.5841
74.81645,1,1461.367,674.0811,1463.936,675.3326
74.82733,1,1461.367,674.0811,1462.651,674.7068
74.83244,1,1461.367,674.0811,1462.009,674.3939
74.84151,1,1461.367,674.0811,1461.688,674.2375
74.84742,1,1456.615,671.0772,1459.151,672.6573
74.85779,1,1456.615,671.0772,1457.883,671.8673
74.86319,1,1456.615,671.0772,1457.249,671.4723
74.87336,1,1456.615,671.0772,1456.932,671.2748
74.87846,1,1450.689,667.5594,1453.81,669.4171
74.88365,1,1450.689,667.5594,1452.25,668.4883
74.89832,1,1450.689,667.5594,1451.469,668.0238
74.93053,1,1445.749,663.9952,1448.609,666.0095
74.9463,1,1442.634,660.6961,1445.622,663.3528
74.95044,1,1442.634,660.6961,1444.128,662.0244
74.95589,1,1442.634,660.6961,1443.381,661.3602
74.96878,1,1437.428,657.137,1440.405,659.2487
74.97386,1,1437.428,657.137,1438.917,658.1929
74.99426,1,1437.428,657.137,1438.173,657.6649
75.00016,1,1434.766,652.7269,1436.469,655.1959
75.0069,1,1434.766,652.7269,1435.617,653.9614
75.01621,1,1434.766,652.7269,1435.192,653.3442
75.02168,1,1434.766,652.7269,1434.979,653.0355
75.02987,1,1431.082,647.5739,1433.03,650.3047
75.03548,1,1431.082,647.5739,1432.056,648.9393
75.04864,1,1431.082,647.5739,1431.569,648.2566
75.05435,1,1431.082,647.5739,1431.325,647.9153
75.0607,1,1426.911,641.0608,1429.118,644.488
75.06535,1,1426.911,641.0608,1428.015,642.7744
75.07152,1,1426.911,641.0608,1427.463,641.9176
75.08185,1,1426.911,641.0608,1427.187,641.4892
75.094,1,1421.74,633.9473,1424.464,637.7183
75.09893,1,1421.74,633.9473,1423.102,635.8328
75.11623,1,1417.02,627.9802,1420.061,631.9065
75.13175,1,1417.02,627.9802,1418.54,629.9434
75.14645,1,1412.636,622.8139,1415.588,626.3787
75.16364,1,1412.636,622.8139,1414.112,624.5963
75.18031,1,1409.326,620.6275,1411.719,622.6119
75.21278,1,1407.012,620.0682,1409.365,621.3401
75.23018,1,1407.012,620.0682,1408.189,620.7042
75.26051,1,1406.925,622.1068,1407.557,621.4055
75.27778,1,1406.095,623.2259,1406.826,622.3157
75.29569,1,1406.095,623.2259,1406.46,622.7708
75.32604,1,1405.461,624.3145,1405.96,623.5426
75.34837,1,1404.599,626.9539,1405.28,625.2482
75.3791,1,1403.986,629.0956,1404.633,627.1719
75.39902,1,1403.516,630.8528,1404.075,629.0123
75.41558,1,1403.516,630.8528,1403.796,629.9326
75.44386,1,1402.885,633.0041,1403.341,631.4683
75.4639,1,1402.672,634.1143,1403.006,632.7913
75.49701,1,1401.832,635.6302,1402.419,634.2108
75.5118,1,1400.615,639.5945,1401.517,636.9026
75.51583,1,1400.615,639.5945,1401.066,638.2486
75.52171,1,1400.615,639.5945,1400.84,638.9216
75.52831,1,1400.615,639.5945,1400.728,639.2581
75.53273,1,1400.615,639.5945,1400.671,639.4263
75.53844,1,1400.615,639.5945,1400.643,639.5104
75.54494,1,1397.653,639.1439,1399.148,639.3271
75.54972,1,1397.653,639.1439,1398.401,639.2355
75.55587,1,1397.653,639.1439,1398.027,639.1897
75.5649,1,1397.653,639.1439,1397.84,639.1667
75.57127,1,1395.418,644.3527,1396.629,641.7598
75.57716,1,1395.418,644.3527,1396.023,643.0563
75.58147,1,1395.418,644.3527,1395.721,643.7045
75.5904,1,1395.418,644.3527,1395.569,644.0286
75.59936,1,1395.418,644.3527,1395.494,644.1907
75.60924,1,1393.145,645.3713,1394.319,644.781
75.61418,1,1393.145,645.3713,1393.732,645.0762
75.62699,1,1393.145,645.3713,1393.439,645.2238
75.64193,1,1390.958,646.0276,1392.198,645.6257
75.64841,1,1390.958,646.0276,1391.578,645.8267
75.67719,1,1389.042,645.772,1390.31,645.7993
75.71298,1,1387.132,644.2498,1388.721,645.0245
75.74801,1,1384.039,641.8228,1386.38,643.4236
75.76701,1,1380.554,640.2678,1383.467,641.8457
75.78399,1,1377.329,638.0787,1380.398,639.9622
75.80211,1,1377.329,638.0787,1378.864,639.0205
75.81703,1,1373.455,636.583,1376.159,637.8018
75.84534,1,1368.919,635.2705,1372.539,636.5361
75.8646,1,1368.919,635.2705,1370.729,635.9033
75.87855,1,1365.576,634.971,1368.153,635.4371
75.89455,1,1365.576,634.971,1366.864,635.2041
75.91165,1,1363.402,634.3643,1365.133,634.7842
75.929,1,1363.402,634.3643,1364.268,634.5742
75.94767,1,1361.67,633.9811,1362.969,634.2777
75.96249,1,1360.133,633.7715,1361.551,634.0247
75.97929,1,1360.133,633.7715,1360.842,633.8981
75.99312,1,1359.29,633.2349,1360.066,633.5665
75.99729,1,1359.29,633.2349,1359.678,633.4006
76.00097,1,1359.29,633.2349,1359.484,633.3177
76.01087,1,1359.29,633.2349,1359.387,633.2763
76.01537,1,1359.29,633.2349,1359.339,633.2556
76.02161,1,1359.29,633.2349,1359.314,633.2452
76.02877,1,1358.733,632.2819,1359.024,632.7635
76.03438,1,1358.733,632.2819,1358.878,632.5227
76.04838,1,1358.733,632.2819,1358.806,632.4023
76.05846,1,1357.111,630.8293,1357.958,631.6158
76.06303,1,1357.111,630.8293,1357.535,631.2226
76.06902,1,1357.111,630.8293,1357.323,631.026
76.08103,1,1357.111,630.8293,1357.217,630.9277
76.08794,1,1354.684,629.2999,1355.95,630.1138
76.09301,1,1354.684,629.2999,1355.317,629.7068
76.09746,1,1354.684,629.2999,1355.001,629.5034
76.11101,1,1354.684,629.2999,1354.842,629.4017
76.13032,1,1352.326,628.2069,1353.584,628.8043
76.14668,1,1350.428,627.7581,1352.006,628.2813
76.17764,1,1348.733,627.7479,1350.37,628.0146
76.20716,1,1347.379,626.962,1348.874,627.4883
76.21236,1,1347.379,626.962,1348.127,627.2252
76.21678,1,1347.379,626.962,1347.753,627.0936
76.22252,1,1347.379,626.962,1347.566,627.0278
76.23281,1,1347.379,626.962,1347.472,626.9949
76.23861,1,1346.042,625.7333,1346.757,626.3641
76.24874,1,1346.042,625.7333,1346.4,626.0487
76.25415,1,1346.042,625.7333,1346.221,625.891
76.26402,1,1345.26,624.5407,1345.74,625.2158
76.27002,1,1345.26,624.5407,1345.5,624.8783
76.27647,1,1345.26,624.5407,1345.38,624.7095
76.28114,1,1345.26,624.5407,1345.32,624.6251
76.28743,1,1345.26,624.5407,1345.29,624.5829
76.29754,1,1344.478,622.8821,1344.884,623.7325
76.30238,1,1344.478,622.8821,1344.681,623.3074
76.30878,1,1344.478,622.8821,1344.58,623.0947
76.31361,1,1344.478,622.8821,1344.529,622.9884
76.32292,1,1344.478,622.8821,1344.503,622.9353
76.32906,1,1343.34,620.5554,1343.922,621.7454
76.33996,1,1343.34,620.5554,1343.631,621.1504
76.34523,1,1343.34,620.5554,1343.485,620.8529
76.36253,1,1341.223,617.8693,1342.354,619.3611
76.39479,1,1338.613,614.8997,1340.484,617.1304
76.40264,1,1338.613,614.8997,1339.549,616.015
76.41017,1,1338.613,614.8997,1339.081,615.4573
76.42221,1,1335.778,611.8173,1337.43,613.6373
76.44147,1,1335.778,611.8173,1336.604,612.7273
76.4615,1,1333.098,609.4963,1334.851,611.1118
76.49541,1,1330.292,608.0681,1332.572,609.59
76.51599,1,1327.979,607.1164,1330.275,608.3531
76.54951,1,1325.914,606.8926,1328.095,607.6229
76.56532,1,1325.914,606.8926,1327.005,607.2577
76.59538,1,1128.357,619.1289,1227.681,613.1933
76.61291,1,1128.357,619.1289,1178.019,616.1611
76.64571,1,805.3024,651.1761,991.6606,633.6686
76.65938,1,507.2438,670.2623,749.4522,651.9655
76.66367,1,507.2438,670.2623,628.348,661.1139
76.6683,1,507.2438,670.2623,567.7959,665.6881
76.67348,1,507.2438,670.2623,537.5198,667.9752
76.68942,1,358.5053,676.6971,448.0126,672.3362
76.70447,1,358.5053,676.6971,403.259,674.5166
76.71357,1,358.5053,676.6971,380.8821,675.6068
76.71811,1,298.5912,683.7856,339.7367,679.6962
76.72364,1,298.5912,683.7856,319.164,681.7408
76.73481,1,298.5912,683.7856,308.8776,682.7632
76.74272,1,298.5912,683.7856,303.7344,683.2744
76.7484,1,259.3099,694.8041,281.5222,689.0393
76.75404,1,259.3099,694.8041,270.416,691.9218
76.76113,1,259.3099,694.8041,264.8629,693.3629
76.76542,1,259.3099,694.8041,262.0864,694.0835
76.77196,1,259.3099,694.8041,260.6982,694.4438
76.7765,1,259.3099,694.8041,260.004,694.624
76.78144,1,245.1729,698.643,252.5885,696.6335
76.79156,1,245.1729,698.643,248.8807,697.6383
76.79622,1,245.1729,698.643,247.0268,698.1406
76.80199,1,245.1729,698.643,246.0999,698.3918
76.81128,1,231.6407,706.34,238.8703,702.366
76.81638,1,231.6407,706.34,235.2555,704.353
76.82756,1,231.6407,706.34,233.4481,705.3466
76.83235,1,231.6407,706.34,232.5444,705.8433
76.84303,1,213.1267,718.4404,222.8355,712.1418
76.84823,1,213.1267,718.4404,217.9811,715.2911
76.86446,1,213.1267,718.4404,215.5539,716.8658
76.88,1,203.5766,728.9481,209.5653,722.9069
76.8942,1,203.5766,728.9481,206.571,725.9275
76.90663,1,190.8146,729.8073,198.6928,727.8674
76.91154,1,190.8146,729.8073,194.7537,728.8374
76.92959,1,178.1604,730.2344,186.457,729.5359
76.96253,1,168.3187,731.5331,177.3879,730.5345
76.98154,1,168.3187,731.5331,172.8533,731.0338
77.02412,1,154.5729,734.8487,163.7131,732.9413
77.03838,1,154.5729,734.8487,159.143,733.895
77.05723,1,148.8891,737.723,154.0161,735.809
77.08495,1,142.9616,741.7281,148.4888,738.7686
77.10334,1,142.9616,741.7281,145.7252,740.2484
77.11783,1,138.2955,745.5513,142.0104,742.8998
77.12332,1,138.2955,745.5513,140.153,744.2256
77.13004,1,138.2955,745.5513,139.2242,744.8884
77.14726,1,134.1465,749.1656,136.6854,747.027
77.16161,1,134.1465,749.1656,135.4159,748.0963
77.17689,1,130.2374,753.4924,132.8267,750.7943
77.19538,1,130.2374,753.4924,131.532,752.1433
77.20938,1,127.4208,757.0341,129.4764,754.5887
77.22453,1,127.4208,757.0341,128.4486,755.8114
77.23121,1,125.9536,760.8047,127.2011,758.3081
77.23596,1,125.9536,760.8047,126.5773,759.5564
77.24119,1,125.9536,760.8047,126.2655,760.1805
77.24884,1,125.9536,760.8047,126.1095,760.4927
77.25425,1,125.9536,760.8047,126.0315,760.6487
77.2635,1,124.9884,762.9498,125.51,761.7993
77.26991,1,124.9884,762.9498,125.2492,762.3745
77.27509,1,124.9884,762.9498,125.1188,762.6622
77.27941,1,124.9884,762.9498,125.0536,762.806
77.28399,1,124.9884,762.9498,125.021,762.8779
77.29586,1,123.66,766.6138,124.3405,764.7458
77.30102,1,123.66,766.6138,124.0003,765.6798
77.31161,1,123.66,766.6138,123.8301,766.1468
77.31715,1,123.66,766.6138,123.7451,766.3802
77.32465,1,148.5614,775.6099,136.1532,770.9951
77.32992,1,148.5614,775.6099,142.3573,773.3025
77.34898,1,148.5614,775.6099,145.4593,774.4562
77.36788,1,304.6702,811.851,225.0648,793.1536
77.38202,1,656.8926,872.6971,440.9787,832.9254
77.39836,1,656.8926,872.6971,548.9357,852.8113
77.43252,1,1067.502,910.1461,808.2191,881.4787
77.46284,1,1334.615,912.6903,1071.417,897.0845
77.47701,1,1457.854,913.1784,1264.636,905.1315
77.48142,1,1457.854,913.1784,1361.245,909.1549
77.48685,1,1457.854,913.1784,1409.55,911.1666
77.4995,1,1457.854,913.1784,1433.702,912.1725
77.51826,1,1507.37,913.4458,1470.536,912.8091
77.53485,1,1528.821,911.4697,1499.678,912.1394
77.56333,1,1540.503,908.4969,1520.091,910.3182
77.58099,1,1540.503,908.4969,1530.297,909.4076
77.59531,1,1544.837,901.9112,1537.567,905.6594
77.61163,1,1544.837,901.9112,1541.202,903.7853
77.63238,1,1547.111,893.6235,1544.156,898.7043
77.64806,1,1547.111,893.6235,1545.634,896.1639
77.6815,1,1545.185,888.9331,1545.41,892.5485
77.70004,1,1531.759,874.3568,1538.584,883.4526
77.7168,1,1518.983,863.1117,1528.784,873.2822
77.73534,1,1518.983,863.1117,1523.884,868.1969
77.76408,1,1509.883,855.912,1516.883,862.0544
77.78492,1,1500.776,848.061,1508.83,855.0577
77.81459,1,1490.823,838.7791,1499.827,846.9185
77.83214,1,1490.823,838.7791,1495.325,842.8488
77.84919,1,1483.927,829.3115,1489.626,836.0801
77.87752,1,1476.386,821.8973,1483.006,828.9888
77.89288,1,1476.386,821.8973,1479.696,825.4431
77.91079,1,1469.197,814.9747,1474.447,820.2089
77.9301,1,1463.312,810.6031,1468.879,815.406
77.94458,1,1463.312,810.6031,1466.096,813.0046
77.96333,1,1458.92,798.0545,1462.508,805.5295
77.981,1,1458.92,798.0545,1460.714,801.792
77.99527,1,1453.648,783.9648,1457.181,792.8784
78.01403,1,1453.648,783.9648,1455.414,788.4216
78.03219,1,1449.325,770.1671,1452.37,779.2944
78.04884,1,1444.418,759.8686,1448.394,769.5815
78.06298,1,1444.418,759.8686,1446.406,764.725
78.08224,1,1441.241,755.3283,1443.823,760.0267
78.09808,1,1441.241,755.3283,1442.532,757.6775
78.11408,1,1438.214,753.5519,1440.373,755.6147
78.13251,1,1438.214,753.5519,1439.293,754.5834
78.14507,1,1433.24,752.1856,1436.267,753.3845
78.14956,1,1433.24,752.1856,1434.754,752.785
78.15429,1,1433.24,752.1856,1433.997,752.4854
78.15965,1,1433.24,752.1856,1433.619,752.3354
78.17482,1,1428.543,747.6655,1431.081,750.0005
78.1811,1,1428.543,747.6655,1429.812,748.833
78.18686,1,1428.543,747.6655,1429.177,748.2493
78.19375,1,1428.543,747.6655,1428.86,747.9574
78.19836,1,1425.128,744.5253,1426.994,746.2413
78.20526,1,1425.128,744.5253,1426.061,745.3833
78.2173,1,1425.128,744.5253,1425.594,744.9543
78.22308,1,1425.128,744.5253,1425.361,744.7397
78.231,1,1422.41,741.7784,1423.885,743.259
78.23629,1,1422.41,741.7784,1423.148,742.5187
78.2471,1,1422.41,741.7784,1422.779,742.1486
78.25233,1,1422.41,741.7784,1422.594,741.9635
78.25909,1,1420.682,737.6296,1421.638,739.7966
78.26359,1,1420.682,737.6296,1421.16,738.7131
78.27515,1,1420.682,737.6296,1420.921,738.1714
78.27985,1,1420.682,737.6296,1420.802,737.9005
78.29318,1,1419.339,736.1511,1420.071,737.0258
78.29884,1,1419.339,736.1511,1419.705,736.5885
78.31817,1,1419.339,736.1511,1419.522,736.3698
78.33317,1,1417.25,734.0167,1418.386,735.1932
78.34893,1,1416.512,728.5201,1417.449,731.8567
78.36746,1,1416.512,728.5201,1416.981,730.1884
78.39761,1,1415.495,720.285,1416.238,725.2367
78.41684,1,1412.697,711.1232,1414.467,718.1799
78.43524,1,1412.697,711.1232,1413.582,714.6516
78.44783,1,1410.879,702.115,1412.23,708.3833
78.45258,1,1410.879,702.115,1411.555,705.2491
78.46336,1,1410.879,702.115,1411.217,703.6821
78.46876,1,1410.879,702.115,1411.048,702.8986
78.48256,1,1408.846,697.0824,1409.947,699.9905
78.49889,1,1408.846,697.0824,1409.397,698.5364
78.51881,1,1406.474,698.4261,1407.935,698.4813
78.53491,1,1404.541,699.2448,1406.238,698.863
78.5517,1,1404.541,699.2448,1405.39,699.0539
78.58218,1,1403.159,700.6063,1404.274,699.8301
78.59578,1,1402.107,701.9727,1403.191,700.9014
78.60023,1,1402.107,701.9727,1402.649,701.437
78.60529,1,1402.107,701.9727,1402.378,701.7048
78.61061,1,1402.107,701.9727,1402.242,701.8387
78.62503,1,1400.841,702.7961,1401.542,702.3174
78.64717,1,1400.841,702.7961,1401.191,702.5568
78.65913,1,1399.665,704.6403,1400.428,703.5985
78.6633,1,1399.665,704.6403,1400.046,704.1194
78.66909,1,1399.665,704.6403,1399.855,704.3798
78.67685,1,1399.665,704.6403,1399.76,704.51
78.6813,1,1397.084,703.7867,1398.422,704.1483
78.68827,1,1397.084,703.7867,1397.753,703.9675
78.69743,1,1397.084,703.7867,1397.419,703.8771
78.7019,1,1397.084,703.7867,1397.251,703.8319
78.71088,1,1394.733,703.7208,1395.992,703.7764
78.71642,1,1394.733,703.7208,1395.363,703.7485
78.7251,1,1394.733,703.7208,1395.048,703.7346
78.73151,1,1394.733,703.7208,1394.891,703.7277
78.7403,1,1394.733,703.7208,1394.812,703.7242
78.7468,1,1393.759,704.37,1394.285,704.0471
78.75205,1,1393.759,704.37,1394.022,704.2086
78.76237,1,1393.759,704.37,1393.89,704.2893
78.7758,1,1391.23,706.3242,1392.56,705.3068
78.78104,1,1391.23,706.3242,1391.895,705.8154
78.79543,1,1391.23,706.3242,1391.563,706.0698
78.80822,1,1388.934,708.788,1390.248,707.429
78.81358,1,1388.934,708.788,1389.591,708.1085
78.81851,1,1388.934,708.788,1389.262,708.4482
78.82417,1,1388.934,708.788,1389.098,708.6182
78.82959,1,1388.934,708.788,1389.016,708.7031
78.84002,1,1386.351,710.573,1387.683,709.6381
78.84517,1,1386.351,710.573,1387.017,710.1055
78.87408,1,1384.033,712.5352,1385.525,711.3203
78.88033,1,1384.033,712.5352,1384.779,711.9277
78.89633,1,1382.538,712.2507,1383.659,712.0892
78.91409,1,1382.538,712.2507,1383.099,712.1699
78.93272,1,1379.903,712.4545,1381.501,712.3122
78.95055,1,1379.903,712.4545,1380.702,712.3833
78.97287,1,1377.467,711.6342,1379.085,712.0088
78.98893,1,1374.505,709.9888,1376.795,710.9988
79.01492,1,1372.384,708.2726,1374.589,709.6357
79.0354,1,1372.384,708.2726,1373.487,708.9542
79.06472,1,1370.365,707.2341,1371.926,708.0942
79.07996,1,1368.69,705.6212,1370.308,706.8577
79.08421,1,1368.69,705.6212,1369.499,706.2394
79.09058,1,1368.69,705.6212,1369.095,705.9303
79.1132,1,1367.504,705.0742,1368.299,705.5022
79.11798,1,1367.504,705.0742,1367.902,705.2882
79.12347,1,1367.504,705.0742,1367.703,705.1812
79.1321,1,1367.504,705.0742,1367.604,705.1277
79.13786,1,1366.173,704.2369,1366.888,704.6823
79.14738,1,1366.173,704.2369,1366.531,704.4596
79.15164,1,1366.173,704.2369,1366.352,704.3483
79.15917,1,1366.173,704.2369,1366.262,704.2926
79.16343,1,1366.173,704.2369,1366.218,704.2648
79.16953,1,1364.687,703.6674,1365.452,703.9661
79.17864,1,1364.687,703.6674,1365.07,703.8167
79.18285,1,1364.687,703.6674,1364.878,703.7421
79.19373,1,1364.687,703.6674,1364.783,703.7047
79.19848,1,1362.923,702.6326,1363.853,703.1687
79.20802,1,1362.923,702.6326,1363.388,702.9006
79.21294,1,1362.923,702.6326,1363.156,702.7666
79.21795,1,1362.923,702.6326,1363.039,702.6996
79.22857,1,1361.651,701.811,1362.345,702.2553
79.23418,1,1361.651,701.811,1361.998,702.0332
79.24327,1,1361.651,701.811,1361.824,701.9221
79.24904,1,1361.651,701.811,1361.738,701.8666
79.25986,1,1360.624,701.0517,1361.181,701.4591
79.26431,1,1360.624,701.0517,1360.903,701.2554
79.27042,1,1360.624,701.0517,1360.763,701.1536
79.27604,1,1360.624,701.0517,1360.694,701.1027
79.29107,1,1359.386,700.457,1360.04,700.7798
79.29659,1,1359.386,700.457,1359.713,700.6184
79.32772,1,1357.191,698.6797,1358.452,699.649
79.34523,1,1357.191,698.6797,1357.822,699.1644
79.3653,1,1355.14,696.9312,1356.481,698.0478
79.38258,1,1352.744,694.9857,1354.612,696.5167
79.411,1,1350.992,689.334,1352.802,692.9254
79.41567,1,1350.992,689.334,1351.897,691.1296
79.42145,1,1350.992,689.334,1351.445,690.2318
79.43118,1,1350.992,689.334,1351.219,689.7829
79.43571,1,1350.992,689.334,1351.106,689.5585
79.44812,1,1350.985,685.4257,1351.046,687.4921
79.4621,1,1350.985,685.4257,1351.016,686.4589
79.46788,1,1350.722,681.6603,1350.869,684.0596
79.48031,1,1350.722,681.6603,1350.796,682.86
79.49663,1,1350.219,678.7991,1350.507,680.8295
79.51547,1,1350.219,678.7991,1350.363,679.8143
79.53101,1,1349.704,676.9914,1350.034,678.4028
79.54803,1,1349.704,676.9914,1349.869,677.6971
79.57737,1,1348.362,676.3762,1349.115,677.0367
79.59162,1,1330.464,670.2543,1339.79,673.6455
79.59644,1,1330.464,670.2543,1335.127,671.95
79.60111,1,1330.464,670.2543,1332.796,671.1022
79.60747,1,1330.464,670.2543,1331.63,670.6782
79.62026,1,1308.869,667.7554,1320.25,669.2168
79.63034,1,1308.869,667.7554,1314.559,668.4861
79.63483,1,1308.869,667.7554,1311.714,668.1207
79.64915,1,1290.063,665.1165,1300.889,666.6186
79.66976,1,1290.063,665.1165,1295.476,665.8676
79.67904,1,1271.984,661.2451,1283.73,663.5563
79.6842,1,1271.984,661.2451,1277.857,662.4008
79.6955,1,1271.984,661.2451,1274.92,661.8229
79.70043,1,1271.984,661.2451,1273.452,661.5341
79.71399,1,1258.267,657.6802,1265.86,659.6071
79.72846,1,1258.267,657.6802,1262.063,658.6437
79.73409,1,1258.267,657.6802,1260.165,658.1619
79.74461,1,1247.09,653.8033,1253.628,655.9827
79.75035,1,1247.09,653.8033,1250.359,654.893
79.76454,1,1247.09,653.8033,1248.724,654.3481
79.78385,1,1249.702,657.6453,1249.213,655.9967
79.80159,1,1256.255,657.8391,1252.734,656.9178
79.83081,1,1260.484,657.8441,1256.609,657.381
79.85058,1,1260.484,657.8441,1258.547,657.6125
79.88084,1,1263.885,657.5448,1261.216,657.5787
79.89481,1,1266.276,657.3509,1263.746,657.4648
79.8996,1,1266.276,657.3509,1265.011,657.4078
79.91042,1,1266.276,657.3509,1265.643,657.3794
79.91505,1,1266.276,657.3509,1265.959,657.3651
79.92074,1,1268.115,657.1496,1267.037,657.2573
79.93529,1,1268.115,657.1496,1267.576,657.2035
79.94498,1,1268.115,657.1496,1267.846,657.1765
79.9502,1,1269.844,657.0251,1268.845,657.1008
79.96205,1,1269.844,657.0251,1269.344,657.063
79.96729,1,1269.844,657.0251,1269.594,657.0441
79.98214,1,1271.639,657.4551,1270.617,657.2496
80.00247,1,1271.639,657.4551,1271.128,657.3524
80.03253,1,1273.136,658.012,1272.132,657.6823
80.0467,1,1274.627,658.295,1273.38,657.9886
80.05109,1,1274.627,658.295,1274.004,658.1418
80.05704,1,1274.627,658.295,1274.316,658.2184
80.06182,1,1274.627,658.295,1274.471,658.2567
80.07466,1,1276.01,658.4228,1275.241,658.3397
80.09127,1,1276.01,658.4228,1275.626,658.3812
80.11091,1,1276.984,658.2819,1276.305,658.3315
80.12975,1,1276.984,658.2819,1276.644,658.3068
80.13509,1,1277.75,657.9617,1277.197,658.1342
80.14536,1,1277.75,657.9617,1277.474,658.048
80.15074,1,1277.75,657.9617,1277.612,658.0048
80.15692,1,1277.75,657.9617,1277.681,657.9833
80.16535,1,1278.555,657.33,1278.118,657.6566
80.17689,1,1278.555,657.33,1278.336,657.4933
80.18162,1,1278.555,657.33,1278.446,657.4116
80.18805,1,1278.555,657.33,1278.5,657.3708
80.1963,1,1279.573,657.0298,1279.037,657.2003
80.20229,1,1279.573,657.0298,1279.305,657.1151
80.20966,1,1279.573,657.0298,1279.439,657.0724
80.214,1,1279.573,657.0298,1279.506,657.0511
80.21974,1,1279.573,657.0298,1279.54,657.0404
80.22749,1,1280.32,656.9718,1279.93,657.0061
80.23216,1,1280.32,656.9718,1280.125,656.989
80.23794,1,1280.32,656.9718,1280.223,656.9803
80.25331,1,1280.507,657.0699,1280.365,657.0251
80.2653,1,1280.507,657.0699,1280.436,657.0475
80.28503,1,1280.323,657.5717,1280.38,657.3096
80.31302,1,1279.958,658.0947,1280.169,657.7021
80.33033,1,1279.958,658.0947,1280.063,657.8984
80.36208,1,1279.458,658.3368,1279.761,658.1176
80.38213,1,1279.684,658.3843,1279.722,658.251
80.4004,1,1279.684,658.3843,1279.703,658.3176
80.41217,1,1279.922,658.311,1279.812,658.3143
80.41618,1,1279.922,658.311,1279.867,658.3126
80.4222,1,1279.922,658.311,1279.894,658.3118
80.43317,1,1279.784,658.0325,1279.839,658.1721
80.43898,1,1279.784,658.0325,1279.812,658.1023
80.44895,1,1279.784,658.0325,1279.798,658.0674
80.45444,1,1279.784,658.0325,1279.791,658.0499
80.46371,1,1279.54,657.6238,1279.666,657.8369
80.46999,1,1279.54,657.6238,1279.603,657.7303
80.48071,1,1279.54,657.6238,1279.572,657.6771
80.48704,1,1279.54,657.6238,1279.556,657.6504
80.4961,1,1279.244,656.9485,1279.4,657.2994
80.50139,1,1279.244,656.9485,1279.322,657.124
80.50986,1,1279.244,656.9485,1279.283,657.0363
80.51438,1,1279.244,656.9485,1279.263,656.9924
80.5204,1,1279.244,656.9485,1279.253,656.9705
80.52998,1,1279.282,655.7467,1279.268,656.3586
80.53558,1,1279.282,655.7467,1279.275,656.0526
80.54501,1,1279.282,655.7467,1279.278,655.8997
80.55044,1,1279.282,655.7467,1279.28,655.8232
80.56076,1,1279.715,653.7986,1279.498,654.8109
80.56516,1,1279.715,653.7986,1279.606,654.3047
80.58221,1,1279.715,653.7986,1279.661,654.0516
80.59972,1,1279.264,653.1521,1279.462,653.6019
80.63042,1,1278.777,652.3498,1279.12,652.9758
80.6468,1,1277.829,651.4014,1278.475,652.1886
80.65108,1,1277.829,651.4014,1278.152,651.795
80.65683,1,1277.829,651.4014,1277.991,651.5983
80.67394,1,1277.829,651.4014,1277.91,651.4999
80.6934,1,1276.995,649.9902,1277.453,650.7451
80.71273,1,1276.042,648.8297,1276.747,649.7874
80.71735,1,1276.042,648.8297,1276.394,649.3085
80.72297,1,1276.042,648.8297,1276.218,649.0691
80.72795,1,1276.042,648.8297,1276.13,648.9493
80.73254,1,1276.042,648.8297,1276.086,648.8895
80.73786,1,1275.348,647.9929,1275.717,648.4412
80.74388,1,1275.348,647.9929,1275.532,648.217
80.74911,1,1275.348,647.9929,1275.44,648.105
80.75483,1,1275.348,647.9929,1275.394,648.049
80.76255,1,1275.348,647.9929,1275.371,648.0209
80.76894,1,1274.908,647.4941,1275.14,647.7575
80.77912,1,1274.908,647.4941,1275.024,647.6258
80.78349,1,1274.908,647.4941,1274.966,647.5599
80.7963,1,1275.24,646.6975,1275.103,647.1287
80.8019,1,1275.24,646.6975,1275.172,646.9131
80.81208,1,1275.24,646.6975,1275.206,646.8053
80.82408,1,1275.24,646.6975,1275.223,646.7514
80.83184,1,1276.765,646.939,1275.994,646.8452
80.84344,1,1276.765,646.939,1276.379,646.8921
80.84923,1,1276.765,646.939,1276.572,646.9155
80.86084,1,1278.483,646.3222,1277.528,646.6189
80.88151,1,1278.483,646.3222,1278.006,646.4706
80.90414,1,1280.385,645.876,1279.195,646.1733
80.93553,1,1282.393,644.8833,1280.794,645.5283
80.95111,1,1285.214,643.133,1283.004,644.3307
80.95667,1,1285.214,643.133,1284.109,643.7318
80.97235,1,1285.214,643.133,1284.661,643.4324
80.98337,1,1287.907,641.1444,1286.284,642.2884
80.98957,1,1287.907,641.1444,1287.095,641.7164
81.00156,1,1287.907,641.1444,1287.501,641.4304
81.0141,1,1290.391,639.256,1288.946,640.3432
81.019,1,1290.391,639.256,1289.668,639.7996
81.03191,1,1290.391,639.256,1290.03,639.5278
81.04903,1,1292.744,637.9139,1291.387,638.7208
81.06756,1,1294.761,635.6527,1293.074,637.1868
81.0969,1,1296.883,633.6429,1294.979,635.4148
81.11209,1,1296.883,633.6429,1295.931,634.5288
81.14106,1,1298.446,631.627,1297.188,633.0779
81.15851,1,1299.977,630.2114,1298.582,631.6447
81.17728,1,1299.977,630.2114,1299.28,630.928
81.1932,1,1301.282,629.0134,1300.281,629.9707
81.22467,1,1302.332,627.3177,1301.306,628.6442
81.2412,1,1302.332,627.3177,1301.819,627.981
81.25834,1,1303.465,626.77,1302.642,627.3755
81.26502,1,1303.465,626.77,1303.053,627.0728
81.27132,1,1303.465,626.77,1303.259,626.9214
81.27576,1,1303.465,626.77,1303.362,626.8457
81.28069,1,1304.817,627.0121,1304.09,626.9289
81.28954,1,1304.817,627.0121,1304.454,626.9705
81.29404,1,1304.817,627.0121,1304.635,626.9913
81.29864,1,1304.817,627.0121,1304.726,627.0017
81.31063,1,1305.635,627.0411,1305.18,627.0214
81.31601,1,1305.635,627.0411,1305.407,627.0313
81.33047,1,1305.635,627.0411,1305.521,627.0361
81.35883,1,1306.376,626.9714,1305.949,627.0038
81.37444,1,1307.353,626.8806,1306.651,626.9421
81.37965,1,1307.353,626.8806,1307.002,626.9114
81.38477,1,1307.353,626.8806,1307.177,626.896
81.39083,1,1307.353,626.8806,1307.265,626.8883
81.40541,1,1308.502,626.7491,1307.884,626.8187
81.42149,1,1308.502,626.7491,1308.193,626.7839
81.43262,1,1309.641,626.6538,1308.917,626.7189
81.43863,1,1309.641,626.6538,1309.279,626.6863
81.44775,1,1309.641,626.6538,1309.46,626.67
81.45284,1,1309.641,626.6538,1309.55,626.6619
81.45923,1,1309.641,626.6538,1309.596,626.6578
81.464,1,1294.739,613.1934,1302.167,619.9256
81.46973,1,1294.739,613.1934,1298.453,616.5594
81.47766,1,1294.739,613.1934,1296.596,614.8764
81.4828,1,1294.739,613.1934,1295.668,614.0349
81.49417,1,1166.367,499.4818,1231.018,556.7584
81.49896,1,1166.367,499.4818,1198.692,528.1201
81.5099,1,1166.367,499.4818,1182.53,513.801
81.51532,1,1166.367,499.4818,1174.448,506.6414
81.53067,1,947.3241,301.0471,1060.886,403.8442
81.54633,1,947.3241,301.0471,1004.105,352.4457
81.55048,1,807.7548,176.7764,905.93,264.6111
81.55584,1,807.7548,176.7764,856.8424,220.6937
81.56043,1,807.7548,176.7764,832.2986,198.7351
81.57541,1,807.7548,176.7764,820.0267,187.7557
81.58943,1,744.0047,125.0234,782.0157,156.3896
81.60757,1,744.0047,125.0234,763.0103,140.7065
81.62729,1,717.076,103.9454,740.0431,122.3259
81.66211,1,701.6808,95.97116,720.8619,109.1486
81.67474,1,684.1628,83.18378,702.5124,96.16617
81.67919,1,684.1628,83.18378,693.3376,89.67497
81.68365,1,684.1628,83.18378,688.7502,86.42938
81.69974,1,684.1628,83.18378,686.4565,84.80658
81.71313,1,664.4732,74.52222,675.4648,79.6644
81.73055,1,664.4732,74.52222,669.969,77.09331
81.7502,1,654.8771,69.42562,662.423,73.25946
81.76379,1,649.2136,64.94408,655.8184,69.10178
81.80974,1,643.6721,62.45794,649.7452,65.77985
81.81643,1,643.6721,62.45794,646.7086,64.1189
81.82137,1,643.6721,62.45794,645.1903,63.28841
81.82539,1,650.4247,66.70753,647.8075,64.99797
81.83939,1,650.4247,66.70753,649.1161,65.85275
81.85813,1,683.4363,70.48394,666.2762,68.16835
81.88047,1,683.4363,70.48394,674.8562,69.32614
81.89538,1,789.8828,113.4302,732.3695,91.37819
81.89947,1,789.8828,113.4302,761.1262,102.4042
81.90474,1,789.8828,113.4302,775.5045,107.9172
81.91142,1,789.8828,113.4302,782.6937,110.6737
81.91561,1,1028.42,336.7208,905.5566,223.6973
81.92119,1,1028.42,336.7208,966.9882,280.209
81.92945,1,1028.42,336.7208,997.7039,308.4649
81.93652,1,1028.42,336.7208,1013.062,322.5928
81.94627,1,1202.208,525.3499,1107.635,423.9713
81.9511,1,1202.208,525.3499,1154.921,474.6606
81.95837,1,1202.208,525.3499,1178.564,500.0052
81.96389,1,1202.208,525.3499,1190.386,512.6776
81.97727,1,1278.828,603.7801,1234.607,558.2288
81.98121,1,1278.828,603.7801,1256.718,581.0045
81.99234,1,1278.828,603.7801,1267.773,592.3923
81.9975,1,1278.828,603.7801,1273.301,598.0862
82.00933,1,1317.446,642.76,1295.373,620.4231
82.01384,1,1317.446,642.76,1306.409,631.5916
82.02211,1,1317.446,642.76,1311.927,637.1758
82.02758,1,1317.446,642.76,1314.687,639.9679
82.03228,1,1317.446,642.76,1316.066,641.364
82.04329,1,1346.386,675.6253,1331.226,658.4946
82.0605,1,1346.386,675.6253,1338.806,667.0599
82.07838,1,1356.479,683.8065,1347.643,675.4332
82.09409,1,1360.964,687.6684,1354.303,681.5508
82.11517,1,1360.964,687.6684,1357.633,684.6096
82.14436,1,1369.542,691.0339,1363.587,687.8218
82.15929,1,1374.448,697.244,1369.018,692.5329
82.19013,1,1371.446,697.6556,1370.232,695.0942
82.2133,1,1371.446,697.6556,1370.839,696.3749
82.23215,1,1374.212,695.9619,1372.525,696.1684
82.2476,1,1379.181,696.1161,1375.853,696.1422
82.26395,1,1379.181,696.1161,1377.517,696.1292
82.28098,1,1383.524,695.6518,1380.521,695.8905
82.29972,1,1383.524,695.6518,1382.023,695.7711
82.31317,1,1387.478,695.1791,1384.75,695.4751
82.32859,1,1387.478,695.1791,1386.114,695.3271
82.34177,1,1390.989,695.7354,1388.552,695.5313
82.35986,1,1390.989,695.7354,1389.771,695.6333
82.37507,1,1394.036,696.7042,1391.903,696.1688
82.39429,1,1394.036,696.7042,1392.969,696.4365
82.4081,1,1396.81,696.6895,1394.89,696.563
82.41237,1,1396.81,696.6895,1395.85,696.6262
82.41619,1,1396.81,696.6895,1396.33,696.6578
82.42163,1,1396.81,696.6895,1396.57,696.6737
82.43057,1,1399.115,696.8385,1397.843,696.7561
82.43526,1,1399.115,696.8385,1398.479,696.7973
82.44646,1,1399.115,696.8385,1398.797,696.8179
82.45126,1,1399.115,696.8385,1398.956,696.8282
82.46045,1,1401.207,697.2392,1400.082,697.0337
82.46471,1,1401.207,697.2392,1400.644,697.1365
82.47456,1,1401.207,697.2392,1400.926,697.1879
82.47937,1,1401.207,697.2392,1401.066,697.2135
82.49128,1,1403.136,697.2156,1402.101,697.2146
82.49625,1,1403.136,697.2156,1402.618,697.2151
82.51523,1,1403.136,697.2156,1402.877,697.2153
82.5453,1,1404.799,697.2696,1403.838,697.2424
82.56266,1,1406.945,698.3983,1405.392,697.8204
82.58134,1,1409.822,700.1541,1407.607,698.9872
82.61355,1,1412.508,702.0484,1410.057,700.5178
82.63309,1,1412.508,702.0484,1411.283,701.2831
82.64691,1,1416.762,700.6802,1414.022,700.9817
82.65202,1,1416.762,700.6802,1415.392,700.8309
82.6617,1,1416.762,700.6802,1416.077,700.7556
82.66717,1,1416.762,700.6802,1416.42,700.7179
82.67519,1,1421.599,707.2146,1419.009,703.9662
82.67981,1,1421.599,707.2146,1420.304,705.5905
82.68481,1,1421.599,707.2146,1420.951,706.4025
82.69248,1,1421.599,707.2146,1421.275,706.8086
82.69696,1,1421.599,707.2146,1421.437,707.0116
82.70218,1,1427.376,713.0885,1424.407,710.05
82.71294,1,1427.376,713.0885,1425.892,711.5693
82.71845,1,1427.376,713.0885,1426.634,712.3289
82.7265,1,1427.376,713.0885,1427.005,712.7087
82.73141,1,1433.083,725.5009,1430.044,719.1048
82.74266,1,1433.083,725.5009,1431.563,722.3029
82.74792,1,1433.083,725.5009,1432.323,723.9019
82.76185,1,1434.141,719.5018,1433.232,721.7018
82.77756,1,1434.141,719.5018,1433.686,720.6018
82.79433,1,1440.676,715.3767,1437.181,717.9893
82.81187,1,1440.676,715.3767,1438.928,716.683
82.822,1,1447.711,727.7766,1443.32,722.2297
82.82754,1,1447.711,727.7766,1445.515,725.0032
82.85278,1,1453.289,746.4052,1449.402,735.7042
82.86024,1,1453.289,746.4052,1451.345,741.0547
82.87302,1,1453.289,746.4052,1452.317,743.73
82.887,1,1460.344,766.3585,1456.331,755.0442
82.89216,1,1460.344,766.3585,1458.338,760.7013
82.90642,1,1460.344,766.3585,1459.341,763.5299
82.91789,1,1465.745,782.0237,1462.543,772.7769
82.92361,1,1465.745,782.0237,1464.144,777.4003
82.95457,1,1471.061,794.1056,1467.603,785.7529
82.97414,1,1474.998,805.6456,1471.3,795.6993
83.00323,1,1479.318,815.1572,1475.309,805.4282
83.02139,1,1479.318,815.1572,1477.314,810.2927
83.04926,1,1483.267,821.833,1480.291,816.0629
83.06847,1,1485.36,825.2746,1482.825,820.6687
83.0903,1,1485.36,825.2746,1484.093,822.9717
83.09689,1,1486.852,827.7361,1485.472,825.3539
83.1011,1,1486.852,827.7361,1486.162,826.545
83.10683,1,1486.852,827.7361,1486.507,827.1405
83.11536,1,1486.852,827.7361,1486.68,827.4383
83.12019,1,1486.852,827.7361,1486.766,827.5872
83.13285,1,1487.803,829.5464,1487.285,828.5668
83.13801,1,1487.803,829.5464,1487.544,829.0566
83.15243,1,1488.138,830.6143,1487.841,829.8354
83.15788,1,1488.138,830.6143,1487.99,830.2249
83.19393,1,1487.665,831.7612,1487.827,830.993
83.22247,1,1486.543,832.7247,1487.185,831.8589
83.23083,1,1486.543,832.7247,1486.864,832.2918
83.23575,1,1486.543,832.7247,1486.704,832.5083
83.24876,1,1485.58,833.2596,1486.142,832.884
83.26725,1,1485.58,833.2596,1485.861,833.0718
83.28163,1,1484.322,833.748,1485.092,833.4099
83.29487,1,1484.322,833.748,1484.707,833.579
83.30907,1,1482.848,833.9825,1483.777,833.7808
83.31425,1,1482.848,833.9825,1483.313,833.8816
83.33085,1,1482.848,833.9825,1483.081,833.932
83.3476,1,1482.182,834.1328,1482.631,834.0323
83.37791,1,1481.818,834.3126,1482.225,834.1725
83.39642,1,1481.655,834.3423,1481.94,834.2574
83.42994,1,1481.349,834.2997,1481.645,834.2786
83.44627,1,1481.349,834.2997,1481.497,834.2892
83.46449,1,1481.038,833.8365,1481.267,834.0629
83.49184,1,1481.011,833.4946,1481.139,833.7787
83.50985,1,1481.011,833.4946,1481.075,833.6366
83.52658,1,1480.917,833.2056,1480.996,833.4211
83.53109,1,1480.917,833.2056,1480.957,833.3134
83.53587,1,1480.917,833.2056,1480.937,833.2595
83.54021,1,1480.917,833.2056,1480.927,833.2325
83.5444,1,1481.201,833.0435,1481.064,833.138
83.54997,1,1481.201,833.0435,1481.133,833.0907
83.55749,1,1481.201,833.0435,1481.167,833.0671
83.56161,1,1481.201,833.0435,1481.184,833.0553
83.5743,1,1481.201,833.0435,1481.193,833.0494
83.57932,1,1481.575,832.995,1481.384,833.0222
83.59386,1,1481.575,832.995,1481.479,833.0086
83.62118,1,1482.116,833.3859,1481.798,833.1973
83.62696,1,1482.116,833.3859,1481.957,833.2916
83.63818,1,1482.73,834.2428,1482.344,833.7672
83.64288,1,1482.73,834.2428,1482.537,834.005
83.65507,1,1482.73,834.2428,1482.634,834.1239
83.67213,1,1484.267,835.7667,1483.451,834.9453
83.69207,1,1484.267,835.7667,1483.859,835.356
83.70509,1,1486.07,837.5034,1484.965,836.4297
83.72362,1,1486.07,837.5034,1485.517,836.9666
83.73836,1,1491.356,844.4795,1488.437,840.723
83.76346,1,1498.867,851.8732,1493.652,846.2981
83.78172,1,1498.867,851.8732,1496.259,849.0856
83.80036,1,1506.313,859.0616,1501.286,854.0736
83.82598,1,1512.507,865.0596,1506.897,859.5667
83.8424,1,1512.507,865.0596,1509.702,862.3131
83.85929,1,1516.842,869.6901,1513.272,866.0016
83.87711,1,1520.69,872.2777,1516.981,869.1396
83.91055,1,1523.772,873.551,1520.376,871.3453
83.94344,1,1525.766,873.7815,1523.071,872.5634
83.97459,1,1527.523,874.0715,1525.297,873.3175
83.9942,1,1527.523,874.0715,1526.41,873.6945
84.00848,1,1529.248,874.5744,1527.829,874.1345
84.01291,1,1529.248,874.5744,1528.539,874.3544
84.02554,1,1529.248,874.5744,1528.894,874.4644
84.03186,1,1530.78,874.7875,1529.837,874.626
84.04949,1,1530.78,874.7875,1530.309,874.7068
84.07765,1,1529.461,870.6,1529.885,872.6534
84.09537,1,1526.467,861.0361,1528.176,866.8447
84.12555,1,1523.025,846.5895,1525.6,856.7172
84.14247,1,1523.025,846.5895,1524.313,851.6533
84.15928,1,1519.806,831.6801,1522.059,841.6667
84.16437,1,1519.806,831.6801,1520.933,836.6735
84.17017,1,1519.806,831.6801,1520.37,834.1768
84.17913,1,1518.034,818.0389,1519.202,826.1078
84.18427,1,1518.034,818.0389,1518.618,822.0734
84.19334,1,1518.034,818.0389,1518.326,820.0562
84.19804,1,1518.034,818.0389,1518.18,819.0475
84.20701,1,1518.034,818.0389,1518.107,818.5432
84.21218,1,1517.576,808.1249,1517.841,813.3341
84.21729,1,1517.576,808.1249,1517.709,810.7295
84.22795,1,1517.576,808.1249,1517.642,809.4272
84.23289,1,1517.576,808.1249,1517.609,808.7761
84.23863,1,1517.576,808.1249,1517.593,808.4506
84.24342,1,1516.989,808.5572,1517.291,808.5039
84.25602,1,1516.989,808.5572,1517.14,808.5305
84.26127,1,1516.989,808.5572,1517.064,808.5438
84.27554,1,1515.957,810.2657,1516.51,809.4048
84.29498,1,1515.957,810.2657,1516.234,809.8353
84.30934,1,1514.881,811.5248,1515.557,810.6801
84.32502,1,1514.881,811.5248,1515.219,811.1024
84.33936,1,1513.536,811.968,1514.377,811.5352
84.35017,1,1513.536,811.968,1513.957,811.7516
84.35575,1,1513.536,811.968,1513.746,811.8597
84.36228,1,1512.493,811.3958,1513.12,811.6277
84.36751,1,1512.493,811.3958,1512.806,811.5117
84.37318,1,1512.493,811.3958,1512.65,811.4537
84.38197,1,1512.493,811.3958,1512.572,811.4247
84.38808,1,1512.493,811.3958,1512.532,811.4103
84.39648,1,1512.306,811.4664,1512.419,811.4384
84.40127,1,1512.306,811.4664,1512.362,811.4524
84.411,1,1512.306,811.4664,1512.334,811.4594
84.41605,1,1512.306,811.4664,1512.32,811.4629
84.42381,1,1512.424,812.002,1512.372,811.7324
84.4297,1,1512.424,812.002,1512.398,811.8672
84.4352,1,1512.424,812.002,1512.411,811.9346
84.44219,1,1512.424,812.002,1512.418,811.9683
84.44747,1,1512.424,812.002,1512.421,811.9851
84.45555,1,1512.797,812.7595,1512.609,812.3723
84.4606,1,1512.797,812.7595,1512.703,812.5659
84.46545,1,1512.797,812.7595,1512.75,812.6627
84.48224,1,1513.576,813.3649,1513.163,813.0138
84.51279,1,1515.849,812.5238,1514.506,812.7688
84.54411,1,1519.259,813.8815,1516.882,813.3251
84.56786,1,1519.259,813.8815,1518.071,813.6033
84.57598,1,1524.179,821.4362,1521.125,817.5198
84.58044,1,1524.179,821.4362,1522.652,819.478
84.58505,1,1524.179,821.4362,1523.415,820.4572
84.59401,1,1524.179,821.4362,1523.797,820.9467
84.59882,1,1524.179,821.4362,1523.988,821.1914
84.60485,1,1531.005,834.1787,1527.497,827.6851
84.61514,1,1531.005,834.1787,1529.251,830.9319
84.62164,1,1531.005,834.1787,1530.128,832.5553
84.63195,1,1539.904,850.4152,1535.016,841.4852
84.63795,1,1539.904,850.4152,1537.46,845.9502
84.64451,1,1539.904,850.4152,1538.682,848.1827
84.64993,1,1539.904,850.4152,1539.293,849.299
84.65733,1,1539.904,850.4152,1539.598,849.8571
84.66202,1,1550.085,865.5721,1544.842,857.7146
84.66843,1,1550.085,865.5721,1547.463,861.6434
84.67714,1,1550.085,865.5721,1548.774,863.6078
84.68144,1,1550.085,865.5721,1549.43,864.59
84.69447,1,1559.266,878.7543,1554.348,871.6721
84.69949,1,1559.266,878.7543,1556.807,875.2133
84.71442,1,1559.266,878.7543,1558.037,876.9838
84.73096,1,1567.451,889.2396,1562.744,883.1117
84.74671,1,1567.451,889.2396,1565.097,886.1757
84.75916,1,1574.323,897.8353,1569.71,892.0055
84.77931,1,1574.323,897.8353,1572.016,894.9204
84.81652,1,1585.208,905.3727,1578.612,900.1465
84.83305,1,1585.208,905.3727,1581.91,902.7596
84.83836,1,1585.208,905.3727,1583.559,904.0662
84.85343,1,1587.468,907.1091,1585.514,905.5876
84.88614,1,1589.938,907.3657,1587.726,906.4767
84.91791,1,1592.196,908.7213,1589.961,907.599
84.93364,1,1592.196,908.7213,1591.079,908.1602
84.96416,1,1593.685,909.3244,1592.382,908.7423
84.98455,1,1595.032,910.1387,1593.707,909.4406
85.01118,1,1595.942,911.5742,1594.825,910.5073
85.02852,1,1597.489,912.7462,1596.156,911.6267
85.04535,1,1597.489,912.7462,1596.823,912.1864
85.06434,1,1599.23,913.7938,1598.026,912.9901
85.09087,1,1600.461,914.9368,1599.244,913.9635
85.09535,1,1600.461,914.9368,1599.852,914.4502
85.09955,1,1600.461,914.9368,1600.156,914.6935
85.105,1,1600.461,914.9368,1600.309,914.8152
85.11376,1,1600.461,914.9368,1600.385,914.876
85.11787,1,1601.838,916.6428,1601.112,915.7594
85.12745,1,1601.838,916.6428,1601.475,916.201
85.13196,1,1601.838,916.6428,1601.657,916.4219
85.14246,1,1601.838,916.6428,1601.748,916.5323
85.14828,1,1602.822,918.6403,1602.285,917.5863
85.15688,1,1602.822,918.6403,1602.554,918.1133
85.16164,1,1602.822,918.6403,1602.688,918.3768
85.16663,1,1602.822,918.6403,1602.755,918.5085
85.1795,1,1603.36,917.8344,1603.057,918.1714
85.1953,1,1603.36,917.8344,1603.208,918.0029
85.19991,1,1603.36,917.8344,1603.284,917.9186
85.21424,1,1552.163,849.8423,1577.724,883.8805
85.23208,1,1552.163,849.8423,1564.943,866.8614
85.24673,1,1313.891,536.8826,1439.417,701.8719
85.26335,1,1313.891,536.8826,1376.654,619.3773
85.29266,1,1108.389,259.7496,1242.522,439.5634
85.32299,1,1024.089,146.3235,1133.305,292.9435
85.34096,1,991.4693,107.5247,1062.387,200.2341
85.35902,1,977.5773,88.34053,1019.982,144.2873
85.37541,1,977.5773,88.34053,998.7798,116.3139
85.39042,1,973.0507,84.83539,985.9153,100.5747
85.40798,1,973.0507,84.83539,979.483,92.70502
85.42186,1,971.8972,80.01078,975.6901,86.3579
85.44154,1,971.8972,80.01078,973.7936,83.18434
85.45467,1,969.1277,75.64699,971.4606,79.41566
85.45977,1,969.1277,75.64699,970.2942,77.53133
85.46428,1,969.1277,75.64699,969.7109,76.58916
85.47518,1,969.1277,75.64699,969.4193,76.11807
85.47997,1,968.7817,74.34447,969.1005,75.23127
85.49337,1,968.7817,74.34447,968.9412,74.78787
85.49837,1,968.7817,74.34447,968.8615,74.56617
85.5125,1,973.4112,78.97223,971.1364,76.7692
85.5314,1,973.4112,78.97223,972.2738,77.87071
85.55023,1,1005.304,108.2748,988.7891,93.07274
85.56709,1,1120.302,214.5588,1054.546,153.8158
85.58366,1,1120.302,214.5588,1087.424,184.1873
85.61465,1,1397.026,526.2115,1242.225,355.1994
85.63629,1,1555.515,756.614,1398.87,555.9067
85.65614,1,1555.515,756.614,1477.192,656.2604
85.6675,1,1616.772,853.5853,1546.982,754.9229
85.68318,1,1616.772,853.5853,1581.877,804.254
85.69785,1,1640.632,890.4955,1611.254,847.3748
85.71236,1,1640.632,890.4955,1625.943,868.9351
85.71717,1,1640.632,890.4955,1633.287,879.7153
85.73061,1,1649.868,908.6698,1641.578,894.1926
85.7485,1,1649.868,908.6698,1645.723,901.4312
85.76527,1,1651.504,912.7747,1648.613,907.1029
85.79237,1,1631.124,916.9875,1639.869,912.0452
85.79887,1,1631.124,916.9875,1635.496,914.5164
85.80392,1,1631.124,916.9875,1633.31,915.752
85.81035,1,1619.552,924.4795,1626.431,920.1157
85.83999,1,1614.816,927.3375,1620.624,923.7266
85.84864,1,1614.816,927.3375,1617.72,925.5321
85.85426,1,1614.816,927.3375,1616.268,926.4348
85.86172,1,1614.816,927.3375,1615.542,926.8862
85.86744,1,1614.816,927.3375,1615.179,927.1118
85.87336,1,1610.241,928.3188,1612.71,927.7153
85.8823,1,1610.241,928.3188,1611.475,928.0171
85.88874,1,1610.241,928.3188,1610.858,928.168
85.89716,1,1610.241,928.3188,1610.549,928.2434
85.90166,1,1608.775,930.5267,1609.662,929.3851
85.91019,1,1608.775,930.5267,1609.219,929.9559
85.91525,1,1608.775,930.5267,1608.997,930.2413
85.9213,1,1608.775,930.5267,1608.886,930.384
85.93057,1,1606.896,930.8631,1607.891,930.6235
85.93689,1,1606.896,930.8631,1607.394,930.7433
85.94765,1,1606.896,930.8631,1607.145,930.8032
85.95978,1,1606.896,930.8631,1607.021,930.8331
85.96536,1,1603.158,930.1257,1605.089,930.4794
85.97804,1,1603.158,930.1257,1604.124,930.3026
85.98326,1,1603.158,930.1257,1603.641,930.2142
85.99654,1,1603.229,930.9593,1603.435,930.5867
86.01218,1,1603.229,930.9593,1603.332,930.773
86.0323,1,1599.938,929.5114,1601.635,930.1422
86.04315,1,1599.938,929.5114,1600.786,929.8268
86.04862,1,1599.938,929.5114,1600.362,929.6691
86.05349,1,1597.941,927.7292,1599.152,928.6992
86.05848,1,1597.941,927.7292,1598.546,928.2142
86.09431,1,1596.585,926.105,1597.565,927.1597
86.10577,1,1596.585,926.105,1597.075,926.6323
86.11092,1,1596.585,926.105,1596.83,926.3687
86.11568,1,1595.096,923.9368,1595.963,925.1527
86.12099,1,1595.096,923.9368,1595.53,924.5448
86.13158,1,1595.096,923.9368,1595.313,924.2408
86.13749,1,1595.096,923.9368,1595.204,924.0889
86.14673,1,1594.38,923.0779,1594.792,923.5834
86.15176,1,1594.38,923.0779,1594.586,923.3306
86.16219,1,1594.38,923.0779,1594.483,923.2042
86.16795,1,1594.38,923.0779,1594.432,923.1411
86.17539,1,1593.201,921.8309,1593.817,922.486
86.17982,1,1593.201,921.8309,1593.509,922.1584
86.18471,1,1593.201,921.8309,1593.355,921.9947
86.19489,1,1593.201,921.8309,1593.278,921.9128
86.19958,1,1593.201,921.8309,1593.24,921.8719
86.20887,1,1589.966,916.2839,1591.603,919.0779
86.21369,1,1589.966,916.2839,1590.785,917.6809
86.2235,1,1589.966,916.2839,1590.375,916.9824
86.22919,1,1589.966,916.2839,1590.171,916.6332
86.24116,1,1587.712,912.7138,1588.942,914.6735
86.24709,1,1587.712,912.7138,1588.327,913.6936
86.26418,1,1586.387,906.9697,1587.357,910.3317
86.29679,1,1582.492,900.6554,1584.925,905.4935
86.31527,1,1582.492,900.6554,1583.708,903.0745
86.32941,1,1578.119,893.4031,1580.914,898.2388
86.33363,1,1578.119,893.4031,1579.516,895.8209
86.33895,1,1578.119,893.4031,1578.817,894.612
86.35471,1,1578.511,890.9144,1578.664,892.7632
86.36279,1,1578.511,890.9144,1578.587,891.8388
86.36848,1,1578.511,890.9144,1578.549,891.3766
86.37498,1,1578.511,890.9144,1578.53,891.1455
86.39166,1,1578.868,891.7561,1578.699,891.4508
86.40474,1,1578.868,891.7561,1578.784,891.6035
86.41801,1,1579.705,893.1965,1579.244,892.4
86.42352,1,1579.705,893.1965,1579.475,892.7983
86.44634,1,1579.656,893.4164,1579.565,893.1074
86.4528,1,1579.656,893.4164,1579.61,893.2619
86.46762,1,1579.656,893.4164,1579.633,893.3392
86.48207,1,1580.242,893.8034,1579.937,893.5713
86.49977,1,1580.242,893.8034,1580.09,893.6874
86.51406,1,1580.888,893.7632,1580.489,893.7253
86.53228,1,1580.888,893.7632,1580.689,893.7443
86.55526,1,1581.129,893.1998,1580.909,893.472
86.5595,1,1581.129,893.1998,1581.019,893.3359
86.56379,1,1581.129,893.1998,1581.074,893.2679
86.56978,1,1580.962,892.1572,1581.018,892.7125
86.57441,1,1580.962,892.1572,1580.99,892.4349
86.59338,1,1580.962,892.1572,1580.976,892.296
86.60759,1,1580.674,890.6924,1580.825,891.4942
86.61502,1,1580.674,890.6924,1580.749,891.0933
86.62039,1,1580.674,890.6924,1580.712,890.8928
86.62803,1,1579.834,887.4598,1580.273,889.1763
86.63325,1,1579.834,887.4598,1580.053,888.318
86.63919,1,1579.834,887.4598,1579.943,887.8889
86.64537,1,1579.834,887.4598,1579.888,887.6743
86.65077,1,1579.834,887.4598,1579.861,887.567
86.65935,1,1578.731,884.4648,1579.296,886.0159
86.66408,1,1578.731,884.4648,1579.014,885.2404
86.6705,1,1578.731,884.4648,1578.872,884.8526
86.67964,1,1578.731,884.4648,1578.802,884.6587
86.68445,1,1578.731,884.4648,1578.766,884.5618
86.69254,1,1575.727,862.873,1577.247,873.7174
86.6974,1,1575.727,862.873,1576.487,868.2952
86.70213,1,1575.727,862.873,1576.107,865.5841
86.71272,1,1575.727,862.873,1575.917,864.2285
86.72908,1,1575.727,862.873,1575.822,863.5508
86.74555,1,1575.727,862.873,1575.775,863.2119
86.76434,1,1575.727,862.873,1575.751,863.0425
86.79209,1,1559.964,770.8745,1567.858,816.9585
86.81305,1,1559.608,779.8688,1563.733,798.4137
86.8395,1,1557.599,786.7109,1560.666,792.5623
86.84456,1,1557.599,786.7109,1559.132,789.6366
86.85787,1,1557.599,786.7109,1558.366,788.1737
86.87878,1,1555.959,790.1573,1557.163,789.1655
86.8832,1,1555.959,790.1573,1556.561,789.6614
86.88952,1,1555.959,790.1573,1556.26,789.9094
86.91948,1,1553.912,794.9156,1555.086,792.4125
86.93549,1,1551.438,799.9601,1553.262,796.1863
86.94814,1,1551.438,799.9601,1552.35,798.0732
86.95371,1,1551.438,799.9601,1551.894,799.0167
86.96301,1,1548.892,803.0782,1550.393,801.0475
86.96957,1,1548.892,803.0782,1549.642,802.0629
86.98041,1,1548.892,803.0782,1549.267,802.5706
86.98715,1,1548.892,803.0782,1549.079,802.8243
86.99542,1,1546.816,805.1621,1547.948,803.9932
86.99997,1,1546.816,805.1621,1547.382,804.5776
87.01505,1,1546.816,805.1621,1547.099,804.8699
87.02928,1,1545.157,805.3851,1546.128,805.1274
87.04745,1,1545.157,805.3851,1545.642,805.2562
87.08115,1,1540.389,807.8591,1543.016,806.5576
87.10109,1,1540.389,807.8591,1541.703,807.2084
87.11791,1,1538.834,808.6802,1540.268,807.9443
87.14336,1,1537.363,807.5176,1538.816,807.731
87.14988,1,1537.363,807.5176,1538.089,807.6243
87.1589,1,1537.363,807.5176,1537.726,807.5709
87.16386,1,1537.363,807.5176,1537.545,807.5443
87.17078,1,1536.259,803.1328,1536.902,805.3385
87.17995,1,1536.259,803.1328,1536.581,804.2356
87.18867,1,1536.259,803.1328,1536.42,803.6842
87.19756,1,1536.259,803.1328,1536.34,803.4084
87.20333,1,1534.289,799.4386,1535.314,801.4235
87.21683,1,1534.289,799.4386,1534.802,800.431
87.23075,1,1530.504,795.7919,1532.653,798.1115
87.23708,1,1530.504,795.7919,1531.579,796.9517
87.25047,1,1530.504,795.7919,1531.042,796.3718
87.26452,1,1526.052,792.4865,1528.547,794.4291
87.27946,1,1526.052,792.4865,1527.3,793.4578
87.29787,1,1521.851,789.231,1524.575,791.3444
87.33074,1,1516.633,784.5372,1520.604,787.9408
87.36491,1,1510.132,780.1746,1515.368,784.0577
87.40617,1,1504.58,777.1611,1509.974,780.6094
87.42563,1,1500.262,768.9819,1505.118,774.7957
87.45413,1,1497.379,759.5653,1501.248,767.1805
87.47314,1,1493.12,752.1786,1497.184,759.6796
87.49161,1,1493.12,752.1786,1495.152,755.9291
87.52279,1,1488.361,749.1023,1491.757,752.5157
87.54128,1,1484.172,747.8456,1487.964,750.1807
87.57443,1,1480.909,745.492,1484.436,747.8363
87.60719,1,1478.787,743.2886,1481.612,745.5624
87.6246,1,1476.142,740.9074,1478.877,743.2349
87.64288,1,1476.142,740.9074,1477.51,742.0712
87.66299,1,1472.516,736.1831,1475.013,739.1271
87.66853,1,1472.516,736.1831,1473.764,737.6552
87.67418,1,1472.516,736.1831,1473.14,736.9191
87.68242,1,1472.516,736.1831,1472.828,736.5511
87.68855,1,1468.963,728.6488,1470.896,732.6
87.69411,1,1468.963,728.6488,1469.929,730.6244
87.69873,1,1468.963,728.6488,1469.446,729.6366
87.70464,1,1468.963,728.6488,1469.205,729.1427
87.71364,1,1464.923,722.5296,1467.064,725.8362
87.71975,1,1464.923,722.5296,1465.994,724.1829
87.73429,1,1464.923,722.5296,1465.459,723.3562
87.74798,1,1461.023,718.9918,1463.241,721.174
87.76234,1,1461.023,718.9918,1462.132,720.0829
87.77766,1,1457.814,715.9248,1459.973,718.0038
87.79526,1,1457.814,715.9248,1458.894,716.9644
87.81203,1,1454.74,714.2062,1456.817,715.5853
87.82864,1,1454.74,714.2062,1455.778,714.8958
87.84375,1,1451.603,710.4156,1453.69,712.6556
87.87318,1,1448.631,709.1357,1451.16,710.8956
87.89369,1,1448.631,709.1357,1449.896,710.0156
87.91284,1,1446.098,705.5842,1447.997,707.7999
87.94311,1,1443.653,703.7468,1445.825,705.7734
87.96449,1,1441.225,705.6568,1443.525,705.7151
87.9923,1,1439.575,705.9077,1441.55,705.8114
87.99668,1,1439.575,705.9077,1440.562,705.8595
88.00105,1,1439.575,705.9077,1440.068,705.8835
88.01223,1,1439.575,705.9077,1439.822,705.8956
88.0167,1,1438.358,705.5364,1439.09,705.7161
88.04379,1,1438.358,705.5364,1438.724,705.6262
88.068,1,1433.931,701.704,1436.328,703.6652
88.08164,1,1427.535,695.5565,1431.931,699.6108
88.1141,1,1421.142,687.2746,1426.537,693.4427
88.13134,1,1421.142,687.2746,1423.84,690.3586
88.14466,1,1414.173,679.1365,1419.006,684.7476
88.15501,1,1414.173,679.1365,1416.589,681.942
88.16319,1,1414.173,679.1365,1415.381,680.5393
88.16891,1,1406.484,670.5063,1410.933,675.5228
88.1759,1,1406.484,670.5063,1408.708,673.0146
88.18004,1,1406.484,670.5063,1407.596,671.7605
88.18434,1,1406.484,670.5063,1407.04,671.1334
88.1924,1,1406.484,670.5063,1406.762,670.8199
88.19653,1,1398.356,663.4155,1402.559,667.1177
88.20445,1,1398.356,663.4155,1400.458,665.2666
88.21748,1,1398.356,663.4155,1399.407,664.3411
88.2302,1,1391.245,657.9656,1395.326,661.1533
88.24715,1,1391.245,657.9656,1393.285,659.5594
88.25359,1,1391.245,657.9656,1392.265,658.7626
88.25962,1,1386.154,653.1576,1389.209,655.9601
88.26429,1,1386.154,653.1576,1387.682,654.5588
88.28057,1,1386.154,653.1576,1386.918,653.8582
88.29406,1,1382.743,649.3944,1384.831,651.6263
88.31149,1,1382.743,649.3944,1383.787,650.5104
88.32677,1,1378.631,645.2328,1381.209,647.8716
88.35686,1,1371.083,636.1473,1376.146,642.0095
88.39581,1,1363.99,628.3094,1370.068,635.1594
88.4144,1,1360.715,625.4824,1365.391,630.3209
88.44324,1,1357.47,623.8853,1361.431,627.1031
88.4481,1,1357.47,623.8853,1359.45,625.4941
88.45987,1,1357.47,623.8853,1358.46,624.6897
88.46451,1,1357.47,623.8853,1357.965,624.2875
88.48196,1,1354.831,626.7903,1356.398,625.5389
88.5118,1,1353.409,631.1812,1354.904,628.3601
88.54472,1,1352.438,638.6291,1353.671,633.4946
88.56482,1,1351.518,644.5856,1352.594,639.0401
88.59518,1,1296.111,660.8005,1324.352,649.9203
88.61395,1,1296.111,660.8005,1310.232,655.3604
88.62852,1,1101.135,693.9745,1205.683,674.6675
88.63288,1,1101.135,693.9745,1153.409,684.321
88.63848,1,1101.135,693.9745,1127.272,689.1478
88.64861,1,744.4609,736.956,935.8666,713.0519
88.65702,1,744.4609,736.956,840.1637,725.0039
88.66172,1,744.4609,736.956,792.3123,730.98
88.66696,1,744.4609,736.956,768.3866,733.968
88.67847,1,744.4609,736.956,756.4237,735.462
88.68376,1,467.0294,788.4999,611.7266,761.981
88.69441,1,467.0294,788.4999,539.3779,775.2405
88.69948,1,467.0294,788.4999,503.2036,781.8702
88.7149,1,339.3844,808.3882,421.294,795.1292
88.72796,1,339.3844,808.3882,380.3392,801.7587
88.74211,1,280.187,820.1416,330.2631,810.9501
88.762,1,280.187,820.1416,305.2251,815.5459
88.77298,1,251.6541,826.5391,278.4396,821.0425
88.77744,1,251.6541,826.5391,265.0469,823.7908
88.78172,1,251.6541,826.5391,258.3505,825.1649
88.7872,1,251.6541,826.5391,255.0023,825.852
88.80371,1,242.2304,832.0158,248.6163,828.9339
88.8106,1,242.2304,832.0158,245.4234,830.4749
88.83059,1,232.4522,841.1901,238.9378,835.8325
88.83521,1,232.4522,841.1901,235.695,838.5114
88.84138,1,232.4522,841.1901,234.0736,839.8507
88.84791,1,232.4522,841.1901,233.2629,840.5204
88.85271,1,232.4522,841.1901,232.8575,840.8552
88.86176,1,222.6745,857.0302,227.766,848.9427
88.86749,1,222.6745,857.0302,225.2203,852.9865
88.87737,1,222.6745,857.0302,223.9474,855.0083
88.8821,1,222.6745,857.0302,223.3109,856.0192
88.88905,1,222.6745,857.0302,222.9927,856.5247
88.89712,1,211.2221,869.0189,217.1074,862.7717
88.90217,1,211.2221,869.0189,214.1647,865.8953
88.91035,1,211.2221,869.0189,212.6934,867.457
88.9149,1,211.2221,869.0189,211.9578,868.2379
88.92543,1,200.738,882.5129,206.3479,875.3754
88.93138,1,200.738,882.5129,203.543,878.9441
88.94524,1,200.738,882.5129,202.1405,880.7285
88.95077,1,200.738,882.5129,201.4393,881.6207
88.96182,1,189.4316,897.1706,195.4354,889.3956
88.9764,1,189.4316,897.1706,192.4335,893.2831
88.98158,1,189.4316,897.1706,190.9326,895.2268
88.99689,1,177.399,913.8278,184.1658,904.5273
89.01575,1,164.53,930.7797,174.3479,917.6534
89.06841,1,152.326,946.5754,163.3369,932.1144
89.07905,1,140.6973,961.3036,152.0171,946.709
89.08321,1,140.6973,961.3036,146.3572,954.0063
89.08947,1,140.6973,961.3036,143.5273,957.6549
89.09803,1,140.6973,961.3036,142.1123,959.4792
89.10309,1,140.6973,961.3036,141.4048,960.3914
89.11115,1,130.4029,974.9824,135.9039,967.6869
89.11592,1,130.4029,974.9824,133.1534,971.3346
89.12173,1,130.4029,974.9824,131.7782,973.1584
89.12894,1,130.4029,974.9824,131.0905,974.0704
89.13348,1,121.3984,983.7108,126.2445,978.8906
89.14373,1,121.3984,983.7108,123.8215,981.3007
89.14983,1,121.3984,983.7108,122.61,982.5057
89.15796,1,121.3984,983.7108,122.0042,983.1083
89.16325,1,114.2209,991.3869,118.1126,987.2476
89.16973,1,114.2209,991.3869,116.1667,989.3173
89.18022,1,114.2209,991.3869,115.1938,990.3521
89.19243,1,114.6296,1004.304,114.9117,997.3279
89.19856,1,114.6296,1004.304,114.7707,1000.816
89.21124,1,114.6296,1004.304,114.7002,1002.56
89.21576,1,114.6296,1004.304,114.6649,1003.432
89.22874,1,130.5432,1022.199,122.6041,1012.815
89.24752,1,130.5432,1022.199,126.5737,1017.507
89.26205,1,147.7458,1037.167,137.1598,1027.337
89.27773,1,147.7458,1037.167,142.4528,1032.252
89.29205,1,158.8867,1049.158,150.6697,1040.705
89.29637,1,158.8867,1049.158,154.7782,1044.931
89.30064,1,158.8867,1049.158,156.8324,1047.044
89.3064,1,158.8867,1049.158,157.8596,1048.101
89.3171,1,167.5958,1052.913,162.7277,1050.507
89.3243,1,167.5958,1052.913,165.1617,1051.71
89.33346,1,167.5958,1052.913,166.3788,1052.312
89.3397,1,167.5958,1052.913,166.9873,1052.612
89.35468,1,173.6938,1055.964,170.3405,1054.288
89.367,1,173.6938,1055.964,172.0172,1055.126
89.37891,1,187.1741,1056.844,179.5956,1055.985
89.38406,1,187.1741,1056.844,183.3848,1056.414
89.40032,1,187.1741,1056.844,185.2794,1056.629
89.42141,1,289.0247,1023.002,237.1521,1039.815
89.45647,1,617.1223,924.2719,427.1372,982.0436
89.47507,1,965.111,832.569,696.1241,907.3063
89.51125,1,1164.104,784.538,930.1143,845.9221
89.52867,1,1256.633,749.2841,1093.374,797.6031
89.55746,1,1328.54,718.392,1210.957,757.9976
89.56175,1,1328.54,718.392,1269.749,738.1948
89.5665,1,1328.54,718.392,1299.144,728.2933
89.57221,1,1328.54,718.392,1313.842,723.3427
89.58141,1,1328.54,718.392,1321.191,720.8673
89.58749,1,1369.739,679.2842,1345.465,700.0757
89.59644,1,1369.739,679.2842,1357.602,689.6799
89.60093,1,1369.739,679.2842,1363.671,684.4821
89.6107,1,1369.739,679.2842,1366.705,681.8831
89.6155,1,1369.739,679.2842,1368.222,680.5836
89.62212,1,1362.161,666.0818,1365.192,673.3328
89.63144,1,1362.161,666.0818,1363.676,669.7073
89.63641,1,1362.161,666.0818,1362.919,667.8945
89.64502,1,1362.161,666.0818,1362.54,666.9882
89.65079,1,1362.564,679.0984,1362.552,673.0433
89.66528,1,1362.564,679.0984,1362.558,676.0708
89.69878,1,1366.491,691.7712,1364.524,683.921
89.71336,1,1368.784,695.7199,1366.654,689.8204
89.73027,1,1368.784,695.7199,1367.719,692.7701
89.74442,1,1367.172,695.8733,1367.445,694.3217
89.77772,1,1369.312,697.5867,1368.378,695.9542
89.81405,1,1369.678,697.7905,1369.028,696.8723
89.82751,1,1392.08,715.8688,1380.554,706.3705
89.8323,1,1392.08,715.8688,1386.317,711.1196
89.83736,1,1392.08,715.8688,1389.198,713.4942
89.85282,1,1392.08,715.8688,1390.639,714.6815
89.86646,1,1440.503,755.6846,1415.571,735.1831
89.87893,1,1440.503,755.6846,1428.037,745.4338
89.8837,1,1440.503,755.6846,1434.27,750.5592
89.89685,1,1482.478,790.7481,1458.374,770.6537
89.90187,1,1482.478,790.7481,1470.426,780.7009
89.91891,1,1511.812,814.1847,1491.119,797.4428
89.93446,1,1511.812,814.1847,1501.465,805.8137
89.96407,1,1534.931,830.9609,1518.198,818.3873
89.9831,1,1549.853,788.8849,1534.026,803.6361
89.99624,1,1549.853,788.8849,1541.939,796.2605
90.0002,1,1549.853,788.8849,1545.896,792.5728
90.00523,1,1549.853,788.8849,1547.875,790.7289
90.02026,1,1549.853,788.8849,1548.864,789.8069
90.02637,1,1549.853,788.8849,1549.358,789.3459
90.03265,1,1549.853,788.8849,1549.606,789.1155
90.03883,1,1549.853,788.8849,1549.729,789.0002
90.04743,1,1549.853,788.8849,1549.791,788.9426
90.05289,1,1549.853,788.8849,1549.822,788.9138
90.06195,1,1549.853,788.8849,1549.837,788.8994
90.06749,1,1549.853,788.8849,1549.845,788.8922
90.07369,1,1549.853,788.8849,1549.849,788.8885
90.08234,1,1549.853,788.8849,1549.851,788.8867
90.09312,1,1549.853,788.8849,1549.852,788.8859
90.09816,1,1549.853,788.8849,1549.853,788.8854
90.10378,1,1549.853,788.8849,1549.853,788.8851
90.11326,1,1549.853,788.8849,1549.853,788.885
90.11787,1,1549.853,788.8849,1549.853,788.885
90.12492,1,1549.853,788.8849,1549.853,788.885
90.13035,1,1742.109,685.3432,1645.981,737.1141
90.13608,1,1742.109,685.3432,1694.045,711.2286
90.14424,1,1742.109,685.3432,1718.077,698.2859
90.14977,1,1742.109,685.3432,1730.093,691.8146
90.16117,1,1742.429,698.3978,1736.261,695.1062
90.16651,1,1742.429,698.3978,1739.345,696.752
90.17872,1,1742.429,698.3978,1740.887,697.575
90.21174,1,1730.806,712.6371,1735.846,705.1061
90.23444,1,1730.806,712.6371,1733.326,708.8716
90.26624,1,1730.806,712.6371,1732.066,710.7544
90.2843,1,1730.806,712.6371,1731.436,711.6958
90.30992,1,1730.806,712.6371,1731.121,712.1665
90.31443,1,1730.806,712.6371,1730.963,712.4019
90.32024,1,1730.806,712.6371,1730.884,712.5195
90.3329,1,1730.806,712.6371,1730.845,712.5784
90.33806,1,1730.806,712.6371,1730.825,712.6078
90.3544,1,1730.806,712.6371,1730.815,712.6224
90.38184,1,1730.806,712.6371,1730.811,712.6298
90.39682,1,1730.806,712.6371,1730.808,712.6334
90.41194,1,1730.806,712.6371,1730.807,712.6353
90.42828,1,1730.806,712.6371,1730.806,712.6362
90.44291,1,1730.806,712.6371,1730.806,712.6367
90.45866,1,1730.806,712.6371,1730.806,712.637
90.46394,1,1730.806,712.6371,1730.806,712.6371
90.49515,1,1664.61,811.5412,1697.708,762.0891
90.51336,1,1664.61,811.5412,1681.159,786.8152
90.53577,1,1300.457,872.8653,1490.808,829.8402
90.54057,1,1300.457,872.8653,1395.633,851.3528
90.55109,1,728.9625,883.5995,1062.298,867.4761
90.55682,1,728.9625,883.5995,895.6301,875.5378
90.56519,1,728.9625,883.5995,812.2963,879.5687
90.57118,1,728.9625,883.5995,770.6294,881.5841
90.57748,1,728.9625,883.5995,749.796,882.5918
90.58224,1,405.6287,760.6262,577.7123,821.609
90.58851,1,405.6287,760.6262,491.6705,791.1176
90.59454,1,405.6287,760.6262,448.6496,775.8718
90.59906,1,405.6287,760.6262,427.1391,768.249
90.60477,1,405.6287,760.6262,416.3839,764.4376
90.61546,1,905.1307,599.4378,660.7573,681.9377
90.62662,1,905.1307,599.4378,782.944,640.6877
90.63194,1,905.1307,599.4378,844.0374,620.0627
90.64282,1,247.4598,305.2789,545.7485,462.6708
90.64852,1,247.4598,305.2789,396.6042,383.9749
90.65945,1,247.4598,305.2789,322.032,344.6269
90.66421,1,247.4598,305.2789,284.7459,324.9529
90.6752,1,506.205,366.8984,395.4754,345.9256
90.68008,1,506.205,366.8984,450.8402,356.412
90.69578,1,506.205,366.8984,478.5226,361.6552
90.70837,1,327.9173,276.141,403.2199,318.8981
90.71358,1,327.9173,276.141,365.5686,297.5195
90.72871,1,327.9173,276.141,346.7429,286.8303
90.74806,1,257.804,193.1059,302.2734,239.9681
90.77924,1,214.1284,140.1793,258.2009,190.0737
90.79781,1,177.9609,111.1783,218.0809,150.626
90.82956,1,158.3799,102.9684,188.2304,126.7972
90.84476,1,158.3799,102.9684,173.3051,114.8828
90.85887,1,146.7594,108.1462,160.0323,111.5145
90.86301,1,146.7594,108.1462,153.3958,109.8304
90.86819,1,146.7594,108.1462,150.0776,108.9883
90.87503,1,146.7594,108.1462,148.4185,108.5673
90.87939,1,146.7594,108.1462,147.5889,108.3568
90.88392,1,146.7594,108.1462,147.1741,108.2515
90.89256,1,138.565,119.0004,142.8696,113.6259
90.89741,1,138.565,119.0004,140.7173,116.3132
90.90938,1,138.565,119.0004,139.6411,117.6568
90.91427,1,138.7832,107.6998,139.2122,112.6783
90.93121,1,138.7832,107.6998,138.9977,110.189
90.94977,1,146.6944,105.2011,142.8461,107.6951
90.97783,1,182.1739,122.1615,162.51,114.9283
90.99932,1,182.1739,122.1615,172.3419,118.5449
91.01161,1,561.3898,328.9743,366.8659,223.7596
91.0159,1,561.3898,328.9743,464.1279,276.3669
91.02166,1,561.3898,328.9743,512.7589,302.6706
91.02717,1,561.3898,328.9743,537.0743,315.8224
91.0448,1,1074.828,527.2999,805.9512,421.5612
91.06181,1,1074.828,527.2999,940.3896,474.4305
91.08102,1,1408.335,615.5132,1174.362,544.9719
91.08714,1,1408.335,615.5132,1291.349,580.2426
91.09142,1,1408.335,615.5132,1349.842,597.8779
91.09643,1,1515.6,641.0078,1432.721,619.4428
91.10118,1,1515.6,641.0078,1474.16,630.2253
91.10905,1,1515.6,641.0078,1494.88,635.6165
91.1139,1,1515.6,641.0078,1505.24,638.3121
91.11933,1,1515.6,641.0078,1510.42,639.6599
91.13019,1,1518.65,655.4012,1514.535,647.5306
91.1358,1,1518.65,655.4012,1516.593,651.4659
91.14639,1,1518.65,655.4012,1517.621,653.4336
91.15128,1,1518.65,655.4012,1518.136,654.4174
91.16062,1,1530.853,660.8613,1524.494,657.6394
91.16498,1,1530.853,660.8613,1527.674,659.2504
91.17402,1,1530.853,660.8613,1529.263,660.0558
91.17868,1,1530.853,660.8613,1530.058,660.4586
91.19237,1,1514.01,661.032,1522.034,660.7454
91.19727,1,1514.01,661.032,1518.022,660.8887
91.21482,1,1524.025,656.5679,1521.023,658.7283
91.23138,1,1524.025,656.5679,1522.524,657.6481
91.26894,1,1542.961,646.1984,1532.743,651.9232
91.28819,1,1542.961,646.1984,1537.852,649.0608
91.30495,1,1542.961,646.1984,1540.407,647.6296
91.33411,1,1542.961,646.1984,1541.684,646.9139
91.35129,1,1542.961,646.1984,1542.323,646.5562
91.37,1,1542.961,646.1984,1542.642,646.3773
91.38743,1,1542.961,646.1984,1542.802,646.2878
91.40358,1,1542.961,646.1984,1542.882,646.2431
91.41866,1,1542.961,646.1984,1542.922,646.2207
91.43343,1,1542.961,646.1984,1542.941,646.2095
91.43826,1,1542.961,646.1984,1542.951,646.204
91.44234,1,1542.961,646.1984,1542.956,646.2012
91.45973,1,1542.961,646.1984,1542.959,646.1998
91.4772,1,1542.961,646.1984,1542.96,646.1991
91.49264,1,1542.961,646.1984,1542.961,646.1987
91.51085,1,1542.961,646.1984,1542.961,646.1985
91.52841,1,1542.961,646.1984,1542.961,646.1985
91.5583,1,1542.961,646.1984,1542.961,646.1984
91.58131,1,1542.961,646.1984,1542.961,646.1984
91.59657,1,1542.961,646.1984,1542.961,646.1984
91.62706,1,1542.961,646.1984,1542.961,646.1984
91.64514,1,1542.961,646.1984,1542.961,646.1984
91.66301,1,1542.961,646.1984,1542.961,646.1984
91.69254,1,1542.961,646.1984,1542.961,646.1984
91.70782,1,1542.961,646.1984,1542.961,646.1984
91.72343,1,1542.961,646.1984,1542.961,646.1984
91.7412,1,1542.961,646.1984,1542.961,646.1984
91.75869,1,1542.961,646.1984,1542.961,646.1984
91.77735,1,1542.961,646.1984,1542.961,646.1984
91.79469,1,1542.961,646.1984,1542.961,646.1984
91.81071,1,1542.961,646.1984,1542.961,646.1984
91.82874,1,1542.961,646.1984,1542.961,646.1984
91.84408,1,1542.961,646.1984,1542.961,646.1984
91.86342,1,1497.26,690.1583,1520.111,668.1783
91.88085,1,1502.094,695.4167,1511.103,681.7975
91.89931,1,1502.094,695.4167,1506.598,688.6071
91.91415,1,1505.649,706.5311,1506.124,697.5691
91.93184,1,1505.649,706.5311,1505.886,702.05
91.94906,1,1507.065,719.5034,1506.476,710.7767
91.96352,1,1507.065,719.5034,1506.77,715.1401
91.97808,1,1509.901,728.6304,1508.335,721.8853
91.99448,1,1509.901,728.6304,1509.118,725.2578
92.00952,1,1513.544,730.8282,1511.331,728.043
92.02491,1,1513.544,730.8282,1512.437,729.4357
92.0396,1,1388.293,903.8004,1450.365,816.618
92.04378,1,1388.293,903.8004,1419.329,860.2092
92.04842,1,1388.293,903.8004,1403.811,882.0048
92.05399,1,1388.293,903.8004,1396.052,892.9026
92.06421,1,1515.049,715.9058,1455.551,804.4042
92.07012,1,1515.049,715.9058,1485.3,760.155
92.07522,1,1515.049,715.9058,1500.175,738.0304
92.07957,1,1515.049,715.9058,1507.612,726.9681
92.08442,1,1515.049,715.9058,1511.331,721.437
92.09602,1,1513.513,707.7834,1512.422,714.6102
92.10756,1,1513.513,707.7834,1512.968,711.1968
92.11251,1,1513.513,707.7834,1513.24,709.4901
92.12806,1,1509.071,694.2579,1511.156,701.874
92.14739,1,1509.071,694.2579,1510.114,698.0659
92.1617,1,1500.144,675.8322,1505.129,686.949
92.17916,1,1500.144,675.8322,1502.636,681.3906
92.19353,1,1489.828,656.0716,1496.232,668.7311
92.21141,1,1489.828,656.0716,1493.03,662.4014
92.2467,1,1456.605,635.0592,1474.817,648.7303
92.26438,1,1456.605,635.0592,1465.711,641.8948
92.27985,1,1406.123,730.4072,1435.917,686.151
92.28438,1,1406.123,730.4072,1421.02,708.2791
92.29514,1,1406.123,730.4072,1413.572,719.3431
92.29971,1,1406.123,730.4072,1409.848,724.8751
92.31151,1,1445.062,652.6063,1427.455,688.7407
92.31622,1,1445.062,652.6063,1436.258,670.6735
92.33125,1,1445.062,652.6063,1440.66,661.6399
92.34786,1,1442.136,657.5965,1441.398,659.6182
92.36259,1,1442.136,657.5965,1441.767,658.6073
92.38109,1,1419.116,701.1824,1430.441,679.8948
92.41088,1,1420.936,687.5357,1425.689,683.7153
92.44126,1,1421.923,678.1958,1423.806,680.9556
92.46084,1,1428.004,680.0829,1425.905,680.5193
92.47945,1,1428.004,680.0829,1426.954,680.3011
92.494,1,1432.628,681.6757,1429.791,680.9884
92.49837,1,1432.628,681.6757,1431.209,681.332
92.50414,1,1432.628,681.6757,1431.919,681.5038
92.51376,1,1432.628,681.6757,1432.273,681.5897
92.51908,1,1434.643,680.2966,1433.458,680.9431
92.52958,1,1434.643,680.2966,1434.051,680.6199
92.53445,1,1434.643,680.2966,1434.347,680.4583
92.55987,1,1435.081,676.9092,1434.714,678.6837
92.56512,1,1435.081,676.9092,1434.898,677.7965
92.57818,1,1436.245,671.0811,1435.571,674.4388
92.58274,1,1436.245,671.0811,1435.908,672.7599
92.5899,1,1436.245,671.0811,1436.076,671.9205
92.59416,1,1436.245,671.0811,1436.16,671.5007
92.60718,1,1437.536,656.2242,1436.848,663.8625
92.6119,1,1437.536,656.2242,1437.192,660.0433
92.62878,1,1437.536,656.2242,1437.364,658.1338
92.64171,1,1435.941,639.6129,1436.652,648.8733
92.65997,1,1435.941,639.6129,1436.297,644.243
92.67582,1,1430.678,630.6065,1433.487,637.4248
92.69341,1,1430.678,630.6065,1432.082,634.0156
92.70779,1,1424.569,630.4247,1428.325,632.2202
92.71784,1,1424.569,630.4247,1426.447,631.3224
92.72339,1,1424.569,630.4247,1425.508,630.8735
92.73227,1,1421.031,630.3376,1423.269,630.6056
92.73782,1,1421.031,630.3376,1422.15,630.4716
92.74738,1,1421.031,630.3376,1421.59,630.4045
92.75324,1,1421.031,630.3376,1421.311,630.3711
92.76129,1,1420.108,631.4537,1420.709,630.9124
92.76658,1,1420.108,631.4537,1420.408,631.1831
92.77517,1,1420.108,631.4537,1420.258,631.3184
92.77963,1,1420.108,631.4537,1420.183,631.3861
92.78442,1,1420.108,631.4537,1420.145,631.4199
92.79234,1,1420.141,632.1271,1420.143,631.7736
92.79721,1,1420.141,632.1271,1420.142,631.9503
92.80299,1,1420.141,632.1271,1420.141,632.0387
92.81318,1,1420.141,632.1271,1420.141,632.0829
92.81817,1,1420.594,632.3183,1420.367,632.2006
92.82694,1,1420.594,632.3183,1420.48,632.2594
92.83199,1,1420.594,632.3183,1420.537,632.2888
92.8427,1,1420.594,632.3183,1420.565,632.3036
92.84814,1,1421.083,632.7832,1420.824,632.5434
92.86127,1,1421.083,632.7832,1420.953,632.6633
92.87987,1,1420.883,633.7125,1420.918,633.1879
92.90161,1,1420.883,633.7125,1420.9,633.4502
92.93168,1,1419.909,633.4589,1420.405,633.4546
92.94448,1,1419.279,634.2854,1419.842,633.87
92.94957,1,1419.279,634.2854,1419.561,634.0777
92.95558,1,1419.279,634.2854,1419.42,634.1815
92.96658,1,1419.279,634.2854,1419.35,634.2335
92.97236,1,1418.072,635.8404,1418.711,635.0369
92.9815,1,1418.072,635.8404,1418.391,635.4387
92.98729,1,1418.072,635.8404,1418.231,635.6395
92.99736,1,1418.072,635.8404,1418.151,635.74
93.00258,1,1416.049,636.7887,1417.1,636.2643
93.02218,1,1416.049,636.7887,1416.575,636.5265
93.03432,1,1413.71,637.3376,1415.143,636.932
93.03983,1,1413.71,637.3376,1414.427,637.1348
93.0444,1,1413.71,637.3376,1414.068,637.2362
93.04996,1,1413.71,637.3376,1413.889,637.2869
93.06123,1,1410.785,636.0309,1412.337,636.6589
93.06712,1,1410.785,636.0309,1411.561,636.3448
93.07652,1,1410.785,636.0309,1411.173,636.1879
93.08128,1,1410.785,636.0309,1410.979,636.1094
93.09389,1,1408.368,635.5165,1409.674,635.8129
93.09843,1,1408.368,635.5165,1409.021,635.6647
93.11377,1,1408.368,635.5165,1408.694,635.5906
93.12809,1,1406.077,636.3127,1407.385,635.9517
93.14322,1,1406.077,636.3127,1406.731,636.1322
93.15768,1,1404.376,637.7548,1405.554,636.9435
93.17382,1,1404.376,637.7548,1404.965,637.3491
93.1784,1,1404.376,637.7548,1404.671,637.5519
93.18308,1,1402.824,639.5562,1403.748,638.5541
93.18995,1,1402.824,639.5562,1403.286,639.0552
93.2045,1,1402.824,639.5562,1403.055,639.3057
93.21762,1,1401.454,642.4014,1402.255,640.8535
93.22417,1,1401.454,642.4014,1401.854,641.6274
93.23922,1,1401.454,642.4014,1401.654,642.0144
93.25633,1,1398.032,642.8293,1399.843,642.4219
93.28533,1,1392.339,641.5658,1396.091,641.9938
93.30379,1,1384.433,639.0257,1390.262,640.5098
93.33027,1,1384.433,639.0257,1387.347,639.7677
93.33647,1,1376.246,635.4389,1381.797,637.6033
93.34123,1,1376.246,635.4389,1379.021,636.5211
93.34692,1,1376.246,635.4389,1377.634,635.98
93.35922,1,1376.246,635.4389,1376.94,635.7095
93.37876,1,1370.367,631.0919,1373.653,633.4007
93.39715,1,1367.038,627.1213,1370.345,630.261
93.42893,1,1364.454,623.8819,1367.4,627.0714
93.4452,1,1364.454,623.8819,1365.927,625.4767
93.45972,1,1363.033,622.9213,1364.48,624.199
93.46442,1,1363.033,622.9213,1363.756,623.5601
93.47069,1,1363.033,622.9213,1363.395,623.2407
93.481,1,1363.033,622.9213,1363.214,623.081
93.48758,1,1362.459,621.736,1362.836,622.4085
93.4943,1,1362.459,621.736,1362.647,622.0723
93.49934,1,1362.459,621.736,1362.553,621.9042
93.50542,1,1362.459,621.736,1362.506,621.8201
93.51375,1,1361.42,620.648,1361.963,621.234
93.51995,1,1361.42,620.648,1361.691,620.941
93.53539,1,1361.42,620.648,1361.556,620.7946
93.54787,1,1360.214,619.0018,1360.885,619.8982
93.56203,1,1360.214,619.0018,1360.549,619.45
93.57693,1,1361.334,616.88,1360.942,618.165
93.59415,1,1361.334,616.88,1361.138,617.5225
93.61023,1,1362.31,614.1644,1361.724,615.8434
93.62962,1,1362.31,614.1644,1362.017,615.0039
93.63406,1,1362.399,611.4479,1362.208,613.2259
93.63985,1,1362.399,611.4479,1362.303,612.3369
93.65656,1,1362.399,611.4479,1362.351,611.8924
93.66675,1,1361.532,609.8448,1361.942,610.8687
93.67227,1,1361.532,609.8448,1361.737,610.3568
93.68137,1,1361.532,609.8448,1361.635,610.1008
93.688,1,1361.532,609.8448,1361.583,609.9728
93.69732,1,1361.02,608.503,1361.302,609.2379
93.7029,1,1361.02,608.503,1361.161,608.8705
93.71369,1,1361.02,608.503,1361.091,608.6868
93.71849,1,1361.02,608.503,1361.055,608.5948
93.72528,1,1361.545,607.8569,1361.3,608.2259
93.73071,1,1361.545,607.8569,1361.423,608.0414
93.73588,1,1361.545,607.8569,1361.484,607.9492
93.74503,1,1361.545,607.8569,1361.514,607.9031
93.75082,1,1361.545,607.8569,1361.53,607.88
93.75973,1,1360.917,607.4982,1361.223,607.6891
93.76469,1,1360.917,607.4982,1361.07,607.5936
93.77771,1,1360.917,607.4982,1360.993,607.5459
93.78249,1,1360.917,607.4982,1360.955,607.522
93.79741,1,1360.224,607.7592,1360.59,607.6406
93.81162,1,1360.224,607.7592,1360.407,607.6999
93.83137,1,1359.56,607.2592,1359.983,607.4795
93.86119,1,1358.96,606.6645,1359.471,607.072
93.88168,1,1358.444,605.7328,1358.958,606.4024
93.91046,1,1358.68,605.3015,1358.819,605.8519
93.9304,1,1358.68,605.3015,1358.749,605.5767
93.94418,1,1359.658,605.6671,1359.204,605.6219
93.94974,1,1359.658,605.6671,1359.431,605.6445
93.95822,1,1359.658,605.6671,1359.544,605.6558
93.96286,1,1359.658,605.6671,1359.601,605.6615
93.96949,1,1360.208,605.1584,1359.904,605.41
93.97866,1,1360.208,605.1584,1360.056,605.2842
93.98354,1,1360.208,605.1584,1360.132,605.2213
93.99165,1,1360.208,605.1584,1360.17,605.1899
93.99603,1,1360.208,605.1584,1360.189,605.1742
94.00114,1,1360.267,604.2283,1360.228,604.7012
94.01207,1,1360.267,604.2283,1360.247,604.4647
94.01682,1,1360.267,604.2283,1360.257,604.3465
94.02954,1,1359.355,602.6833,1359.806,603.5149
94.04733,1,1359.355,602.6833,1359.58,603.0991
94.06641,1,1358.407,601.4022,1358.994,602.2507
94.08489,1,1358.407,601.4022,1358.7,601.8264
94.09851,1,1357.521,599.6137,1358.111,600.7201
94.10344,1,1357.521,599.6137,1357.816,600.1669
94.10928,1,1357.521,599.6137,1357.668,599.8903
94.12418,1,1356.546,597.1951,1357.107,598.5427
94.13043,1,1356.546,597.1951,1356.827,597.8689
94.13975,1,1356.546,597.1951,1356.686,597.532
94.14676,1,1339.026,577.1039,1347.856,587.3179
94.15155,1,1339.026,577.1039,1343.441,582.2109
94.15879,1,1339.026,577.1039,1341.234,579.6574
94.16353,1,1339.026,577.1039,1340.13,578.3806
94.17128,1,1339.026,577.1039,1339.578,577.7422
94.18391,1,1233.125,447.2993,1286.352,512.5208
94.19627,1,1233.125,447.2993,1259.738,479.9101
94.20132,1,1233.125,447.2993,1246.431,463.6047
94.2094,1,1097.939,282.1944,1172.185,372.8996
94.21481,1,1097.939,282.1944,1135.062,327.547
94.22276,1,1097.939,282.1944,1116.5,304.8707
94.22794,1,1097.939,282.1944,1107.22,293.5326
94.23264,1,1097.939,282.1944,1102.579,287.8635
94.24171,1,1024.896,195.8864,1063.738,241.8749
94.24703,1,1024.896,195.8864,1044.317,218.8806
94.25491,1,1024.896,195.8864,1034.606,207.3835
94.25988,1,1024.896,195.8864,1029.751,201.6349
94.26501,1,1024.896,195.8864,1027.323,198.7607
94.27524,1,996.201,154.5981,1011.762,176.6794
94.28075,1,996.201,154.5981,1003.982,165.6387
94.29631,1,996.201,154.5981,1000.091,160.1184
94.31624,1,986.8842,136.0144,993.4878,148.0664
94.34658,1,985.1736,126.3251,989.3307,137.1958
94.36792,1,980.9778,133.9585,985.1543,135.5771
94.39496,1,978.1489,141.9656,981.6516,138.7713
94.40028,1,978.1489,141.9656,979.9003,140.3684
94.41187,1,978.1489,141.9656,979.0245,141.167
94.41594,1,978.1489,141.9656,978.5867,141.5663
94.42144,1,975.8177,146.0661,977.2021,143.8162
94.43079,1,975.8177,146.0661,976.5099,144.9412
94.43596,1,975.8177,146.0661,976.1638,145.5037
94.44709,1,975.8177,146.0661,975.9907,145.7849
94.45251,1,974.7628,148.7188,975.3767,147.2519
94.46278,1,974.7628,148.7188,975.0697,147.9853
94.46838,1,974.7628,148.7188,974.9163,148.3521
94.47815,1,974.7628,148.7188,974.8395,148.5354
94.48333,1,983.8003,161.6562,979.3199,155.0958
94.49587,1,983.8003,161.6562,981.5601,158.376
94.51065,1,1036.716,240.1492,1009.138,199.2626
94.51579,1,1036.716,240.1492,1022.927,219.7059
94.53087,1,1036.716,240.1492,1029.822,229.9276
94.54543,1,1124.999,377.9456,1077.411,303.9366
94.56374,1,1124.999,377.9456,1101.205,340.9411
94.57758,1,1181.236,463.9832,1141.22,402.4622
94.59295,1,1181.236,463.9832,1161.228,433.2227
94.61109,1,1212.069,516.9408,1186.648,475.0818
94.6305,1,1212.069,516.9408,1199.359,496.0113
94.66064,1,1225.805,538.1908,1212.582,517.1011
94.6791,1,1231.217,546.0766,1221.899,531.5889
94.69905,1,1229.765,537.5648,1225.832,534.5768
94.71386,1,1229.765,537.5648,1227.798,536.0708
94.72697,1,1230.539,506.7222,1229.169,521.3965
94.73097,1,1230.539,506.7222,1229.854,514.0593
94.74316,1,1230.539,506.7222,1230.196,510.3908
94.74917,1,1230.539,506.7222,1230.368,508.5565
94.76317,1,1236.604,497.7825,1233.486,503.1695
94.77885,1,1236.604,497.7825,1235.045,500.476
94.79488,1,1241.651,519.2023,1238.348,509.8392
94.81348,1,1249.105,548.5112,1243.727,529.1752
94.83176,1,1249.105,548.5112,1246.416,538.8431
94.84495,1,1256.711,577.6365,1251.564,558.2399
94.84969,1,1256.711,577.6365,1254.137,567.9382
94.85493,1,1256.711,577.6365,1255.424,572.7874
94.85942,1,1256.711,577.6365,1256.068,575.2119
94.87533,1,1263.101,601.1396,1259.584,588.1758
94.89549,1,1263.101,601.1396,1261.343,594.6577
94.89964,1,1263.101,601.1396,1262.222,597.8987
94.90643,1,1267.031,619.5355,1264.626,608.717
94.91304,1,1267.031,619.5355,1265.828,614.1262
94.91738,1,1267.031,619.5355,1266.429,616.8308
94.92332,1,1267.031,619.5355,1266.73,618.1831
94.93218,1,1267.031,619.5355,1266.88,618.8593
94.93829,1,1269.022,632.8869,1267.951,625.873
94.94706,1,1269.022,632.8869,1268.487,629.38
94.95289,1,1269.022,632.8869,1268.755,631.1334
94.96324,1,1273.019,643.45,1270.887,637.2917
94.97061,1,1273.019,643.45,1271.953,640.3708
94.97948,1,1273.019,643.45,1272.486,641.9104
94.984,1,1273.019,643.45,1272.753,642.6802
94.99281,1,1273.019,643.45,1272.886,643.0651
94.99776,1,1275.614,652.3789,1274.25,647.722
95.01054,1,1275.614,652.3789,1274.932,650.0504
95.01571,1,1275.614,652.3789,1275.273,651.2147
95.02776,1,1275.15,658.4697,1275.211,654.8422
95.04058,1,1275.15,658.4697,1275.181,656.6559
95.04664,1,1275.15,658.4697,1275.165,657.5627
95.05901,1,1281.179,667.5117,1278.172,662.5372
95.06425,1,1281.179,667.5117,1279.676,665.0245
95.08305,1,1281.179,667.5117,1280.427,666.2681
95.10081,1,1283.158,673.6949,1281.793,669.9815
95.13128,1,1284.204,678.9899,1282.998,674.4857
95.16504,1,1281.031,685.2737,1282.015,679.8798
95.17164,1,1281.031,685.2737,1281.523,682.5768
95.18153,1,1283.343,693.76,1282.433,688.1684
95.18696,1,1283.343,693.76,1282.888,690.9642
95.19949,1,1283.343,693.76,1283.116,692.3621
95.2048,1,1280.609,697.3245,1281.862,694.8433
95.21861,1,1280.609,697.3245,1281.236,696.0839
95.23792,1,1278.726,699.7759,1279.981,697.9299
95.25888,1,1278.726,699.7759,1279.353,698.8529
95.26361,1,1278.726,699.7759,1279.04,699.3145
95.27107,1,1277.576,701.5525,1278.308,700.4335
95.27618,1,1277.576,701.5525,1277.942,700.993
95.28084,1,1277.576,701.5525,1277.759,701.2727
95.29515,1,1276.335,703.0347,1277.047,702.1537
95.31586,1,1276.335,703.0347,1276.691,702.5942
95.33097,1,1274.414,704.6569,1275.553,703.6255
95.36053,1,1273,705.9789,1274.276,704.8022
95.37816,1,1273,705.9789,1273.638,705.3906
95.39112,1,1271.646,706.3679,1272.642,705.8793
95.39577,1,1271.646,706.3679,1272.144,706.1235
95.3998,1,1271.646,706.3679,1271.895,706.2457
95.40558,1,1271.646,706.3679,1271.771,706.3068
95.42017,1,1270.754,707.7895,1271.262,707.0481
95.42989,1,1270.754,707.7895,1271.008,707.4188
95.4354,1,1270.754,707.7895,1270.881,707.6041
95.44094,1,1270.754,707.7895,1270.817,707.6968
95.4507,1,1269.945,710.3384,1270.381,709.0176
95.45737,1,1269.945,710.3384,1270.163,709.678
95.4744,1,1269.945,710.3384,1270.054,710.0082
95.48389,1,1269.069,713.0653,1269.561,711.5367
95.49789,1,1269.069,713.0653,1269.315,712.301
95.50255,1,1269.069,713.0653,1269.192,712.6832
95.51432,1,1264.902,713.8616,1267.047,713.2724
95.52902,1,1264.902,713.8616,1265.974,713.567
95.53439,1,1264.902,713.8616,1265.438,713.7144
95.54753,1,1262.155,720.3495,1263.797,717.0319
95.56493,1,1262.155,720.3495,1262.976,718.6907
95.58141,1,1259.214,725.2025,1261.095,721.9465
95.61396,1,1256.752,730.3951,1258.923,726.1708
95.64218,1,1254.251,736.3086,1256.587,731.2397
95.648,1,1254.251,736.3086,1255.419,733.7742
95.65257,1,1254.251,736.3086,1254.835,735.0414
95.65785,1,1249.638,738.1863,1252.237,736.6139
95.66654,1,1249.638,738.1863,1250.937,737.4001
95.6725,1,1249.638,738.1863,1250.287,737.7932
95.6815,1,1249.638,738.1863,1249.963,737.9897
95.68771,1,1247.109,740.5084,1248.536,739.249
95.69429,1,1247.109,740.5084,1247.823,739.8787
95.69901,1,1247.109,740.5084,1247.466,740.1935
95.70533,1,1247.109,740.5084,1247.287,740.351
95.71506,1,1247.109,740.5084,1247.198,740.4297
95.72072,1,1242.624,741.2047,1244.911,740.8171
95.73082,1,1242.624,741.2047,1243.768,741.0109
95.73691,1,1242.624,741.2047,1243.196,741.1078
95.74676,1,1242.624,741.2047,1242.91,741.1563
95.75198,1,1238.643,743.2236,1240.776,742.1899
95.75713,1,1238.643,743.2236,1239.71,742.7068
95.76144,1,1238.643,743.2236,1239.176,742.9652
95.76688,1,1238.643,743.2236,1238.91,743.0944
95.77776,1,1238.643,743.2236,1238.776,743.1589
95.78293,1,1235.996,744.2725,1237.386,743.7157
95.79839,1,1235.996,744.2725,1236.691,743.9941
95.81165,1,1232.65,743.8809,1234.671,743.9375
95.81723,1,1232.65,743.8809,1233.66,743.9092
95.82813,1,1232.65,743.8809,1233.155,743.895
95.84246,1,1229.264,742.3997,1231.209,743.1473
95.86134,1,1229.264,742.3997,1230.237,742.7735
95.87244,1,1227.661,740.2068,1228.949,741.4901
95.87755,1,1227.661,740.2068,1228.305,740.8484
95.88717,1,1227.661,740.2068,1227.983,740.5276
95.89217,1,1227.661,740.2068,1227.822,740.3672
95.90501,1,1226.435,738.4279,1227.129,739.3976
95.91314,1,1226.435,738.4279,1226.782,738.9127
95.9179,1,1226.435,738.4279,1226.609,738.6703
95.92384,1,1226.435,738.4279,1226.522,738.5491
95.93396,1,1225.249,735.2686,1225.885,736.9088
95.93963,1,1225.249,735.2686,1225.567,736.0887
95.94705,1,1225.249,735.2686,1225.408,735.6786
95.95179,1,1225.249,735.2686,1225.328,735.4736
95.96059,1,1223.317,734.1334,1224.323,734.8035
95.96531,1,1223.317,734.1334,1223.82,734.4684
95.97227,1,1223.317,734.1334,1223.569,734.3009
95.97952,1,1223.317,734.1334,1223.443,734.2172
95.98437,1,1223.317,734.1334,1223.38,734.1753
95.99436,1,1221.797,735.5901,1222.589,734.8827
95.99989,1,1221.797,735.5901,1222.193,735.2365
96.01184,1,1221.797,735.5901,1221.995,735.4133
96.01755,1,1221.797,735.5901,1221.896,735.5017
96.02888,1,1220.329,737.7936,1221.112,736.6476
96.03757,1,1220.329,737.7936,1220.72,737.2206
96.0424,1,1220.329,737.7936,1220.525,737.5071
96.04784,1,1220.329,737.7936,1220.427,737.6503
96.05871,1,1216.548,738.7473,1218.487,738.1989
96.06332,1,1216.548,738.7473,1217.518,738.4731
96.07889,1,1222.828,735.5761,1220.173,737.0246
96.09525,1,1222.828,735.5761,1221.5,736.3004
96.11224,1,1222.137,738.8075,1221.819,737.554
96.14738,1,1208.385,739.2383,1215.102,738.3961
96.1674,1,1208.385,739.2383,1211.744,738.8173
96.18211,1,1208.125,738.8625,1209.934,738.8399
96.20046,1,1208.125,738.8625,1209.03,738.8512
96.22789,1,1207.914,738.5684,1208.472,738.7098
96.24554,1,1208.917,738.632,1208.695,738.6709
96.26408,1,1209.403,738.4188,1209.049,738.5448
96.29613,1,1208.448,737.3299,1208.748,737.9374
96.32624,1,1206.745,735.1156,1207.747,736.5265
96.33213,1,1206.745,735.1156,1207.246,735.821
96.3496,1,1206.745,735.1156,1206.996,735.4683
96.36317,1,1208.201,734.7153,1207.598,735.0918
96.37962,1,1208.201,734.7153,1207.9,734.9036
96.41252,1,1211.709,735.6873,1209.804,735.2954
96.42851,1,1211.709,735.6873,1210.757,735.4913
96.4323,1,1211.709,735.6873,1211.233,735.5893
96.4369,1,1211.709,735.6873,1211.471,735.6383
96.45205,1,1213.02,736.23,1212.246,735.9342
96.46498,1,1213.02,736.23,1212.633,736.0822
96.47079,1,1213.02,736.23,1212.826,736.1561
96.4822,1,1214.275,737.0148,1213.551,736.5854
96.49724,1,1214.275,737.0148,1213.913,736.8002
96.50322,1,1217.172,733.8602,1215.542,735.3302
96.51929,1,1217.172,733.8602,1216.357,734.5952
96.53918,1,1221.838,730.1266,1219.097,732.361
96.5559,1,1221.838,730.1266,1220.468,731.2438
96.5839,1,1227.611,730.1347,1224.04,730.6892
96.60337,1,1234.19,728.4709,1229.115,729.5801
96.63077,1,1240.671,727.3182,1234.893,728.4491
96.64111,1,1240.671,727.3182,1237.782,727.8837
96.64679,1,1240.671,727.3182,1239.227,727.601
96.65105,1,1240.671,727.3182,1239.949,727.4596
96.65607,1,1244.922,722.1118,1242.435,724.7857
96.66068,1,1244.922,722.1118,1243.679,723.4487
96.67558,1,1244.922,722.1118,1244.3,722.7803
96.69142,1,1249.812,721.8894,1247.056,722.3348
96.6973,1,1249.812,721.8894,1248.434,722.1121
96.70148,1,1249.812,721.8894,1249.123,722.0007
96.71086,1,1249.812,721.8894,1249.468,721.9451
96.71567,1,1253.138,722.4483,1251.303,722.1967
96.72131,1,1253.138,722.4483,1252.22,722.3225
96.72968,1,1253.138,722.4483,1252.679,722.3854
96.73446,1,1253.138,722.4483,1252.908,722.4169
96.74512,1,1253.138,722.4483,1253.023,722.4326
96.75081,1,1255.302,721.6812,1254.163,722.0569
96.76718,1,1255.302,721.6812,1254.732,721.869
96.77782,1,1257.019,720.3547,1255.876,721.1119
96.78247,1,1257.019,720.3547,1256.448,720.7333
96.78934,1,1257.019,720.3547,1256.733,720.544
96.79902,1,1257.019,720.3547,1256.876,720.4493
96.81274,1,1258.407,716.3942,1257.642,718.4218
96.81764,1,1258.407,716.3942,1258.024,717.408
96.83516,1,1258.407,716.3942,1258.216,716.9011
96.84866,1,1260.687,710.1259,1259.451,713.5135
96.8782,1,1262.739,701.6189,1261.095,707.5662
96.89893,1,1264.714,695.3016,1262.904,701.4339
96.92767,1,1267.762,692.6534,1265.333,697.0436
96.95459,1,1267.762,692.6534,1266.548,694.8485
96.95946,1,1270.825,687.8863,1268.686,691.3674
96.96391,1,1270.825,687.8863,1269.756,689.6268
96.96941,1,1270.825,687.8863,1270.29,688.7566
96.97833,1,1270.825,687.8863,1270.558,688.3214
96.98316,1,1270.825,687.8863,1270.691,688.1039
96.98968,1,1273.599,680.5232,1272.145,684.3135
96.99522,1,1273.599,680.5232,1272.872,682.4183
96.99988,1,1273.599,680.5232,1273.236,681.4708
97.00536,1,1273.599,680.5232,1273.417,680.9969
97.01479,1,1274.971,674.7984,1274.194,677.8977
97.02029,1,1274.971,674.7984,1274.583,676.348
97.03026,1,1274.971,674.7984,1274.777,675.5732
97.03654,1,1274.971,674.7984,1274.874,675.1858
97.04726,1,1278.305,668.4499,1276.589,671.8179
97.05222,1,1278.305,668.4499,1277.447,670.1339
97.06036,1,1278.305,668.4499,1277.876,669.2919
97.06519,1,1278.305,668.4499,1278.091,668.8708
97.07423,1,1278.305,668.4499,1278.198,668.6604
97.07897,1,1278.33,659.7943,1278.264,664.2274
97.08974,1,1278.33,659.7943,1278.297,662.0109
97.095,1,1278.33,659.7943,1278.314,660.9026
97.10852,1,1279.273,651.7669,1278.794,656.3347
97.1136,1,1279.273,651.7669,1279.033,654.0508
97.13866,1,1280.333,649.0082,1279.683,651.5295
97.14486,1,1280.333,649.0082,1280.008,650.2688
97.15565,1,1280.333,649.0082,1280.171,649.6385
97.1613,1,1280.333,649.0082,1280.252,649.3234
97.1665,1,1280.333,649.0082,1280.292,649.1658
97.17222,1,1282.378,648.3323,1281.335,648.749
97.18993,1,1282.378,648.3323,1281.857,648.5406
97.19897,1,1283.345,646.8175,1282.601,647.6791
97.20533,1,1283.345,646.8175,1282.973,647.2483
97.21561,1,1283.345,646.8175,1283.159,647.0329
97.22099,1,1283.345,646.8175,1283.252,646.9252
97.2324,1,1283.648,645.8567,1283.45,646.3909
97.23909,1,1283.648,645.8567,1283.549,646.1238
97.24954,1,1283.648,645.8567,1283.599,645.9902
97.26105,1,1285.09,646.4478,1284.344,646.219
97.26645,1,1285.09,646.4478,1284.717,646.3334
97.27892,1,1285.09,646.4478,1284.903,646.3906
97.28474,1,1285.09,646.4478,1284.997,646.4192
97.29771,1,1270.089,646.6364,1277.543,646.5278
97.31235,1,1270.089,646.6364,1273.816,646.582
97.3189,1,1180.982,642.1743,1227.399,644.3782
97.32513,1,1180.982,642.1743,1204.19,643.2762
97.3387,1,1180.982,642.1743,1192.586,642.7252
97.34444,1,1180.982,642.1743,1186.784,642.4497
97.35489,1,891.4931,625.6587,1039.139,634.0542
97.36041,1,891.4931,625.6587,965.3158,629.8564
97.37286,1,891.4931,625.6587,928.4044,627.7576
97.37833,1,552.5097,615.1774,740.457,621.4675
97.39464,1,552.5097,615.1774,646.4834,618.3225
97.41322,1,349.165,602.6055,497.8242,610.464
97.43308,1,349.165,602.6055,423.4946,606.5347
97.44534,1,261.4478,592.1032,342.4712,599.319
97.45096,1,261.4478,592.1032,301.9595,595.7111
97.46143,1,261.4478,592.1032,281.7037,593.9071
97.46693,1,261.4478,592.1032,271.5757,593.0051
97.47301,1,225.9717,591.6981,248.7737,592.3516
97.4817,1,225.9717,591.6981,237.3727,592.0249
97.48877,1,225.9717,591.6981,231.6722,591.8615
97.49503,1,225.9717,591.6981,228.822,591.7798
97.49955,1,205.5346,597.1101,217.1783,594.4449
97.50536,1,205.5346,597.1101,211.3565,595.7775
97.51524,1,205.5346,597.1101,208.4456,596.4438
97.52474,1,205.5346,597.1101,206.9901,596.777
97.53058,1,194.5234,598.8608,200.7567,597.8189
97.5387,1,194.5234,598.8608,197.6401,598.3398
97.54367,1,194.5234,598.8608,196.0817,598.6003
97.54938,1,194.5234,598.8608,195.3026,598.7306
97.56232,1,188.4123,604.9068,191.8574,601.8187
97.57867,1,188.4123,604.9068,190.1349,603.3628
97.59629,1,181.021,619.6852,185.5779,611.524
97.62796,1,168.6978,624.4947,177.1378,618.0094
97.64738,1,168.6978,624.4947,172.9178,621.2521
97.67301,1,158.4418,629.9601,165.6798,625.6061
97.71141,1,147.2165,637.1207,156.4481,631.3634
97.74786,1,167.8618,640.4041,162.155,635.8837
97.7744,1,324.5986,650.6451,243.3768,643.2644
97.79505,1,324.5986,650.6451,283.9877,646.9548
97.82885,1,785.2533,680.5409,534.6205,663.7478
97.85857,1,1206.39,688.9827,870.5051,676.3652
97.88036,1,1363.488,702.6993,1116.996,689.5322
97.91402,1,1431.056,699.294,1274.026,694.4131
97.92723,1,1457.806,692.6575,1365.916,693.5353
97.93146,1,1457.806,692.6575,1411.861,693.0964
97.93623,1,1457.806,692.6575,1434.833,692.877
97.94399,1,1457.806,692.6575,1446.32,692.7672
97.94925,1,1457.806,692.6575,1452.063,692.7123
97.95569,1,1467.435,686.3381,1459.749,689.5253
97.96243,1,1467.435,686.3381,1463.592,687.9317
97.96766,1,1467.435,686.3381,1465.514,687.1349
97.97795,1,1467.435,686.3381,1466.474,686.7365
97.98225,1,1467.435,686.3381,1466.955,686.5374
97.98874,1,1474.355,681.463,1470.655,684.0002
97.99578,1,1474.355,681.463,1472.505,682.7316
98.0006,1,1474.355,681.463,1473.43,682.0973
98.00856,1,1474.355,681.463,1473.892,681.7802
98.01293,1,1474.355,681.463,1474.124,681.6216
98.01836,1,1451.795,670.3787,1462.959,676.0001
98.02702,1,1451.795,670.3787,1457.377,673.1895
98.03161,1,1451.795,670.3787,1454.586,671.7841
98.04308,1,1451.795,670.3787,1453.191,671.0814
98.04893,1,1437.05,660.5247,1445.12,665.803
98.06507,1,1437.05,660.5247,1441.085,663.1638
98.09609,1,1427.442,654.0609,1434.264,658.6123
98.1261,1,1420.327,650.028,1427.295,654.3201
98.14088,1,1414.914,646.2271,1421.104,650.2736
98.14693,1,1414.914,646.2271,1418.009,648.2504
98.15217,1,1414.914,646.2271,1416.461,647.2388
98.15787,1,1414.914,646.2271,1415.688,646.7329
98.16934,1,1410.382,643.5761,1413.035,645.1545
98.17936,1,1410.382,643.5761,1411.708,644.3654
98.184,1,1410.382,643.5761,1411.045,643.9707
98.19469,1,1410.382,643.5761,1410.714,643.7734
98.19992,1,1407.127,641.9923,1408.92,642.8829
98.21362,1,1407.127,641.9923,1408.023,642.4376
98.2234,1,1407.127,641.9923,1407.575,642.215
98.2323,1,1404.527,640.6609,1406.051,641.438
98.23795,1,1404.527,640.6609,1405.289,641.0494
98.26442,1,1401.777,640.8754,1403.533,640.9624
98.2803,1,1401.777,640.8754,1402.655,640.9189
98.29315,1,1397.516,642.3025,1400.086,641.6107
98.29809,1,1397.516,642.3025,1398.801,641.9566
98.31402,1,1397.516,642.3025,1398.159,642.1295
98.33039,1,1392.29,644.6725,1395.224,643.401
98.35995,1,1387.527,647.7562,1391.376,645.5786
98.37751,1,1382.916,649.814,1387.146,647.6963
98.39031,1,1382.916,649.814,1385.031,648.7551
98.39439,1,1382.916,649.814,1383.973,649.2845
98.39845,1,1382.916,649.814,1383.445,649.5493
98.40344,1,1382.916,649.814,1383.18,649.6816
98.40932,1,1378.521,655.313,1380.851,652.4973
98.41985,1,1378.521,655.313,1379.686,653.9052
98.43387,1,1378.521,655.313,1379.104,654.6091
98.44997,1,1374.542,661.2935,1376.823,657.9513
98.46732,1,1371.438,668.5039,1374.13,663.2276
98.48399,1,1371.438,668.5039,1372.784,665.8657
98.51461,1,1366.928,674.1608,1369.856,670.0132
98.52557,1,1366.928,674.1608,1368.392,672.087
98.53117,1,1360.454,680.8017,1364.423,676.4443
98.54745,1,1360.454,680.8017,1362.438,678.623
98.56548,1,1353.89,686.1072,1358.164,682.3651
98.59297,1,1347.425,690.0744,1352.794,686.2197
98.59735,1,1347.425,690.0744,1350.109,688.1471
98.60258,1,1347.425,690.0744,1348.767,689.1107
98.6086,1,1347.425,690.0744,1348.096,689.5925
98.6209,1,1341.433,689.5911,1344.764,689.5918
98.62708,1,1341.433,689.5911,1343.099,689.5914
98.64384,1,1341.433,689.5911,1342.266,689.5912
98.67197,1,1333.525,683.8722,1337.895,686.7317
98.68022,1,1333.525,683.8722,1335.71,685.3019
98.68475,1,1333.525,683.8722,1334.617,684.587
98.70364,1,1333.525,683.8722,1334.071,684.2296
98.71399,1,1327.06,643.034,1330.566,663.6318
98.71928,1,1327.06,643.034,1328.813,653.3329
98.73161,1,1327.06,643.034,1327.937,648.1835
98.73721,1,1327.06,643.034,1327.498,645.6088
98.74645,1,1324.67,650.3926,1326.084,648.0007
98.75146,1,1324.67,650.3926,1325.377,649.1967
98.75905,1,1324.67,650.3926,1325.024,649.7947
98.76364,1,1324.67,650.3926,1324.847,650.0936
98.76981,1,1324.67,650.3926,1324.759,650.2432
98.77927,1,1321.562,659.4562,1323.16,654.8497
98.79348,1,1321.562,659.4562,1322.361,657.153
98.79837,1,1321.562,659.4562,1321.962,658.3046
98.81399,1,1318.618,666.3372,1320.29,662.3209
98.83241,1,1314.752,673.3331,1317.521,667.827
98.84322,1,1314.752,673.3331,1316.137,670.5801
98.8517,1,1314.752,673.3331,1315.445,671.9566
98.85784,1,1314.752,673.3331,1315.099,672.6449
98.86543,1,1310.637,679.9984,1312.868,676.3217
98.8714,1,1310.637,679.9984,1311.753,678.16
98.87617,1,1310.637,679.9984,1311.195,679.0792
98.88728,1,1310.637,679.9984,1310.916,679.5388
98.89211,1,1307.11,686.4282,1309.013,682.9835
98.90482,1,1307.11,686.4282,1308.061,684.7059
98.91042,1,1307.11,686.4282,1307.585,685.567
98.94025,1,1304.338,691.8463,1305.962,688.7067
98.95793,1,1301.677,696.6588,1303.819,692.6827
98.98796,1,1298.899,700.6161,1301.359,696.6494
99.00509,1,1298.899,700.6161,1300.129,698.6328
99.02203,1,1296.117,704.6948,1298.123,701.6638
99.04913,1,1293.562,707.1042,1295.843,704.384
99.05434,1,1293.562,707.1042,1294.702,705.7441
99.05885,1,1293.562,707.1042,1294.132,706.4242
99.06306,1,1293.562,707.1042,1293.847,706.7642
99.07844,1,1291.956,708.8196,1292.901,707.7919
99.09428,1,1291.956,708.8196,1292.429,708.3057
99.11084,1,1291.301,710.421,1291.865,709.3633
99.12926,1,1291.301,710.421,1291.583,709.8922
99.15666,1,1290.809,712.0266,1291.196,710.9594
99.16102,1,1290.809,712.0266,1291.002,711.493
99.1664,1,1290.137,713.4621,1290.57,712.4775
99.17144,1,1290.137,713.4621,1290.353,712.9698
99.17874,1,1290.137,713.4621,1290.245,713.2159
99.18286,1,1290.137,713.4621,1290.191,713.339
99.19007,1,1290.137,713.4621,1290.164,713.4005
99.19754,1,1289.308,714.4108,1289.736,713.9056
99.20178,1,1289.308,714.4108,1289.522,714.1582
99.21451,1,1289.308,714.4108,1289.415,714.2845
99.22033,1,1289.308,714.4108,1289.361,714.3477
99.23782,1,1287.821,714.9275,1288.591,714.6376
99.26993,1,1286.844,715.2238,1287.718,714.9307
99.29858,1,1286.009,716.1309,1286.863,715.5308
99.31701,1,1284.857,717.2549,1285.86,716.3928
99.34536,1,1283.713,718.1953,1284.786,717.2941
99.36793,1,1283.713,718.1953,1284.25,717.7446
99.38097,1,1283.141,719.384,1283.695,718.5643
99.38514,1,1283.141,719.384,1283.418,718.9742
99.39133,1,1283.141,719.384,1283.28,719.1791
99.40742,1,1281.176,721.9089,1282.228,720.544
99.41515,1,1281.176,721.9089,1281.702,721.2264
99.41981,1,1281.176,721.9089,1281.439,721.5677
99.42501,1,1281.176,721.9089,1281.307,721.7383
99.43253,1,1281.176,721.9089,1281.242,721.8236
99.43843,1,1278.38,725.2635,1279.811,723.5436
99.44733,1,1278.38,725.2635,1279.095,724.4036
99.45336,1,1278.38,725.2635,1278.738,724.8335
99.46291,1,1278.38,725.2635,1278.559,725.0485
99.46904,1,1275.899,728.3405,1277.229,726.6945
99.47871,1,1275.899,728.3405,1276.564,727.5175
99.48392,1,1275.899,728.3405,1276.231,727.929
99.49207,1,1275.899,728.3405,1276.065,728.1347
99.49674,1,1273.483,732.0494,1274.774,730.092
99.50223,1,1273.483,732.0494,1274.128,731.0707
99.51175,1,1273.483,732.0494,1273.805,731.5601
99.51662,1,1273.483,732.0494,1273.644,731.8047
99.52869,1,1271.479,735.4854,1272.562,733.645
99.53425,1,1271.479,735.4854,1272.021,734.5652
99.54305,1,1271.479,735.4854,1271.75,735.0253
99.54826,1,1271.479,735.4854,1271.615,735.2553
99.554,1,1271.479,735.4854,1271.547,735.3704
99.55886,1,1269.884,739.0344,1270.716,737.2024
99.56977,1,1269.884,739.0344,1270.3,738.1184
99.57564,1,1269.884,739.0344,1270.092,738.5764
99.59124,1,1268.646,742.4951,1269.369,740.5358
99.60868,1,1268.646,742.4951,1269.008,741.5154
99.63086,1,1267.867,745.5419,1268.438,743.5287
99.64532,1,1267.086,747.9735,1267.761,745.7511
99.66393,1,1267.086,747.9735,1267.424,746.8623
99.69883,1,1265.864,750.3026,1266.644,748.5825
99.715,1,1264.243,752.8345,1265.444,750.7085
99.72018,1,1264.243,752.8345,1264.843,751.7715
99.73306,1,1264.243,752.8345,1264.543,752.303
99.75078,1,1262.723,754.7887,1263.633,753.5458
99.76679,1,1260.567,758.0957,1262.1,755.8208
99.78,1,1260.567,758.0957,1261.333,756.9583
99.79781,1,1256.711,761.4189,1259.022,759.1886
99.82819,1,1253.164,764.7111,1256.093,761.9498
99.84499,1,1253.164,764.7111,1254.628,763.3304
99.87705,1,1250.076,768.6821,1252.352,766.0063
99.89104,1,1247.725,772.5071,1250.039,769.2567
99.89566,1,1247.725,772.5071,1248.882,770.882
99.89957,1,1247.725,772.5071,1248.303,771.6946
99.9063,1,1247.725,772.5071,1248.014,772.1008
99.91198,1,1247.725,772.5071,1247.869,772.304
99.91589,1,1247.725,772.5071,1247.797,772.4055
99.92153,1,1245.525,776.1581,1246.661,774.2819
99.93017,1,1245.525,776.1581,1246.093,775.22
99.93481,1,1245.525,776.1581,1245.809,775.6891
99.94516,1,1245.525,776.1581,1245.667,775.9236
99.95033,1,1243.608,779.6845,1244.637,777.8041
99.96272,1,1243.608,779.6845,1244.123,778.7443
99.97667,1,1243.608,779.6845,1243.865,779.2144
99.98172,1,1241.951,783.3835,1242.908,781.299
99.9958,1,1241.951,783.3835,1242.43,782.3412
100.0006,1,1241.951,783.3835,1242.191,782.8623
100.0205,1,1240.55,786.6219,1241.371,784.7421
100.0252,1,1240.55,786.6219,1240.96,785.682
100.0453,1,1239.849,789.2742,1240.405,787.4781
100.0627,1,1239.849,789.2742,1240.127,788.3761
100.0916,1,1238.645,791.2413,1239.386,789.8087
100.1048,1,1237.784,792.5928,1238.585,791.2007
100.1124,1,1237.784,792.5928,1238.185,791.8967
100.1167,1,1237.784,792.5928,1237.984,792.2448
100.1223,1,1237.784,792.5928,1237.884,792.4188
100.1321,1,1236.389,794.2594,1237.137,793.3391
100.1381,1,1236.389,794.2594,1236.763,793.7993
100.1474,1,1236.389,794.2594,1236.576,794.0293
100.1532,1,1236.389,794.2594,1236.483,794.1443
100.1608,1,1235.33,795.651,1235.906,794.8977
100.1677,1,1235.33,795.651,1235.618,795.2744
100.1748,1,1235.33,795.651,1235.474,795.4626
100.1791,1,1235.33,795.651,1235.402,795.5568
100.1837,1,1235.33,795.651,1235.366,795.6039
100.1925,1,1234.738,796.6374,1235.052,796.1206
100.1973,1,1234.738,796.6374,1234.895,796.379
100.2026,1,1234.738,796.6374,1234.816,796.5082
100.2138,1,1234.738,796.6374,1234.777,796.5728
100.2221,1,1234.022,797.1896,1234.399,796.8812
100.2278,1,1234.022,797.1896,1234.21,797.0354
100.2324,1,1234.022,797.1896,1234.116,797.1125
100.2425,1,1234.022,797.1896,1234.069,797.1511
100.2481,1,1234.022,797.1896,1234.045,797.1704
100.2642,1,1233.613,797.3813,1233.829,797.2759
100.2934,1,1233.558,797.0994,1233.694,797.1876
100.3116,1,1233.429,796.7192,1233.562,796.9534
100.3424,1,1233.143,796.3561,1233.352,796.6547
100.3576,1,1233.143,796.3561,1233.247,796.5054
100.3625,1,1233.143,796.3561,1233.195,796.4307
100.3677,1,1233.143,796.3561,1233.169,796.3934
100.3739,1,1232.922,795.9838,1233.045,796.1886
100.3815,1,1232.922,795.9838,1232.983,796.0862
100.3877,1,1232.922,795.9838,1232.953,796.035
100.3978,1,1232.922,795.9838,1232.937,796.0094
100.4037,1,1232.697,795.8062,1232.817,795.9078
100.4148,1,1232.697,795.8062,1232.757,795.8571
100.4206,1,1232.697,795.8062,1232.727,795.8317
100.4283,1,1232.697,795.8062,1232.712,795.819
100.4331,1,1188.369,790.5338,1210.54,793.1764
100.4416,1,1188.369,790.5338,1199.455,791.8551
100.4472,1,1188.369,790.5338,1193.912,791.1945
100.4588,1,1188.369,790.5338,1191.14,790.8641
100.4646,1,1005.389,770.8237,1098.265,780.8439
100.4768,1,1005.389,770.8237,1051.827,775.8337
100.482,1,1005.389,770.8237,1028.608,773.3287
100.4939,1,659.3355,734.1693,843.9718,753.749
100.5089,1,659.3355,734.1693,751.6537,743.9592
100.5234,1,397.4207,706.1275,574.5372,725.0433
100.5295,1,397.4207,706.1275,485.979,715.5854
100.5556,1,281.6603,695.1069,383.8196,705.3462
100.5704,1,281.6603,695.1069,332.74,700.2266
100.5789,1,281.6603,695.1069,307.2001,697.6667
100.5842,1,224.4317,697.4608,265.8159,697.5637
100.5916,1,224.4317,697.4608,245.1238,697.5122
100.5983,1,224.4317,697.4608,234.7778,697.4865
100.6038,1,224.4317,697.4608,229.6047,697.4736
100.6147,1,191.9725,699.2872,210.7886,698.3804
100.6208,1,191.9725,699.2872,201.3805,698.8339
100.6281,1,191.9725,699.2872,196.6765,699.0605
100.6328,1,191.9725,699.2872,194.3245,699.1739
100.6383,1,191.9725,699.2872,193.1485,699.2306
100.6492,1,175.3947,702.5287,184.2716,700.8796
100.663,1,175.3947,702.5287,179.8332,701.7042
100.6777,1,166.2243,701.6287,173.0287,701.6664
100.6829,1,166.2243,701.6287,169.6265,701.6476
100.7105,1,161.579,704.2335,165.6028,702.9406
100.7156,1,161.579,704.2335,163.5909,703.587
100.7446,1,156.1868,705.2859,159.8889,704.4365
100.7634,1,153.5901,707.5152,156.7395,705.9758
100.7918,1,153.5901,707.5152,155.1648,706.7455
100.8097,1,186.0595,715.5946,170.6121,711.17
100.8409,1,238.5567,711.8757,204.5844,711.5228
100.8652,1,474.0673,682.571,339.3258,697.0469
100.8716,1,474.0673,682.571,406.6966,689.809
100.8761,1,474.0673,682.571,440.3819,686.1899
100.8804,1,474.0673,682.571,457.2246,684.3805
100.8934,1,824.0796,708.1393,640.6521,696.2599
100.9001,1,824.0796,708.1393,732.3658,702.1996
100.911,1,824.0796,708.1393,778.2227,705.1694
100.9157,1,1062.504,742.9763,920.3633,724.0729
100.9269,1,1062.504,742.9763,991.4336,733.5246
100.9318,1,1062.504,742.9763,1026.969,738.2505
100.9464,1,1184.664,757.9493,1105.816,748.0999
100.9644,1,1184.664,757.9493,1145.24,753.0247
101.0002,1,1238.557,763.0613,1191.898,758.043
101.0161,1,1263.881,765.7556,1227.89,761.8993
101.0221,1,1263.881,765.7556,1245.885,763.8275
101.045,1,1277.64,765.9242,1261.763,764.8759
101.0605,1,1277.64,765.9242,1269.702,765.4
101.0743,1,1285.279,765.0098,1277.49,765.205
101.0819,1,1285.279,765.0098,1281.385,765.1074
101.0872,1,1285.279,765.0098,1283.332,765.0586
101.098,1,1292.505,763.916,1287.919,764.4873
101.1032,1,1292.505,763.916,1290.212,764.2017
101.1103,1,1292.505,763.916,1291.359,764.0588
101.1147,1,1292.505,763.916,1291.932,763.9874
101.1201,1,1292.505,763.916,1292.219,763.9517
101.13,1,1296.573,762.8765,1294.396,763.4141
101.135,1,1296.573,762.8765,1295.485,763.1453
101.1467,1,1296.573,762.8765,1296.029,763.0109
101.1517,1,1296.573,762.8765,1296.301,762.9437
101.1617,1,1298.886,762.1631,1297.594,762.5534
101.1674,1,1298.886,762.1631,1298.24,762.3583
101.1774,1,1298.886,762.1631,1298.563,762.2607
101.1814,1,1298.886,762.1631,1298.725,762.2119
101.1905,1,1299.97,760.2808,1299.347,761.2463
101.1955,1,1299.97,760.2808,1299.659,760.7635
101.2005,1,1299.97,760.2808,1299.814,760.5222
101.2095,1,1299.97,760.2808,1299.892,760.4015
101.2141,1,1299.97,760.2808,1299.931,760.3412
101.2235,1,1300.207,757.5721,1300.069,758.9567
101.2289,1,1300.207,757.5721,1300.138,758.2644
101.2411,1,1300.207,757.5721,1300.172,757.9182
101.2469,1,1301.02,751.2969,1300.596,754.6075
101.2649,1,1301.02,751.2969,1300.808,752.9523
101.2824,1,1302.539,745.0652,1301.673,749.0088
101.2984,1,1302.539,745.0652,1302.106,747.037
101.3362,1,1303.861,737.7485,1302.984,742.3928
101.3543,1,1305.748,732.9454,1304.366,737.6691
101.3727,1,1307.525,728.8918,1305.945,733.2804
101.4,1,1309.208,725.0172,1307.577,729.1488
101.4181,1,1309.208,725.0172,1308.392,727.083
101.4331,1,1310.452,720.7546,1309.422,723.9188
101.45,1,1310.452,720.7546,1309.937,722.3367
101.4654,1,1311.547,716.3785,1310.742,719.3576
101.484,1,1311.547,716.3785,1311.144,717.868
101.4965,1,1312.294,713.0466,1311.719,715.4573
101.5105,1,1312.294,713.0466,1312.007,714.252
101.5236,1,1313.065,710.5365,1312.536,712.3942
101.5295,1,1313.065,710.5365,1312.8,711.4653
101.5454,1,1313.065,710.5365,1312.933,711.0009
101.564,1,1313.835,707.8547,1313.384,709.4278
101.5798,1,1314.209,704.9988,1313.796,707.2133
101.5957,1,1314.209,704.9988,1314.003,706.1061
101.6147,1,1314.957,702.9527,1314.48,704.5294
101.6331,1,1314.957,702.9527,1314.719,703.7411
101.6581,1,1315.998,700.2628,1315.358,702.002
101.6764,1,1316.899,696.591,1316.129,699.2965
101.6945,1,1316.899,696.591,1316.514,697.9437
101.7098,1,1318.743,687.8378,1317.629,692.8907
101.7271,1,1318.743,687.8378,1318.186,690.3643
101.7412,1,1320.979,678.0479,1319.582,684.2061
101.7487,1,1320.979,678.0479,1320.281,681.127
101.7541,1,1320.979,678.0479,1320.63,679.5874
101.7582,1,1320.979,678.0479,1320.804,678.8176
101.7626,1,1322.794,672.0945,1321.799,675.4561
101.7726,1,1322.794,672.0945,1322.297,673.7753
101.7773,1,1322.794,672.0945,1322.545,672.9349
101.7816,1,1322.794,672.0945,1322.67,672.5148
101.7939,1,1326.975,666.7565,1324.822,669.6356
101.7986,1,1326.975,666.7565,1325.899,668.196
101.8143,1,1326.975,666.7565,1326.437,667.4763
101.828,1,1332.072,661.8128,1329.254,664.6445
101.8442,1,1332.072,661.8128,1330.663,663.2286
101.8576,1,1334.193,658.0566,1332.428,660.6426
101.8768,1,1334.193,658.0566,1333.31,659.3496
101.893,1,1334.387,658.2908,1333.849,658.8202
101.9143,1,1335.948,658.5574,1334.898,658.6888
101.9196,1,1335.948,658.5574,1335.423,658.6232
101.9281,1,1335.948,658.5574,1335.685,658.5903
101.9331,1,1335.948,658.5574,1335.817,658.5739
101.9384,1,1335.948,658.5574,1335.882,658.5657
101.9464,1,1338.222,658.5282,1337.052,658.5469
101.9517,1,1338.222,658.5282,1337.637,658.5376
101.9619,1,1338.222,658.5282,1337.93,658.5329
101.9673,1,1338.222,658.5282,1338.076,658.5305
101.9778,1,1340.642,658.1477,1339.359,658.3391
101.9928,1,1340.642,658.1477,1340,658.2434
101.9993,1,1340.642,658.1477,1340.321,658.1956
102.0131,1,1342.465,657.7814,1341.393,657.9885
102.0281,1,1342.465,657.7814,1341.929,657.8849
102.0476,1,1344.56,657.3336,1343.245,657.6093
102.0794,1,1346.046,656.7469,1344.645,657.1781
102.0966,1,1347.038,655.8648,1345.841,656.5215
102.1194,1,1347.038,655.8648,1346.439,656.1931
102.1242,1,1348.198,654.6364,1347.319,655.4148
102.1298,1,1348.198,654.6364,1347.759,655.0256
102.1341,1,1348.198,654.6364,1347.979,654.8311
102.1425,1,1348.198,654.6364,1348.089,654.7338
102.1477,1,1348.198,654.6364,1348.144,654.6851
102.1532,1,1349.646,653.4702,1348.895,654.0776
102.16,1,1349.646,653.4702,1349.27,653.7739
102.1645,1,1349.646,653.4702,1349.458,653.6221
102.1753,1,1349.646,653.4702,1349.552,653.5461
102.1806,1,1349.646,653.4702,1349.599,653.5082
102.1894,1,1351.235,652.5682,1350.417,653.0382
102.1939,1,1351.235,652.5682,1350.826,652.8032
102.1981,1,1351.235,652.5682,1351.031,652.6857
102.2119,1,1351.235,652.5682,1351.133,652.627
102.2165,1,1352.881,652.2773,1352.007,652.4521
102.2225,1,1352.881,652.2773,1352.444,652.3647
102.2277,1,1352.881,652.2773,1352.663,652.321
102.2397,1,1352.881,652.2773,1352.772,652.2992
102.2442,1,1354.491,651.816,1353.631,652.0576
102.2627,1,1354.491,651.816,1354.061,651.9368
102.3036,1,1358.792,650.4255,1356.427,651.1812
102.3343,1,1361.394,649.9762,1358.91,650.5787
102.3662,1,1363.948,649.8707,1361.429,650.2247
102.3975,1,1366.279,649.6752,1363.854,649.95
102.4023,1,1366.279,649.6752,1365.067,649.8126
102.4256,1,1368.398,649.0352,1366.733,649.4238
102.431,1,1368.398,649.0352,1367.566,649.2295
102.4475,1,1368.398,649.0352,1367.982,649.1323
102.4655,1,1370.133,647.4562,1369.057,648.2943
102.4841,1,1370.133,647.4562,1369.595,647.8752
102.5015,1,1371.495,646.0003,1370.545,646.9377
102.5332,1,1369.503,645.8529,1370.024,646.3953
102.563,1,1368.302,646.4998,1369.163,646.4476
102.5815,1,1367.987,646.6024,1368.575,646.525
102.6136,1,1367.277,646.8787,1367.926,646.7018
102.63,1,1367.277,646.8787,1367.601,646.7903
102.6352,1,1367.277,646.8787,1367.439,646.8345
102.6524,1,1365.743,647.4517,1366.591,647.1431
102.6626,1,1365.743,647.4517,1366.167,647.2974
102.6686,1,1363.561,648.7364,1364.864,648.0168
102.6979,1,1360.311,651.5388,1362.587,649.7778
102.7158,1,1360.311,651.5388,1361.449,650.6583
102.7314,1,1356.668,655.9239,1359.059,653.2911
102.762,1,1353.188,660.6886,1356.124,656.9899
102.7811,1,1353.188,660.6886,1354.656,658.8392
102.7948,1,1349.399,666.15,1352.027,662.4946
102.7988,1,1349.399,666.15,1350.713,664.3223
102.8043,1,1349.399,666.15,1350.056,665.2361
102.812,1,1349.399,666.15,1349.727,665.693
102.8163,1,1349.399,666.15,1349.563,665.9215
102.8226,1,1344.944,669.8156,1347.253,667.8685
102.8316,1,1344.944,669.8156,1346.098,668.842
102.8367,1,1344.944,669.8156,1345.521,669.3289
102.8474,1,1338.381,675.3454,1341.951,672.3372
102.8531,1,1338.381,675.3454,1340.166,673.8413
102.8628,1,1338.381,675.3454,1339.273,674.5934
102.8686,1,1338.381,675.3454,1338.827,674.9694
102.8786,1,1333.064,683.9741,1335.946,679.4717
102.8834,1,1333.064,683.9741,1334.505,681.7229
102.8943,1,1333.064,683.9741,1333.785,682.8485
102.899,1,1333.064,683.9741,1333.424,683.4113
102.9113,1,1328.375,693.2467,1330.9,688.329
102.9161,1,1328.375,693.2467,1329.638,690.7878
102.9216,1,1328.375,693.2467,1329.007,692.0173
102.9268,1,1328.375,693.2467,1328.691,692.632
102.9316,1,1328.375,693.2467,1328.533,692.9393
102.9451,1,1324.074,700.7802,1326.304,696.8597
102.9599,1,1324.074,700.7802,1325.189,698.8199
102.9779,1,1319.699,707.0201,1322.444,702.92
102.9962,1,1319.699,707.0201,1321.072,704.9701
103.0281,1,1316.01,715.1791,1318.541,710.0746
103.0597,1,1310.63,726.3743,1314.585,718.2245
103.0765,1,1310.63,726.3743,1312.608,722.2994
103.0948,1,1308.793,731.0529,1310.7,726.6761
103.0998,1,1308.793,731.0529,1309.747,728.8645
103.1052,1,1308.793,731.0529,1309.27,729.9587
103.1102,1,1308.793,731.0529,1309.031,730.5059
103.1147,1,1308.793,731.0529,1308.912,730.7794
103.1196,1,1306.304,734.9096,1307.608,732.8445
103.1277,1,1306.304,734.9096,1306.956,733.8771
103.1327,1,1306.304,734.9096,1306.63,734.3933
103.1408,1,1306.304,734.9096,1306.467,734.6515
103.1465,1,1306.304,734.9096,1306.386,734.7805
103.1555,1,1303.934,736.1982,1305.16,735.4894
103.1605,1,1303.934,736.1982,1304.547,735.8438
103.1649,1,1303.934,736.1982,1304.241,736.021
103.1789,1,1303.934,736.1982,1304.087,736.1096
103.1969,1,1301.332,735.0001,1302.71,735.5549
103.2274,1,1300.226,735.7548,1301.468,735.6548
103.2439,1,1299.014,736.4153,1300.241,736.035
103.2622,1,1299.014,736.4153,1299.628,736.2252
103.2931,1,1297.361,736.4379,1298.494,736.3315
103.3082,1,1296.147,737.2939,1297.321,736.8127
103.3122,1,1296.147,737.2939,1296.734,737.0533
103.3163,1,1296.147,737.2939,1296.441,737.1736
103.3219,1,1296.147,737.2939,1296.294,737.2338
103.3324,1,1295.468,737.74,1295.881,737.4869
103.3386,1,1295.468,737.74,1295.675,737.6134
103.345,1,1295.468,737.74,1295.572,737.6767
103.35,1,1295.468,737.74,1295.52,737.7084
103.3556,1,1295.468,737.74,1295.494,737.7242
103.3645,1,1294.324,738.161,1294.909,737.9426
103.371,1,1294.324,738.161,1294.617,738.0518
103.3789,1,1294.324,738.161,1294.471,738.1064
103.3835,1,1294.324,738.161,1294.398,738.1337
103.3954,1,1263.749,716.037,1279.073,727.0853
103.3999,1,1263.749,716.037,1271.411,721.5612
103.4123,1,1263.749,716.037,1267.58,718.7991
103.4174,1,1263.749,716.037,1265.665,717.418
103.4249,1,1091.377,588.3784,1178.521,652.8982
103.4301,1,1091.377,588.3784,1134.949,620.6383
103.4388,1,1091.377,588.3784,1113.163,604.5083
103.4437,1,1091.377,588.3784,1102.27,596.4434
103.4495,1,1091.377,588.3784,1096.823,592.4109
103.4586,1,848.3858,403.6279,972.6044,498.0194
103.4635,1,848.3858,403.6279,910.4951,450.8237
103.48,1,848.3858,403.6279,879.4404,427.2258
103.497,1,708.2675,305.7251,793.8539,366.4754
103.5285,1,649.0357,265.0194,721.4448,315.7474
103.5471,1,619.8797,244.9741,670.6622,280.3608
103.5655,1,619.8797,244.9741,645.271,262.6674
103.5807,1,606.7751,240.3401,626.0231,251.5038
103.5979,1,606.7751,240.3401,616.3991,245.922
103.6271,1,603.8567,237.7964,610.1279,241.8592
103.6449,1,601.4769,239.8204,605.8024,240.8398
103.6604,1,601.4769,239.8204,603.6396,240.3301
103.679,1,598.9245,238.7507,601.2821,239.5404
103.7132,1,598.3575,239.4496,599.8198,239.495
103.7305,1,601.0362,242.8391,600.428,241.1671
103.7448,1,601.0362,242.8391,600.7321,242.0031
103.7602,1,605.5154,247.0281,603.1238,244.5156
103.776,1,605.5154,247.0281,604.3196,245.7719
103.7928,1,608.3296,248.9726,606.3246,247.3723
103.8089,1,608.3296,248.9726,607.3271,248.1724
103.8216,1,609.901,250.0017,608.614,249.0871
103.8269,1,609.901,250.0017,609.2575,249.5444
103.8314,1,609.901,250.0017,609.5792,249.773
103.8392,1,609.901,250.0017,609.7401,249.8873
103.8436,1,601.537,241.6755,605.6385,245.7814
103.8492,1,601.537,241.6755,603.5878,243.7285
103.8597,1,601.537,241.6755,602.5624,242.702
103.8838,1,532.6778,204.3068,567.6201,223.5044
103.9145,1,394.391,133.2635,481.0056,178.384
103.9295,1,394.391,133.2635,437.6983,155.8238
103.9453,1,293.8322,79.3055,365.7652,117.5646
103.9627,1,293.8322,79.3055,329.7987,98.43507
103.9821,1,236.4797,48.9259,283.1392,73.68048
103.9985,1,205.9401,31.10822,244.5396,52.39435
104.0275,1,194.5895,19.97324,219.5646,36.1838
104.033,1,194.5895,19.97324,207.0771,28.07852
104.0496,1,194.5895,19.97324,200.8333,24.02588
104.0634,1,189.6001,13.82027,195.2167,18.92307
104.0915,1,186.8139,12.06552,191.0153,15.4943
104.0988,1,186.8139,12.06552,188.9146,13.77991
104.1116,1,186.8139,12.06552,187.8643,12.92271
104.1284,1,199.1322,15.38359,193.4983,14.15315
104.1432,1,199.1322,15.38359,196.3152,14.76837
104.1495,1,208.0102,17.67329,202.1627,16.22083
104.178,1,213.2543,19.15169,207.7085,17.68626
104.1901,1,213.2543,19.15169,210.4814,18.41898
104.1953,1,213.2543,19.15169,211.8679,18.78534
104.1998,1,213.2543,19.15169,212.5611,18.96851
104.2082,1,217.3304,19.83373,214.9458,19.40112
104.215,1,217.3304,19.83373,216.1381,19.61742
104.221,1,217.3304,19.83373,216.7343,19.72557
104.23,1,217.3304,19.83373,217.0323,19.77965
104.2364,1,217.3304,19.83373,217.1814,19.80669
104.2429,1,220.4011,20.3228,218.7912,20.06474
104.2487,1,220.4011,20.3228,219.5961,20.19377
104.255,1,220.4011,20.3228,219.9986,20.25829
104.2722,1,219.221,21.81895,219.6098,21.03862
104.2831,1,219.221,21.81895,219.4154,21.42878
104.2897,1,219.221,21.81895,219.3182,21.62386
104.3172,1,217.4052,23.40424,218.3617,22.51405
104.3354,1,216.0349,25.20239,217.1983,23.85822
104.3645,1,214.3544,27.25418,215.7764,25.5562
104.373,1,214.3544,27.25418,215.0654,26.40519
104.4017,1,212.5302,29.62064,213.7978,28.01292
104.4211,1,223.1913,37.1973,218.4946,32.60511
104.441,1,223.1913,37.1973,220.8429,34.9012
104.4584,1,223.1913,37.1973,222.0171,36.04925
104.4751,1,495.6825,190.2825,358.8498,113.1659
104.4919,1,495.6825,190.2825,427.2661,151.7242
104.5068,1,495.6825,190.2825,461.4743,171.0033
104.5222,1,774.9946,429.2133,618.2345,300.1083
104.5398,1,971.9612,621.5015,795.0979,460.8049
104.5564,1,971.9612,621.5015,883.5295,541.1532
104.5867,1,1058.735,718.725,971.1324,629.9391
104.6094,1,1094.86,756.5966,1032.996,693.2678
104.6223,1,1094.86,756.5966,1063.928,724.9323
104.627,1,1094.86,756.5966,1079.394,740.7644
104.6342,1,1110.442,770.0925,1094.918,755.4285
104.6393,1,1110.442,770.0925,1102.68,762.7605
104.6437,1,1110.442,770.0925,1106.561,766.4265
104.6494,1,1110.442,770.0925,1108.501,768.2595
104.6546,1,1110.442,770.0925,1109.471,769.176
104.6595,1,1117.607,776.1964,1113.539,772.6862
104.6775,1,1117.607,776.1964,1115.573,774.4413
104.6936,1,1121.487,774.7984,1118.53,774.6199
104.7144,1,1121.487,774.7984,1120.009,774.7091
104.7276,1,1122.61,778.1784,1121.309,776.4437
104.7319,1,1122.61,778.1784,1121.96,777.311
104.7371,1,1122.61,778.1784,1122.285,777.7448
104.7448,1,1122.61,778.1784,1122.448,777.9615
104.7503,1,1169.39,785.4968,1145.919,781.7292
104.7559,1,1169.39,785.4968,1157.654,783.613
104.7645,1,1169.39,785.4968,1163.522,784.5549
104.7707,1,1169.39,785.4968,1166.456,785.0259
104.78,1,1169.39,785.4968,1167.923,785.2614
104.785,1,1212.745,795.2753,1190.334,790.2683
104.7943,1,1212.745,795.2753,1201.54,792.7719
104.7987,1,1212.745,795.2753,1207.143,794.0236
104.8078,1,1212.745,795.2753,1209.944,794.6494
104.8125,1,1239.761,799.7591,1224.853,797.2042
104.8176,1,1239.761,799.7591,1232.307,798.4817
104.8279,1,1239.761,799.7591,1236.034,799.1204
104.8323,1,1239.761,799.7591,1237.897,799.4397
104.8479,1,1257.794,802.1973,1247.846,800.8185
104.8633,1,1257.794,802.1973,1252.82,801.5079
104.8774,1,1269.321,804.5722,1261.071,803.04
104.8817,1,1269.321,804.5722,1265.196,803.8062
104.8885,1,1269.321,804.5722,1267.258,804.1892
104.8931,1,1269.321,804.5722,1268.29,804.3807
104.9081,1,1276.001,805.4606,1272.145,804.9207
104.9277,1,1276.001,805.4606,1274.073,805.1907
104.9615,1,1284.267,806.559,1279.17,805.8748
104.9846,1,1284.267,806.559,1281.719,806.2169
105.0143,1,1287.297,807.1896,1284.508,806.7032
105.0412,1,1289.722,808.2985,1287.115,807.5009
105.0558,1,1289.803,809.7191,1288.459,808.61
105.0643,1,1289.803,809.7191,1289.131,809.1646
105.0702,1,1289.803,809.7191,1289.467,809.4418
105.075,1,1289.803,809.7191,1289.635,809.5804
105.0795,1,1289.803,809.7191,1289.719,809.6498
105.0897,1,1290.121,811.6201,1289.92,810.6349
105.0947,1,1290.121,811.6201,1290.021,811.1274
105.1121,1,1290.121,811.6201,1290.071,811.3738
105.1308,1,1290.638,813.3001,1290.354,812.3369
105.1608,1,1287.55,813.2738,1288.952,812.8054
105.1905,1,1279.956,809.2755,1284.454,811.0404
105.2124,1,1254.866,794.0636,1269.66,802.552
105.2175,1,1254.866,794.0636,1262.263,798.3078
105.2233,1,1254.866,794.0636,1258.564,796.1857
105.2282,1,1254.866,794.0636,1256.715,795.1246
105.2327,1,1254.866,794.0636,1255.79,794.5941
105.2378,1,1219.894,768.72,1237.842,781.657
105.2581,1,1219.894,768.72,1228.868,775.1885
105.27,1,1218.901,771.489,1223.884,773.3387
105.3002,1,1228.563,783.5574,1226.223,778.4481
105.3181,1,1228.563,783.5574,1227.393,781.0028
105.3305,1,1234.355,790.3658,1230.874,785.6843
105.3369,1,1234.355,790.3658,1232.615,788.025
105.342,1,1234.355,790.3658,1233.485,789.1954
105.3473,1,1234.355,790.3658,1233.92,789.7806
105.359,1,1241.853,800.7691,1237.886,795.2749
105.3634,1,1241.853,800.7691,1239.87,798.022
105.3811,1,1241.853,800.7691,1240.861,799.3955
105.3951,1,1251.407,815.0831,1246.134,807.2393
105.4118,1,1251.407,815.0831,1248.771,811.1613
105.4278,1,1261.211,829.8658,1254.991,820.5135
105.4581,1,1268.951,842.6258,1261.971,831.5697
105.4771,1,1275.143,852.7644,1268.557,842.1671
105.4939,1,1275.143,852.7644,1271.85,847.4657
105.5118,1,1282.895,862.4545,1277.372,854.9601
105.5307,1,1282.895,862.4545,1280.134,858.7073
105.5477,1,1289.252,870.2289,1284.693,864.4681
105.5618,1,1289.252,870.2289,1286.972,867.3485
105.5855,1,1294.723,876.19,1290.848,871.7693
105.6032,1,1298.045,881.2755,1294.446,876.5224
105.6229,1,1298.045,881.2755,1296.246,878.8989
105.6366,1,1299.389,885.6839,1297.818,882.2914
105.6411,1,1299.389,885.6839,1298.604,883.9877
105.6525,1,1299.389,885.6839,1298.996,884.8358
105.6571,1,1300.978,889.5249,1299.987,887.1804
105.6689,1,1300.978,889.5249,1300.483,888.3527
105.674,1,1300.978,889.5249,1300.73,888.9388
105.6866,1,1303.36,893.0475,1302.045,890.9932
105.6919,1,1303.36,893.0475,1302.703,892.0204
105.705,1,1303.36,893.0475,1303.031,892.5339
105.7098,1,1303.36,893.0475,1303.196,892.7908
105.7146,1,1303.36,893.0475,1303.278,892.9192
105.7198,1,1307.638,897.512,1305.458,895.2156
105.7322,1,1307.638,897.512,1306.548,896.3638
105.7377,1,1307.638,897.512,1307.093,896.9379
105.7432,1,1307.638,897.512,1307.365,897.2249
105.7483,1,1314.093,902.5557,1310.729,899.8903
105.7537,1,1314.093,902.5557,1312.411,901.223
105.7633,1,1314.093,902.5557,1313.252,901.8893
105.7695,1,1314.093,902.5557,1313.673,902.2225
105.7783,1,1319.572,905.9391,1316.622,904.0808
105.7834,1,1319.572,905.9391,1318.097,905.01
105.7939,1,1319.572,905.9391,1318.834,905.4746
105.7985,1,1319.572,905.9391,1319.203,905.7069
105.8103,1,1323.573,908.1656,1321.388,906.9363
105.8154,1,1323.573,908.1656,1322.481,907.551
105.83,1,1323.573,908.1656,1323.027,907.8583
105.8479,1,1326.395,909.3828,1324.711,908.6205
105.8643,1,1326.395,909.3828,1325.553,909.0016
105.8778,1,1327.624,909.2929,1326.589,909.1472
105.8825,1,1327.624,909.2929,1327.106,909.2201
105.8887,1,1327.624,909.2929,1327.365,909.2565
105.8933,1,1327.624,909.2929,1327.495,909.2747
105.9244,1,1328.721,909.2961,1328.108,909.2854
105.9414,1,1327.032,904.8394,1327.57,907.0624
105.962,1,1324.992,901.0817,1326.281,904.072
105.9806,1,1324.992,901.0817,1325.636,902.5768
105.9948,1,1321.491,894.5955,1323.564,898.5862
106.0219,1,1316.844,886.2099,1320.204,892.3981
106.0275,1,1316.844,886.2099,1318.524,889.304
106.0326,1,1316.844,886.2099,1317.684,887.757
106.049,1,1316.844,886.2099,1317.264,886.9834
106.0668,1,1312.528,878.8113,1314.896,882.8973
106.082,1,1309.007,872.6953,1311.951,877.7963
106.0978,1,1309.007,872.6953,1310.479,875.2457
106.1135,1,1306.149,867.6916,1308.314,871.4686
106.1301,1,1306.149,867.6916,1307.232,869.5801
106.1446,1,1303.684,863.6595,1305.458,866.6198
106.1639,1,1303.684,863.6595,1304.571,865.1396
106.1775,1,1301.496,859.4693,1303.033,862.3044
106.1817,1,1301.496,859.4693,1302.265,860.8868
106.1873,1,1301.496,859.4693,1301.88,860.1781
106.192,1,1301.496,859.4693,1301.688,859.8237
106.2003,1,1301.496,859.4693,1301.592,859.6465
106.2067,1,1299.269,855.8456,1300.431,857.746
106.2145,1,1299.269,855.8456,1299.85,856.7958
106.22,1,1299.269,855.8456,1299.56,856.3207
106.2337,1,1296.908,852.4745,1298.234,854.3976
106.2394,1,1296.908,852.4745,1297.571,853.436
106.252,1,1296.908,852.4745,1297.24,852.9553
106.2652,1,1293.979,849.4736,1295.609,851.2145
106.2807,1,1293.979,849.4736,1294.794,850.344
106.2959,1,1291.621,846.2635,1293.207,848.3037
106.301,1,1291.621,846.2635,1292.414,847.2836
106.3171,1,1291.621,846.2635,1292.017,846.7736
106.3334,1,1289.069,842.8091,1290.543,844.7914
106.35,1,1289.069,842.8091,1289.806,843.8003
106.3772,1,1286.59,839.0852,1288.198,841.4427
106.3948,1,1284.723,835.6466,1286.46,838.5447
106.4121,1,1282.605,833.1093,1284.533,835.827
106.4296,1,1282.605,833.1093,1283.569,834.4681
106.4473,1,1280.709,831.3264,1282.139,832.8973
106.467,1,1280.709,831.3264,1281.424,832.1118
106.4794,1,1277.265,829.5781,1279.344,830.845
106.4833,1,1277.265,829.5781,1278.305,830.2115
106.4901,1,1277.265,829.5781,1277.785,829.8948
106.4964,1,1277.265,829.5781,1277.525,829.7365
106.5024,1,1273.167,827.006,1275.346,828.3712
106.5153,1,1273.167,827.006,1274.257,827.6886
106.5264,1,1273.167,827.006,1273.712,827.3473
106.5313,1,1273.167,827.006,1273.44,827.1766
106.5431,1,1269.34,824.364,1271.39,825.7703
106.5483,1,1269.34,824.364,1270.365,825.0671
106.5707,1,1266.085,821.7109,1268.225,823.389
106.5956,1,1262.617,819.9515,1265.421,821.6703
106.6108,1,1262.617,819.9515,1264.019,820.8109
106.6152,1,1262.617,819.9515,1263.318,820.3812
106.6217,1,1262.617,819.9515,1262.968,820.1664
106.6276,1,1259.473,818.6262,1261.22,819.3963
106.6413,1,1259.473,818.6262,1260.346,819.0112
106.6583,1,1256.439,817.7923,1258.393,818.4017
106.6654,1,1256.439,817.7923,1257.416,818.097
106.6717,1,1256.439,817.7923,1256.928,817.9447
106.6776,1,1256.439,817.7923,1256.683,817.8685
106.6819,1,1256.439,817.7923,1256.561,817.8304
106.6881,1,1253.89,816.1591,1255.226,816.9948
106.6972,1,1253.89,816.1591,1254.558,816.5769
106.7029,1,1253.89,816.1591,1254.224,816.368
106.7105,1,1253.89,816.1591,1254.057,816.2635
106.7154,1,1252.538,814.6717,1253.298,815.4677
106.7213,1,1252.538,814.6717,1252.918,815.0697
106.7304,1,1252.538,814.6717,1252.728,814.8707
106.7357,1,1252.538,814.6717,1252.633,814.7712
106.7446,1,1250.36,813.2538,1251.497,814.0125
106.7506,1,1250.36,813.2538,1250.928,813.6332
106.7616,1,1250.36,813.2538,1250.644,813.4435
106.7681,1,1250.36,813.2538,1250.502,813.3486
106.7778,1,1247.361,811.8719,1248.931,812.6103
106.7838,1,1247.361,811.8719,1248.146,812.2411
106.7937,1,1247.361,811.8719,1247.753,812.0565
106.7983,1,1247.361,811.8719,1247.557,811.9642
106.8105,1,1245.61,811.0334,1246.584,811.4988
106.8256,1,1245.61,811.0334,1246.097,811.2661
106.8415,1,1244.127,810.3351,1245.112,810.8007
106.8484,1,1244.127,810.3351,1244.62,810.5679
106.8738,1,1241.618,809.2314,1243.119,809.8997
106.8981,1,1239.564,808.8344,1241.342,809.367
106.916,1,1239.564,808.8344,1240.453,809.1007
106.9327,1,1237.746,807.7733,1239.1,808.437
106.962,1,1236.259,806.5051,1237.679,807.4711
106.9672,1,1236.259,806.5051,1236.969,806.9881
106.9798,1,1236.259,806.5051,1236.614,806.7466
106.9972,1,1234.954,805.2764,1235.784,806.0115
107.0129,1,1234.954,805.2764,1235.369,805.6439
107.032,1,1234.135,804.3316,1234.752,804.9878
107.0486,1,1233.801,803.947,1234.276,804.4674
107.0636,1,1233.801,803.947,1234.038,804.2072
107.0806,1,1234.755,803.9694,1234.397,804.0883
107.0989,1,1234.755,803.9694,1234.576,804.0288
107.1287,1,1236.083,804.1437,1235.33,804.0862
107.1589,1,1237.028,804.258,1236.179,804.1721
107.1746,1,1237.801,804.2118,1236.99,804.192
107.191,1,1237.801,804.2118,1237.396,804.2019
107.21,1,1238.65,803.9741,1238.023,804.088
107.2334,1,1239.542,803.635,1238.782,803.8615
107.2521,1,1239.542,803.635,1239.162,803.7483
107.2633,1,1240.601,803.1544,1239.882,803.4514
107.2781,1,1240.601,803.1544,1240.241,803.3029
107.2919,1,1241.72,802.2589,1240.98,802.7809
107.2963,1,1241.72,802.2589,1241.35,802.5199
107.3099,1,1241.72,802.2589,1241.535,802.3894
107.3143,1,1241.72,802.2589,1241.627,802.3241
107.3286,1,1243.135,801.2021,1242.381,801.7631
107.3421,1,1243.135,801.2021,1242.758,801.4825
107.3588,1,1244.964,799.716,1243.861,800.5992
107.3707,1,1244.964,799.716,1244.412,800.1576
107.3765,1,1244.964,799.716,1244.688,799.9368
107.3881,1,1247.085,797.8511,1245.886,798.8939
107.4067,1,1247.085,797.8511,1246.485,798.3726
107.4199,1,1249.064,795.3824,1247.774,796.8774
107.4503,1,1251.298,792.5801,1249.536,794.7288
107.4696,1,1253.947,789.7838,1251.742,792.2563
107.4872,1,1253.947,789.7838,1252.844,791.02
107.5136,1,1257.162,787.0582,1255.003,789.0391
107.543,1,1259.19,784.6238,1257.096,786.8314
107.5611,1,1261.255,782.9715,1259.176,784.9015
107.5763,1,1261.255,782.9715,1260.215,783.9365
107.6099,1,1265.873,779.5231,1263.044,781.7298
107.6287,1,1271.984,774.5443,1267.514,778.137
107.6453,1,1271.984,774.5443,1269.749,776.3406
107.6611,1,1277.078,770.3506,1273.413,773.3456
107.6769,1,1277.078,770.3506,1275.246,771.8481
107.6918,1,1281.866,766.5899,1278.556,769.219
107.6989,1,1281.866,766.5899,1280.211,767.9044
107.7039,1,1281.866,766.5899,1281.038,767.2472
107.7091,1,1281.866,766.5899,1281.452,766.9186
107.7134,1,1286.182,762.4813,1283.817,764.7
107.7183,1,1286.182,762.4813,1284.999,763.5906
107.7276,1,1286.182,762.4813,1285.59,763.036
107.732,1,1286.182,762.4813,1285.886,762.7587
107.7444,1,1289.809,758.6068,1287.848,760.6827
107.7509,1,1289.809,758.6068,1288.828,759.6448
107.7618,1,1289.809,758.6068,1289.319,759.1257
107.7735,1,1292.929,755.2584,1291.124,757.192
107.7786,1,1292.929,755.2584,1292.027,756.2252
107.7929,1,1292.929,755.2584,1292.478,755.7418
107.7982,1,1292.929,755.2584,1292.704,755.5001
107.8122,1,1296.35,752.2845,1294.527,753.8923
107.8296,1,1296.35,752.2845,1295.438,753.0884
107.8623,1,1301.285,745.8666,1298.362,749.4775
107.8893,1,1301.285,745.8666,1299.823,747.672
107.9175,1,1302.733,742.6496,1301.278,745.1608
107.9361,1,1303.696,738.7984,1302.487,741.9796
107.9513,1,1303.696,738.7984,1303.091,740.389
107.9685,1,1305.131,735.9545,1304.111,738.1718
108.001,1,1306.154,732.9935,1305.133,735.5826
108.0197,1,1308.106,730.4938,1306.62,733.0382
108.0378,1,1308.106,730.4938,1307.363,731.766
108.0504,1,1309.81,727.5865,1308.586,729.6763
108.0554,1,1309.81,727.5865,1309.198,728.6314
108.0599,1,1309.81,727.5865,1309.504,728.109
108.0723,1,1309.81,727.5865,1309.657,727.8478
108.0869,1,1311.305,724.923,1310.481,726.3854
108.0918,1,1311.305,724.923,1310.893,725.6542
108.1073,1,1312.219,721.6058,1311.556,723.63
108.1237,1,1312.219,721.6058,1311.888,722.6179
108.1283,1,1312.219,721.6058,1312.054,722.1119
108.1329,1,1312.219,721.6058,1312.137,721.8589
108.1386,1,1313.33,718.0238,1312.733,719.9413
108.1529,1,1313.33,718.0238,1313.032,718.9825
108.1826,1,1313.814,714.5487,1313.423,716.7656
108.2043,1,1315.448,711.5392,1314.436,714.1524
108.239,1,1317.264,707.3354,1315.85,710.7439
108.2478,1,1317.264,707.3354,1316.557,709.0397
108.2524,1,1317.264,707.3354,1316.911,708.1876
108.2572,1,1317.208,703.7304,1317.059,705.959
108.2613,1,1317.208,703.7304,1317.134,704.8447
108.2737,1,1317.208,703.7304,1317.171,704.2876
108.2782,1,1317.208,703.7304,1317.189,704.009
108.2967,1,1315.74,699.1886,1316.465,701.5988
108.3307,1,1314.966,697.1021,1315.715,699.3505
108.3436,1,1314.966,697.1021,1315.341,698.2263
108.3484,1,1315.102,694.6319,1315.221,696.4291
108.3539,1,1315.102,694.6319,1315.161,695.5305
108.3631,1,1315.102,694.6319,1315.131,695.0812
108.3689,1,1315.102,694.6319,1315.116,694.8566
108.3785,1,1317.767,690.9333,1316.442,692.8949
108.3831,1,1317.767,690.9333,1317.104,691.9141
108.3898,1,1317.767,690.9333,1317.436,691.4237
108.3949,1,1317.767,690.9333,1317.601,691.1785
108.399,1,1317.767,690.9333,1317.684,691.0559
108.4103,1,1258.668,624.6909,1288.176,657.8734
108.4153,1,1258.668,624.6909,1273.422,641.2822
108.4333,1,1258.668,624.6909,1266.045,632.9866
108.4485,1,1048.222,402.1303,1157.133,517.5584
108.4784,1,824.3453,181.1684,990.7393,349.3634
108.4959,1,720.1111,92.7058,855.4252,221.0346
108.514,1,720.1111,92.7058,787.7681,156.8702
108.553,1,679.329,59.78954,733.5486,108.3299
108.5839,1,663.6977,46.15905,698.6232,77.24446
108.6026,1,657.8564,42.46563,678.2398,59.85504
108.6213,1,651.7158,40.08457,664.9778,49.96981
108.6362,1,651.7158,40.08457,658.3468,45.02719
108.6664,1,647.1099,40.57779,652.7284,42.80249
108.6878,1,669.9734,49.38784,661.351,46.09517
108.7049,1,669.9734,49.38784,665.6622,47.7415
108.7372,1,710.4932,56.59765,688.0778,52.16958
108.7537,1,710.4932,56.59765,699.2855,54.38361
108.7579,1,710.4932,56.59765,704.8894,55.49063
108.7648,1,710.4932,56.59765,707.6913,56.04414
108.7703,1,901.1715,166.1519,804.4314,111.098
108.7751,1,901.1715,166.1519,852.8015,138.6249
108.7867,1,901.1715,166.1519,876.9865,152.3884
108.7911,1,901.1715,166.1519,889.079,159.2701
108.8032,1,1075.191,355.7378,982.1348,257.504
108.8089,1,1075.191,355.7378,1028.663,306.6208
108.8236,1,1075.191,355.7378,1051.927,331.1793
108.8384,1,1223.49,528.5297,1137.708,429.8545
108.8533,1,1223.49,528.5297,1180.599,479.1921
108.9069,1,1330.714,651.3133,1255.656,565.2527
108.9296,1,1349.95,676.0527,1302.803,620.6527
108.9566,1,1358.322,672.2823,1330.563,646.4675
108.9773,1,1358.322,672.2823,1344.442,659.3749
109.0102,1,1362.551,664.7613,1353.497,662.0681
109.0307,1,1362.551,664.7613,1358.024,663.4147
109.0575,1,1361.798,660.8548,1359.911,662.1348
109.0739,1,1360.629,657.2517,1360.27,659.6932
109.0814,1,1360.629,657.2517,1360.449,658.4725
109.0885,1,1360.629,657.2517,1360.539,657.8621
109.0943,1,1360.629,657.2517,1360.584,657.5569
109.0983,1,1360.629,657.2517,1360.607,657.4043
109.1074,1,1363.261,649.2186,1361.934,653.3115
109.1122,1,1363.261,649.2186,1362.598,651.265
109.117,1,1363.261,649.2186,1362.929,650.2418
109.1287,1,1363.261,649.2186,1363.095,649.7302
109.1333,1,1365.689,640.5085,1364.392,645.1194
109.1491,1,1365.689,640.5085,1365.04,642.814
109.1641,1,1367.293,634.3605,1366.167,638.5872
109.1995,1,1368.758,628.4665,1367.462,633.5269
109.215,1,1368.758,628.4665,1368.11,630.9967
109.22,1,1368.758,628.4665,1368.434,629.7316
109.2246,1,1370.352,621.25,1369.393,625.4908
109.2423,1,1370.352,621.25,1369.873,623.3704
109.2564,1,1373.904,614.7567,1371.888,619.0635
109.2632,1,1373.904,614.7567,1372.896,616.91
109.2683,1,1373.904,614.7567,1373.4,615.8334
109.2737,1,1373.904,614.7567,1373.652,615.295
109.2834,1,1378.406,610.2904,1376.029,612.7927
109.2904,1,1378.406,610.2904,1377.218,611.5416
109.2963,1,1378.406,610.2904,1377.812,610.916
109.3006,1,1378.406,610.2904,1378.109,610.6032
109.3096,1,1378.406,610.2904,1378.258,610.4468
109.315,1,1381.677,605.6893,1379.968,608.068
109.321,1,1381.677,605.6893,1380.822,606.8787
109.3284,1,1381.677,605.6893,1381.25,606.2839
109.3331,1,1381.677,605.6893,1381.464,605.9866
109.3436,1,1384.233,599.6661,1382.848,602.8264
109.3496,1,1384.233,599.6661,1383.541,601.2462
109.3579,1,1384.233,599.6661,1383.887,600.4562
109.3627,1,1384.233,599.6661,1384.06,600.0612
109.3684,1,1384.233,599.6661,1384.147,599.8636
109.3776,1,1388.27,596.309,1386.208,598.0863
109.3824,1,1388.27,596.309,1387.24,597.1976
109.3974,1,1388.27,596.309,1387.755,596.7533
109.4119,1,1390.057,594.3986,1388.906,595.5759
109.4255,1,1390.057,594.3986,1389.481,594.9872
109.4318,1,1390.057,594.3986,1389.769,594.6929
109.4604,1,1391.234,593.793,1390.501,594.2429
109.4835,1,1392.417,593.1866,1391.459,593.7147
109.4896,1,1392.417,593.1866,1391.938,593.4507
109.4951,1,1393.203,593.1528,1392.571,593.3018
109.4998,1,1393.203,593.1528,1392.887,593.2273
109.505,1,1393.203,593.1528,1393.045,593.1901
109.5183,1,1393.203,593.1528,1393.124,593.1714
109.5282,1,1393.825,593.5045,1393.474,593.3379
109.5327,1,1393.825,593.5045,1393.649,593.4211
109.5384,1,1393.825,593.5045,1393.737,593.4628
109.5491,1,1393.825,593.5045,1393.781,593.4836
109.5551,1,1394.24,593.2553,1394.01,593.3695
109.562,1,1394.24,593.2553,1394.125,593.3124
109.5677,1,1394.24,593.2553,1394.182,593.2838
109.5749,1,1394.24,593.2553,1394.211,593.2695
109.5795,1,1394.24,593.2553,1394.225,593.2625
109.5851,1,1395.271,593.5109,1394.748,593.3867
109.5959,1,1395.271,593.5109,1395.01,593.4487
109.601,1,1395.271,593.5109,1395.141,593.4798
109.6125,1,1395.271,593.5109,1395.206,593.4954
109.6178,1,1393.514,593.9111,1394.36,593.7032
109.6288,1,1393.514,593.9111,1393.937,593.8072
109.6338,1,1393.514,593.9111,1393.726,593.8591
109.6446,1,1392.467,594.6053,1393.096,594.2322
109.6578,1,1392.467,594.6053,1392.781,594.4187
109.6627,1,1392.467,594.6053,1392.624,594.512
109.6764,1,1391.82,595.6022,1392.222,595.0571
109.6817,1,1391.82,595.6022,1392.021,595.3296
109.7127,1,1390.898,597.5178,1391.46,596.4237
109.7314,1,1390.898,597.5178,1391.179,596.9708
109.7438,1,1388.697,599.782,1389.938,598.3764
109.749,1,1388.697,599.782,1389.317,599.0792
109.7555,1,1388.697,599.782,1389.007,599.4307
109.7718,1,1386.696,601.4872,1387.852,600.459
109.7792,1,1386.696,601.4872,1387.274,600.9731
109.7836,1,1386.696,601.4872,1386.985,601.2302
109.7895,1,1386.696,601.4872,1386.841,601.3588
109.7977,1,1384.143,603.2731,1385.492,602.3159
109.8029,1,1384.143,603.2731,1384.818,602.7946
109.8108,1,1384.143,603.2731,1384.48,603.0338
109.8153,1,1384.143,603.2731,1384.312,603.1534
109.8211,1,1384.143,603.2731,1384.228,603.2133
109.8336,1,1379.474,606.5728,1381.851,604.893
109.8393,1,1379.474,606.5728,1380.662,605.7329
109.849,1,1379.474,606.5728,1380.068,606.1528
109.8542,1,1379.474,606.5728,1379.771,606.3628
109.8645,1,1373.847,612.3214,1376.809,609.342
109.875,1,1373.847,612.3214,1375.328,610.8317
109.8796,1,1373.847,612.3214,1374.587,611.5765
109.885,1,1373.847,612.3214,1374.217,611.949
109.8942,1,1368.125,619.6346,1371.171,615.7918
109.899,1,1368.125,619.6346,1369.648,617.7133
109.9104,1,1368.125,619.6346,1368.886,618.674
109.9149,1,1368.125,619.6346,1368.505,619.1543
109.9302,1,1362.316,628.1318,1365.411,623.6431
109.9479,1,1356.543,636.529,1360.977,630.0861
109.9627,1,1356.543,636.529,1358.76,633.3075
109.9798,1,1351.96,645.2183,1355.36,639.2629
110.0098,1,1348.515,653.7466,1351.938,646.5048
110.0288,1,1348.515,653.7466,1350.226,650.1257
110.0424,1,1345.587,660.8738,1347.907,655.4998
110.0474,1,1345.587,660.8738,1346.747,658.1868
110.0527,1,1345.587,660.8738,1346.167,659.5303
110.0595,1,1345.587,660.8738,1345.877,660.202
110.064,1,1345.587,660.8738,1345.732,660.5379
110.0704,1,1344.8,668.7574,1345.266,664.6477
110.0788,1,1344.8,668.7574,1345.033,666.7026
110.0832,1,1344.8,668.7574,1344.917,667.73
110.0919,1,1344.8,668.7574,1344.858,668.2437
110.0963,1,1344.8,668.7574,1344.829,668.5006
110.1022,1,1343.506,680.6259,1344.167,674.5632
110.111,1,1343.506,680.6259,1343.837,677.5945
110.1153,1,1343.506,680.6259,1343.671,679.1102
110.1273,1,1342.547,688.6816,1343.109,683.8959
110.1318,1,1342.547,688.6816,1342.828,686.2887
110.1428,1,1342.547,688.6816,1342.687,687.4851
110.148,1,1342.547,688.6816,1342.617,688.0834
110.1617,1,1342.052,698.2794,1342.334,693.1814
110.1803,1,1342.052,698.2794,1342.193,695.7304
110.1923,1,1341.734,708.0073,1341.964,701.8688
110.2012,1,1341.734,708.0073,1341.849,704.938
110.2081,1,1341.734,708.0073,1341.792,706.4727
110.2251,1,1339.908,712.4086,1340.85,709.4407
110.244,1,1339.908,712.4086,1340.379,710.9247
110.262,1,1339.045,716.4412,1339.712,713.6829
110.2673,1,1339.045,716.4412,1339.378,715.062
110.2776,1,1339.045,716.4412,1339.212,715.7516
110.2827,1,1337.023,719.5577,1338.117,717.6547
110.2895,1,1337.023,719.5577,1337.57,718.6062
110.2957,1,1337.023,719.5577,1337.297,719.082
110.3001,1,1337.023,719.5577,1337.16,719.3198
110.3064,1,1337.023,719.5577,1337.091,719.4388
110.3112,1,1336.261,726.1596,1336.676,722.7992
110.3164,1,1336.261,726.1596,1336.469,724.4794
110.3286,1,1336.261,726.1596,1336.365,725.3195
110.3341,1,1336.261,726.1596,1336.313,725.7395
110.3435,1,1337.136,733.1825,1336.724,729.461
110.3487,1,1337.136,733.1825,1336.93,731.3218
110.3597,1,1337.136,733.1825,1337.033,732.2521
110.3641,1,1337.136,733.1825,1337.085,732.7173
110.3763,1,1337.676,738.2639,1337.38,735.4906
110.3814,1,1337.676,738.2639,1337.528,736.8773
110.3951,1,1337.676,738.2639,1337.602,737.5706
110.4141,1,1327.397,703.8734,1332.5,720.722
110.4428,1,1362.146,713.0633,1347.323,716.8926
110.4634,1,1288.051,584.2981,1317.687,650.5953
110.4912,1,1293.247,612.3709,1305.467,631.4832
110.5079,1,1293.247,612.3709,1299.357,621.927
110.5267,1,1295.435,629.5359,1297.396,625.7314
110.5568,1,1304.777,658.9522,1301.087,642.3418
110.5756,1,1304.777,658.9522,1302.932,650.647
110.5957,1,1312.108,690.5397,1307.52,670.5933
110.6278,1,1315.555,714.7341,1311.537,692.6637
110.6448,1,1318.8,731.9112,1315.169,712.2875
110.6649,1,1318.8,731.9112,1316.985,722.0994
110.6787,1,1319.399,744.1486,1318.192,733.124
110.6836,1,1319.399,744.1486,1318.796,738.6364
110.6901,1,1319.399,744.1486,1319.098,741.3925
110.6983,1,1319.399,744.1486,1319.249,742.7705
110.7045,1,1320.224,752.6811,1319.736,747.7258
110.7146,1,1320.224,752.6811,1319.98,750.2035
110.7204,1,1320.224,752.6811,1320.102,751.4423
110.7309,1,1320.224,752.6811,1320.163,752.0616
110.7369,1,1318.497,755.0939,1319.33,753.5778
110.7466,1,1318.497,755.0939,1318.913,754.3358
110.7521,1,1318.497,755.0939,1318.705,754.7148
110.7617,1,1318.497,755.0939,1318.601,754.9044
110.7676,1,1318.988,760.3186,1318.794,757.6115
110.7807,1,1318.988,760.3186,1318.891,758.9651
110.7872,1,1318.988,760.3186,1318.94,759.6418
110.7985,1,1316.534,757.8923,1317.737,758.7671
110.8153,1,1316.534,757.8923,1317.135,758.3297
110.8298,1,1315.57,760.0656,1316.352,759.1976
110.8422,1,1315.57,760.0656,1315.961,759.6316
110.8482,1,1315.57,760.0656,1315.766,759.8486
110.8616,1,1314.985,762.0364,1315.375,760.9425
110.8798,1,1314.985,762.0364,1315.18,761.4895
110.9147,1,1311.241,765.5963,1313.211,763.5428
110.9342,1,1311.241,765.5963,1312.226,764.5696
110.9676,1,1308.193,768.4937,1310.209,766.5316
110.981,1,1305.755,771.3975,1307.982,768.9645
110.9864,1,1305.755,771.3975,1306.869,770.181
110.9981,1,1305.755,771.3975,1306.312,770.7892
111.003,1,1305.755,771.3975,1306.034,771.0934
111.0161,1,1303.654,773.1361,1304.844,772.1147
111.0211,1,1303.654,773.1361,1304.249,772.6254
111.0344,1,1301.987,775.0428,1303.118,773.8341
111.0493,1,1301.987,775.0428,1302.553,774.4385
111.0631,1,1301.987,775.0428,1302.27,774.7407
111.0815,1,1300.102,776.4793,1301.186,775.61
111.102,1,1298.852,777.1657,1300.019,776.3878
111.1318,1,1297.595,777.6123,1298.807,777.0001
111.1486,1,1297.595,777.6123,1298.201,777.3062
111.163,1,1295.817,777.4677,1297.009,777.3869
111.1926,1,1294.163,777.1372,1295.586,777.2621
111.1972,1,1294.163,777.1372,1294.875,777.1996
111.2022,1,1294.163,777.1372,1294.519,777.1685
111.2085,1,1294.163,777.1372,1294.341,777.1528
111.2222,1,1292.38,777.1672,1293.361,777.16
111.2407,1,1292.38,777.1672,1292.87,777.1636
111.2555,1,1290.303,777.9905,1291.587,777.5771
111.2605,1,1290.303,777.9905,1290.945,777.7838
111.2648,1,1290.303,777.9905,1290.624,777.8872
111.2709,1,1290.303,777.9905,1290.463,777.9388
111.2775,1,1288.312,778.9019,1289.388,778.4203
111.2821,1,1288.312,778.9019,1288.85,778.6611
111.2889,1,1288.312,778.9019,1288.581,778.7815
111.2949,1,1288.312,778.9019,1288.446,778.8417
111.2995,1,1288.312,778.9019,1288.379,778.8718
111.3115,1,1286.372,779.8948,1287.375,779.3833
111.3165,1,1286.372,779.8948,1286.874,779.639
111.3279,1,1286.372,779.8948,1286.623,779.767
111.333,1,1286.372,779.8948,1286.497,779.8309
111.3423,1,1284.415,782.2647,1285.456,781.0479
111.3478,1,1284.415,782.2647,1284.936,781.6563
111.3607,1,1284.415,782.2647,1284.675,781.9604
111.3666,1,1281.69,785.2435,1283.183,783.6019
111.3806,1,1281.69,785.2435,1282.437,784.4227
111.3958,1,1281.69,785.2435,1282.063,784.8331
111.4121,1,1278.729,787.5632,1280.396,786.1982
111.4383,1,1276.134,789.9552,1278.265,788.0767
111.4647,1,1273.543,792.6399,1275.904,790.3583
111.4709,1,1273.543,792.6399,1274.724,791.4991
111.4775,1,1273.543,792.6399,1274.133,792.0695
111.482,1,1273.543,792.6399,1273.838,792.3547
111.4879,1,1271.235,794.9352,1272.537,793.645
111.4981,1,1271.235,794.9352,1271.886,794.2901
111.5031,1,1271.235,794.9352,1271.56,794.6127
111.5169,1,1271.235,794.9352,1271.398,794.7739
111.5306,1,1269.04,797.0014,1270.219,795.8877
111.5488,1,1267.032,798.7018,1268.625,797.2947
111.5798,1,1265.369,800.046,1266.997,798.6704
111.6014,1,1265.369,800.046,1266.183,799.3582
111.6138,1,1263.889,801.1406,1265.036,800.2494
111.6197,1,1263.889,801.1406,1264.462,800.6949
111.6243,1,1263.889,801.1406,1264.176,800.9177
111.6407,1,1262.331,802.0613,1263.253,801.4895
111.6589,1,1262.331,802.0613,1262.792,801.7754
111.6749,1,1261.079,802.7025,1261.936,802.2389
111.6953,1,1261.079,802.7025,1261.508,802.4707
111.7,1,1259.873,803.4122,1260.69,802.9415
111.7066,1,1259.873,803.4122,1260.282,803.1769
111.7129,1,1259.873,803.4122,1260.077,803.2946
111.7173,1,1259.873,803.4122,1259.975,803.3534
111.7283,1,1259.049,804.3047,1259.512,803.829
111.7328,1,1259.049,804.3047,1259.28,804.0669
111.7416,1,1259.049,804.3047,1259.165,804.1858
111.7526,1,1259.049,804.3047,1259.107,804.2452
111.7635,1,1246.807,806.1876,1252.957,805.2164
111.7694,1,1246.807,806.1876,1249.882,805.702
111.7748,1,1246.807,806.1876,1248.344,805.9448
111.779,1,1246.807,806.1876,1247.575,806.0662
111.7935,1,1165.5,809.912,1206.538,807.9891
111.798,1,1165.5,809.912,1186.019,808.9506
111.8034,1,1165.5,809.912,1175.759,809.4313
111.8089,1,1165.5,809.912,1170.63,809.6716
111.821,1,930.0517,800.636,1050.341,805.1538
111.8275,1,930.0517,800.636,990.1962,802.8949
111.843,1,930.0517,800.636,960.1239,801.7654
111.8607,1,649.2555,796.8328,804.6897,799.2991
111.896,1,492.5635,813.1362,648.6266,806.2177
111.929,1,415.8727,825.7297,532.2496,815.9736
111.9433,1,378.3841,834.7296,455.3168,825.3516
111.9486,1,378.3841,834.7296,416.8505,830.0406
111.9637,1,378.3841,834.7296,397.6172,832.3851
111.9753,1,358.2821,842.882,377.9497,837.6335
111.9799,1,358.2821,842.882,368.1159,840.2578
111.9846,1,358.2821,842.882,363.199,841.5699
111.9998,1,358.2821,842.882,360.7405,842.226
112.0184,1,391.3148,856.952,376.0276,849.589
112.0497,1,490.6742,871.7255,433.3509,860.6572
112.0673,1,628.1768,879.3071,530.7639,869.9822
112.0721,1,628.1768,879.3071,579.4703,874.6447
112.0774,1,628.1768,879.3071,603.8235,876.9758
112.0956,1,826.6672,886.0082,715.2454,881.492
112.1246,1,970.6051,887.1226,842.9252,884.3073
112.1296,1,970.6051,887.1226,906.7651,885.7149
112.1339,1,970.6051,887.1226,938.6851,886.4187
112.1419,1,970.6051,887.1226,954.6451,886.7706
112.147,1,970.6051,887.1226,962.6251,886.9466
112.1513,1,1055.223,886.5352,1008.924,886.7408
112.1589,1,1055.223,886.5352,1032.073,886.638
112.1633,1,1055.223,886.5352,1043.648,886.5865
112.1696,1,1055.223,886.5352,1049.436,886.5609
112.1784,1,1055.223,886.5352,1052.329,886.548
112.1828,1,1098.51,885.8051,1075.42,886.1765
112.1915,1,1098.51,885.8051,1086.965,885.9908
112.196,1,1098.51,885.8051,1092.738,885.8979
112.2008,1,1098.51,885.8051,1095.624,885.8516
112.2109,1,1098.51,885.8051,1097.067,885.8284
112.2156,1,1152.8,881.056,1124.934,883.4421
112.2269,1,1152.8,881.056,1138.867,882.249
112.2313,1,1152.8,881.056,1145.833,881.6525
112.244,1,1186.221,876.7115,1166.027,879.182
112.2494,1,1186.221,876.7115,1176.124,877.9468
112.2803,1,1205.067,871.4698,1190.595,874.7083
112.2971,1,1205.067,871.4698,1197.831,873.0891
112.3115,1,1215.739,866.8769,1206.785,869.983
112.3281,1,1215.739,866.8769,1211.262,868.4299
112.3432,1,1222.064,862.5193,1216.663,865.4746
112.3587,1,1222.064,862.5193,1219.363,863.9969
112.3722,1,1226.098,859.3093,1222.731,861.6531
112.3927,1,1226.098,859.3093,1224.414,860.4812
112.42,1,1229.907,853.5762,1227.161,857.0287
112.4248,1,1237.234,841.3637,1232.197,849.1962
112.43,1,1237.234,841.3637,1234.716,845.2799
112.4344,1,1237.234,841.3637,1235.975,843.3218
112.4421,1,1237.234,841.3637,1236.604,842.3428
112.4478,1,1237.234,841.3637,1236.919,841.8533
112.4589,1,1244.343,831.5963,1240.631,836.7247
112.4637,1,1244.343,831.5963,1242.487,834.1605
112.4791,1,1244.343,831.5963,1243.415,832.8784
112.4956,1,1249.813,825.2458,1246.614,829.0621
112.5132,1,1249.813,825.2458,1248.213,827.154
112.5322,1,1254.28,821.6246,1251.247,824.3893
112.5617,1,1258.118,819.0247,1254.682,821.707
112.5798,1,1262.083,817.4913,1258.383,819.5991
112.6119,1,1265.878,816.418,1262.13,818.0085
112.6293,1,1265.878,816.418,1264.004,817.2133
112.6609,1,1269.079,815.1124,1266.542,816.1628
112.6782,1,1272.186,813.8052,1269.364,814.984
112.6983,1,1274.759,812.304,1272.061,813.644
112.7318,1,1278.056,810.3403,1275.059,811.9922
112.7598,1,1281.286,808.9828,1278.172,810.4875
112.7647,1,1281.286,808.9828,1279.729,809.7352
112.7704,1,1281.286,808.9828,1280.507,809.359
112.7752,1,1281.286,808.9828,1280.896,809.1709
112.7793,1,1281.286,808.9828,1281.091,809.0769
112.7929,1,1284.185,807.3924,1282.638,808.2346
112.8108,1,1284.185,807.3924,1283.411,807.8135
112.8309,1,1286.319,805.6224,1284.865,806.718
112.8606,1,1287.578,804.2481,1286.221,805.483
112.8803,1,1289.133,803.4774,1287.677,804.4802
112.9127,1,1290.943,802.142,1289.31,803.3111
112.9304,1,1290.943,802.142,1290.127,802.7266
112.9587,1,1293.774,800.8437,1291.95,801.7852
112.979,1,1296.695,799.7228,1294.322,800.754
113.0127,1,1299.001,798.7102,1296.662,799.7321
113.0308,1,1300.726,798.1278,1298.694,798.9299
113.0607,1,1303.174,796.9424,1300.934,797.9362
113.0757,1,1303.174,796.9424,1302.054,797.4393
113.0912,1,1306.466,795.1263,1304.26,796.2828
113.1107,1,1306.466,795.1263,1305.363,795.7046
113.1312,1,1310.786,792.928,1308.074,794.3163
113.1464,1,1310.786,792.928,1309.43,793.6222
113.177,1,1313.656,789.7264,1311.543,791.6743
113.1956,1,1315.652,786.4775,1313.598,789.0759
113.2288,1,1317.937,783.7467,1315.768,786.4113
113.2383,1,1317.937,783.7467,1316.852,785.079
113.2433,1,1320.26,780.7188,1318.556,782.8989
113.2482,1,1320.26,780.7188,1319.408,781.8088
113.2622,1,1320.26,780.7188,1319.834,781.2638
113.2678,1,1320.26,780.7188,1320.047,780.9913
113.2775,1,1321.569,777.6234,1320.808,779.3074
113.2821,1,1321.569,777.6234,1321.188,778.4653
113.2959,1,1321.569,777.6234,1321.379,778.0443
113.3132,1,1291.952,719.1171,1306.665,748.5807
113.3322,1,1178.427,493.8107,1242.546,621.1957
113.3483,1,1178.427,493.8107,1210.487,557.5032
113.3635,1,1046.383,215.7495,1128.435,386.6263
113.385,1,1046.383,215.7495,1087.409,301.1879
113.3985,1,984.936,86.59522,1036.172,193.8916
113.4035,1,984.936,86.59522,1010.554,140.2434
113.4092,1,984.936,86.59522,997.7451,113.4193
113.428,1,962.5961,40.66989,980.1706,77.0446
113.4323,1,962.5961,40.66989,971.3833,58.85725
113.4381,1,962.5961,40.66989,966.9897,49.76357
113.4444,1,962.5961,40.66989,964.7928,45.21673
113.4497,1,962.5961,40.66989,963.6945,42.94331
113.4556,1,955.8332,21.97219,959.7638,32.45775
113.4641,1,955.8332,21.97219,957.7985,27.21497
113.4704,1,955.8332,21.97219,956.8158,24.59358
113.4794,1,955.8332,21.97219,956.3245,23.28289
113.4845,1,951.9282,15.54427,954.1263,19.41358
113.4959,1,951.9282,15.54427,953.0273,17.47893
113.5004,1,951.9282,15.54427,952.4778,16.5116
113.5125,1,950.7515,9.486876,951.6146,12.99924
113.5175,1,950.7515,9.486876,951.1831,11.24306
113.5285,1,950.7515,9.486876,950.9673,10.36497
113.5332,1,950.7515,9.486876,950.8594,9.925922
113.5409,1,949.8252,6.975079,950.3423,8.4505
113.5465,1,949.8252,6.975079,950.0837,7.71279
113.5584,1,949.8252,6.975079,949.9545,7.343934
113.5639,1,949.8252,6.975079,949.8898,7.159507
113.5808,1,949.0901,4.871711,949.49,6.015609
113.5978,1,949.0901,4.871711,949.29,5.44366
113.6149,1,977.7992,30.59383,963.5446,18.01875
113.6629,1,1111.453,215.3254,1037.499,116.6721
113.7157,1,1235.105,465.9801,1136.302,291.3261
113.7341,1,1306.612,617.2037,1221.457,454.2649
113.7644,1,1337.297,673.9693,1279.377,564.1171
113.7818,1,1337.297,673.9693,1308.337,619.0432
113.8004,1,1350.013,688.9788,1329.175,654.011
113.8327,1,1354.542,695.2659,1341.858,674.6384
113.8653,1,1355.734,692.8225,1348.796,683.7305
113.8954,1,1355.689,688.8036,1352.242,686.267
113.9089,1,1356.105,685.7664,1354.174,686.0167
113.9279,1,1356.105,685.7664,1355.139,685.8915
113.9434,1,1357.725,684.6384,1356.432,685.265
113.9479,1,1357.725,684.6384,1357.079,684.9517
113.9528,1,1357.725,684.6384,1357.402,684.795
113.9572,1,1357.725,684.6384,1357.563,684.7167
113.9673,1,1357.645,683.3573,1357.604,684.037
113.9732,1,1357.645,683.3573,1357.624,683.6971
113.9811,1,1357.645,683.3573,1357.635,683.5272
113.9875,1,1357.645,683.3573,1357.64,683.4423
113.9962,1,1356.172,679.591,1356.906,681.5166
114.0007,1,1356.172,679.591,1356.539,680.5538
114.0105,1,1356.172,679.591,1356.355,680.0724
114.0151,1,1356.172,679.591,1356.263,679.8317
114.021,1,1356.172,679.591,1356.218,679.7113
114.0305,1,1355.622,667.3842,1355.92,673.5477
114.0358,1,1355.622,667.3842,1355.771,670.4659
114.0478,1,1355.622,667.3842,1355.697,668.925
114.06,1,1355.811,662.3596,1355.754,665.6423
114.0651,1,1355.811,662.3596,1355.782,664.001
114.0787,1,1355.811,662.3596,1355.797,663.1803
114.093,1,1356.898,661.1749,1356.347,662.1776
114.1128,1,1356.898,661.1749,1356.623,661.6763
114.1462,1,1359.26,662.7075,1357.941,662.1919
114.1636,1,1359.26,662.7075,1358.601,662.4497
114.1949,1,1360.924,663.1696,1359.762,662.8096
114.2247,1,1363.091,663.2406,1361.427,663.0251
114.2408,1,1365.665,662.8947,1363.546,662.9599
114.2583,1,1365.665,662.8947,1364.606,662.9272
114.2664,1,1368.026,662.7773,1366.316,662.8523
114.2719,1,1368.026,662.7773,1367.171,662.8148
114.2759,1,1368.026,662.7773,1367.599,662.7961
114.2804,1,1368.026,662.7773,1367.813,662.7867
114.2854,1,1368.026,662.7773,1367.919,662.782
114.2953,1,1368.026,662.7773,1367.973,662.7797
114.3,1,1370.278,662.3327,1369.126,662.5562
114.3106,1,1370.278,662.3327,1369.702,662.4445
114.3153,1,1370.278,662.3327,1369.99,662.3885
114.3282,1,1371.986,661.8368,1370.988,662.1127
114.3497,1,1371.986,661.8368,1371.487,661.9747
114.3786,1,1373.673,661.3032,1372.58,661.6389
114.3957,1,1375.768,661.3123,1374.174,661.4756
114.4008,1,1375.768,661.3123,1374.971,661.3939
114.4068,1,1375.768,661.3123,1375.37,661.3531
114.4221,1,1378.339,661.9467,1376.854,661.6499
114.4398,1,1378.339,661.9467,1377.597,661.7983
114.4507,1,1380.829,662.766,1379.213,662.2822
114.4569,1,1380.829,662.766,1380.021,662.524
114.4664,1,1380.829,662.766,1380.425,662.645
114.4723,1,1380.829,662.766,1380.627,662.7055
114.4808,1,1384.036,665.283,1382.331,663.9943
114.4853,1,1384.036,665.283,1383.184,664.6387
114.4934,1,1384.036,665.283,1383.61,664.9608
114.4978,1,1384.036,665.283,1383.823,665.1219
114.5034,1,1384.036,665.283,1383.929,665.2025
114.5175,1,1389.558,665.8466,1386.744,665.5245
114.5316,1,1389.558,665.8466,1388.151,665.6855
114.5448,1,1395.429,665.0765,1391.79,665.381
114.551,1,1395.429,665.0765,1393.61,665.2288
114.5637,1,1395.429,665.0765,1394.52,665.1526
114.5816,1,1401.81,664.1332,1398.165,664.6429
114.5968,1,1401.81,664.1332,1399.987,664.3881
114.6113,1,1407.985,663.0996,1403.986,663.7438
114.6295,1,1414.141,662.6407,1409.063,663.1923
114.6557,1,1414.141,662.6407,1411.602,662.9165
114.6612,1,1418.998,662.7626,1415.3,662.8396
114.6712,1,1418.998,662.7626,1417.149,662.8011
114.6757,1,1418.998,662.7626,1418.073,662.7819
114.687,1,1418.998,662.7626,1418.536,662.7722
114.6916,1,1422.608,664.2637,1420.572,663.5179
114.7037,1,1422.608,664.2637,1421.59,663.8909
114.7096,1,1422.608,664.2637,1422.099,664.0773
114.7241,1,1425.313,665.3082,1423.706,664.6927
114.7422,1,1425.313,665.3082,1424.51,665.0005
114.7743,1,1427.931,665.8552,1426.22,665.4279
114.7887,1,1430.18,666.1986,1428.2,665.8132
114.7937,1,1430.18,666.1986,1429.19,666.0059
114.7983,1,1430.18,666.1986,1429.685,666.1023
114.8033,1,1430.18,666.1986,1429.933,666.1505
114.8158,1,1431.873,666.4933,1430.903,666.3219
114.8306,1,1431.873,666.4933,1431.388,666.4076
114.8438,1,1433.207,665.7987,1432.298,666.1031
114.8493,1,1433.207,665.7987,1432.752,665.9509
114.8619,1,1433.207,665.7987,1432.98,665.8748
114.8672,1,1433.207,665.7987,1433.094,665.8368
114.8787,1,1434.774,664.7683,1433.934,665.3026
114.8923,1,1434.774,664.7683,1434.354,665.0354
114.897,1,1434.774,664.7683,1434.564,664.9019
114.9105,1,1435.809,661.689,1435.186,663.2954
114.9249,1,1435.809,661.689,1435.498,662.4922
114.9311,1,1437.394,657.0947,1436.446,659.7935
114.9623,1,1439.363,650.8648,1437.904,655.3291
114.9943,1,1441.013,643.6086,1439.458,649.4689
115.0121,1,1441.013,643.6086,1440.236,646.5388
115.0292,1,1442.281,637.6683,1441.258,642.1035
115.0434,1,1442.281,637.6683,1441.769,639.8859
115.0483,1,1442.281,637.6683,1442.025,638.7771
115.0537,1,1442.417,633.0115,1442.221,635.8943
115.0624,1,1442.417,633.0115,1442.319,634.4529
115.0677,1,1442.417,633.0115,1442.368,633.7322
115.075,1,1442.417,633.0115,1442.392,633.3718
115.0797,1,1442.417,633.0115,1442.405,633.1917
115.0846,1,1443.846,628.3516,1443.125,630.7716
115.0959,1,1443.846,628.3516,1443.486,629.5616
115.1012,1,1443.846,628.3516,1443.666,628.9567
115.1094,1,1443.846,628.3516,1443.756,628.6542
115.1141,1,1443.615,624.0056,1443.686,626.3299
115.1248,1,1443.615,624.0056,1443.651,625.1677
115.13,1,1443.615,624.0056,1443.633,624.5867
115.1406,1,1443.615,624.0056,1443.624,624.2961
115.1454,1,1443.905,617.7672,1443.765,621.0316
115.1513,1,1443.905,617.7672,1443.835,619.3994
115.1572,1,1443.905,617.7672,1443.87,618.5833
115.1617,1,1443.905,617.7672,1443.887,618.1752
115.1755,1,1444.323,610.5975,1444.105,614.3864
115.1925,1,1444.323,610.5975,1444.214,612.4919
115.2367,1,1443.614,597.8116,1443.914,605.1517
115.2429,1,1443.614,597.8116,1443.764,601.4817
115.2492,1,1443.614,597.8116,1443.689,599.6466
115.2547,1,1443.614,597.8116,1443.652,598.7291
115.2606,1,1443.614,597.8116,1443.633,598.2704
115.2651,1,1442.964,592.5991,1443.298,595.4347
115.2712,1,1442.964,592.5991,1443.131,594.0168
115.2812,1,1442.964,592.5991,1443.047,593.308
115.2876,1,1442.964,592.5991,1443.005,592.9535
115.2945,1,1441.316,589.8694,1442.161,591.4115
115.2989,1,1441.316,589.8694,1441.739,590.6405
115.3154,1,1441.316,589.8694,1441.528,590.255
115.3295,1,1437.738,593.3634,1439.633,591.8092
115.3446,1,1437.738,593.3634,1438.685,592.5863
115.3577,1,1434.448,595.0223,1436.566,593.8043
115.3635,1,1434.448,595.0223,1435.507,594.4133
115.3898,1,1431.916,596.2472,1433.711,595.3303
115.396,1,1431.916,596.2472,1432.813,595.7887
115.4111,1,1431.916,596.2472,1432.365,596.0179
115.4289,1,1428.967,595.8732,1430.666,595.9456
115.4335,1,1428.967,595.8732,1429.817,595.9094
115.4387,1,1428.967,595.8732,1429.392,595.8912
115.4563,1,1440.366,584.7567,1434.879,590.324
115.468,1,1440.366,584.7567,1437.623,587.5403
115.4738,1,1415.492,591.4518,1426.557,589.496
115.4805,1,1415.492,591.4518,1421.025,590.4739
115.4869,1,1415.492,591.4518,1418.259,590.9628
115.4939,1,1415.492,591.4518,1416.875,591.2073
115.4985,1,1415.492,591.4518,1416.184,591.3295
115.5043,1,1415.492,591.4518,1415.838,591.3906
115.5132,1,1418.765,601.5709,1417.302,596.4807
115.5186,1,1418.765,601.5709,1418.033,599.0258
115.5253,1,1418.765,601.5709,1418.399,600.2983
115.5307,1,1418.765,601.5709,1418.582,600.9346
115.5365,1,1425.091,627.5233,1421.837,614.2289
115.5468,1,1425.091,627.5233,1423.464,620.8761
115.5514,1,1425.091,627.5233,1424.278,624.1997
115.558,1,1425.091,627.5233,1424.685,625.8615
115.5627,1,1425.091,627.5233,1424.888,626.6924
115.569,1,1434.3,663.8063,1429.594,645.2493
115.5771,1,1434.3,663.8063,1431.947,654.5278
115.5816,1,1434.3,663.8063,1433.124,659.1671
115.5948,1,1434.3,663.8063,1433.712,661.4867
115.6003,1,1443.013,698.4966,1438.362,679.9917
115.6157,1,1443.013,698.4966,1440.688,689.2441
115.6317,1,1452.019,727.8913,1446.353,708.5677
115.6675,1,1460.689,750.1237,1453.521,729.3457
115.6904,1,1469.06,767.3738,1461.29,748.3597
115.719,1,1475.899,779.4899,1468.595,763.9248
115.7236,1,1475.899,779.4899,1472.247,771.7073
115.7397,1,1475.899,779.4899,1474.073,775.5986
115.7535,1,1480.051,789.4716,1477.062,782.5351
115.7829,1,1484.8,796.3259,1480.931,789.4305
115.7902,1,1484.8,796.3259,1482.866,792.8782
115.795,1,1484.8,796.3259,1483.833,794.6021
115.7991,1,1484.8,796.3259,1484.317,795.464
115.8096,1,1487.785,802.8737,1486.051,799.1688
115.8146,1,1487.785,802.8737,1486.918,801.0212
115.8247,1,1487.785,802.8737,1487.351,801.9474
115.8299,1,1487.785,802.8737,1487.568,802.4105
115.8408,1,1466.824,789.9028,1477.196,796.1567
115.8465,1,1466.824,789.9028,1472.01,793.0298
115.8591,1,1466.824,789.9028,1469.417,791.4663
115.8644,1,1466.824,789.9028,1468.12,790.6846
115.8818,1,1401.691,730.7985,1434.905,760.7416
115.8974,1,1199.549,541.514,1317.227,651.1278
115.916,1,1199.549,541.514,1258.388,596.3209
115.9315,1,1032.114,392.8484,1145.251,494.5847
115.9482,1,1032.114,392.8484,1088.682,443.7166
115.981,1,958.9814,320.9173,1023.832,382.317
115.9994,1,924.0298,288.9821,973.9309,335.6495
116.0207,1,906.7853,275.9587,940.3582,305.8041
116.0369,1,906.7853,275.9587,923.5718,290.8814
116.0531,1,897.4097,269.9854,910.4907,280.4334
116.0841,1,894.7679,268.1149,902.6293,274.2742
116.1001,1,894.7679,268.1149,898.6986,271.1945
116.1158,1,894.8103,268.2449,896.7545,269.7197
116.1212,1,894.8103,268.2449,895.7823,268.9823
116.1265,1,894.8103,268.2449,895.2963,268.6136
116.131,1,894.8103,268.2449,895.0533,268.4293
116.1439,1,848.8441,278.6845,871.9487,273.5569
116.1619,1,848.8441,278.6845,860.3964,276.1207
116.1754,1,745.5054,344.5477,802.9509,310.3342
116.1928,1,745.5054,344.5477,774.2281,327.4409
116.2064,1,651.3912,474.6764,712.8097,401.0587
116.2158,1,651.3912,474.6764,682.1005,437.8676
116.2211,1,651.3912,474.6764,666.7458,456.272
116.2291,1,589.7108,582.0864,628.2283,519.1792
116.2341,1,589.7108,582.0864,608.9696,550.6328
116.2439,1,589.7108,582.0864,599.3402,566.3596
116.2495,1,589.7108,582.0864,594.5255,574.223
116.2558,1,589.7108,582.0864,592.1182,578.1547
116.2648,1,623.1195,651.4141,607.6188,614.7844
116.272,1,623.1195,651.4141,615.3691,633.0992
116.2794,1,623.1195,651.4141,619.2443,642.2567
116.285,1,623.1195,651.4141,621.1819,646.8354
116.297,1,814.8766,734.2277,718.0292,690.5316
116.3099,1,814.8766,734.2277,766.4529,712.3796
116.3151,1,814.8766,734.2277,790.6647,723.3036
116.3278,1,1093.394,779.9131,942.0295,751.6084
116.3324,1,1093.394,779.9131,1017.712,765.7607
116.3486,1,1093.394,779.9131,1055.553,772.8369
116.3537,1,1300.96,805.8365,1178.256,789.3367
116.3591,1,1300.96,805.8365,1239.608,797.5865
116.373,1,1300.96,805.8365,1270.284,801.7115
116.3783,1,1300.96,805.8365,1285.622,803.774
116.3928,1,1404.064,820.6349,1344.843,812.2045
116.4081,1,1404.064,820.6349,1374.453,816.4197
116.4238,1,1456.536,830.3837,1415.495,823.4017
116.4295,1,1456.536,830.3837,1436.016,826.8927
116.4454,1,1484.847,837.3486,1460.431,832.1207
116.4651,1,1484.847,837.3486,1472.639,834.7346
116.4779,1,1500.298,839.6308,1486.469,837.1827
116.4967,1,1500.298,839.6308,1493.383,838.4067
116.511,1,1510.514,841.1802,1501.948,839.7935
116.5289,1,1510.514,841.1802,1506.231,840.4868
116.5412,1,1531.918,865.9864,1519.074,853.2366
116.5449,1,1531.918,865.9864,1525.496,859.6115
116.5499,1,1531.918,865.9864,1528.707,862.799
116.562,1,1550.139,887.8386,1539.423,875.3187
116.578,1,1550.139,887.8386,1544.781,881.5786
116.6118,1,1562.93,900.5331,1553.855,891.0558
116.619,1,1562.93,900.5331,1558.392,895.7944
116.6318,1,1571.451,908.5265,1564.922,902.1605
116.6569,1,1578.025,914.5497,1571.473,908.3551
116.677,1,1578.025,914.5497,1574.749,911.4524
116.6926,1,1581.479,917.5138,1578.114,914.4831
116.7098,1,1581.479,917.5138,1579.796,915.9984
116.7275,1,1583.809,919.3245,1581.803,917.6614
116.7407,1,1583.809,919.3245,1582.806,918.4929
116.7605,1,1585.613,919.4439,1584.209,918.9684
116.7771,1,1587.2,920.2917,1585.705,919.63
116.7952,1,1587.2,920.2917,1586.452,919.9608
116.8158,1,1588.152,921.0031,1587.302,920.4819
116.8395,1,1589.702,922.2809,1588.502,921.3815
116.8469,1,1589.702,922.2809,1589.102,921.8312
116.8548,1,1589.702,922.2809,1589.402,922.056
116.8601,1,1589.702,922.2809,1589.552,922.1685
116.8698,1,1591.409,923.559,1590.481,922.8638
116.8755,1,1591.409,923.559,1590.945,923.2114
116.8913,1,1591.409,923.559,1591.177,923.3853
116.9097,1,1593.168,924.9285,1592.173,924.1569
116.9528,1,1595.187,927.1243,1593.68,925.6406
116.9694,1,1597.283,930.3495,1595.481,927.9951
116.9822,1,1597.283,930.3495,1596.382,929.1723
116.9891,1,1599.196,933.1826,1597.789,931.1774
117.0018,1,1599.196,933.1826,1598.492,932.18
117.0131,1,1599.196,933.1826,1598.844,932.6813
117.0176,1,1601.469,936.7893,1600.156,934.7353
117.0326,1,1601.469,936.7893,1600.813,935.7623
117.0567,1,1603.509,939.6037,1602.161,937.683
117.0611,1,1603.509,939.6037,1602.835,938.6433
117.0667,1,1603.509,939.6037,1603.172,939.1235
117.0749,1,1603.509,939.6037,1603.34,939.3636
117.0796,1,1605.845,942.1561,1604.593,940.7599
117.0904,1,1605.845,942.1561,1605.219,941.458
117.0951,1,1605.845,942.1561,1605.532,941.8071
117.1091,1,1607.084,944.5637,1606.308,943.1854
117.1281,1,1607.084,944.5637,1606.696,943.8745
117.145,1,1608.03,945.8872,1607.363,944.8809
117.166,1,1608.314,946.6702,1607.839,945.7755
117.1863,1,1608.314,946.6702,1608.077,946.2229
117.2168,1,1608.515,947.0053,1608.296,946.6141
117.237,1,1606.392,946.4556,1607.344,946.5349
117.2738,1,1604.891,945.9943,1606.118,946.2646
117.2906,1,1603.458,945.324,1604.788,945.7943
117.3205,1,1601.366,943.9669,1603.077,944.8806
117.3366,1,1601.366,943.9669,1602.222,944.4237
117.341,1,1601.366,943.9669,1601.794,944.1953
117.3454,1,1601.366,943.9669,1601.58,944.0811
117.362,1,1598.533,941.0678,1600.057,942.5745
117.3811,1,1594.365,937.3177,1597.211,939.946
117.4128,1,1589.479,932.103,1593.345,936.0245
117.4425,1,1583.444,925.9603,1588.394,930.9924
117.4626,1,1583.444,925.9603,1585.919,928.4763
117.4929,1,1576.072,918.9036,1580.996,923.6899
117.5104,1,1567.639,910.9932,1574.317,917.3416
117.5287,1,1559.662,903.6906,1566.99,910.5161
117.5584,1,1559.662,903.6906,1563.326,907.1034
117.5782,1,1553.054,897.6327,1558.19,902.368
117.5924,1,1547.416,886.631,1552.803,894.4995
117.6093,1,1547.416,886.631,1550.11,890.5652
117.6246,1,1542.37,876.0025,1546.24,883.2839
117.6311,1,1542.37,876.0025,1544.305,879.6432
117.6604,1,1536.392,866.031,1540.349,872.8371
117.6776,1,1536.392,866.031,1538.37,869.4341
117.7063,1,1532.382,858.7324,1535.376,864.0833
117.7144,1,1529.232,851.3808,1532.304,857.7321
117.7204,1,1529.232,851.3808,1530.768,854.5564
117.7293,1,1529.232,851.3808,1530,852.9686
117.7338,1,1529.232,851.3808,1529.616,852.1747
117.7428,1,1526.811,845.1261,1528.214,848.6504
117.7481,1,1526.811,845.1261,1527.512,846.8882
117.7552,1,1526.811,845.1261,1527.162,846.0072
117.7601,1,1526.811,845.1261,1526.987,845.5667
117.7649,1,1526.811,845.1261,1526.899,845.3464
117.7714,1,1522.591,839.1671,1524.745,842.2567
117.7771,1,1522.591,839.1671,1523.668,840.7119
117.7819,1,1522.591,839.1671,1523.129,839.9395
117.7909,1,1522.591,839.1671,1522.86,839.5533
117.7954,1,1522.591,839.1671,1522.725,839.3602
117.8002,1,1517.968,833.4539,1520.346,836.407
117.8127,1,1517.968,833.4539,1519.157,834.9304
117.8219,1,1517.968,833.4539,1518.563,834.1921
117.828,1,1517.968,833.4539,1518.265,833.823
117.8406,1,1514.11,828.4882,1516.188,831.1556
117.847,1,1514.11,828.4882,1515.149,829.8219
117.8637,1,1512.007,824.8593,1513.578,827.3406
117.8937,1,1510.052,822.5817,1511.815,824.9612
117.9155,1,1510.052,822.5817,1510.933,823.7715
117.9308,1,1509.191,820.6869,1510.062,822.2292
117.9362,1,1509.191,820.6869,1509.626,821.458
117.9436,1,1509.191,820.6869,1509.409,821.0724
117.9489,1,1509.191,820.6869,1509.3,820.8796
117.9551,1,1508.094,819.1204,1508.697,820
117.9638,1,1508.094,819.1204,1508.395,819.5602
117.9708,1,1508.094,819.1204,1508.244,819.3403
117.9768,1,1508.094,819.1204,1508.169,819.2303
117.9812,1,1507.174,818.0602,1507.671,818.6453
117.9915,1,1507.174,818.0602,1507.423,818.3527
117.9965,1,1507.174,818.0602,1507.298,818.2064
118.0086,1,1507.174,818.0602,1507.236,818.1333
118.0149,1,1506.572,817.028,1506.904,817.5807
118.0271,1,1506.572,817.028,1506.738,817.3043
118.0321,1,1506.572,817.028,1506.655,817.1661
118.0451,1,1506.09,816.3401,1506.373,816.7531
118.0627,1,1506.09,816.3401,1506.231,816.5466
118.0826,1,1505.758,816.1164,1505.994,816.3315
118.109,1,1505.002,815.3108,1505.498,815.8212
118.114,1,1505.002,815.3108,1505.25,815.566
118.1191,1,1505.002,815.3108,1505.126,815.4384
118.1244,1,1505.002,815.3108,1505.064,815.3746
118.1399,1,1504.113,814.4739,1504.589,814.9242
118.15,1,1504.113,814.4739,1504.351,814.699
118.1556,1,1504.113,814.4739,1504.232,814.5864
118.1618,1,1504.113,814.4739,1504.172,814.5302
118.1672,1,1503.301,813.4169,1503.737,813.9735
118.1756,1,1503.301,813.4169,1503.519,813.6952
118.1802,1,1503.301,813.4169,1503.41,813.556
118.1854,1,1503.301,813.4169,1503.355,813.4865
118.1928,1,1502.301,812.8962,1502.828,813.1913
118.1976,1,1502.301,812.8962,1502.565,813.0437
118.2113,1,1502.301,812.8962,1502.433,812.97
118.219,1,1502.301,812.8962,1502.367,812.9331
118.2321,1,1501.438,812.5114,1501.903,812.7223
118.2468,1,1501.438,812.5114,1501.67,812.6168
118.2576,1,1500.856,812.2836,1501.263,812.4502
118.2632,1,1500.856,812.2836,1501.06,812.3669
118.2794,1,1500.856,812.2836,1500.958,812.3253
118.2985,1,1500.31,812.1655,1500.634,812.2454
118.3292,1,1499.726,811.1708,1500.18,811.7081
118.3612,1,1498.76,809.7949,1499.47,810.7515
118.3931,1,1497.723,809.2623,1498.597,810.007
118.4124,1,1496.724,808.8414,1497.66,809.4242
118.4395,1,1495.979,808.6034,1496.819,809.0138
118.4575,1,1495.979,808.6034,1496.399,808.8086
118.4759,1,1495.128,807.6779,1495.764,808.2433
118.5067,1,1494.075,805.4739,1494.919,806.8586
118.5278,1,1493.416,803.0989,1494.167,804.9788
118.5479,1,1493.416,803.0989,1493.792,804.0388
118.5653,1,1493.454,802.5804,1493.623,803.3096
118.5913,1,1493.387,801.1348,1493.505,802.2222
118.597,1,1493.387,801.1348,1493.446,801.6785
118.6008,1,1493.387,801.1348,1493.417,801.4066
118.6063,1,1493.387,801.1348,1493.402,801.2708
118.6206,1,1492.873,797.6426,1493.137,799.4567
118.6253,1,1492.873,797.6426,1493.005,798.5496
118.6407,1,1492.873,797.6426,1492.939,798.0961
118.649,1,1452.161,789.9647,1472.55,794.0304
118.6548,1,1452.161,789.9647,1462.355,791.9976
118.6636,1,1452.161,789.9647,1457.258,790.9811
118.6693,1,1452.161,789.9647,1454.71,790.4729
118.6759,1,1232.707,745.1796,1343.708,767.8262
118.6804,1,1232.707,745.1796,1288.208,756.5029
118.6868,1,1232.707,745.1796,1260.457,750.8412
118.694,1,1232.707,745.1796,1246.582,748.0104
118.6987,1,1232.707,745.1796,1239.644,746.595
118.7106,1,820.2462,669.9211,1029.945,708.2581
118.7149,1,820.2462,669.9211,925.0957,689.0896
118.727,1,820.2462,669.9211,872.6709,679.5054
118.7329,1,820.2462,669.9211,846.4585,674.7133
118.7444,1,492.1178,606.8553,669.2881,640.7843
118.7498,1,492.1178,606.8553,580.703,623.8198
118.7637,1,492.1178,606.8553,536.4104,615.3375
118.7818,1,337.6937,575.0845,437.052,595.2111
118.8112,1,273.4362,563.4185,355.2441,579.3148
118.8266,1,237.1329,561.0723,296.1885,570.1936
118.843,1,237.1329,561.0723,266.6607,565.6329
118.8598,1,228.3676,558.3807,247.5142,562.0068
118.8776,1,228.3676,558.3807,237.9409,560.1937
118.9047,1,215.4187,559.6845,226.6798,559.9391
118.9225,1,209.7307,559.8541,218.2052,559.8966
118.9379,1,209.7307,559.8541,213.968,559.8754
118.9528,1,270.3115,502.8962,242.1397,531.3858
118.9806,1,419.7503,375.4188,330.945,453.4023
118.9968,1,419.7503,375.4188,375.3477,414.4105
119.0129,1,558.9199,243.6415,467.1338,329.026
119.032,1,558.9199,243.6415,513.0269,286.3337
119.0481,1,637.8294,171.6163,575.4281,228.975
119.065,1,637.8294,171.6163,606.6288,200.2957
119.0834,1,677.0159,140.048,641.8224,170.1718
119.1006,1,697.2817,125.7165,669.5521,147.9442
119.1178,1,697.2817,125.7165,683.4169,136.8303
119.1361,1,706.7079,119.735,695.0624,128.2827
119.1515,1,706.7079,119.735,700.8851,124.0088
119.1643,1,712.836,115.6826,706.8606,119.8457
119.1704,1,712.836,115.6826,709.8483,117.7642
119.1841,1,712.836,115.6826,711.3422,116.7234
119.1989,1,693.7426,155.6365,702.5424,136.18
119.22,1,693.7426,155.6365,698.1425,145.9082
119.2382,1,655.9998,205.2864,677.0712,175.5973
119.2714,1,511.7342,379.1932,594.4027,277.3953
119.2881,1,389.5687,519.9092,491.9857,398.6522
119.3162,1,333.4084,584.2592,412.6971,491.4557
119.3214,1,333.4084,584.2592,373.0527,537.8575
119.3252,1,333.4084,584.2592,353.2306,561.0583
119.3368,1,333.4084,584.2592,343.3195,572.6588
119.3415,1,308.5269,607.3155,325.9232,589.9872
119.3544,1,308.5269,607.3155,317.2251,598.6514
119.3718,1,299.5679,615.3581,308.3965,607.0048
119.3876,1,299.5679,615.3581,303.9822,611.1814
119.4048,1,298.6707,615.0584,301.3264,613.1199
119.4212,1,298.6707,615.0584,299.9985,614.0891
119.4397,1,422.454,621.3286,361.2263,617.7089
119.4662,1,682.1255,637.0772,521.6759,627.3931
119.4721,1,682.1255,637.0772,601.9008,632.2351
119.4764,1,682.1255,637.0772,642.0132,634.6561
119.4807,1,682.1255,637.0772,662.0693,635.8667
119.4956,1,1027.323,646.504,844.6959,641.1853
119.5098,1,1027.323,646.504,936.0092,643.8446
119.5145,1,1027.323,646.504,981.6659,645.1743
119.531,1,1242.471,656.0624,1112.068,650.6184
119.5505,1,1242.471,656.0624,1177.27,653.3405
119.5785,1,1341.128,660.6453,1259.199,656.9929
119.5832,1,1387.356,663.0652,1323.277,660.0291
119.5906,1,1387.356,663.0652,1355.316,661.5471
119.602,1,1387.356,663.0652,1371.336,662.3062
119.6094,1,1387.356,663.0652,1379.346,662.6857
119.6215,1,1408.681,663.2435,1394.013,662.9646
119.629,1,1408.681,663.2435,1401.347,663.1041
119.6335,1,1408.681,663.2435,1405.014,663.1738
119.6398,1,1408.681,663.2435,1406.847,663.2087
119.6468,1,1419.115,663.5178,1412.981,663.3632
119.6538,1,1419.115,663.5178,1416.048,663.4405
119.6633,1,1419.115,663.5178,1417.581,663.4791
119.6686,1,1419.115,663.5178,1418.348,663.4984
119.6764,1,1422.554,661.0281,1420.451,662.2632
119.6813,1,1422.554,661.0281,1421.502,661.6456
119.6921,1,1422.554,661.0281,1422.028,661.3369
119.6969,1,1422.554,661.0281,1422.291,661.1825
119.7021,1,1422.554,661.0281,1422.422,661.1053
119.7146,1,1411.65,653.697,1417.036,657.4011
119.7266,1,1411.65,653.697,1414.343,655.5491
119.7315,1,1411.65,653.697,1412.997,654.623
119.7483,1,1404.571,652.0391,1408.784,653.3311
119.7651,1,1401.728,652.8684,1405.256,653.0997
119.7843,1,1401.728,652.8684,1403.492,652.9841
119.8136,1,1398.919,651.8544,1401.206,652.4192
119.8306,1,1396.419,650.6757,1398.812,651.5475
119.845,1,1396.419,650.6757,1397.616,651.1116
119.8598,1,1394.325,649.2967,1395.97,650.2041
119.8756,1,1394.325,649.2967,1395.148,649.7504
119.8919,1,1377.324,643.0825,1386.236,646.4164
119.9092,1,1377.324,643.0825,1381.78,644.7495
119.9246,1,1223.805,566.6992,1302.792,605.7244
119.9441,1,899.0104,391.1131,1100.901,498.4187
119.961,1,899.0104,391.1131,999.9559,444.7659
119.9779,1,661.4196,263.6341,830.6877,354.2
119.9947,1,661.4196,263.6341,746.0537,308.9171
120.0139,1,559.8066,209.6433,652.9302,259.2802
120.0312,1,559.8066,209.6433,606.3684,234.4617
120.0481,1,517.5417,189.5068,561.9551,211.9843
120.0616,1,517.5417,189.5068,539.7484,200.7455
120.0805,1,499.851,183.5848,519.7997,192.1652
120.0966,1,493.8527,179.2679,506.8262,185.7166
120.114,1,493.8527,179.2679,500.3395,182.4922
120.131,1,481.5909,182.2008,490.9652,182.3465
120.1608,1,432.8082,248.9726,461.8867,215.6596
120.1664,1,432.8082,248.9726,447.3475,232.3161
120.1812,1,432.8082,248.9726,440.0778,240.6444
120.1974,1,344.036,403.669,392.0569,322.1567
120.228,1,272.4068,536.2114,332.2318,429.1841
120.2424,1,272.4068,536.2114,302.3193,482.6978
120.2508,1,228.158,613.4183,265.2387,548.058
120.2559,1,228.158,613.4183,246.6984,580.7382
120.2609,1,228.158,613.4183,237.4282,597.0782
120.2763,1,228.158,613.4183,232.7931,605.2483
120.2948,1,200.1198,658.4257,216.4564,631.837
120.3127,1,190.1045,682.8757,203.2805,657.3563
120.3331,1,190.1045,682.8757,196.6925,670.116
120.3454,1,183.9181,699.5768,190.3053,684.8464
120.3505,1,183.9181,699.5768,187.1117,692.2116
120.3561,1,183.9181,699.5768,185.5149,695.8942
120.3648,1,183.9181,699.5768,184.7165,697.7355
120.3714,1,172.5621,712.5269,178.6393,705.1312
120.3801,1,172.5621,712.5269,175.6007,708.829
120.3849,1,172.5621,712.5269,174.0814,710.6779
120.3953,1,172.5621,712.5269,173.3218,711.6024
120.4,1,164.804,721.0506,169.0629,716.3265
120.4113,1,164.804,721.0506,166.9335,718.6886
120.4156,1,164.804,721.0506,165.8687,719.8696
120.4274,1,164.804,721.0506,165.3364,720.4601
120.4321,1,157.7566,725.7145,161.5465,723.0873
120.4435,1,157.7566,725.7145,159.6516,724.4009
120.4491,1,157.7566,725.7145,158.7041,725.0577
120.4806,1,152.1928,730.0059,155.4484,727.5319
120.5168,1,187.5715,713.943,171.5099,720.7374
120.5371,1,278.8414,650.8761,225.1757,685.8068
120.5564,1,503.4942,437.9311,364.335,561.8689
120.5846,1,663.2594,275.3753,513.7972,418.6221
120.5908,1,663.2594,275.3753,588.5283,346.9987
120.6041,1,663.2594,275.3753,625.8939,311.187
120.6171,1,735.6942,198.9501,680.794,255.0685
120.6224,1,735.6942,198.9501,708.2441,227.0093
120.6362,1,735.6942,198.9501,721.9691,212.9797
120.6531,1,768.0848,166.3082,745.027,189.6439
120.671,1,781.4416,149.9695,763.2343,169.8067
120.6873,1,781.4416,149.9695,772.3379,159.8881
120.7029,1,790.6352,142.6913,781.4866,151.2897
120.7325,1,794.4144,138.6637,787.9504,144.9767
120.7519,1,794.4144,138.6637,791.1824,141.8202
120.7682,1,800.1484,135.1815,795.6654,138.5009
120.7962,1,803.176,132.8877,799.4207,135.6943
120.8141,1,803.176,132.8877,801.2983,134.291
120.8315,1,790.7593,161.0906,796.0288,147.6908
120.8713,1,778.9873,181.4312,787.5081,164.561
120.8868,1,760.8101,212.8636,774.1591,188.7123
120.8909,1,760.8101,212.8636,767.4846,200.788
120.8957,1,760.8101,212.8636,764.1473,206.8258
120.9,1,760.8101,212.8636,762.4788,209.8447
120.9146,1,739.6147,248.8278,751.0468,229.3362
120.9305,1,739.6147,248.8278,745.3307,239.082
120.9503,1,721.8829,279.3319,733.6068,259.207
120.9652,1,721.8829,279.3319,727.7449,269.2694
120.9797,1,707.8192,303.0506,717.782,286.16
120.984,1,707.8192,303.0506,712.8005,294.6053
120.9901,1,707.8192,303.0506,710.3098,298.8279
121.0034,1,698.4548,319.5526,704.3823,309.1903
121.0123,1,698.4548,319.5526,701.4186,314.3715
121.0288,1,698.4548,319.5526,699.9366,316.962
121.0584,1,691.0796,331.265,695.5081,324.1135
121.0699,1,688.4822,338.9474,691.9951,331.5305
121.0834,1,688.4822,338.9474,690.2386,335.2389
121.1039,1,629.7424,385.2498,659.9905,360.2443
121.1135,1,629.7424,385.2498,644.8665,372.747
121.1201,1,629.7424,385.2498,637.3044,378.9984
121.1292,1,464.3448,520.8153,550.8246,449.9069
121.1347,1,464.3448,520.8153,507.5847,485.3611
121.1437,1,464.3448,520.8153,485.9648,503.0882
121.1493,1,464.3448,520.8153,475.1548,511.9518
121.1609,1,323.6487,646.3602,399.4017,579.1559
121.1666,1,323.6487,646.3602,361.5252,612.7581
121.1814,1,323.6487,646.3602,342.5869,629.5591
121.2114,1,255.4337,707.8704,299.0103,668.7147
121.2295,1,224.0867,733.3146,261.5486,701.0146
121.2478,1,210.4345,743.4256,235.9915,722.2201
121.2788,1,204.2561,747.0795,220.1238,734.6498
121.2983,1,204.2561,747.0795,212.19,740.8646
121.3108,1,198.2259,747.9046,205.2079,744.3846
121.3149,1,198.2259,747.9046,201.7169,746.1447
121.3204,1,198.2259,747.9046,199.9714,747.0247
121.3303,1,198.2259,747.9046,199.0986,747.4646
121.3367,1,194.8918,748.5724,196.9952,748.0186
121.3466,1,194.8918,748.5724,195.9435,748.2955
121.3526,1,194.8918,748.5724,195.4177,748.434
121.363,1,194.8918,748.5724,195.1548,748.5032
121.3695,1,192.2616,749.035,193.7082,748.7691
121.378,1,192.2616,749.035,192.9849,748.9021
121.3823,1,192.2616,749.035,192.6232,748.9686
121.3934,1,192.2616,749.035,192.4424,749.0018
121.3984,1,222.0456,744.1754,207.244,746.5886
121.404,1,222.0456,744.1754,214.6448,745.382
121.4121,1,222.0456,744.1754,218.3452,744.7787
121.4171,1,222.0456,744.1754,220.1954,744.4771
121.4287,1,246.6508,700.2006,233.4231,722.3389
121.4332,1,246.6508,700.2006,240.0369,711.2698
121.4442,1,246.6508,700.2006,243.3439,705.7352
121.4493,1,246.6508,700.2006,244.9973,702.9679
121.4604,1,403.4262,522.3022,324.2118,612.6351
121.4648,1,403.4262,522.3022,363.819,567.4686
121.4834,1,403.4262,522.3022,383.6226,544.8854
121.494,1,582.8691,315.8043,483.2459,430.3449
121.4988,1,582.8691,315.8043,533.0575,373.0746
121.5128,1,582.8691,315.8043,557.9633,344.4395
121.5317,1,687.7272,191.8143,622.8452,268.1269
121.5472,1,732.2043,136.9434,677.5248,202.5352
121.5642,1,732.2043,136.9434,704.8645,169.7393
121.5821,1,752.848,113.9233,728.8563,141.8313
121.596,1,752.848,113.9233,740.8522,127.8773
121.6011,1,752.848,113.9233,746.8501,120.9003
121.6074,1,760.785,101.9688,753.8175,111.4345
121.6129,1,760.785,101.9688,757.3013,106.7016
121.617,1,760.785,101.9688,759.0431,104.3352
121.6226,1,760.785,101.9688,759.9141,103.152
121.6306,1,760.785,101.9688,760.3495,102.5604
121.6353,1,760.785,101.9688,760.5673,102.2646
121.643,1,763.7604,96.17886,762.1638,99.22171
121.6484,1,763.7604,96.17886,762.9622,97.70029
121.6539,1,763.7604,96.17886,763.3613,96.93958
121.6583,1,763.7604,96.17886,763.5609,96.55922
121.6625,1,763.7604,96.17886,763.6606,96.36904
121.6682,1,768.1319,94.15286,765.8962,95.26096
121.6781,1,768.1319,94.15286,767.014,94.70691
121.6826,1,768.1319,94.15286,767.573,94.42989
121.6941,1,768.1319,94.15286,767.8524,94.29137
121.6987,1,771.7266,92.30802,769.7895,93.2997
121.7088,1,771.7266,92.30802,770.7581,92.80386
121.7136,1,771.7266,92.30802,771.2423,92.55594
121.7223,1,771.7266,92.30802,771.4844,92.43198
121.7279,1,775.041,91.5864,773.2627,92.00919
121.7402,1,775.041,91.5864,774.1519,91.79779
121.7454,1,775.041,91.5864,774.5964,91.69209
121.7582,1,774.9953,90.62112,774.7959,91.15661
121.7634,1,774.9953,90.62112,774.8956,90.88887
121.7807,1,774.9953,90.62112,774.9454,90.755
121.7978,1,774.2911,89.7961,774.6183,90.27554
121.8127,1,774.2911,89.7961,774.4547,90.03582
121.8273,1,774.6486,88.82103,774.5516,89.42842
121.8439,1,774.6486,88.82103,774.6001,89.12473
121.8611,1,764.7109,99.57323,769.6555,94.34898
121.8784,1,741.4338,127.683,755.5447,111.016
121.8976,1,741.4338,127.683,748.4893,119.3495
121.9141,1,697.2448,184.3945,722.867,151.872
121.9325,1,697.2448,184.3945,710.0559,168.1332
121.9606,1,657.6068,234.7624,683.8314,201.4478
121.9662,1,657.6068,234.7624,670.7191,218.1051
121.9802,1,629.6979,270.894,650.2085,244.4995
121.9958,1,629.6979,270.894,639.9532,257.6967
122.0143,1,613.4734,293.2023,626.7134,275.4495
122.045,1,589.963,312.9283,608.3382,294.1889
122.0643,1,484.5081,419.9673,546.4232,357.0781
122.0836,1,484.5081,419.9673,515.4656,388.5226
122.0996,1,338.1182,596.0205,426.7919,492.2716
122.1186,1,338.1182,596.0205,382.455,544.1461
122.1348,1,249.4116,697.4659,315.9333,620.806
122.1648,1,206.5037,745.3413,261.2185,683.0737
122.1841,1,185.0831,767.1893,223.1508,725.1315
122.2043,1,185.0831,767.1893,204.117,746.1604
122.2312,1,174.2979,776.5689,189.2074,761.3646
122.2463,1,168.0465,782.6737,178.627,772.0192
122.2651,1,168.0465,782.6737,173.3367,777.3464
122.283,1,163.3202,787.4626,168.3284,782.4045
122.3027,1,158.8695,794.0551,163.599,788.2299
122.3212,1,158.8695,794.0551,161.2342,791.1425
122.3396,1,156.9093,798.7695,159.0718,794.956
122.3556,1,156.9093,798.7695,157.9905,796.8628
122.3732,1,176.9865,801.5551,167.4885,799.2089
122.391,1,176.9865,801.5551,172.2375,800.382
122.4082,1,311.3251,823.0002,241.7813,811.691
122.4269,1,658.3376,845.012,450.0594,828.3516
122.4494,1,658.3376,845.012,554.1985,836.6818
122.4654,1,1092.352,861.8477,823.2752,849.2648
122.4854,1,1360.071,866.6176,1091.673,857.9412
122.5015,1,1360.071,866.6176,1225.872,862.2794
122.5195,1,1468.287,866.5743,1347.079,864.4268
122.5381,1,1468.287,866.5743,1407.683,865.5005
122.5529,1,1508.391,858.5565,1458.037,862.0286
122.5665,1,1508.391,858.5565,1483.214,860.2925
122.5835,1,1524.883,854.2133,1504.049,857.2529
122.6024,1,1524.883,854.2133,1514.466,855.7332
122.6188,1,1533.149,852.1188,1523.808,853.926
122.6361,1,1536.924,849.8406,1530.366,851.8833
122.6528,1,1536.924,849.8406,1533.645,850.8619
122.6688,1,1539.723,847.7872,1536.684,849.3246
122.6869,1,1539.723,847.7872,1538.203,848.5559
122.699,1,1541.372,845.7002,1539.788,847.1281
122.7039,1,1541.372,845.7002,1540.58,846.4141
122.7101,1,1541.372,845.7002,1540.976,846.0571
122.7211,1,1541.372,845.7002,1541.174,845.8787
122.7254,1,1542.123,844.5218,1541.648,845.2002
122.741,1,1542.123,844.5218,1541.885,844.861
122.7574,1,1542.511,844.1119,1542.198,844.4865
122.793,1,1544.593,843.0638,1543.396,843.7751
122.8128,1,1544.593,843.0638,1543.994,843.4194
122.8176,1,1547.761,828.3323,1545.878,835.8759
122.8229,1,1547.761,828.3323,1546.82,832.1041
122.8282,1,1547.761,828.3323,1547.291,830.2183
122.8325,1,1547.761,828.3323,1547.526,829.2753
122.8395,1,1547.761,828.3323,1547.644,828.8038
122.8443,1,1547.761,828.3323,1547.702,828.5681
122.8498,1,1550.458,808.7211,1549.08,818.6447
122.8591,1,1550.458,808.7211,1549.77,813.6829
122.8638,1,1550.458,808.7211,1550.114,811.202
122.8744,1,1550.458,808.7211,1550.286,809.9615
122.8793,1,1553.519,792.173,1551.902,801.0673
122.8917,1,1553.519,792.173,1552.711,796.6201
122.8967,1,1553.519,792.173,1553.115,794.3966
122.9134,1,1555.771,778.1563,1554.443,786.2764
122.9325,1,1555.771,778.1563,1555.107,782.2163
122.9604,1,1555.719,769.3408,1555.413,775.7786
122.9794,1,1556.743,757.8228,1556.078,766.8007
123.0133,1,1557.288,749.3191,1556.683,758.0599
123.0435,1,1553.44,745.7076,1555.061,751.8837
123.0626,1,1550.195,743.5719,1552.628,747.7278
123.0801,1,1550.195,743.5719,1551.412,745.6498
123.1029,1,1547.444,739.533,1549.428,742.5914
123.1205,1,1547.07,731.1301,1548.249,736.8607
123.1353,1,1547.07,731.1301,1547.659,733.9954
123.1528,1,1546.672,724.2133,1547.166,729.1043
123.1842,1,1543.19,723.025,1545.178,726.0647
123.2032,1,1543.19,723.025,1544.184,724.5449
123.2165,1,1547.844,709.5794,1546.014,717.0621
123.2227,1,1547.844,709.5794,1546.929,713.3208
123.2338,1,1547.844,709.5794,1547.386,711.4501
123.2392,1,1558.846,669.2265,1553.116,690.3383
123.2529,1,1558.846,669.2265,1555.981,679.7823
123.2691,1,1560.153,650.9009,1558.067,665.3417
123.2872,1,1560.153,650.9009,1559.11,658.1213
123.3024,1,1553.414,660.8936,1556.262,659.5074
123.3199,1,1553.414,660.8936,1554.838,660.2005
123.3349,1,1548.058,668.6687,1551.448,664.4346
123.3397,1,1548.058,668.6687,1549.753,666.5516
123.3447,1,1548.058,668.6687,1548.906,667.6102
123.3499,1,1548.058,668.6687,1548.482,668.1394
123.3628,1,1545.071,672.9061,1546.776,670.5227
123.3788,1,1545.071,672.9061,1545.924,671.7144
123.3975,1,1542.501,671.5726,1544.212,671.6434
123.4346,1,1540.777,646.8606,1542.494,659.252
123.4554,1,1540.777,646.8606,1541.635,653.0563
123.4605,1,1540.777,646.8606,1541.206,649.9584
123.4932,1,1540.777,646.8606,1540.991,648.4095
123.5107,1,1519.844,585.6605,1530.417,617.035
123.532,1,1519.844,585.6605,1525.13,601.3478
123.5492,1,1513.066,598.4266,1519.098,599.8872
123.5832,1,1507.3,608.7169,1513.199,604.3021
123.6018,1,1500.655,621.1226,1506.927,612.7123
123.6219,1,1500.655,621.1226,1503.791,616.9174
123.6358,1,1492.889,636.2955,1498.34,626.6064
123.652,1,1492.889,636.2955,1495.615,631.4509
123.6787,1,1485.051,649.9725,1490.333,640.7117
123.6929,1,1478.048,660.0018,1484.19,650.3567
123.7127,1,1478.048,660.0018,1481.119,655.1792
123.7257,1,1472.425,667.8954,1476.772,661.5373
123.7309,1,1472.425,667.8954,1474.598,664.7163
123.7365,1,1472.425,667.8954,1473.512,666.3058
123.7408,1,1472.425,667.8954,1472.968,667.1006
123.7654,1,1468.282,673.7004,1470.625,670.4005
123.7803,1,1468.282,673.7004,1469.454,672.0505
123.7958,1,1464.848,677.4754,1467.151,674.7629
123.8138,1,1462.56,679.4855,1464.855,677.1243
123.8324,1,1462.56,679.4855,1463.708,678.3049
123.8623,1,1459.224,682.4307,1461.466,680.3678
123.8764,1,1456.059,684.2145,1458.762,682.2911
123.8817,1,1456.059,684.2145,1457.411,683.2528
123.8874,1,1456.059,684.2145,1456.735,683.7336
123.8982,1,1456.059,684.2145,1456.397,683.9741
123.9149,1,1453.568,686.0211,1454.983,684.9976
123.9302,1,1453.568,686.0211,1454.276,685.5093
123.9505,1,1452.207,687.2195,1453.241,686.3644
123.9665,1,1450.867,688.1312,1452.054,687.2478
123.9988,1,1449.935,689.8287,1450.995,688.5383
124.0154,1,1449.935,689.8287,1450.465,689.1835
124.0198,1,1449.935,689.8287,1450.2,689.5061
124.0243,1,1448.828,691.5383,1449.514,690.5222
124.044,1,1448.828,691.5383,1449.171,691.0303
124.0611,1,1448.285,693.9886,1448.728,692.5094
124.0963,1,1448.268,697.4748,1448.498,694.9921
124.1148,1,1449.238,702.607,1448.868,698.7996
124.1317,1,1449.238,702.607,1449.053,700.7032
124.1474,1,1449.741,708.8733,1449.397,704.7883
124.1817,1,1450.648,716.2125,1450.022,710.5004
124.2033,1,1450.648,716.2125,1450.335,713.3564
124.2202,1,1450.986,722.7784,1450.661,718.0674
124.2351,1,1450.907,730.0518,1450.784,724.0596
124.2662,1,1448.433,737.5562,1449.608,730.8079
124.2856,1,1448.433,737.5562,1449.021,734.182
124.3167,1,1445.892,739.8386,1447.456,737.0103
124.3366,1,1441.65,743.3163,1444.553,740.1633
124.3532,1,1441.65,743.3163,1443.102,741.7398
124.3715,1,1437.102,744.7149,1440.102,743.2274
124.3991,1,1432.813,744.316,1436.457,743.7717
124.4196,1,1429.239,742.7365,1432.848,743.254
124.449,1,1425.762,740.8261,1429.305,742.04
124.4642,1,1425.762,740.8261,1427.534,741.4331
124.4691,1,1425.762,740.8261,1426.648,741.1296
124.4736,1,1425.762,740.8261,1426.205,740.9779
124.4907,1,1421.889,737.9338,1424.047,739.4559
124.5087,1,1417.471,734.2249,1420.759,736.8403
124.5269,1,1417.471,734.2249,1419.115,735.5326
124.5577,1,1413.231,729.9684,1416.173,732.7505
124.5734,1,1408.891,725.5067,1412.532,729.1285
124.5774,1,1408.891,725.5067,1410.712,727.3176
124.5813,1,1408.891,725.5067,1409.802,726.4121
124.591,1,1408.891,725.5067,1409.346,725.9594
124.5953,1,1408.891,725.5067,1409.119,725.733
124.5996,1,1405.377,720.6387,1407.248,723.1859
124.6118,1,1405.377,720.6387,1406.313,721.9122
124.6262,1,1405.377,720.6387,1405.845,721.2755
124.6317,1,1401.678,714.8777,1403.761,718.0766
124.6449,1,1401.678,714.8777,1402.72,716.4772
124.6497,1,1401.678,714.8777,1402.199,715.6775
124.6556,1,1401.678,714.8777,1401.938,715.2776
124.6601,1,1397.83,708.8892,1399.884,712.0834
124.6735,1,1397.83,708.8892,1398.857,710.4863
124.6779,1,1397.83,708.8892,1398.343,709.6877
124.6936,1,1394.503,703.3268,1396.423,706.5073
124.7107,1,1394.503,703.3268,1395.463,704.917
124.7427,1,1391.074,700.6835,1393.269,702.8003
124.7634,1,1388.431,701.7262,1390.85,702.2632
124.7987,1,1386.484,700.4639,1388.667,701.3636
124.8132,1,1384.87,700.3412,1386.768,700.8524
124.8184,1,1384.87,700.3412,1385.819,700.5968
124.8341,1,1384.87,700.3412,1385.344,700.469
124.8448,1,1383.736,700.5743,1384.54,700.5217
124.8501,1,1383.736,700.5743,1384.138,700.548
124.8634,1,1383.736,700.5743,1383.937,700.5612
124.8778,1,1382.81,702.035,1383.374,701.2981
124.8948,1,1382.81,702.035,1383.092,701.6665
124.9083,1,1382.268,703.1933,1382.68,702.4299
124.9236,1,1382.268,703.1933,1382.474,702.8116
124.9419,1,1381.594,705.3125,1382.034,704.0621
124.9618,1,1380.758,708.1868,1381.396,706.1245
124.9798,1,1380.758,708.1868,1381.077,707.1556
125.0134,1,1379.498,712.6052,1380.287,709.8804
125.028,1,1377.486,713.3958,1378.887,711.6381
125.0321,1,1377.486,713.3958,1378.187,712.517
125.0411,1,1377.486,713.3958,1377.836,712.9564
125.0451,1,1377.486,713.3958,1377.661,713.1761
125.0505,1,1373.167,718.7645,1375.414,715.9703
125.0633,1,1373.167,718.7645,1374.291,717.3674
125.077,1,1373.167,718.7645,1373.729,718.0659
125.0823,1,1368.273,724.4564,1371.001,721.2611
125.0968,1,1368.273,724.4564,1369.637,722.8588
125.1128,1,1363.597,728.9407,1366.617,725.8997
125.1308,1,1363.597,728.9407,1365.107,727.4202
125.1628,1,1360.117,733.4959,1362.612,730.458
125.1788,1,1356.901,737.2323,1359.756,733.8452
125.1834,1,1356.901,737.2323,1358.329,735.5387
125.19,1,1356.901,737.2323,1357.615,736.3855
125.199,1,1356.901,737.2323,1357.258,736.8089
125.2043,1,1350.055,736.1099,1353.656,736.4594
125.2155,1,1350.055,736.1099,1351.856,736.2846
125.2215,1,1350.055,736.1099,1350.955,736.1973
125.2286,1,1350.055,736.1099,1350.505,736.1536
125.2334,1,1346.07,737.1591,1348.287,736.6563
125.2414,1,1346.07,737.1591,1347.178,736.9077
125.2467,1,1346.07,737.1591,1346.624,737.0334
125.2518,1,1346.07,737.1591,1346.347,737.0962
125.2624,1,1344.114,740.7279,1345.23,738.912
125.2682,1,1344.114,740.7279,1344.672,739.8199
125.2785,1,1344.114,740.7279,1344.393,740.2739
125.2833,1,1344.114,740.7279,1344.254,740.5009
125.2948,1,1342.829,744.6619,1343.541,742.5814
125.2994,1,1342.829,744.6619,1343.185,743.6217
125.3149,1,1342.829,744.6619,1343.007,744.1418
125.3298,1,1341.194,748.1124,1342.101,746.1271
125.3467,1,1341.194,748.1124,1341.647,747.1198
125.3655,1,1339.315,751.5856,1340.481,749.3527
125.397,1,1337.398,754.856,1338.939,752.1044
125.4027,1,1337.398,754.856,1338.169,753.4802
125.4077,1,1337.398,754.856,1337.783,754.1681
125.4163,1,1335.296,757.6831,1336.539,755.9256
125.4217,1,1335.296,757.6831,1335.917,756.8043
125.4293,1,1335.296,757.6831,1335.606,757.2437
125.4342,1,1335.296,757.6831,1335.451,757.4634
125.4395,1,1335.296,757.6831,1335.373,757.5732
125.4484,1,1332.177,756.4396,1333.775,757.0064
125.4539,1,1332.177,756.4396,1332.976,756.723
125.4617,1,1332.177,756.4396,1332.577,756.5813
125.4669,1,1332.177,756.4396,1332.377,756.5104
125.4725,1,1332.177,756.4396,1332.277,756.475
125.4795,1,1329.7,756.505,1330.989,756.49
125.4852,1,1329.7,756.505,1330.344,756.4975
125.4944,1,1329.7,756.505,1330.022,756.5012
125.5,1,1329.7,756.505,1329.861,756.5031
125.5091,1,1328.153,757.7122,1329.007,757.1077
125.5141,1,1328.153,757.7122,1328.58,757.4099
125.5201,1,1328.153,757.7122,1328.367,757.561
125.5303,1,1328.153,757.7122,1328.26,757.6366
125.5363,1,1325.936,758.0269,1327.098,757.8317
125.5472,1,1325.936,758.0269,1326.517,757.9293
125.5526,1,1325.936,758.0269,1326.227,757.9781
125.5629,1,1325.936,758.0269,1326.081,758.0024
125.5691,1,1325.309,761.2305,1325.695,759.6165
125.5792,1,1325.309,761.2305,1325.502,760.4235
125.5839,1,1325.309,761.2305,1325.406,760.827
125.5958,1,1324.964,763.8526,1325.185,762.3398
125.6006,1,1324.964,763.8526,1325.075,763.0962
125.6148,1,1324.964,763.8526,1325.02,763.4744
125.6309,1,1324.423,766.3137,1324.721,764.894
125.647,1,1324.423,766.3137,1324.572,765.6039
125.6597,1,1321.118,769.3337,1322.845,767.4688
125.6638,1,1321.118,769.3337,1321.981,768.4012
125.6694,1,1321.118,769.3337,1321.55,768.8674
125.6742,1,1321.118,769.3337,1321.334,769.1006
125.6933,1,1316.826,772.4219,1319.08,770.7612
125.7085,1,1316.826,772.4219,1317.953,771.5916
125.7159,1,1313.444,775.04,1315.698,773.3158
125.7224,1,1313.444,775.04,1314.571,774.1779
125.7322,1,1313.444,775.04,1314.007,774.6089
125.7383,1,1313.444,775.04,1313.726,774.8245
125.7439,1,1313.444,775.04,1313.585,774.9323
125.749,1,1310.15,777.461,1311.867,776.1967
125.755,1,1310.15,777.461,1311.009,776.8289
125.7608,1,1310.15,777.461,1310.579,777.1449
125.7653,1,1310.15,777.461,1310.365,777.303
125.7723,1,1310.15,777.461,1310.257,777.382
125.7812,1,1307.185,779.8853,1308.721,778.6337
125.7889,1,1307.185,779.8853,1307.953,779.2595
125.7959,1,1307.185,779.8853,1307.569,779.5724
125.8012,1,1307.185,779.8853,1307.377,779.7289
125.8116,1,1304.132,781.8731,1305.755,780.801
125.8173,1,1304.132,781.8731,1304.944,781.337
125.8278,1,1304.132,781.8731,1304.538,781.6051
125.8326,1,1304.132,781.8731,1304.335,781.7391
125.8438,1,1300.984,783.7006,1302.659,782.7198
125.8588,1,1300.984,783.7006,1301.822,783.2102
125.8641,1,1300.984,783.7006,1301.403,783.4554
125.8812,1,1297.587,784.6284,1299.495,784.0419
125.9111,1,1295.5,785.4684,1297.498,784.7551
125.9277,1,1293.719,786.2403,1295.608,785.4977
125.944,1,1293.719,786.2403,1294.663,785.869
125.9606,1,1292.141,786.7886,1293.402,786.3289
125.9759,1,1292.141,786.7886,1292.771,786.5587
125.9953,1,1290.394,787.3308,1291.583,786.9448
126.0219,1,1288.475,787.526,1290.029,787.2354
126.0272,1,1288.475,787.526,1289.252,787.3807
126.0319,1,1288.475,787.526,1288.864,787.4534
126.043,1,1288.475,787.526,1288.67,787.4897
126.0488,1,1286.471,787.7445,1287.57,787.6171
126.0649,1,1286.471,787.7445,1287.021,787.6808
126.0823,1,1284.409,788.1974,1285.715,787.9391
126.0994,1,1284.409,788.1974,1285.062,788.0682
126.1163,1,1282.213,789.2836,1283.637,788.6759
126.1322,1,1282.213,789.2836,1282.925,788.9797
126.1476,1,1280.112,789.9985,1281.519,789.4891
126.1629,1,1280.112,789.9985,1280.816,789.7438
126.1778,1,1278.4,790.7409,1279.608,790.2423
126.1944,1,1278.4,790.7409,1279.004,790.4916
126.2093,1,1276.967,791.4526,1277.985,790.9721
126.2252,1,1276.967,791.4526,1277.476,791.2124
126.2353,1,1259.537,780.1979,1268.506,785.7051
126.2405,1,1259.537,780.1979,1264.021,782.9515
126.2474,1,1259.537,780.1979,1261.779,781.5747
126.2522,1,1259.537,780.1979,1260.658,780.8863
126.2575,1,1154.651,699.9722,1207.654,740.4292
126.2641,1,1154.651,699.9722,1181.152,720.2007
126.2703,1,1154.651,699.9722,1167.901,710.0864
126.2776,1,1154.651,699.9722,1161.276,705.0293
126.2826,1,1154.651,699.9722,1157.963,702.5007
126.2895,1,863.8341,469.4518,1010.899,585.9763
126.2942,1,863.8341,469.4518,937.3663,527.7141
126.2992,1,863.8341,469.4518,900.6002,498.583
126.3107,1,863.8341,469.4518,882.2172,484.0174
126.3176,1,523.1215,199.8709,702.6693,341.9441
126.3288,1,523.1215,199.8709,612.8954,270.9075
126.3338,1,523.1215,199.8709,568.0084,235.3892
126.3515,1,355.6236,65.39664,461.816,150.3929
126.3628,1,355.6236,65.39664,408.7198,107.8948
126.378,1,355.6236,65.39664,382.1717,86.64571
126.3978,1,301.6775,20.48328,341.9246,53.56449
126.4131,1,283.4108,3.256343,312.6677,28.41042
126.4287,1,283.4108,3.256343,298.0392,15.83338
126.4444,1,274.8654,-5.732869,286.4523,5.050256
126.4643,1,274.8654,-5.732869,280.6588,-0.3413064
126.4788,1,268.4984,-5.689601,274.5786,-3.015454
126.4827,1,268.4984,-5.689601,271.5385,-4.352528
126.4894,1,268.4984,-5.689601,270.0185,-5.021064
126.4975,1,268.4984,-5.689601,269.2585,-5.355332
126.5029,1,263.2052,-10.21515,266.2319,-7.785242
126.5121,1,263.2052,-10.21515,264.7186,-9.000196
126.5165,1,263.2052,-10.21515,263.9619,-9.607674
126.5223,1,263.2052,-10.21515,263.5836,-9.911412
126.5307,1,259.6133,-9.673837,261.5984,-9.792624
126.5365,1,259.6133,-9.673837,260.6058,-9.733231
126.543,1,259.6133,-9.673837,260.1096,-9.703533
126.5483,1,259.6133,-9.673837,259.8614,-9.688684
126.5543,1,259.6133,-9.673837,259.7373,-9.681261
126.5633,1,260.6837,-10.62907,260.2105,-10.15517
126.5693,1,260.6837,-10.62907,260.4471,-10.39212
126.5777,1,260.6837,-10.62907,260.5654,-10.5106
126.5824,1,260.6837,-10.62907,260.6246,-10.56983
126.5908,1,264.1873,-11.08332,262.4059,-10.82657
126.5956,1,264.1873,-11.08332,263.2966,-10.95494
126.6005,1,264.1873,-11.08332,263.742,-11.01913
126.6113,1,264.1873,-11.08332,263.9647,-11.05122
126.616,1,264.1873,-11.08332,264.076,-11.06727
126.6268,1,289.9358,6.424522,277.0059,-2.321374
126.6319,1,289.9358,6.424522,283.4708,2.051574
126.6449,1,289.9358,6.424522,286.7033,4.238048
126.6623,1,361.7401,24.41721,324.2217,14.32763
126.686,1,361.7401,24.41721,342.9809,19.37242
126.7011,1,361.7401,24.41721,352.3605,21.89482
126.7073,1,361.7401,24.41721,357.0503,23.15601
126.7374,1,770.2296,279.6765,563.6399,151.4163
126.7517,1,968.2247,439.2604,765.9323,295.3383
126.7697,1,968.2247,439.2604,867.0785,367.2994
126.7745,1,1081.127,571.8989,974.1027,469.5992
126.7798,1,1081.127,571.8989,1027.615,520.749
126.7848,1,1081.127,571.8989,1054.371,546.324
126.7999,1,1081.127,571.8989,1067.749,559.1115
126.8169,1,1122.471,643.7026,1095.11,601.407
126.8332,1,1140.252,655.6152,1117.681,628.5111
126.8489,1,1140.252,655.6152,1128.966,642.0631
126.8643,1,1160.593,644.7886,1144.78,643.4258
126.9118,1,1165.288,640.6475,1155.034,642.0367
126.9167,1,1165.288,640.6475,1160.161,641.3421
126.9335,1,1162.163,631.7464,1161.162,636.5443
126.9396,1,1162.163,631.7464,1161.662,634.1453
126.9452,1,1162.163,631.7464,1161.913,632.9459
126.9503,1,1162.163,631.7464,1162.038,632.3461
126.9565,1,1154.667,623.1401,1158.352,627.7431
126.9639,1,1154.667,623.1401,1156.51,625.4416
126.9703,1,1154.667,623.1401,1155.589,624.2908
126.9755,1,1154.667,623.1401,1155.128,623.7155
126.9809,1,1154.667,623.1401,1154.898,623.4277
126.9881,1,1141.701,616.4376,1148.3,619.9327
127.0017,1,1141.701,616.4376,1145,618.1852
127.0077,1,1141.701,616.4376,1143.351,617.3114
127.0148,1,1133.096,611.9207,1138.224,614.6161
127.0249,1,1133.096,611.9207,1135.66,613.2684
127.0307,1,1133.096,611.9207,1134.378,612.5946
127.0471,1,1129.369,606.5827,1131.873,609.5886
127.0798,1,1107.621,576.8386,1119.747,593.2136
127.0852,1,1107.621,576.8386,1113.684,585.0261
127.0907,1,1107.621,576.8386,1110.652,580.9324
127.1111,1,1010.142,421.6595,1060.397,501.2959
127.1777,1,848.3354,95.7563,954.3662,298.5261
127.1919,1,848.3354,95.7563,901.3508,197.1412
127.1976,1,813.3914,49.70471,857.3711,123.423
127.2081,1,813.3914,49.70471,835.3812,86.56384
127.2142,1,813.3914,49.70471,824.3863,68.13428
127.2251,1,787.112,33.00824,805.7491,50.57126
127.2319,1,787.112,33.00824,796.4305,41.78975
127.2484,1,787.112,33.00824,791.7712,37.39899
127.2592,1,754.3933,27.06451,773.0823,32.23175
127.2644,1,754.3933,27.06451,763.7378,29.64813
127.281,1,754.3933,27.06451,759.0656,28.35632
127.2959,1,747.3806,22.61973,753.2231,25.48802
127.3667,1,711.064,6.143082,732.1436,15.81555
127.3726,1,711.064,6.143082,721.6038,10.97932
127.3842,1,699.8421,4.347142,710.7229,7.663229
127.3899,1,699.8421,4.347142,705.2825,6.005186
127.4033,1,699.8421,4.347142,702.5623,5.176164
127.4089,1,688.9424,4.468037,695.7523,4.822101
127.4151,1,688.9424,4.468037,692.3474,4.645069
127.4201,1,688.9424,4.468037,690.6449,4.556553
127.4295,1,688.9424,4.468037,689.7937,4.512295
127.4349,1,688.9424,4.468037,689.368,4.490166
127.4425,1,681.4082,0.4988708,685.3881,2.494518
127.4488,1,681.4082,0.4988708,683.3982,1.496695
127.4606,1,681.4082,0.4988708,682.4032,0.9977827
127.4672,1,630.8126,-1.113684,656.6079,-0.05795085
127.4791,1,630.8126,-1.113684,643.7102,-0.5858176
127.4986,1,521.3408,5.851193,582.5255,2.632688
127.5167,1,521.3408,5.851193,551.9332,4.24194
127.5562,1,446.9101,11.03687,499.4216,7.639408
127.5626,1,392.0004,16.35303,445.711,11.99622
127.5695,1,392.0004,16.35303,418.8557,14.17462
127.5743,1,392.0004,16.35303,405.428,15.26383
127.6232,1,336.3224,22.04948,370.8752,18.65665
127.6301,1,336.3224,22.04948,353.5988,20.35307
127.6352,1,336.3224,22.04948,344.9606,21.20127
127.6407,1,336.3224,22.04948,340.6415,21.62538
127.6506,1,336.3224,22.04948,338.482,21.83743
127.6568,1,336.3224,22.04948,337.4022,21.94345
127.6652,1,336.3224,22.04948,336.8623,21.99647
127.6713,1,336.3224,22.04948,336.5924,22.02298
127.682,1,336.3224,22.04948,336.4574,22.03623
127.6882,1,336.3224,22.04948,336.39,22.04285
127.6968,1,336.3224,22.04948,336.3562,22.04617
127.7032,1,336.3224,22.04948,336.3393,22.04782
127.7136,1,330.9617,6.243013,333.6505,14.14542
127.7202,1,330.9617,6.243013,332.3061,10.19422
127.7289,1,330.9617,6.243013,331.6339,8.218615
127.7355,1,330.9617,6.243013,331.2978,7.230814
127.7405,1,344.0756,16.43635,337.6867,11.83358
127.7495,1,344.0756,16.43635,340.8811,14.13497
127.7588,1,344.0756,16.43635,342.4783,15.28566
127.7774,1,352.6464,27.94633,347.5623,21.616
127.7918,1,352.6464,27.94633,350.1044,24.78117
127.8091,1,358.9677,40.03367,354.536,32.40742
127.8266,1,358.9677,40.03367,356.7518,36.22054
127.8393,1,353.5821,47.93462,355.167,42.07758
127.8496,1,353.5821,47.93462,354.3745,45.0061
127.8556,1,353.5821,47.93462,353.9783,46.47036
127.868,1,337.7425,49.45107,345.8604,47.96072
127.8802,1,337.7425,49.45107,341.8015,48.70589
127.8872,1,337.7425,49.45107,339.772,49.07848
127.8969,1,324.3779,50.63195,332.0749,49.85521
127.903,1,324.3779,50.63195,328.2264,50.24358
127.915,1,324.3779,50.63195,326.3021,50.43776
127.9234,1,312.6017,52.51282,319.4519,51.47529
127.9307,1,312.6017,52.51282,316.0268,51.99405
127.9474,1,312.6017,52.51282,314.3142,52.25343
127.9585,1,301.6626,54.05759,307.9884,53.15551
127.9649,1,301.6626,54.05759,304.8255,53.60655
127.9801,1,292.6465,55.91864,298.736,54.7626
127.9881,1,292.6465,55.91864,295.6912,55.34061
127.9933,1,292.6465,55.91864,294.1689,55.62962
128.0051,1,292.6465,55.91864,293.4077,55.77413
128.0113,1,285.6188,57.47901,289.5132,56.62657
128.0299,1,285.6188,57.47901,287.566,57.05279
128.0618,1,280.7833,58.96344,284.1747,58.00812
128.0807,1,276.0541,59.34334,280.1144,58.67573
128.1096,1,270.2471,59.56329,275.1807,59.11951
128.1268,1,270.2471,59.56329,272.7139,59.3414
128.1382,1,320.8026,59.65854,296.7582,59.49997
128.1423,1,320.8026,59.65854,308.7804,59.57925
128.1477,1,320.8026,59.65854,314.7915,59.6189
128.1524,1,320.8026,59.65854,317.797,59.63872
128.162,1,702.7217,63.63527,510.2593,61.63699
128.1671,1,702.7217,63.63527,606.4905,62.63613
128.1749,1,702.7217,63.63527,654.6061,63.1357
128.1803,1,702.7217,63.63527,678.6639,63.38548
128.1867,1,702.7217,63.63527,690.6927,63.51038
128.1921,1,1191.343,56.24455,941.0179,59.87746
128.1977,1,1191.343,56.24455,1066.18,58.061
128.2069,1,1191.343,56.24455,1128.762,57.15278
128.2142,1,1191.343,56.24455,1160.052,56.69866
128.2751,1,1549.27,48.50568,1354.661,52.60217
128.2884,1,1591.916,49.45937,1473.289,51.03077
128.3051,1,1591.916,49.45937,1532.602,50.24507
128.3169,1,1665.471,59.68707,1599.036,54.96607
128.323,1,1665.471,59.68707,1632.254,57.32657
128.3323,1,1665.471,59.68707,1648.862,58.50682
128.3429,1,1702.835,67.58614,1675.849,63.04648
128.3509,1,1702.835,67.58614,1689.342,65.31631
128.3606,1,1702.835,67.58614,1696.089,66.45123
128.3666,1,1702.835,67.58614,1699.462,67.01869
128.377,1,1715.03,68.50214,1707.246,67.76041
128.3819,1,1715.03,68.50214,1711.138,68.13127
128.39,1,1715.03,68.50214,1713.084,68.3167
128.396,1,1715.03,68.50214,1714.057,68.40942
128.411,1,1723.393,70.02843,1718.725,69.21893
128.4161,1,1723.393,70.02843,1721.059,69.62367
128.4378,1,1729.418,72.74611,1725.239,71.18489
128.4424,1,1729.418,72.74611,1727.328,71.9655
128.4488,1,1729.418,72.74611,1728.373,72.3558
128.4807,1,1728.227,79.99029,1728.3,76.17305
128.4984,1,1655.125,193.7136,1691.713,134.9433
128.519,1,1655.125,193.7136,1673.419,164.3285
128.5328,1,1444.193,485.8896,1558.806,325.1091
128.5382,1,1444.193,485.8896,1501.5,405.4994
128.5469,1,1444.193,485.8896,1472.847,445.6945
128.5515,1,1444.193,485.8896,1458.52,465.7921
128.5603,1,1290.522,703.1942,1374.521,584.4932
128.5646,1,1290.522,703.1942,1332.521,643.8437
128.5712,1,1290.522,703.1942,1311.522,673.5189
128.5856,1,1228.742,803.1236,1270.132,738.3213
128.5932,1,1228.742,803.1236,1249.437,770.7224
128.5977,1,1228.742,803.1236,1239.089,786.923
128.603,1,1228.742,803.1236,1233.916,795.0233
128.619,1,1201.921,828.8044,1217.918,811.9139
128.6329,1,1201.921,828.8044,1209.92,820.3591
128.6479,1,1194.478,837.3596,1202.199,828.8594
128.6638,1,1194.478,837.3596,1198.338,833.1095
128.6974,1,1192.473,847.5267,1195.406,840.3181
128.7173,1,1191.754,857.478,1193.58,848.8981
128.7476,1,1187.531,854.5007,1190.556,851.6994
128.7818,1,1186.469,849.1894,1188.512,850.4444
128.8049,1,1185.028,845.9958,1186.77,848.2201
128.8226,1,1185.028,845.9958,1185.899,847.108
128.8372,1,1194.009,839.7912,1189.954,843.4496
128.8547,1,1194.009,839.7912,1191.981,841.6204
128.9021,1,1145.513,765.3391,1168.747,803.4797
128.9343,1,1145.513,765.3391,1157.13,784.4094
128.94,1,1145.513,765.3391,1151.322,774.8743
128.9448,1,1145.513,765.3391,1148.417,770.1067
128.9503,1,1186.629,775.0611,1167.523,772.5839
128.9847,1,1195.832,785.8578,1181.678,779.2208
129.0124,1,1202.235,792.8577,1191.957,786.0392
129.0308,1,1202.235,792.8577,1197.096,789.4485
129.0434,1,1212.591,805.6858,1204.844,797.5671
129.0483,1,1212.591,805.6858,1208.717,801.6265
129.0534,1,1212.591,805.6858,1210.654,803.6561
129.058,1,1212.591,805.6858,1211.623,804.671
129.0733,1,1223.287,819.6172,1217.455,812.1441
129.089,1,1223.287,819.6172,1220.371,815.8807
129.0988,1,1231.806,829.7863,1226.089,822.8335
129.1036,1,1231.806,829.7863,1228.948,826.3099
129.1121,1,1231.806,829.7863,1230.377,828.0481
129.1169,1,1231.806,829.7863,1231.092,828.9172
129.1216,1,1231.806,829.7863,1231.449,829.3517
129.132,1,1253.038,814.4109,1242.244,821.8813
129.1378,1,1253.038,814.4109,1247.641,818.1461
129.1447,1,1253.038,814.4109,1250.34,816.2786
129.15,1,1253.038,814.4109,1251.689,815.3447
129.1552,1,1253.038,814.4109,1252.364,814.8778
129.1613,1,1354.568,646.3815,1303.466,730.6296
129.1663,1,1354.568,646.3815,1329.017,688.5056
129.1717,1,1354.568,646.3815,1341.792,667.4436
129.1808,1,1354.568,646.3815,1348.18,656.9126
129.1865,1,1354.568,646.3815,1351.374,651.6471
129.1949,1,1565.741,341.8169,1458.557,496.732
129.1998,1,1565.741,341.8169,1512.149,419.2744
129.2081,1,1565.741,341.8169,1538.945,380.5457
129.2127,1,1565.741,341.8169,1552.343,361.1813
129.2178,1,1679.768,181.1901,1616.056,271.1857
129.2281,1,1679.768,181.1901,1647.912,226.1879
129.2327,1,1679.768,181.1901,1663.84,203.689
129.2433,1,1679.768,181.1901,1671.804,192.4396
129.2489,1,1729.501,113.454,1700.653,152.9468
129.2647,1,1729.501,113.454,1715.077,133.2004
129.2811,1,1748.12,83.80159,1731.599,108.501
129.2964,1,1748.12,83.80159,1739.86,96.15129
129.314,1,1747.94,107.5659,1743.9,101.8586
129.3307,1,1747.94,107.5659,1745.92,104.7123
129.343,1,1751.906,100.2701,1748.913,102.4912
129.3478,1,1751.906,100.2701,1750.409,101.3807
129.3539,1,1751.906,100.2701,1751.158,100.8254
129.3585,1,1751.906,100.2701,1751.532,100.5478
129.3726,1,1751.906,100.2701,1751.719,100.4089
129.3817,1,1751.906,100.2701,1751.813,100.3395
129.3884,1,1751.906,100.2701,1751.859,100.3048
129.3977,1,1751.906,100.2701,1751.883,100.2875
129.4025,1,1751.906,100.2701,1751.894,100.2788
129.4108,1,1751.906,100.2701,1751.9,100.2745
129.4158,1,1751.906,100.2701,1751.903,100.2723
129.4211,1,1751.906,100.2701,1751.905,100.2712
129.4288,1,1751.906,100.2701,1751.905,100.2707
129.4334,1,1751.906,100.2701,1751.906,100.2704
129.4388,1,1751.906,100.2701,1751.906,100.2703
129.447,1,1751.906,100.2701,1751.906,100.2702
129.4522,1,1751.906,100.2701,1751.906,100.2702
129.4605,1,1751.906,100.2701,1751.906,100.2701
129.4647,1,1751.906,100.2701,1751.906,100.2701
129.4774,1,1751.906,100.2701,1751.906,100.2701
129.4825,1,1751.906,100.2701,1751.906,100.2701
129.499,1,1751.906,100.2701,1751.906,100.2701
129.5154,1,1751.906,100.2701,1751.906,100.2701
129.5347,1,1751.906,100.2701,1751.906,100.2701
129.5552,1,1751.906,100.2701,1751.906,100.2701
129.5698,1,1751.906,100.2701,1751.906,100.2701
129.588,1,1751.906,100.2701,1751.906,100.2701
129.6036,1,1751.906,100.2701,1751.906,100.2701
129.6226,1,1751.906,100.2701,1751.906,100.2701
129.6527,1,1751.906,100.2701,1751.906,100.2701
129.688,1,719.1838,79.4262,1235.545,89.84816
129.7124,1,618.547,75.93412,927.046,82.89114
129.7298,1,512.3837,67.82